frame_name,split,bbox_id,quality_flag,n_poly_pts
frame_00001,train,0,usable,8
frame_00001,train,1,usable,6
frame_00001,train,2,low_conf,4
frame_00001,train,3,low_conf,6
frame_00001,train,4,usable,7
frame_00001,train,5,usable,6
frame_00002,train,0,usable,6
frame_00002,train,1,low_conf,4
frame_00002,train,2,low_conf,6
frame_00002,train,3,usable,7
frame_00002,train,4,usable,6
frame_00002,train,5,low_conf,6
frame_00003,train,0,usable,6
frame_00003,train,1,low_conf,4
frame_00003,train,2,low_conf,4
frame_00003,train,3,usable,8
frame_00003,train,4,usable,7
frame_00003,train,5,low_conf,5
frame_00004,train,0,usable,6
frame_00004,train,1,usable,7
frame_00004,train,2,low_conf,5
frame_00004,train,3,low_conf,4
frame_00004,train,4,usable,6
frame_00004,train,5,usable,6
frame_00004,train,6,low_conf,5
frame_00005,train,0,usable,6
frame_00005,train,1,low_conf,6
frame_00005,train,2,low_conf,6
frame_00005,train,3,low_conf,5
frame_00005,train,4,usable,5
frame_00005,train,5,usable,6
frame_00006,train,0,usable,4
frame_00006,train,1,low_conf,6
frame_00006,train,2,low_conf,5
frame_00006,train,3,usable,6
frame_00006,train,4,usable,7
frame_00007,train,0,usable,5
frame_00007,train,1,low_conf,6
frame_00007,train,2,low_conf,7
frame_00007,train,3,usable,5
frame_00007,train,4,usable,7
frame_00008,train,0,low_conf,4
frame_00008,train,1,low_conf,6
frame_00008,train,2,usable,6
frame_00008,train,3,low_conf,6
frame_00008,train,4,usable,5
frame_00008,train,5,usable,6
frame_00008,train,6,low_conf,5
frame_00009,train,0,usable,5
frame_00009,train,1,low_conf,6
frame_00009,train,2,low_conf,5
frame_00009,train,3,usable,6
frame_00009,train,4,low_conf,6
frame_00010,train,0,low_conf,5
frame_00010,train,1,low_conf,6
frame_00010,train,2,low_conf,4
frame_00010,train,3,low_conf,5
frame_00010,train,4,usable,6
frame_00010,train,5,usable,7
frame_00010,train,6,low_conf,6
frame_00011,train,0,low_conf,4
frame_00011,train,1,low_conf,6
frame_00011,train,2,low_conf,4
frame_00011,train,3,low_conf,4
frame_00011,train,4,usable,8
frame_00011,train,5,usable,7
frame_00011,train,6,low_conf,5
frame_00012,train,0,low_conf,5
frame_00012,train,1,low_conf,5
frame_00012,train,2,low_conf,5
frame_00012,train,3,usable,6
frame_00012,train,4,usable,6
frame_00012,train,5,low_conf,5
frame_00015,train,0,low_conf,6
frame_00015,train,1,low_conf,4
frame_00015,train,2,low_conf,6
frame_00015,train,3,low_conf,4
frame_00015,train,4,usable,6
frame_00015,train,5,usable,6
frame_00015,train,6,low_conf,4
frame_00016,train,0,low_conf,5
frame_00016,train,1,usable,6
frame_00016,train,2,usable,6
frame_00016,train,3,low_conf,4
frame_00017,train,0,usable,6
frame_00017,train,1,low_conf,5
frame_00017,train,2,usable,6
frame_00017,train,3,usable,7
frame_00017,train,4,low_conf,4
frame_00018,train,0,low_conf,6
frame_00018,train,1,low_conf,5
frame_00018,train,2,usable,7
frame_00018,train,3,low_conf,5
frame_00018,train,4,usable,7
frame_00018,train,5,usable,7
frame_00018,train,6,low_conf,4
frame_00019,train,0,low_conf,4
frame_00019,train,1,low_conf,5
frame_00019,train,2,low_conf,4
frame_00019,train,3,usable,7
frame_00019,train,4,usable,7
frame_00019,train,5,low_conf,4
frame_00020,train,0,low_conf,6
frame_00020,train,1,low_conf,5
frame_00020,train,2,low_conf,6
frame_00020,train,3,usable,6
frame_00020,train,4,usable,6
frame_00020,train,5,low_conf,4
frame_00022,train,0,low_conf,4
frame_00022,train,1,low_conf,4
frame_00022,train,2,low_conf,7
frame_00022,train,3,low_conf,5
frame_00022,train,4,low_conf,4
frame_00022,train,5,usable,7
frame_00022,train,6,usable,7
frame_00022,train,7,low_conf,5
frame_00024,train,0,low_conf,6
frame_00024,train,1,low_conf,6
frame_00024,train,2,low_conf,6
frame_00024,train,3,low_conf,6
frame_00024,train,4,usable,7
frame_00024,train,5,usable,7
frame_00024,train,6,low_conf,5
frame_00025,train,0,low_conf,6
frame_00025,train,1,low_conf,6
frame_00025,train,2,low_conf,5
frame_00025,train,3,usable,7
frame_00025,train,4,low_conf,6
frame_00025,train,5,usable,7
frame_00025,train,6,usable,7
frame_00025,train,7,low_conf,6
frame_00027,train,0,low_conf,5
frame_00027,train,1,low_conf,4
frame_00027,train,2,usable,7
frame_00027,train,3,low_conf,4
frame_00027,train,4,usable,6
frame_00027,train,5,usable,7
frame_00027,train,6,low_conf,6
frame_00028,train,0,low_conf,5
frame_00028,train,1,low_conf,4
frame_00028,train,2,usable,5
frame_00028,train,3,usable,6
frame_00028,train,4,low_conf,4
frame_00028,train,5,usable,5
frame_00028,train,6,usable,6
frame_00028,train,7,usable,6
frame_00029,train,0,low_conf,6
frame_00029,train,1,low_conf,6
frame_00029,train,2,low_conf,4
frame_00029,train,3,usable,6
frame_00029,train,4,good,7
frame_00029,train,5,usable,6
frame_00030,train,0,usable,6
frame_00030,train,1,low_conf,6
frame_00030,train,2,low_conf,5
frame_00030,train,3,usable,6
frame_00030,train,4,good,6
frame_00030,train,5,low_conf,5
frame_00031,train,0,usable,5
frame_00031,train,1,usable,6
frame_00031,train,2,usable,5
frame_00031,train,3,low_conf,6
frame_00031,train,4,usable,5
frame_00031,train,5,usable,6
frame_00031,train,6,usable,7
frame_00032,train,0,low_conf,6
frame_00032,train,1,usable,6
frame_00032,train,2,low_conf,5
frame_00032,train,3,low_conf,6
frame_00032,train,4,usable,6
frame_00032,train,5,good,6
frame_00032,train,6,usable,6
frame_00033,train,0,low_conf,4
frame_00033,train,1,low_conf,5
frame_00033,train,2,usable,6
frame_00033,train,3,low_conf,4
frame_00033,train,4,usable,6
frame_00033,train,5,usable,6
frame_00033,train,6,usable,6
frame_00034,train,0,usable,4
frame_00034,train,1,low_conf,4
frame_00034,train,2,low_conf,5
frame_00034,train,3,low_conf,4
frame_00034,train,4,usable,6
frame_00034,train,5,good,7
frame_00034,train,6,usable,5
frame_00035,train,0,usable,4
frame_00035,train,1,low_conf,5
frame_00035,train,2,usable,5
frame_00035,train,3,low_conf,6
frame_00035,train,4,usable,6
frame_00035,train,5,good,6
frame_00035,train,6,usable,6
frame_00037,train,0,low_conf,6
frame_00037,train,1,low_conf,5
frame_00037,train,2,low_conf,6
frame_00037,train,3,usable,8
frame_00037,train,4,good,6
frame_00037,train,5,usable,6
frame_00038,train,0,low_conf,6
frame_00038,train,1,usable,5
frame_00038,train,2,low_conf,6
frame_00038,train,3,usable,5
frame_00038,train,4,usable,6
frame_00039,train,0,low_conf,6
frame_00039,train,1,low_conf,4
frame_00039,train,2,usable,6
frame_00039,train,3,low_conf,4
frame_00039,train,4,good,6
frame_00039,train,5,usable,6
frame_00039,train,6,usable,7
frame_00040,train,0,low_conf,4
frame_00040,train,1,usable,7
frame_00040,train,2,low_conf,4
frame_00040,train,3,usable,6
frame_00040,train,4,usable,6
frame_00040,train,5,usable,6
frame_00041,train,0,low_conf,4
frame_00041,train,1,usable,7
frame_00041,train,2,low_conf,6
frame_00041,train,3,usable,5
frame_00041,train,4,usable,6
frame_00041,train,5,usable,6
frame_00042,train,0,low_conf,6
frame_00042,train,1,usable,6
frame_00042,train,2,low_conf,5
frame_00042,train,3,usable,5
frame_00042,train,4,good,6
frame_00042,train,5,usable,5
frame_00045,train,0,low_conf,6
frame_00045,train,1,usable,6
frame_00045,train,2,low_conf,4
frame_00045,train,3,good,7
frame_00045,train,4,usable,6
frame_00045,train,5,usable,6
frame_00046,train,0,low_conf,4
frame_00046,train,1,usable,6
frame_00046,train,2,low_conf,4
frame_00046,train,3,good,6
frame_00046,train,4,usable,6
frame_00046,train,5,usable,5
frame_00047,train,0,low_conf,4
frame_00047,train,1,usable,6
frame_00047,train,2,low_conf,4
frame_00047,train,3,usable,6
frame_00047,train,4,usable,7
frame_00047,train,5,usable,6
frame_00048,train,0,low_conf,4
frame_00048,train,1,usable,7
frame_00048,train,2,low_conf,4
frame_00048,train,3,usable,6
frame_00048,train,4,usable,6
frame_00048,train,5,low_conf,5
frame_00049,train,0,low_conf,6
frame_00049,train,1,usable,8
frame_00049,train,2,low_conf,7
frame_00049,train,3,good,5
frame_00049,train,4,usable,7
frame_00049,train,5,usable,6
frame_00050,train,0,low_conf,7
frame_00050,train,1,usable,7
frame_00050,train,2,low_conf,5
frame_00050,train,3,good,6
frame_00050,train,4,usable,7
frame_00050,train,5,usable,6
frame_00051,train,0,low_conf,8
frame_00051,train,1,usable,6
frame_00051,train,2,low_conf,6
frame_00051,train,3,usable,5
frame_00051,train,4,usable,6
frame_00052,train,0,low_conf,4
frame_00052,train,1,usable,7
frame_00052,train,2,low_conf,4
frame_00052,train,3,usable,6
frame_00052,train,4,usable,6
frame_00053,train,0,low_conf,5
frame_00053,train,1,usable,6
frame_00053,train,2,low_conf,4
frame_00053,train,3,usable,6
frame_00053,train,4,usable,7
frame_00054,train,0,low_conf,6
frame_00054,train,1,usable,8
frame_00054,train,2,low_conf,5
frame_00054,train,3,usable,6
frame_00054,train,4,low_conf,5
frame_00054,train,5,usable,6
frame_00055,train,0,low_conf,4
frame_00055,train,1,usable,8
frame_00055,train,2,low_conf,5
frame_00055,train,3,usable,7
frame_00055,train,4,usable,6
frame_00056,train,0,usable,7
frame_00056,train,1,low_conf,4
frame_00056,train,2,usable,6
frame_00056,train,3,low_conf,5
frame_00056,train,4,usable,7
frame_00056,train,5,usable,6
frame_00058,train,0,low_conf,6
frame_00058,train,1,usable,7
frame_00058,train,2,low_conf,6
frame_00058,train,3,usable,6
frame_00058,train,4,low_conf,6
frame_00058,train,5,usable,6
frame_00059,train,0,low_conf,4
frame_00059,train,1,usable,6
frame_00059,train,2,low_conf,4
frame_00059,train,3,usable,7
frame_00059,train,4,usable,6
frame_00060,train,0,low_conf,5
frame_00060,train,1,usable,6
frame_00060,train,2,low_conf,4
frame_00060,train,3,usable,6
frame_00060,train,4,low_conf,6
frame_00060,train,5,usable,5
frame_00061,train,0,usable,6
frame_00061,train,1,low_conf,5
frame_00061,train,2,usable,7
frame_00061,train,3,low_conf,4
frame_00061,train,4,usable,6
frame_00061,train,5,low_conf,4
frame_00061,train,6,usable,6
frame_00062,train,0,low_conf,6
frame_00062,train,1,usable,6
frame_00062,train,2,low_conf,4
frame_00062,train,3,usable,6
frame_00062,train,4,low_conf,4
frame_00062,train,5,usable,5
frame_00063,train,0,low_conf,4
frame_00063,train,1,usable,6
frame_00063,train,2,low_conf,6
frame_00063,train,3,usable,6
frame_00063,train,4,low_conf,5
frame_00063,train,5,usable,6
frame_00064,train,0,low_conf,5
frame_00064,train,1,usable,7
frame_00064,train,2,low_conf,6
frame_00064,train,3,usable,6
frame_00064,train,4,low_conf,6
frame_00064,train,5,usable,7
frame_00065,train,0,low_conf,6
frame_00065,train,1,usable,6
frame_00065,train,2,low_conf,4
frame_00065,train,3,usable,8
frame_00065,train,4,low_conf,5
frame_00065,train,5,usable,7
frame_00066,train,0,low_conf,4
frame_00066,train,1,usable,5
frame_00066,train,2,low_conf,5
frame_00066,train,3,usable,6
frame_00066,train,4,low_conf,5
frame_00066,train,5,usable,7
frame_00067,train,0,low_conf,5
frame_00067,train,1,usable,7
frame_00067,train,2,usable,6
frame_00067,train,3,low_conf,4
frame_00067,train,4,usable,6
frame_00067,train,5,usable,6
frame_00068,train,0,low_conf,5
frame_00068,train,1,usable,6
frame_00068,train,2,low_conf,4
frame_00068,train,3,usable,6
frame_00068,train,4,low_conf,6
frame_00068,train,5,usable,6
frame_00072,train,0,low_conf,4
frame_00072,train,1,usable,5
frame_00072,train,2,low_conf,7
frame_00072,train,3,usable,6
frame_00072,train,4,low_conf,4
frame_00072,train,5,usable,5
frame_00073,train,0,low_conf,4
frame_00073,train,1,low_conf,6
frame_00073,train,2,low_conf,5
frame_00073,train,3,usable,6
frame_00073,train,4,low_conf,4
frame_00073,train,5,usable,7
frame_00074,train,0,low_conf,4
frame_00074,train,1,usable,7
frame_00074,train,2,usable,6
frame_00074,train,3,low_conf,5
frame_00074,train,4,usable,6
frame_00074,train,5,low_conf,5
frame_00074,train,6,usable,6
frame_00075,train,0,low_conf,7
frame_00075,train,1,usable,7
frame_00075,train,2,low_conf,4
frame_00075,train,3,usable,6
frame_00075,train,4,low_conf,5
frame_00075,train,5,usable,6
frame_00076,train,0,low_conf,7
frame_00076,train,1,low_conf,4
frame_00076,train,2,low_conf,6
frame_00076,train,3,usable,6
frame_00076,train,4,low_conf,6
frame_00076,train,5,usable,5
frame_00077,train,0,low_conf,7
frame_00077,train,1,usable,6
frame_00077,train,2,low_conf,5
frame_00077,train,3,usable,6
frame_00077,train,4,low_conf,6
frame_00077,train,5,usable,5
frame_00078,train,0,low_conf,7
frame_00078,train,1,usable,6
frame_00078,train,2,low_conf,5
frame_00078,train,3,usable,6
frame_00078,train,4,low_conf,6
frame_00078,train,5,usable,6
frame_00079,train,0,usable,7
frame_00079,train,1,low_conf,5
frame_00079,train,2,low_conf,8
frame_00079,train,3,usable,7
frame_00079,train,4,low_conf,6
frame_00079,train,5,usable,6
frame_00079,train,6,low_conf,4
frame_00079,train,7,usable,5
frame_00080,train,0,low_conf,4
frame_00080,train,1,low_conf,6
frame_00080,train,2,low_conf,6
frame_00080,train,3,usable,6
frame_00080,train,4,low_conf,5
frame_00080,train,5,usable,7
frame_00081,train,0,low_conf,4
frame_00081,train,1,low_conf,6
frame_00081,train,2,low_conf,5
frame_00081,train,3,usable,6
frame_00081,train,4,low_conf,5
frame_00081,train,5,usable,6
frame_00083,train,0,usable,6
frame_00083,train,1,low_conf,6
frame_00083,train,2,low_conf,4
frame_00083,train,3,low_conf,4
frame_00083,train,4,usable,6
frame_00083,train,5,usable,6
frame_00083,train,6,usable,6
frame_00084,train,0,usable,6
frame_00084,train,1,low_conf,7
frame_00084,train,2,low_conf,4
frame_00084,train,3,good,5
frame_00084,train,4,low_conf,4
frame_00084,train,5,good,6
frame_00084,train,6,usable,6
frame_00085,train,0,low_conf,7
frame_00085,train,1,usable,5
frame_00085,train,2,low_conf,6
frame_00085,train,3,usable,6
frame_00085,train,4,usable,6
frame_00088,train,0,usable,7
frame_00088,train,1,low_conf,4
frame_00088,train,2,low_conf,5
frame_00088,train,3,good,6
frame_00088,train,4,low_conf,6
frame_00088,train,5,good,6
frame_00088,train,6,usable,5
frame_00089,train,0,usable,7
frame_00089,train,1,low_conf,6
frame_00089,train,2,usable,7
frame_00089,train,3,low_conf,4
frame_00089,train,4,good,7
frame_00089,train,5,low_conf,5
frame_00089,train,6,usable,6
frame_00090,train,0,low_conf,6
frame_00090,train,1,usable,7
frame_00090,train,2,low_conf,4
frame_00090,train,3,usable,6
frame_00090,train,4,usable,7
frame_00091,train,0,low_conf,4
frame_00091,train,1,usable,6
frame_00091,train,2,good,7
frame_00091,train,3,low_conf,4
frame_00091,train,4,usable,6
frame_00091,train,5,usable,7
frame_00092,train,0,low_conf,6
frame_00092,train,1,low_conf,7
frame_00092,train,2,low_conf,6
frame_00092,train,3,usable,6
frame_00092,train,4,usable,7
frame_00094,train,0,usable,7
frame_00094,train,1,low_conf,6
frame_00094,train,2,low_conf,6
frame_00094,train,3,usable,6
frame_00094,train,4,usable,7
frame_00095,train,0,low_conf,4
frame_00095,train,1,usable,6
frame_00095,train,2,low_conf,5
frame_00095,train,3,usable,7
frame_00095,train,4,usable,5
frame_00096,train,0,usable,7
frame_00096,train,1,low_conf,6
frame_00096,train,2,usable,6
frame_00096,train,3,low_conf,4
frame_00096,train,4,usable,6
frame_00096,train,5,usable,6
frame_00097,train,0,low_conf,6
frame_00097,train,1,low_conf,5
frame_00097,train,2,usable,6
frame_00097,train,3,usable,7
frame_00101,train,0,low_conf,4
frame_00101,train,1,low_conf,4
frame_00101,train,2,low_conf,7
frame_00101,train,3,low_conf,7
frame_00101,train,4,usable,6
frame_00101,train,5,low_conf,5
frame_00101,train,6,usable,6
frame_00102,train,0,low_conf,4
frame_00102,train,1,low_conf,5
frame_00102,train,2,low_conf,6
frame_00102,train,3,usable,6
frame_00102,train,4,low_conf,5
frame_00102,train,5,usable,6
frame_00103,train,0,low_conf,4
frame_00103,train,1,low_conf,6
frame_00103,train,2,usable,6
frame_00103,train,3,usable,6
frame_00103,train,4,low_conf,4
frame_00103,train,5,usable,6
frame_00103,train,6,low_conf,5
frame_00103,train,7,usable,5
frame_00104,train,0,low_conf,7
frame_00104,train,1,usable,6
frame_00104,train,2,usable,6
frame_00104,train,3,low_conf,4
frame_00104,train,4,good,6
frame_00104,train,5,low_conf,5
frame_00104,train,6,usable,6
frame_00105,train,0,low_conf,5
frame_00105,train,1,low_conf,5
frame_00105,train,2,low_conf,5
frame_00105,train,3,low_conf,4
frame_00105,train,4,usable,6
frame_00105,train,5,low_conf,5
frame_00105,train,6,usable,6
frame_00106,train,0,low_conf,5
frame_00106,train,1,usable,6
frame_00106,train,2,low_conf,5
frame_00106,train,3,usable,6
frame_00106,train,4,low_conf,6
frame_00106,train,5,usable,6
frame_00109,train,0,low_conf,6
frame_00109,train,1,low_conf,4
frame_00109,train,2,low_conf,6
frame_00109,train,3,good,7
frame_00109,train,4,low_conf,5
frame_00109,train,5,usable,6
frame_00110,train,0,usable,6
frame_00110,train,1,low_conf,4
frame_00110,train,2,usable,5
frame_00110,train,3,usable,7
frame_00110,train,4,low_conf,4
frame_00110,train,5,usable,7
frame_00110,train,6,low_conf,6
frame_00110,train,7,usable,8
frame_00110,train,8,usable,5
frame_00111,train,0,low_conf,4
frame_00111,train,1,low_conf,4
frame_00111,train,2,low_conf,4
frame_00111,train,3,usable,8
frame_00111,train,4,low_conf,6
frame_00111,train,5,usable,6
frame_00113,train,0,low_conf,6
frame_00113,train,1,low_conf,4
frame_00113,train,2,usable,7
frame_00113,train,3,low_conf,5
frame_00113,train,4,good,7
frame_00113,train,5,low_conf,5
frame_00113,train,6,low_conf,4
frame_00113,train,7,usable,6
frame_00114,train,0,usable,6
frame_00114,train,1,low_conf,4
frame_00114,train,2,usable,9
frame_00114,train,3,usable,6
frame_00114,train,4,low_conf,6
frame_00114,train,5,good,6
frame_00114,train,6,usable,6
frame_00114,train,7,low_conf,4
frame_00114,train,8,usable,7
frame_00115,train,0,low_conf,4
frame_00115,train,1,low_conf,5
frame_00115,train,2,usable,7
frame_00115,train,3,low_conf,6
frame_00115,train,4,usable,7
frame_00115,train,5,usable,7
frame_00115,train,6,usable,6
frame_00116,train,0,low_conf,5
frame_00116,train,1,low_conf,5
frame_00116,train,2,usable,8
frame_00116,train,3,low_conf,5
frame_00116,train,4,usable,5
frame_00116,train,5,usable,6
frame_00116,train,6,usable,5
frame_00117,train,0,low_conf,4
frame_00117,train,1,low_conf,5
frame_00117,train,2,usable,6
frame_00117,train,3,low_conf,5
frame_00117,train,4,usable,6
frame_00117,train,5,low_conf,5
frame_00117,train,6,usable,5
frame_00118,train,0,low_conf,5
frame_00118,train,1,usable,6
frame_00118,train,2,usable,8
frame_00118,train,3,usable,6
frame_00118,train,4,low_conf,5
frame_00118,train,5,usable,6
frame_00118,train,6,usable,6
frame_00118,train,7,usable,6
frame_00118,train,8,usable,6
frame_00119,train,0,low_conf,6
frame_00119,train,1,low_conf,6
frame_00119,train,2,usable,5
frame_00119,train,3,low_conf,4
frame_00119,train,4,good,7
frame_00119,train,5,usable,6
frame_00119,train,6,usable,6
frame_00119,train,7,usable,5
frame_00120,train,0,low_conf,6
frame_00120,train,1,low_conf,6
frame_00120,train,2,usable,7
frame_00120,train,3,low_conf,5
frame_00120,train,4,usable,6
frame_00120,train,5,usable,6
frame_00120,train,6,usable,6
frame_00120,train,7,usable,5
frame_00121,train,0,low_conf,5
frame_00121,train,1,low_conf,5
frame_00121,train,2,usable,6
frame_00121,train,3,low_conf,4
frame_00121,train,4,usable,7
frame_00121,train,5,usable,5
frame_00121,train,6,usable,6
frame_00121,train,7,usable,7
frame_00122,train,0,low_conf,5
frame_00122,train,1,low_conf,4
frame_00122,train,2,usable,7
frame_00122,train,3,low_conf,4
frame_00122,train,4,usable,8
frame_00122,train,5,usable,5
frame_00122,train,6,usable,7
frame_00122,train,7,usable,6
frame_00124,train,0,usable,5
frame_00124,train,1,low_conf,5
frame_00124,train,2,usable,6
frame_00124,train,3,low_conf,6
frame_00124,train,4,good,7
frame_00124,train,5,usable,6
frame_00124,train,6,usable,6
frame_00124,train,7,usable,6
frame_00125,train,0,usable,6
frame_00125,train,1,low_conf,5
frame_00125,train,2,low_conf,6
frame_00125,train,3,good,6
frame_00125,train,4,usable,6
frame_00125,train,5,usable,7
frame_00125,train,6,usable,6
frame_00126,train,0,usable,5
frame_00126,train,1,usable,6
frame_00126,train,2,low_conf,6
frame_00126,train,3,good,6
frame_00126,train,4,usable,6
frame_00126,train,5,usable,6
frame_00126,train,6,usable,5
frame_00127,train,0,usable,7
frame_00127,train,1,low_conf,4
frame_00127,train,2,usable,6
frame_00127,train,3,low_conf,4
frame_00127,train,4,good,7
frame_00127,train,5,usable,4
frame_00127,train,6,usable,6
frame_00127,train,7,usable,6
frame_00128,train,0,usable,6
frame_00128,train,1,low_conf,6
frame_00128,train,2,usable,6
frame_00128,train,3,low_conf,5
frame_00128,train,4,good,6
frame_00128,train,5,usable,6
frame_00128,train,6,usable,6
frame_00128,train,7,usable,6
frame_00129,train,0,low_conf,6
frame_00129,train,1,low_conf,5
frame_00129,train,2,low_conf,6
frame_00129,train,3,good,6
frame_00129,train,4,usable,5
frame_00129,train,5,usable,6
frame_00129,train,6,usable,6
frame_00131,train,0,usable,6
frame_00131,train,1,low_conf,4
frame_00131,train,2,low_conf,6
frame_00131,train,3,good,6
frame_00131,train,4,usable,6
frame_00131,train,5,good,6
frame_00131,train,6,usable,6
frame_00132,train,0,usable,6
frame_00132,train,1,low_conf,5
frame_00132,train,2,usable,6
frame_00132,train,3,low_conf,7
frame_00132,train,4,good,6
frame_00132,train,5,usable,7
frame_00132,train,6,usable,6
frame_00132,train,7,usable,6
frame_00133,train,0,usable,6
frame_00133,train,1,low_conf,6
frame_00133,train,2,good,6
frame_00133,train,3,usable,5
frame_00133,train,4,good,6
frame_00133,train,5,usable,5
frame_00134,train,0,usable,6
frame_00134,train,1,usable,6
frame_00134,train,2,low_conf,4
frame_00134,train,3,good,6
frame_00134,train,4,usable,7
frame_00134,train,5,good,6
frame_00134,train,6,usable,5
frame_00135,train,0,usable,6
frame_00135,train,1,usable,6
frame_00135,train,2,usable,6
frame_00135,train,3,low_conf,4
frame_00135,train,4,good,6
frame_00135,train,5,usable,6
frame_00135,train,6,usable,6
frame_00135,train,7,usable,6
frame_00136,train,0,usable,8
frame_00136,train,1,low_conf,4
frame_00136,train,2,low_conf,4
frame_00136,train,3,good,7
frame_00136,train,4,usable,6
frame_00136,train,5,good,6
frame_00136,train,6,usable,6
frame_00137,train,0,usable,6
frame_00137,train,1,low_conf,4
frame_00137,train,2,usable,6
frame_00137,train,3,low_conf,6
frame_00137,train,4,good,6
frame_00137,train,5,usable,7
frame_00137,train,6,usable,6
frame_00137,train,7,usable,6
frame_00138,train,0,usable,7
frame_00138,train,1,low_conf,4
frame_00138,train,2,low_conf,6
frame_00138,train,3,good,6
frame_00138,train,4,usable,6
frame_00138,train,5,usable,6
frame_00138,train,6,usable,6
frame_00142,train,0,low_conf,5
frame_00142,train,1,low_conf,5
frame_00142,train,2,usable,6
frame_00142,train,3,low_conf,6
frame_00142,train,4,good,6
frame_00142,train,5,usable,6
frame_00142,train,6,usable,6
frame_00142,train,7,usable,6
frame_00143,train,0,usable,6
frame_00143,train,1,usable,6
frame_00143,train,2,low_conf,4
frame_00143,train,3,good,7
frame_00143,train,4,usable,6
frame_00143,train,5,usable,8
frame_00143,train,6,usable,6
frame_00144,train,0,usable,7
frame_00144,train,1,low_conf,6
frame_00144,train,2,low_conf,4
frame_00144,train,3,good,6
frame_00144,train,4,low_conf,6
frame_00144,train,5,good,6
frame_00144,train,6,usable,6
frame_00145,train,0,usable,7
frame_00145,train,1,low_conf,6
frame_00145,train,2,good,7
frame_00145,train,3,low_conf,4
frame_00145,train,4,usable,6
frame_00145,train,5,good,7
frame_00145,train,6,usable,5
frame_00146,train,0,low_conf,4
frame_00146,train,1,low_conf,7
frame_00146,train,2,usable,7
frame_00146,train,3,good,6
frame_00146,train,4,low_conf,4
frame_00146,train,5,usable,6
frame_00146,train,6,good,7
frame_00146,train,7,usable,7
frame_00147,train,0,usable,6
frame_00147,train,1,usable,7
frame_00147,train,2,good,6
frame_00147,train,3,low_conf,5
frame_00147,train,4,usable,5
frame_00147,train,5,good,7
frame_00147,train,6,usable,6
frame_00148,train,0,usable,7
frame_00148,train,1,low_conf,6
frame_00148,train,2,usable,6
frame_00148,train,3,low_conf,7
frame_00148,train,4,good,6
frame_00148,train,5,low_conf,6
frame_00148,train,6,usable,6
frame_00148,train,7,usable,6
frame_00149,train,0,usable,6
frame_00149,train,1,low_conf,5
frame_00149,train,2,good,6
frame_00149,train,3,usable,6
frame_00149,train,4,usable,7
frame_00149,train,5,usable,6
frame_00151,train,0,usable,6
frame_00151,train,1,usable,5
frame_00151,train,2,good,7
frame_00151,train,3,low_conf,4
frame_00151,train,4,usable,6
frame_00151,train,5,usable,6
frame_00153,train,0,usable,6
frame_00153,train,1,low_conf,4
frame_00153,train,2,usable,7
frame_00153,train,3,good,6
frame_00153,train,4,usable,7
frame_00153,train,5,usable,6
frame_00153,train,6,usable,7
frame_00154,train,0,usable,7
frame_00154,train,1,low_conf,5
frame_00154,train,2,low_conf,6
frame_00154,train,3,good,6
frame_00154,train,4,low_conf,6
frame_00154,train,5,usable,6
frame_00154,train,6,usable,6
frame_00155,train,0,low_conf,5
frame_00155,train,1,low_conf,5
frame_00155,train,2,low_conf,6
frame_00155,train,3,good,7
frame_00155,train,4,low_conf,5
frame_00155,train,5,low_conf,5
frame_00155,train,6,good,6
frame_00155,train,7,usable,6
frame_00156,train,0,low_conf,6
frame_00156,train,1,usable,7
frame_00156,train,2,good,8
frame_00156,train,3,low_conf,6
frame_00156,train,4,usable,6
frame_00156,train,5,good,6
frame_00156,train,6,low_conf,5
frame_00157,train,0,usable,6
frame_00157,train,1,low_conf,8
frame_00157,train,2,usable,6
frame_00157,train,3,low_conf,6
frame_00157,train,4,good,6
frame_00157,train,5,low_conf,4
frame_00157,train,6,good,6
frame_00157,train,7,low_conf,6
frame_00158,train,0,usable,6
frame_00158,train,1,low_conf,8
frame_00158,train,2,good,7
frame_00158,train,3,low_conf,4
frame_00158,train,4,usable,6
frame_00158,train,5,usable,6
frame_00158,train,6,low_conf,4
frame_00159,train,0,usable,6
frame_00159,train,1,low_conf,5
frame_00159,train,2,usable,6
frame_00159,train,3,low_conf,6
frame_00159,train,4,good,8
frame_00159,train,5,low_conf,4
frame_00159,train,6,usable,6
frame_00159,train,7,usable,6
frame_00163,train,0,usable,6
frame_00163,train,1,low_conf,4
frame_00163,train,2,usable,6
frame_00163,train,3,low_conf,4
frame_00163,train,4,good,6
frame_00163,train,5,low_conf,4
frame_00163,train,6,low_conf,4
frame_00163,train,7,usable,6
frame_00164,train,0,usable,5
frame_00164,train,1,usable,6
frame_00164,train,2,good,7
frame_00164,train,3,low_conf,4
frame_00164,train,4,usable,5
frame_00164,train,5,usable,6
frame_00165,train,0,usable,6
frame_00165,train,1,low_conf,4
frame_00165,train,2,usable,7
frame_00165,train,3,good,7
frame_00165,train,4,low_conf,6
frame_00165,train,5,usable,6
frame_00165,train,6,usable,7
frame_00166,train,0,usable,6
frame_00166,train,1,low_conf,5
frame_00166,train,2,usable,6
frame_00166,train,3,good,6
frame_00166,train,4,usable,6
frame_00166,train,5,good,7
frame_00167,train,0,usable,6
frame_00167,train,1,usable,7
frame_00167,train,2,usable,7
frame_00167,train,3,good,6
frame_00167,train,4,low_conf,6
frame_00167,train,5,low_conf,6
frame_00167,train,6,good,6
frame_00168,train,0,usable,6
frame_00168,train,1,low_conf,7
frame_00168,train,2,usable,7
frame_00168,train,3,low_conf,6
frame_00168,train,4,good,6
frame_00168,train,5,low_conf,5
frame_00168,train,6,usable,6
frame_00168,train,7,usable,6
frame_00168,train,8,usable,9
frame_00170,train,0,usable,6
frame_00170,train,1,low_conf,5
frame_00170,train,2,good,7
frame_00170,train,3,good,6
frame_00170,train,4,low_conf,4
frame_00170,train,5,usable,6
frame_00170,train,6,good,6
frame_00172,train,0,usable,7
frame_00172,train,1,usable,7
frame_00172,train,2,usable,7
frame_00172,train,3,good,6
frame_00172,train,4,low_conf,4
frame_00172,train,5,usable,6
frame_00172,train,6,good,7
frame_00172,train,7,low_conf,5
frame_00173,train,0,low_conf,6
frame_00173,train,1,usable,7
frame_00173,train,2,low_conf,6
frame_00173,train,3,usable,6
frame_00173,train,4,low_conf,5
frame_00173,train,5,good,7
frame_00173,train,6,low_conf,6
frame_00174,train,0,usable,7
frame_00174,train,1,low_conf,7
frame_00174,train,2,usable,6
frame_00174,train,3,usable,6
frame_00174,train,4,low_conf,6
frame_00174,train,5,usable,6
frame_00174,train,6,good,6
frame_00175,train,0,low_conf,5
frame_00175,train,1,usable,6
frame_00175,train,2,low_conf,4
frame_00175,train,3,usable,6
frame_00175,train,4,usable,5
frame_00175,train,5,good,6
frame_00175,train,6,usable,7
frame_00176,train,0,usable,6
frame_00176,train,1,usable,6
frame_00176,train,2,usable,6
frame_00176,train,3,usable,7
frame_00176,train,4,usable,6
frame_00176,train,5,good,6
frame_00176,train,6,usable,6
frame_00177,train,0,usable,6
frame_00177,train,1,low_conf,4
frame_00177,train,2,usable,6
frame_00177,train,3,low_conf,4
frame_00177,train,4,usable,6
frame_00177,train,5,usable,7
frame_00177,train,6,good,6
frame_00177,train,7,low_conf,5
frame_00178,train,0,low_conf,4
frame_00178,train,1,usable,6
frame_00178,train,2,low_conf,4
frame_00178,train,3,usable,6
frame_00178,train,4,low_conf,4
frame_00178,train,5,usable,6
frame_00179,train,0,usable,6
frame_00179,train,1,low_conf,6
frame_00179,train,2,usable,7
frame_00179,train,3,low_conf,4
frame_00179,train,4,usable,7
frame_00179,train,5,low_conf,4
frame_00179,train,6,usable,6
frame_00180,train,0,low_conf,6
frame_00180,train,1,usable,6
frame_00180,train,2,low_conf,4
frame_00180,train,3,usable,6
frame_00180,train,4,usable,5
frame_00181,train,0,usable,6
frame_00181,train,1,low_conf,7
frame_00181,train,2,usable,6
frame_00181,train,3,usable,6
frame_00181,train,4,low_conf,5
frame_00181,train,5,low_conf,5
frame_00181,train,6,good,7
frame_00182,train,0,usable,8
frame_00182,train,1,low_conf,6
frame_00182,train,2,usable,6
frame_00182,train,3,low_conf,4
frame_00182,train,4,usable,6
frame_00182,train,5,low_conf,5
frame_00182,train,6,usable,6
frame_00182,train,7,good,6
frame_00183,train,0,low_conf,5
frame_00183,train,1,usable,6
frame_00183,train,2,low_conf,5
frame_00183,train,3,usable,6
frame_00183,train,4,usable,6
frame_00183,train,5,usable,6
frame_00184,train,0,low_conf,6
frame_00184,train,1,usable,6
frame_00184,train,2,low_conf,6
frame_00184,train,3,usable,6
frame_00184,train,4,usable,6
frame_00184,train,5,good,7
frame_00185,train,0,usable,6
frame_00185,train,1,low_conf,5
frame_00185,train,2,usable,7
frame_00185,train,3,low_conf,6
frame_00185,train,4,usable,5
frame_00185,train,5,low_conf,4
frame_00185,train,6,good,8
frame_00186,train,0,usable,6
frame_00186,train,1,low_conf,5
frame_00186,train,2,good,7
frame_00186,train,3,low_conf,6
frame_00186,train,4,usable,7
frame_00186,train,5,usable,6
frame_00186,train,6,good,8
frame_00187,train,0,low_conf,4
frame_00187,train,1,good,7
frame_00187,train,2,low_conf,6
frame_00187,train,3,usable,7
frame_00187,train,4,usable,7
frame_00187,train,5,good,8
frame_00188,train,0,low_conf,5
frame_00188,train,1,low_conf,4
frame_00188,train,2,usable,6
frame_00188,train,3,low_conf,6
frame_00188,train,4,usable,6
frame_00188,train,5,low_conf,7
frame_00188,train,6,low_conf,4
frame_00188,train,7,good,6
frame_00190,train,0,usable,6
frame_00190,train,1,low_conf,7
frame_00190,train,2,good,7
frame_00190,train,3,low_conf,7
frame_00190,train,4,good,7
frame_00190,train,5,usable,6
frame_00190,train,6,good,7
frame_00191,train,0,usable,6
frame_00191,train,1,low_conf,6
frame_00191,train,2,usable,7
frame_00191,train,3,low_conf,4
frame_00191,train,4,good,7
frame_00191,train,5,low_conf,5
frame_00191,train,6,usable,6
frame_00191,train,7,usable,7
frame_00191,train,8,low_conf,6
frame_00192,train,0,usable,6
frame_00192,train,1,low_conf,5
frame_00192,train,2,usable,7
frame_00192,train,3,usable,6
frame_00192,train,4,low_conf,5
frame_00192,train,5,usable,5
frame_00192,train,6,good,7
frame_00192,train,7,usable,6
frame_00193,train,0,usable,6
frame_00193,train,1,low_conf,5
frame_00193,train,2,usable,6
frame_00193,train,3,low_conf,7
frame_00193,train,4,usable,7
frame_00193,train,5,low_conf,6
frame_00193,train,6,usable,6
frame_00193,train,7,good,7
frame_00193,train,8,low_conf,6
frame_00194,train,0,usable,5
frame_00194,train,1,low_conf,6
frame_00194,train,2,usable,6
frame_00194,train,3,low_conf,7
frame_00194,train,4,low_conf,7
frame_00194,train,5,usable,6
frame_00194,train,6,good,7
frame_00194,train,7,usable,6
frame_00195,train,0,usable,7
frame_00195,train,1,low_conf,5
frame_00195,train,2,usable,6
frame_00195,train,3,low_conf,5
frame_00195,train,4,low_conf,6
frame_00195,train,5,usable,7
frame_00195,train,6,good,6
frame_00196,train,0,usable,6
frame_00196,train,1,low_conf,6
frame_00196,train,2,usable,7
frame_00196,train,3,low_conf,5
frame_00196,train,4,usable,5
frame_00196,train,5,low_conf,7
frame_00196,train,6,usable,5
frame_00196,train,7,good,6
frame_00197,train,0,usable,8
frame_00197,train,1,low_conf,4
frame_00197,train,2,usable,6
frame_00197,train,3,low_conf,5
frame_00197,train,4,low_conf,4
frame_00197,train,5,usable,8
frame_00197,train,6,usable,6
frame_00197,train,7,usable,7
frame_00198,train,0,usable,6
frame_00198,train,1,low_conf,4
frame_00198,train,2,usable,7
frame_00198,train,3,low_conf,4
frame_00198,train,4,low_conf,4
frame_00198,train,5,usable,6
frame_00198,train,6,usable,6
frame_00201,train,0,usable,6
frame_00201,train,1,low_conf,4
frame_00201,train,2,usable,6
frame_00201,train,3,low_conf,4
frame_00201,train,4,usable,6
frame_00201,train,5,low_conf,6
frame_00201,train,6,usable,6
frame_00201,train,7,usable,6
frame_00201,train,8,usable,6
frame_00202,train,0,usable,6
frame_00202,train,1,low_conf,6
frame_00202,train,2,usable,6
frame_00202,train,3,low_conf,4
frame_00202,train,4,usable,6
frame_00202,train,5,low_conf,5
frame_00202,train,6,usable,6
frame_00202,train,7,good,8
frame_00203,train,0,usable,6
frame_00203,train,1,low_conf,6
frame_00203,train,2,usable,6
frame_00203,train,3,low_conf,4
frame_00203,train,4,usable,6
frame_00203,train,5,low_conf,4
frame_00203,train,6,usable,4
frame_00203,train,7,usable,7
frame_00204,train,0,usable,6
frame_00204,train,1,low_conf,6
frame_00204,train,2,usable,7
frame_00204,train,3,low_conf,4
frame_00204,train,4,usable,6
frame_00204,train,5,usable,8
frame_00207,train,0,usable,6
frame_00207,train,1,usable,5
frame_00207,train,2,usable,6
frame_00207,train,3,low_conf,4
frame_00207,train,4,usable,6
frame_00207,train,5,usable,6
frame_00207,train,6,good,7
frame_00207,train,7,usable,6
frame_00208,train,0,usable,6
frame_00208,train,1,low_conf,5
frame_00208,train,2,usable,6
frame_00208,train,3,low_conf,5
frame_00208,train,4,usable,6
frame_00208,train,5,low_conf,6
frame_00208,train,6,usable,6
frame_00208,train,7,usable,7
frame_00209,train,0,low_conf,5
frame_00209,train,1,usable,6
frame_00209,train,2,usable,6
frame_00209,train,3,usable,6
frame_00209,train,4,low_conf,6
frame_00209,train,5,low_conf,6
frame_00209,train,6,usable,6
frame_00209,train,7,usable,6
frame_00210,train,0,low_conf,5
frame_00210,train,1,low_conf,6
frame_00210,train,2,usable,6
frame_00210,train,3,usable,7
frame_00210,train,4,low_conf,4
frame_00210,train,5,good,6
frame_00210,train,6,usable,7
frame_00210,train,7,usable,5
frame_00211,train,0,low_conf,6
frame_00211,train,1,usable,6
frame_00211,train,2,usable,6
frame_00211,train,3,usable,6
frame_00211,train,4,usable,6
frame_00211,train,5,low_conf,5
frame_00211,train,6,good,6
frame_00211,train,7,usable,6
frame_00211,train,8,usable,5
frame_00212,train,0,usable,7
frame_00212,train,1,usable,6
frame_00212,train,2,usable,8
frame_00212,train,3,usable,6
frame_00212,train,4,usable,6
frame_00212,train,5,low_conf,4
frame_00212,train,6,good,7
frame_00212,train,7,low_conf,5
frame_00213,train,0,usable,6
frame_00213,train,1,usable,6
frame_00213,train,2,usable,6
frame_00213,train,3,usable,7
frame_00213,train,4,usable,6
frame_00213,train,5,low_conf,5
frame_00213,train,6,usable,6
frame_00213,train,7,usable,6
frame_00213,train,8,usable,6
frame_00214,train,0,usable,6
frame_00214,train,1,usable,6
frame_00214,train,2,usable,6
frame_00214,train,3,usable,6
frame_00214,train,4,good,6
frame_00214,train,5,low_conf,6
frame_00214,train,6,usable,7
frame_00214,train,7,low_conf,6
frame_00215,train,0,usable,6
frame_00215,train,1,low_conf,6
frame_00215,train,2,usable,6
frame_00215,train,3,usable,6
frame_00215,train,4,low_conf,5
frame_00215,train,5,good,6
frame_00215,train,6,low_conf,5
frame_00216,train,0,low_conf,5
frame_00216,train,1,low_conf,5
frame_00216,train,2,usable,6
frame_00216,train,3,usable,6
frame_00216,train,4,low_conf,5
frame_00216,train,5,good,7
frame_00216,train,6,low_conf,4
frame_00219,train,0,usable,6
frame_00219,train,1,low_conf,6
frame_00219,train,2,low_conf,6
frame_00219,train,3,usable,6
frame_00219,train,4,good,6
frame_00219,train,5,low_conf,4
frame_00219,train,6,usable,8
frame_00219,train,7,low_conf,6
frame_00220,train,0,usable,7
frame_00220,train,1,low_conf,6
frame_00220,train,2,low_conf,5
frame_00220,train,3,usable,6
frame_00220,train,4,usable,6
frame_00220,train,5,usable,8
frame_00220,train,6,low_conf,5
frame_00221,train,0,low_conf,4
frame_00221,train,1,low_conf,5
frame_00221,train,2,usable,7
frame_00221,train,3,usable,6
frame_00221,train,4,usable,7
frame_00221,train,5,low_conf,6
frame_00222,train,0,usable,6
frame_00222,train,1,low_conf,5
frame_00222,train,2,usable,6
frame_00222,train,3,usable,6
frame_00222,train,4,usable,8
frame_00222,train,5,low_conf,6
frame_00222,train,6,low_conf,5
frame_00222,train,7,low_conf,6
frame_00224,train,0,low_conf,6
frame_00224,train,1,low_conf,6
frame_00224,train,2,usable,7
frame_00224,train,3,usable,5
frame_00224,train,4,low_conf,4
frame_00224,train,5,usable,6
frame_00225,train,0,usable,5
frame_00225,train,1,usable,6
frame_00225,train,2,low_conf,5
frame_00225,train,3,usable,7
frame_00225,train,4,usable,6
frame_00225,train,5,low_conf,4
frame_00225,train,6,usable,7
frame_00226,train,0,usable,6
frame_00226,train,1,low_conf,7
frame_00226,train,2,low_conf,4
frame_00226,train,3,usable,6
frame_00226,train,4,usable,7
frame_00226,train,5,low_conf,6
frame_00226,train,6,usable,7
frame_00226,train,7,low_conf,5
frame_00227,train,0,usable,5
frame_00227,train,1,low_conf,6
frame_00227,train,2,usable,6
frame_00227,train,3,usable,6
frame_00227,train,4,low_conf,6
frame_00227,train,5,good,6
frame_00228,train,0,usable,5
frame_00228,train,1,usable,6
frame_00228,train,2,usable,6
frame_00228,train,3,usable,6
frame_00228,train,4,low_conf,5
frame_00228,train,5,low_conf,6
frame_00229,train,0,low_conf,5
frame_00229,train,1,usable,6
frame_00229,train,2,usable,6
frame_00229,train,3,usable,6
frame_00229,train,4,low_conf,6
frame_00229,train,5,usable,6
frame_00229,train,6,low_conf,6
frame_00230,train,0,usable,7
frame_00230,train,1,low_conf,4
frame_00230,train,2,low_conf,6
frame_00230,train,3,usable,6
frame_00230,train,4,usable,6
frame_00230,train,5,good,7
frame_00230,train,6,low_conf,4
frame_00231,train,0,usable,6
frame_00231,train,1,low_conf,4
frame_00231,train,2,low_conf,6
frame_00231,train,3,usable,7
frame_00231,train,4,usable,6
frame_00231,train,5,low_conf,4
frame_00231,train,6,usable,6
frame_00231,train,7,usable,6
frame_00233,train,0,low_conf,5
frame_00233,train,1,low_conf,7
frame_00233,train,2,usable,6
frame_00233,train,3,usable,7
frame_00233,train,4,low_conf,8
frame_00233,train,5,usable,6
frame_00234,train,0,low_conf,6
frame_00234,train,1,usable,6
frame_00234,train,2,usable,6
frame_00234,train,3,good,7
frame_00234,train,4,usable,7
frame_00234,train,5,low_conf,6
frame_00235,train,0,low_conf,5
frame_00235,train,1,low_conf,6
frame_00235,train,2,low_conf,5
frame_00235,train,3,usable,5
frame_00235,train,4,usable,6
frame_00235,train,5,low_conf,4
frame_00235,train,6,usable,6
frame_00235,train,7,low_conf,5
frame_00236,train,0,low_conf,6
frame_00236,train,1,low_conf,6
frame_00236,train,2,low_conf,7
frame_00236,train,3,usable,5
frame_00236,train,4,good,7
frame_00236,train,5,low_conf,5
frame_00236,train,6,low_conf,5
frame_00236,train,7,low_conf,5
frame_00237,train,0,low_conf,6
frame_00237,train,1,usable,6
frame_00237,train,2,low_conf,4
frame_00237,train,3,usable,6
frame_00237,train,4,low_conf,4
frame_00237,train,5,low_conf,4
frame_00237,train,6,low_conf,6
frame_00237,train,7,usable,6
frame_00239,train,0,low_conf,6
frame_00239,train,1,low_conf,6
frame_00239,train,2,usable,7
frame_00239,train,3,usable,6
frame_00239,train,4,good,7
frame_00239,train,5,low_conf,6
frame_00239,train,6,usable,6
frame_00239,train,7,low_conf,5
frame_00240,train,0,low_conf,6
frame_00240,train,1,low_conf,6
frame_00240,train,2,usable,6
frame_00240,train,3,usable,6
frame_00240,train,4,usable,7
frame_00240,train,5,low_conf,4
frame_00240,train,6,low_conf,6
frame_00240,train,7,low_conf,5
frame_00240,train,8,usable,7
frame_00241,train,0,low_conf,6
frame_00241,train,1,low_conf,5
frame_00241,train,2,low_conf,5
frame_00241,train,3,usable,6
frame_00241,train,4,good,6
frame_00241,train,5,low_conf,4
frame_00241,train,6,good,7
frame_00241,train,7,low_conf,5
frame_00241,train,8,usable,5
frame_00243,train,0,low_conf,5
frame_00243,train,1,low_conf,6
frame_00243,train,2,usable,7
frame_00243,train,3,low_conf,4
frame_00243,train,4,good,6
frame_00244,train,0,low_conf,5
frame_00244,train,1,low_conf,5
frame_00244,train,2,usable,6
frame_00244,train,3,usable,6
frame_00244,train,4,good,6
frame_00244,train,5,low_conf,5
frame_00244,train,6,low_conf,6
frame_00245,train,0,low_conf,5
frame_00245,train,1,low_conf,5
frame_00245,train,2,usable,6
frame_00245,train,3,usable,6
frame_00245,train,4,low_conf,5
frame_00245,train,5,low_conf,7
frame_00246,train,0,low_conf,4
frame_00246,train,1,low_conf,5
frame_00246,train,2,usable,6
frame_00246,train,3,usable,6
frame_00246,train,4,usable,6
frame_00246,train,5,low_conf,4
frame_00247,train,0,low_conf,4
frame_00247,train,1,low_conf,5
frame_00247,train,2,low_conf,6
frame_00247,train,3,usable,5
frame_00247,train,4,low_conf,6
frame_00247,train,5,low_conf,6
frame_00248,train,0,low_conf,5
frame_00248,train,1,low_conf,5
frame_00248,train,2,usable,6
frame_00248,train,3,low_conf,6
frame_00248,train,4,usable,5
frame_00248,train,5,low_conf,5
frame_00248,train,6,usable,6
frame_00249,train,0,low_conf,4
frame_00249,train,1,low_conf,5
frame_00249,train,2,usable,6
frame_00249,train,3,low_conf,5
frame_00249,train,4,usable,6
frame_00249,train,5,low_conf,4
frame_00249,train,6,good,6
frame_00249,train,7,low_conf,6
frame_00250,train,0,low_conf,4
frame_00250,train,1,low_conf,4
frame_00250,train,2,usable,6
frame_00250,train,3,low_conf,5
frame_00250,train,4,usable,6
frame_00251,train,0,low_conf,4
frame_00251,train,1,usable,6
frame_00251,train,2,usable,6
frame_00251,train,3,low_conf,4
frame_00251,train,4,low_conf,6
frame_00252,train,0,low_conf,4
frame_00252,train,1,usable,8
frame_00252,train,2,usable,6
frame_00252,train,3,low_conf,4
frame_00252,train,4,usable,8
frame_00253,train,0,low_conf,4
frame_00253,train,1,low_conf,6
frame_00253,train,2,usable,6
frame_00253,train,3,usable,6
frame_00253,train,4,low_conf,6
frame_00253,train,5,low_conf,6
frame_00253,train,6,usable,6
frame_00254,train,0,low_conf,4
frame_00254,train,1,low_conf,6
frame_00254,train,2,usable,6
frame_00254,train,3,usable,6
frame_00254,train,4,low_conf,6
frame_00255,train,0,low_conf,4
frame_00255,train,1,usable,6
frame_00255,train,2,usable,6
frame_00255,train,3,usable,7
frame_00255,train,4,low_conf,6
frame_00255,train,5,low_conf,6
frame_00256,train,0,low_conf,5
frame_00256,train,1,usable,6
frame_00256,train,2,usable,6
frame_00256,train,3,good,6
frame_00256,train,4,low_conf,4
frame_00257,train,0,low_conf,6
frame_00257,train,1,low_conf,4
frame_00257,train,2,usable,6
frame_00257,train,3,low_conf,5
frame_00257,train,4,low_conf,4
frame_00257,train,5,usable,6
frame_00258,train,0,low_conf,6
frame_00258,train,1,low_conf,5
frame_00258,train,2,usable,5
frame_00258,train,3,usable,8
frame_00258,train,4,usable,6
frame_00258,train,5,low_conf,4
frame_00259,train,0,low_conf,6
frame_00259,train,1,usable,6
frame_00259,train,2,usable,7
frame_00259,train,3,usable,6
frame_00259,train,4,low_conf,5
frame_00259,train,5,low_conf,5
frame_00262,train,0,usable,6
frame_00262,train,1,low_conf,6
frame_00262,train,2,good,6
frame_00262,train,3,low_conf,7
frame_00264,train,0,low_conf,6
frame_00264,train,1,low_conf,6
frame_00264,train,2,usable,6
frame_00264,train,3,good,8
frame_00264,train,4,low_conf,5
frame_00264,train,5,usable,6
frame_00265,train,0,low_conf,5
frame_00265,train,1,usable,6
frame_00265,train,2,good,6
frame_00265,train,3,low_conf,5
frame_00266,train,0,usable,6
frame_00266,train,1,low_conf,4
frame_00266,train,2,usable,6
frame_00266,train,3,good,6
frame_00266,train,4,low_conf,4
frame_00268,train,0,low_conf,4
frame_00268,train,1,low_conf,6
frame_00268,train,2,usable,6
frame_00268,train,3,good,6
frame_00268,train,4,low_conf,5
frame_00268,train,5,low_conf,5
frame_00268,train,6,usable,6
frame_00269,train,0,usable,6
frame_00269,train,1,low_conf,7
frame_00269,train,2,usable,6
frame_00269,train,3,good,7
frame_00269,train,4,low_conf,4
frame_00269,train,5,low_conf,4
frame_00270,train,0,usable,6
frame_00270,train,1,low_conf,6
frame_00270,train,2,usable,6
frame_00270,train,3,good,6
frame_00270,train,4,low_conf,4
frame_00271,train,0,low_conf,4
frame_00271,train,1,low_conf,7
frame_00271,train,2,usable,6
frame_00271,train,3,good,8
frame_00271,train,4,low_conf,4
frame_00271,train,5,low_conf,4
frame_00272,train,0,low_conf,6
frame_00272,train,1,low_conf,6
frame_00272,train,2,usable,7
frame_00272,train,3,low_conf,4
frame_00272,train,4,low_conf,6
frame_00274,train,0,usable,6
frame_00274,train,1,usable,6
frame_00274,train,2,usable,5
frame_00274,train,3,good,7
frame_00274,train,4,low_conf,5
frame_00274,train,5,usable,7
frame_00275,train,0,usable,5
frame_00275,train,1,good,7
frame_00275,train,2,good,6
frame_00275,train,3,low_conf,4
frame_00275,train,4,usable,7
frame_00276,train,0,usable,6
frame_00276,train,1,low_conf,5
frame_00276,train,2,usable,7
frame_00276,train,3,low_conf,4
frame_00276,train,4,low_conf,5
frame_00277,train,0,usable,6
frame_00277,train,1,low_conf,5
frame_00277,train,2,usable,6
frame_00277,train,3,usable,6
frame_00277,train,4,low_conf,4
frame_00277,train,5,low_conf,5
frame_00280,train,0,usable,5
frame_00280,train,1,low_conf,6
frame_00280,train,2,good,7
frame_00280,train,3,low_conf,6
frame_00280,train,4,low_conf,6
frame_00280,train,5,low_conf,4
frame_00285,train,0,usable,6
frame_00285,train,1,low_conf,5
frame_00285,train,2,good,7
frame_00285,train,3,low_conf,4
frame_00285,train,4,low_conf,6
frame_00285,train,5,usable,6
frame_00285,train,6,low_conf,5
frame_00286,train,0,usable,6
frame_00286,train,1,usable,6
frame_00286,train,2,usable,5
frame_00286,train,3,usable,6
frame_00286,train,4,low_conf,6
frame_00286,train,5,low_conf,5
frame_00286,train,6,low_conf,6
frame_00288,train,0,usable,7
frame_00288,train,1,usable,7
frame_00288,train,2,usable,6
frame_00288,train,3,usable,6
frame_00288,train,4,low_conf,6
frame_00288,train,5,usable,7
frame_00288,train,6,low_conf,6
frame_00289,train,0,usable,7
frame_00289,train,1,good,6
frame_00289,train,2,low_conf,4
frame_00289,train,3,low_conf,6
frame_00289,train,4,usable,5
frame_00290,train,0,usable,6
frame_00290,train,1,usable,6
frame_00290,train,2,usable,6
frame_00290,train,3,good,6
frame_00290,train,4,low_conf,5
frame_00290,train,5,usable,6
frame_00290,train,6,low_conf,5
frame_00291,train,0,usable,5
frame_00291,train,1,good,6
frame_00291,train,2,low_conf,4
frame_00291,train,3,low_conf,6
frame_00291,train,4,low_conf,4
frame_00292,train,0,usable,6
frame_00292,train,1,usable,6
frame_00292,train,2,usable,6
frame_00292,train,3,usable,6
frame_00292,train,4,low_conf,4
frame_00292,train,5,low_conf,5
frame_00292,train,6,low_conf,6
frame_00294,train,0,usable,6
frame_00294,train,1,usable,7
frame_00294,train,2,good,6
frame_00294,train,3,low_conf,6
frame_00294,train,4,low_conf,6
frame_00294,train,5,low_conf,4
frame_00295,train,0,usable,6
frame_00295,train,1,usable,7
frame_00295,train,2,usable,7
frame_00295,train,3,good,5
frame_00295,train,4,low_conf,4
frame_00295,train,5,low_conf,5
frame_00295,train,6,low_conf,5
frame_00295,train,7,low_conf,4
frame_00297,train,0,usable,7
frame_00297,train,1,usable,6
frame_00297,train,2,low_conf,4
frame_00297,train,3,low_conf,4
frame_00297,train,4,low_conf,4
frame_00297,train,5,low_conf,5
frame_00298,train,0,usable,5
frame_00298,train,1,usable,6
frame_00298,train,2,usable,6
frame_00298,train,3,low_conf,4
frame_00298,train,4,low_conf,4
frame_00298,train,5,low_conf,7
frame_00299,train,0,usable,7
frame_00299,train,1,usable,6
frame_00299,train,2,good,6
frame_00299,train,3,low_conf,5
frame_00299,train,4,low_conf,6
frame_00299,train,5,low_conf,5
frame_00299,train,6,low_conf,6
frame_00301,train,0,good,5
frame_00301,train,1,usable,6
frame_00301,train,2,usable,6
frame_00301,train,3,low_conf,4
frame_00301,train,4,low_conf,5
frame_00301,train,5,low_conf,6
frame_00301,train,6,low_conf,6
frame_00302,train,0,usable,7
frame_00302,train,1,usable,6
frame_00302,train,2,low_conf,5
frame_00302,train,3,low_conf,4
frame_00302,train,4,low_conf,6
frame_00302,train,5,low_conf,6
frame_00303,train,0,usable,6
frame_00303,train,1,usable,7
frame_00303,train,2,usable,6
frame_00303,train,3,low_conf,6
frame_00303,train,4,low_conf,5
frame_00303,train,5,low_conf,6
frame_00303,train,6,usable,5
frame_00304,train,0,usable,7
frame_00304,train,1,usable,8
frame_00304,train,2,usable,5
frame_00304,train,3,low_conf,6
frame_00304,train,4,low_conf,5
frame_00304,train,5,low_conf,6
frame_00304,train,6,usable,6
frame_00305,train,0,usable,6
frame_00305,train,1,good,7
frame_00305,train,2,low_conf,6
frame_00305,train,3,good,6
frame_00305,train,4,low_conf,4
frame_00305,train,5,low_conf,5
frame_00305,train,6,low_conf,6
frame_00305,train,7,usable,5
frame_00306,train,0,usable,5
frame_00306,train,1,low_conf,5
frame_00306,train,2,usable,6
frame_00306,train,3,low_conf,4
frame_00306,train,4,low_conf,6
frame_00306,train,5,usable,5
frame_00306,train,6,usable,5
frame_00307,train,0,usable,4
frame_00307,train,1,usable,5
frame_00307,train,2,good,6
frame_00307,train,3,low_conf,6
frame_00307,train,4,low_conf,6
frame_00307,train,5,low_conf,4
frame_00307,train,6,low_conf,6
frame_00309,train,0,usable,6
frame_00309,train,1,good,6
frame_00309,train,2,low_conf,4
frame_00309,train,3,good,7
frame_00309,train,4,low_conf,6
frame_00309,train,5,low_conf,5
frame_00309,train,6,low_conf,4
frame_00309,train,7,low_conf,5
frame_00309,train,8,low_conf,5
frame_00310,train,0,usable,6
frame_00310,train,1,usable,6
frame_00310,train,2,low_conf,4
frame_00310,train,3,good,6
frame_00310,train,4,low_conf,6
frame_00310,train,5,low_conf,6
frame_00310,train,6,usable,6
frame_00310,train,7,usable,6
frame_00311,train,0,usable,7
frame_00311,train,1,usable,6
frame_00311,train,2,low_conf,4
frame_00311,train,3,good,8
frame_00311,train,4,low_conf,5
frame_00311,train,5,low_conf,6
frame_00311,train,6,low_conf,4
frame_00311,train,7,low_conf,6
frame_00312,train,0,usable,6
frame_00312,train,1,low_conf,5
frame_00312,train,2,good,8
frame_00312,train,3,low_conf,6
frame_00312,train,4,low_conf,6
frame_00312,train,5,low_conf,6
frame_00312,train,6,usable,5
frame_00313,train,0,usable,6
frame_00313,train,1,usable,6
frame_00313,train,2,low_conf,4
frame_00313,train,3,good,7
frame_00313,train,4,low_conf,7
frame_00313,train,5,low_conf,5
frame_00313,train,6,low_conf,6
frame_00313,train,7,low_conf,5
frame_00313,train,8,low_conf,4
frame_00314,train,0,usable,6
frame_00314,train,1,low_conf,5
frame_00314,train,2,good,6
frame_00314,train,3,usable,6
frame_00314,train,4,low_conf,8
frame_00314,train,5,low_conf,5
frame_00314,train,6,usable,6
frame_00315,train,0,low_conf,5
frame_00315,train,1,low_conf,6
frame_00315,train,2,good,6
frame_00315,train,3,low_conf,6
frame_00315,train,4,low_conf,5
frame_00315,train,5,low_conf,4
frame_00315,train,6,low_conf,6
frame_00317,train,0,usable,7
frame_00317,train,1,low_conf,6
frame_00317,train,2,good,7
frame_00317,train,3,low_conf,4
frame_00317,train,4,low_conf,5
frame_00317,train,5,low_conf,6
frame_00322,train,0,low_conf,4
frame_00322,train,1,low_conf,5
frame_00322,train,2,good,7
frame_00322,train,3,low_conf,4
frame_00322,train,4,low_conf,4
frame_00322,train,5,usable,6
frame_00322,train,6,usable,6
frame_00323,train,0,low_conf,4
frame_00323,train,1,low_conf,7
frame_00323,train,2,good,7
frame_00323,train,3,low_conf,5
frame_00323,train,4,low_conf,4
frame_00323,train,5,usable,6
frame_00323,train,6,low_conf,6
frame_00326,train,0,low_conf,4
frame_00326,train,1,low_conf,6
frame_00326,train,2,good,6
frame_00326,train,3,low_conf,4
frame_00326,train,4,low_conf,4
frame_00326,train,5,usable,7
frame_00326,train,6,low_conf,5
frame_00327,train,0,low_conf,4
frame_00327,train,1,usable,7
frame_00327,train,2,low_conf,6
frame_00327,train,3,usable,6
frame_00327,train,4,low_conf,6
frame_00327,train,5,low_conf,4
frame_00327,train,6,usable,6
frame_00327,train,7,low_conf,5
frame_00329,train,0,low_conf,4
frame_00329,train,1,low_conf,4
frame_00329,train,2,good,8
frame_00329,train,3,low_conf,4
frame_00329,train,4,low_conf,5
frame_00329,train,5,usable,5
frame_00330,train,0,low_conf,4
frame_00330,train,1,low_conf,5
frame_00330,train,2,usable,8
frame_00330,train,3,low_conf,4
frame_00330,train,4,low_conf,6
frame_00330,train,5,low_conf,5
frame_00331,train,0,low_conf,4
frame_00331,train,1,low_conf,4
frame_00331,train,2,usable,7
frame_00331,train,3,low_conf,4
frame_00331,train,4,low_conf,6
frame_00331,train,5,low_conf,6
frame_00331,train,6,low_conf,5
frame_00332,train,0,low_conf,7
frame_00332,train,1,low_conf,4
frame_00332,train,2,low_conf,6
frame_00332,train,3,good,6
frame_00332,train,4,low_conf,4
frame_00332,train,5,low_conf,6
frame_00332,train,6,usable,8
frame_00332,train,7,usable,6
frame_00332,train,8,low_conf,7
frame_00333,train,0,low_conf,7
frame_00333,train,1,low_conf,4
frame_00333,train,2,usable,6
frame_00333,train,3,good,5
frame_00333,train,4,low_conf,4
frame_00333,train,5,low_conf,5
frame_00333,train,6,usable,7
frame_00333,train,7,usable,6
frame_00333,train,8,low_conf,4
frame_00334,train,0,low_conf,5
frame_00334,train,1,low_conf,5
frame_00334,train,2,good,6
frame_00334,train,3,low_conf,6
frame_00334,train,4,low_conf,4
frame_00334,train,5,usable,6
frame_00335,train,0,low_conf,6
frame_00335,train,1,usable,6
frame_00335,train,2,low_conf,5
frame_00335,train,3,good,5
frame_00335,train,4,low_conf,4
frame_00335,train,5,low_conf,4
frame_00335,train,6,usable,6
frame_00335,train,7,usable,6
frame_00336,train,0,low_conf,4
frame_00336,train,1,low_conf,7
frame_00336,train,2,usable,6
frame_00336,train,3,low_conf,4
frame_00336,train,4,low_conf,4
frame_00336,train,5,usable,6
frame_00339,train,0,usable,8
frame_00339,train,1,usable,6
frame_00339,train,2,low_conf,6
frame_00339,train,3,good,6
frame_00339,train,4,low_conf,6
frame_00339,train,5,low_conf,4
frame_00339,train,6,low_conf,6
frame_00339,train,7,usable,5
frame_00341,train,0,low_conf,5
frame_00341,train,1,usable,6
frame_00341,train,2,low_conf,6
frame_00341,train,3,low_conf,4
frame_00342,train,0,low_conf,5
frame_00342,train,1,low_conf,6
frame_00342,train,2,usable,6
frame_00342,train,3,low_conf,4
frame_00342,train,4,low_conf,4
frame_00342,train,5,low_conf,4
frame_00342,train,6,low_conf,4
frame_00343,train,0,usable,6
frame_00343,train,1,usable,6
frame_00343,train,2,low_conf,6
frame_00343,train,3,good,6
frame_00343,train,4,low_conf,5
frame_00343,train,5,low_conf,4
frame_00343,train,6,low_conf,5
frame_00343,train,7,usable,4
frame_00344,train,0,low_conf,5
frame_00344,train,1,usable,6
frame_00344,train,2,low_conf,5
frame_00344,train,3,usable,6
frame_00344,train,4,low_conf,6
frame_00344,train,5,low_conf,5
frame_00344,train,6,usable,6
frame_00345,train,0,usable,7
frame_00345,train,1,usable,6
frame_00345,train,2,low_conf,5
frame_00345,train,3,good,6
frame_00345,train,4,usable,6
frame_00345,train,5,low_conf,6
frame_00345,train,6,usable,5
frame_00346,train,0,usable,7
frame_00346,train,1,low_conf,5
frame_00346,train,2,usable,6
frame_00346,train,3,usable,6
frame_00346,train,4,usable,5
frame_00346,train,5,usable,7
frame_00347,train,0,low_conf,6
frame_00347,train,1,low_conf,5
frame_00347,train,2,usable,6
frame_00347,train,3,low_conf,6
frame_00347,train,4,low_conf,6
frame_00347,train,5,low_conf,6
frame_00347,train,6,low_conf,6
frame_00348,train,0,usable,5
frame_00348,train,1,low_conf,6
frame_00348,train,2,usable,7
frame_00348,train,3,low_conf,6
frame_00348,train,4,low_conf,5
frame_00348,train,5,usable,6
frame_00349,train,0,low_conf,5
frame_00349,train,1,low_conf,6
frame_00349,train,2,good,6
frame_00349,train,3,usable,6
frame_00349,train,4,low_conf,4
frame_00349,train,5,usable,6
frame_00350,train,0,low_conf,4
frame_00350,train,1,low_conf,6
frame_00350,train,2,good,8
frame_00350,train,3,low_conf,5
frame_00350,train,4,low_conf,4
frame_00350,train,5,low_conf,5
frame_00350,train,6,low_conf,5
frame_00352,train,0,usable,6
frame_00352,train,1,good,6
frame_00352,train,2,low_conf,4
frame_00352,train,3,good,6
frame_00352,train,4,low_conf,5
frame_00352,train,5,low_conf,4
frame_00352,train,6,low_conf,5
frame_00352,train,7,usable,6
frame_00353,train,0,usable,5
frame_00353,train,1,low_conf,4
frame_00353,train,2,good,7
frame_00353,train,3,low_conf,6
frame_00353,train,4,low_conf,6
frame_00353,train,5,low_conf,7
frame_00353,train,6,usable,5
frame_00355,train,0,usable,6
frame_00355,train,1,low_conf,4
frame_00355,train,2,good,8
frame_00355,train,3,low_conf,4
frame_00355,train,4,low_conf,6
frame_00355,train,5,usable,6
frame_00356,train,0,usable,5
frame_00356,train,1,low_conf,4
frame_00356,train,2,good,7
frame_00356,train,3,usable,6
frame_00356,train,4,low_conf,5
frame_00356,train,5,low_conf,6
frame_00356,train,6,low_conf,5
frame_00357,train,0,usable,5
frame_00357,train,1,low_conf,4
frame_00357,train,2,good,8
frame_00357,train,3,usable,6
frame_00357,train,4,usable,6
frame_00357,train,5,usable,6
frame_00357,train,6,usable,6
frame_00358,train,0,usable,6
frame_00358,train,1,low_conf,4
frame_00358,train,2,good,8
frame_00358,train,3,low_conf,4
frame_00358,train,4,usable,6
frame_00358,train,5,usable,6
frame_00359,train,0,usable,6
frame_00359,train,1,low_conf,4
frame_00359,train,2,good,8
frame_00359,train,3,low_conf,6
frame_00359,train,4,low_conf,5
frame_00359,train,5,usable,5
frame_00360,train,0,usable,6
frame_00360,train,1,low_conf,4
frame_00360,train,2,good,7
frame_00360,train,3,low_conf,4
frame_00360,train,4,low_conf,6
frame_00360,train,5,low_conf,4
frame_00361,train,0,usable,6
frame_00361,train,1,usable,6
frame_00361,train,2,good,7
frame_00361,train,3,usable,5
frame_00361,train,4,low_conf,4
frame_00361,train,5,low_conf,6
frame_00361,train,6,usable,6
frame_00362,train,0,usable,6
frame_00362,train,1,low_conf,6
frame_00362,train,2,good,6
frame_00362,train,3,low_conf,5
frame_00362,train,4,usable,6
frame_00362,train,5,low_conf,6
frame_00363,train,0,usable,6
frame_00363,train,1,low_conf,4
frame_00363,train,2,good,6
frame_00363,train,3,usable,6
frame_00363,train,4,low_conf,4
frame_00363,train,5,low_conf,6
frame_00363,train,6,usable,6
frame_00364,train,0,usable,5
frame_00364,train,1,low_conf,5
frame_00364,train,2,good,6
frame_00364,train,3,low_conf,4
frame_00364,train,4,low_conf,5
frame_00365,train,0,usable,7
frame_00365,train,1,low_conf,4
frame_00365,train,2,good,6
frame_00365,train,3,low_conf,5
frame_00365,train,4,low_conf,4
frame_00365,train,5,low_conf,6
frame_00365,train,6,low_conf,4
frame_00367,train,0,usable,8
frame_00367,train,1,low_conf,4
frame_00367,train,2,good,6
frame_00367,train,3,usable,6
frame_00367,train,4,low_conf,4
frame_00367,train,5,low_conf,5
frame_00367,train,6,usable,5
frame_00368,train,0,usable,6
frame_00368,train,1,usable,7
frame_00368,train,2,usable,6
frame_00368,train,3,good,6
frame_00368,train,4,usable,6
frame_00368,train,5,low_conf,4
frame_00368,train,6,low_conf,6
frame_00368,train,7,low_conf,4
frame_00369,train,0,usable,7
frame_00369,train,1,usable,6
frame_00369,train,2,good,6
frame_00369,train,3,usable,5
frame_00369,train,4,low_conf,4
frame_00369,train,5,usable,6
frame_00369,train,6,usable,6
frame_00371,train,0,usable,6
frame_00371,train,1,low_conf,6
frame_00371,train,2,usable,6
frame_00371,train,3,usable,6
frame_00371,train,4,low_conf,6
frame_00371,train,5,low_conf,7
frame_00371,train,6,usable,5
frame_00372,train,0,usable,6
frame_00372,train,1,usable,6
frame_00372,train,2,usable,7
frame_00372,train,3,usable,6
frame_00372,train,4,usable,5
frame_00372,train,5,low_conf,4
frame_00372,train,6,usable,7
frame_00374,train,0,usable,5
frame_00374,train,1,usable,6
frame_00374,train,2,low_conf,6
frame_00374,train,3,usable,6
frame_00374,train,4,usable,5
frame_00374,train,5,usable,6
frame_00374,train,6,low_conf,4
frame_00374,train,7,usable,6
frame_00374,train,8,usable,6
frame_00375,train,0,usable,6
frame_00375,train,1,usable,8
frame_00375,train,2,low_conf,6
frame_00375,train,3,usable,6
frame_00375,train,4,usable,7
frame_00375,train,5,usable,6
frame_00375,train,6,low_conf,5
frame_00375,train,7,low_conf,6
frame_00375,train,8,usable,6
frame_00377,train,0,low_conf,6
frame_00377,train,1,low_conf,4
frame_00377,train,2,usable,5
frame_00377,train,3,low_conf,4
frame_00377,train,4,low_conf,4
frame_00377,train,5,low_conf,5
frame_00377,train,6,low_conf,6
frame_00377,train,7,usable,6
frame_00378,train,0,low_conf,4
frame_00378,train,1,usable,6
frame_00378,train,2,low_conf,4
frame_00378,train,3,usable,6
frame_00378,train,4,low_conf,7
frame_00378,train,5,usable,8
frame_00378,train,6,low_conf,6
frame_00378,train,7,usable,5
frame_00378,train,8,usable,7
frame_00379,train,0,low_conf,6
frame_00379,train,1,usable,6
frame_00379,train,2,usable,6
frame_00379,train,3,low_conf,7
frame_00379,train,4,usable,6
frame_00379,train,5,low_conf,4
frame_00379,train,6,low_conf,5
frame_00379,train,7,usable,5
frame_00380,train,0,low_conf,4
frame_00380,train,1,usable,7
frame_00380,train,2,low_conf,4
frame_00380,train,3,usable,6
frame_00380,train,4,low_conf,7
frame_00380,train,5,usable,5
frame_00380,train,6,low_conf,4
frame_00380,train,7,usable,5
frame_00380,train,8,usable,6
frame_00381,train,0,usable,5
frame_00381,train,1,usable,7
frame_00381,train,2,low_conf,4
frame_00381,train,3,usable,6
frame_00381,train,4,low_conf,6
frame_00381,train,5,usable,6
frame_00381,train,6,low_conf,5
frame_00381,train,7,usable,5
frame_00381,train,8,low_conf,6
frame_00382,train,0,low_conf,5
frame_00382,train,1,usable,6
frame_00382,train,2,low_conf,4
frame_00382,train,3,usable,6
frame_00382,train,4,low_conf,5
frame_00382,train,5,low_conf,6
frame_00382,train,6,usable,6
frame_00382,train,7,low_conf,5
frame_00383,train,0,low_conf,5
frame_00383,train,1,usable,5
frame_00383,train,2,low_conf,4
frame_00383,train,3,low_conf,4
frame_00383,train,4,usable,6
frame_00383,train,5,low_conf,5
frame_00383,train,6,low_conf,4
frame_00383,train,7,usable,6
frame_00384,train,0,usable,8
frame_00384,train,1,usable,6
frame_00384,train,2,low_conf,4
frame_00384,train,3,usable,7
frame_00384,train,4,low_conf,4
frame_00384,train,5,usable,6
frame_00384,train,6,low_conf,5
frame_00384,train,7,low_conf,4
frame_00384,train,8,low_conf,5
frame_00385,train,0,usable,6
frame_00385,train,1,low_conf,7
frame_00385,train,2,low_conf,4
frame_00385,train,3,good,6
frame_00385,train,4,low_conf,5
frame_00385,train,5,usable,6
frame_00385,train,6,low_conf,4
frame_00385,train,7,usable,6
frame_00385,train,8,low_conf,6
frame_00387,train,0,usable,6
frame_00387,train,1,low_conf,6
frame_00387,train,2,low_conf,4
frame_00387,train,3,usable,6
frame_00387,train,4,low_conf,5
frame_00387,train,5,low_conf,4
frame_00387,train,6,usable,6
frame_00387,train,7,low_conf,6
frame_00389,train,0,usable,6
frame_00389,train,1,usable,6
frame_00389,train,2,low_conf,4
frame_00389,train,3,low_conf,5
frame_00389,train,4,low_conf,4
frame_00389,train,5,low_conf,6
frame_00389,train,6,usable,7
frame_00389,train,7,low_conf,4
frame_00390,train,0,usable,6
frame_00390,train,1,low_conf,4
frame_00390,train,2,low_conf,4
frame_00390,train,3,usable,6
frame_00390,train,4,low_conf,5
frame_00390,train,5,usable,7
frame_00390,train,6,low_conf,5
frame_00390,train,7,usable,6
frame_00390,train,8,usable,6
frame_00391,train,0,usable,6
frame_00391,train,1,low_conf,5
frame_00391,train,2,low_conf,4
frame_00391,train,3,usable,6
frame_00391,train,4,usable,7
frame_00391,train,5,usable,6
frame_00391,train,6,low_conf,4
frame_00391,train,7,usable,6
frame_00391,train,8,low_conf,4
frame_00392,train,0,usable,7
frame_00392,train,1,low_conf,5
frame_00392,train,2,low_conf,5
frame_00392,train,3,usable,6
frame_00392,train,4,low_conf,4
frame_00392,train,5,usable,6
frame_00392,train,6,low_conf,4
frame_00392,train,7,usable,6
frame_00392,train,8,low_conf,4
frame_00393,train,0,usable,7
frame_00393,train,1,low_conf,5
frame_00393,train,2,low_conf,5
frame_00393,train,3,usable,5
frame_00393,train,4,usable,6
frame_00393,train,5,low_conf,5
frame_00393,train,6,usable,7
frame_00393,train,7,low_conf,5
frame_00394,train,0,usable,7
frame_00394,train,1,low_conf,7
frame_00394,train,2,low_conf,5
frame_00394,train,3,usable,6
frame_00394,train,4,usable,6
frame_00394,train,5,low_conf,5
frame_00394,train,6,usable,6
frame_00394,train,7,low_conf,4
frame_00395,train,0,low_conf,5
frame_00395,train,1,usable,7
frame_00395,train,2,low_conf,7
frame_00395,train,3,low_conf,5
frame_00395,train,4,usable,5
frame_00395,train,5,low_conf,6
frame_00395,train,6,usable,7
frame_00395,train,7,usable,6
frame_00396,train,0,low_conf,5
frame_00396,train,1,usable,5
frame_00396,train,2,low_conf,5
frame_00396,train,3,low_conf,5
frame_00396,train,4,usable,6
frame_00396,train,5,usable,6
frame_00396,train,6,low_conf,4
frame_00396,train,7,usable,6
frame_00396,train,8,usable,5
frame_00402,train,0,low_conf,5
frame_00402,train,1,usable,5
frame_00402,train,2,usable,6
frame_00402,train,3,low_conf,5
frame_00402,train,4,usable,6
frame_00402,train,5,usable,8
frame_00402,train,6,low_conf,4
frame_00402,train,7,usable,6
frame_00402,train,8,usable,6
frame_00403,train,0,low_conf,6
frame_00403,train,1,good,7
frame_00403,train,2,usable,7
frame_00403,train,3,low_conf,4
frame_00403,train,4,usable,6
frame_00403,train,5,usable,8
frame_00403,train,6,low_conf,4
frame_00403,train,7,low_conf,6
frame_00403,train,8,low_conf,6
frame_00404,train,0,low_conf,5
frame_00404,train,1,good,7
frame_00404,train,2,low_conf,7
frame_00404,train,3,low_conf,5
frame_00404,train,4,usable,6
frame_00404,train,5,usable,7
frame_00404,train,6,low_conf,5
frame_00404,train,7,low_conf,4
frame_00404,train,8,low_conf,6
frame_00405,train,0,low_conf,5
frame_00405,train,1,usable,6
frame_00405,train,2,low_conf,6
frame_00405,train,3,low_conf,5
frame_00405,train,4,good,5
frame_00405,train,5,usable,6
frame_00405,train,6,low_conf,5
frame_00405,train,7,usable,6
frame_00407,train,0,low_conf,5
frame_00407,train,1,good,6
frame_00407,train,2,usable,5
frame_00407,train,3,low_conf,6
frame_00407,train,4,usable,5
frame_00407,train,5,usable,6
frame_00407,train,6,low_conf,6
frame_00407,train,7,usable,7
frame_00408,train,0,low_conf,5
frame_00408,train,1,good,7
frame_00408,train,2,low_conf,4
frame_00408,train,3,low_conf,4
frame_00408,train,4,usable,6
frame_00408,train,5,usable,6
frame_00408,train,6,low_conf,5
frame_00408,train,7,usable,5
frame_00409,train,0,good,6
frame_00409,train,1,low_conf,4
frame_00409,train,2,low_conf,4
frame_00409,train,3,usable,6
frame_00409,train,4,usable,6
frame_00409,train,5,low_conf,4
frame_00409,train,6,usable,6
frame_00409,train,7,low_conf,6
frame_00410,train,0,low_conf,5
frame_00410,train,1,low_conf,5
frame_00410,train,2,usable,8
frame_00410,train,3,usable,8
frame_00410,train,4,low_conf,5
frame_00410,train,5,low_conf,5
frame_00410,train,6,usable,8
frame_00411,train,0,low_conf,5
frame_00411,train,1,good,6
frame_00411,train,2,usable,5
frame_00411,train,3,low_conf,6
frame_00411,train,4,good,7
frame_00411,train,5,usable,7
frame_00411,train,6,low_conf,6
frame_00411,train,7,usable,7
frame_00412,train,0,low_conf,5
frame_00412,train,1,good,6
frame_00412,train,2,usable,6
frame_00412,train,3,low_conf,6
frame_00412,train,4,usable,7
frame_00412,train,5,usable,6
frame_00412,train,6,low_conf,7
frame_00412,train,7,usable,5
frame_00413,train,0,usable,7
frame_00413,train,1,low_conf,5
frame_00413,train,2,low_conf,5
frame_00413,train,3,usable,7
frame_00413,train,4,usable,6
frame_00413,train,5,low_conf,5
frame_00413,train,6,low_conf,5
frame_00413,train,7,usable,6
frame_00414,train,0,low_conf,6
frame_00414,train,1,usable,7
frame_00414,train,2,low_conf,4
frame_00414,train,3,low_conf,6
frame_00414,train,4,usable,6
frame_00414,train,5,good,6
frame_00414,train,6,low_conf,7
frame_00414,train,7,low_conf,4
frame_00414,train,8,low_conf,4
frame_00415,train,0,low_conf,6
frame_00415,train,1,usable,7
frame_00415,train,2,usable,6
frame_00415,train,3,low_conf,5
frame_00415,train,4,usable,7
frame_00415,train,5,usable,6
frame_00415,train,6,low_conf,6
frame_00415,train,7,usable,7
frame_00416,train,0,low_conf,5
frame_00416,train,1,usable,5
frame_00416,train,2,usable,6
frame_00416,train,3,low_conf,5
frame_00416,train,4,usable,6
frame_00416,train,5,usable,6
frame_00416,train,6,low_conf,5
frame_00416,train,7,usable,6
frame_00417,train,0,low_conf,6
frame_00417,train,1,usable,6
frame_00417,train,2,low_conf,7
frame_00417,train,3,low_conf,5
frame_00417,train,4,good,6
frame_00417,train,5,low_conf,4
frame_00417,train,6,usable,6
frame_00417,train,7,low_conf,4
frame_00417,train,8,usable,6
frame_00417,train,9,usable,7
frame_00419,train,0,usable,5
frame_00419,train,1,usable,8
frame_00419,train,2,usable,7
frame_00419,train,3,low_conf,4
frame_00419,train,4,usable,6
frame_00419,train,5,low_conf,5
frame_00419,train,6,usable,7
frame_00419,train,7,low_conf,4
frame_00419,train,8,usable,6
frame_00423,train,0,usable,6
frame_00423,train,1,usable,6
frame_00423,train,2,low_conf,5
frame_00423,train,3,usable,6
frame_00423,train,4,low_conf,7
frame_00423,train,5,usable,6
frame_00423,train,6,low_conf,6
frame_00423,train,7,usable,7
frame_00424,train,0,usable,7
frame_00424,train,1,usable,6
frame_00424,train,2,low_conf,6
frame_00424,train,3,usable,6
frame_00424,train,4,low_conf,5
frame_00424,train,5,good,6
frame_00424,train,6,low_conf,5
frame_00424,train,7,low_conf,6
frame_00424,train,8,usable,6
frame_00426,train,0,usable,6
frame_00426,train,1,usable,6
frame_00426,train,2,usable,6
frame_00426,train,3,low_conf,6
frame_00426,train,4,good,7
frame_00426,train,5,low_conf,5
frame_00426,train,6,good,6
frame_00426,train,7,low_conf,6
frame_00426,train,8,low_conf,6
frame_00426,train,9,low_conf,5
frame_00428,train,0,usable,7
frame_00428,train,1,good,6
frame_00428,train,2,low_conf,7
frame_00428,train,3,low_conf,5
frame_00428,train,4,usable,7
frame_00428,train,5,usable,6
frame_00428,train,6,low_conf,6
frame_00428,train,7,usable,6
frame_00428,train,8,usable,5
frame_00429,train,0,usable,6
frame_00429,train,1,usable,7
frame_00429,train,2,low_conf,6
frame_00429,train,3,usable,7
frame_00429,train,4,low_conf,5
frame_00429,train,5,good,6
frame_00429,train,6,low_conf,6
frame_00429,train,7,usable,6
frame_00429,train,8,usable,5
frame_00430,train,0,low_conf,6
frame_00430,train,1,usable,5
frame_00430,train,2,usable,8
frame_00430,train,3,low_conf,6
frame_00430,train,4,good,6
frame_00430,train,5,low_conf,7
frame_00430,train,6,low_conf,4
frame_00430,train,7,usable,6
frame_00431,train,0,usable,7
frame_00431,train,1,usable,6
frame_00431,train,2,low_conf,6
frame_00431,train,3,good,7
frame_00431,train,4,low_conf,4
frame_00431,train,5,good,7
frame_00431,train,6,low_conf,6
frame_00431,train,7,usable,7
frame_00432,train,0,usable,7
frame_00432,train,1,low_conf,4
frame_00432,train,2,good,7
frame_00432,train,3,low_conf,4
frame_00432,train,4,good,8
frame_00432,train,5,low_conf,5
frame_00432,train,6,low_conf,6
frame_00432,train,7,usable,6
frame_00433,train,0,usable,6
frame_00433,train,1,low_conf,4
frame_00433,train,2,low_conf,5
frame_00433,train,3,usable,6
frame_00433,train,4,usable,6
frame_00433,train,5,low_conf,5
frame_00433,train,6,usable,8
frame_00433,train,7,usable,6
frame_00435,train,0,low_conf,4
frame_00435,train,1,usable,6
frame_00435,train,2,usable,8
frame_00435,train,3,low_conf,5
frame_00435,train,4,low_conf,6
frame_00435,train,5,usable,7
frame_00435,train,6,good,7
frame_00435,train,7,low_conf,4
frame_00435,train,8,low_conf,4
frame_00435,train,9,low_conf,5
frame_00436,train,0,usable,6
frame_00436,train,1,usable,7
frame_00436,train,2,low_conf,6
frame_00436,train,3,usable,6
frame_00436,train,4,good,7
frame_00436,train,5,low_conf,4
frame_00436,train,6,low_conf,4
frame_00437,train,0,usable,5
frame_00437,train,1,good,6
frame_00437,train,2,low_conf,6
frame_00437,train,3,low_conf,5
frame_00437,train,4,usable,6
frame_00437,train,5,good,7
frame_00437,train,6,usable,7
frame_00437,train,7,low_conf,4
frame_00438,train,0,low_conf,4
frame_00438,train,1,good,5
frame_00438,train,2,low_conf,7
frame_00438,train,3,low_conf,4
frame_00438,train,4,usable,7
frame_00438,train,5,usable,6
frame_00438,train,6,low_conf,4
frame_00438,train,7,low_conf,6
frame_00438,train,8,low_conf,5
frame_00439,train,0,usable,5
frame_00439,train,1,usable,6
frame_00439,train,2,low_conf,7
frame_00439,train,3,low_conf,5
frame_00439,train,4,usable,6
frame_00439,train,5,usable,7
frame_00439,train,6,low_conf,4
frame_00439,train,7,low_conf,6
frame_00440,train,0,low_conf,6
frame_00440,train,1,usable,7
frame_00440,train,2,low_conf,8
frame_00440,train,3,usable,6
frame_00440,train,4,good,7
frame_00440,train,5,low_conf,4
frame_00440,train,6,low_conf,4
frame_00440,train,7,low_conf,5
frame_00441,train,0,usable,7
frame_00441,train,1,low_conf,6
frame_00441,train,2,usable,7
frame_00441,train,3,low_conf,5
frame_00441,train,4,usable,6
frame_00441,train,5,good,7
frame_00441,train,6,low_conf,4
frame_00441,train,7,usable,6
frame_00441,train,8,usable,6
frame_00443,train,0,usable,7
frame_00443,train,1,usable,7
frame_00443,train,2,low_conf,8
frame_00443,train,3,usable,6
frame_00443,train,4,usable,6
frame_00443,train,5,low_conf,4
frame_00443,train,6,low_conf,4
frame_00444,train,0,usable,6
frame_00444,train,1,usable,7
frame_00444,train,2,low_conf,7
frame_00444,train,3,low_conf,5
frame_00444,train,4,usable,6
frame_00444,train,5,usable,7
frame_00444,train,6,low_conf,5
frame_00444,train,7,low_conf,5
frame_00445,train,0,usable,6
frame_00445,train,1,usable,6
frame_00445,train,2,usable,5
frame_00445,train,3,low_conf,5
frame_00445,train,4,usable,6
frame_00445,train,5,good,6
frame_00445,train,6,low_conf,4
frame_00445,train,7,usable,6
frame_00445,train,8,low_conf,4
frame_00446,train,0,low_conf,5
frame_00446,train,1,usable,7
frame_00446,train,2,low_conf,6
frame_00446,train,3,low_conf,5
frame_00446,train,4,usable,6
frame_00446,train,5,good,6
frame_00446,train,6,low_conf,4
frame_00446,train,7,low_conf,4
frame_00446,train,8,usable,5
frame_00448,train,0,usable,5
frame_00448,train,1,usable,6
frame_00448,train,2,low_conf,5
frame_00448,train,3,usable,6
frame_00448,train,4,usable,7
frame_00448,train,5,low_conf,4
frame_00448,train,6,low_conf,5
frame_00448,train,7,low_conf,6
frame_00450,train,0,usable,6
frame_00450,train,1,usable,6
frame_00450,train,2,low_conf,5
frame_00450,train,3,low_conf,5
frame_00450,train,4,usable,7
frame_00450,train,5,good,6
frame_00450,train,6,low_conf,5
frame_00450,train,7,low_conf,4
frame_00450,train,8,low_conf,4
frame_00451,train,0,usable,5
frame_00451,train,1,low_conf,4
frame_00451,train,2,usable,7
frame_00451,train,3,good,6
frame_00451,train,4,low_conf,5
frame_00451,train,5,low_conf,4
frame_00451,train,6,low_conf,5
frame_00452,train,0,usable,5
frame_00452,train,1,good,6
frame_00452,train,2,low_conf,5
frame_00452,train,3,good,7
frame_00452,train,4,good,6
frame_00452,train,5,low_conf,6
frame_00452,train,6,low_conf,5
frame_00452,train,7,low_conf,4
frame_00453,train,0,usable,6
frame_00453,train,1,usable,5
frame_00453,train,2,low_conf,6
frame_00453,train,3,usable,6
frame_00453,train,4,good,6
frame_00453,train,5,good,6
frame_00453,train,6,low_conf,6
frame_00453,train,7,usable,6
frame_00453,train,8,low_conf,6
frame_00454,train,0,usable,5
frame_00454,train,1,good,6
frame_00454,train,2,low_conf,8
frame_00454,train,3,usable,5
frame_00454,train,4,good,7
frame_00454,train,5,good,7
frame_00454,train,6,low_conf,6
frame_00454,train,7,low_conf,4
frame_00454,train,8,low_conf,7
frame_00456,train,0,usable,6
frame_00456,train,1,low_conf,6
frame_00456,train,2,good,7
frame_00456,train,3,low_conf,4
frame_00456,train,4,usable,6
frame_00456,train,5,usable,6
frame_00458,train,0,usable,6
frame_00458,train,1,usable,7
frame_00458,train,2,low_conf,7
frame_00458,train,3,usable,7
frame_00458,train,4,low_conf,5
frame_00458,train,5,low_conf,4
frame_00458,train,6,low_conf,4
frame_00459,train,0,usable,6
frame_00459,train,1,low_conf,7
frame_00459,train,2,good,7
frame_00459,train,3,good,8
frame_00459,train,4,low_conf,5
frame_00459,train,5,low_conf,4
frame_00460,train,0,usable,7
frame_00460,train,1,usable,6
frame_00460,train,2,low_conf,6
frame_00460,train,3,good,6
frame_00460,train,4,good,6
frame_00460,train,5,low_conf,5
frame_00460,train,6,low_conf,5
frame_00460,train,7,low_conf,4
frame_00461,train,0,usable,6
frame_00461,train,1,usable,6
frame_00461,train,2,low_conf,5
frame_00461,train,3,good,7
frame_00461,train,4,good,6
frame_00461,train,5,low_conf,5
frame_00461,train,6,low_conf,6
frame_00461,train,7,low_conf,4
frame_00462,train,0,usable,6
frame_00462,train,1,low_conf,4
frame_00462,train,2,low_conf,5
frame_00462,train,3,low_conf,7
frame_00462,train,4,good,6
frame_00462,train,5,good,6
frame_00462,train,6,low_conf,5
frame_00462,train,7,low_conf,5
frame_00463,train,0,usable,6
frame_00463,train,1,low_conf,4
frame_00463,train,2,low_conf,5
frame_00463,train,3,low_conf,6
frame_00463,train,4,good,6
frame_00463,train,5,good,6
frame_00463,train,6,low_conf,5
frame_00463,train,7,low_conf,4
frame_00463,train,8,low_conf,6
frame_00464,train,0,usable,6
frame_00464,train,1,low_conf,4
frame_00464,train,2,low_conf,6
frame_00464,train,3,good,7
frame_00464,train,4,good,6
frame_00464,train,5,low_conf,5
frame_00464,train,6,low_conf,5
frame_00464,train,7,low_conf,7
frame_00465,train,0,usable,6
frame_00465,train,1,low_conf,5
frame_00465,train,2,low_conf,6
frame_00465,train,3,good,6
frame_00465,train,4,good,7
frame_00465,train,5,low_conf,4
frame_00465,train,6,low_conf,6
frame_00465,train,7,low_conf,6
frame_00468,train,0,usable,5
frame_00468,train,1,usable,6
frame_00468,train,2,low_conf,4
frame_00468,train,3,good,6
frame_00468,train,4,good,7
frame_00468,train,5,low_conf,5
frame_00468,train,6,usable,5
frame_00468,train,7,low_conf,4
frame_00469,train,0,usable,5
frame_00469,train,1,usable,6
frame_00469,train,2,low_conf,4
frame_00469,train,3,low_conf,5
frame_00469,train,4,good,6
frame_00469,train,5,good,6
frame_00469,train,6,low_conf,6
frame_00469,train,7,low_conf,4
frame_00469,train,8,low_conf,5
frame_00470,train,0,usable,6
frame_00470,train,1,usable,6
frame_00470,train,2,low_conf,4
frame_00470,train,3,low_conf,6
frame_00470,train,4,good,6
frame_00470,train,5,good,6
frame_00470,train,6,low_conf,6
frame_00470,train,7,low_conf,4
frame_00470,train,8,low_conf,5
frame_00471,train,0,usable,6
frame_00471,train,1,usable,6
frame_00471,train,2,low_conf,4
frame_00471,train,3,low_conf,6
frame_00471,train,4,good,6
frame_00471,train,5,good,7
frame_00471,train,6,low_conf,5
frame_00471,train,7,low_conf,5
frame_00471,train,8,low_conf,5
frame_00472,train,0,usable,6
frame_00472,train,1,usable,7
frame_00472,train,2,low_conf,4
frame_00472,train,3,low_conf,6
frame_00472,train,4,good,6
frame_00472,train,5,good,6
frame_00472,train,6,low_conf,5
frame_00472,train,7,low_conf,5
frame_00472,train,8,low_conf,5
frame_00473,train,0,usable,6
frame_00473,train,1,usable,6
frame_00473,train,2,low_conf,5
frame_00473,train,3,low_conf,5
frame_00473,train,4,good,6
frame_00473,train,5,good,6
frame_00473,train,6,low_conf,4
frame_00473,train,7,low_conf,5
frame_00473,train,8,usable,6
frame_00474,train,0,usable,6
frame_00474,train,1,usable,6
frame_00474,train,2,usable,7
frame_00474,train,3,low_conf,5
frame_00474,train,4,low_conf,4
frame_00474,train,5,good,7
frame_00474,train,6,good,6
frame_00474,train,7,low_conf,4
frame_00474,train,8,low_conf,5
frame_00474,train,9,low_conf,5
frame_00475,train,0,low_conf,4
frame_00475,train,1,usable,5
frame_00475,train,2,low_conf,6
frame_00475,train,3,low_conf,4
frame_00475,train,4,good,7
frame_00475,train,5,good,6
frame_00475,train,6,low_conf,4
frame_00475,train,7,low_conf,6
frame_00476,train,0,usable,7
frame_00476,train,1,usable,6
frame_00476,train,2,low_conf,6
frame_00476,train,3,low_conf,4
frame_00476,train,4,good,7
frame_00476,train,5,good,6
frame_00476,train,6,low_conf,5
frame_00476,train,7,usable,6
frame_00476,train,8,low_conf,6
frame_00479,train,0,low_conf,6
frame_00479,train,1,low_conf,5
frame_00479,train,2,usable,6
frame_00479,train,3,low_conf,6
frame_00479,train,4,good,6
frame_00479,train,5,good,6
frame_00479,train,6,low_conf,5
frame_00479,train,7,low_conf,5
frame_00479,train,8,low_conf,4
frame_00482,train,0,low_conf,6
frame_00482,train,1,usable,7
frame_00482,train,2,usable,6
frame_00482,train,3,usable,6
frame_00482,train,4,low_conf,6
frame_00482,train,5,good,7
frame_00482,train,6,low_conf,4
frame_00482,train,7,low_conf,6
frame_00483,train,0,usable,7
frame_00483,train,1,usable,7
frame_00483,train,2,usable,7
frame_00483,train,3,good,6
frame_00483,train,4,good,7
frame_00483,train,5,low_conf,5
frame_00483,train,6,low_conf,5
frame_00483,train,7,low_conf,4
frame_00484,train,0,usable,6
frame_00484,train,1,usable,5
frame_00484,train,2,usable,6
frame_00484,train,3,good,6
frame_00484,train,4,low_conf,5
frame_00484,train,5,low_conf,4
frame_00484,train,6,low_conf,4
frame_00485,train,0,low_conf,4
frame_00485,train,1,low_conf,6
frame_00485,train,2,low_conf,4
frame_00485,train,3,good,7
frame_00485,train,4,usable,6
frame_00485,train,5,low_conf,4
frame_00485,train,6,low_conf,5
frame_00485,train,7,low_conf,6
frame_00486,train,0,low_conf,4
frame_00486,train,1,low_conf,5
frame_00486,train,2,low_conf,6
frame_00486,train,3,low_conf,4
frame_00486,train,4,good,6
frame_00486,train,5,good,6
frame_00486,train,6,low_conf,4
frame_00486,train,7,low_conf,5
frame_00486,train,8,low_conf,6
frame_00487,train,0,low_conf,5
frame_00487,train,1,usable,5
frame_00487,train,2,low_conf,6
frame_00487,train,3,low_conf,4
frame_00487,train,4,good,7
frame_00487,train,5,good,6
frame_00487,train,6,low_conf,5
frame_00487,train,7,low_conf,6
frame_00487,train,8,usable,6
frame_00488,train,0,low_conf,5
frame_00488,train,1,usable,6
frame_00488,train,2,low_conf,5
frame_00488,train,3,good,6
frame_00488,train,4,low_conf,5
frame_00488,train,5,low_conf,6
frame_00488,train,6,low_conf,5
frame_00489,train,0,low_conf,5
frame_00489,train,1,usable,5
frame_00489,train,2,low_conf,6
frame_00489,train,3,low_conf,6
frame_00489,train,4,usable,6
frame_00489,train,5,good,6
frame_00489,train,6,low_conf,5
frame_00489,train,7,low_conf,5
frame_00489,train,8,low_conf,5
frame_00490,train,0,low_conf,5
frame_00490,train,1,usable,5
frame_00490,train,2,low_conf,6
frame_00490,train,3,low_conf,6
frame_00490,train,4,good,6
frame_00490,train,5,good,6
frame_00490,train,6,low_conf,6
frame_00490,train,7,low_conf,4
frame_00490,train,8,low_conf,4
frame_00491,train,0,low_conf,5
frame_00491,train,1,usable,6
frame_00491,train,2,low_conf,6
frame_00491,train,3,good,6
frame_00491,train,4,good,6
frame_00491,train,5,low_conf,6
frame_00491,train,6,low_conf,4
frame_00491,train,7,low_conf,4
frame_00494,train,0,low_conf,5
frame_00494,train,1,usable,6
frame_00494,train,2,low_conf,7
frame_00494,train,3,good,7
frame_00494,train,4,low_conf,5
frame_00494,train,5,low_conf,5
frame_00495,train,0,low_conf,4
frame_00495,train,1,good,7
frame_00495,train,2,low_conf,6
frame_00495,train,3,usable,6
frame_00495,train,4,good,6
frame_00495,train,5,low_conf,5
frame_00495,train,6,low_conf,4
frame_00496,train,0,low_conf,5
frame_00496,train,1,low_conf,6
frame_00496,train,2,good,7
frame_00496,train,3,low_conf,4
frame_00496,train,4,low_conf,5
frame_00496,train,5,low_conf,5
frame_00497,train,0,low_conf,6
frame_00497,train,1,usable,6
frame_00497,train,2,good,7
frame_00497,train,3,good,6
frame_00497,train,4,low_conf,4
frame_00497,train,5,low_conf,4
frame_00497,train,6,low_conf,5
frame_00498,train,0,low_conf,5
frame_00498,train,1,low_conf,8
frame_00498,train,2,usable,6
frame_00498,train,3,low_conf,6
frame_00498,train,4,good,6
frame_00498,train,5,low_conf,4
frame_00498,train,6,low_conf,6
frame_00498,train,7,low_conf,4
frame_00498,train,8,low_conf,4
frame_00499,train,0,low_conf,5
frame_00499,train,1,usable,6
frame_00499,train,2,usable,7
frame_00499,train,3,low_conf,5
frame_00499,train,4,usable,7
frame_00499,train,5,good,6
frame_00499,train,6,low_conf,4
frame_00499,train,7,low_conf,6
frame_00499,train,8,low_conf,5
frame_00500,train,0,low_conf,6
frame_00500,train,1,low_conf,6
frame_00500,train,2,usable,6
frame_00500,train,3,low_conf,6
frame_00500,train,4,low_conf,6
frame_00500,train,5,usable,6
frame_00500,train,6,good,6
frame_00500,train,7,low_conf,5
frame_00500,train,8,usable,6
frame_00500,train,9,low_conf,5
frame_00501,train,0,low_conf,6
frame_00501,train,1,usable,6
frame_00501,train,2,low_conf,6
frame_00501,train,3,low_conf,4
frame_00501,train,4,good,6
frame_00501,train,5,good,6
frame_00501,train,6,low_conf,6
frame_00501,train,7,usable,6
frame_00501,train,8,low_conf,4
frame_00504,train,0,usable,5
frame_00504,train,1,low_conf,5
frame_00504,train,2,usable,5
frame_00504,train,3,usable,7
frame_00504,train,4,good,7
frame_00504,train,5,low_conf,5
frame_00504,train,6,usable,7
frame_00504,train,7,usable,7
frame_00505,train,0,usable,6
frame_00505,train,1,usable,5
frame_00505,train,2,usable,7
frame_00505,train,3,usable,6
frame_00505,train,4,usable,6
frame_00505,train,5,good,6
frame_00505,train,6,low_conf,4
frame_00505,train,7,low_conf,6
frame_00505,train,8,low_conf,5
frame_00506,train,0,usable,6
frame_00506,train,1,usable,7
frame_00506,train,2,usable,7
frame_00506,train,3,good,7
frame_00506,train,4,low_conf,4
frame_00506,train,5,usable,6
frame_00506,train,6,usable,6
frame_00507,train,0,usable,8
frame_00507,train,1,usable,7
frame_00507,train,2,good,8
frame_00507,train,3,good,6
frame_00507,train,4,low_conf,5
frame_00507,train,5,usable,6
frame_00507,train,6,low_conf,5
frame_00509,train,0,usable,5
frame_00509,train,1,usable,6
frame_00509,train,2,good,6
frame_00509,train,3,low_conf,4
frame_00509,train,4,usable,5
frame_00509,train,5,usable,6
frame_00510,train,0,usable,6
frame_00510,train,1,good,5
frame_00510,train,2,low_conf,5
frame_00510,train,3,usable,6
frame_00510,train,4,usable,6
frame_00510,train,5,low_conf,4
frame_00510,train,6,usable,6
frame_00510,train,7,low_conf,4
frame_00511,train,0,usable,7
frame_00511,train,1,usable,6
frame_00511,train,2,usable,7
frame_00511,train,3,good,6
frame_00511,train,4,low_conf,4
frame_00511,train,5,low_conf,5
frame_00511,train,6,low_conf,5
frame_00512,train,0,low_conf,6
frame_00512,train,1,low_conf,4
frame_00512,train,2,good,6
frame_00512,train,3,low_conf,5
frame_00512,train,4,usable,6
frame_00512,train,5,good,6
frame_00512,train,6,good,6
frame_00512,train,7,low_conf,5
frame_00512,train,8,usable,8
frame_00512,train,9,low_conf,5
frame_00513,train,0,usable,6
frame_00513,train,1,low_conf,4
frame_00513,train,2,good,7
frame_00513,train,3,low_conf,5
frame_00513,train,4,usable,6
frame_00513,train,5,usable,6
frame_00513,train,6,good,6
frame_00513,train,7,low_conf,4
frame_00513,train,8,usable,6
frame_00513,train,9,usable,6
frame_00514,train,0,usable,7
frame_00514,train,1,low_conf,6
frame_00514,train,2,good,6
frame_00514,train,3,low_conf,6
frame_00514,train,4,usable,6
frame_00514,train,5,usable,6
frame_00514,train,6,good,6
frame_00514,train,7,low_conf,4
frame_00514,train,8,usable,7
frame_00514,train,9,low_conf,5
frame_00515,train,0,usable,5
frame_00515,train,1,low_conf,6
frame_00515,train,2,low_conf,5
frame_00515,train,3,usable,6
frame_00515,train,4,usable,6
frame_00515,train,5,good,6
frame_00515,train,6,low_conf,4
frame_00515,train,7,low_conf,5
frame_00515,train,8,low_conf,5
frame_00516,train,0,usable,7
frame_00516,train,1,low_conf,6
frame_00516,train,2,usable,6
frame_00516,train,3,usable,6
frame_00516,train,4,good,6
frame_00516,train,5,low_conf,4
frame_00516,train,6,usable,6
frame_00516,train,7,usable,6
frame_00517,train,0,usable,5
frame_00517,train,1,low_conf,4
frame_00517,train,2,usable,6
frame_00517,train,3,good,6
frame_00517,train,4,good,6
frame_00517,train,5,low_conf,4
frame_00517,train,6,usable,5
frame_00517,train,7,low_conf,4
frame_00518,train,0,usable,5
frame_00518,train,1,low_conf,4
frame_00518,train,2,good,6
frame_00518,train,3,low_conf,6
frame_00518,train,4,good,6
frame_00518,train,5,low_conf,4
frame_00518,train,6,usable,6
frame_00518,train,7,usable,6
frame_00521,train,0,usable,6
frame_00521,train,1,low_conf,4
frame_00521,train,2,usable,6
frame_00521,train,3,good,6
frame_00521,train,4,good,6
frame_00521,train,5,low_conf,4
frame_00521,train,6,low_conf,5
frame_00521,train,7,usable,6
frame_00522,train,0,low_conf,5
frame_00522,train,1,low_conf,6
frame_00522,train,2,usable,6
frame_00522,train,3,usable,6
frame_00522,train,4,good,6
frame_00522,train,5,good,7
frame_00522,train,6,low_conf,4
frame_00522,train,7,low_conf,5
frame_00522,train,8,usable,7
frame_00524,train,0,usable,6
frame_00524,train,1,usable,7
frame_00524,train,2,usable,6
frame_00524,train,3,usable,6
frame_00524,train,4,usable,6
frame_00524,train,5,low_conf,5
frame_00524,train,6,low_conf,6
frame_00524,train,7,usable,6
frame_00526,train,0,low_conf,4
frame_00526,train,1,low_conf,5
frame_00526,train,2,usable,6
frame_00526,train,3,usable,6
frame_00526,train,4,good,6
frame_00526,train,5,good,7
frame_00526,train,6,low_conf,6
frame_00526,train,7,low_conf,6
frame_00526,train,8,usable,7
frame_00527,train,0,usable,6
frame_00527,train,1,low_conf,4
frame_00527,train,2,usable,6
frame_00527,train,3,usable,8
frame_00527,train,4,good,6
frame_00527,train,5,good,6
frame_00527,train,6,low_conf,6
frame_00527,train,7,low_conf,6
frame_00527,train,8,usable,6
frame_00528,train,0,usable,6
frame_00528,train,1,low_conf,4
frame_00528,train,2,usable,6
frame_00528,train,3,usable,5
frame_00528,train,4,usable,6
frame_00528,train,5,usable,7
frame_00528,train,6,low_conf,6
frame_00528,train,7,low_conf,4
frame_00528,train,8,usable,6
frame_00529,train,0,low_conf,5
frame_00529,train,1,low_conf,5
frame_00529,train,2,usable,6
frame_00529,train,3,usable,6
frame_00529,train,4,usable,6
frame_00529,train,5,good,6
frame_00529,train,6,low_conf,6
frame_00529,train,7,low_conf,5
frame_00529,train,8,usable,7
frame_00530,train,0,usable,6
frame_00530,train,1,low_conf,4
frame_00530,train,2,usable,7
frame_00530,train,3,usable,6
frame_00530,train,4,usable,7
frame_00530,train,5,good,6
frame_00530,train,6,low_conf,6
frame_00530,train,7,low_conf,5
frame_00530,train,8,usable,6
frame_00531,train,0,usable,5
frame_00531,train,1,low_conf,6
frame_00531,train,2,usable,6
frame_00531,train,3,usable,6
frame_00531,train,4,usable,7
frame_00531,train,5,good,6
frame_00531,train,6,low_conf,6
frame_00531,train,7,low_conf,5
frame_00531,train,8,usable,6
frame_00532,train,0,low_conf,6
frame_00532,train,1,usable,5
frame_00532,train,2,usable,7
frame_00532,train,3,usable,6
frame_00532,train,4,good,6
frame_00532,train,5,good,6
frame_00532,train,6,low_conf,5
frame_00532,train,7,low_conf,4
frame_00532,train,8,usable,6
frame_00534,train,0,low_conf,6
frame_00534,train,1,low_conf,6
frame_00534,train,2,usable,5
frame_00534,train,3,usable,7
frame_00534,train,4,low_conf,5
frame_00534,train,5,usable,7
frame_00534,train,6,usable,6
frame_00534,train,7,low_conf,4
frame_00534,train,8,usable,6
frame_00534,train,9,low_conf,4
frame_00535,train,0,low_conf,5
frame_00535,train,1,usable,6
frame_00535,train,2,usable,6
frame_00535,train,3,usable,7
frame_00535,train,4,usable,7
frame_00535,train,5,usable,6
frame_00535,train,6,low_conf,5
frame_00535,train,7,usable,6
frame_00535,train,8,low_conf,5
frame_00536,train,0,usable,6
frame_00536,train,1,usable,7
frame_00536,train,2,usable,6
frame_00536,train,3,usable,7
frame_00536,train,4,usable,6
frame_00536,train,5,good,8
frame_00536,train,6,low_conf,6
frame_00536,train,7,low_conf,6
frame_00536,train,8,low_conf,6
frame_00538,train,0,usable,7
frame_00538,train,1,usable,6
frame_00538,train,2,usable,7
frame_00538,train,3,usable,7
frame_00538,train,4,good,6
frame_00538,train,5,good,6
frame_00538,train,6,low_conf,6
frame_00538,train,7,low_conf,6
frame_00539,train,0,usable,6
frame_00539,train,1,usable,6
frame_00539,train,2,usable,6
frame_00539,train,3,usable,7
frame_00539,train,4,usable,6
frame_00539,train,5,good,6
frame_00539,train,6,low_conf,4
frame_00539,train,7,low_conf,6
frame_00540,train,0,usable,6
frame_00540,train,1,usable,7
frame_00540,train,2,usable,6
frame_00540,train,3,usable,5
frame_00540,train,4,low_conf,6
frame_00540,train,5,low_conf,5
frame_00541,train,0,usable,6
frame_00541,train,1,low_conf,6
frame_00541,train,2,low_conf,6
frame_00541,train,3,usable,6
frame_00541,train,4,low_conf,4
frame_00541,train,5,low_conf,4
frame_00542,train,0,low_conf,5
frame_00542,train,1,usable,5
frame_00542,train,2,usable,7
frame_00542,train,3,usable,6
frame_00542,train,4,usable,6
frame_00542,train,5,good,6
frame_00542,train,6,low_conf,4
frame_00542,train,7,low_conf,5
frame_00543,train,0,usable,6
frame_00543,train,1,usable,5
frame_00543,train,2,low_conf,5
frame_00543,train,3,usable,6
frame_00543,train,4,good,7
frame_00543,train,5,low_conf,4
frame_00543,train,6,low_conf,4
frame_00544,train,0,usable,6
frame_00544,train,1,usable,6
frame_00544,train,2,usable,6
frame_00544,train,3,usable,6
frame_00544,train,4,usable,6
frame_00544,train,5,usable,6
frame_00544,train,6,usable,5
frame_00544,train,7,low_conf,4
frame_00544,train,8,low_conf,4
frame_00544,train,9,low_conf,4
frame_00545,train,0,usable,6
frame_00545,train,1,low_conf,5
frame_00545,train,2,usable,6
frame_00545,train,3,usable,7
frame_00545,train,4,usable,6
frame_00545,train,5,low_conf,4
frame_00545,train,6,low_conf,4
frame_00545,train,7,low_conf,5
frame_00546,train,0,usable,5
frame_00546,train,1,low_conf,4
frame_00546,train,2,usable,6
frame_00546,train,3,usable,7
frame_00546,train,4,low_conf,4
frame_00546,train,5,low_conf,4
frame_00546,train,6,low_conf,5
frame_00547,train,0,usable,5
frame_00547,train,1,usable,6
frame_00547,train,2,usable,6
frame_00547,train,3,usable,7
frame_00547,train,4,good,6
frame_00547,train,5,good,7
frame_00547,train,6,low_conf,4
frame_00547,train,7,low_conf,4
frame_00547,train,8,usable,6
frame_00549,train,0,usable,6
frame_00549,train,1,usable,7
frame_00549,train,2,usable,6
frame_00549,train,3,low_conf,6
frame_00549,train,4,usable,6
frame_00549,train,5,usable,7
frame_00549,train,6,low_conf,4
frame_00549,train,7,low_conf,6
frame_00549,train,8,low_conf,6
frame_00551,train,0,usable,6
frame_00551,train,1,usable,7
frame_00551,train,2,low_conf,4
frame_00551,train,3,usable,6
frame_00551,train,4,usable,5
frame_00551,train,5,low_conf,4
frame_00551,train,6,low_conf,6
frame_00551,train,7,low_conf,4
frame_00553,train,0,usable,6
frame_00553,train,1,usable,7
frame_00553,train,2,good,6
frame_00553,train,3,low_conf,4
frame_00553,train,4,usable,6
frame_00553,train,5,good,7
frame_00553,train,6,good,6
frame_00553,train,7,low_conf,4
frame_00553,train,8,low_conf,5
frame_00553,train,9,low_conf,6
frame_00553,train,10,low_conf,5
frame_00556,train,0,usable,6
frame_00556,train,1,low_conf,6
frame_00556,train,2,low_conf,6
frame_00556,train,3,usable,7
frame_00556,train,4,usable,6
frame_00556,train,5,low_conf,4
frame_00556,train,6,usable,6
frame_00556,train,7,usable,6
frame_00557,train,0,usable,6
frame_00557,train,1,low_conf,6
frame_00557,train,2,good,7
frame_00557,train,3,low_conf,4
frame_00557,train,4,low_conf,6
frame_00557,train,5,low_conf,6
frame_00559,train,0,usable,7
frame_00559,train,1,usable,7
frame_00559,train,2,usable,6
frame_00559,train,3,usable,8
frame_00559,train,4,usable,6
frame_00559,train,5,good,6
frame_00559,train,6,low_conf,4
frame_00559,train,7,low_conf,4
frame_00559,train,8,low_conf,5
frame_00559,train,9,low_conf,5
frame_00560,train,0,usable,5
frame_00560,train,1,usable,6
frame_00560,train,2,usable,6
frame_00560,train,3,usable,6
frame_00560,train,4,usable,7
frame_00560,train,5,low_conf,5
frame_00560,train,6,low_conf,4
frame_00560,train,7,low_conf,5
frame_00561,train,0,usable,6
frame_00561,train,1,usable,6
frame_00561,train,2,usable,8
frame_00561,train,3,usable,6
frame_00561,train,4,low_conf,5
frame_00561,train,5,low_conf,4
frame_00561,train,6,low_conf,6
frame_00562,train,0,usable,6
frame_00562,train,1,usable,7
frame_00562,train,2,usable,6
frame_00562,train,3,usable,6
frame_00562,train,4,good,7
frame_00562,train,5,low_conf,4
frame_00562,train,6,low_conf,4
frame_00562,train,7,low_conf,6
frame_00562,train,8,low_conf,5
frame_00563,train,0,usable,6
frame_00563,train,1,usable,7
frame_00563,train,2,usable,6
frame_00563,train,3,good,7
frame_00563,train,4,low_conf,5
frame_00563,train,5,low_conf,5
frame_00563,train,6,usable,7
frame_00563,train,7,low_conf,5
frame_00564,train,0,usable,7
frame_00564,train,1,usable,7
frame_00564,train,2,usable,6
frame_00564,train,3,usable,6
frame_00564,train,4,good,6
frame_00564,train,5,low_conf,4
frame_00564,train,6,low_conf,4
frame_00564,train,7,low_conf,4
frame_00564,train,8,low_conf,5
frame_00565,train,0,usable,7
frame_00565,train,1,usable,6
frame_00565,train,2,usable,6
frame_00565,train,3,usable,5
frame_00565,train,4,good,6
frame_00565,train,5,low_conf,6
frame_00565,train,6,low_conf,4
frame_00565,train,7,low_conf,4
frame_00566,train,0,usable,6
frame_00566,train,1,usable,6
frame_00566,train,2,usable,6
frame_00566,train,3,usable,6
frame_00566,train,4,good,5
frame_00566,train,5,low_conf,6
frame_00566,train,6,low_conf,6
frame_00566,train,7,low_conf,4
frame_00567,train,0,usable,5
frame_00567,train,1,usable,6
frame_00567,train,2,usable,5
frame_00567,train,3,good,7
frame_00567,train,4,usable,8
frame_00567,train,5,low_conf,6
frame_00567,train,6,low_conf,5
frame_00568,train,0,usable,6
frame_00568,train,1,low_conf,5
frame_00568,train,2,usable,6
frame_00568,train,3,good,7
frame_00568,train,4,usable,5
frame_00568,train,5,low_conf,6
frame_00568,train,6,low_conf,6
frame_00568,train,7,low_conf,6
frame_00568,train,8,low_conf,5
frame_00569,train,0,usable,5
frame_00569,train,1,low_conf,5
frame_00569,train,2,usable,6
frame_00569,train,3,good,7
frame_00569,train,4,usable,7
frame_00569,train,5,low_conf,6
frame_00569,train,6,low_conf,6
frame_00569,train,7,low_conf,7
frame_00570,train,0,usable,7
frame_00570,train,1,good,7
frame_00570,train,2,low_conf,5
frame_00570,train,3,usable,6
frame_00570,train,4,usable,7
frame_00570,train,5,good,6
frame_00570,train,6,low_conf,6
frame_00570,train,7,low_conf,4
frame_00570,train,8,low_conf,5
frame_00571,train,0,usable,6
frame_00571,train,1,usable,7
frame_00571,train,2,usable,6
frame_00571,train,3,good,7
frame_00571,train,4,usable,7
frame_00571,train,5,low_conf,6
frame_00571,train,6,low_conf,5
frame_00571,train,7,usable,6
frame_00571,train,8,low_conf,4
frame_00572,train,0,usable,6
frame_00572,train,1,usable,6
frame_00572,train,2,usable,6
frame_00572,train,3,usable,6
frame_00572,train,4,good,6
frame_00572,train,5,low_conf,6
frame_00572,train,6,low_conf,4
frame_00572,train,7,low_conf,5
frame_00573,train,0,usable,7
frame_00573,train,1,usable,7
frame_00573,train,2,good,6
frame_00573,train,3,usable,6
frame_00573,train,4,good,6
frame_00573,train,5,low_conf,5
frame_00573,train,6,low_conf,5
frame_00573,train,7,low_conf,5
frame_00573,train,8,low_conf,6
frame_00574,train,0,usable,6
frame_00574,train,1,usable,7
frame_00574,train,2,usable,7
frame_00574,train,3,good,7
frame_00574,train,4,usable,6
frame_00574,train,5,good,7
frame_00574,train,6,low_conf,5
frame_00574,train,7,low_conf,4
frame_00574,train,8,usable,6
frame_00575,train,0,low_conf,7
frame_00575,train,1,usable,6
frame_00575,train,2,usable,6
frame_00575,train,3,good,6
frame_00575,train,4,usable,7
frame_00575,train,5,good,6
frame_00575,train,6,low_conf,4
frame_00575,train,7,low_conf,5
frame_00575,train,8,usable,6
frame_00575,train,9,low_conf,4
frame_00576,train,0,low_conf,7
frame_00576,train,1,good,6
frame_00576,train,2,usable,8
frame_00576,train,3,usable,7
frame_00576,train,4,good,6
frame_00576,train,5,usable,6
frame_00576,train,6,low_conf,4
frame_00576,train,7,low_conf,5
frame_00576,train,8,low_conf,6
frame_00576,train,9,low_conf,5
frame_00577,train,0,low_conf,7
frame_00577,train,1,usable,6
frame_00577,train,2,usable,6
frame_00577,train,3,usable,5
frame_00577,train,4,usable,7
frame_00577,train,5,low_conf,4
frame_00577,train,6,low_conf,6
frame_00577,train,7,low_conf,5
frame_00578,train,0,low_conf,6
frame_00578,train,1,usable,6
frame_00578,train,2,usable,6
frame_00578,train,3,good,6
frame_00578,train,4,usable,7
frame_00578,train,5,low_conf,4
frame_00578,train,6,low_conf,6
frame_00578,train,7,low_conf,6
frame_00582,train,0,usable,5
frame_00582,train,1,usable,6
frame_00582,train,2,low_conf,4
frame_00582,train,3,good,7
frame_00582,train,4,low_conf,5
frame_00582,train,5,low_conf,6
frame_00582,train,6,usable,6
frame_00583,train,0,low_conf,5
frame_00583,train,1,usable,5
frame_00583,train,2,usable,6
frame_00583,train,3,good,6
frame_00583,train,4,low_conf,4
frame_00583,train,5,low_conf,6
frame_00583,train,6,low_conf,6
frame_00583,train,7,usable,6
frame_00585,train,0,usable,7
frame_00585,train,1,usable,7
frame_00585,train,2,usable,6
frame_00585,train,3,low_conf,5
frame_00585,train,4,good,6
frame_00585,train,5,usable,7
frame_00585,train,6,low_conf,5
frame_00585,train,7,low_conf,5
frame_00586,train,0,usable,6
frame_00586,train,1,usable,7
frame_00586,train,2,low_conf,5
frame_00586,train,3,good,6
frame_00586,train,4,usable,6
frame_00586,train,5,low_conf,6
frame_00586,train,6,low_conf,4
frame_00586,train,7,low_conf,4
frame_00586,train,8,usable,7
frame_00588,train,0,usable,6
frame_00588,train,1,low_conf,5
frame_00588,train,2,low_conf,6
frame_00588,train,3,good,6
frame_00588,train,4,usable,6
frame_00588,train,5,low_conf,6
frame_00588,train,6,low_conf,5
frame_00590,train,0,usable,7
frame_00590,train,1,usable,6
frame_00590,train,2,usable,6
frame_00590,train,3,low_conf,5
frame_00590,train,4,good,6
frame_00590,train,5,usable,5
frame_00590,train,6,low_conf,6
frame_00590,train,7,low_conf,5
frame_00590,train,8,low_conf,7
frame_00592,train,0,low_conf,4
frame_00592,train,1,usable,7
frame_00592,train,2,usable,5
frame_00592,train,3,low_conf,5
frame_00592,train,4,good,6
frame_00592,train,5,usable,5
frame_00592,train,6,low_conf,5
frame_00592,train,7,low_conf,6
frame_00592,train,8,low_conf,5
frame_00593,train,0,usable,7
frame_00593,train,1,usable,7
frame_00593,train,2,usable,6
frame_00593,train,3,usable,6
frame_00593,train,4,good,7
frame_00593,train,5,usable,7
frame_00593,train,6,low_conf,4
frame_00593,train,7,usable,5
frame_00594,train,0,usable,6
frame_00594,train,1,usable,6
frame_00594,train,2,usable,6
frame_00594,train,3,usable,7
frame_00594,train,4,good,7
frame_00594,train,5,usable,6
frame_00594,train,6,low_conf,4
frame_00594,train,7,low_conf,6
frame_00594,train,8,usable,6
frame_00595,train,0,usable,6
frame_00595,train,1,good,6
frame_00595,train,2,usable,6
frame_00595,train,3,low_conf,6
frame_00595,train,4,good,6
frame_00595,train,5,usable,6
frame_00595,train,6,low_conf,4
frame_00595,train,7,low_conf,6
frame_00595,train,8,usable,7
frame_00596,train,0,usable,7
frame_00596,train,1,usable,6
frame_00596,train,2,usable,5
frame_00596,train,3,usable,6
frame_00596,train,4,good,6
frame_00596,train,5,usable,6
frame_00596,train,6,low_conf,4
frame_00596,train,7,low_conf,6
frame_00596,train,8,low_conf,6
frame_00596,train,9,low_conf,4
frame_00597,train,0,usable,6
frame_00597,train,1,usable,6
frame_00597,train,2,usable,7
frame_00597,train,3,usable,6
frame_00597,train,4,good,6
frame_00597,train,5,usable,6
frame_00597,train,6,low_conf,4
frame_00597,train,7,low_conf,6
frame_00598,train,0,usable,6
frame_00598,train,1,usable,6
frame_00598,train,2,usable,6
frame_00598,train,3,low_conf,5
frame_00598,train,4,good,6
frame_00598,train,5,usable,6
frame_00598,train,6,low_conf,4
frame_00598,train,7,low_conf,5
frame_00598,train,8,low_conf,7
frame_00599,train,0,usable,6
frame_00599,train,1,usable,6
frame_00599,train,2,usable,5
frame_00599,train,3,low_conf,5
frame_00599,train,4,good,7
frame_00599,train,5,usable,6
frame_00599,train,6,good,7
frame_00599,train,7,low_conf,4
frame_00599,train,8,low_conf,5
frame_00599,train,9,low_conf,7
frame_00599,train,10,low_conf,6
frame_00600,train,0,usable,5
frame_00600,train,1,usable,6
frame_00600,train,2,usable,5
frame_00600,train,3,low_conf,4
frame_00600,train,4,good,7
frame_00600,train,5,usable,6
frame_00600,train,6,good,6
frame_00600,train,7,low_conf,4
frame_00600,train,8,low_conf,4
frame_00600,train,9,low_conf,6
frame_00600,train,10,low_conf,7
frame_00602,train,0,usable,6
frame_00602,train,1,usable,6
frame_00602,train,2,usable,6
frame_00602,train,3,usable,7
frame_00602,train,4,good,6
frame_00602,train,5,good,6
frame_00602,train,6,low_conf,5
frame_00602,train,7,low_conf,4
frame_00603,train,0,usable,6
frame_00603,train,1,usable,6
frame_00603,train,2,usable,5
frame_00603,train,3,low_conf,7
frame_00603,train,4,good,7
frame_00603,train,5,good,6
frame_00603,train,6,low_conf,6
frame_00603,train,7,low_conf,5
frame_00603,train,8,low_conf,6
frame_00603,train,9,low_conf,6
frame_00603,train,10,low_conf,4
frame_00604,train,0,usable,6
frame_00604,train,1,usable,6
frame_00604,train,2,low_conf,6
frame_00604,train,3,usable,5
frame_00604,train,4,good,7
frame_00604,train,5,usable,6
frame_00604,train,6,good,6
frame_00604,train,7,low_conf,6
frame_00604,train,8,low_conf,6
frame_00604,train,9,low_conf,6
frame_00605,train,0,usable,6
frame_00605,train,1,usable,7
frame_00605,train,2,low_conf,7
frame_00605,train,3,usable,6
frame_00605,train,4,usable,7
frame_00605,train,5,usable,6
frame_00605,train,6,good,7
frame_00605,train,7,usable,6
frame_00605,train,8,low_conf,6
frame_00605,train,9,low_conf,5
frame_00605,train,10,low_conf,6
frame_00606,train,0,usable,6
frame_00606,train,1,usable,7
frame_00606,train,2,usable,7
frame_00606,train,3,usable,6
frame_00606,train,4,usable,6
frame_00606,train,5,good,7
frame_00606,train,6,usable,5
frame_00606,train,7,low_conf,6
frame_00606,train,8,low_conf,6
frame_00606,train,9,low_conf,5
frame_00607,train,0,usable,7
frame_00607,train,1,usable,6
frame_00607,train,2,usable,5
frame_00607,train,3,usable,6
frame_00607,train,4,usable,6
frame_00607,train,5,low_conf,4
frame_00607,train,6,good,7
frame_00607,train,7,low_conf,6
frame_00607,train,8,low_conf,6
frame_00607,train,9,low_conf,7
frame_00607,train,10,low_conf,6
frame_00608,train,0,usable,6
frame_00608,train,1,usable,6
frame_00608,train,2,low_conf,4
frame_00608,train,3,usable,7
frame_00608,train,4,usable,7
frame_00608,train,5,usable,6
frame_00608,train,6,good,7
frame_00608,train,7,low_conf,6
frame_00608,train,8,low_conf,5
frame_00608,train,9,low_conf,6
frame_00608,train,10,low_conf,5
frame_00609,train,0,low_conf,5
frame_00609,train,1,usable,6
frame_00609,train,2,low_conf,4
frame_00609,train,3,usable,7
frame_00609,train,4,usable,6
frame_00609,train,5,good,6
frame_00609,train,6,low_conf,6
frame_00609,train,7,low_conf,4
frame_00609,train,8,low_conf,4
frame_00610,train,0,usable,6
frame_00610,train,1,usable,6
frame_00610,train,2,usable,6
frame_00610,train,3,usable,6
frame_00610,train,4,usable,6
frame_00610,train,5,good,6
frame_00610,train,6,usable,5
frame_00610,train,7,low_conf,4
frame_00610,train,8,low_conf,5
frame_00610,train,9,usable,6
frame_00612,train,0,low_conf,5
frame_00612,train,1,good,6
frame_00612,train,2,usable,6
frame_00612,train,3,usable,7
frame_00612,train,4,low_conf,6
frame_00612,train,5,good,6
frame_00612,train,6,low_conf,5
frame_00612,train,7,low_conf,4
frame_00612,train,8,low_conf,6
frame_00613,train,0,low_conf,4
frame_00613,train,1,usable,7
frame_00613,train,2,usable,5
frame_00613,train,3,usable,7
frame_00613,train,4,usable,7
frame_00613,train,5,usable,7
frame_00613,train,6,good,6
frame_00613,train,7,low_conf,6
frame_00613,train,8,low_conf,5
frame_00613,train,9,low_conf,6
frame_00613,train,10,low_conf,5
frame_00614,train,0,good,6
frame_00614,train,1,usable,6
frame_00614,train,2,usable,6
frame_00614,train,3,low_conf,6
frame_00614,train,4,good,6
frame_00614,train,5,low_conf,6
frame_00614,train,6,low_conf,6
frame_00614,train,7,low_conf,4
frame_00614,train,8,usable,7
frame_00616,train,0,low_conf,5
frame_00616,train,1,good,6
frame_00616,train,2,usable,9
frame_00616,train,3,low_conf,6
frame_00616,train,4,good,6
frame_00616,train,5,low_conf,6
frame_00616,train,6,low_conf,4
frame_00617,train,0,low_conf,5
frame_00617,train,1,good,6
frame_00617,train,2,low_conf,4
frame_00617,train,3,usable,6
frame_00617,train,4,usable,6
frame_00617,train,5,low_conf,6
frame_00617,train,6,good,7
frame_00617,train,7,low_conf,5
frame_00617,train,8,low_conf,4
frame_00617,train,9,low_conf,5
frame_00618,train,0,low_conf,4
frame_00618,train,1,good,6
frame_00618,train,2,low_conf,6
frame_00618,train,3,usable,8
frame_00618,train,4,usable,5
frame_00618,train,5,usable,6
frame_00618,train,6,good,6
frame_00618,train,7,low_conf,6
frame_00618,train,8,low_conf,4
frame_00618,train,9,low_conf,5
frame_00618,train,10,usable,6
frame_00619,train,0,low_conf,4
frame_00619,train,1,good,6
frame_00619,train,2,low_conf,6
frame_00619,train,3,usable,6
frame_00619,train,4,low_conf,6
frame_00619,train,5,good,6
frame_00619,train,6,low_conf,5
frame_00619,train,7,low_conf,4
frame_00619,train,8,low_conf,5
frame_00619,train,9,low_conf,4
frame_00621,train,0,low_conf,4
frame_00621,train,1,usable,8
frame_00621,train,2,usable,6
frame_00621,train,3,usable,6
frame_00621,train,4,usable,6
frame_00621,train,5,low_conf,4
frame_00621,train,6,low_conf,4
frame_00623,train,0,low_conf,4
frame_00623,train,1,usable,6
frame_00623,train,2,usable,6
frame_00623,train,3,usable,6
frame_00623,train,4,good,6
frame_00623,train,5,usable,8
frame_00623,train,6,good,6
frame_00623,train,7,low_conf,5
frame_00623,train,8,low_conf,6
frame_00623,train,9,low_conf,4
frame_00626,train,0,low_conf,5
frame_00626,train,1,usable,7
frame_00626,train,2,usable,6
frame_00626,train,3,usable,5
frame_00626,train,4,usable,6
frame_00626,train,5,low_conf,6
frame_00626,train,6,low_conf,6
frame_00627,train,0,low_conf,5
frame_00627,train,1,usable,6
frame_00627,train,2,usable,6
frame_00627,train,3,usable,6
frame_00627,train,4,usable,7
frame_00627,train,5,usable,6
frame_00627,train,6,low_conf,7
frame_00627,train,7,low_conf,6
frame_00627,train,8,low_conf,5
frame_00629,train,0,low_conf,6
frame_00629,train,1,usable,6
frame_00629,train,2,usable,6
frame_00629,train,3,usable,5
frame_00629,train,4,usable,6
frame_00629,train,5,usable,6
frame_00629,train,6,low_conf,4
frame_00629,train,7,low_conf,6
frame_00629,train,8,low_conf,4
frame_00629,train,9,low_conf,5
frame_00630,train,0,low_conf,6
frame_00630,train,1,usable,5
frame_00630,train,2,usable,6
frame_00630,train,3,usable,5
frame_00630,train,4,usable,7
frame_00630,train,5,usable,6
frame_00630,train,6,low_conf,5
frame_00630,train,7,low_conf,5
frame_00630,train,8,low_conf,5
frame_00630,train,9,low_conf,4
frame_00631,train,0,low_conf,6
frame_00631,train,1,usable,6
frame_00631,train,2,usable,6
frame_00631,train,3,usable,6
frame_00631,train,4,usable,7
frame_00631,train,5,usable,6
frame_00631,train,6,low_conf,4
frame_00631,train,7,low_conf,4
frame_00631,train,8,low_conf,4
frame_00632,train,0,low_conf,5
frame_00632,train,1,usable,7
frame_00632,train,2,usable,6
frame_00632,train,3,low_conf,4
frame_00632,train,4,usable,7
frame_00632,train,5,usable,6
frame_00632,train,6,low_conf,4
frame_00632,train,7,low_conf,4
frame_00632,train,8,low_conf,6
frame_00633,train,0,low_conf,6
frame_00633,train,1,usable,6
frame_00633,train,2,usable,6
frame_00633,train,3,usable,6
frame_00633,train,4,good,6
frame_00633,train,5,usable,7
frame_00633,train,6,low_conf,5
frame_00633,train,7,low_conf,4
frame_00633,train,8,low_conf,6
frame_00633,train,9,low_conf,4
frame_00634,train,0,low_conf,6
frame_00634,train,1,usable,7
frame_00634,train,2,usable,6
frame_00634,train,3,usable,6
frame_00634,train,4,usable,7
frame_00634,train,5,usable,6
frame_00634,train,6,low_conf,4
frame_00634,train,7,low_conf,4
frame_00634,train,8,low_conf,6
frame_00634,train,9,low_conf,5
frame_00635,train,0,low_conf,6
frame_00635,train,1,usable,7
frame_00635,train,2,usable,7
frame_00635,train,3,usable,6
frame_00635,train,4,low_conf,6
frame_00635,train,5,low_conf,4
frame_00635,train,6,low_conf,4
frame_00635,train,7,low_conf,5
frame_00635,train,8,usable,6
frame_00636,train,0,low_conf,5
frame_00636,train,1,good,6
frame_00636,train,2,usable,6
frame_00636,train,3,usable,6
frame_00636,train,4,usable,6
frame_00636,train,5,usable,6
frame_00636,train,6,good,6
frame_00636,train,7,low_conf,7
frame_00636,train,8,low_conf,5
frame_00637,train,0,low_conf,5
frame_00637,train,1,usable,6
frame_00637,train,2,usable,6
frame_00637,train,3,usable,6
frame_00637,train,4,usable,6
frame_00637,train,5,usable,6
frame_00637,train,6,low_conf,6
frame_00637,train,7,low_conf,5
frame_00641,train,0,low_conf,5
frame_00641,train,1,usable,6
frame_00641,train,2,usable,6
frame_00641,train,3,usable,5
frame_00641,train,4,usable,7
frame_00641,train,5,usable,7
frame_00641,train,6,good,6
frame_00641,train,7,low_conf,5
frame_00641,train,8,low_conf,5
frame_00641,train,9,low_conf,6
frame_00642,train,0,low_conf,5
frame_00642,train,1,usable,6
frame_00642,train,2,usable,6
frame_00642,train,3,usable,6
frame_00642,train,4,usable,6
frame_00642,train,5,low_conf,7
frame_00642,train,6,good,6
frame_00642,train,7,low_conf,4
frame_00642,train,8,low_conf,5
frame_00642,train,9,low_conf,6
frame_00642,train,10,low_conf,6
frame_00643,train,0,low_conf,4
frame_00643,train,1,usable,7
frame_00643,train,2,usable,6
frame_00643,train,3,usable,6
frame_00643,train,4,usable,6
frame_00643,train,5,low_conf,4
frame_00643,train,6,low_conf,5
frame_00643,train,7,low_conf,5
frame_00644,train,0,low_conf,4
frame_00644,train,1,usable,6
frame_00644,train,2,usable,6
frame_00644,train,3,usable,6
frame_00644,train,4,usable,6
frame_00644,train,5,good,6
frame_00644,train,6,low_conf,5
frame_00644,train,7,low_conf,4
frame_00644,train,8,low_conf,4
frame_00646,train,0,low_conf,4
frame_00646,train,1,usable,6
frame_00646,train,2,usable,6
frame_00646,train,3,usable,5
frame_00646,train,4,low_conf,6
frame_00646,train,5,good,6
frame_00646,train,6,low_conf,5
frame_00646,train,7,low_conf,6
frame_00647,train,0,low_conf,4
frame_00647,train,1,usable,5
frame_00647,train,2,usable,6
frame_00647,train,3,usable,7
frame_00647,train,4,usable,5
frame_00647,train,5,low_conf,6
frame_00647,train,6,good,6
frame_00647,train,7,low_conf,5
frame_00647,train,8,low_conf,5
frame_00647,train,9,low_conf,5
frame_00648,train,0,low_conf,4
frame_00648,train,1,usable,6
frame_00648,train,2,usable,6
frame_00648,train,3,usable,6
frame_00648,train,4,usable,6
frame_00648,train,5,low_conf,4
frame_00648,train,6,low_conf,6
frame_00648,train,7,low_conf,5
frame_00648,train,8,low_conf,6
frame_00649,train,0,low_conf,4
frame_00649,train,1,usable,5
frame_00649,train,2,low_conf,4
frame_00649,train,3,low_conf,4
frame_00649,train,4,usable,6
frame_00649,train,5,low_conf,4
frame_00649,train,6,good,6
frame_00649,train,7,low_conf,4
frame_00649,train,8,low_conf,6
frame_00649,train,9,low_conf,5
frame_00650,train,0,low_conf,5
frame_00650,train,1,usable,5
frame_00650,train,2,usable,6
frame_00650,train,3,usable,6
frame_00650,train,4,low_conf,4
frame_00650,train,5,good,8
frame_00650,train,6,low_conf,4
frame_00650,train,7,low_conf,6
frame_00651,train,0,low_conf,7
frame_00651,train,1,usable,6
frame_00651,train,2,usable,7
frame_00651,train,3,good,6
frame_00651,train,4,low_conf,6
frame_00651,train,5,low_conf,4
frame_00655,train,0,low_conf,6
frame_00655,train,1,low_conf,7
frame_00655,train,2,low_conf,6
frame_00655,train,3,low_conf,6
frame_00655,train,4,usable,7
frame_00655,train,5,low_conf,5
frame_00655,train,6,good,6
frame_00655,train,7,usable,5
frame_00655,train,8,low_conf,4
frame_00657,train,0,low_conf,5
frame_00657,train,1,low_conf,6
frame_00657,train,2,usable,5
frame_00657,train,3,usable,7
frame_00657,train,4,low_conf,5
frame_00657,train,5,good,6
frame_00657,train,6,low_conf,6
frame_00657,train,7,low_conf,4
frame_00658,train,0,low_conf,5
frame_00658,train,1,low_conf,5
frame_00658,train,2,usable,6
frame_00658,train,3,usable,6
frame_00658,train,4,good,7
frame_00658,train,5,low_conf,6
frame_00658,train,6,good,6
frame_00658,train,7,low_conf,6
frame_00658,train,8,low_conf,4
frame_00658,train,9,low_conf,5
frame_00660,train,0,low_conf,6
frame_00660,train,1,low_conf,5
frame_00660,train,2,usable,7
frame_00660,train,3,low_conf,4
frame_00660,train,4,low_conf,5
frame_00660,train,5,good,6
frame_00660,train,6,low_conf,4
frame_00660,train,7,low_conf,5
frame_00663,train,0,low_conf,4
frame_00663,train,1,low_conf,4
frame_00663,train,2,usable,6
frame_00663,train,3,good,7
frame_00663,train,4,low_conf,4
frame_00663,train,5,good,7
frame_00663,train,6,low_conf,6
frame_00663,train,7,low_conf,5
frame_00663,train,8,low_conf,4
frame_00665,train,0,low_conf,6
frame_00665,train,1,low_conf,4
frame_00665,train,2,low_conf,6
frame_00665,train,3,usable,7
frame_00665,train,4,low_conf,6
frame_00665,train,5,low_conf,4
frame_00666,train,0,usable,7
frame_00666,train,1,low_conf,4
frame_00666,train,2,usable,6
frame_00666,train,3,usable,6
frame_00666,train,4,low_conf,4
frame_00666,train,5,low_conf,4
frame_00666,train,6,low_conf,5
frame_00667,train,0,low_conf,6
frame_00667,train,1,low_conf,4
frame_00667,train,2,usable,6
frame_00667,train,3,usable,7
frame_00667,train,4,usable,6
frame_00667,train,5,low_conf,6
frame_00667,train,6,low_conf,4
frame_00668,train,0,low_conf,5
frame_00668,train,1,low_conf,6
frame_00668,train,2,low_conf,4
frame_00668,train,3,good,6
frame_00668,train,4,low_conf,5
frame_00668,train,5,low_conf,6
frame_00668,train,6,low_conf,5
frame_00668,train,7,low_conf,6
frame_00668,train,8,low_conf,4
frame_00669,train,0,low_conf,5
frame_00669,train,1,low_conf,6
frame_00669,train,2,usable,6
frame_00669,train,3,good,6
frame_00669,train,4,good,8
frame_00669,train,5,low_conf,6
frame_00669,train,6,low_conf,4
frame_00672,train,0,low_conf,4
frame_00672,train,1,low_conf,4
frame_00672,train,2,low_conf,6
frame_00672,train,3,usable,6
frame_00672,train,4,low_conf,6
frame_00672,train,5,low_conf,4
frame_00672,train,6,low_conf,4
frame_00672,train,7,low_conf,5
frame_00673,train,0,low_conf,5
frame_00673,train,1,low_conf,4
frame_00673,train,2,low_conf,4
frame_00673,train,3,good,6
frame_00673,train,4,low_conf,6
frame_00673,train,5,low_conf,4
frame_00673,train,6,low_conf,5
frame_00673,train,7,low_conf,4
frame_00674,train,0,low_conf,4
frame_00674,train,1,low_conf,5
frame_00674,train,2,good,7
frame_00674,train,3,low_conf,5
frame_00674,train,4,good,7
frame_00674,train,5,low_conf,7
frame_00674,train,6,low_conf,6
frame_00674,train,7,low_conf,5
frame_00674,train,8,low_conf,4
frame_00675,train,0,low_conf,4
frame_00675,train,1,low_conf,5
frame_00675,train,2,low_conf,4
frame_00675,train,3,low_conf,6
frame_00675,train,4,low_conf,6
frame_00675,train,5,low_conf,5
frame_00675,train,6,low_conf,4
frame_00676,train,0,low_conf,5
frame_00676,train,1,low_conf,6
frame_00676,train,2,low_conf,5
frame_00676,train,3,low_conf,6
frame_00676,train,4,low_conf,7
frame_00676,train,5,low_conf,5
frame_00676,train,6,low_conf,4
frame_00677,train,0,low_conf,5
frame_00677,train,1,usable,5
frame_00677,train,2,low_conf,6
frame_00677,train,3,usable,6
frame_00677,train,4,low_conf,6
frame_00677,train,5,low_conf,6
frame_00677,train,6,low_conf,5
frame_00677,train,7,low_conf,5
frame_00678,train,0,low_conf,4
frame_00678,train,1,low_conf,4
frame_00678,train,2,low_conf,6
frame_00678,train,3,usable,6
frame_00678,train,4,low_conf,6
frame_00678,train,5,low_conf,6
frame_00678,train,6,low_conf,5
frame_00678,train,7,low_conf,5
frame_00679,train,0,low_conf,5
frame_00679,train,1,low_conf,4
frame_00679,train,2,low_conf,7
frame_00679,train,3,low_conf,5
frame_00679,train,4,low_conf,4
frame_00679,train,5,low_conf,7
frame_00681,train,0,low_conf,5
frame_00681,train,1,usable,6
frame_00681,train,2,low_conf,6
frame_00681,train,3,usable,7
frame_00681,train,4,low_conf,4
frame_00681,train,5,low_conf,6
frame_00681,train,6,low_conf,6
frame_00681,train,7,low_conf,5
frame_00682,train,0,low_conf,5
frame_00682,train,1,usable,6
frame_00682,train,2,low_conf,4
frame_00682,train,3,usable,6
frame_00682,train,4,usable,6
frame_00682,train,5,low_conf,6
frame_00682,train,6,low_conf,4
frame_00682,train,7,low_conf,5
frame_00683,train,0,low_conf,5
frame_00683,train,1,usable,6
frame_00683,train,2,usable,6
frame_00683,train,3,usable,7
frame_00683,train,4,low_conf,4
frame_00683,train,5,low_conf,4
frame_00683,train,6,low_conf,5
frame_00683,train,7,low_conf,4
frame_00684,train,0,low_conf,6
frame_00684,train,1,low_conf,5
frame_00684,train,2,low_conf,4
frame_00684,train,3,good,6
frame_00684,train,4,low_conf,4
frame_00684,train,5,low_conf,5
frame_00684,train,6,low_conf,6
frame_00684,train,7,low_conf,4
frame_00685,train,0,low_conf,7
frame_00685,train,1,low_conf,5
frame_00685,train,2,usable,7
frame_00685,train,3,low_conf,4
frame_00685,train,4,low_conf,4
frame_00685,train,5,low_conf,5
frame_00685,train,6,low_conf,4
frame_00686,train,0,low_conf,6
frame_00686,train,1,low_conf,5
frame_00686,train,2,low_conf,5
frame_00686,train,3,usable,6
frame_00686,train,4,low_conf,6
frame_00686,train,5,low_conf,6
frame_00688,train,0,low_conf,5
frame_00688,train,1,low_conf,5
frame_00688,train,2,low_conf,4
frame_00688,train,3,usable,7
frame_00688,train,4,low_conf,6
frame_00688,train,5,low_conf,5
frame_00688,train,6,low_conf,6
frame_00689,train,0,low_conf,6
frame_00689,train,1,low_conf,5
frame_00689,train,2,low_conf,4
frame_00689,train,3,good,7
frame_00689,train,4,low_conf,6
frame_00689,train,5,low_conf,5
frame_00690,train,0,low_conf,5
frame_00690,train,1,low_conf,5
frame_00690,train,2,low_conf,4
frame_00690,train,3,usable,6
frame_00690,train,4,low_conf,4
frame_00690,train,5,low_conf,5
frame_00691,train,0,low_conf,5
frame_00691,train,1,low_conf,5
frame_00691,train,2,low_conf,4
frame_00691,train,3,low_conf,6
frame_00691,train,4,low_conf,6
frame_00692,train,0,low_conf,6
frame_00692,train,1,low_conf,5
frame_00692,train,2,low_conf,4
frame_00692,train,3,usable,6
frame_00692,train,4,low_conf,4
frame_00692,train,5,low_conf,5
frame_00693,train,0,low_conf,6
frame_00693,train,1,low_conf,5
frame_00693,train,2,good,6
frame_00693,train,3,low_conf,6
frame_00693,train,4,low_conf,5
frame_00694,train,0,low_conf,6
frame_00694,train,1,usable,7
frame_00694,train,2,good,7
frame_00694,train,3,low_conf,4
frame_00694,train,4,low_conf,5
frame_00695,train,0,low_conf,6
frame_00695,train,1,usable,7
frame_00695,train,2,usable,6
frame_00695,train,3,low_conf,5
frame_00695,train,4,low_conf,5
frame_00695,train,5,low_conf,5
frame_00696,train,0,low_conf,5
frame_00696,train,1,usable,6
frame_00696,train,2,usable,6
frame_00696,train,3,low_conf,4
frame_00696,train,4,low_conf,6
frame_00696,train,5,low_conf,6
frame_00697,train,0,low_conf,5
frame_00697,train,1,usable,5
frame_00697,train,2,low_conf,6
frame_00697,train,3,usable,6
frame_00697,train,4,low_conf,5
frame_00697,train,5,low_conf,5
frame_00697,train,6,low_conf,6
frame_00698,train,0,low_conf,6
frame_00698,train,1,usable,5
frame_00698,train,2,usable,7
frame_00698,train,3,low_conf,4
frame_00698,train,4,good,6
frame_00698,train,5,low_conf,7
frame_00698,train,6,low_conf,7
frame_00698,train,7,low_conf,5
frame_00698,train,8,low_conf,6
frame_00698,train,9,low_conf,4
frame_00699,train,0,low_conf,6
frame_00699,train,1,usable,6
frame_00699,train,2,good,6
frame_00699,train,3,low_conf,6
frame_00699,train,4,usable,6
frame_00699,train,5,low_conf,5
frame_00701,train,0,low_conf,5
frame_00701,train,1,usable,8
frame_00701,train,2,usable,6
frame_00701,train,3,low_conf,8
frame_00701,train,4,low_conf,4
frame_00701,train,5,low_conf,5
frame_00701,train,6,low_conf,5
frame_00701,train,7,low_conf,6
frame_00702,train,0,low_conf,6
frame_00702,train,1,usable,6
frame_00702,train,2,usable,6
frame_00702,train,3,low_conf,4
frame_00702,train,4,low_conf,5
frame_00702,train,5,low_conf,4
frame_00702,train,6,low_conf,5
frame_00702,train,7,low_conf,4
frame_00703,train,0,low_conf,5
frame_00703,train,1,usable,6
frame_00703,train,2,good,6
frame_00703,train,3,low_conf,5
frame_00703,train,4,low_conf,4
frame_00703,train,5,low_conf,4
frame_00703,train,6,low_conf,6
frame_00704,train,0,low_conf,6
frame_00704,train,1,usable,6
frame_00704,train,2,low_conf,4
frame_00704,train,3,usable,8
frame_00704,train,4,low_conf,4
frame_00704,train,5,low_conf,5
frame_00704,train,6,low_conf,5
frame_00705,train,0,low_conf,5
frame_00705,train,1,usable,5
frame_00705,train,2,low_conf,4
frame_00705,train,3,usable,6
frame_00705,train,4,low_conf,6
frame_00705,train,5,low_conf,5
frame_00705,train,6,low_conf,6
frame_00706,train,0,low_conf,5
frame_00706,train,1,usable,6
frame_00706,train,2,low_conf,4
frame_00706,train,3,low_conf,7
frame_00706,train,4,low_conf,6
frame_00706,train,5,low_conf,6
frame_00709,train,0,low_conf,5
frame_00709,train,1,usable,6
frame_00709,train,2,usable,6
frame_00709,train,3,low_conf,4
frame_00709,train,4,good,6
frame_00709,train,5,low_conf,5
frame_00709,train,6,low_conf,5
frame_00711,train,0,low_conf,6
frame_00711,train,1,usable,6
frame_00711,train,2,usable,7
frame_00711,train,3,low_conf,4
frame_00711,train,4,usable,6
frame_00711,train,5,low_conf,4
frame_00711,train,6,low_conf,4
frame_00712,train,0,low_conf,6
frame_00712,train,1,usable,6
frame_00712,train,2,usable,6
frame_00712,train,3,usable,6
frame_00712,train,4,low_conf,4
frame_00712,train,5,low_conf,4
frame_00712,train,6,low_conf,6
frame_00712,train,7,low_conf,4
frame_00712,train,8,low_conf,4
frame_00713,train,0,low_conf,6
frame_00713,train,1,usable,5
frame_00713,train,2,usable,6
frame_00713,train,3,low_conf,6
frame_00713,train,4,good,7
frame_00713,train,5,low_conf,6
frame_00713,train,6,low_conf,5
frame_00713,train,7,low_conf,4
frame_00714,train,0,low_conf,4
frame_00714,train,1,usable,6
frame_00714,train,2,usable,7
frame_00714,train,3,low_conf,5
frame_00714,train,4,good,6
frame_00714,train,5,good,6
frame_00714,train,6,low_conf,5
frame_00714,train,7,low_conf,6
frame_00715,train,0,low_conf,6
frame_00715,train,1,usable,5
frame_00715,train,2,usable,7
frame_00715,train,3,low_conf,6
frame_00715,train,4,good,6
frame_00715,train,5,low_conf,5
frame_00715,train,6,low_conf,4
frame_00715,train,7,low_conf,5
frame_00716,train,0,low_conf,6
frame_00716,train,1,usable,6
frame_00716,train,2,usable,6
frame_00716,train,3,good,8
frame_00716,train,4,low_conf,4
frame_00717,train,0,low_conf,6
frame_00717,train,1,usable,6
frame_00717,train,2,usable,7
frame_00717,train,3,low_conf,7
frame_00717,train,4,usable,6
frame_00717,train,5,low_conf,6
frame_00717,train,6,good,8
frame_00717,train,7,low_conf,4
frame_00717,train,8,low_conf,4
frame_00718,train,0,low_conf,5
frame_00718,train,1,usable,6
frame_00718,train,2,usable,6
frame_00718,train,3,usable,6
frame_00718,train,4,low_conf,6
frame_00718,train,5,good,8
frame_00718,train,6,low_conf,4
frame_00718,train,7,low_conf,4
frame_00718,train,8,low_conf,4
frame_00719,train,0,low_conf,5
frame_00719,train,1,low_conf,6
frame_00719,train,2,usable,6
frame_00719,train,3,low_conf,6
frame_00719,train,4,usable,6
frame_00719,train,5,low_conf,6
frame_00719,train,6,good,8
frame_00719,train,7,low_conf,4
frame_00719,train,8,low_conf,4
frame_00719,train,9,low_conf,4
frame_00721,train,0,low_conf,6
frame_00721,train,1,low_conf,4
frame_00721,train,2,usable,6
frame_00721,train,3,low_conf,5
frame_00721,train,4,low_conf,4
frame_00721,train,5,low_conf,6
frame_00723,train,0,low_conf,4
frame_00723,train,1,low_conf,5
frame_00723,train,2,usable,7
frame_00723,train,3,low_conf,6
frame_00723,train,4,good,7
frame_00723,train,5,low_conf,4
frame_00723,train,6,good,6
frame_00723,train,7,low_conf,6
frame_00723,train,8,low_conf,5
frame_00724,train,0,low_conf,4
frame_00724,train,1,low_conf,6
frame_00724,train,2,usable,6
frame_00724,train,3,low_conf,6
frame_00724,train,4,usable,6
frame_00724,train,5,low_conf,4
frame_00724,train,6,good,6
frame_00724,train,7,low_conf,4
frame_00724,train,8,low_conf,4
frame_00725,train,0,low_conf,4
frame_00725,train,1,low_conf,8
frame_00725,train,2,usable,6
frame_00725,train,3,low_conf,5
frame_00725,train,4,good,6
frame_00725,train,5,low_conf,5
frame_00725,train,6,low_conf,5
frame_00726,train,0,low_conf,5
frame_00726,train,1,low_conf,6
frame_00726,train,2,usable,7
frame_00726,train,3,usable,6
frame_00726,train,4,low_conf,7
frame_00726,train,5,low_conf,6
frame_00728,train,0,low_conf,6
frame_00728,train,1,low_conf,4
frame_00728,train,2,usable,7
frame_00728,train,3,low_conf,6
frame_00728,train,4,good,8
frame_00728,train,5,low_conf,5
frame_00728,train,6,low_conf,4
frame_00728,train,7,low_conf,6
frame_00729,train,0,low_conf,5
frame_00729,train,1,low_conf,4
frame_00729,train,2,good,7
frame_00729,train,3,usable,6
frame_00729,train,4,good,6
frame_00729,train,5,low_conf,5
frame_00729,train,6,low_conf,5
frame_00732,train,0,low_conf,5
frame_00732,train,1,low_conf,4
frame_00732,train,2,good,6
frame_00732,train,3,usable,8
frame_00732,train,4,usable,7
frame_00732,train,5,low_conf,6
frame_00732,train,6,low_conf,5
frame_00733,train,0,low_conf,6
frame_00733,train,1,usable,6
frame_00733,train,2,good,6
frame_00733,train,3,usable,5
frame_00733,train,4,low_conf,5
frame_00733,train,5,low_conf,4
frame_00733,train,6,low_conf,5
frame_00736,train,0,low_conf,6
frame_00736,train,1,low_conf,4
frame_00736,train,2,good,7
frame_00736,train,3,usable,6
frame_00736,train,4,low_conf,4
frame_00736,train,5,low_conf,5
frame_00737,train,0,low_conf,6
frame_00737,train,1,low_conf,4
frame_00737,train,2,low_conf,4
frame_00737,train,3,low_conf,5
frame_00737,train,4,low_conf,5
frame_00738,train,0,low_conf,5
frame_00738,train,1,low_conf,6
frame_00738,train,2,usable,6
frame_00738,train,3,low_conf,4
frame_00738,train,4,low_conf,5
frame_00738,train,5,low_conf,4
frame_00739,train,0,low_conf,5
frame_00739,train,1,usable,6
frame_00739,train,2,low_conf,6
frame_00739,train,3,usable,6
frame_00739,train,4,low_conf,5
frame_00739,train,5,low_conf,4
frame_00739,train,6,low_conf,5
frame_00739,train,7,low_conf,6
frame_00740,train,0,low_conf,6
frame_00740,train,1,low_conf,6
frame_00740,train,2,usable,8
frame_00740,train,3,low_conf,5
frame_00740,train,4,low_conf,5
frame_00740,train,5,low_conf,6
frame_00741,train,0,low_conf,7
frame_00741,train,1,low_conf,6
frame_00741,train,2,usable,6
frame_00741,train,3,low_conf,5
frame_00741,train,4,good,6
frame_00741,train,5,low_conf,4
frame_00741,train,6,low_conf,5
frame_00742,train,0,low_conf,5
frame_00742,train,1,low_conf,7
frame_00742,train,2,usable,6
frame_00742,train,3,low_conf,5
frame_00742,train,4,low_conf,6
frame_00742,train,5,low_conf,4
frame_00742,train,6,low_conf,5
frame_00743,train,0,usable,6
frame_00743,train,1,usable,6
frame_00743,train,2,usable,6
frame_00743,train,3,low_conf,5
frame_00743,train,4,good,6
frame_00743,train,5,low_conf,5
frame_00743,train,6,low_conf,4
frame_00743,train,7,low_conf,4
frame_00745,train,0,low_conf,6
frame_00745,train,1,low_conf,4
frame_00745,train,2,usable,7
frame_00745,train,3,low_conf,6
frame_00745,train,4,low_conf,4
frame_00746,train,0,low_conf,6
frame_00746,train,1,low_conf,4
frame_00746,train,2,usable,6
frame_00746,train,3,low_conf,8
frame_00746,train,4,low_conf,4
frame_00746,train,5,low_conf,4
frame_00747,train,0,low_conf,4
frame_00747,train,1,usable,6
frame_00747,train,2,low_conf,4
frame_00747,train,3,usable,6
frame_00747,train,4,low_conf,4
frame_00747,train,5,low_conf,6
frame_00747,train,6,low_conf,4
frame_00747,train,7,low_conf,6
frame_00748,train,0,low_conf,5
frame_00748,train,1,usable,6
frame_00748,train,2,low_conf,5
frame_00748,train,3,usable,7
frame_00748,train,4,usable,6
frame_00748,train,5,good,6
frame_00748,train,6,low_conf,4
frame_00748,train,7,low_conf,6
frame_00750,train,0,low_conf,5
frame_00750,train,1,low_conf,7
frame_00750,train,2,low_conf,5
frame_00750,train,3,usable,6
frame_00750,train,4,good,6
frame_00750,train,5,low_conf,5
frame_00750,train,6,low_conf,4
frame_00751,train,0,low_conf,5
frame_00751,train,1,usable,7
frame_00751,train,2,good,6
frame_00751,train,3,low_conf,5
frame_00751,train,4,low_conf,6
frame_00751,train,5,low_conf,5
frame_00752,train,0,low_conf,6
frame_00752,train,1,usable,7
frame_00752,train,2,usable,7
frame_00752,train,3,good,6
frame_00752,train,4,low_conf,5
frame_00752,train,5,low_conf,5
frame_00752,train,6,low_conf,4
frame_00755,train,0,low_conf,5
frame_00755,train,1,usable,7
frame_00755,train,2,usable,6
frame_00755,train,3,good,6
frame_00755,train,4,low_conf,4
frame_00755,train,5,low_conf,4
frame_00755,train,6,low_conf,6
frame_00756,train,0,usable,6
frame_00756,train,1,usable,5
frame_00756,train,2,usable,6
frame_00756,train,3,good,6
frame_00756,train,4,low_conf,4
frame_00756,train,5,low_conf,4
frame_00756,train,6,low_conf,6
frame_00757,train,0,low_conf,6
frame_00757,train,1,usable,5
frame_00757,train,2,low_conf,5
frame_00757,train,3,usable,6
frame_00757,train,4,good,7
frame_00757,train,5,low_conf,4
frame_00757,train,6,low_conf,4
frame_00758,train,0,low_conf,6
frame_00758,train,1,low_conf,4
frame_00758,train,2,low_conf,4
frame_00758,train,3,good,7
frame_00758,train,4,low_conf,4
frame_00758,train,5,low_conf,4
frame_00759,train,0,low_conf,6
frame_00759,train,1,low_conf,5
frame_00759,train,2,usable,6
frame_00759,train,3,usable,6
frame_00759,train,4,good,6
frame_00759,train,5,low_conf,4
frame_00759,train,6,low_conf,5
frame_00760,train,0,low_conf,5
frame_00760,train,1,usable,7
frame_00760,train,2,low_conf,4
frame_00760,train,3,usable,6
frame_00760,train,4,good,7
frame_00760,train,5,low_conf,5
frame_00761,train,0,low_conf,5
frame_00761,train,1,usable,6
frame_00761,train,2,usable,6
frame_00761,train,3,good,6
frame_00761,train,4,low_conf,5
frame_00761,train,5,low_conf,7
frame_00762,train,0,low_conf,6
frame_00762,train,1,low_conf,6
frame_00762,train,2,low_conf,6
frame_00762,train,3,usable,6
frame_00762,train,4,low_conf,5
frame_00762,train,5,good,6
frame_00762,train,6,low_conf,6
frame_00762,train,7,low_conf,4
frame_00762,train,8,low_conf,5
frame_00763,train,0,low_conf,5
frame_00763,train,1,low_conf,6
frame_00763,train,2,low_conf,6
frame_00763,train,3,good,6
frame_00763,train,4,low_conf,6
frame_00763,train,5,low_conf,5
frame_00763,train,6,low_conf,5
frame_00764,train,0,low_conf,5
frame_00764,train,1,low_conf,6
frame_00764,train,2,low_conf,6
frame_00764,train,3,good,7
frame_00764,train,4,low_conf,4
frame_00765,train,0,low_conf,5
frame_00765,train,1,usable,6
frame_00765,train,2,low_conf,6
frame_00765,train,3,good,7
frame_00765,train,4,low_conf,5
frame_00765,train,5,low_conf,4
frame_00766,train,0,low_conf,5
frame_00766,train,1,usable,6
frame_00766,train,2,low_conf,6
frame_00766,train,3,usable,7
frame_00766,train,4,good,7
frame_00766,train,5,low_conf,4
frame_00766,train,6,low_conf,4
frame_00766,train,7,low_conf,5
frame_00767,train,0,low_conf,5
frame_00767,train,1,low_conf,6
frame_00767,train,2,low_conf,6
frame_00767,train,3,usable,8
frame_00767,train,4,good,6
frame_00767,train,5,low_conf,5
frame_00767,train,6,low_conf,5
frame_00767,train,7,low_conf,5
frame_00768,train,0,low_conf,5
frame_00768,train,1,low_conf,5
frame_00768,train,2,low_conf,5
frame_00768,train,3,low_conf,4
frame_00768,train,4,good,6
frame_00768,train,5,low_conf,5
frame_00768,train,6,low_conf,5
frame_00769,train,0,low_conf,5
frame_00769,train,1,usable,6
frame_00769,train,2,low_conf,4
frame_00769,train,3,good,6
frame_00769,train,4,low_conf,4
frame_00769,train,5,low_conf,6
frame_00770,train,0,low_conf,5
frame_00770,train,1,usable,5
frame_00770,train,2,usable,6
frame_00770,train,3,low_conf,4
frame_00770,train,4,low_conf,6
frame_00770,train,5,low_conf,6
frame_00770,train,6,low_conf,5
frame_00771,train,0,low_conf,4
frame_00771,train,1,low_conf,4
frame_00771,train,2,good,6
frame_00771,train,3,usable,7
frame_00771,train,4,good,7
frame_00771,train,5,low_conf,5
frame_00771,train,6,low_conf,4
frame_00772,train,0,low_conf,4
frame_00772,train,1,low_conf,4
frame_00772,train,2,usable,6
frame_00772,train,3,low_conf,5
frame_00772,train,4,low_conf,6
frame_00772,train,5,low_conf,5
frame_00772,train,6,low_conf,5
frame_00773,train,0,low_conf,5
frame_00773,train,1,usable,7
frame_00773,train,2,usable,7
frame_00773,train,3,low_conf,7
frame_00773,train,4,low_conf,6
frame_00773,train,5,low_conf,4
frame_00773,train,6,low_conf,5
frame_00776,train,0,low_conf,5
frame_00776,train,1,low_conf,5
frame_00776,train,2,low_conf,4
frame_00776,train,3,low_conf,6
frame_00776,train,4,low_conf,4
frame_00776,train,5,low_conf,4
frame_00777,train,0,low_conf,5
frame_00777,train,1,low_conf,6
frame_00777,train,2,low_conf,4
frame_00777,train,3,low_conf,5
frame_00777,train,4,low_conf,5
frame_00777,train,5,low_conf,4
frame_00778,train,0,low_conf,5
frame_00778,train,1,usable,6
frame_00778,train,2,good,6
frame_00778,train,3,low_conf,4
frame_00778,train,4,good,7
frame_00778,train,5,low_conf,4
frame_00778,train,6,low_conf,7
frame_00779,train,0,low_conf,5
frame_00779,train,1,usable,7
frame_00779,train,2,good,6
frame_00779,train,3,low_conf,5
frame_00779,train,4,good,6
frame_00779,train,5,low_conf,7
frame_00779,train,6,low_conf,6
frame_00780,train,0,low_conf,6
frame_00780,train,1,low_conf,6
frame_00780,train,2,low_conf,6
frame_00780,train,3,good,7
frame_00780,train,4,low_conf,5
frame_00780,train,5,low_conf,5
frame_00780,train,6,low_conf,4
frame_00781,train,0,low_conf,6
frame_00781,train,1,usable,6
frame_00781,train,2,low_conf,5
frame_00781,train,3,low_conf,5
frame_00781,train,4,low_conf,4
frame_00782,train,0,low_conf,5
frame_00782,train,1,usable,5
frame_00782,train,2,good,6
frame_00782,train,3,low_conf,6
frame_00782,train,4,low_conf,4
frame_00783,train,0,low_conf,4
frame_00783,train,1,usable,6
frame_00783,train,2,good,6
frame_00783,train,3,low_conf,6
frame_00783,train,4,low_conf,6
frame_00783,train,5,low_conf,4
frame_00783,train,6,low_conf,5
frame_00784,train,0,low_conf,5
frame_00784,train,1,low_conf,6
frame_00784,train,2,low_conf,4
frame_00784,train,3,good,7
frame_00784,train,4,low_conf,6
frame_00784,train,5,low_conf,5
frame_00785,train,0,usable,6
frame_00785,train,1,usable,7
frame_00785,train,2,good,7
frame_00785,train,3,low_conf,4
frame_00785,train,4,low_conf,4
frame_00785,train,5,low_conf,5
frame_00786,train,0,low_conf,4
frame_00786,train,1,usable,6
frame_00786,train,2,good,6
frame_00786,train,3,low_conf,4
frame_00786,train,4,low_conf,4
frame_00790,train,0,low_conf,5
frame_00790,train,1,usable,6
frame_00790,train,2,good,6
frame_00790,train,3,low_conf,6
frame_00790,train,4,low_conf,4
frame_00790,train,5,low_conf,4
frame_00791,train,0,low_conf,5
frame_00791,train,1,usable,7
frame_00791,train,2,low_conf,6
frame_00791,train,3,good,6
frame_00791,train,4,usable,6
frame_00791,train,5,low_conf,5
frame_00791,train,6,low_conf,6
frame_00792,train,0,low_conf,5
frame_00792,train,1,usable,6
frame_00792,train,2,low_conf,6
frame_00792,train,3,good,7
frame_00792,train,4,usable,6
frame_00792,train,5,good,6
frame_00792,train,6,low_conf,6
frame_00792,train,7,low_conf,4
frame_00792,train,8,low_conf,4
frame_00793,train,0,low_conf,5
frame_00793,train,1,usable,6
frame_00793,train,2,good,6
frame_00793,train,3,usable,6
frame_00793,train,4,low_conf,6
frame_00793,train,5,low_conf,5
frame_00794,train,0,low_conf,7
frame_00794,train,1,usable,5
frame_00794,train,2,good,6
frame_00794,train,3,usable,6
frame_00794,train,4,good,7
frame_00794,train,5,low_conf,5
frame_00796,train,0,low_conf,5
frame_00796,train,1,usable,7
frame_00796,train,2,low_conf,6
frame_00796,train,3,usable,6
frame_00796,train,4,low_conf,6
frame_00796,train,5,low_conf,4
frame_00797,train,0,low_conf,5
frame_00797,train,1,low_conf,5
frame_00797,train,2,low_conf,6
frame_00797,train,3,usable,6
frame_00797,train,4,good,8
frame_00797,train,5,low_conf,6
frame_00797,train,6,low_conf,4
frame_00797,train,7,low_conf,4
frame_00798,train,0,low_conf,5
frame_00798,train,1,good,6
frame_00798,train,2,usable,6
frame_00798,train,3,low_conf,7
frame_00798,train,4,good,7
frame_00798,train,5,usable,7
frame_00798,train,6,low_conf,6
frame_00798,train,7,low_conf,5
frame_00798,train,8,low_conf,4
frame_00799,train,0,low_conf,5
frame_00799,train,1,usable,7
frame_00799,train,2,low_conf,7
frame_00799,train,3,good,6
frame_00799,train,4,low_conf,4
frame_00799,train,5,low_conf,4
frame_00799,train,6,low_conf,4
frame_00800,train,0,low_conf,4
frame_00800,train,1,usable,7
frame_00800,train,2,low_conf,7
frame_00800,train,3,good,7
frame_00800,train,4,usable,6
frame_00800,train,5,low_conf,5
frame_00800,train,6,low_conf,4
frame_00800,train,7,low_conf,6
frame_00801,train,0,low_conf,4
frame_00801,train,1,low_conf,6
frame_00801,train,2,low_conf,7
frame_00801,train,3,good,7
frame_00801,train,4,usable,5
frame_00801,train,5,low_conf,4
frame_00801,train,6,low_conf,4
frame_00801,train,7,low_conf,5
frame_00802,train,0,low_conf,5
frame_00802,train,1,low_conf,6
frame_00802,train,2,low_conf,6
frame_00802,train,3,good,7
frame_00802,train,4,low_conf,5
frame_00802,train,5,low_conf,4
frame_00803,train,0,low_conf,5
frame_00803,train,1,low_conf,7
frame_00803,train,2,low_conf,6
frame_00803,train,3,good,7
frame_00803,train,4,low_conf,4
frame_00803,train,5,low_conf,5
frame_00803,train,6,low_conf,5
frame_00805,train,0,low_conf,5
frame_00805,train,1,low_conf,6
frame_00805,train,2,low_conf,6
frame_00805,train,3,good,7
frame_00805,train,4,usable,7
frame_00805,train,5,low_conf,4
frame_00805,train,6,low_conf,6
frame_00805,train,7,low_conf,4
frame_00806,train,0,usable,5
frame_00806,train,1,low_conf,6
frame_00806,train,2,good,7
frame_00806,train,3,low_conf,6
frame_00806,train,4,low_conf,4
frame_00806,train,5,low_conf,6
frame_00806,train,6,low_conf,6
frame_00807,train,0,usable,5
frame_00807,train,1,low_conf,6
frame_00807,train,2,good,7
frame_00807,train,3,low_conf,4
frame_00807,train,4,low_conf,4
frame_00810,train,0,low_conf,5
frame_00810,train,1,usable,6
frame_00810,train,2,low_conf,6
frame_00810,train,3,low_conf,5
frame_00811,train,0,usable,6
frame_00811,train,1,low_conf,6
frame_00811,train,2,low_conf,6
frame_00811,train,3,low_conf,5
frame_00811,train,4,low_conf,4
frame_00811,train,5,low_conf,6
frame_00813,train,0,low_conf,5
frame_00813,train,1,usable,7
frame_00813,train,2,good,7
frame_00813,train,3,good,7
frame_00813,train,4,low_conf,6
frame_00813,train,5,low_conf,4
frame_00813,train,6,low_conf,6
frame_00814,train,0,usable,6
frame_00814,train,1,low_conf,5
frame_00814,train,2,low_conf,6
frame_00814,train,3,good,6
frame_00814,train,4,good,6
frame_00814,train,5,low_conf,6
frame_00815,train,0,low_conf,5
frame_00815,train,1,low_conf,6
frame_00815,train,2,low_conf,6
frame_00815,train,3,good,6
frame_00815,train,4,low_conf,6
frame_00815,train,5,low_conf,5
frame_00816,train,0,usable,6
frame_00816,train,1,low_conf,6
frame_00816,train,2,usable,6
frame_00816,train,3,low_conf,6
frame_00816,train,4,good,7
frame_00816,train,5,low_conf,5
frame_00816,train,6,low_conf,4
frame_00817,train,0,good,6
frame_00817,train,1,low_conf,6
frame_00817,train,2,low_conf,6
frame_00817,train,3,good,6
frame_00817,train,4,low_conf,6
frame_00817,train,5,low_conf,4
frame_00817,train,6,low_conf,4
frame_00818,train,0,low_conf,5
frame_00818,train,1,low_conf,6
frame_00818,train,2,low_conf,5
frame_00818,train,3,good,6
frame_00818,train,4,low_conf,5
frame_00818,train,5,good,6
frame_00818,train,6,low_conf,6
frame_00818,train,7,low_conf,5
frame_00818,train,8,low_conf,4
frame_00819,train,0,low_conf,5
frame_00819,train,1,low_conf,6
frame_00819,train,2,good,7
frame_00819,train,3,low_conf,6
frame_00819,train,4,low_conf,5
frame_00819,train,5,low_conf,4
frame_00821,train,0,low_conf,6
frame_00821,train,1,low_conf,6
frame_00821,train,2,low_conf,4
frame_00821,train,3,good,7
frame_00821,train,4,low_conf,6
frame_00821,train,5,good,6
frame_00821,train,6,low_conf,6
frame_00821,train,7,low_conf,5
frame_00822,train,0,usable,6
frame_00822,train,1,low_conf,6
frame_00822,train,2,low_conf,4
frame_00822,train,3,good,8
frame_00822,train,4,low_conf,5
frame_00822,train,5,good,6
frame_00822,train,6,low_conf,6
frame_00822,train,7,low_conf,4
frame_00822,train,8,low_conf,5
frame_00823,train,0,usable,6
frame_00823,train,1,low_conf,6
frame_00823,train,2,usable,6
frame_00823,train,3,good,7
frame_00823,train,4,low_conf,5
frame_00823,train,5,good,8
frame_00823,train,6,low_conf,4
frame_00823,train,7,low_conf,5
frame_00823,train,8,low_conf,5
frame_00824,train,0,good,5
frame_00824,train,1,low_conf,6
frame_00824,train,2,low_conf,5
frame_00824,train,3,low_conf,6
frame_00824,train,4,good,6
frame_00824,train,5,low_conf,7
frame_00824,train,6,low_conf,4
frame_00824,train,7,low_conf,4
frame_00824,train,8,low_conf,5
frame_00825,train,0,usable,6
frame_00825,train,1,usable,7
frame_00825,train,2,usable,6
frame_00825,train,3,low_conf,5
frame_00825,train,4,good,7
frame_00825,train,5,low_conf,6
frame_00825,train,6,low_conf,5
frame_00825,train,7,low_conf,5
frame_00827,train,0,usable,7
frame_00827,train,1,usable,7
frame_00827,train,2,usable,6
frame_00827,train,3,good,6
frame_00827,train,4,low_conf,5
frame_00827,train,5,low_conf,4
frame_00828,train,0,usable,6
frame_00828,train,1,usable,6
frame_00828,train,2,usable,6
frame_00828,train,3,low_conf,5
frame_00828,train,4,good,7
frame_00828,train,5,low_conf,6
frame_00828,train,6,low_conf,4
frame_00828,train,7,low_conf,6
frame_00828,train,8,low_conf,5
frame_00830,train,0,usable,6
frame_00830,train,1,usable,6
frame_00830,train,2,usable,6
frame_00830,train,3,good,6
frame_00830,train,4,usable,6
frame_00830,train,5,low_conf,4
frame_00831,train,0,usable,6
frame_00831,train,1,usable,6
frame_00831,train,2,usable,6
frame_00831,train,3,good,7
frame_00831,train,4,low_conf,7
frame_00831,train,5,low_conf,4
frame_00831,train,6,low_conf,4
frame_00831,train,7,low_conf,5
frame_00832,train,0,good,7
frame_00832,train,1,usable,6
frame_00832,train,2,usable,7
frame_00832,train,3,low_conf,6
frame_00832,train,4,good,7
frame_00832,train,5,usable,6
frame_00832,train,6,low_conf,4
frame_00832,train,7,low_conf,5
frame_00833,train,0,usable,6
frame_00833,train,1,usable,6
frame_00833,train,2,usable,6
frame_00833,train,3,low_conf,5
frame_00833,train,4,good,6
frame_00833,train,5,usable,6
frame_00833,train,6,low_conf,4
frame_00833,train,7,low_conf,5
frame_00834,train,0,good,6
frame_00834,train,1,usable,6
frame_00834,train,2,usable,6
frame_00834,train,3,low_conf,4
frame_00834,train,4,good,6
frame_00834,train,5,low_conf,8
frame_00834,train,6,low_conf,5
frame_00834,train,7,low_conf,4
frame_00835,train,0,usable,7
frame_00835,train,1,usable,6
frame_00835,train,2,low_conf,4
frame_00835,train,3,good,7
frame_00835,train,4,usable,8
frame_00835,train,5,low_conf,6
frame_00835,train,6,low_conf,4
frame_00835,train,7,low_conf,4
frame_00837,train,0,good,6
frame_00837,train,1,low_conf,5
frame_00837,train,2,usable,6
frame_00837,train,3,usable,5
frame_00837,train,4,good,5
frame_00837,train,5,low_conf,5
frame_00837,train,6,low_conf,5
frame_00838,train,0,good,6
frame_00838,train,1,low_conf,5
frame_00838,train,2,usable,6
frame_00838,train,3,low_conf,5
frame_00838,train,4,good,6
frame_00838,train,5,good,6
frame_00838,train,6,low_conf,6
frame_00838,train,7,low_conf,5
frame_00838,train,8,low_conf,4
frame_00839,train,0,good,6
frame_00839,train,1,usable,7
frame_00839,train,2,usable,7
frame_00839,train,3,usable,7
frame_00839,train,4,good,7
frame_00839,train,5,low_conf,6
frame_00839,train,6,low_conf,6
frame_00839,train,7,low_conf,6
frame_00840,train,0,good,6
frame_00840,train,1,usable,6
frame_00840,train,2,low_conf,6
frame_00840,train,3,good,7
frame_00840,train,4,low_conf,6
frame_00840,train,5,low_conf,5
frame_00841,train,0,good,6
frame_00841,train,1,usable,7
frame_00841,train,2,low_conf,6
frame_00841,train,3,low_conf,7
frame_00841,train,4,good,7
frame_00841,train,5,low_conf,4
frame_00841,train,6,low_conf,4
frame_00841,train,7,low_conf,4
frame_00842,train,0,usable,7
frame_00842,train,1,low_conf,4
frame_00842,train,2,low_conf,6
frame_00842,train,3,good,7
frame_00842,train,4,low_conf,7
frame_00842,train,5,low_conf,6
frame_00842,train,6,low_conf,4
frame_00842,train,7,low_conf,4
frame_00844,train,0,good,7
frame_00844,train,1,usable,6
frame_00844,train,2,low_conf,4
frame_00844,train,3,low_conf,6
frame_00844,train,4,good,6
frame_00844,train,5,low_conf,5
frame_00844,train,6,low_conf,5
frame_00844,train,7,low_conf,4
frame_00845,train,0,good,6
frame_00845,train,1,usable,6
frame_00845,train,2,low_conf,4
frame_00845,train,3,low_conf,5
frame_00845,train,4,good,6
frame_00845,train,5,low_conf,4
frame_00845,train,6,low_conf,5
frame_00845,train,7,low_conf,4
frame_00846,train,0,good,6
frame_00846,train,1,usable,6
frame_00846,train,2,low_conf,4
frame_00846,train,3,low_conf,4
frame_00846,train,4,good,7
frame_00846,train,5,low_conf,5
frame_00846,train,6,low_conf,5
frame_00847,train,0,good,8
frame_00847,train,1,usable,6
frame_00847,train,2,low_conf,4
frame_00847,train,3,low_conf,4
frame_00847,train,4,good,6
frame_00847,train,5,low_conf,5
frame_00847,train,6,low_conf,4
frame_00847,train,7,low_conf,4
frame_00850,train,0,usable,7
frame_00850,train,1,usable,6
frame_00850,train,2,usable,6
frame_00850,train,3,low_conf,6
frame_00850,train,4,good,6
frame_00850,train,5,low_conf,4
frame_00850,train,6,low_conf,5
frame_00851,train,0,usable,6
frame_00851,train,1,usable,6
frame_00851,train,2,low_conf,4
frame_00851,train,3,good,7
frame_00851,train,4,low_conf,4
frame_00851,train,5,low_conf,4
frame_00852,train,0,usable,7
frame_00852,train,1,low_conf,4
frame_00852,train,2,low_conf,6
frame_00852,train,3,good,7
frame_00852,train,4,low_conf,4
frame_00852,train,5,low_conf,5
frame_00852,train,6,low_conf,4
frame_00853,train,0,usable,7
frame_00853,train,1,usable,6
frame_00853,train,2,usable,6
frame_00853,train,3,good,7
frame_00853,train,4,low_conf,4
frame_00853,train,5,low_conf,4
frame_00853,train,6,low_conf,4
frame_00854,train,0,usable,6
frame_00854,train,1,usable,6
frame_00854,train,2,low_conf,5
frame_00854,train,3,low_conf,6
frame_00854,train,4,good,7
frame_00854,train,5,low_conf,4
frame_00854,train,6,low_conf,4
frame_00855,train,0,usable,7
frame_00855,train,1,usable,6
frame_00855,train,2,low_conf,4
frame_00855,train,3,good,7
frame_00855,train,4,usable,6
frame_00855,train,5,low_conf,4
frame_00855,train,6,low_conf,5
frame_00856,train,0,usable,6
frame_00856,train,1,usable,6
frame_00856,train,2,low_conf,5
frame_00856,train,3,low_conf,6
frame_00856,train,4,good,7
frame_00856,train,5,low_conf,5
frame_00856,train,6,low_conf,4
frame_00856,train,7,low_conf,6
frame_00857,train,0,usable,5
frame_00857,train,1,low_conf,5
frame_00857,train,2,good,6
frame_00857,train,3,low_conf,4
frame_00858,train,0,usable,5
frame_00858,train,1,usable,6
frame_00858,train,2,low_conf,5
frame_00858,train,3,good,6
frame_00858,train,4,usable,6
frame_00858,train,5,low_conf,6
frame_00858,train,6,low_conf,6
frame_00860,train,0,usable,6
frame_00860,train,1,usable,6
frame_00860,train,2,usable,7
frame_00860,train,3,low_conf,4
frame_00860,train,4,good,7
frame_00860,train,5,low_conf,6
frame_00861,train,0,usable,6
frame_00861,train,1,usable,6
frame_00861,train,2,usable,6
frame_00861,train,3,low_conf,6
frame_00861,train,4,good,7
frame_00861,train,5,low_conf,5
frame_00861,train,6,low_conf,6
frame_00862,train,0,usable,6
frame_00862,train,1,usable,6
frame_00862,train,2,low_conf,5
frame_00862,train,3,good,6
frame_00862,train,4,usable,6
frame_00862,train,5,low_conf,5
frame_00862,train,6,low_conf,4
frame_00863,train,0,low_conf,5
frame_00863,train,1,usable,6
frame_00863,train,2,usable,6
frame_00863,train,3,low_conf,6
frame_00863,train,4,good,7
frame_00863,train,5,low_conf,5
frame_00864,train,0,usable,6
frame_00864,train,1,usable,6
frame_00864,train,2,good,6
frame_00864,train,3,low_conf,6
frame_00864,train,4,low_conf,6
frame_00864,train,5,low_conf,4
frame_00865,train,0,low_conf,5
frame_00865,train,1,usable,6
frame_00865,train,2,low_conf,6
frame_00865,train,3,good,6
frame_00865,train,4,low_conf,4
frame_00865,train,5,low_conf,5
frame_00865,train,6,low_conf,5
frame_00866,train,0,usable,6
frame_00866,train,1,usable,6
frame_00866,train,2,low_conf,6
frame_00866,train,3,good,7
frame_00866,train,4,low_conf,4
frame_00866,train,5,low_conf,4
frame_00866,train,6,low_conf,6
frame_00867,train,0,usable,6
frame_00867,train,1,usable,6
frame_00867,train,2,usable,6
frame_00867,train,3,low_conf,6
frame_00867,train,4,good,7
frame_00867,train,5,low_conf,4
frame_00867,train,6,low_conf,5
frame_00867,train,7,low_conf,4
frame_00869,train,0,usable,6
frame_00869,train,1,usable,6
frame_00869,train,2,usable,6
frame_00869,train,3,good,7
frame_00869,train,4,usable,4
frame_00869,train,5,low_conf,4
frame_00869,train,6,low_conf,5
frame_00870,train,0,low_conf,6
frame_00870,train,1,usable,6
frame_00870,train,2,usable,7
frame_00870,train,3,good,7
frame_00870,train,4,low_conf,4
frame_00871,train,0,good,6
frame_00871,train,1,usable,5
frame_00871,train,2,usable,6
frame_00871,train,3,low_conf,4
frame_00871,train,4,good,6
frame_00871,train,5,low_conf,6
frame_00871,train,6,low_conf,4
frame_00874,train,0,usable,5
frame_00874,train,1,usable,8
frame_00874,train,2,low_conf,7
frame_00874,train,3,usable,6
frame_00874,train,4,good,5
frame_00874,train,5,good,6
frame_00874,train,6,low_conf,4
frame_00874,train,7,low_conf,4
frame_00875,train,0,usable,6
frame_00875,train,1,usable,7
frame_00875,train,2,usable,5
frame_00875,train,3,usable,6
frame_00875,train,4,good,7
frame_00875,train,5,low_conf,5
frame_00875,train,6,low_conf,7
frame_00876,train,0,good,7
frame_00876,train,1,usable,6
frame_00876,train,2,usable,6
frame_00876,train,3,usable,6
frame_00876,train,4,good,7
frame_00876,train,5,low_conf,4
frame_00876,train,6,low_conf,4
frame_00877,train,0,usable,7
frame_00877,train,1,usable,5
frame_00877,train,2,usable,6
frame_00877,train,3,good,6
frame_00877,train,4,low_conf,4
frame_00877,train,5,low_conf,4
frame_00878,train,0,low_conf,6
frame_00878,train,1,usable,6
frame_00878,train,2,low_conf,5
frame_00878,train,3,usable,6
frame_00878,train,4,good,6
frame_00878,train,5,low_conf,4
frame_00878,train,6,low_conf,4
frame_00879,train,0,low_conf,6
frame_00879,train,1,usable,5
frame_00879,train,2,usable,7
frame_00879,train,3,usable,7
frame_00879,train,4,usable,6
frame_00879,train,5,low_conf,5
frame_00880,train,0,usable,6
frame_00880,train,1,low_conf,6
frame_00880,train,2,usable,5
frame_00880,train,3,good,7
frame_00880,train,4,low_conf,5
frame_00880,train,5,low_conf,5
frame_00881,train,0,usable,6
frame_00881,train,1,usable,6
frame_00881,train,2,usable,6
frame_00881,train,3,good,7
frame_00881,train,4,low_conf,6
frame_00881,train,5,low_conf,6
frame_00882,train,0,usable,6
frame_00882,train,1,low_conf,6
frame_00882,train,2,good,7
frame_00882,train,3,low_conf,4
frame_00882,train,4,low_conf,6
frame_00882,train,5,low_conf,6
frame_00883,train,0,usable,6
frame_00883,train,1,usable,7
frame_00883,train,2,good,6
frame_00883,train,3,good,6
frame_00883,train,4,low_conf,6
frame_00883,train,5,low_conf,6
frame_00884,train,0,usable,9
frame_00884,train,1,low_conf,7
frame_00884,train,2,usable,6
frame_00884,train,3,usable,7
frame_00884,train,4,low_conf,6
frame_00884,train,5,low_conf,4
frame_00884,train,6,low_conf,6
frame_00885,train,0,usable,7
frame_00885,train,1,usable,6
frame_00885,train,2,usable,6
frame_00885,train,3,good,7
frame_00885,train,4,low_conf,4
frame_00885,train,5,low_conf,6
frame_00886,train,0,usable,6
frame_00886,train,1,usable,6
frame_00886,train,2,usable,8
frame_00886,train,3,usable,6
frame_00886,train,4,good,6
frame_00886,train,5,low_conf,4
frame_00886,train,6,low_conf,6
frame_00887,train,0,usable,6
frame_00887,train,1,usable,5
frame_00887,train,2,usable,7
frame_00887,train,3,usable,7
frame_00887,train,4,good,6
frame_00887,train,5,low_conf,5
frame_00887,train,6,low_conf,5
frame_00888,train,0,good,7
frame_00888,train,1,usable,6
frame_00888,train,2,usable,7
frame_00888,train,3,usable,6
frame_00888,train,4,good,6
frame_00888,train,5,low_conf,6
frame_00888,train,6,low_conf,5
frame_00889,train,0,good,7
frame_00889,train,1,usable,6
frame_00889,train,2,usable,6
frame_00889,train,3,usable,6
frame_00889,train,4,low_conf,4
frame_00889,train,5,low_conf,5
frame_00891,train,0,usable,5
frame_00891,train,1,usable,6
frame_00891,train,2,usable,6
frame_00891,train,3,good,6
frame_00891,train,4,good,6
frame_00891,train,5,low_conf,5
frame_00891,train,6,low_conf,4
frame_00892,train,0,good,6
frame_00892,train,1,usable,6
frame_00892,train,2,usable,5
frame_00892,train,3,low_conf,4
frame_00892,train,4,good,6
frame_00892,train,5,low_conf,5
frame_00892,train,6,low_conf,4
frame_00893,train,0,good,7
frame_00893,train,1,usable,7
frame_00893,train,2,usable,5
frame_00893,train,3,usable,5
frame_00893,train,4,good,7
frame_00893,train,5,good,7
frame_00893,train,6,low_conf,4
frame_00893,train,7,low_conf,4
frame_00895,train,0,usable,6
frame_00895,train,1,usable,6
frame_00895,train,2,usable,6
frame_00895,train,3,good,7
frame_00895,train,4,good,6
frame_00895,train,5,low_conf,6
frame_00895,train,6,low_conf,5
frame_00896,train,0,usable,6
frame_00896,train,1,usable,6
frame_00896,train,2,usable,6
frame_00896,train,3,good,7
frame_00896,train,4,low_conf,6
frame_00896,train,5,low_conf,4
frame_00896,train,6,low_conf,6
frame_00898,train,0,usable,6
frame_00898,train,1,usable,6
frame_00898,train,2,usable,6
frame_00898,train,3,good,8
frame_00898,train,4,low_conf,4
frame_00898,train,5,low_conf,5
frame_00899,train,0,usable,6
frame_00899,train,1,usable,6
frame_00899,train,2,usable,7
frame_00899,train,3,low_conf,5
frame_00899,train,4,good,7
frame_00899,train,5,good,7
frame_00899,train,6,low_conf,6
frame_00899,train,7,low_conf,6
frame_00899,train,8,low_conf,5
frame_00900,train,0,usable,6
frame_00900,train,1,usable,6
frame_00900,train,2,usable,6
frame_00900,train,3,good,5
frame_00900,train,4,good,7
frame_00900,train,5,low_conf,4
frame_00900,train,6,low_conf,7
frame_00900,train,7,low_conf,5
frame_00901,train,0,usable,6
frame_00901,train,1,low_conf,6
frame_00901,train,2,usable,7
frame_00901,train,3,good,5
frame_00901,train,4,low_conf,5
frame_00901,train,5,low_conf,6
frame_00901,train,6,low_conf,5
frame_00902,train,0,usable,7
frame_00902,train,1,usable,6
frame_00902,train,2,usable,6
frame_00902,train,3,usable,7
frame_00902,train,4,good,6
frame_00902,train,5,good,6
frame_00902,train,6,low_conf,4
frame_00902,train,7,low_conf,5
frame_00902,train,8,low_conf,5
frame_00903,train,0,usable,8
frame_00903,train,1,usable,6
frame_00903,train,2,usable,6
frame_00903,train,3,low_conf,7
frame_00903,train,4,good,6
frame_00903,train,5,good,6
frame_00903,train,6,low_conf,6
frame_00903,train,7,low_conf,5
frame_00903,train,8,low_conf,5
frame_00904,train,0,usable,7
frame_00904,train,1,usable,6
frame_00904,train,2,low_conf,5
frame_00904,train,3,low_conf,6
frame_00904,train,4,good,5
frame_00904,train,5,good,7
frame_00904,train,6,low_conf,7
frame_00904,train,7,low_conf,4
frame_00905,train,0,usable,6
frame_00905,train,1,low_conf,5
frame_00905,train,2,low_conf,5
frame_00905,train,3,good,5
frame_00905,train,4,low_conf,5
frame_00905,train,5,low_conf,5
frame_00905,train,6,low_conf,4
frame_00908,train,0,usable,6
frame_00908,train,1,usable,7
frame_00908,train,2,low_conf,6
frame_00908,train,3,usable,7
frame_00908,train,4,good,8
frame_00908,train,5,low_conf,5
frame_00908,train,6,low_conf,4
frame_00908,train,7,low_conf,4
frame_00909,train,0,usable,6
frame_00909,train,1,low_conf,6
frame_00909,train,2,usable,6
frame_00909,train,3,low_conf,6
frame_00909,train,4,usable,6
frame_00909,train,5,good,6
frame_00909,train,6,low_conf,6
frame_00909,train,7,low_conf,5
frame_00909,train,8,low_conf,4
frame_00910,train,0,low_conf,6
frame_00910,train,1,usable,6
frame_00910,train,2,low_conf,5
frame_00910,train,3,usable,5
frame_00910,train,4,good,6
frame_00910,train,5,low_conf,5
frame_00910,train,6,low_conf,5
frame_00910,train,7,low_conf,4
frame_00911,train,0,low_conf,6
frame_00911,train,1,usable,5
frame_00911,train,2,low_conf,5
frame_00911,train,3,usable,6
frame_00911,train,4,low_conf,5
frame_00911,train,5,low_conf,5
frame_00911,train,6,low_conf,5
frame_00912,train,0,usable,8
frame_00912,train,1,usable,6
frame_00912,train,2,low_conf,5
frame_00912,train,3,usable,6
frame_00912,train,4,low_conf,5
frame_00912,train,5,low_conf,4
frame_00912,train,6,low_conf,5
frame_00913,train,0,usable,6
frame_00913,train,1,usable,5
frame_00913,train,2,low_conf,6
frame_00913,train,3,usable,5
frame_00913,train,4,good,7
frame_00913,train,5,low_conf,5
frame_00913,train,6,low_conf,5
frame_00913,train,7,low_conf,5
frame_00914,train,0,usable,6
frame_00914,train,1,low_conf,6
frame_00914,train,2,usable,6
frame_00914,train,3,low_conf,6
frame_00914,train,4,usable,5
frame_00914,train,5,good,8
frame_00914,train,6,low_conf,5
frame_00914,train,7,low_conf,6
frame_00914,train,8,low_conf,4
frame_00915,train,0,low_conf,4
frame_00915,train,1,usable,6
frame_00915,train,2,usable,5
frame_00915,train,3,good,6
frame_00915,train,4,low_conf,6
frame_00915,train,5,low_conf,5
frame_00917,train,0,low_conf,6
frame_00917,train,1,usable,7
frame_00917,train,2,usable,5
frame_00917,train,3,low_conf,6
frame_00918,train,0,low_conf,5
frame_00918,train,1,usable,6
frame_00918,train,2,low_conf,5
frame_00918,train,3,low_conf,5
frame_00918,train,4,usable,6
frame_00918,train,5,low_conf,4
frame_00918,train,6,low_conf,5
frame_00919,train,0,low_conf,5
frame_00919,train,1,usable,6
frame_00919,train,2,low_conf,7
frame_00919,train,3,low_conf,4
frame_00919,train,4,low_conf,5
frame_00919,train,5,good,7
frame_00919,train,6,low_conf,6
frame_00919,train,7,low_conf,5
frame_00919,train,8,low_conf,4
frame_00920,train,0,low_conf,8
frame_00920,train,1,low_conf,5
frame_00920,train,2,usable,6
frame_00920,train,3,low_conf,6
frame_00920,train,4,low_conf,4
frame_00921,train,0,usable,6
frame_00921,train,1,usable,6
frame_00921,train,2,low_conf,5
frame_00921,train,3,low_conf,4
frame_00921,train,4,low_conf,5
frame_00922,train,0,low_conf,4
frame_00922,train,1,usable,6
frame_00922,train,2,usable,6
frame_00922,train,3,low_conf,5
frame_00922,train,4,low_conf,4
frame_00922,train,5,good,7
frame_00922,train,6,low_conf,6
frame_00922,train,7,low_conf,6
frame_00924,train,0,low_conf,5
frame_00924,train,1,low_conf,4
frame_00924,train,2,low_conf,6
frame_00924,train,3,low_conf,5
frame_00924,train,4,good,6
frame_00924,train,5,low_conf,6
frame_00925,train,0,low_conf,4
frame_00925,train,1,low_conf,4
frame_00925,train,2,usable,6
frame_00925,train,3,low_conf,7
frame_00925,train,4,low_conf,5
frame_00925,train,5,low_conf,6
frame_00927,train,0,low_conf,4
frame_00927,train,1,low_conf,5
frame_00927,train,2,usable,5
frame_00927,train,3,low_conf,7
frame_00927,train,4,low_conf,6
frame_00927,train,5,low_conf,6
frame_00927,train,6,low_conf,5
frame_00928,train,0,low_conf,4
frame_00928,train,1,low_conf,7
frame_00928,train,2,usable,6
frame_00928,train,3,low_conf,6
frame_00928,train,4,low_conf,4
frame_00928,train,5,good,6
frame_00928,train,6,low_conf,6
frame_00928,train,7,low_conf,5
frame_00928,train,8,low_conf,4
frame_00929,train,0,low_conf,5
frame_00929,train,1,low_conf,7
frame_00929,train,2,good,6
frame_00929,train,3,low_conf,4
frame_00929,train,4,low_conf,4
frame_00929,train,5,good,6
frame_00929,train,6,low_conf,5
frame_00929,train,7,low_conf,4
frame_00930,train,0,low_conf,6
frame_00930,train,1,usable,6
frame_00930,train,2,usable,6
frame_00930,train,3,low_conf,4
frame_00930,train,4,low_conf,4
frame_00930,train,5,low_conf,5
frame_00931,train,0,low_conf,4
frame_00931,train,1,usable,7
frame_00931,train,2,low_conf,6
frame_00931,train,3,low_conf,4
frame_00931,train,4,low_conf,6
frame_00931,train,5,low_conf,5
frame_00932,train,0,low_conf,6
frame_00932,train,1,usable,7
frame_00932,train,2,usable,7
frame_00932,train,3,low_conf,6
frame_00932,train,4,low_conf,5
frame_00932,train,5,low_conf,5
frame_00932,train,6,low_conf,5
frame_00933,train,0,low_conf,7
frame_00933,train,1,usable,6
frame_00933,train,2,usable,7
frame_00933,train,3,low_conf,7
frame_00933,train,4,good,7
frame_00933,train,5,low_conf,6
frame_00933,train,6,low_conf,4
frame_00933,train,7,low_conf,4
frame_00934,train,0,low_conf,5
frame_00934,train,1,usable,6
frame_00934,train,2,low_conf,6
frame_00934,train,3,low_conf,4
frame_00934,train,4,low_conf,4
frame_00935,train,0,low_conf,6
frame_00935,train,1,usable,6
frame_00935,train,2,usable,7
frame_00935,train,3,low_conf,5
frame_00935,train,4,low_conf,4
frame_00935,train,5,usable,6
frame_00935,train,6,low_conf,5
frame_00935,train,7,low_conf,5
frame_00935,train,8,low_conf,4
frame_00936,train,0,low_conf,5
frame_00936,train,1,usable,6
frame_00936,train,2,usable,7
frame_00936,train,3,low_conf,5
frame_00936,train,4,low_conf,6
frame_00936,train,5,low_conf,6
frame_00936,train,6,low_conf,4
frame_00937,train,0,low_conf,4
frame_00937,train,1,usable,6
frame_00937,train,2,usable,6
frame_00937,train,3,low_conf,5
frame_00937,train,4,good,7
frame_00937,train,5,low_conf,6
frame_00937,train,6,low_conf,5
frame_00937,train,7,low_conf,5
frame_00938,train,0,low_conf,4
frame_00938,train,1,usable,6
frame_00938,train,2,usable,7
frame_00938,train,3,usable,5
frame_00938,train,4,low_conf,5
frame_00938,train,5,good,7
frame_00938,train,6,low_conf,5
frame_00938,train,7,low_conf,5
frame_00940,train,0,low_conf,4
frame_00940,train,1,usable,5
frame_00940,train,2,usable,6
frame_00940,train,3,low_conf,6
frame_00940,train,4,low_conf,5
frame_00940,train,5,low_conf,4
frame_00940,train,6,low_conf,6
frame_00941,train,0,low_conf,5
frame_00941,train,1,usable,7
frame_00941,train,2,low_conf,6
frame_00941,train,3,usable,6
frame_00941,train,4,low_conf,4
frame_00941,train,5,low_conf,6
frame_00941,train,6,low_conf,6
frame_00942,train,0,low_conf,6
frame_00942,train,1,usable,6
frame_00942,train,2,low_conf,6
frame_00942,train,3,usable,6
frame_00942,train,4,low_conf,5
frame_00942,train,5,good,7
frame_00942,train,6,low_conf,4
frame_00942,train,7,low_conf,4
frame_00944,train,0,low_conf,6
frame_00944,train,1,usable,6
frame_00944,train,2,low_conf,6
frame_00944,train,3,usable,6
frame_00944,train,4,low_conf,6
frame_00944,train,5,good,6
frame_00944,train,6,low_conf,4
frame_00944,train,7,low_conf,6
frame_00944,train,8,low_conf,6
frame_00945,train,0,low_conf,5
frame_00945,train,1,usable,7
frame_00945,train,2,low_conf,6
frame_00945,train,3,usable,6
frame_00945,train,4,low_conf,4
frame_00945,train,5,good,6
frame_00945,train,6,low_conf,4
frame_00945,train,7,low_conf,6
frame_00945,train,8,low_conf,5
frame_00946,train,0,low_conf,4
frame_00946,train,1,usable,6
frame_00946,train,2,low_conf,4
frame_00946,train,3,low_conf,4
frame_00946,train,4,low_conf,5
frame_00946,train,5,low_conf,4
frame_00947,train,0,low_conf,4
frame_00947,train,1,low_conf,5
frame_00947,train,2,low_conf,4
frame_00947,train,3,usable,6
frame_00947,train,4,usable,6
frame_00947,train,5,low_conf,4
frame_00947,train,6,low_conf,4
frame_00947,train,7,low_conf,5
frame_00948,train,0,low_conf,4
frame_00948,train,1,usable,6
frame_00948,train,2,low_conf,4
frame_00948,train,3,usable,6
frame_00948,train,4,low_conf,4
frame_00948,train,5,low_conf,4
frame_00948,train,6,low_conf,7
frame_00949,train,0,low_conf,4
frame_00949,train,1,low_conf,5
frame_00949,train,2,low_conf,6
frame_00949,train,3,usable,6
frame_00949,train,4,low_conf,7
frame_00949,train,5,low_conf,5
frame_00949,train,6,low_conf,7
frame_00949,train,7,low_conf,4
frame_00950,train,0,low_conf,4
frame_00950,train,1,low_conf,6
frame_00950,train,2,low_conf,6
frame_00950,train,3,good,6
frame_00950,train,4,low_conf,7
frame_00950,train,5,usable,6
frame_00950,train,6,low_conf,4
frame_00950,train,7,low_conf,6
frame_00950,train,8,low_conf,5
frame_00951,train,0,low_conf,6
frame_00951,train,1,usable,6
frame_00951,train,2,usable,6
frame_00951,train,3,usable,6
frame_00951,train,4,low_conf,6
frame_00951,train,5,low_conf,4
frame_00951,train,6,low_conf,4
frame_00952,train,0,low_conf,6
frame_00952,train,1,usable,6
frame_00952,train,2,low_conf,7
frame_00952,train,3,good,6
frame_00952,train,4,low_conf,4
frame_00952,train,5,low_conf,6
frame_00952,train,6,low_conf,5
frame_00952,train,7,low_conf,5
frame_00953,train,0,low_conf,6
frame_00953,train,1,low_conf,7
frame_00953,train,2,low_conf,7
frame_00953,train,3,good,7
frame_00953,train,4,low_conf,4
frame_00953,train,5,low_conf,5
frame_00953,train,6,low_conf,6
frame_00953,train,7,low_conf,6
frame_00954,train,0,low_conf,5
frame_00954,train,1,usable,7
frame_00954,train,2,low_conf,7
frame_00954,train,3,good,6
frame_00954,train,4,low_conf,4
frame_00954,train,5,good,6
frame_00954,train,6,low_conf,4
frame_00954,train,7,low_conf,5
frame_00954,train,8,low_conf,5
frame_00955,train,0,low_conf,5
frame_00955,train,1,usable,6
frame_00955,train,2,good,6
frame_00955,train,3,low_conf,4
frame_00955,train,4,low_conf,5
frame_00955,train,5,low_conf,4
frame_00956,train,0,low_conf,6
frame_00956,train,1,usable,6
frame_00956,train,2,good,6
frame_00956,train,3,usable,6
frame_00956,train,4,low_conf,6
frame_00956,train,5,low_conf,5
frame_00956,train,6,low_conf,4
frame_00958,train,0,low_conf,6
frame_00958,train,1,low_conf,6
frame_00958,train,2,low_conf,5
frame_00958,train,3,usable,6
frame_00958,train,4,low_conf,4
frame_00958,train,5,low_conf,5
frame_00958,train,6,low_conf,4
frame_00958,train,7,low_conf,5
frame_00959,train,0,low_conf,6
frame_00959,train,1,low_conf,6
frame_00959,train,2,low_conf,4
frame_00959,train,3,usable,6
frame_00959,train,4,usable,6
frame_00959,train,5,low_conf,5
frame_00959,train,6,low_conf,5
frame_00959,train,7,low_conf,6
frame_00960,train,0,low_conf,8
frame_00960,train,1,low_conf,6
frame_00960,train,2,low_conf,5
frame_00960,train,3,usable,6
frame_00960,train,4,usable,7
frame_00960,train,5,low_conf,5
frame_00960,train,6,low_conf,4
frame_00961,train,0,low_conf,6
frame_00961,train,1,usable,6
frame_00961,train,2,low_conf,5
frame_00961,train,3,usable,6
frame_00961,train,4,low_conf,4
frame_00961,train,5,low_conf,6
frame_00961,train,6,low_conf,5
frame_00961,train,7,low_conf,4
frame_00963,train,0,low_conf,4
frame_00963,train,1,low_conf,7
frame_00963,train,2,low_conf,7
frame_00963,train,3,usable,7
frame_00963,train,4,low_conf,4
frame_00963,train,5,good,7
frame_00963,train,6,low_conf,5
frame_00963,train,7,low_conf,6
frame_00963,train,8,low_conf,4
frame_00964,train,0,low_conf,4
frame_00964,train,1,low_conf,6
frame_00964,train,2,low_conf,6
frame_00964,train,3,usable,6
frame_00964,train,4,good,7
frame_00964,train,5,low_conf,6
frame_00964,train,6,low_conf,5
frame_00964,train,7,low_conf,5
frame_00966,train,0,low_conf,4
frame_00966,train,1,low_conf,5
frame_00966,train,2,low_conf,5
frame_00966,train,3,usable,6
frame_00966,train,4,low_conf,5
frame_00966,train,5,low_conf,5
frame_00966,train,6,low_conf,6
frame_00966,train,7,low_conf,5
frame_00969,train,0,low_conf,6
frame_00969,train,1,low_conf,7
frame_00969,train,2,low_conf,4
frame_00969,train,3,usable,6
frame_00969,train,4,low_conf,5
frame_00969,train,5,good,7
frame_00969,train,6,low_conf,6
frame_00969,train,7,low_conf,6
frame_00970,train,0,low_conf,6
frame_00970,train,1,usable,6
frame_00970,train,2,low_conf,4
frame_00970,train,3,usable,6
frame_00970,train,4,low_conf,4
frame_00970,train,5,low_conf,4
frame_00970,train,6,low_conf,4
frame_00971,train,0,low_conf,6
frame_00971,train,1,usable,6
frame_00971,train,2,low_conf,6
frame_00971,train,3,usable,6
frame_00971,train,4,low_conf,4
frame_00971,train,5,low_conf,4
frame_00971,train,6,low_conf,5
frame_00972,train,0,low_conf,4
frame_00972,train,1,low_conf,4
frame_00972,train,2,usable,6
frame_00972,train,3,good,6
frame_00972,train,4,low_conf,4
frame_00972,train,5,low_conf,4
frame_00972,train,6,low_conf,5
frame_00974,train,0,low_conf,6
frame_00974,train,1,usable,6
frame_00974,train,2,usable,6
frame_00974,train,3,low_conf,6
frame_00974,train,4,good,6
frame_00974,train,5,low_conf,4
frame_00974,train,6,low_conf,6
frame_00975,train,0,low_conf,7
frame_00975,train,1,usable,7
frame_00975,train,2,usable,7
frame_00975,train,3,usable,6
frame_00975,train,4,low_conf,4
frame_00976,train,0,low_conf,7
frame_00976,train,1,low_conf,5
frame_00976,train,2,low_conf,6
frame_00976,train,3,usable,7
frame_00976,train,4,usable,6
frame_00976,train,5,low_conf,5
frame_00976,train,6,low_conf,4
frame_00977,train,0,low_conf,5
frame_00977,train,1,low_conf,5
frame_00977,train,2,low_conf,5
frame_00977,train,3,usable,6
frame_00977,train,4,usable,6
frame_00977,train,5,low_conf,7
frame_00977,train,6,low_conf,6
frame_00977,train,7,low_conf,4
frame_00978,train,0,low_conf,7
frame_00978,train,1,low_conf,5
frame_00978,train,2,low_conf,4
frame_00978,train,3,low_conf,5
frame_00978,train,4,low_conf,5
frame_00979,train,0,low_conf,7
frame_00979,train,1,usable,6
frame_00979,train,2,low_conf,4
frame_00979,train,3,usable,6
frame_00979,train,4,low_conf,4
frame_00979,train,5,good,7
frame_00979,train,6,low_conf,4
frame_00979,train,7,low_conf,4
frame_00979,train,8,low_conf,5
frame_00980,train,0,low_conf,6
frame_00980,train,1,low_conf,5
frame_00980,train,2,low_conf,4
frame_00980,train,3,usable,7
frame_00980,train,4,low_conf,7
frame_00980,train,5,low_conf,6
frame_00980,train,6,low_conf,6
frame_00982,train,0,low_conf,5
frame_00982,train,1,low_conf,5
frame_00982,train,2,low_conf,6
frame_00982,train,3,low_conf,5
frame_00982,train,4,low_conf,4
frame_00983,train,0,low_conf,5
frame_00983,train,1,low_conf,5
frame_00983,train,2,usable,5
frame_00983,train,3,usable,8
frame_00983,train,4,good,7
frame_00983,train,5,low_conf,5
frame_00983,train,6,low_conf,5
frame_00983,train,7,low_conf,4
frame_00984,train,0,low_conf,6
frame_00984,train,1,low_conf,5
frame_00984,train,2,usable,6
frame_00984,train,3,usable,7
frame_00984,train,4,low_conf,5
frame_00984,train,5,low_conf,4
frame_00985,train,0,low_conf,6
frame_00985,train,1,low_conf,5
frame_00985,train,2,low_conf,4
frame_00985,train,3,usable,6
frame_00985,train,4,low_conf,6
frame_00987,train,0,low_conf,4
frame_00987,train,1,low_conf,5
frame_00987,train,2,usable,6
frame_00987,train,3,usable,6
frame_00987,train,4,low_conf,6
frame_00987,train,5,good,7
frame_00987,train,6,low_conf,4
frame_00987,train,7,low_conf,5
frame_00987,train,8,low_conf,6
frame_00988,train,0,low_conf,4
frame_00988,train,1,low_conf,5
frame_00988,train,2,usable,5
frame_00988,train,3,usable,6
frame_00988,train,4,low_conf,4
frame_00988,train,5,low_conf,5
frame_00988,train,6,low_conf,5
frame_00989,train,0,low_conf,4
frame_00989,train,1,low_conf,4
frame_00989,train,2,usable,5
frame_00989,train,3,usable,6
frame_00989,train,4,low_conf,4
frame_00989,train,5,low_conf,6
frame_00991,train,0,low_conf,4
frame_00991,train,1,low_conf,6
frame_00991,train,2,usable,6
frame_00991,train,3,low_conf,4
frame_00991,train,4,good,7
frame_00991,train,5,low_conf,6
frame_00991,train,6,low_conf,4
frame_00992,train,0,low_conf,4
frame_00992,train,1,usable,6
frame_00992,train,2,usable,6
frame_00992,train,3,good,6
frame_00992,train,4,low_conf,5
frame_00992,train,5,low_conf,4
frame_00993,train,0,low_conf,5
frame_00993,train,1,low_conf,6
frame_00993,train,2,usable,5
frame_00993,train,3,usable,8
frame_00993,train,4,usable,7
frame_00993,train,5,low_conf,6
frame_00993,train,6,low_conf,4
frame_00994,train,0,low_conf,5
frame_00994,train,1,low_conf,6
frame_00994,train,2,usable,6
frame_00994,train,3,usable,6
frame_00994,train,4,usable,6
frame_00994,train,5,low_conf,4
frame_00994,train,6,low_conf,6
frame_00994,train,7,low_conf,5
frame_00995,train,0,low_conf,6
frame_00995,train,1,low_conf,4
frame_00995,train,2,usable,6
frame_00995,train,3,usable,6
frame_00995,train,4,low_conf,6
frame_00995,train,5,low_conf,6
frame_00995,train,6,low_conf,5
frame_00996,train,0,low_conf,6
frame_00996,train,1,usable,5
frame_00996,train,2,usable,7
frame_00996,train,3,good,6
frame_00996,train,4,low_conf,4
frame_00996,train,5,low_conf,5
frame_00997,train,0,low_conf,6
frame_00997,train,1,low_conf,4
frame_00997,train,2,usable,6
frame_00997,train,3,usable,8
frame_00997,train,4,usable,6
frame_00997,train,5,low_conf,6
frame_00997,train,6,low_conf,4
frame_00998,train,0,low_conf,6
frame_00998,train,1,low_conf,4
frame_00998,train,2,usable,6
frame_00998,train,3,usable,6
frame_00998,train,4,low_conf,5
frame_00998,train,5,low_conf,4
frame_00998,train,6,low_conf,5
frame_00999,train,0,low_conf,6
frame_00999,train,1,low_conf,5
frame_00999,train,2,usable,6
frame_00999,train,3,usable,7
frame_00999,train,4,usable,6
frame_00999,train,5,low_conf,4
frame_00999,train,6,low_conf,4
frame_00999,train,7,low_conf,4
frame_01000,train,0,low_conf,7
frame_01000,train,1,low_conf,6
frame_01000,train,2,usable,6
frame_01000,train,3,usable,7
frame_01000,train,4,low_conf,6
frame_01000,train,5,good,6
frame_01000,train,6,low_conf,4
frame_01001,train,0,low_conf,7
frame_01001,train,1,usable,6
frame_01001,train,2,usable,6
frame_01001,train,3,usable,6
frame_01001,train,4,usable,7
frame_01001,train,5,low_conf,4
frame_01001,train,6,low_conf,6
frame_01003,train,0,low_conf,6
frame_01003,train,1,usable,6
frame_01003,train,2,low_conf,5
frame_01003,train,3,good,6
frame_01003,train,4,low_conf,5
frame_01003,train,5,low_conf,5
frame_01004,train,0,low_conf,5
frame_01004,train,1,low_conf,7
frame_01004,train,2,usable,6
frame_01004,train,3,low_conf,6
frame_01004,train,4,usable,6
frame_01004,train,5,low_conf,5
frame_01004,train,6,low_conf,4
frame_01006,train,0,low_conf,4
frame_01006,train,1,low_conf,5
frame_01006,train,2,good,6
frame_01006,train,3,usable,7
frame_01006,train,4,usable,5
frame_01006,train,5,low_conf,6
frame_01006,train,6,low_conf,5
frame_01007,train,0,low_conf,5
frame_01007,train,1,low_conf,5
frame_01007,train,2,good,6
frame_01007,train,3,usable,6
frame_01007,train,4,low_conf,6
frame_01007,train,5,low_conf,6
frame_01008,train,0,low_conf,7
frame_01008,train,1,low_conf,5
frame_01008,train,2,usable,6
frame_01008,train,3,low_conf,6
frame_01008,train,4,good,6
frame_01008,train,5,low_conf,5
frame_01008,train,6,low_conf,5
frame_01009,train,0,low_conf,7
frame_01009,train,1,low_conf,5
frame_01009,train,2,usable,6
frame_01009,train,3,low_conf,7
frame_01009,train,4,low_conf,5
frame_01009,train,5,low_conf,4
frame_01009,train,6,low_conf,5
frame_01011,train,0,low_conf,7
frame_01011,train,1,low_conf,4
frame_01011,train,2,usable,6
frame_01011,train,3,usable,6
frame_01011,train,4,usable,7
frame_01011,train,5,low_conf,6
frame_01011,train,6,low_conf,4
frame_01012,train,0,low_conf,6
frame_01012,train,1,low_conf,4
frame_01012,train,2,usable,6
frame_01012,train,3,usable,6
frame_01012,train,4,good,7
frame_01012,train,5,low_conf,6
frame_01012,train,6,low_conf,6
frame_01012,train,7,low_conf,5
frame_01013,train,0,low_conf,4
frame_01013,train,1,low_conf,6
frame_01013,train,2,usable,6
frame_01013,train,3,low_conf,6
frame_01013,train,4,low_conf,4
frame_01013,train,5,low_conf,6
frame_01014,train,0,low_conf,5
frame_01014,train,1,usable,5
frame_01014,train,2,usable,6
frame_01014,train,3,usable,6
frame_01014,train,4,low_conf,5
frame_01015,train,0,low_conf,6
frame_01015,train,1,usable,6
frame_01015,train,2,low_conf,6
frame_01015,train,3,low_conf,5
frame_01015,train,4,low_conf,4
frame_01015,train,5,low_conf,6
frame_01016,train,0,low_conf,7
frame_01016,train,1,usable,7
frame_01016,train,2,usable,8
frame_01016,train,3,good,7
frame_01016,train,4,low_conf,4
frame_01017,train,0,usable,5
frame_01017,train,1,low_conf,5
frame_01017,train,2,usable,6
frame_01017,train,3,usable,6
frame_01017,train,4,good,7
frame_01017,train,5,low_conf,4
frame_01017,train,6,low_conf,4
frame_01018,train,0,low_conf,6
frame_01018,train,1,low_conf,5
frame_01018,train,2,usable,6
frame_01018,train,3,usable,6
frame_01018,train,4,usable,7
frame_01018,train,5,low_conf,4
frame_01018,train,6,low_conf,5
frame_01018,train,7,low_conf,4
frame_01019,train,0,low_conf,6
frame_01019,train,1,usable,6
frame_01019,train,2,usable,6
frame_01019,train,3,usable,6
frame_01019,train,4,low_conf,5
frame_01019,train,5,low_conf,5
frame_01021,train,0,low_conf,5
frame_01021,train,1,low_conf,5
frame_01021,train,2,usable,6
frame_01021,train,3,usable,6
frame_01021,train,4,good,6
frame_01021,train,5,low_conf,6
frame_01021,train,6,low_conf,6
frame_01021,train,7,low_conf,5
frame_01021,train,8,low_conf,6
frame_01023,train,0,usable,5
frame_01023,train,1,low_conf,6
frame_01023,train,2,usable,6
frame_01023,train,3,usable,6
frame_01023,train,4,usable,7
frame_01023,train,5,usable,7
frame_01023,train,6,low_conf,6
frame_01023,train,7,low_conf,6
frame_01023,train,8,low_conf,5
frame_01023,train,9,low_conf,6
frame_01026,train,0,usable,6
frame_01026,train,1,low_conf,6
frame_01026,train,2,usable,6
frame_01026,train,3,usable,6
frame_01026,train,4,usable,6
frame_01026,train,5,usable,6
frame_01026,train,6,usable,4
frame_01026,train,7,low_conf,4
frame_01026,train,8,low_conf,6
frame_01027,train,0,low_conf,6
frame_01027,train,1,low_conf,4
frame_01027,train,2,usable,6
frame_01027,train,3,usable,6
frame_01027,train,4,good,7
frame_01027,train,5,usable,5
frame_01027,train,6,low_conf,4
frame_01027,train,7,low_conf,6
frame_01028,train,0,low_conf,5
frame_01028,train,1,low_conf,4
frame_01028,train,2,usable,7
frame_01028,train,3,usable,6
frame_01028,train,4,good,7
frame_01028,train,5,usable,6
frame_01028,train,6,low_conf,6
frame_01028,train,7,low_conf,5
frame_01028,train,8,low_conf,5
frame_01029,train,0,usable,7
frame_01029,train,1,low_conf,4
frame_01029,train,2,usable,6
frame_01029,train,3,low_conf,6
frame_01029,train,4,usable,6
frame_01029,train,5,usable,7
frame_01029,train,6,usable,6
frame_01029,train,7,low_conf,5
frame_01029,train,8,low_conf,5
frame_01030,train,0,low_conf,5
frame_01030,train,1,low_conf,4
frame_01030,train,2,usable,5
frame_01030,train,3,low_conf,4
frame_01030,train,4,usable,5
frame_01030,train,5,low_conf,5
frame_01031,train,0,low_conf,4
frame_01031,train,1,low_conf,5
frame_01031,train,2,low_conf,4
frame_01031,train,3,usable,7
frame_01031,train,4,good,7
frame_01031,train,5,good,5
frame_01031,train,6,low_conf,5
frame_01031,train,7,low_conf,4
frame_01032,train,0,low_conf,4
frame_01032,train,1,low_conf,5
frame_01032,train,2,low_conf,4
frame_01032,train,3,low_conf,4
frame_01032,train,4,usable,6
frame_01032,train,5,good,6
frame_01032,train,6,low_conf,6
frame_01032,train,7,low_conf,5
frame_01032,train,8,low_conf,6
frame_01033,train,0,low_conf,7
frame_01033,train,1,low_conf,5
frame_01033,train,2,low_conf,6
frame_01033,train,3,usable,6
frame_01033,train,4,good,6
frame_01033,train,5,good,5
frame_01033,train,6,low_conf,6
frame_01034,train,0,low_conf,7
frame_01034,train,1,low_conf,6
frame_01034,train,2,low_conf,6
frame_01034,train,3,low_conf,6
frame_01034,train,4,good,7
frame_01034,train,5,usable,6
frame_01034,train,6,low_conf,4
frame_01034,train,7,low_conf,5
frame_01034,train,8,low_conf,6
frame_01036,train,0,low_conf,7
frame_01036,train,1,low_conf,7
frame_01036,train,2,low_conf,8
frame_01036,train,3,low_conf,5
frame_01036,train,4,good,6
frame_01036,train,5,good,6
frame_01036,train,6,low_conf,5
frame_01036,train,7,low_conf,6
frame_01038,train,0,low_conf,5
frame_01038,train,1,low_conf,6
frame_01038,train,2,low_conf,4
frame_01038,train,3,usable,8
frame_01038,train,4,good,7
frame_01038,train,5,good,7
frame_01038,train,6,low_conf,4
frame_01038,train,7,low_conf,5
frame_01038,train,8,low_conf,4
frame_01039,train,0,low_conf,4
frame_01039,train,1,low_conf,7
frame_01039,train,2,low_conf,4
frame_01039,train,3,usable,6
frame_01039,train,4,good,6
frame_01039,train,5,low_conf,4
frame_01040,train,0,low_conf,5
frame_01040,train,1,low_conf,6
frame_01040,train,2,usable,6
frame_01040,train,3,low_conf,6
frame_01040,train,4,good,7
frame_01040,train,5,good,7
frame_01040,train,6,low_conf,4
frame_01040,train,7,low_conf,4
frame_01040,train,8,low_conf,4
frame_01041,train,0,low_conf,5
frame_01041,train,1,low_conf,4
frame_01041,train,2,low_conf,6
frame_01041,train,3,usable,7
frame_01041,train,4,good,7
frame_01041,train,5,good,8
frame_01041,train,6,low_conf,5
frame_01041,train,7,low_conf,4
frame_01041,train,8,low_conf,6
frame_01042,train,0,low_conf,7
frame_01042,train,1,low_conf,7
frame_01042,train,2,usable,6
frame_01042,train,3,good,8
frame_01042,train,4,good,6
frame_01042,train,5,low_conf,6
frame_01042,train,6,low_conf,4
frame_01042,train,7,low_conf,5
frame_01043,train,0,low_conf,6
frame_01043,train,1,low_conf,4
frame_01043,train,2,low_conf,6
frame_01043,train,3,low_conf,6
frame_01043,train,4,good,6
frame_01043,train,5,good,6
frame_01043,train,6,low_conf,4
frame_01043,train,7,low_conf,4
frame_01044,train,0,low_conf,6
frame_01044,train,1,low_conf,5
frame_01044,train,2,low_conf,7
frame_01044,train,3,low_conf,5
frame_01044,train,4,good,7
frame_01044,train,5,low_conf,6
frame_01044,train,6,low_conf,4
frame_01045,train,0,low_conf,5
frame_01045,train,1,low_conf,4
frame_01045,train,2,low_conf,4
frame_01045,train,3,good,7
frame_01045,train,4,low_conf,4
frame_01045,train,5,low_conf,4
frame_01046,train,0,low_conf,5
frame_01046,train,1,usable,6
frame_01046,train,2,low_conf,4
frame_01046,train,3,low_conf,6
frame_01046,train,4,good,7
frame_01046,train,5,good,6
frame_01046,train,6,low_conf,4
frame_01046,train,7,low_conf,4
frame_01047,train,0,low_conf,6
frame_01047,train,1,usable,7
frame_01047,train,2,low_conf,5
frame_01047,train,3,low_conf,5
frame_01047,train,4,good,6
frame_01047,train,5,good,6
frame_01047,train,6,low_conf,6
frame_01047,train,7,low_conf,6
frame_01047,train,8,low_conf,4
frame_01048,train,0,low_conf,5
frame_01048,train,1,usable,6
frame_01048,train,2,usable,6
frame_01048,train,3,low_conf,5
frame_01048,train,4,good,7
frame_01048,train,5,good,6
frame_01048,train,6,low_conf,5
frame_01048,train,7,low_conf,4
frame_01048,train,8,low_conf,4
frame_01049,train,0,low_conf,4
frame_01049,train,1,usable,7
frame_01049,train,2,usable,7
frame_01049,train,3,low_conf,4
frame_01049,train,4,good,7
frame_01049,train,5,good,6
frame_01049,train,6,low_conf,4
frame_01051,train,0,low_conf,6
frame_01051,train,1,usable,6
frame_01051,train,2,low_conf,7
frame_01051,train,3,low_conf,5
frame_01051,train,4,good,6
frame_01051,train,5,good,6
frame_01051,train,6,low_conf,5
frame_01051,train,7,low_conf,5
frame_01051,train,8,low_conf,6
frame_01052,train,0,low_conf,6
frame_01052,train,1,low_conf,6
frame_01052,train,2,usable,8
frame_01052,train,3,low_conf,5
frame_01052,train,4,good,7
frame_01052,train,5,good,6
frame_01052,train,6,low_conf,5
frame_01052,train,7,low_conf,5
frame_01052,train,8,low_conf,7
frame_01053,train,0,low_conf,5
frame_01053,train,1,usable,6
frame_01053,train,2,usable,6
frame_01053,train,3,low_conf,4
frame_01053,train,4,good,7
frame_01053,train,5,good,6
frame_01053,train,6,low_conf,5
frame_01053,train,7,low_conf,4
frame_01053,train,8,low_conf,4
frame_01054,train,0,low_conf,5
frame_01054,train,1,low_conf,5
frame_01054,train,2,usable,6
frame_01054,train,3,low_conf,4
frame_01054,train,4,good,6
frame_01054,train,5,good,6
frame_01055,train,0,low_conf,6
frame_01055,train,1,usable,6
frame_01055,train,2,low_conf,4
frame_01055,train,3,low_conf,5
frame_01055,train,4,good,7
frame_01055,train,5,low_conf,4
frame_01055,train,6,low_conf,5
frame_01055,train,7,low_conf,4
frame_01056,train,0,low_conf,6
frame_01056,train,1,usable,7
frame_01056,train,2,usable,5
frame_01056,train,3,low_conf,4
frame_01056,train,4,good,7
frame_01056,train,5,good,7
frame_01056,train,6,low_conf,4
frame_01056,train,7,low_conf,5
frame_01056,train,8,low_conf,4
frame_01057,train,0,low_conf,6
frame_01057,train,1,low_conf,5
frame_01057,train,2,usable,5
frame_01057,train,3,usable,7
frame_01057,train,4,low_conf,4
frame_01057,train,5,good,7
frame_01057,train,6,good,6
frame_01057,train,7,low_conf,4
frame_01057,train,8,low_conf,5
frame_01058,train,0,low_conf,6
frame_01058,train,1,usable,6
frame_01058,train,2,low_conf,6
frame_01058,train,3,low_conf,5
frame_01058,train,4,good,6
frame_01058,train,5,good,6
frame_01058,train,6,low_conf,6
frame_01058,train,7,low_conf,5
frame_01058,train,8,low_conf,4
frame_01059,train,0,low_conf,7
frame_01059,train,1,usable,6
frame_01059,train,2,low_conf,6
frame_01059,train,3,low_conf,4
frame_01059,train,4,good,6
frame_01059,train,5,good,6
frame_01059,train,6,low_conf,4
frame_01059,train,7,low_conf,5
frame_01060,train,0,low_conf,5
frame_01060,train,1,low_conf,6
frame_01060,train,2,low_conf,4
frame_01060,train,3,good,6
frame_01060,train,4,good,6
frame_01060,train,5,low_conf,4
frame_01060,train,6,low_conf,5
frame_01061,train,0,low_conf,5
frame_01061,train,1,usable,6
frame_01061,train,2,low_conf,5
frame_01061,train,3,good,6
frame_01061,train,4,good,6
frame_01061,train,5,low_conf,6
frame_01061,train,6,low_conf,4
frame_01061,train,7,low_conf,5
frame_01063,train,0,low_conf,5
frame_01063,train,1,usable,6
frame_01063,train,2,good,6
frame_01063,train,3,low_conf,4
frame_01063,train,4,low_conf,6
frame_01063,train,5,good,7
frame_01063,train,6,usable,7
frame_01063,train,7,low_conf,6
frame_01063,train,8,low_conf,6
frame_01064,train,0,low_conf,6
frame_01064,train,1,usable,6
frame_01064,train,2,good,7
frame_01064,train,3,low_conf,5
frame_01064,train,4,good,6
frame_01064,train,5,good,6
frame_01064,train,6,low_conf,5
frame_01064,train,7,low_conf,6
frame_01064,train,8,low_conf,6
frame_01065,train,0,low_conf,6
frame_01065,train,1,low_conf,6
frame_01065,train,2,usable,6
frame_01065,train,3,low_conf,6
frame_01065,train,4,good,6
frame_01065,train,5,low_conf,4
frame_01065,train,6,low_conf,6
frame_01066,train,0,low_conf,6
frame_01066,train,1,low_conf,5
frame_01066,train,2,usable,7
frame_01066,train,3,low_conf,6
frame_01066,train,4,good,6
frame_01066,train,5,low_conf,5
frame_01068,train,0,low_conf,6
frame_01068,train,1,low_conf,6
frame_01068,train,2,good,8
frame_01068,train,3,usable,6
frame_01068,train,4,good,7
frame_01068,train,5,good,6
frame_01068,train,6,low_conf,6
frame_01068,train,7,low_conf,4
frame_01068,train,8,low_conf,5
frame_01070,train,0,low_conf,4
frame_01070,train,1,low_conf,6
frame_01070,train,2,usable,6
frame_01070,train,3,usable,6
frame_01070,train,4,low_conf,6
frame_01070,train,5,good,6
frame_01070,train,6,low_conf,6
frame_01070,train,7,low_conf,6
frame_01070,train,8,low_conf,5
frame_01071,train,0,low_conf,4
frame_01071,train,1,low_conf,5
frame_01071,train,2,usable,6
frame_01071,train,3,usable,6
frame_01071,train,4,low_conf,5
frame_01071,train,5,usable,6
frame_01071,train,6,good,7
frame_01071,train,7,low_conf,4
frame_01071,train,8,low_conf,6
frame_01071,train,9,low_conf,5
frame_01072,train,0,low_conf,4
frame_01072,train,1,low_conf,5
frame_01072,train,2,good,6
frame_01072,train,3,usable,6
frame_01072,train,4,good,7
frame_01072,train,5,good,7
frame_01072,train,6,low_conf,4
frame_01072,train,7,low_conf,5
frame_01073,train,0,low_conf,4
frame_01073,train,1,low_conf,5
frame_01073,train,2,usable,6
frame_01073,train,3,usable,5
frame_01073,train,4,good,6
frame_01073,train,5,low_conf,6
frame_01076,train,0,low_conf,4
frame_01076,train,1,low_conf,4
frame_01076,train,2,usable,5
frame_01076,train,3,low_conf,4
frame_01076,train,4,usable,6
frame_01076,train,5,low_conf,4
frame_01077,train,0,low_conf,4
frame_01077,train,1,usable,6
frame_01077,train,2,usable,6
frame_01077,train,3,usable,5
frame_01077,train,4,good,6
frame_01077,train,5,good,7
frame_01077,train,6,low_conf,4
frame_01077,train,7,low_conf,7
frame_01077,train,8,low_conf,4
frame_01078,train,0,low_conf,4
frame_01078,train,1,usable,5
frame_01078,train,2,usable,7
frame_01078,train,3,usable,5
frame_01078,train,4,low_conf,5
frame_01078,train,5,good,6
frame_01078,train,6,good,6
frame_01078,train,7,low_conf,4
frame_01078,train,8,low_conf,4
frame_01078,train,9,low_conf,4
frame_01079,train,0,low_conf,5
frame_01079,train,1,low_conf,4
frame_01079,train,2,usable,6
frame_01079,train,3,usable,6
frame_01079,train,4,low_conf,4
frame_01079,train,5,usable,6
frame_01079,train,6,low_conf,4
frame_01079,train,7,low_conf,6
frame_01079,train,8,low_conf,4
frame_01080,train,0,low_conf,5
frame_01080,train,1,usable,5
frame_01080,train,2,usable,6
frame_01080,train,3,usable,6
frame_01080,train,4,low_conf,4
frame_01080,train,5,good,6
frame_01080,train,6,low_conf,5
frame_01080,train,7,low_conf,4
frame_01082,train,0,low_conf,6
frame_01082,train,1,usable,6
frame_01082,train,2,usable,6
frame_01082,train,3,usable,7
frame_01082,train,4,low_conf,4
frame_01082,train,5,good,6
frame_01082,train,6,low_conf,5
frame_01082,train,7,low_conf,4
frame_01082,train,8,low_conf,5
frame_01083,train,0,low_conf,5
frame_01083,train,1,usable,7
frame_01083,train,2,usable,7
frame_01083,train,3,low_conf,4
frame_01083,train,4,good,8
frame_01083,train,5,good,7
frame_01083,train,6,low_conf,5
frame_01083,train,7,low_conf,4
frame_01083,train,8,low_conf,4
frame_01084,train,0,low_conf,4
frame_01084,train,1,usable,6
frame_01084,train,2,usable,6
frame_01084,train,3,usable,7
frame_01084,train,4,low_conf,4
frame_01084,train,5,usable,7
frame_01084,train,6,low_conf,5
frame_01084,train,7,low_conf,6
frame_01085,train,0,low_conf,5
frame_01085,train,1,usable,5
frame_01085,train,2,usable,6
frame_01085,train,3,usable,8
frame_01085,train,4,low_conf,4
frame_01085,train,5,usable,7
frame_01085,train,6,low_conf,4
frame_01085,train,7,low_conf,5
frame_01085,train,8,low_conf,6
frame_01086,train,0,low_conf,5
frame_01086,train,1,usable,6
frame_01086,train,2,usable,6
frame_01086,train,3,usable,6
frame_01086,train,4,low_conf,4
frame_01086,train,5,good,8
frame_01086,train,6,good,6
frame_01086,train,7,low_conf,5
frame_01086,train,8,low_conf,6
frame_01086,train,9,low_conf,5
frame_01089,train,0,low_conf,5
frame_01089,train,1,usable,6
frame_01089,train,2,usable,7
frame_01089,train,3,usable,5
frame_01089,train,4,low_conf,4
frame_01089,train,5,usable,5
frame_01089,train,6,good,6
frame_01089,train,7,low_conf,5
frame_01090,train,0,low_conf,6
frame_01090,train,1,usable,7
frame_01090,train,2,usable,7
frame_01090,train,3,usable,5
frame_01090,train,4,low_conf,4
frame_01090,train,5,usable,5
frame_01090,train,6,low_conf,4
frame_01090,train,7,low_conf,5
frame_01090,train,8,low_conf,5
frame_01091,train,0,low_conf,5
frame_01091,train,1,usable,6
frame_01091,train,2,usable,7
frame_01091,train,3,low_conf,6
frame_01091,train,4,low_conf,4
frame_01091,train,5,good,4
frame_01091,train,6,good,6
frame_01091,train,7,low_conf,6
frame_01091,train,8,low_conf,4
frame_01091,train,9,low_conf,5
frame_01092,train,0,low_conf,6
frame_01092,train,1,usable,6
frame_01092,train,2,usable,6
frame_01092,train,3,low_conf,5
frame_01092,train,4,low_conf,4
frame_01092,train,5,good,6
frame_01092,train,6,good,6
frame_01092,train,7,low_conf,5
frame_01094,train,0,low_conf,4
frame_01094,train,1,usable,6
frame_01094,train,2,usable,6
frame_01094,train,3,low_conf,6
frame_01094,train,4,low_conf,4
frame_01094,train,5,usable,6
frame_01094,train,6,good,7
frame_01094,train,7,low_conf,4
frame_01094,train,8,low_conf,5
frame_01095,train,0,low_conf,4
frame_01095,train,1,usable,6
frame_01095,train,2,low_conf,6
frame_01095,train,3,low_conf,4
frame_01095,train,4,good,5
frame_01095,train,5,low_conf,6
frame_01095,train,6,low_conf,4
frame_01096,train,0,low_conf,4
frame_01096,train,1,usable,7
frame_01096,train,2,usable,6
frame_01096,train,3,low_conf,5
frame_01096,train,4,low_conf,4
frame_01096,train,5,good,6
frame_01096,train,6,good,7
frame_01096,train,7,low_conf,4
frame_01096,train,8,low_conf,5
frame_01096,train,9,low_conf,6
frame_01097,train,0,low_conf,6
frame_01097,train,1,usable,6
frame_01097,train,2,usable,6
frame_01097,train,3,low_conf,5
frame_01097,train,4,low_conf,4
frame_01097,train,5,usable,6
frame_01097,train,6,good,7
frame_01097,train,7,low_conf,5
frame_01097,train,8,low_conf,4
frame_01097,train,9,low_conf,6
frame_01098,train,0,usable,5
frame_01098,train,1,low_conf,6
frame_01098,train,2,usable,6
frame_01098,train,3,low_conf,5
frame_01098,train,4,low_conf,5
frame_01098,train,5,usable,6
frame_01098,train,6,good,6
frame_01098,train,7,low_conf,6
frame_01098,train,8,low_conf,4
frame_01098,train,9,low_conf,5
frame_01099,train,0,low_conf,5
frame_01099,train,1,usable,5
frame_01099,train,2,low_conf,5
frame_01099,train,3,low_conf,5
frame_01099,train,4,usable,6
frame_01099,train,5,good,6
frame_01099,train,6,low_conf,5
frame_01099,train,7,low_conf,5
frame_01100,train,0,usable,7
frame_01100,train,1,low_conf,5
frame_01100,train,2,usable,6
frame_01100,train,3,low_conf,5
frame_01100,train,4,low_conf,4
frame_01100,train,5,usable,6
frame_01100,train,6,low_conf,5
frame_01100,train,7,low_conf,5
frame_01100,train,8,low_conf,6
frame_01101,train,0,usable,6
frame_01101,train,1,low_conf,4
frame_01101,train,2,usable,6
frame_01101,train,3,usable,7
frame_01101,train,4,low_conf,5
frame_01101,train,5,usable,6
frame_01101,train,6,good,6
frame_01101,train,7,low_conf,5
frame_01101,train,8,low_conf,4
frame_01101,train,9,low_conf,5
frame_01102,train,0,usable,6
frame_01102,train,1,low_conf,5
frame_01102,train,2,usable,6
frame_01102,train,3,low_conf,5
frame_01102,train,4,low_conf,5
frame_01102,train,5,good,6
frame_01102,train,6,low_conf,6
frame_01103,train,0,usable,6
frame_01103,train,1,low_conf,5
frame_01103,train,2,usable,6
frame_01103,train,3,low_conf,4
frame_01103,train,4,low_conf,5
frame_01103,train,5,good,8
frame_01103,train,6,low_conf,5
frame_01103,train,7,low_conf,5
frame_01103,train,8,low_conf,4
frame_01105,train,0,usable,6
frame_01105,train,1,low_conf,4
frame_01105,train,2,usable,7
frame_01105,train,3,low_conf,5
frame_01105,train,4,usable,6
frame_01105,train,5,low_conf,5
frame_01106,train,0,usable,6
frame_01106,train,1,low_conf,4
frame_01106,train,2,usable,7
frame_01106,train,3,usable,6
frame_01106,train,4,good,7
frame_01106,train,5,low_conf,6
frame_01106,train,6,low_conf,6
frame_01106,train,7,low_conf,5
frame_01107,train,0,usable,6
frame_01107,train,1,low_conf,4
frame_01107,train,2,usable,7
frame_01107,train,3,low_conf,5
frame_01107,train,4,usable,5
frame_01107,train,5,good,6
frame_01107,train,6,low_conf,5
frame_01107,train,7,low_conf,5
frame_01107,train,8,low_conf,4
frame_01108,train,0,usable,6
frame_01108,train,1,low_conf,4
frame_01108,train,2,good,6
frame_01108,train,3,low_conf,6
frame_01108,train,4,usable,6
frame_01108,train,5,good,5
frame_01108,train,6,low_conf,5
frame_01108,train,7,low_conf,5
frame_01109,train,0,usable,6
frame_01109,train,1,low_conf,4
frame_01109,train,2,usable,7
frame_01109,train,3,low_conf,5
frame_01109,train,4,usable,5
frame_01109,train,5,good,6
frame_01109,train,6,low_conf,4
frame_01109,train,7,low_conf,4
frame_01109,train,8,low_conf,4
frame_01110,train,0,usable,4
frame_01110,train,1,low_conf,4
frame_01110,train,2,usable,6
frame_01110,train,3,low_conf,5
frame_01110,train,4,usable,6
frame_01110,train,5,low_conf,5
frame_01110,train,6,low_conf,4
frame_01110,train,7,low_conf,4
frame_01111,train,0,usable,5
frame_01111,train,1,low_conf,4
frame_01111,train,2,usable,6
frame_01111,train,3,low_conf,6
frame_01111,train,4,usable,6
frame_01111,train,5,good,8
frame_01111,train,6,low_conf,5
frame_01111,train,7,low_conf,6
frame_01111,train,8,low_conf,4
frame_01112,train,0,usable,5
frame_01112,train,1,low_conf,4
frame_01112,train,2,usable,6
frame_01112,train,3,low_conf,6
frame_01112,train,4,usable,6
frame_01112,train,5,good,6
frame_01112,train,6,low_conf,5
frame_01112,train,7,low_conf,6
frame_01112,train,8,low_conf,5
frame_01113,train,0,usable,7
frame_01113,train,1,low_conf,4
frame_01113,train,2,good,6
frame_01113,train,3,low_conf,6
frame_01113,train,4,usable,7
frame_01113,train,5,good,7
frame_01113,train,6,low_conf,5
frame_01113,train,7,low_conf,7
frame_01113,train,8,low_conf,5
frame_01114,train,0,usable,6
frame_01114,train,1,low_conf,4
frame_01114,train,2,usable,6
frame_01114,train,3,low_conf,6
frame_01114,train,4,usable,6
frame_01114,train,5,low_conf,6
frame_01114,train,6,low_conf,4
frame_01114,train,7,low_conf,5
frame_01115,train,0,usable,6
frame_01115,train,1,low_conf,4
frame_01115,train,2,good,6
frame_01115,train,3,low_conf,6
frame_01115,train,4,usable,6
frame_01115,train,5,low_conf,4
frame_01115,train,6,low_conf,5
frame_01115,train,7,low_conf,6
frame_01116,train,0,usable,6
frame_01116,train,1,low_conf,4
frame_01116,train,2,usable,6
frame_01116,train,3,low_conf,6
frame_01116,train,4,usable,6
frame_01116,train,5,good,6
frame_01116,train,6,low_conf,4
frame_01117,train,0,usable,6
frame_01117,train,1,low_conf,4
frame_01117,train,2,good,6
frame_01117,train,3,low_conf,6
frame_01117,train,4,usable,6
frame_01117,train,5,good,8
frame_01117,train,6,low_conf,5
frame_01117,train,7,low_conf,6
frame_01117,train,8,low_conf,4
frame_01118,train,0,usable,6
frame_01118,train,1,usable,6
frame_01118,train,2,low_conf,6
frame_01118,train,3,usable,6
frame_01118,train,4,good,6
frame_01118,train,5,low_conf,4
frame_01118,train,6,low_conf,5
frame_01118,train,7,low_conf,5
frame_01119,train,0,usable,7
frame_01119,train,1,low_conf,4
frame_01119,train,2,usable,7
frame_01119,train,3,usable,6
frame_01119,train,4,low_conf,5
frame_01119,train,5,good,6
frame_01119,train,6,low_conf,4
frame_01119,train,7,low_conf,5
frame_01121,train,0,low_conf,4
frame_01121,train,1,usable,6
frame_01121,train,2,low_conf,7
frame_01121,train,3,usable,5
frame_01121,train,4,low_conf,5
frame_01122,train,0,low_conf,4
frame_01122,train,1,low_conf,7
frame_01122,train,2,usable,7
frame_01122,train,3,good,6
frame_01122,train,4,low_conf,6
frame_01122,train,5,low_conf,6
frame_01123,train,0,usable,5
frame_01123,train,1,low_conf,4
frame_01123,train,2,usable,7
frame_01123,train,3,usable,6
frame_01123,train,4,good,6
frame_01123,train,5,low_conf,4
frame_01123,train,6,low_conf,6
frame_01124,train,0,usable,6
frame_01124,train,1,low_conf,7
frame_01124,train,2,usable,8
frame_01124,train,3,low_conf,4
frame_01124,train,4,low_conf,5
frame_01125,train,0,usable,7
frame_01125,train,1,low_conf,4
frame_01125,train,2,usable,6
frame_01125,train,3,low_conf,7
frame_01125,train,4,usable,7
frame_01125,train,5,low_conf,4
frame_01125,train,6,low_conf,5
frame_01126,train,0,usable,6
frame_01126,train,1,low_conf,4
frame_01126,train,2,usable,6
frame_01126,train,3,low_conf,8
frame_01126,train,4,usable,7
frame_01126,train,5,low_conf,5
frame_01126,train,6,low_conf,6
frame_01127,train,0,usable,7
frame_01127,train,1,low_conf,5
frame_01127,train,2,usable,6
frame_01127,train,3,usable,8
frame_01127,train,4,usable,7
frame_01127,train,5,good,6
frame_01127,train,6,low_conf,6
frame_01127,train,7,low_conf,6
frame_01128,train,0,usable,6
frame_01128,train,1,low_conf,5
frame_01128,train,2,usable,6
frame_01128,train,3,usable,6
frame_01128,train,4,usable,6
frame_01128,train,5,good,7
frame_01128,train,6,low_conf,6
frame_01128,train,7,low_conf,4
frame_01128,train,8,low_conf,4
frame_01129,train,0,usable,6
frame_01129,train,1,low_conf,6
frame_01129,train,2,usable,6
frame_01129,train,3,low_conf,6
frame_01129,train,4,usable,6
frame_01129,train,5,low_conf,4
frame_01129,train,6,low_conf,4
frame_01129,train,7,low_conf,4
frame_01130,train,0,usable,6
frame_01130,train,1,low_conf,5
frame_01130,train,2,good,6
frame_01130,train,3,low_conf,5
frame_01130,train,4,usable,6
frame_01130,train,5,low_conf,4
frame_01130,train,6,low_conf,5
frame_01130,train,7,low_conf,4
frame_01131,train,0,usable,5
frame_01131,train,1,low_conf,4
frame_01131,train,2,good,7
frame_01131,train,3,usable,6
frame_01131,train,4,usable,6
frame_01131,train,5,good,6
frame_01131,train,6,low_conf,5
frame_01131,train,7,low_conf,7
frame_01131,train,8,low_conf,5
frame_01131,train,9,low_conf,5
frame_01133,train,0,usable,6
frame_01133,train,1,low_conf,5
frame_01133,train,2,good,6
frame_01133,train,3,low_conf,6
frame_01133,train,4,usable,6
frame_01133,train,5,good,7
frame_01133,train,6,low_conf,4
frame_01133,train,7,low_conf,6
frame_01133,train,8,low_conf,4
frame_01133,train,9,low_conf,6
frame_01134,train,0,usable,6
frame_01134,train,1,low_conf,6
frame_01134,train,2,good,5
frame_01134,train,3,low_conf,4
frame_01134,train,4,usable,7
frame_01134,train,5,usable,6
frame_01134,train,6,low_conf,4
frame_01134,train,7,low_conf,5
frame_01134,train,8,low_conf,5
frame_01134,train,9,low_conf,6
frame_01135,train,0,usable,7
frame_01135,train,1,low_conf,4
frame_01135,train,2,usable,5
frame_01135,train,3,usable,6
frame_01135,train,4,usable,7
frame_01135,train,5,low_conf,4
frame_01135,train,6,low_conf,4
frame_01135,train,7,low_conf,5
frame_01135,train,8,low_conf,4
frame_01136,train,0,usable,7
frame_01136,train,1,low_conf,6
frame_01136,train,2,usable,7
frame_01136,train,3,usable,6
frame_01136,train,4,usable,6
frame_01136,train,5,low_conf,5
frame_01136,train,6,low_conf,4
frame_01136,train,7,low_conf,5
frame_01136,train,8,low_conf,4
frame_01137,train,0,usable,6
frame_01137,train,1,low_conf,5
frame_01137,train,2,good,5
frame_01137,train,3,usable,6
frame_01137,train,4,usable,6
frame_01137,train,5,good,6
frame_01137,train,6,low_conf,5
frame_01137,train,7,low_conf,4
frame_01137,train,8,low_conf,6
frame_01139,train,0,low_conf,5
frame_01139,train,1,usable,6
frame_01139,train,2,low_conf,4
frame_01139,train,3,usable,6
frame_01139,train,4,good,8
frame_01139,train,5,low_conf,5
frame_01139,train,6,low_conf,5
frame_01139,train,7,low_conf,4
frame_01139,train,8,usable,6
frame_01140,train,0,usable,5
frame_01140,train,1,low_conf,8
frame_01140,train,2,usable,6
frame_01140,train,3,low_conf,4
frame_01140,train,4,usable,7
frame_01140,train,5,low_conf,4
frame_01140,train,6,low_conf,4
frame_01140,train,7,low_conf,4
frame_01141,train,0,usable,5
frame_01141,train,1,low_conf,5
frame_01141,train,2,usable,6
frame_01141,train,3,usable,5
frame_01141,train,4,usable,6
frame_01141,train,5,good,6
frame_01141,train,6,low_conf,4
frame_01141,train,7,low_conf,4
frame_01141,train,8,low_conf,5
frame_01141,train,9,low_conf,4
frame_01142,train,0,usable,5
frame_01142,train,1,low_conf,6
frame_01142,train,2,usable,5
frame_01142,train,3,usable,6
frame_01142,train,4,good,7
frame_01142,train,5,low_conf,4
frame_01142,train,6,low_conf,5
frame_01142,train,7,usable,5
frame_01144,train,0,usable,5
frame_01144,train,1,low_conf,6
frame_01144,train,2,good,7
frame_01144,train,3,usable,7
frame_01144,train,4,usable,6
frame_01144,train,5,usable,7
frame_01144,train,6,low_conf,5
frame_01144,train,7,low_conf,4
frame_01144,train,8,low_conf,5
frame_01144,train,9,usable,6
frame_01145,train,0,usable,6
frame_01145,train,1,low_conf,5
frame_01145,train,2,usable,7
frame_01145,train,3,usable,6
frame_01145,train,4,usable,6
frame_01145,train,5,low_conf,5
frame_01145,train,6,low_conf,5
frame_01145,train,7,low_conf,6
frame_01145,train,8,usable,6
frame_01146,train,0,usable,6
frame_01146,train,1,low_conf,6
frame_01146,train,2,usable,6
frame_01146,train,3,usable,7
frame_01146,train,4,good,6
frame_01146,train,5,low_conf,4
frame_01146,train,6,low_conf,5
frame_01146,train,7,usable,6
frame_01147,train,0,usable,6
frame_01147,train,1,low_conf,5
frame_01147,train,2,usable,7
frame_01147,train,3,usable,7
frame_01147,train,4,good,7
frame_01147,train,5,low_conf,6
frame_01147,train,6,low_conf,5
frame_01147,train,7,usable,5
frame_01148,train,0,usable,6
frame_01148,train,1,low_conf,4
frame_01148,train,2,usable,6
frame_01148,train,3,usable,6
frame_01148,train,4,low_conf,8
frame_01148,train,5,good,6
frame_01148,train,6,low_conf,6
frame_01148,train,7,low_conf,5
frame_01148,train,8,usable,5
frame_01149,train,0,usable,6
frame_01149,train,1,usable,7
frame_01149,train,2,usable,7
frame_01149,train,3,low_conf,5
frame_01149,train,4,low_conf,4
frame_01149,train,5,low_conf,7
frame_01149,train,6,usable,6
frame_01150,train,0,usable,6
frame_01150,train,1,low_conf,4
frame_01150,train,2,usable,8
frame_01150,train,3,usable,6
frame_01150,train,4,low_conf,7
frame_01150,train,5,low_conf,4
frame_01150,train,6,low_conf,4
frame_01150,train,7,low_conf,5
frame_01150,train,8,low_conf,5
frame_01151,train,0,usable,6
frame_01151,train,1,usable,7
frame_01151,train,2,usable,6
frame_01151,train,3,low_conf,4
frame_01151,train,4,low_conf,5
frame_01151,train,5,usable,6
frame_01152,train,0,usable,6
frame_01152,train,1,low_conf,5
frame_01152,train,2,usable,6
frame_01152,train,3,low_conf,4
frame_01152,train,4,low_conf,4
frame_01152,train,5,good,6
frame_01152,train,6,low_conf,5
frame_01152,train,7,usable,6
frame_01154,train,0,usable,6
frame_01154,train,1,low_conf,5
frame_01154,train,2,usable,6
frame_01154,train,3,low_conf,6
frame_01154,train,4,low_conf,5
frame_01154,train,5,usable,6
frame_01154,train,6,low_conf,6
frame_01154,train,7,low_conf,5
frame_01154,train,8,low_conf,4
frame_01155,train,0,usable,7
frame_01155,train,1,low_conf,5
frame_01155,train,2,usable,6
frame_01155,train,3,low_conf,6
frame_01155,train,4,low_conf,5
frame_01155,train,5,usable,8
frame_01155,train,6,low_conf,5
frame_01155,train,7,low_conf,5
frame_01156,train,0,usable,6
frame_01156,train,1,low_conf,4
frame_01156,train,2,usable,6
frame_01156,train,3,low_conf,6
frame_01156,train,4,low_conf,5
frame_01156,train,5,low_conf,5
frame_01156,train,6,usable,7
frame_01157,train,0,usable,5
frame_01157,train,1,low_conf,4
frame_01157,train,2,usable,6
frame_01157,train,3,low_conf,5
frame_01157,train,4,low_conf,6
frame_01157,train,5,good,7
frame_01157,train,6,low_conf,6
frame_01157,train,7,low_conf,6
frame_01158,train,0,usable,5
frame_01158,train,1,low_conf,4
frame_01158,train,2,usable,6
frame_01158,train,3,usable,6
frame_01158,train,4,low_conf,4
frame_01158,train,5,low_conf,6
frame_01158,train,6,good,6
frame_01158,train,7,low_conf,6
frame_01158,train,8,low_conf,6
frame_01159,train,0,usable,6
frame_01159,train,1,low_conf,4
frame_01159,train,2,usable,6
frame_01159,train,3,low_conf,4
frame_01159,train,4,low_conf,4
frame_01159,train,5,good,6
frame_01159,train,6,low_conf,6
frame_01159,train,7,usable,5
frame_01160,train,0,usable,5
frame_01160,train,1,usable,7
frame_01160,train,2,usable,6
frame_01160,train,3,low_conf,6
frame_01160,train,4,low_conf,4
frame_01160,train,5,usable,6
frame_01160,train,6,low_conf,5
frame_01160,train,7,low_conf,4
frame_01161,train,0,low_conf,4
frame_01161,train,1,usable,6
frame_01161,train,2,usable,6
frame_01161,train,3,low_conf,6
frame_01161,train,4,low_conf,4
frame_01161,train,5,low_conf,6
frame_01162,train,0,usable,6
frame_01162,train,1,low_conf,4
frame_01162,train,2,usable,6
frame_01162,train,3,usable,6
frame_01162,train,4,low_conf,6
frame_01162,train,5,low_conf,4
frame_01162,train,6,good,7
frame_01162,train,7,low_conf,6
frame_01162,train,8,low_conf,5
frame_01163,train,0,usable,6
frame_01163,train,1,low_conf,4
frame_01163,train,2,usable,6
frame_01163,train,3,usable,7
frame_01163,train,4,low_conf,6
frame_01163,train,5,low_conf,4
frame_01163,train,6,good,7
frame_01163,train,7,low_conf,6
frame_01163,train,8,low_conf,4
frame_01164,train,0,usable,6
frame_01164,train,1,low_conf,4
frame_01164,train,2,usable,7
frame_01164,train,3,low_conf,5
frame_01164,train,4,low_conf,4
frame_01164,train,5,good,7
frame_01164,train,6,low_conf,5
frame_01164,train,7,low_conf,5
frame_01165,train,0,usable,6
frame_01165,train,1,low_conf,4
frame_01165,train,2,usable,7
frame_01165,train,3,usable,6
frame_01165,train,4,low_conf,4
frame_01165,train,5,low_conf,5
frame_01167,train,0,usable,6
frame_01167,train,1,usable,8
frame_01167,train,2,usable,7
frame_01167,train,3,low_conf,6
frame_01167,train,4,low_conf,5
frame_01167,train,5,low_conf,6
frame_01167,train,6,low_conf,6
frame_01169,train,0,usable,5
frame_01169,train,1,usable,6
frame_01169,train,2,low_conf,5
frame_01169,train,3,low_conf,4
frame_01169,train,4,good,7
frame_01169,train,5,low_conf,5
frame_01170,train,0,usable,5
frame_01170,train,1,low_conf,5
frame_01170,train,2,usable,6
frame_01170,train,3,low_conf,5
frame_01170,train,4,low_conf,4
frame_01170,train,5,low_conf,6
frame_01170,train,6,low_conf,4
frame_01171,train,0,usable,5
frame_01171,train,1,low_conf,4
frame_01171,train,2,usable,6
frame_01171,train,3,low_conf,5
frame_01171,train,4,low_conf,4
frame_01171,train,5,low_conf,5
frame_01171,train,6,low_conf,4
frame_01171,train,7,low_conf,6
frame_01174,train,0,usable,5
frame_01174,train,1,low_conf,6
frame_01174,train,2,low_conf,5
frame_01174,train,3,low_conf,4
frame_01174,train,4,low_conf,5
frame_01174,train,5,good,7
frame_01174,train,6,low_conf,4
frame_01174,train,7,low_conf,4
frame_01176,train,0,usable,5
frame_01176,train,1,low_conf,6
frame_01176,train,2,good,6
frame_01176,train,3,low_conf,4
frame_01176,train,4,low_conf,5
frame_01176,train,5,low_conf,5
frame_01176,train,6,low_conf,5
frame_01176,train,7,low_conf,4
frame_01176,train,8,low_conf,5
frame_01177,train,0,low_conf,5
frame_01177,train,1,low_conf,6
frame_01177,train,2,low_conf,6
frame_01177,train,3,low_conf,5
frame_01177,train,4,low_conf,4
frame_01177,train,5,low_conf,4
frame_01178,train,0,usable,5
frame_01178,train,1,low_conf,6
frame_01178,train,2,low_conf,6
frame_01178,train,3,low_conf,6
frame_01178,train,4,low_conf,4
frame_01178,train,5,good,6
frame_01178,train,6,low_conf,4
frame_01178,train,7,low_conf,6
frame_01179,train,0,usable,6
frame_01179,train,1,low_conf,6
frame_01179,train,2,low_conf,6
frame_01179,train,3,low_conf,6
frame_01179,train,4,low_conf,4
frame_01179,train,5,low_conf,5
frame_01180,train,0,usable,5
frame_01180,train,1,low_conf,6
frame_01180,train,2,good,6
frame_01180,train,3,low_conf,5
frame_01180,train,4,low_conf,5
frame_01180,train,5,low_conf,6
frame_01180,train,6,low_conf,6
frame_01180,train,7,good,7
frame_01180,train,8,low_conf,4
frame_01181,train,0,low_conf,5
frame_01181,train,1,good,5
frame_01181,train,2,low_conf,5
frame_01181,train,3,low_conf,5
frame_01181,train,4,low_conf,4
frame_01181,train,5,low_conf,5
frame_01183,train,0,usable,5
frame_01183,train,1,low_conf,5
frame_01183,train,2,low_conf,4
frame_01183,train,3,low_conf,6
frame_01183,train,4,low_conf,4
frame_01183,train,5,low_conf,4
frame_01183,train,6,good,6
frame_01183,train,7,low_conf,4
frame_01183,train,8,low_conf,4
frame_01184,train,0,low_conf,4
frame_01184,train,1,low_conf,4
frame_01184,train,2,usable,6
frame_01184,train,3,low_conf,6
frame_01184,train,4,low_conf,4
frame_01184,train,5,low_conf,5
frame_01184,train,6,low_conf,4
frame_01184,train,7,low_conf,4
frame_01185,train,0,usable,7
frame_01185,train,1,low_conf,4
frame_01185,train,2,good,5
frame_01185,train,3,low_conf,6
frame_01185,train,4,low_conf,6
frame_01185,train,5,low_conf,4
frame_01185,train,6,low_conf,5
frame_01186,train,0,low_conf,5
frame_01186,train,1,good,6
frame_01186,train,2,low_conf,5
frame_01186,train,3,low_conf,5
frame_01186,train,4,low_conf,4
frame_01186,train,5,low_conf,5
frame_01186,train,6,low_conf,5
frame_01187,train,0,low_conf,5
frame_01187,train,1,low_conf,4
frame_01187,train,2,good,6
frame_01187,train,3,low_conf,6
frame_01187,train,4,low_conf,5
frame_01187,train,5,low_conf,5
frame_01187,train,6,low_conf,5
frame_01187,train,7,low_conf,4
frame_01187,train,8,low_conf,5
frame_01190,train,0,low_conf,5
frame_01190,train,1,low_conf,4
frame_01190,train,2,good,6
frame_01190,train,3,low_conf,6
frame_01190,train,4,low_conf,6
frame_01190,train,5,low_conf,5
frame_01190,train,6,low_conf,5
frame_01192,train,0,low_conf,5
frame_01192,train,1,low_conf,4
frame_01192,train,2,good,6
frame_01192,train,3,low_conf,6
frame_01192,train,4,usable,6
frame_01192,train,5,low_conf,6
frame_01192,train,6,low_conf,6
frame_01193,train,0,usable,6
frame_01193,train,1,low_conf,4
frame_01193,train,2,good,7
frame_01193,train,3,usable,7
frame_01193,train,4,low_conf,6
frame_01193,train,5,low_conf,6
frame_01193,train,6,low_conf,6
frame_01193,train,7,low_conf,5
frame_01194,train,0,low_conf,4
frame_01194,train,1,low_conf,4
frame_01194,train,2,usable,7
frame_01194,train,3,usable,5
frame_01194,train,4,usable,6
frame_01194,train,5,low_conf,6
frame_01194,train,6,low_conf,5
frame_01194,train,7,low_conf,6
frame_01196,train,0,usable,6
frame_01196,train,1,low_conf,6
frame_01196,train,2,good,6
frame_01196,train,3,low_conf,5
frame_01196,train,4,low_conf,5
frame_01196,train,5,low_conf,6
frame_01196,train,6,low_conf,6
frame_01196,train,7,low_conf,4
frame_01197,train,0,usable,7
frame_01197,train,1,low_conf,5
frame_01197,train,2,usable,6
frame_01197,train,3,usable,5
frame_01197,train,4,low_conf,7
frame_01197,train,5,low_conf,4
frame_01197,train,6,low_conf,5
frame_01200,train,0,low_conf,4
frame_01200,train,1,usable,7
frame_01200,train,2,low_conf,5
frame_01200,train,3,low_conf,4
frame_01200,train,4,low_conf,4
frame_01200,train,5,low_conf,8
frame_01200,train,6,low_conf,7
frame_01200,train,7,low_conf,5
frame_01201,train,0,low_conf,7
frame_01201,train,1,usable,6
frame_01201,train,2,usable,6
frame_01201,train,3,usable,5
frame_01201,train,4,low_conf,4
frame_01201,train,5,low_conf,5
frame_01202,train,0,low_conf,7
frame_01202,train,1,usable,5
frame_01202,train,2,usable,6
frame_01202,train,3,usable,6
frame_01202,train,4,good,6
frame_01202,train,5,low_conf,4
frame_01202,train,6,low_conf,5
frame_01203,train,0,low_conf,7
frame_01203,train,1,usable,5
frame_01203,train,2,usable,6
frame_01203,train,3,usable,6
frame_01203,train,4,good,6
frame_01203,train,5,low_conf,4
frame_01203,train,6,low_conf,4
frame_01203,train,7,low_conf,7
frame_01204,train,0,low_conf,6
frame_01204,train,1,low_conf,6
frame_01204,train,2,usable,7
frame_01204,train,3,low_conf,6
frame_01204,train,4,usable,6
frame_01204,train,5,low_conf,5
frame_01204,train,6,low_conf,5
frame_01205,train,0,low_conf,4
frame_01205,train,1,low_conf,7
frame_01205,train,2,usable,6
frame_01205,train,3,low_conf,6
frame_01205,train,4,usable,6
frame_01205,train,5,low_conf,5
frame_01206,train,0,low_conf,4
frame_01206,train,1,low_conf,5
frame_01206,train,2,usable,6
frame_01206,train,3,low_conf,7
frame_01206,train,4,low_conf,5
frame_01206,train,5,low_conf,5
frame_01206,train,6,low_conf,4
frame_01207,train,0,low_conf,4
frame_01207,train,1,low_conf,5
frame_01207,train,2,good,6
frame_01207,train,3,usable,7
frame_01207,train,4,usable,6
frame_01207,train,5,good,6
frame_01207,train,6,low_conf,6
frame_01207,train,7,low_conf,5
frame_01208,train,0,low_conf,6
frame_01208,train,1,low_conf,5
frame_01208,train,2,good,6
frame_01208,train,3,usable,6
frame_01208,train,4,usable,6
frame_01208,train,5,good,6
frame_01208,train,6,low_conf,6
frame_01209,train,0,usable,6
frame_01209,train,1,low_conf,5
frame_01209,train,2,usable,6
frame_01209,train,3,low_conf,6
frame_01209,train,4,good,6
frame_01209,train,5,low_conf,5
frame_01209,train,6,low_conf,6
frame_01210,train,0,low_conf,7
frame_01210,train,1,low_conf,4
frame_01210,train,2,usable,7
frame_01210,train,3,low_conf,6
frame_01210,train,4,low_conf,4
frame_01210,train,5,low_conf,5
frame_01210,train,6,low_conf,5
frame_01211,train,0,low_conf,7
frame_01211,train,1,low_conf,4
frame_01211,train,2,usable,5
frame_01211,train,3,low_conf,7
frame_01211,train,4,low_conf,4
frame_01211,train,5,low_conf,5
frame_01212,train,0,low_conf,7
frame_01212,train,1,low_conf,4
frame_01212,train,2,usable,6
frame_01212,train,3,usable,6
frame_01212,train,4,low_conf,6
frame_01212,train,5,low_conf,4
frame_01213,train,0,low_conf,7
frame_01213,train,1,low_conf,4
frame_01213,train,2,usable,5
frame_01213,train,3,low_conf,7
frame_01213,train,4,good,6
frame_01213,train,5,low_conf,6
frame_01214,train,0,low_conf,7
frame_01214,train,1,low_conf,4
frame_01214,train,2,usable,6
frame_01214,train,3,low_conf,7
frame_01214,train,4,low_conf,6
frame_01214,train,5,low_conf,5
frame_01215,train,0,low_conf,5
frame_01215,train,1,usable,7
frame_01215,train,2,low_conf,4
frame_01215,train,3,good,7
frame_01215,train,4,low_conf,5
frame_01215,train,5,low_conf,6
frame_01216,train,0,low_conf,4
frame_01216,train,1,usable,6
frame_01216,train,2,usable,7
frame_01216,train,3,usable,6
frame_01216,train,4,low_conf,4
frame_01216,train,5,low_conf,5
frame_01217,train,0,low_conf,6
frame_01217,train,1,usable,5
frame_01217,train,2,usable,6
frame_01217,train,3,usable,7
frame_01217,train,4,low_conf,5
frame_01218,train,0,low_conf,6
frame_01218,train,1,usable,6
frame_01218,train,2,low_conf,6
frame_01218,train,3,low_conf,5
frame_01218,train,4,low_conf,4
frame_01218,train,5,low_conf,6
frame_01219,train,0,low_conf,6
frame_01219,train,1,usable,7
frame_01219,train,2,usable,7
frame_01219,train,3,usable,6
frame_01219,train,4,good,6
frame_01219,train,5,low_conf,4
frame_01219,train,6,low_conf,6
frame_01220,train,0,low_conf,6
frame_01220,train,1,usable,6
frame_01220,train,2,usable,6
frame_01220,train,3,usable,6
frame_01220,train,4,good,7
frame_01220,train,5,low_conf,4
frame_01220,train,6,low_conf,5
frame_01221,train,0,usable,7
frame_01221,train,1,low_conf,5
frame_01221,train,2,usable,6
frame_01221,train,3,usable,6
frame_01221,train,4,usable,6
frame_01221,train,5,usable,8
frame_01221,train,6,low_conf,4
frame_01221,train,7,low_conf,6
frame_01222,train,0,low_conf,6
frame_01222,train,1,low_conf,5
frame_01222,train,2,usable,6
frame_01222,train,3,usable,6
frame_01222,train,4,usable,8
frame_01222,train,5,low_conf,6
frame_01222,train,6,low_conf,5
frame_01223,train,0,low_conf,6
frame_01223,train,1,usable,6
frame_01223,train,2,usable,5
frame_01223,train,3,usable,6
frame_01223,train,4,low_conf,5
frame_01223,train,5,low_conf,5
frame_01224,train,0,low_conf,6
frame_01224,train,1,low_conf,5
frame_01224,train,2,usable,7
frame_01224,train,3,usable,7
frame_01224,train,4,usable,6
frame_01224,train,5,low_conf,6
frame_01224,train,6,low_conf,5
frame_01224,train,7,low_conf,6
frame_01226,train,0,usable,6
frame_01226,train,1,low_conf,5
frame_01226,train,2,usable,6
frame_01226,train,3,usable,6
frame_01226,train,4,low_conf,6
frame_01226,train,5,low_conf,6
frame_01226,train,6,low_conf,4
frame_01227,train,0,low_conf,4
frame_01227,train,1,low_conf,5
frame_01227,train,2,usable,6
frame_01227,train,3,usable,6
frame_01227,train,4,usable,7
frame_01227,train,5,usable,7
frame_01227,train,6,low_conf,6
frame_01227,train,7,low_conf,7
frame_01227,train,8,low_conf,4
frame_01227,train,9,low_conf,6
frame_01228,train,0,usable,6
frame_01228,train,1,low_conf,7
frame_01228,train,2,usable,6
frame_01228,train,3,usable,6
frame_01228,train,4,good,6
frame_01228,train,5,low_conf,6
frame_01228,train,6,low_conf,6
frame_01228,train,7,low_conf,5
frame_01228,train,8,low_conf,5
frame_01230,train,0,low_conf,6
frame_01230,train,1,low_conf,6
frame_01230,train,2,usable,6
frame_01230,train,3,usable,6
frame_01230,train,4,usable,7
frame_01230,train,5,usable,6
frame_01230,train,6,usable,5
frame_01231,train,0,low_conf,5
frame_01231,train,1,low_conf,6
frame_01231,train,2,usable,6
frame_01231,train,3,usable,7
frame_01231,train,4,usable,6
frame_01231,train,5,usable,6
frame_01231,train,6,usable,6
frame_01231,train,7,low_conf,4
frame_01231,train,8,low_conf,5
frame_01232,train,0,usable,6
frame_01232,train,1,low_conf,5
frame_01232,train,2,usable,6
frame_01232,train,3,usable,7
frame_01232,train,4,usable,7
frame_01232,train,5,usable,5
frame_01232,train,6,low_conf,4
frame_01232,train,7,low_conf,4
frame_01232,train,8,low_conf,5
frame_01234,train,0,usable,7
frame_01234,train,1,low_conf,4
frame_01234,train,2,usable,7
frame_01234,train,3,usable,5
frame_01234,train,4,usable,6
frame_01234,train,5,good,6
frame_01234,train,6,low_conf,5
frame_01234,train,7,low_conf,5
frame_01236,train,0,low_conf,5
frame_01236,train,1,low_conf,4
frame_01236,train,2,usable,5
frame_01236,train,3,low_conf,4
frame_01236,train,4,usable,5
frame_01236,train,5,low_conf,5
frame_01237,train,0,low_conf,4
frame_01237,train,1,low_conf,5
frame_01237,train,2,low_conf,4
frame_01237,train,3,low_conf,5
frame_01237,train,4,good,7
frame_01237,train,5,good,5
frame_01237,train,6,low_conf,4
frame_01238,train,0,low_conf,4
frame_01238,train,1,low_conf,5
frame_01238,train,2,low_conf,4
frame_01238,train,3,usable,6
frame_01238,train,4,good,5
frame_01238,train,5,low_conf,6
frame_01238,train,6,low_conf,4
frame_01238,train,7,low_conf,6
frame_01239,train,0,low_conf,5
frame_01239,train,1,low_conf,4
frame_01239,train,2,low_conf,4
frame_01239,train,3,good,6
frame_01239,train,4,good,6
frame_01240,train,0,usable,5
frame_01240,train,1,low_conf,7
frame_01240,train,2,low_conf,6
frame_01240,train,3,usable,6
frame_01240,train,4,good,7
frame_01240,train,5,usable,6
frame_01240,train,6,low_conf,5
frame_01241,train,0,usable,6
frame_01241,train,1,low_conf,6
frame_01241,train,2,low_conf,7
frame_01241,train,3,usable,6
frame_01241,train,4,usable,7
frame_01241,train,5,usable,6
frame_01241,train,6,low_conf,6
frame_01241,train,7,low_conf,6
frame_01246,train,0,low_conf,5
frame_01246,train,1,low_conf,6
frame_01246,train,2,low_conf,4
frame_01246,train,3,usable,7
frame_01246,train,4,good,7
frame_01246,train,5,good,7
frame_01246,train,6,low_conf,4
frame_01246,train,7,low_conf,5
frame_01246,train,8,low_conf,5
frame_01247,train,0,low_conf,4
frame_01247,train,1,low_conf,5
frame_01247,train,2,low_conf,4
frame_01247,train,3,low_conf,6
frame_01247,train,4,good,6
frame_01247,train,5,good,7
frame_01247,train,6,low_conf,5
frame_01247,train,7,low_conf,4
frame_01248,train,0,low_conf,5
frame_01248,train,1,low_conf,6
frame_01248,train,2,usable,6
frame_01248,train,3,low_conf,6
frame_01248,train,4,good,7
frame_01248,train,5,good,7
frame_01248,train,6,low_conf,4
frame_01248,train,7,low_conf,4
frame_01248,train,8,low_conf,4
frame_01249,train,0,low_conf,6
frame_01249,train,1,low_conf,4
frame_01249,train,2,low_conf,6
frame_01249,train,3,usable,7
frame_01249,train,4,good,6
frame_01249,train,5,low_conf,4
frame_01249,train,6,low_conf,4
frame_01249,train,7,low_conf,5
frame_01250,train,0,low_conf,5
frame_01250,train,1,low_conf,4
frame_01250,train,2,low_conf,6
frame_01250,train,3,usable,7
frame_01250,train,4,good,7
frame_01250,train,5,good,6
frame_01250,train,6,low_conf,6
frame_01250,train,7,low_conf,5
frame_01250,train,8,low_conf,6
frame_01251,train,0,low_conf,7
frame_01251,train,1,low_conf,4
frame_01251,train,2,low_conf,6
frame_01251,train,3,low_conf,6
frame_01251,train,4,good,7
frame_01251,train,5,low_conf,6
frame_01251,train,6,low_conf,6
frame_01252,train,0,low_conf,6
frame_01252,train,1,low_conf,4
frame_01252,train,2,low_conf,5
frame_01252,train,3,low_conf,6
frame_01252,train,4,good,6
frame_01252,train,5,good,7
frame_01252,train,6,low_conf,5
frame_01252,train,7,low_conf,4
frame_01253,train,0,low_conf,6
frame_01253,train,1,low_conf,5
frame_01253,train,2,usable,6
frame_01253,train,3,low_conf,4
frame_01253,train,4,good,6
frame_01253,train,5,good,7
frame_01253,train,6,low_conf,6
frame_01253,train,7,low_conf,4
frame_01254,train,0,low_conf,5
frame_01254,train,1,low_conf,4
frame_01254,train,2,low_conf,4
frame_01254,train,3,good,7
frame_01254,train,4,low_conf,4
frame_01254,train,5,low_conf,4
frame_01255,train,0,low_conf,5
frame_01255,train,1,usable,6
frame_01255,train,2,low_conf,4
frame_01255,train,3,low_conf,5
frame_01255,train,4,good,6
frame_01255,train,5,low_conf,5
frame_01255,train,6,low_conf,4
frame_01256,train,0,low_conf,5
frame_01256,train,1,usable,6
frame_01256,train,2,low_conf,5
frame_01256,train,3,low_conf,6
frame_01256,train,4,good,6
frame_01256,train,5,good,6
frame_01256,train,6,low_conf,6
frame_01256,train,7,low_conf,5
frame_01256,train,8,low_conf,4
frame_01257,train,0,low_conf,5
frame_01257,train,1,usable,6
frame_01257,train,2,usable,6
frame_01257,train,3,low_conf,5
frame_01257,train,4,good,6
frame_01257,train,5,good,6
frame_01257,train,6,low_conf,5
frame_01257,train,7,low_conf,5
frame_01257,train,8,low_conf,4
frame_01258,train,0,low_conf,4
frame_01258,train,1,low_conf,5
frame_01258,train,2,usable,6
frame_01258,train,3,low_conf,5
frame_01258,train,4,good,7
frame_01258,train,5,good,6
frame_01258,train,6,low_conf,4
frame_01259,train,0,low_conf,4
frame_01259,train,1,low_conf,6
frame_01259,train,2,usable,6
frame_01259,train,3,low_conf,6
frame_01259,train,4,good,6
frame_01261,train,0,low_conf,6
frame_01261,train,1,usable,6
frame_01261,train,2,low_conf,5
frame_01261,train,3,low_conf,5
frame_01261,train,4,good,7
frame_01261,train,5,good,6
frame_01261,train,6,low_conf,4
frame_01261,train,7,low_conf,4
frame_01261,train,8,low_conf,6
frame_01262,train,0,low_conf,5
frame_01262,train,1,low_conf,5
frame_01262,train,2,low_conf,8
frame_01262,train,3,low_conf,5
frame_01262,train,4,good,7
frame_01262,train,5,good,6
frame_01262,train,6,low_conf,6
frame_01262,train,7,low_conf,6
frame_01262,train,8,low_conf,6
frame_01263,train,0,low_conf,6
frame_01263,train,1,low_conf,5
frame_01263,train,2,usable,6
frame_01263,train,3,low_conf,5
frame_01263,train,4,good,8
frame_01263,train,5,good,6
frame_01263,train,6,low_conf,5
frame_01263,train,7,low_conf,5
frame_01263,train,8,low_conf,6
frame_01264,train,0,low_conf,5
frame_01264,train,1,usable,6
frame_01264,train,2,usable,7
frame_01264,train,3,low_conf,4
frame_01264,train,4,good,7
frame_01264,train,5,good,6
frame_01264,train,6,low_conf,6
frame_01264,train,7,low_conf,5
frame_01264,train,8,low_conf,5
frame_01265,train,0,low_conf,5
frame_01265,train,1,usable,6
frame_01265,train,2,low_conf,4
frame_01265,train,3,low_conf,5
frame_01265,train,4,good,6
frame_01265,train,5,good,6
frame_01265,train,6,low_conf,5
frame_01265,train,7,low_conf,4
frame_01266,train,0,low_conf,6
frame_01266,train,1,usable,6
frame_01266,train,2,low_conf,4
frame_01266,train,3,low_conf,5
frame_01266,train,4,good,7
frame_01266,train,5,low_conf,4
frame_01266,train,6,low_conf,5
frame_01266,train,7,low_conf,4
frame_01267,train,0,low_conf,6
frame_01267,train,1,usable,6
frame_01267,train,2,usable,5
frame_01267,train,3,low_conf,4
frame_01267,train,4,good,8
frame_01267,train,5,low_conf,4
frame_01267,train,6,low_conf,5
frame_01267,train,7,low_conf,5
frame_01268,train,0,low_conf,7
frame_01268,train,1,usable,6
frame_01268,train,2,usable,7
frame_01268,train,3,low_conf,4
frame_01268,train,4,good,7
frame_01268,train,5,good,7
frame_01268,train,6,low_conf,5
frame_01268,train,7,low_conf,5
frame_01269,train,0,low_conf,5
frame_01269,train,1,usable,6
frame_01269,train,2,usable,5
frame_01269,train,3,usable,6
frame_01269,train,4,low_conf,4
frame_01269,train,5,good,7
frame_01269,train,6,good,6
frame_01269,train,7,low_conf,4
frame_01269,train,8,low_conf,6
frame_01269,train,9,low_conf,4
frame_01270,train,0,low_conf,6
frame_01270,train,1,usable,7
frame_01270,train,2,low_conf,6
frame_01270,train,3,low_conf,5
frame_01270,train,4,good,6
frame_01270,train,5,good,6
frame_01270,train,6,low_conf,5
frame_01270,train,7,low_conf,5
frame_01270,train,8,low_conf,5
frame_01271,train,0,low_conf,7
frame_01271,train,1,usable,6
frame_01271,train,2,low_conf,6
frame_01271,train,3,low_conf,4
frame_01271,train,4,good,6
frame_01271,train,5,good,7
frame_01271,train,6,low_conf,4
frame_01271,train,7,low_conf,6
frame_01272,train,0,low_conf,5
frame_01272,train,1,low_conf,6
frame_01272,train,2,low_conf,4
frame_01272,train,3,good,6
frame_01272,train,4,good,6
frame_01272,train,5,low_conf,4
frame_01272,train,6,low_conf,5
frame_01273,train,0,low_conf,6
frame_01273,train,1,usable,6
frame_01273,train,2,low_conf,4
frame_01273,train,3,good,6
frame_01273,train,4,good,6
frame_01273,train,5,low_conf,5
frame_01273,train,6,low_conf,4
frame_01273,train,7,low_conf,5
frame_01274,train,0,low_conf,4
frame_01274,train,1,usable,7
frame_01274,train,2,low_conf,5
frame_01274,train,3,good,6
frame_01274,train,4,good,7
frame_01274,train,5,low_conf,5
frame_01274,train,6,low_conf,4
frame_01274,train,7,low_conf,4
frame_01275,train,0,low_conf,6
frame_01275,train,1,low_conf,6
frame_01275,train,2,good,6
frame_01275,train,3,low_conf,5
frame_01275,train,4,low_conf,5
frame_01275,train,5,good,7
frame_01275,train,6,low_conf,7
frame_01275,train,7,low_conf,5
frame_01275,train,8,low_conf,5
frame_01276,train,0,low_conf,5
frame_01276,train,1,usable,6
frame_01276,train,2,good,6
frame_01276,train,3,low_conf,5
frame_01276,train,4,good,6
frame_01276,train,5,good,7
frame_01276,train,6,low_conf,5
frame_01276,train,7,low_conf,5
frame_01278,train,0,low_conf,6
frame_01278,train,1,low_conf,6
frame_01278,train,2,usable,6
frame_01278,train,3,low_conf,6
frame_01278,train,4,good,6
frame_01278,train,5,low_conf,4
frame_01278,train,6,low_conf,6
frame_01279,train,0,low_conf,6
frame_01279,train,1,usable,6
frame_01279,train,2,usable,6
frame_01279,train,3,usable,6
frame_01279,train,4,low_conf,6
frame_01279,train,5,good,7
frame_01279,train,6,low_conf,4
frame_01279,train,7,low_conf,5
frame_01279,train,8,low_conf,5
frame_01280,train,0,low_conf,6
frame_01280,train,1,usable,6
frame_01280,train,2,usable,7
frame_01280,train,3,low_conf,6
frame_01280,train,4,good,7
frame_01280,train,5,good,7
frame_01280,train,6,low_conf,4
frame_01280,train,7,low_conf,5
frame_01280,train,8,low_conf,5
frame_01281,train,0,low_conf,5
frame_01281,train,1,low_conf,6
frame_01281,train,2,good,6
frame_01281,train,3,low_conf,7
frame_01281,train,4,good,7
frame_01281,train,5,good,7
frame_01281,train,6,low_conf,4
frame_01281,train,7,low_conf,4
frame_01281,train,8,low_conf,4
frame_01283,train,0,low_conf,6
frame_01283,train,1,usable,6
frame_01283,train,2,good,6
frame_01283,train,3,usable,7
frame_01283,train,4,low_conf,6
frame_01283,train,5,usable,7
frame_01283,train,6,good,5
frame_01283,train,7,low_conf,6
frame_01284,train,0,low_conf,4
frame_01284,train,1,low_conf,6
frame_01284,train,2,usable,6
frame_01284,train,3,usable,6
frame_01284,train,4,low_conf,6
frame_01284,train,5,good,6
frame_01284,train,6,low_conf,6
frame_01284,train,7,low_conf,6
frame_01284,train,8,low_conf,5
frame_01285,train,0,low_conf,4
frame_01285,train,1,low_conf,5
frame_01285,train,2,usable,6
frame_01285,train,3,usable,6
frame_01285,train,4,low_conf,5
frame_01285,train,5,usable,6
frame_01285,train,6,low_conf,4
frame_01285,train,7,low_conf,6
frame_01285,train,8,low_conf,5
frame_01286,train,0,low_conf,4
frame_01286,train,1,low_conf,6
frame_01286,train,2,usable,6
frame_01286,train,3,low_conf,5
frame_01286,train,4,low_conf,5
frame_01286,train,5,good,6
frame_01286,train,6,good,7
frame_01286,train,7,low_conf,4
frame_01286,train,8,low_conf,4
frame_01287,train,0,low_conf,4
frame_01287,train,1,low_conf,6
frame_01287,train,2,usable,6
frame_01287,train,3,usable,5
frame_01287,train,4,good,7
frame_01287,train,5,low_conf,5
frame_01287,train,6,low_conf,5
frame_01287,train,7,low_conf,6
frame_01288,train,0,low_conf,4
frame_01288,train,1,low_conf,5
frame_01288,train,2,good,5
frame_01288,train,3,usable,5
frame_01288,train,4,low_conf,5
frame_01288,train,5,good,6
frame_01288,train,6,low_conf,4
frame_01288,train,7,low_conf,6
frame_01289,train,0,low_conf,4
frame_01289,train,1,usable,6
frame_01289,train,2,good,6
frame_01289,train,3,usable,6
frame_01289,train,4,low_conf,5
frame_01289,train,5,usable,6
frame_01289,train,6,low_conf,4
frame_01289,train,7,low_conf,6
frame_01290,train,0,low_conf,4
frame_01290,train,1,usable,6
frame_01290,train,2,usable,6
frame_01290,train,3,usable,6
frame_01290,train,4,low_conf,5
frame_01290,train,5,good,6
frame_01290,train,6,low_conf,5
frame_01290,train,7,low_conf,7
frame_01290,train,8,low_conf,5
frame_01291,train,0,low_conf,4
frame_01291,train,1,usable,6
frame_01291,train,2,usable,5
frame_01291,train,3,low_conf,5
frame_01291,train,4,usable,6
frame_01291,train,5,good,6
frame_01291,train,6,low_conf,7
frame_01291,train,7,low_conf,4
frame_01292,train,0,low_conf,4
frame_01292,train,1,usable,5
frame_01292,train,2,usable,6
frame_01292,train,3,usable,5
frame_01292,train,4,low_conf,5
frame_01292,train,5,good,6
frame_01292,train,6,good,7
frame_01292,train,7,low_conf,5
frame_01292,train,8,low_conf,6
frame_01292,train,9,low_conf,5
frame_01293,train,0,low_conf,4
frame_01293,train,1,low_conf,6
frame_01293,train,2,usable,6
frame_01293,train,3,usable,6
frame_01293,train,4,low_conf,5
frame_01293,train,5,good,6
frame_01293,train,6,low_conf,5
frame_01293,train,7,low_conf,5
frame_01293,train,8,low_conf,4
frame_01294,train,0,low_conf,4
frame_01294,train,1,usable,5
frame_01294,train,2,usable,7
frame_01294,train,3,usable,5
frame_01294,train,4,low_conf,4
frame_01294,train,5,good,6
frame_01294,train,6,good,6
frame_01294,train,7,low_conf,4
frame_01294,train,8,low_conf,5
frame_01294,train,9,low_conf,4
frame_01295,train,0,low_conf,5
frame_01295,train,1,low_conf,4
frame_01295,train,2,usable,6
frame_01295,train,3,usable,6
frame_01295,train,4,low_conf,4
frame_01295,train,5,good,6
frame_01295,train,6,low_conf,5
frame_01295,train,7,low_conf,6
frame_01295,train,8,low_conf,4
frame_01298,train,0,low_conf,6
frame_01298,train,1,usable,6
frame_01298,train,2,good,6
frame_01298,train,3,usable,6
frame_01298,train,4,low_conf,4
frame_01298,train,5,good,7
frame_01298,train,6,low_conf,6
frame_01298,train,7,low_conf,4
frame_01298,train,8,low_conf,5
frame_01299,train,0,low_conf,6
frame_01299,train,1,good,6
frame_01299,train,2,usable,6
frame_01299,train,3,low_conf,4
frame_01299,train,4,good,7
frame_01299,train,5,good,6
frame_01299,train,6,low_conf,6
frame_01299,train,7,low_conf,4
frame_01299,train,8,low_conf,5
frame_01300,train,0,low_conf,4
frame_01300,train,1,usable,6
frame_01300,train,2,usable,7
frame_01300,train,3,usable,5
frame_01300,train,4,low_conf,4
frame_01300,train,5,usable,7
frame_01300,train,6,low_conf,6
frame_01300,train,7,low_conf,4
frame_01300,train,8,low_conf,5
frame_01301,train,0,low_conf,4
frame_01301,train,1,usable,6
frame_01301,train,2,usable,6
frame_01301,train,3,usable,6
frame_01301,train,4,low_conf,4
frame_01301,train,5,usable,7
frame_01301,train,6,low_conf,4
frame_01301,train,7,low_conf,6
frame_01301,train,8,low_conf,5
frame_01303,train,0,low_conf,5
frame_01303,train,1,usable,6
frame_01303,train,2,usable,6
frame_01303,train,3,usable,6
frame_01303,train,4,good,8
frame_01303,train,5,low_conf,5
frame_01303,train,6,low_conf,6
frame_01303,train,7,low_conf,5
frame_01304,train,0,low_conf,6
frame_01304,train,1,usable,6
frame_01304,train,2,usable,6
frame_01304,train,3,usable,7
frame_01304,train,4,low_conf,4
frame_01304,train,5,good,6
frame_01304,train,6,good,6
frame_01304,train,7,low_conf,4
frame_01304,train,8,low_conf,4
frame_01304,train,9,low_conf,4
frame_01307,train,0,low_conf,5
frame_01307,train,1,usable,5
frame_01307,train,2,usable,7
frame_01307,train,3,usable,5
frame_01307,train,4,low_conf,4
frame_01307,train,5,usable,5
frame_01307,train,6,good,7
frame_01307,train,7,low_conf,6
frame_01307,train,8,low_conf,6
frame_01308,train,0,low_conf,6
frame_01308,train,1,usable,7
frame_01308,train,2,usable,7
frame_01308,train,3,usable,5
frame_01308,train,4,low_conf,4
frame_01308,train,5,usable,5
frame_01308,train,6,low_conf,4
frame_01308,train,7,low_conf,5
frame_01308,train,8,low_conf,5
frame_01309,train,0,low_conf,5
frame_01309,train,1,usable,6
frame_01309,train,2,usable,6
frame_01309,train,3,low_conf,5
frame_01309,train,4,low_conf,4
frame_01309,train,5,good,5
frame_01309,train,6,good,7
frame_01309,train,7,low_conf,5
frame_01309,train,8,low_conf,4
frame_01309,train,9,low_conf,4
frame_01310,train,0,low_conf,6
frame_01310,train,1,usable,7
frame_01310,train,2,usable,6
frame_01310,train,3,low_conf,7
frame_01310,train,4,low_conf,4
frame_01310,train,5,good,5
frame_01310,train,6,good,6
frame_01310,train,7,low_conf,7
frame_01310,train,8,low_conf,4
frame_01310,train,9,low_conf,5
frame_01311,train,0,low_conf,4
frame_01311,train,1,usable,6
frame_01311,train,2,usable,6
frame_01311,train,3,usable,6
frame_01311,train,4,low_conf,4
frame_01311,train,5,good,5
frame_01311,train,6,low_conf,4
frame_01311,train,7,low_conf,4
frame_01311,train,8,low_conf,5
frame_01312,train,0,low_conf,4
frame_01312,train,1,usable,6
frame_01312,train,2,usable,7
frame_01312,train,3,low_conf,5
frame_01312,train,4,low_conf,4
frame_01312,train,5,good,6
frame_01312,train,6,good,7
frame_01312,train,7,low_conf,4
frame_01312,train,8,low_conf,5
frame_01312,train,9,low_conf,6
frame_01313,train,0,low_conf,4
frame_01313,train,1,usable,6
frame_01313,train,2,usable,6
frame_01313,train,3,low_conf,6
frame_01313,train,4,low_conf,4
frame_01313,train,5,usable,6
frame_01313,train,6,good,6
frame_01313,train,7,low_conf,4
frame_01313,train,8,low_conf,5
frame_01314,train,0,low_conf,4
frame_01314,train,1,usable,6
frame_01314,train,2,low_conf,6
frame_01314,train,3,low_conf,4
frame_01314,train,4,good,5
frame_01314,train,5,low_conf,6
frame_01314,train,6,low_conf,4
frame_01316,train,0,usable,7
frame_01316,train,1,low_conf,5
frame_01316,train,2,usable,6
frame_01316,train,3,low_conf,5
frame_01316,train,4,low_conf,5
frame_01316,train,5,good,6
frame_01316,train,6,good,7
frame_01316,train,7,low_conf,5
frame_01316,train,8,low_conf,5
frame_01316,train,9,low_conf,6
frame_01317,train,0,low_conf,5
frame_01317,train,1,usable,6
frame_01317,train,2,usable,6
frame_01317,train,3,low_conf,6
frame_01317,train,4,low_conf,5
frame_01317,train,5,usable,6
frame_01317,train,6,low_conf,5
frame_01317,train,7,low_conf,5
frame_01319,train,0,low_conf,5
frame_01319,train,1,usable,5
frame_01319,train,2,low_conf,5
frame_01319,train,3,low_conf,6
frame_01319,train,4,usable,6
frame_01319,train,5,good,7
frame_01319,train,6,low_conf,6
frame_01319,train,7,low_conf,6
frame_01319,train,8,low_conf,5
frame_01320,train,0,usable,7
frame_01320,train,1,low_conf,5
frame_01320,train,2,usable,6
frame_01320,train,3,low_conf,5
frame_01320,train,4,low_conf,4
frame_01320,train,5,usable,6
frame_01320,train,6,low_conf,5
frame_01320,train,7,low_conf,5
frame_01320,train,8,low_conf,6
frame_01321,train,0,usable,6
frame_01321,train,1,low_conf,4
frame_01321,train,2,usable,6
frame_01321,train,3,low_conf,5
frame_01321,train,4,low_conf,5
frame_01321,train,5,usable,6
frame_01321,train,6,good,6
frame_01321,train,7,low_conf,4
frame_01321,train,8,low_conf,6
frame_01322,train,0,low_conf,4
frame_01322,train,1,usable,6
frame_01322,train,2,low_conf,5
frame_01322,train,3,low_conf,5
frame_01322,train,4,usable,6
frame_01322,train,5,good,7
frame_01322,train,6,low_conf,5
frame_01325,train,0,usable,6
frame_01325,train,1,low_conf,4
frame_01325,train,2,usable,6
frame_01325,train,3,low_conf,4
frame_01325,train,4,low_conf,4
frame_01325,train,5,low_conf,7
frame_01325,train,6,low_conf,4
frame_01325,train,7,low_conf,5
frame_01326,train,0,usable,6
frame_01326,train,1,low_conf,4
frame_01326,train,2,usable,7
frame_01326,train,3,low_conf,5
frame_01326,train,4,usable,6
frame_01326,train,5,low_conf,5
frame_01327,train,0,usable,6
frame_01327,train,1,usable,6
frame_01327,train,2,low_conf,6
frame_01327,train,3,usable,6
frame_01327,train,4,good,8
frame_01327,train,5,low_conf,6
frame_01327,train,6,low_conf,6
frame_01329,train,0,usable,6
frame_01329,train,1,usable,6
frame_01329,train,2,low_conf,6
frame_01329,train,3,usable,5
frame_01329,train,4,good,7
frame_01329,train,5,low_conf,4
frame_01329,train,6,low_conf,5
frame_01329,train,7,low_conf,4
frame_01330,train,0,usable,5
frame_01330,train,1,low_conf,4
frame_01330,train,2,usable,6
frame_01330,train,3,low_conf,5
frame_01330,train,4,usable,6
frame_01330,train,5,good,6
frame_01330,train,6,low_conf,5
frame_01330,train,7,low_conf,4
frame_01330,train,8,low_conf,5
frame_01332,train,0,usable,4
frame_01332,train,1,low_conf,4
frame_01332,train,2,usable,6
frame_01332,train,3,low_conf,5
frame_01332,train,4,usable,6
frame_01332,train,5,low_conf,5
frame_01332,train,6,low_conf,4
frame_01332,train,7,low_conf,4
frame_01333,train,0,usable,6
frame_01333,train,1,low_conf,4
frame_01333,train,2,usable,6
frame_01333,train,3,low_conf,5
frame_01333,train,4,usable,6
frame_01333,train,5,good,7
frame_01333,train,6,low_conf,5
frame_01333,train,7,low_conf,5
frame_01333,train,8,low_conf,4
frame_01334,train,0,usable,5
frame_01334,train,1,low_conf,4
frame_01334,train,2,usable,6
frame_01334,train,3,low_conf,6
frame_01334,train,4,usable,7
frame_01334,train,5,good,7
frame_01334,train,6,low_conf,5
frame_01335,train,0,usable,6
frame_01335,train,1,low_conf,4
frame_01335,train,2,usable,6
frame_01335,train,3,low_conf,6
frame_01335,train,4,usable,7
frame_01335,train,5,low_conf,4
frame_01335,train,6,low_conf,6
frame_01335,train,7,low_conf,5
frame_01336,train,0,usable,6
frame_01336,train,1,low_conf,4
frame_01336,train,2,good,6
frame_01336,train,3,low_conf,6
frame_01336,train,4,usable,6
frame_01336,train,5,good,6
frame_01336,train,6,low_conf,4
frame_01336,train,7,low_conf,7
frame_01336,train,8,low_conf,5
frame_01337,train,0,usable,6
frame_01337,train,1,low_conf,4
frame_01337,train,2,usable,6
frame_01337,train,3,low_conf,6
frame_01337,train,4,usable,7
frame_01337,train,5,low_conf,5
frame_01337,train,6,low_conf,4
frame_01337,train,7,low_conf,5
frame_01338,train,0,usable,6
frame_01338,train,1,low_conf,4
frame_01338,train,2,good,6
frame_01338,train,3,low_conf,6
frame_01338,train,4,usable,6
frame_01338,train,5,low_conf,4
frame_01338,train,6,low_conf,5
frame_01338,train,7,low_conf,6
frame_01339,train,0,usable,6
frame_01339,train,1,low_conf,4
frame_01339,train,2,usable,6
frame_01339,train,3,low_conf,6
frame_01339,train,4,usable,6
frame_01339,train,5,good,6
frame_01339,train,6,low_conf,4
frame_01339,train,7,low_conf,6
frame_01339,train,8,low_conf,4
frame_01340,train,0,usable,6
frame_01340,train,1,low_conf,4
frame_01340,train,2,good,6
frame_01340,train,3,low_conf,6
frame_01340,train,4,usable,6
frame_01340,train,5,good,7
frame_01340,train,6,low_conf,4
frame_01340,train,7,low_conf,7
frame_01340,train,8,low_conf,4
frame_01341,train,0,usable,6
frame_01341,train,1,low_conf,4
frame_01341,train,2,good,6
frame_01341,train,3,low_conf,6
frame_01341,train,4,usable,7
frame_01341,train,5,good,8
frame_01341,train,6,low_conf,4
frame_01341,train,7,low_conf,5
frame_01341,train,8,low_conf,5
frame_01343,train,0,usable,6
frame_01343,train,1,usable,6
frame_01343,train,2,usable,6
frame_01343,train,3,low_conf,5
frame_01343,train,4,low_conf,5
frame_01345,train,0,usable,6
frame_01345,train,1,low_conf,5
frame_01345,train,2,usable,6
frame_01345,train,3,low_conf,7
frame_01345,train,4,usable,6
frame_01345,train,5,low_conf,5
frame_01345,train,6,low_conf,4
frame_01345,train,7,low_conf,5
frame_01346,train,0,usable,6
frame_01346,train,1,low_conf,4
frame_01346,train,2,usable,6
frame_01346,train,3,low_conf,7
frame_01346,train,4,usable,6
frame_01346,train,5,low_conf,5
frame_01346,train,6,low_conf,5
frame_01346,train,7,low_conf,6
frame_01348,train,0,usable,5
frame_01348,train,1,low_conf,4
frame_01348,train,2,usable,6
frame_01348,train,3,usable,7
frame_01348,train,4,good,7
frame_01348,train,5,low_conf,4
frame_01348,train,6,low_conf,5
frame_01350,train,0,usable,7
frame_01350,train,1,low_conf,4
frame_01350,train,2,usable,6
frame_01350,train,3,low_conf,7
frame_01350,train,4,usable,7
frame_01350,train,5,low_conf,4
frame_01350,train,6,low_conf,5
frame_01351,train,0,usable,6
frame_01351,train,1,low_conf,4
frame_01351,train,2,usable,6
frame_01351,train,3,low_conf,8
frame_01351,train,4,usable,6
frame_01351,train,5,low_conf,5
frame_01351,train,6,low_conf,6
frame_01352,train,0,usable,7
frame_01352,train,1,low_conf,5
frame_01352,train,2,usable,6
frame_01352,train,3,usable,6
frame_01352,train,4,low_conf,5
frame_01352,train,5,good,6
frame_01352,train,6,low_conf,6
frame_01352,train,7,low_conf,6
frame_01353,train,0,usable,7
frame_01353,train,1,low_conf,4
frame_01353,train,2,usable,6
frame_01353,train,3,usable,6
frame_01353,train,4,usable,6
frame_01353,train,5,good,7
frame_01353,train,6,low_conf,7
frame_01353,train,7,low_conf,5
frame_01353,train,8,low_conf,4
frame_01354,train,0,usable,6
frame_01354,train,1,low_conf,5
frame_01354,train,2,usable,6
frame_01354,train,3,low_conf,6
frame_01354,train,4,usable,5
frame_01354,train,5,good,7
frame_01354,train,6,low_conf,6
frame_01354,train,7,low_conf,4
frame_01354,train,8,low_conf,4
frame_01354,train,9,low_conf,4
frame_01355,train,0,usable,7
frame_01355,train,1,low_conf,5
frame_01355,train,2,good,6
frame_01355,train,3,low_conf,6
frame_01355,train,4,usable,6
frame_01355,train,5,low_conf,5
frame_01355,train,6,low_conf,6
frame_01355,train,7,low_conf,4
frame_01355,train,8,low_conf,4
frame_01356,train,0,usable,6
frame_01356,train,1,low_conf,5
frame_01356,train,2,good,6
frame_01356,train,3,low_conf,5
frame_01356,train,4,usable,6
frame_01356,train,5,low_conf,4
frame_01356,train,6,low_conf,5
frame_01356,train,7,low_conf,4
frame_01357,train,0,usable,6
frame_01357,train,1,low_conf,4
frame_01357,train,2,good,6
frame_01357,train,3,low_conf,5
frame_01357,train,4,usable,6
frame_01357,train,5,good,8
frame_01357,train,6,low_conf,5
frame_01357,train,7,low_conf,5
frame_01357,train,8,low_conf,6
frame_01359,train,0,usable,5
frame_01359,train,1,low_conf,5
frame_01359,train,2,good,6
frame_01359,train,3,low_conf,5
frame_01359,train,4,usable,6
frame_01359,train,5,good,7
frame_01359,train,6,low_conf,5
frame_01359,train,7,low_conf,6
frame_01360,train,0,usable,6
frame_01360,train,1,low_conf,6
frame_01360,train,2,good,6
frame_01360,train,3,low_conf,6
frame_01360,train,4,usable,6
frame_01360,train,5,good,7
frame_01360,train,6,low_conf,4
frame_01360,train,7,low_conf,5
frame_01360,train,8,low_conf,4
frame_01360,train,9,low_conf,6
frame_01361,train,0,usable,6
frame_01361,train,1,low_conf,6
frame_01361,train,2,good,5
frame_01361,train,3,low_conf,4
frame_01361,train,4,usable,6
frame_01361,train,5,usable,8
frame_01361,train,6,low_conf,4
frame_01361,train,7,low_conf,4
frame_01361,train,8,low_conf,5
frame_01361,train,9,low_conf,6
frame_01362,train,0,usable,7
frame_01362,train,1,low_conf,4
frame_01362,train,2,usable,5
frame_01362,train,3,usable,6
frame_01362,train,4,usable,7
frame_01362,train,5,low_conf,4
frame_01362,train,6,low_conf,4
frame_01362,train,7,low_conf,5
frame_01362,train,8,low_conf,4
frame_01363,train,0,usable,7
frame_01363,train,1,low_conf,6
frame_01363,train,2,usable,6
frame_01363,train,3,usable,6
frame_01363,train,4,usable,6
frame_01363,train,5,low_conf,5
frame_01363,train,6,low_conf,4
frame_01363,train,7,low_conf,5
frame_01363,train,8,low_conf,4
frame_01364,train,0,usable,6
frame_01364,train,1,low_conf,5
frame_01364,train,2,good,5
frame_01364,train,3,usable,6
frame_01364,train,4,good,7
frame_01364,train,5,low_conf,5
frame_01364,train,6,low_conf,4
frame_01364,train,7,low_conf,6
frame_01365,train,0,usable,6
frame_01365,train,1,low_conf,5
frame_01365,train,2,good,6
frame_01365,train,3,low_conf,4
frame_01365,train,4,usable,7
frame_01365,train,5,good,6
frame_01365,train,6,low_conf,5
frame_01365,train,7,low_conf,4
frame_01365,train,8,usable,6
frame_01366,train,0,usable,6
frame_01366,train,1,low_conf,6
frame_01366,train,2,good,6
frame_01366,train,3,low_conf,4
frame_01366,train,4,usable,6
frame_01366,train,5,good,6
frame_01366,train,6,low_conf,6
frame_01366,train,7,low_conf,4
frame_01366,train,8,usable,6
frame_01367,train,0,low_conf,6
frame_01367,train,1,usable,6
frame_01367,train,2,low_conf,4
frame_01367,train,3,usable,6
frame_01367,train,4,good,6
frame_01367,train,5,low_conf,5
frame_01367,train,6,low_conf,6
frame_01367,train,7,low_conf,4
frame_01367,train,8,low_conf,4
frame_01368,train,0,usable,5
frame_01368,train,1,low_conf,8
frame_01368,train,2,usable,6
frame_01368,train,3,low_conf,4
frame_01368,train,4,usable,7
frame_01368,train,5,low_conf,4
frame_01368,train,6,low_conf,4
frame_01368,train,7,low_conf,4
frame_01370,train,0,usable,6
frame_01370,train,1,low_conf,6
frame_01370,train,2,usable,7
frame_01370,train,3,low_conf,4
frame_01370,train,4,usable,6
frame_01370,train,5,low_conf,4
frame_01370,train,6,low_conf,4
frame_01370,train,7,low_conf,5
frame_01370,train,8,usable,5
frame_01371,train,0,usable,5
frame_01371,train,1,low_conf,6
frame_01371,train,2,usable,6
frame_01371,train,3,usable,6
frame_01371,train,4,usable,6
frame_01371,train,5,good,6
frame_01371,train,6,low_conf,5
frame_01371,train,7,low_conf,4
frame_01371,train,8,usable,7
frame_01372,train,0,usable,6
frame_01372,train,1,low_conf,7
frame_01372,train,2,good,6
frame_01372,train,3,low_conf,5
frame_01372,train,4,usable,6
frame_01372,train,5,good,7
frame_01372,train,6,low_conf,5
frame_01372,train,7,low_conf,4
frame_01372,train,8,low_conf,5
frame_01372,train,9,usable,7
frame_01374,train,0,usable,6
frame_01374,train,1,low_conf,5
frame_01374,train,2,usable,7
frame_01374,train,3,usable,6
frame_01374,train,4,usable,6
frame_01374,train,5,low_conf,5
frame_01374,train,6,low_conf,5
frame_01374,train,7,low_conf,6
frame_01374,train,8,usable,6
frame_01377,train,0,usable,6
frame_01377,train,1,low_conf,5
frame_01377,train,2,usable,6
frame_01377,train,3,usable,7
frame_01377,train,4,usable,6
frame_01377,train,5,good,7
frame_01377,train,6,low_conf,8
frame_01377,train,7,low_conf,6
frame_01377,train,8,low_conf,5
frame_01377,train,9,usable,6
frame_01378,train,0,usable,6
frame_01378,train,1,good,7
frame_01378,train,2,low_conf,4
frame_01378,train,3,low_conf,6
frame_01378,train,4,low_conf,6
frame_01378,train,5,good,6
frame_01378,train,6,low_conf,6
frame_01378,train,7,low_conf,4
frame_01378,train,8,usable,5
frame_01379,train,0,usable,6
frame_01379,train,1,usable,7
frame_01379,train,2,low_conf,6
frame_01379,train,3,low_conf,4
frame_01379,train,4,low_conf,4
frame_01379,train,5,low_conf,6
frame_01379,train,6,usable,6
frame_01380,train,0,usable,6
frame_01380,train,1,low_conf,4
frame_01380,train,2,usable,8
frame_01380,train,3,usable,6
frame_01380,train,4,low_conf,7
frame_01380,train,5,low_conf,4
frame_01380,train,6,low_conf,4
frame_01380,train,7,low_conf,5
frame_01380,train,8,low_conf,5
frame_01381,train,0,usable,6
frame_01381,train,1,low_conf,4
frame_01381,train,2,usable,8
frame_01381,train,3,usable,8
frame_01381,train,4,usable,6
frame_01381,train,5,low_conf,4
frame_01381,train,6,good,6
frame_01381,train,7,low_conf,5
frame_01381,train,8,usable,7
frame_01382,train,0,usable,6
frame_01382,train,1,low_conf,5
frame_01382,train,2,usable,6
frame_01382,train,3,low_conf,5
frame_01382,train,4,low_conf,4
frame_01382,train,5,low_conf,4
frame_01382,train,6,usable,9
frame_01383,train,0,usable,6
frame_01383,train,1,low_conf,5
frame_01383,train,2,usable,6
frame_01383,train,3,low_conf,4
frame_01383,train,4,low_conf,4
frame_01383,train,5,good,6
frame_01383,train,6,low_conf,5
frame_01383,train,7,usable,6
frame_01384,train,0,usable,6
frame_01384,train,1,usable,8
frame_01384,train,2,low_conf,4
frame_01384,train,3,low_conf,5
frame_01384,train,4,good,6
frame_01384,train,5,low_conf,6
frame_01384,train,6,usable,5
frame_01385,train,0,usable,7
frame_01385,train,1,low_conf,5
frame_01385,train,2,usable,6
frame_01385,train,3,low_conf,6
frame_01385,train,4,low_conf,4
frame_01385,train,5,low_conf,4
frame_01386,train,0,usable,7
frame_01386,train,1,low_conf,5
frame_01386,train,2,usable,6
frame_01386,train,3,low_conf,6
frame_01386,train,4,low_conf,5
frame_01386,train,5,usable,8
frame_01386,train,6,low_conf,5
frame_01386,train,7,low_conf,5
frame_01387,train,0,usable,6
frame_01387,train,1,usable,7
frame_01387,train,2,usable,6
frame_01387,train,3,usable,7
frame_01387,train,4,low_conf,5
frame_01387,train,5,good,6
frame_01387,train,6,low_conf,4
frame_01387,train,7,usable,6
frame_01388,train,0,low_conf,4
frame_01388,train,1,usable,6
frame_01388,train,2,low_conf,6
frame_01388,train,3,low_conf,6
frame_01388,train,4,good,8
frame_01388,train,5,low_conf,5
frame_01388,train,6,usable,7
frame_01389,train,0,usable,5
frame_01389,train,1,low_conf,5
frame_01389,train,2,usable,7
frame_01389,train,3,usable,6
frame_01389,train,4,low_conf,5
frame_01389,train,5,low_conf,4
frame_01389,train,6,low_conf,6
frame_01389,train,7,usable,6
frame_01390,train,0,usable,5
frame_01390,train,1,usable,6
frame_01390,train,2,low_conf,4
frame_01390,train,3,low_conf,6
frame_01390,train,4,good,6
frame_01390,train,5,usable,7
frame_01392,train,0,usable,5
frame_01392,train,1,usable,7
frame_01392,train,2,usable,6
frame_01392,train,3,low_conf,6
frame_01392,train,4,low_conf,4
frame_01392,train,5,usable,6
frame_01392,train,6,low_conf,5
frame_01392,train,7,low_conf,4
frame_01393,train,0,usable,6
frame_01393,train,1,low_conf,4
frame_01393,train,2,usable,5
frame_01393,train,3,low_conf,6
frame_01393,train,4,low_conf,4
frame_01393,train,5,low_conf,6
frame_01393,train,6,low_conf,5
frame_01394,train,0,usable,6
frame_01394,train,1,low_conf,4
frame_01394,train,2,usable,6
frame_01394,train,3,usable,6
frame_01394,train,4,low_conf,6
frame_01394,train,5,good,6
frame_01394,train,6,low_conf,5
frame_01394,train,7,usable,7
frame_01395,train,0,usable,6
frame_01395,train,1,usable,7
frame_01395,train,2,low_conf,6
frame_01395,train,3,low_conf,4
frame_01395,train,4,good,7
frame_01395,train,5,low_conf,5
frame_01395,train,6,low_conf,5
frame_01396,train,0,usable,6
frame_01396,train,1,low_conf,4
frame_01396,train,2,good,6
frame_01396,train,3,low_conf,5
frame_01396,train,4,low_conf,4
frame_01396,train,5,low_conf,5
frame_01396,train,6,low_conf,4
frame_01398,train,0,usable,6
frame_01398,train,1,low_conf,4
frame_01398,train,2,usable,7
frame_01398,train,3,usable,6
frame_01398,train,4,low_conf,4
frame_01398,train,5,low_conf,5
frame_01401,train,0,usable,5
frame_01401,train,1,low_conf,4
frame_01401,train,2,usable,6
frame_01401,train,3,low_conf,5
frame_01401,train,4,good,7
frame_01401,train,5,low_conf,6
frame_01401,train,6,low_conf,6
frame_01402,train,0,usable,5
frame_01402,train,1,low_conf,6
frame_01402,train,2,low_conf,5
frame_01402,train,3,low_conf,5
frame_01402,train,4,low_conf,5
frame_01402,train,5,good,7
frame_01402,train,6,low_conf,5
frame_01402,train,7,low_conf,5
frame_01404,train,0,usable,5
frame_01404,train,1,low_conf,5
frame_01404,train,2,usable,6
frame_01404,train,3,low_conf,5
frame_01404,train,4,low_conf,4
frame_01404,train,5,low_conf,6
frame_01404,train,6,low_conf,4
frame_01405,train,0,usable,5
frame_01405,train,1,low_conf,5
frame_01405,train,2,usable,6
frame_01405,train,3,low_conf,5
frame_01405,train,4,low_conf,4
frame_01405,train,5,low_conf,5
frame_01405,train,6,low_conf,4
frame_01405,train,7,low_conf,6
frame_01406,train,0,usable,6
frame_01406,train,1,low_conf,5
frame_01406,train,2,low_conf,4
frame_01406,train,3,low_conf,4
frame_01406,train,4,low_conf,4
frame_01406,train,5,low_conf,5
frame_01407,train,0,usable,5
frame_01407,train,1,low_conf,6
frame_01407,train,2,low_conf,4
frame_01407,train,3,low_conf,5
frame_01407,train,4,low_conf,4
frame_01407,train,5,good,7
frame_01407,train,6,low_conf,4
frame_01407,train,7,low_conf,5
frame_01409,train,0,usable,5
frame_01409,train,1,low_conf,4
frame_01409,train,2,low_conf,4
frame_01409,train,3,low_conf,5
frame_01409,train,4,low_conf,4
frame_01410,train,0,usable,6
frame_01410,train,1,low_conf,7
frame_01410,train,2,usable,6
frame_01410,train,3,low_conf,6
frame_01410,train,4,low_conf,5
frame_01410,train,5,low_conf,5
frame_01410,train,6,low_conf,4
frame_01410,train,7,low_conf,5
frame_01412,train,0,usable,5
frame_01412,train,1,low_conf,5
frame_01412,train,2,low_conf,6
frame_01412,train,3,low_conf,4
frame_01412,train,4,low_conf,4
frame_01413,train,0,usable,5
frame_01413,train,1,low_conf,6
frame_01413,train,2,low_conf,6
frame_01413,train,3,low_conf,7
frame_01413,train,4,low_conf,4
frame_01413,train,5,good,7
frame_01413,train,6,low_conf,4
frame_01413,train,7,low_conf,5
frame_01414,train,0,usable,5
frame_01414,train,1,low_conf,6
frame_01414,train,2,low_conf,6
frame_01414,train,3,low_conf,5
frame_01414,train,4,low_conf,4
frame_01414,train,5,low_conf,4
frame_01414,train,6,low_conf,4
frame_01414,train,7,low_conf,5
frame_01416,train,0,usable,5
frame_01416,train,1,low_conf,6
frame_01416,train,2,good,6
frame_01416,train,3,low_conf,5
frame_01416,train,4,low_conf,5
frame_01416,train,5,low_conf,6
frame_01416,train,6,low_conf,6
frame_01416,train,7,good,7
frame_01416,train,8,low_conf,4
frame_01417,train,0,low_conf,5
frame_01417,train,1,good,6
frame_01417,train,2,low_conf,5
frame_01417,train,3,low_conf,5
frame_01417,train,4,low_conf,4
frame_01417,train,5,low_conf,5
frame_01418,train,0,low_conf,5
frame_01418,train,1,low_conf,4
frame_01418,train,2,low_conf,6
frame_01418,train,3,low_conf,4
frame_01418,train,4,low_conf,4
frame_01418,train,5,low_conf,5
frame_01421,train,0,low_conf,4
frame_01421,train,1,low_conf,4
frame_01421,train,2,usable,6
frame_01421,train,3,low_conf,6
frame_01421,train,4,low_conf,4
frame_01421,train,5,low_conf,5
frame_01421,train,6,low_conf,4
frame_01422,train,0,usable,7
frame_01422,train,1,low_conf,4
frame_01422,train,2,good,5
frame_01422,train,3,low_conf,6
frame_01422,train,4,low_conf,6
frame_01422,train,5,low_conf,4
frame_01422,train,6,low_conf,5
frame_01423,train,0,low_conf,4
frame_01423,train,1,low_conf,4
frame_01423,train,2,good,6
frame_01423,train,3,low_conf,6
frame_01423,train,4,low_conf,5
frame_01423,train,5,low_conf,4
frame_01423,train,6,low_conf,5
frame_01423,train,7,low_conf,5
frame_01424,train,0,low_conf,4
frame_01424,train,1,low_conf,5
frame_01424,train,2,low_conf,5
frame_01424,train,3,low_conf,4
frame_01424,train,4,low_conf,4
frame_01424,train,5,low_conf,5
frame_01425,train,0,low_conf,4
frame_01425,train,1,low_conf,4
frame_01425,train,2,good,6
frame_01425,train,3,low_conf,5
frame_01425,train,4,usable,6
frame_01425,train,5,low_conf,6
frame_01425,train,6,low_conf,4
frame_01425,train,7,low_conf,5
frame_01426,train,0,low_conf,4
frame_01426,train,1,low_conf,4
frame_01426,train,2,usable,6
frame_01426,train,3,low_conf,5
frame_01426,train,4,low_conf,5
frame_01426,train,5,good,7
frame_01426,train,6,low_conf,5
frame_01426,train,7,low_conf,6
frame_01427,train,0,low_conf,5
frame_01427,train,1,low_conf,4
frame_01427,train,2,low_conf,5
frame_01427,train,3,usable,6
frame_01427,train,4,low_conf,5
frame_01427,train,5,low_conf,6
frame_01427,train,6,low_conf,7
frame_01428,train,0,low_conf,5
frame_01428,train,1,low_conf,4
frame_01428,train,2,good,6
frame_01428,train,3,low_conf,6
frame_01428,train,4,low_conf,6
frame_01428,train,5,low_conf,5
frame_01428,train,6,low_conf,5
frame_01429,train,0,low_conf,5
frame_01429,train,1,low_conf,4
frame_01429,train,2,good,6
frame_01429,train,3,low_conf,5
frame_01429,train,4,low_conf,6
frame_01429,train,5,low_conf,4
frame_01429,train,6,low_conf,4
frame_01429,train,7,low_conf,5
frame_01430,train,0,low_conf,5
frame_01430,train,1,low_conf,4
frame_01430,train,2,good,6
frame_01430,train,3,low_conf,6
frame_01430,train,4,low_conf,6
frame_01430,train,5,low_conf,5
frame_01430,train,6,low_conf,5
frame_01432,train,0,usable,6
frame_01432,train,1,low_conf,4
frame_01432,train,2,good,6
frame_01432,train,3,low_conf,5
frame_01432,train,4,usable,6
frame_01432,train,5,low_conf,7
frame_01432,train,6,low_conf,6
frame_01432,train,7,good,6
frame_01432,train,8,low_conf,5
frame_01433,train,0,low_conf,4
frame_01433,train,1,good,6
frame_01433,train,2,usable,5
frame_01433,train,3,usable,6
frame_01433,train,4,low_conf,6
frame_01433,train,5,low_conf,6
frame_01433,train,6,low_conf,7
frame_01434,train,0,low_conf,5
frame_01434,train,1,low_conf,4
frame_01434,train,2,good,6
frame_01434,train,3,low_conf,5
frame_01434,train,4,usable,5
frame_01434,train,5,low_conf,6
frame_01434,train,6,low_conf,5
frame_01435,train,0,usable,6
frame_01435,train,1,low_conf,6
frame_01435,train,2,usable,7
frame_01435,train,3,low_conf,5
frame_01435,train,4,low_conf,5
frame_01435,train,5,low_conf,6
frame_01435,train,6,low_conf,6
frame_01437,train,0,usable,7
frame_01437,train,1,low_conf,6
frame_01437,train,2,usable,6
frame_01437,train,3,usable,5
frame_01437,train,4,usable,6
frame_01437,train,5,low_conf,4
frame_01437,train,6,low_conf,6
frame_01438,train,0,low_conf,5
frame_01438,train,1,low_conf,4
frame_01438,train,2,usable,6
frame_01438,train,3,low_conf,4
frame_01438,train,4,low_conf,5
frame_01438,train,5,low_conf,4
frame_01438,train,6,low_conf,6
frame_01438,train,7,low_conf,5
frame_01438,train,8,low_conf,6
frame_01439,train,0,usable,6
frame_01439,train,1,low_conf,4
frame_01439,train,2,usable,6
frame_01439,train,3,low_conf,4
frame_01439,train,4,low_conf,5
frame_01439,train,5,low_conf,4
frame_01439,train,6,low_conf,5
frame_01439,train,7,low_conf,5
frame_01440,train,0,low_conf,4
frame_01440,train,1,usable,7
frame_01440,train,2,low_conf,5
frame_01440,train,3,low_conf,4
frame_01440,train,4,low_conf,4
frame_01440,train,5,low_conf,8
frame_01440,train,6,low_conf,7
frame_01440,train,7,low_conf,5
frame_00000,val,0,usable,7
frame_00000,val,1,low_conf,4
frame_00000,val,2,low_conf,4
frame_00000,val,3,low_conf,5
frame_00000,val,4,usable,6
frame_00000,val,5,usable,7
frame_00000,val,6,low_conf,6
frame_00013,val,0,low_conf,6
frame_00013,val,1,usable,6
frame_00013,val,2,low_conf,6
frame_00013,val,3,usable,6
frame_00013,val,4,usable,7
frame_00013,val,5,low_conf,5
frame_00014,val,0,low_conf,6
frame_00014,val,1,low_conf,4
frame_00014,val,2,low_conf,6
frame_00014,val,3,usable,6
frame_00014,val,4,usable,7
frame_00014,val,5,low_conf,4
frame_00021,val,0,low_conf,5
frame_00021,val,1,low_conf,5
frame_00021,val,2,low_conf,5
frame_00021,val,3,low_conf,5
frame_00021,val,4,usable,7
frame_00021,val,5,good,7
frame_00021,val,6,low_conf,4
frame_00023,val,0,low_conf,4
frame_00023,val,1,low_conf,6
frame_00023,val,2,low_conf,6
frame_00023,val,3,good,6
frame_00023,val,4,low_conf,6
frame_00023,val,5,usable,7
frame_00023,val,6,usable,7
frame_00023,val,7,low_conf,5
frame_00026,val,0,low_conf,5
frame_00026,val,1,low_conf,4
frame_00026,val,2,low_conf,5
frame_00026,val,3,low_conf,7
frame_00026,val,4,low_conf,5
frame_00026,val,5,usable,6
frame_00026,val,6,good,7
frame_00026,val,7,low_conf,6
frame_00036,val,0,usable,5
frame_00036,val,1,low_conf,6
frame_00036,val,2,usable,6
frame_00036,val,3,low_conf,6
frame_00036,val,4,usable,6
frame_00036,val,5,good,6
frame_00036,val,6,usable,6
frame_00043,val,0,usable,7
frame_00043,val,1,low_conf,7
frame_00043,val,2,usable,5
frame_00043,val,3,low_conf,5
frame_00043,val,4,usable,6
frame_00043,val,5,usable,6
frame_00043,val,6,usable,5
frame_00044,val,0,low_conf,6
frame_00044,val,1,usable,5
frame_00044,val,2,low_conf,5
frame_00044,val,3,good,6
frame_00044,val,4,usable,7
frame_00044,val,5,usable,5
frame_00057,val,0,low_conf,6
frame_00057,val,1,usable,6
frame_00057,val,2,low_conf,7
frame_00057,val,3,usable,6
frame_00057,val,4,usable,6
frame_00069,val,0,low_conf,6
frame_00069,val,1,usable,7
frame_00069,val,2,low_conf,5
frame_00069,val,3,usable,7
frame_00069,val,4,low_conf,5
frame_00069,val,5,usable,5
frame_00070,val,0,low_conf,6
frame_00070,val,1,usable,6
frame_00070,val,2,low_conf,4
frame_00070,val,3,usable,5
frame_00070,val,4,low_conf,4
frame_00070,val,5,usable,6
frame_00071,val,0,low_conf,6
frame_00071,val,1,low_conf,6
frame_00071,val,2,low_conf,4
frame_00071,val,3,usable,6
frame_00071,val,4,low_conf,4
frame_00071,val,5,usable,5
frame_00082,val,0,low_conf,4
frame_00082,val,1,low_conf,6
frame_00082,val,2,good,7
frame_00082,val,3,low_conf,4
frame_00082,val,4,usable,6
frame_00082,val,5,usable,6
frame_00086,val,0,low_conf,6
frame_00086,val,1,low_conf,6
frame_00086,val,2,low_conf,5
frame_00086,val,3,low_conf,5
frame_00086,val,4,good,6
frame_00086,val,5,usable,7
frame_00086,val,6,usable,7
frame_00087,val,0,low_conf,6
frame_00087,val,1,low_conf,6
frame_00087,val,2,good,6
frame_00087,val,3,low_conf,6
frame_00087,val,4,usable,6
frame_00087,val,5,usable,6
frame_00093,val,0,usable,6
frame_00093,val,1,low_conf,6
frame_00093,val,2,low_conf,6
frame_00093,val,3,low_conf,6
frame_00093,val,4,usable,6
frame_00093,val,5,usable,6
frame_00098,val,0,low_conf,7
frame_00098,val,1,low_conf,6
frame_00098,val,2,usable,7
frame_00098,val,3,usable,7
frame_00098,val,4,low_conf,4
frame_00098,val,5,usable,6
frame_00098,val,6,low_conf,6
frame_00098,val,7,usable,6
frame_00098,val,8,low_conf,4
frame_00099,val,0,low_conf,5
frame_00099,val,1,usable,6
frame_00099,val,2,low_conf,5
frame_00099,val,3,usable,6
frame_00099,val,4,usable,6
frame_00100,val,0,low_conf,4
frame_00100,val,1,low_conf,4
frame_00100,val,2,usable,7
frame_00100,val,3,low_conf,5
frame_00100,val,4,usable,5
frame_00100,val,5,usable,6
frame_00107,val,0,low_conf,4
frame_00107,val,1,low_conf,4
frame_00107,val,2,usable,6
frame_00107,val,3,low_conf,5
frame_00107,val,4,usable,7
frame_00107,val,5,low_conf,5
frame_00107,val,6,usable,6
frame_00108,val,0,low_conf,5
frame_00108,val,1,low_conf,5
frame_00108,val,2,usable,6
frame_00108,val,3,usable,6
frame_00108,val,4,low_conf,5
frame_00108,val,5,good,7
frame_00108,val,6,low_conf,4
frame_00108,val,7,usable,7
frame_00112,val,0,low_conf,4
frame_00112,val,1,low_conf,5
frame_00112,val,2,usable,6
frame_00112,val,3,low_conf,4
frame_00112,val,4,usable,8
frame_00112,val,5,low_conf,6
frame_00112,val,6,usable,7
frame_00123,val,0,usable,6
frame_00123,val,1,low_conf,4
frame_00123,val,2,usable,6
frame_00123,val,3,low_conf,6
frame_00123,val,4,usable,6
frame_00123,val,5,usable,5
frame_00123,val,6,usable,6
frame_00123,val,7,usable,6
frame_00130,val,0,usable,6
frame_00130,val,1,low_conf,4
frame_00130,val,2,usable,6
frame_00130,val,3,low_conf,6
frame_00130,val,4,good,7
frame_00130,val,5,usable,6
frame_00130,val,6,usable,6
frame_00130,val,7,usable,6
frame_00139,val,0,low_conf,4
frame_00139,val,1,low_conf,4
frame_00139,val,2,low_conf,7
frame_00139,val,3,good,6
frame_00139,val,4,usable,5
frame_00139,val,5,good,6
frame_00139,val,6,usable,5
frame_00140,val,0,low_conf,4
frame_00140,val,1,low_conf,6
frame_00140,val,2,good,6
frame_00140,val,3,usable,5
frame_00140,val,4,usable,6
frame_00140,val,5,low_conf,4
frame_00141,val,0,low_conf,5
frame_00141,val,1,low_conf,6
frame_00141,val,2,usable,6
frame_00141,val,3,low_conf,6
frame_00141,val,4,good,6
frame_00141,val,5,usable,6
frame_00141,val,6,usable,6
frame_00141,val,7,usable,6
frame_00150,val,0,usable,8
frame_00150,val,1,low_conf,6
frame_00150,val,2,usable,5
frame_00150,val,3,good,7
frame_00150,val,4,low_conf,5
frame_00150,val,5,usable,7
frame_00150,val,6,good,8
frame_00150,val,7,low_conf,6
frame_00152,val,0,usable,5
frame_00152,val,1,low_conf,4
frame_00152,val,2,good,6
frame_00152,val,3,usable,6
frame_00152,val,4,good,8
frame_00152,val,5,usable,6
frame_00160,val,0,usable,6
frame_00160,val,1,low_conf,4
frame_00160,val,2,low_conf,6
frame_00160,val,3,good,8
frame_00160,val,4,low_conf,4
frame_00160,val,5,usable,7
frame_00160,val,6,good,6
frame_00160,val,7,low_conf,6
frame_00161,val,0,usable,6
frame_00161,val,1,low_conf,7
frame_00161,val,2,usable,7
frame_00161,val,3,good,7
frame_00161,val,4,low_conf,4
frame_00161,val,5,usable,7
frame_00161,val,6,usable,6
frame_00161,val,7,low_conf,7
frame_00162,val,0,usable,7
frame_00162,val,1,low_conf,6
frame_00162,val,2,good,6
frame_00162,val,3,usable,6
frame_00162,val,4,good,6
frame_00162,val,5,low_conf,6
frame_00169,val,0,usable,6
frame_00169,val,1,low_conf,7
frame_00169,val,2,usable,6
frame_00169,val,3,good,6
frame_00169,val,4,low_conf,4
frame_00169,val,5,usable,7
frame_00169,val,6,good,6
frame_00169,val,7,low_conf,7
frame_00171,val,0,low_conf,4
frame_00171,val,1,usable,6
frame_00171,val,2,good,5
frame_00171,val,3,low_conf,4
frame_00171,val,4,usable,6
frame_00171,val,5,good,7
frame_00189,val,0,usable,6
frame_00189,val,1,low_conf,6
frame_00189,val,2,good,6
frame_00189,val,3,low_conf,6
frame_00189,val,4,usable,7
frame_00189,val,5,low_conf,6
frame_00189,val,6,usable,6
frame_00189,val,7,good,7
frame_00199,val,0,usable,7
frame_00199,val,1,low_conf,4
frame_00199,val,2,usable,7
frame_00199,val,3,low_conf,5
frame_00199,val,4,usable,7
frame_00199,val,5,low_conf,4
frame_00199,val,6,usable,6
frame_00199,val,7,usable,6
frame_00199,val,8,usable,6
frame_00200,val,0,usable,6
frame_00200,val,1,low_conf,4
frame_00200,val,2,usable,6
frame_00200,val,3,low_conf,4
frame_00200,val,4,usable,7
frame_00200,val,5,low_conf,5
frame_00200,val,6,usable,7
frame_00200,val,7,usable,6
frame_00205,val,0,usable,5
frame_00205,val,1,low_conf,6
frame_00205,val,2,usable,8
frame_00205,val,3,low_conf,4
frame_00205,val,4,good,6
frame_00205,val,5,low_conf,4
frame_00205,val,6,usable,5
frame_00205,val,7,usable,7
frame_00205,val,8,usable,6
frame_00206,val,0,usable,5
frame_00206,val,1,usable,5
frame_00206,val,2,usable,7
frame_00206,val,3,usable,6
frame_00206,val,4,usable,6
frame_00206,val,5,low_conf,5
frame_00206,val,6,usable,6
frame_00206,val,7,good,7
frame_00206,val,8,usable,5
frame_00217,val,0,usable,5
frame_00217,val,1,low_conf,6
frame_00217,val,2,usable,7
frame_00217,val,3,usable,6
frame_00217,val,4,usable,6
frame_00217,val,5,low_conf,4
frame_00217,val,6,usable,8
frame_00217,val,7,usable,7
frame_00217,val,8,low_conf,5
frame_00218,val,0,usable,6
frame_00218,val,1,usable,7
frame_00218,val,2,usable,7
frame_00218,val,3,usable,6
frame_00218,val,4,usable,6
frame_00218,val,5,low_conf,4
frame_00218,val,6,usable,7
frame_00218,val,7,low_conf,5
frame_00218,val,8,low_conf,5
frame_00223,val,0,usable,6
frame_00223,val,1,low_conf,5
frame_00223,val,2,usable,6
frame_00223,val,3,usable,8
frame_00223,val,4,usable,7
frame_00223,val,5,usable,6
frame_00223,val,6,low_conf,6
frame_00232,val,0,usable,7
frame_00232,val,1,low_conf,5
frame_00232,val,2,usable,7
frame_00232,val,3,usable,6
frame_00232,val,4,usable,6
frame_00232,val,5,low_conf,5
frame_00232,val,6,low_conf,4
frame_00238,val,0,low_conf,6
frame_00238,val,1,low_conf,6
frame_00238,val,2,usable,6
frame_00238,val,3,usable,5
frame_00238,val,4,good,7
frame_00238,val,5,low_conf,6
frame_00238,val,6,usable,7
frame_00238,val,7,low_conf,6
frame_00242,val,0,low_conf,6
frame_00242,val,1,usable,6
frame_00242,val,2,usable,6
frame_00242,val,3,low_conf,5
frame_00242,val,4,low_conf,6
frame_00242,val,5,low_conf,6
frame_00242,val,6,usable,6
frame_00260,val,0,low_conf,6
frame_00260,val,1,usable,6
frame_00260,val,2,usable,7
frame_00260,val,3,usable,7
frame_00260,val,4,low_conf,6
frame_00261,val,0,low_conf,7
frame_00261,val,1,usable,6
frame_00261,val,2,good,7
frame_00261,val,3,low_conf,7
frame_00263,val,0,low_conf,6
frame_00263,val,1,usable,6
frame_00263,val,2,usable,6
frame_00263,val,3,good,6
frame_00263,val,4,good,6
frame_00263,val,5,low_conf,4
frame_00263,val,6,usable,7
frame_00267,val,0,low_conf,4
frame_00267,val,1,usable,5
frame_00267,val,2,usable,7
frame_00267,val,3,good,6
frame_00267,val,4,low_conf,5
frame_00273,val,0,usable,6
frame_00273,val,1,low_conf,6
frame_00273,val,2,usable,6
frame_00273,val,3,usable,6
frame_00273,val,4,low_conf,6
frame_00278,val,0,usable,6
frame_00278,val,1,usable,6
frame_00278,val,2,usable,6
frame_00278,val,3,usable,6
frame_00278,val,4,low_conf,4
frame_00278,val,5,low_conf,6
frame_00279,val,0,usable,5
frame_00279,val,1,low_conf,6
frame_00279,val,2,usable,6
frame_00279,val,3,good,6
frame_00279,val,4,low_conf,5
frame_00279,val,5,low_conf,6
frame_00279,val,6,low_conf,5
frame_00281,val,0,usable,6
frame_00281,val,1,low_conf,5
frame_00281,val,2,usable,6
frame_00281,val,3,low_conf,4
frame_00281,val,4,usable,7
frame_00281,val,5,low_conf,5
frame_00282,val,0,usable,6
frame_00282,val,1,usable,6
frame_00282,val,2,usable,6
frame_00282,val,3,usable,7
frame_00282,val,4,low_conf,4
frame_00282,val,5,usable,6
frame_00282,val,6,low_conf,4
frame_00283,val,0,usable,6
frame_00283,val,1,usable,6
frame_00283,val,2,usable,8
frame_00283,val,3,low_conf,4
frame_00283,val,4,low_conf,5
frame_00283,val,5,low_conf,6
frame_00284,val,0,usable,6
frame_00284,val,1,good,7
frame_00284,val,2,low_conf,4
frame_00284,val,3,low_conf,6
frame_00284,val,4,low_conf,5
frame_00287,val,0,usable,6
frame_00287,val,1,usable,6
frame_00287,val,2,usable,6
frame_00287,val,3,low_conf,6
frame_00287,val,4,low_conf,6
frame_00287,val,5,low_conf,6
frame_00293,val,0,usable,7
frame_00293,val,1,usable,6
frame_00293,val,2,usable,6
frame_00293,val,3,low_conf,5
frame_00293,val,4,low_conf,7
frame_00293,val,5,low_conf,6
frame_00296,val,0,usable,6
frame_00296,val,1,usable,8
frame_00296,val,2,low_conf,4
frame_00296,val,3,low_conf,5
frame_00296,val,4,low_conf,4
frame_00300,val,0,usable,6
frame_00300,val,1,usable,5
frame_00300,val,2,good,6
frame_00300,val,3,low_conf,6
frame_00300,val,4,low_conf,6
frame_00300,val,5,usable,5
frame_00308,val,0,usable,5
frame_00308,val,1,usable,5
frame_00308,val,2,good,6
frame_00308,val,3,low_conf,6
frame_00308,val,4,low_conf,6
frame_00308,val,5,low_conf,6
frame_00308,val,6,low_conf,6
frame_00308,val,7,low_conf,4
frame_00316,val,0,low_conf,4
frame_00316,val,1,low_conf,6
frame_00316,val,2,good,7
frame_00316,val,3,low_conf,4
frame_00316,val,4,low_conf,5
frame_00316,val,5,low_conf,4
frame_00316,val,6,usable,6
frame_00318,val,0,low_conf,4
frame_00318,val,1,usable,6
frame_00318,val,2,low_conf,6
frame_00318,val,3,good,7
frame_00318,val,4,low_conf,4
frame_00318,val,5,low_conf,5
frame_00318,val,6,low_conf,6
frame_00318,val,7,usable,5
frame_00319,val,0,low_conf,4
frame_00319,val,1,low_conf,6
frame_00319,val,2,good,7
frame_00319,val,3,low_conf,4
frame_00319,val,4,low_conf,5
frame_00319,val,5,low_conf,6
frame_00319,val,6,low_conf,5
frame_00319,val,7,low_conf,6
frame_00320,val,0,low_conf,4
frame_00320,val,1,low_conf,5
frame_00320,val,2,low_conf,6
frame_00320,val,3,good,6
frame_00320,val,4,low_conf,4
frame_00320,val,5,low_conf,4
frame_00320,val,6,low_conf,5
frame_00320,val,7,low_conf,6
frame_00321,val,0,low_conf,5
frame_00321,val,1,low_conf,4
frame_00321,val,2,good,6
frame_00321,val,3,low_conf,4
frame_00321,val,4,low_conf,4
frame_00321,val,5,low_conf,7
frame_00324,val,0,low_conf,6
frame_00324,val,1,good,7
frame_00324,val,2,low_conf,4
frame_00324,val,3,low_conf,5
frame_00324,val,4,usable,6
frame_00324,val,5,low_conf,6
frame_00325,val,0,low_conf,5
frame_00325,val,1,low_conf,6
frame_00325,val,2,good,6
frame_00325,val,3,low_conf,4
frame_00325,val,4,low_conf,5
frame_00325,val,5,usable,6
frame_00328,val,0,low_conf,4
frame_00328,val,1,usable,7
frame_00328,val,2,low_conf,4
frame_00328,val,3,low_conf,4
frame_00328,val,4,low_conf,6
frame_00328,val,5,usable,6
frame_00328,val,6,low_conf,5
frame_00337,val,0,low_conf,5
frame_00337,val,1,low_conf,7
frame_00337,val,2,usable,6
frame_00337,val,3,low_conf,4
frame_00337,val,4,usable,7
frame_00338,val,0,usable,6
frame_00338,val,1,usable,6
frame_00338,val,2,low_conf,6
frame_00338,val,3,usable,6
frame_00338,val,4,low_conf,5
frame_00338,val,5,low_conf,4
frame_00338,val,6,low_conf,6
frame_00338,val,7,usable,5
frame_00340,val,0,low_conf,5
frame_00340,val,1,usable,7
frame_00340,val,2,low_conf,6
frame_00340,val,3,good,6
frame_00340,val,4,low_conf,6
frame_00340,val,5,low_conf,6
frame_00340,val,6,usable,4
frame_00351,val,0,usable,6
frame_00351,val,1,low_conf,5
frame_00351,val,2,good,7
frame_00351,val,3,low_conf,5
frame_00351,val,4,low_conf,5
frame_00351,val,5,low_conf,6
frame_00351,val,6,usable,7
frame_00354,val,0,usable,6
frame_00354,val,1,low_conf,4
frame_00354,val,2,good,5
frame_00354,val,3,usable,5
frame_00354,val,4,low_conf,6
frame_00354,val,5,low_conf,6
frame_00366,val,0,usable,7
frame_00366,val,1,low_conf,4
frame_00366,val,2,good,6
frame_00366,val,3,usable,7
frame_00366,val,4,low_conf,4
frame_00366,val,5,usable,6
frame_00366,val,6,usable,6
frame_00370,val,0,usable,6
frame_00370,val,1,usable,6
frame_00370,val,2,low_conf,5
frame_00370,val,3,good,6
frame_00370,val,4,usable,6
frame_00370,val,5,low_conf,7
frame_00370,val,6,low_conf,5
frame_00370,val,7,low_conf,7
frame_00370,val,8,usable,6
frame_00373,val,0,usable,6
frame_00373,val,1,usable,5
frame_00373,val,2,low_conf,5
frame_00373,val,3,good,6
frame_00373,val,4,usable,5
frame_00373,val,5,usable,6
frame_00373,val,6,low_conf,4
frame_00373,val,7,usable,6
frame_00373,val,8,usable,7
frame_00376,val,0,usable,5
frame_00376,val,1,usable,6
frame_00376,val,2,low_conf,6
frame_00376,val,3,usable,6
frame_00376,val,4,usable,6
frame_00376,val,5,usable,6
frame_00376,val,6,low_conf,6
frame_00376,val,7,low_conf,7
frame_00376,val,8,usable,5
frame_00386,val,0,usable,6
frame_00386,val,1,low_conf,6
frame_00386,val,2,low_conf,4
frame_00386,val,3,usable,6
frame_00386,val,4,low_conf,5
frame_00386,val,5,low_conf,5
frame_00386,val,6,usable,7
frame_00386,val,7,usable,6
frame_00388,val,0,low_conf,4
frame_00388,val,1,low_conf,4
frame_00388,val,2,low_conf,5
frame_00388,val,3,usable,6
frame_00388,val,4,low_conf,5
frame_00388,val,5,usable,7
frame_00388,val,6,usable,6
frame_00397,val,0,usable,7
frame_00397,val,1,usable,6
frame_00397,val,2,low_conf,6
frame_00397,val,3,usable,5
frame_00397,val,4,low_conf,5
frame_00397,val,5,usable,6
frame_00397,val,6,low_conf,7
frame_00398,val,0,low_conf,5
frame_00398,val,1,usable,6
frame_00398,val,2,usable,6
frame_00398,val,3,low_conf,5
frame_00398,val,4,usable,6
frame_00398,val,5,usable,6
frame_00398,val,6,low_conf,5
frame_00398,val,7,usable,6
frame_00398,val,8,low_conf,7
frame_00399,val,0,low_conf,5
frame_00399,val,1,usable,7
frame_00399,val,2,usable,6
frame_00399,val,3,low_conf,6
frame_00399,val,4,usable,6
frame_00399,val,5,usable,6
frame_00399,val,6,low_conf,5
frame_00399,val,7,usable,6
frame_00399,val,8,usable,6
frame_00400,val,0,low_conf,5
frame_00400,val,1,usable,6
frame_00400,val,2,low_conf,5
frame_00400,val,3,low_conf,6
frame_00400,val,4,usable,6
frame_00400,val,5,usable,6
frame_00400,val,6,low_conf,4
frame_00400,val,7,usable,6
frame_00400,val,8,usable,6
frame_00401,val,0,low_conf,5
frame_00401,val,1,usable,6
frame_00401,val,2,low_conf,5
frame_00401,val,3,low_conf,5
frame_00401,val,4,good,6
frame_00401,val,5,usable,6
frame_00401,val,6,low_conf,4
frame_00401,val,7,usable,6
frame_00401,val,8,low_conf,4
frame_00406,val,0,low_conf,5
frame_00406,val,1,good,7
frame_00406,val,2,usable,5
frame_00406,val,3,low_conf,6
frame_00406,val,4,good,5
frame_00406,val,5,usable,6
frame_00406,val,6,low_conf,6
frame_00406,val,7,low_conf,5
frame_00406,val,8,usable,6
frame_00418,val,0,usable,5
frame_00418,val,1,usable,6
frame_00418,val,2,usable,6
frame_00418,val,3,low_conf,5
frame_00418,val,4,usable,6
frame_00418,val,5,low_conf,4
frame_00418,val,6,usable,6
frame_00418,val,7,low_conf,4
frame_00418,val,8,low_conf,6
frame_00418,val,9,low_conf,5
frame_00420,val,0,low_conf,6
frame_00420,val,1,usable,6
frame_00420,val,2,usable,5
frame_00420,val,3,low_conf,4
frame_00420,val,4,usable,6
frame_00420,val,5,low_conf,5
frame_00420,val,6,usable,6
frame_00420,val,7,low_conf,4
frame_00420,val,8,usable,5
frame_00421,val,0,low_conf,6
frame_00421,val,1,usable,7
frame_00421,val,2,low_conf,6
frame_00421,val,3,good,6
frame_00421,val,4,low_conf,6
frame_00421,val,5,good,6
frame_00421,val,6,low_conf,4
frame_00421,val,7,usable,6
frame_00421,val,8,low_conf,6
frame_00422,val,0,usable,5
frame_00422,val,1,good,6
frame_00422,val,2,usable,5
frame_00422,val,3,low_conf,6
frame_00422,val,4,usable,6
frame_00422,val,5,low_conf,7
frame_00422,val,6,usable,6
frame_00422,val,7,low_conf,5
frame_00422,val,8,low_conf,6
frame_00422,val,9,low_conf,6
frame_00425,val,0,low_conf,6
frame_00425,val,1,usable,6
frame_00425,val,2,usable,6
frame_00425,val,3,low_conf,7
frame_00425,val,4,usable,6
frame_00425,val,5,low_conf,4
frame_00425,val,6,good,6
frame_00425,val,7,low_conf,6
frame_00425,val,8,usable,6
frame_00425,val,9,usable,6
frame_00427,val,0,low_conf,6
frame_00427,val,1,usable,7
frame_00427,val,2,low_conf,6
frame_00427,val,3,good,6
frame_00427,val,4,low_conf,5
frame_00427,val,5,good,6
frame_00427,val,6,low_conf,4
frame_00427,val,7,low_conf,6
frame_00427,val,8,low_conf,4
frame_00434,val,0,low_conf,5
frame_00434,val,1,usable,6
frame_00434,val,2,low_conf,5
frame_00434,val,3,low_conf,6
frame_00434,val,4,usable,6
frame_00434,val,5,low_conf,4
frame_00434,val,6,low_conf,6
frame_00434,val,7,low_conf,5
frame_00442,val,0,usable,7
frame_00442,val,1,usable,6
frame_00442,val,2,low_conf,8
frame_00442,val,3,low_conf,5
frame_00442,val,4,usable,7
frame_00442,val,5,good,6
frame_00442,val,6,low_conf,5
frame_00442,val,7,low_conf,7
frame_00442,val,8,low_conf,5
frame_00447,val,0,usable,6
frame_00447,val,1,low_conf,4
frame_00447,val,2,low_conf,6
frame_00447,val,3,usable,6
frame_00447,val,4,good,7
frame_00447,val,5,low_conf,4
frame_00447,val,6,low_conf,6
frame_00449,val,0,usable,5
frame_00449,val,1,usable,7
frame_00449,val,2,usable,6
frame_00449,val,3,low_conf,5
frame_00449,val,4,low_conf,5
frame_00449,val,5,usable,7
frame_00449,val,6,good,7
frame_00449,val,7,low_conf,5
frame_00449,val,8,usable,6
frame_00449,val,9,low_conf,6
frame_00455,val,0,usable,7
frame_00455,val,1,good,6
frame_00455,val,2,low_conf,6
frame_00455,val,3,low_conf,5
frame_00455,val,4,good,7
frame_00455,val,5,low_conf,6
frame_00455,val,6,low_conf,6
frame_00457,val,0,low_conf,6
frame_00457,val,1,good,6
frame_00457,val,2,good,7
frame_00457,val,3,low_conf,4
frame_00457,val,4,low_conf,4
frame_00457,val,5,low_conf,5
frame_00466,val,0,usable,6
frame_00466,val,1,usable,7
frame_00466,val,2,low_conf,5
frame_00466,val,3,good,6
frame_00466,val,4,good,6
frame_00466,val,5,low_conf,5
frame_00466,val,6,low_conf,6
frame_00466,val,7,low_conf,5
frame_00467,val,0,usable,5
frame_00467,val,1,usable,7
frame_00467,val,2,low_conf,6
frame_00467,val,3,low_conf,5
frame_00467,val,4,good,6
frame_00467,val,5,good,7
frame_00467,val,6,low_conf,6
frame_00467,val,7,low_conf,4
frame_00477,val,0,usable,6
frame_00477,val,1,usable,8
frame_00477,val,2,low_conf,7
frame_00477,val,3,low_conf,4
frame_00477,val,4,good,6
frame_00477,val,5,good,6
frame_00477,val,6,low_conf,4
frame_00477,val,7,low_conf,4
frame_00477,val,8,low_conf,5
frame_00478,val,0,usable,5
frame_00478,val,1,usable,7
frame_00478,val,2,usable,6
frame_00478,val,3,usable,6
frame_00478,val,4,low_conf,5
frame_00478,val,5,good,6
frame_00478,val,6,usable,6
frame_00478,val,7,low_conf,5
frame_00478,val,8,low_conf,7
frame_00478,val,9,low_conf,4
frame_00480,val,0,low_conf,6
frame_00480,val,1,usable,6
frame_00480,val,2,usable,6
frame_00480,val,3,usable,6
frame_00480,val,4,low_conf,6
frame_00480,val,5,good,6
frame_00480,val,6,good,6
frame_00480,val,7,low_conf,5
frame_00480,val,8,low_conf,6
frame_00481,val,0,low_conf,6
frame_00481,val,1,low_conf,5
frame_00481,val,2,usable,6
frame_00481,val,3,low_conf,6
frame_00481,val,4,low_conf,6
frame_00481,val,5,good,6
frame_00481,val,6,good,7
frame_00481,val,7,low_conf,5
frame_00481,val,8,low_conf,6
frame_00481,val,9,low_conf,5
frame_00492,val,0,low_conf,5
frame_00492,val,1,usable,5
frame_00492,val,2,low_conf,6
frame_00492,val,3,usable,6
frame_00492,val,4,good,6
frame_00492,val,5,low_conf,6
frame_00492,val,6,low_conf,6
frame_00492,val,7,usable,6
frame_00493,val,0,low_conf,5
frame_00493,val,1,usable,6
frame_00493,val,2,low_conf,6
frame_00493,val,3,good,6
frame_00493,val,4,low_conf,6
frame_00493,val,5,low_conf,5
frame_00493,val,6,low_conf,6
frame_00502,val,0,low_conf,6
frame_00502,val,1,low_conf,5
frame_00502,val,2,usable,6
frame_00502,val,3,usable,6
frame_00502,val,4,usable,6
frame_00502,val,5,usable,6
frame_00502,val,6,low_conf,6
frame_00502,val,7,usable,6
frame_00502,val,8,usable,6
frame_00503,val,0,usable,6
frame_00503,val,1,usable,5
frame_00503,val,2,usable,7
frame_00503,val,3,low_conf,4
frame_00503,val,4,usable,6
frame_00503,val,5,good,6
frame_00503,val,6,low_conf,4
frame_00503,val,7,usable,5
frame_00503,val,8,usable,7
frame_00508,val,0,low_conf,6
frame_00508,val,1,usable,6
frame_00508,val,2,low_conf,5
frame_00508,val,3,usable,7
frame_00508,val,4,good,7
frame_00508,val,5,good,5
frame_00508,val,6,low_conf,5
frame_00508,val,7,usable,5
frame_00508,val,8,low_conf,4
frame_00519,val,0,usable,5
frame_00519,val,1,low_conf,4
frame_00519,val,2,usable,7
frame_00519,val,3,usable,6
frame_00519,val,4,usable,8
frame_00519,val,5,good,6
frame_00519,val,6,low_conf,4
frame_00519,val,7,usable,6
frame_00519,val,8,usable,6
frame_00520,val,0,low_conf,5
frame_00520,val,1,usable,6
frame_00520,val,2,usable,6
frame_00520,val,3,usable,7
frame_00520,val,4,good,7
frame_00520,val,5,low_conf,4
frame_00520,val,6,low_conf,6
frame_00520,val,7,usable,6
frame_00523,val,0,usable,6
frame_00523,val,1,low_conf,6
frame_00523,val,2,usable,6
frame_00523,val,3,usable,6
frame_00523,val,4,good,6
frame_00523,val,5,usable,6
frame_00523,val,6,low_conf,5
frame_00523,val,7,low_conf,4
frame_00523,val,8,usable,7
frame_00525,val,0,usable,6
frame_00525,val,1,low_conf,7
frame_00525,val,2,usable,6
frame_00525,val,3,usable,6
frame_00525,val,4,usable,7
frame_00525,val,5,good,6
frame_00525,val,6,low_conf,6
frame_00525,val,7,low_conf,6
frame_00525,val,8,usable,6
frame_00533,val,0,low_conf,6
frame_00533,val,1,usable,5
frame_00533,val,2,usable,6
frame_00533,val,3,low_conf,5
frame_00533,val,4,good,6
frame_00533,val,5,usable,6
frame_00533,val,6,low_conf,4
frame_00533,val,7,low_conf,5
frame_00533,val,8,low_conf,4
frame_00537,val,0,usable,6
frame_00537,val,1,usable,6
frame_00537,val,2,usable,7
frame_00537,val,3,usable,6
frame_00537,val,4,good,7
frame_00537,val,5,good,6
frame_00537,val,6,low_conf,5
frame_00537,val,7,low_conf,6
frame_00537,val,8,low_conf,5
frame_00548,val,0,usable,7
frame_00548,val,1,usable,6
frame_00548,val,2,low_conf,5
frame_00548,val,3,usable,6
frame_00548,val,4,good,6
frame_00548,val,5,good,6
frame_00548,val,6,low_conf,4
frame_00548,val,7,low_conf,5
frame_00548,val,8,low_conf,4
frame_00548,val,9,low_conf,6
frame_00550,val,0,usable,6
frame_00550,val,1,low_conf,4
frame_00550,val,2,usable,6
frame_00550,val,3,usable,7
frame_00550,val,4,usable,6
frame_00550,val,5,low_conf,4
frame_00550,val,6,low_conf,6
frame_00552,val,0,usable,6
frame_00552,val,1,usable,6
frame_00552,val,2,low_conf,4
frame_00552,val,3,usable,6
frame_00552,val,4,good,5
frame_00552,val,5,good,7
frame_00552,val,6,low_conf,4
frame_00552,val,7,low_conf,6
frame_00552,val,8,low_conf,5
frame_00554,val,0,usable,5
frame_00554,val,1,usable,8
frame_00554,val,2,usable,6
frame_00554,val,3,low_conf,6
frame_00554,val,4,usable,6
frame_00554,val,5,good,6
frame_00554,val,6,good,6
frame_00554,val,7,low_conf,4
frame_00554,val,8,low_conf,5
frame_00555,val,0,usable,6
frame_00555,val,1,usable,6
frame_00555,val,2,low_conf,6
frame_00555,val,3,usable,7
frame_00555,val,4,usable,6
frame_00555,val,5,low_conf,4
frame_00555,val,6,low_conf,7
frame_00555,val,7,low_conf,4
frame_00558,val,0,usable,6
frame_00558,val,1,usable,6
frame_00558,val,2,low_conf,6
frame_00558,val,3,usable,6
frame_00558,val,4,good,6
frame_00558,val,5,good,7
frame_00558,val,6,low_conf,4
frame_00558,val,7,low_conf,5
frame_00558,val,8,low_conf,5
frame_00558,val,9,low_conf,7
frame_00579,val,0,low_conf,4
frame_00579,val,1,usable,6
frame_00579,val,2,usable,6
frame_00579,val,3,good,6
frame_00579,val,4,low_conf,5
frame_00579,val,5,low_conf,6
frame_00579,val,6,usable,6
frame_00580,val,0,low_conf,5
frame_00580,val,1,usable,6
frame_00580,val,2,usable,7
frame_00580,val,3,good,7
frame_00580,val,4,usable,5
frame_00580,val,5,good,7
frame_00580,val,6,low_conf,5
frame_00580,val,7,low_conf,6
frame_00580,val,8,low_conf,7
frame_00581,val,0,usable,6
frame_00581,val,1,usable,6
frame_00581,val,2,usable,6
frame_00581,val,3,good,6
frame_00581,val,4,usable,6
frame_00581,val,5,low_conf,5
frame_00581,val,6,low_conf,4
frame_00581,val,7,low_conf,4
frame_00581,val,8,low_conf,7
frame_00584,val,0,usable,5
frame_00584,val,1,usable,5
frame_00584,val,2,usable,6
frame_00584,val,3,good,7
frame_00584,val,4,usable,6
frame_00584,val,5,low_conf,4
frame_00584,val,6,low_conf,6
frame_00584,val,7,low_conf,4
frame_00587,val,0,usable,7
frame_00587,val,1,usable,6
frame_00587,val,2,usable,6
frame_00587,val,3,usable,5
frame_00587,val,4,good,6
frame_00587,val,5,usable,6
frame_00587,val,6,good,7
frame_00587,val,7,low_conf,6
frame_00587,val,8,low_conf,4
frame_00587,val,9,usable,7
frame_00589,val,0,usable,6
frame_00589,val,1,usable,7
frame_00589,val,2,usable,6
frame_00589,val,3,usable,6
frame_00589,val,4,good,6
frame_00589,val,5,usable,6
frame_00589,val,6,low_conf,6
frame_00589,val,7,low_conf,5
frame_00589,val,8,low_conf,6
frame_00591,val,0,usable,7
frame_00591,val,1,usable,8
frame_00591,val,2,usable,6
frame_00591,val,3,low_conf,5
frame_00591,val,4,good,6
frame_00591,val,5,usable,5
frame_00591,val,6,low_conf,6
frame_00591,val,7,low_conf,4
frame_00591,val,8,low_conf,6
frame_00601,val,0,usable,6
frame_00601,val,1,usable,7
frame_00601,val,2,usable,6
frame_00601,val,3,usable,6
frame_00601,val,4,good,6
frame_00601,val,5,usable,7
frame_00601,val,6,good,6
frame_00601,val,7,low_conf,4
frame_00601,val,8,low_conf,4
frame_00611,val,0,low_conf,5
frame_00611,val,1,good,8
frame_00611,val,2,usable,5
frame_00611,val,3,usable,8
frame_00611,val,4,usable,7
frame_00611,val,5,good,6
frame_00611,val,6,usable,5
frame_00611,val,7,low_conf,4
frame_00611,val,8,low_conf,6
frame_00615,val,0,low_conf,4
frame_00615,val,1,usable,6
frame_00615,val,2,usable,7
frame_00615,val,3,usable,6
frame_00615,val,4,usable,6
frame_00615,val,5,usable,7
frame_00615,val,6,good,7
frame_00615,val,7,low_conf,4
frame_00615,val,8,low_conf,5
frame_00615,val,9,low_conf,5
frame_00620,val,0,usable,5
frame_00620,val,1,usable,6
frame_00620,val,2,usable,6
frame_00620,val,3,usable,6
frame_00620,val,4,usable,7
frame_00620,val,5,good,7
frame_00620,val,6,low_conf,5
frame_00620,val,7,low_conf,4
frame_00622,val,0,low_conf,4
frame_00622,val,1,usable,7
frame_00622,val,2,low_conf,5
frame_00622,val,3,usable,6
frame_00622,val,4,usable,6
frame_00622,val,5,low_conf,6
frame_00622,val,6,usable,5
frame_00622,val,7,low_conf,5
frame_00624,val,0,low_conf,4
frame_00624,val,1,usable,6
frame_00624,val,2,usable,6
frame_00624,val,3,usable,6
frame_00624,val,4,usable,6
frame_00624,val,5,good,6
frame_00624,val,6,low_conf,4
frame_00624,val,7,low_conf,5
frame_00624,val,8,low_conf,4
frame_00625,val,0,low_conf,5
frame_00625,val,1,usable,6
frame_00625,val,2,usable,6
frame_00625,val,3,usable,5
frame_00625,val,4,good,7
frame_00625,val,5,low_conf,5
frame_00625,val,6,low_conf,6
frame_00628,val,0,low_conf,5
frame_00628,val,1,usable,6
frame_00628,val,2,usable,6
frame_00628,val,3,low_conf,4
frame_00628,val,4,good,6
frame_00628,val,5,usable,6
frame_00628,val,6,low_conf,6
frame_00628,val,7,low_conf,6
frame_00638,val,0,low_conf,5
frame_00638,val,1,low_conf,4
frame_00638,val,2,usable,6
frame_00638,val,3,usable,6
frame_00638,val,4,good,6
frame_00638,val,5,usable,6
frame_00638,val,6,usable,6
frame_00638,val,7,low_conf,5
frame_00638,val,8,low_conf,6
frame_00638,val,9,low_conf,7
frame_00639,val,0,low_conf,4
frame_00639,val,1,usable,5
frame_00639,val,2,usable,6
frame_00639,val,3,usable,5
frame_00639,val,4,usable,7
frame_00639,val,5,low_conf,6
frame_00639,val,6,good,6
frame_00639,val,7,low_conf,4
frame_00639,val,8,low_conf,5
frame_00639,val,9,low_conf,6
frame_00640,val,0,low_conf,4
frame_00640,val,1,usable,6
frame_00640,val,2,usable,6
frame_00640,val,3,usable,6
frame_00640,val,4,low_conf,7
frame_00640,val,5,good,6
frame_00640,val,6,low_conf,4
frame_00640,val,7,low_conf,5
frame_00640,val,8,low_conf,6
frame_00645,val,0,low_conf,4
frame_00645,val,1,usable,6
frame_00645,val,2,good,6
frame_00645,val,3,usable,5
frame_00645,val,4,low_conf,6
frame_00645,val,5,low_conf,5
frame_00645,val,6,low_conf,4
frame_00652,val,0,low_conf,6
frame_00652,val,1,low_conf,5
frame_00652,val,2,usable,6
frame_00652,val,3,usable,6
frame_00652,val,4,low_conf,4
frame_00652,val,5,good,6
frame_00652,val,6,low_conf,5
frame_00652,val,7,low_conf,4
frame_00652,val,8,low_conf,5
frame_00653,val,0,low_conf,5
frame_00653,val,1,usable,6
frame_00653,val,2,usable,6
frame_00653,val,3,usable,9
frame_00653,val,4,usable,7
frame_00653,val,5,low_conf,4
frame_00653,val,6,good,6
frame_00653,val,7,low_conf,4
frame_00653,val,8,low_conf,4
frame_00653,val,9,low_conf,5
frame_00654,val,0,low_conf,5
frame_00654,val,1,usable,6
frame_00654,val,2,low_conf,6
frame_00654,val,3,usable,6
frame_00654,val,4,usable,6
frame_00654,val,5,low_conf,4
frame_00654,val,6,good,7
frame_00654,val,7,low_conf,5
frame_00654,val,8,low_conf,4
frame_00654,val,9,low_conf,7
frame_00656,val,0,low_conf,6
frame_00656,val,1,low_conf,7
frame_00656,val,2,usable,6
frame_00656,val,3,low_conf,6
frame_00656,val,4,good,6
frame_00656,val,5,low_conf,6
frame_00656,val,6,low_conf,4
frame_00656,val,7,low_conf,5
frame_00659,val,0,low_conf,5
frame_00659,val,1,low_conf,4
frame_00659,val,2,usable,5
frame_00659,val,3,usable,7
frame_00659,val,4,good,7
frame_00659,val,5,low_conf,6
frame_00659,val,6,low_conf,6
frame_00659,val,7,low_conf,4
frame_00659,val,8,low_conf,4
frame_00659,val,9,low_conf,7
frame_00661,val,0,low_conf,6
frame_00661,val,1,low_conf,5
frame_00661,val,2,usable,6
frame_00661,val,3,usable,6
frame_00661,val,4,low_conf,5
frame_00661,val,5,good,6
frame_00661,val,6,usable,6
frame_00661,val,7,low_conf,5
frame_00662,val,0,low_conf,5
frame_00662,val,1,low_conf,4
frame_00662,val,2,low_conf,5
frame_00662,val,3,usable,6
frame_00662,val,4,low_conf,4
frame_00662,val,5,low_conf,4
frame_00662,val,6,low_conf,5
frame_00662,val,7,low_conf,5
frame_00664,val,0,low_conf,6
frame_00664,val,1,low_conf,5
frame_00664,val,2,low_conf,6
frame_00664,val,3,good,6
frame_00664,val,4,low_conf,5
frame_00664,val,5,good,7
frame_00664,val,6,low_conf,6
frame_00664,val,7,low_conf,5
frame_00664,val,8,low_conf,4
frame_00670,val,0,low_conf,5
frame_00670,val,1,low_conf,5
frame_00670,val,2,low_conf,6
frame_00670,val,3,usable,6
frame_00670,val,4,low_conf,7
frame_00670,val,5,low_conf,6
frame_00670,val,6,low_conf,6
frame_00671,val,0,low_conf,4
frame_00671,val,1,low_conf,7
frame_00671,val,2,low_conf,6
frame_00671,val,3,low_conf,6
frame_00671,val,4,low_conf,4
frame_00671,val,5,low_conf,4
frame_00671,val,6,low_conf,6
frame_00680,val,0,low_conf,6
frame_00680,val,1,low_conf,4
frame_00680,val,2,low_conf,5
frame_00680,val,3,usable,6
frame_00680,val,4,low_conf,4
frame_00680,val,5,low_conf,6
frame_00680,val,6,low_conf,7
frame_00680,val,7,low_conf,5
frame_00687,val,0,low_conf,5
frame_00687,val,1,low_conf,4
frame_00687,val,2,usable,6
frame_00687,val,3,low_conf,7
frame_00687,val,4,low_conf,5
frame_00687,val,5,low_conf,6
frame_00700,val,0,low_conf,5
frame_00700,val,1,usable,6
frame_00700,val,2,usable,6
frame_00700,val,3,low_conf,4
frame_00700,val,4,low_conf,6
frame_00700,val,5,low_conf,4
frame_00707,val,0,low_conf,6
frame_00707,val,1,usable,7
frame_00707,val,2,low_conf,4
frame_00707,val,3,usable,6
frame_00707,val,4,low_conf,5
frame_00707,val,5,low_conf,5
frame_00708,val,0,low_conf,6
frame_00708,val,1,usable,6
frame_00708,val,2,usable,6
frame_00708,val,3,low_conf,4
frame_00708,val,4,good,7
frame_00708,val,5,low_conf,5
frame_00708,val,6,low_conf,4
frame_00708,val,7,low_conf,6
frame_00708,val,8,low_conf,4
frame_00710,val,0,low_conf,4
frame_00710,val,1,usable,6
frame_00710,val,2,usable,6
frame_00710,val,3,usable,6
frame_00710,val,4,low_conf,4
frame_00710,val,5,low_conf,6
frame_00710,val,6,low_conf,4
frame_00720,val,0,low_conf,6
frame_00720,val,1,low_conf,5
frame_00720,val,2,usable,6
frame_00720,val,3,low_conf,6
frame_00720,val,4,usable,6
frame_00720,val,5,good,7
frame_00720,val,6,low_conf,6
frame_00720,val,7,low_conf,4
frame_00722,val,0,low_conf,5
frame_00722,val,1,low_conf,4
frame_00722,val,2,usable,6
frame_00722,val,3,low_conf,6
frame_00722,val,4,low_conf,4
frame_00722,val,5,good,6
frame_00722,val,6,low_conf,6
frame_00722,val,7,low_conf,5
frame_00727,val,0,low_conf,4
frame_00727,val,1,low_conf,5
frame_00727,val,2,good,6
frame_00727,val,3,low_conf,6
frame_00727,val,4,usable,7
frame_00727,val,5,low_conf,6
frame_00727,val,6,low_conf,4
frame_00730,val,0,low_conf,5
frame_00730,val,1,usable,6
frame_00730,val,2,good,7
frame_00730,val,3,low_conf,5
frame_00731,val,0,low_conf,4
frame_00731,val,1,low_conf,4
frame_00731,val,2,good,7
frame_00731,val,3,good,6
frame_00731,val,4,low_conf,6
frame_00731,val,5,low_conf,5
frame_00731,val,6,low_conf,4
frame_00734,val,0,low_conf,5
frame_00734,val,1,usable,6
frame_00734,val,2,good,7
frame_00734,val,3,usable,6
frame_00734,val,4,low_conf,5
frame_00734,val,5,low_conf,5
frame_00735,val,0,low_conf,4
frame_00735,val,1,low_conf,5
frame_00735,val,2,good,6
frame_00735,val,3,low_conf,4
frame_00735,val,4,low_conf,4
frame_00744,val,0,low_conf,6
frame_00744,val,1,low_conf,6
frame_00744,val,2,usable,7
frame_00744,val,3,low_conf,5
frame_00744,val,4,low_conf,4
frame_00744,val,5,low_conf,4
frame_00749,val,0,low_conf,7
frame_00749,val,1,low_conf,4
frame_00749,val,2,low_conf,6
frame_00749,val,3,usable,7
frame_00749,val,4,usable,6
frame_00749,val,5,good,7
frame_00749,val,6,low_conf,4
frame_00749,val,7,low_conf,4
frame_00749,val,8,low_conf,5
frame_00753,val,0,low_conf,6
frame_00753,val,1,low_conf,6
frame_00753,val,2,usable,7
frame_00753,val,3,low_conf,4
frame_00753,val,4,low_conf,5
frame_00753,val,5,low_conf,6
frame_00754,val,0,low_conf,6
frame_00754,val,1,low_conf,6
frame_00754,val,2,usable,6
frame_00754,val,3,good,6
frame_00754,val,4,low_conf,4
frame_00754,val,5,low_conf,6
frame_00774,val,0,low_conf,4
frame_00774,val,1,usable,6
frame_00774,val,2,usable,7
frame_00774,val,3,low_conf,6
frame_00774,val,4,good,7
frame_00774,val,5,low_conf,4
frame_00774,val,6,low_conf,4
frame_00774,val,7,low_conf,4
frame_00775,val,0,low_conf,5
frame_00775,val,1,usable,6
frame_00775,val,2,good,6
frame_00775,val,3,low_conf,6
frame_00775,val,4,low_conf,6
frame_00775,val,5,low_conf,4
frame_00787,val,0,low_conf,4
frame_00787,val,1,usable,7
frame_00787,val,2,low_conf,4
frame_00787,val,3,low_conf,5
frame_00787,val,4,low_conf,5
frame_00788,val,0,low_conf,5
frame_00788,val,1,good,6
frame_00788,val,2,usable,6
frame_00788,val,3,good,6
frame_00788,val,4,low_conf,4
frame_00788,val,5,low_conf,6
frame_00788,val,6,low_conf,6
frame_00789,val,0,usable,7
frame_00789,val,1,usable,7
frame_00789,val,2,low_conf,4
frame_00789,val,3,good,6
frame_00789,val,4,low_conf,5
frame_00789,val,5,low_conf,6
frame_00789,val,6,low_conf,5
frame_00789,val,7,low_conf,6
frame_00795,val,0,low_conf,6
frame_00795,val,1,usable,5
frame_00795,val,2,good,6
frame_00795,val,3,usable,6
frame_00795,val,4,low_conf,4
frame_00795,val,5,low_conf,4
frame_00795,val,6,low_conf,5
frame_00804,val,0,low_conf,4
frame_00804,val,1,usable,7
frame_00804,val,2,low_conf,6
frame_00804,val,3,good,7
frame_00804,val,4,low_conf,4
frame_00804,val,5,low_conf,5
frame_00804,val,6,low_conf,6
frame_00808,val,0,low_conf,6
frame_00808,val,1,low_conf,6
frame_00808,val,2,good,8
frame_00808,val,3,low_conf,4
frame_00808,val,4,low_conf,4
frame_00809,val,0,low_conf,5
frame_00809,val,1,low_conf,6
frame_00809,val,2,good,7
frame_00809,val,3,good,6
frame_00809,val,4,low_conf,4
frame_00809,val,5,low_conf,4
frame_00812,val,0,low_conf,5
frame_00812,val,1,low_conf,6
frame_00812,val,2,good,6
frame_00812,val,3,good,7
frame_00812,val,4,low_conf,4
frame_00812,val,5,low_conf,6
frame_00820,val,0,usable,5
frame_00820,val,1,usable,7
frame_00820,val,2,low_conf,6
frame_00820,val,3,low_conf,4
frame_00820,val,4,good,6
frame_00820,val,5,low_conf,4
frame_00820,val,6,low_conf,5
frame_00826,val,0,usable,7
frame_00826,val,1,low_conf,4
frame_00826,val,2,usable,5
frame_00826,val,3,low_conf,5
frame_00826,val,4,low_conf,7
frame_00826,val,5,low_conf,5
frame_00829,val,0,usable,7
frame_00829,val,1,usable,7
frame_00829,val,2,good,7
frame_00829,val,3,usable,6
frame_00829,val,4,low_conf,5
frame_00836,val,0,good,6
frame_00836,val,1,usable,6
frame_00836,val,2,usable,6
frame_00836,val,3,usable,6
frame_00836,val,4,good,7
frame_00836,val,5,usable,6
frame_00836,val,6,low_conf,4
frame_00843,val,0,good,7
frame_00843,val,1,usable,6
frame_00843,val,2,low_conf,4
frame_00843,val,3,low_conf,6
frame_00843,val,4,good,7
frame_00843,val,5,good,7
frame_00843,val,6,low_conf,6
frame_00843,val,7,low_conf,6
frame_00848,val,0,good,7
frame_00848,val,1,usable,5
frame_00848,val,2,low_conf,4
frame_00848,val,3,good,6
frame_00848,val,4,low_conf,4
frame_00848,val,5,low_conf,4
frame_00849,val,0,usable,6
frame_00849,val,1,usable,7
frame_00849,val,2,usable,7
frame_00849,val,3,low_conf,6
frame_00849,val,4,good,6
frame_00849,val,5,low_conf,4
frame_00849,val,6,low_conf,5
frame_00859,val,0,usable,6
frame_00859,val,1,usable,5
frame_00859,val,2,usable,6
frame_00859,val,3,low_conf,4
frame_00859,val,4,good,7
frame_00859,val,5,low_conf,7
frame_00859,val,6,good,7
frame_00859,val,7,low_conf,6
frame_00859,val,8,low_conf,6
frame_00859,val,9,low_conf,6
frame_00868,val,0,usable,6
frame_00868,val,1,usable,6
frame_00868,val,2,usable,6
frame_00868,val,3,low_conf,6
frame_00868,val,4,good,7
frame_00868,val,5,low_conf,6
frame_00868,val,6,low_conf,5
frame_00868,val,7,low_conf,4
frame_00872,val,0,usable,6
frame_00872,val,1,usable,6
frame_00872,val,2,usable,6
frame_00872,val,3,low_conf,6
frame_00872,val,4,good,7
frame_00872,val,5,low_conf,6
frame_00872,val,6,low_conf,5
frame_00873,val,0,usable,6
frame_00873,val,1,usable,7
frame_00873,val,2,low_conf,5
frame_00873,val,3,usable,6
frame_00873,val,4,good,6
frame_00873,val,5,low_conf,4
frame_00873,val,6,low_conf,4
frame_00873,val,7,low_conf,4
frame_00890,val,0,good,7
frame_00890,val,1,usable,7
frame_00890,val,2,usable,6
frame_00890,val,3,usable,7
frame_00890,val,4,good,6
frame_00890,val,5,low_conf,5
frame_00890,val,6,low_conf,5
frame_00890,val,7,low_conf,5
frame_00894,val,0,good,7
frame_00894,val,1,usable,6
frame_00894,val,2,usable,6
frame_00894,val,3,usable,6
frame_00894,val,4,usable,8
frame_00894,val,5,good,6
frame_00894,val,6,low_conf,4
frame_00894,val,7,low_conf,4
frame_00897,val,0,usable,7
frame_00897,val,1,usable,6
frame_00897,val,2,usable,6
frame_00897,val,3,good,7
frame_00897,val,4,low_conf,6
frame_00897,val,5,low_conf,4
frame_00897,val,6,low_conf,5
frame_00906,val,0,usable,7
frame_00906,val,1,low_conf,4
frame_00906,val,2,usable,7
frame_00906,val,3,low_conf,4
frame_00906,val,4,good,5
frame_00906,val,5,low_conf,5
frame_00906,val,6,low_conf,4
frame_00906,val,7,low_conf,4
frame_00907,val,0,usable,6
frame_00907,val,1,low_conf,4
frame_00907,val,2,usable,6
frame_00907,val,3,low_conf,4
frame_00907,val,4,good,6
frame_00907,val,5,good,6
frame_00907,val,6,low_conf,5
frame_00907,val,7,low_conf,4
frame_00907,val,8,low_conf,4
frame_00916,val,0,low_conf,4
frame_00916,val,1,usable,7
frame_00916,val,2,usable,5
frame_00916,val,3,low_conf,6
frame_00916,val,4,low_conf,5
frame_00916,val,5,low_conf,5
frame_00923,val,0,low_conf,5
frame_00923,val,1,low_conf,6
frame_00923,val,2,usable,6
frame_00923,val,3,low_conf,4
frame_00923,val,4,low_conf,6
frame_00923,val,5,low_conf,6
frame_00923,val,6,low_conf,5
frame_00926,val,0,low_conf,4
frame_00926,val,1,low_conf,6
frame_00926,val,2,usable,5
frame_00926,val,3,low_conf,7
frame_00926,val,4,low_conf,7
frame_00926,val,5,low_conf,4
frame_00926,val,6,low_conf,5
frame_00926,val,7,low_conf,6
frame_00939,val,0,low_conf,4
frame_00939,val,1,usable,7
frame_00939,val,2,usable,6
frame_00939,val,3,low_conf,4
frame_00939,val,4,usable,6
frame_00939,val,5,good,6
frame_00939,val,6,low_conf,6
frame_00939,val,7,low_conf,6
frame_00943,val,0,low_conf,6
frame_00943,val,1,usable,6
frame_00943,val,2,low_conf,6
frame_00943,val,3,usable,6
frame_00943,val,4,usable,7
frame_00943,val,5,good,6
frame_00943,val,6,low_conf,5
frame_00943,val,7,low_conf,4
frame_00943,val,8,low_conf,6
frame_00957,val,0,usable,6
frame_00957,val,1,good,6
frame_00957,val,2,low_conf,5
frame_00957,val,3,good,6
frame_00957,val,4,low_conf,5
frame_00957,val,5,low_conf,4
frame_00957,val,6,low_conf,5
frame_00962,val,0,usable,6
frame_00962,val,1,low_conf,5
frame_00962,val,2,usable,6
frame_00962,val,3,low_conf,4
frame_00962,val,4,low_conf,5
frame_00962,val,5,low_conf,6
frame_00962,val,6,low_conf,4
frame_00965,val,0,low_conf,4
frame_00965,val,1,low_conf,6
frame_00965,val,2,low_conf,6
frame_00965,val,3,usable,6
frame_00965,val,4,low_conf,4
frame_00965,val,5,good,6
frame_00965,val,6,low_conf,6
frame_00965,val,7,low_conf,4
frame_00965,val,8,low_conf,5
frame_00967,val,0,low_conf,4
frame_00967,val,1,low_conf,5
frame_00967,val,2,usable,7
frame_00967,val,3,usable,6
frame_00967,val,4,low_conf,5
frame_00967,val,5,low_conf,6
frame_00968,val,0,low_conf,6
frame_00968,val,1,low_conf,6
frame_00968,val,2,low_conf,4
frame_00968,val,3,usable,6
frame_00968,val,4,usable,6
frame_00968,val,5,low_conf,5
frame_00968,val,6,low_conf,5
frame_00968,val,7,low_conf,5
frame_00973,val,0,low_conf,5
frame_00973,val,1,low_conf,5
frame_00973,val,2,usable,6
frame_00973,val,3,usable,6
frame_00973,val,4,low_conf,4
frame_00973,val,5,low_conf,4
frame_00981,val,0,low_conf,4
frame_00981,val,1,low_conf,5
frame_00981,val,2,usable,7
frame_00981,val,3,good,6
frame_00981,val,4,low_conf,6
frame_00981,val,5,low_conf,5
frame_00986,val,0,low_conf,6
frame_00986,val,1,low_conf,5
frame_00986,val,2,low_conf,4
frame_00986,val,3,low_conf,5
frame_00986,val,4,good,6
frame_00986,val,5,low_conf,4
frame_00986,val,6,low_conf,5
frame_00986,val,7,low_conf,7
frame_00990,val,0,low_conf,4
frame_00990,val,1,low_conf,5
frame_00990,val,2,usable,6
frame_00990,val,3,usable,6
frame_00990,val,4,usable,6
frame_00990,val,5,low_conf,4
frame_00990,val,6,low_conf,6
frame_01002,val,0,low_conf,7
frame_01002,val,1,good,6
frame_01002,val,2,usable,6
frame_01002,val,3,usable,8
frame_01002,val,4,good,6
frame_01002,val,5,low_conf,4
frame_01002,val,6,low_conf,4
frame_01002,val,7,low_conf,7
frame_01005,val,0,low_conf,4
frame_01005,val,1,low_conf,5
frame_01005,val,2,usable,6
frame_01005,val,3,low_conf,7
frame_01005,val,4,low_conf,5
frame_01005,val,5,low_conf,5
frame_01005,val,6,low_conf,4
frame_01010,val,0,low_conf,7
frame_01010,val,1,low_conf,4
frame_01010,val,2,usable,6
frame_01010,val,3,usable,6
frame_01010,val,4,low_conf,6
frame_01010,val,5,low_conf,4
frame_01020,val,0,low_conf,6
frame_01020,val,1,low_conf,5
frame_01020,val,2,usable,7
frame_01020,val,3,usable,7
frame_01020,val,4,usable,6
frame_01020,val,5,low_conf,6
frame_01020,val,6,low_conf,5
frame_01020,val,7,low_conf,6
frame_01022,val,0,usable,6
frame_01022,val,1,low_conf,6
frame_01022,val,2,usable,6
frame_01022,val,3,usable,6
frame_01022,val,4,usable,7
frame_01022,val,5,good,6
frame_01022,val,6,low_conf,6
frame_01022,val,7,low_conf,4
frame_01022,val,8,low_conf,6
frame_01024,val,0,low_conf,5
frame_01024,val,1,low_conf,6
frame_01024,val,2,usable,6
frame_01024,val,3,usable,6
frame_01024,val,4,usable,8
frame_01024,val,5,usable,6
frame_01024,val,6,usable,6
frame_01024,val,7,low_conf,5
frame_01024,val,8,low_conf,4
frame_01024,val,9,low_conf,5
frame_01025,val,0,low_conf,6
frame_01025,val,1,low_conf,6
frame_01025,val,2,usable,6
frame_01025,val,3,usable,6
frame_01025,val,4,usable,7
frame_01025,val,5,usable,6
frame_01025,val,6,usable,5
frame_01035,val,0,low_conf,6
frame_01035,val,1,low_conf,6
frame_01035,val,2,low_conf,8
frame_01035,val,3,low_conf,6
frame_01035,val,4,usable,6
frame_01035,val,5,low_conf,4
frame_01037,val,0,low_conf,6
frame_01037,val,1,low_conf,6
frame_01037,val,2,low_conf,4
frame_01037,val,3,usable,5
frame_01037,val,4,good,6
frame_01037,val,5,good,6
frame_01037,val,6,low_conf,4
frame_01037,val,7,low_conf,4
frame_01037,val,8,low_conf,6
frame_01050,val,0,low_conf,5
frame_01050,val,1,usable,6
frame_01050,val,2,low_conf,7
frame_01050,val,3,low_conf,5
frame_01050,val,4,good,6
frame_01050,val,5,good,6
frame_01050,val,6,low_conf,4
frame_01050,val,7,low_conf,4
frame_01050,val,8,low_conf,5
frame_01062,val,0,low_conf,5
frame_01062,val,1,usable,6
frame_01062,val,2,usable,6
frame_01062,val,3,low_conf,5
frame_01062,val,4,good,6
frame_01062,val,5,good,6
frame_01062,val,6,low_conf,5
frame_01062,val,7,low_conf,5
frame_01062,val,8,low_conf,5
frame_01067,val,0,low_conf,6
frame_01067,val,1,low_conf,6
frame_01067,val,2,usable,6
frame_01067,val,3,usable,6
frame_01067,val,4,low_conf,6
frame_01067,val,5,good,7
frame_01067,val,6,good,7
frame_01067,val,7,low_conf,4
frame_01067,val,8,low_conf,5
frame_01067,val,9,low_conf,5
frame_01069,val,0,low_conf,5
frame_01069,val,1,low_conf,7
frame_01069,val,2,good,6
frame_01069,val,3,usable,6
frame_01069,val,4,low_conf,6
frame_01069,val,5,usable,7
frame_01069,val,6,low_conf,4
frame_01069,val,7,low_conf,6
frame_01074,val,0,low_conf,4
frame_01074,val,1,usable,6
frame_01074,val,2,good,6
frame_01074,val,3,usable,6
frame_01074,val,4,low_conf,5
frame_01074,val,5,usable,6
frame_01074,val,6,good,7
frame_01074,val,7,low_conf,4
frame_01074,val,8,low_conf,6
frame_01075,val,0,low_conf,4
frame_01075,val,1,usable,6
frame_01075,val,2,usable,6
frame_01075,val,3,usable,6
frame_01075,val,4,low_conf,5
frame_01075,val,5,good,6
frame_01075,val,6,low_conf,5
frame_01075,val,7,low_conf,7
frame_01075,val,8,low_conf,5
frame_01081,val,0,low_conf,5
frame_01081,val,1,usable,5
frame_01081,val,2,usable,6
frame_01081,val,3,low_conf,4
frame_01081,val,4,usable,7
frame_01081,val,5,good,7
frame_01081,val,6,low_conf,6
frame_01081,val,7,low_conf,4
frame_01081,val,8,low_conf,5
frame_01087,val,0,low_conf,5
frame_01087,val,1,usable,6
frame_01087,val,2,usable,6
frame_01087,val,3,usable,6
frame_01087,val,4,low_conf,4
frame_01087,val,5,good,6
frame_01087,val,6,good,7
frame_01087,val,7,low_conf,4
frame_01087,val,8,low_conf,4
frame_01087,val,9,low_conf,4
frame_01088,val,0,low_conf,5
frame_01088,val,1,usable,6
frame_01088,val,2,usable,7
frame_01088,val,3,usable,6
frame_01088,val,4,low_conf,4
frame_01088,val,5,good,6
frame_01088,val,6,good,6
frame_01088,val,7,low_conf,4
frame_01088,val,8,low_conf,6
frame_01088,val,9,low_conf,5
frame_01093,val,0,low_conf,4
frame_01093,val,1,usable,6
frame_01093,val,2,usable,8
frame_01093,val,3,low_conf,5
frame_01093,val,4,low_conf,4
frame_01093,val,5,good,6
frame_01093,val,6,good,6
frame_01093,val,7,low_conf,4
frame_01093,val,8,low_conf,5
frame_01093,val,9,low_conf,6
frame_01104,val,0,usable,5
frame_01104,val,1,low_conf,5
frame_01104,val,2,usable,6
frame_01104,val,3,low_conf,4
frame_01104,val,4,low_conf,5
frame_01104,val,5,low_conf,6
frame_01104,val,6,low_conf,5
frame_01104,val,7,low_conf,5
frame_01120,val,0,usable,7
frame_01120,val,1,low_conf,5
frame_01120,val,2,usable,6
frame_01120,val,3,low_conf,6
frame_01120,val,4,low_conf,5
frame_01120,val,5,good,6
frame_01120,val,6,low_conf,6
frame_01120,val,7,low_conf,4
frame_01132,val,0,usable,6
frame_01132,val,1,low_conf,4
frame_01132,val,2,good,7
frame_01132,val,3,usable,5
frame_01132,val,4,usable,6
frame_01132,val,5,good,6
frame_01132,val,6,low_conf,6
frame_01132,val,7,low_conf,5
frame_01132,val,8,low_conf,7
frame_01138,val,0,usable,7
frame_01138,val,1,low_conf,5
frame_01138,val,2,good,6
frame_01138,val,3,low_conf,4
frame_01138,val,4,usable,6
frame_01138,val,5,good,6
frame_01138,val,6,low_conf,4
frame_01138,val,7,low_conf,4
frame_01138,val,8,usable,6
frame_01143,val,0,usable,5
frame_01143,val,1,low_conf,7
frame_01143,val,2,good,8
frame_01143,val,3,usable,5
frame_01143,val,4,usable,5
frame_01143,val,5,good,7
frame_01143,val,6,low_conf,4
frame_01143,val,7,low_conf,4
frame_01143,val,8,low_conf,5
frame_01143,val,9,usable,6
frame_01153,val,0,usable,6
frame_01153,val,1,usable,6
frame_01153,val,2,usable,6
frame_01153,val,3,low_conf,5
frame_01153,val,4,low_conf,4
frame_01153,val,5,good,6
frame_01153,val,6,low_conf,5
frame_01153,val,7,usable,5
frame_01166,val,0,usable,6
frame_01166,val,1,low_conf,4
frame_01166,val,2,usable,6
frame_01166,val,3,usable,7
frame_01166,val,4,low_conf,5
frame_01166,val,5,low_conf,4
frame_01166,val,6,low_conf,5
frame_01166,val,7,low_conf,4
frame_01168,val,0,usable,5
frame_01168,val,1,low_conf,4
frame_01168,val,2,usable,6
frame_01168,val,3,low_conf,5
frame_01168,val,4,low_conf,5
frame_01168,val,5,good,7
frame_01168,val,6,low_conf,5
frame_01168,val,7,low_conf,4
frame_01172,val,0,usable,5
frame_01172,val,1,low_conf,5
frame_01172,val,2,low_conf,5
frame_01172,val,3,low_conf,4
frame_01172,val,4,low_conf,4
frame_01172,val,5,good,6
frame_01172,val,6,low_conf,4
frame_01172,val,7,low_conf,5
frame_01173,val,0,usable,6
frame_01173,val,1,low_conf,6
frame_01173,val,2,low_conf,5
frame_01173,val,3,low_conf,4
frame_01173,val,4,low_conf,5
frame_01173,val,5,good,7
frame_01173,val,6,low_conf,4
frame_01173,val,7,low_conf,5
frame_01175,val,0,usable,6
frame_01175,val,1,low_conf,7
frame_01175,val,2,usable,6
frame_01175,val,3,low_conf,6
frame_01175,val,4,low_conf,5
frame_01175,val,5,low_conf,5
frame_01175,val,6,low_conf,4
frame_01175,val,7,low_conf,5
frame_01182,val,0,usable,5
frame_01182,val,1,good,6
frame_01182,val,2,low_conf,4
frame_01182,val,3,low_conf,6
frame_01182,val,4,low_conf,4
frame_01182,val,5,low_conf,4
frame_01188,val,0,usable,6
frame_01188,val,1,low_conf,4
frame_01188,val,2,good,6
frame_01188,val,3,low_conf,5
frame_01188,val,4,low_conf,5
frame_01188,val,5,low_conf,5
frame_01188,val,6,low_conf,5
frame_01189,val,0,low_conf,5
frame_01189,val,1,low_conf,4
frame_01189,val,2,low_conf,5
frame_01189,val,3,usable,5
frame_01189,val,4,low_conf,5
frame_01189,val,5,good,7
frame_01189,val,6,low_conf,5
frame_01191,val,0,low_conf,5
frame_01191,val,1,low_conf,4
frame_01191,val,2,good,7
frame_01191,val,3,low_conf,5
frame_01191,val,4,usable,8
frame_01191,val,5,low_conf,4
frame_01191,val,6,low_conf,5
frame_01195,val,0,low_conf,5
frame_01195,val,1,low_conf,4
frame_01195,val,2,good,6
frame_01195,val,3,low_conf,5
frame_01195,val,4,usable,5
frame_01195,val,5,low_conf,6
frame_01195,val,6,low_conf,5
frame_01198,val,0,usable,7
frame_01198,val,1,low_conf,5
frame_01198,val,2,usable,6
frame_01198,val,3,usable,5
frame_01198,val,4,usable,7
frame_01198,val,5,low_conf,4
frame_01198,val,6,low_conf,6
frame_01198,val,7,low_conf,6
frame_01198,val,8,low_conf,7
frame_01199,val,0,usable,5
frame_01199,val,1,low_conf,4
frame_01199,val,2,low_conf,4
frame_01199,val,3,low_conf,5
frame_01199,val,4,low_conf,4
frame_01199,val,5,good,6
frame_01199,val,6,low_conf,4
frame_01225,val,0,low_conf,5
frame_01225,val,1,low_conf,5
frame_01225,val,2,usable,6
frame_01225,val,3,usable,7
frame_01225,val,4,usable,6
frame_01225,val,5,good,6
frame_01225,val,6,low_conf,6
frame_01225,val,7,low_conf,6
frame_01225,val,8,low_conf,5
frame_01225,val,9,low_conf,6
frame_01229,val,0,low_conf,4
frame_01229,val,1,low_conf,7
frame_01229,val,2,usable,6
frame_01229,val,3,usable,7
frame_01229,val,4,usable,8
frame_01229,val,5,usable,6
frame_01229,val,6,low_conf,4
frame_01229,val,7,low_conf,4
frame_01229,val,8,low_conf,4
frame_01233,val,0,low_conf,5
frame_01233,val,1,low_conf,4
frame_01233,val,2,usable,6
frame_01233,val,3,usable,5
frame_01233,val,4,good,6
frame_01233,val,5,usable,5
frame_01233,val,6,low_conf,6
frame_01233,val,7,low_conf,6
frame_01235,val,0,usable,6
frame_01235,val,1,low_conf,4
frame_01235,val,2,usable,6
frame_01235,val,3,low_conf,6
frame_01235,val,4,usable,5
frame_01235,val,5,usable,6
frame_01235,val,6,usable,6
frame_01235,val,7,low_conf,5
frame_01242,val,0,low_conf,6
frame_01242,val,1,low_conf,6
frame_01242,val,2,low_conf,8
frame_01242,val,3,low_conf,6
frame_01242,val,4,usable,6
frame_01242,val,5,low_conf,4
frame_01243,val,0,low_conf,6
frame_01243,val,1,low_conf,6
frame_01243,val,2,usable,7
frame_01243,val,3,usable,5
frame_01243,val,4,good,7
frame_01243,val,5,good,6
frame_01243,val,6,low_conf,5
frame_01244,val,0,low_conf,6
frame_01244,val,1,low_conf,6
frame_01244,val,2,low_conf,5
frame_01244,val,3,low_conf,4
frame_01244,val,4,good,7
frame_01244,val,5,good,6
frame_01244,val,6,low_conf,5
frame_01244,val,7,low_conf,6
frame_01245,val,0,low_conf,5
frame_01245,val,1,low_conf,6
frame_01245,val,2,low_conf,4
frame_01245,val,3,usable,5
frame_01245,val,4,good,7
frame_01245,val,5,good,7
frame_01245,val,6,low_conf,4
frame_01245,val,7,low_conf,4
frame_01260,val,0,low_conf,5
frame_01260,val,1,usable,6
frame_01260,val,2,low_conf,7
frame_01260,val,3,low_conf,5
frame_01260,val,4,good,6
frame_01260,val,5,good,6
frame_01260,val,6,low_conf,4
frame_01260,val,7,low_conf,4
frame_01260,val,8,low_conf,5
frame_01277,val,0,low_conf,6
frame_01277,val,1,usable,6
frame_01277,val,2,good,6
frame_01277,val,3,low_conf,5
frame_01277,val,4,good,6
frame_01277,val,5,good,7
frame_01277,val,6,low_conf,5
frame_01277,val,7,low_conf,6
frame_01282,val,0,low_conf,6
frame_01282,val,1,low_conf,7
frame_01282,val,2,good,6
frame_01282,val,3,usable,6
frame_01282,val,4,good,6
frame_01282,val,5,good,7
frame_01282,val,6,low_conf,5
frame_01282,val,7,low_conf,6
frame_01296,val,0,low_conf,5
frame_01296,val,1,usable,5
frame_01296,val,2,usable,6
frame_01296,val,3,usable,6
frame_01296,val,4,low_conf,4
frame_01296,val,5,good,6
frame_01296,val,6,low_conf,5
frame_01296,val,7,low_conf,4
frame_01297,val,0,low_conf,5
frame_01297,val,1,usable,5
frame_01297,val,2,low_conf,6
frame_01297,val,3,usable,6
frame_01297,val,4,low_conf,4
frame_01297,val,5,usable,6
frame_01297,val,6,good,7
frame_01297,val,7,low_conf,6
frame_01297,val,8,low_conf,4
frame_01297,val,9,low_conf,5
frame_01302,val,0,low_conf,5
frame_01302,val,1,usable,5
frame_01302,val,2,usable,6
frame_01302,val,3,usable,8
frame_01302,val,4,low_conf,4
frame_01302,val,5,usable,7
frame_01302,val,6,low_conf,4
frame_01302,val,7,low_conf,5
frame_01302,val,8,low_conf,6
frame_01305,val,0,low_conf,6
frame_01305,val,1,usable,6
frame_01305,val,2,usable,7
frame_01305,val,3,usable,7
frame_01305,val,4,low_conf,4
frame_01305,val,5,good,6
frame_01305,val,6,low_conf,5
frame_01305,val,7,low_conf,4
frame_01305,val,8,low_conf,6
frame_01306,val,0,low_conf,5
frame_01306,val,1,usable,6
frame_01306,val,2,usable,6
frame_01306,val,3,usable,6
frame_01306,val,4,low_conf,4
frame_01306,val,5,good,5
frame_01306,val,6,good,8
frame_01306,val,7,low_conf,4
frame_01306,val,8,low_conf,6
frame_01306,val,9,low_conf,5
frame_01315,val,0,low_conf,4
frame_01315,val,1,usable,7
frame_01315,val,2,usable,6
frame_01315,val,3,low_conf,5
frame_01315,val,4,low_conf,4
frame_01315,val,5,good,6
frame_01315,val,6,good,7
frame_01315,val,7,low_conf,4
frame_01315,val,8,low_conf,6
frame_01315,val,9,low_conf,5
frame_01318,val,0,usable,5
frame_01318,val,1,low_conf,5
frame_01318,val,2,usable,5
frame_01318,val,3,low_conf,6
frame_01318,val,4,low_conf,5
frame_01318,val,5,usable,6
frame_01318,val,6,good,6
frame_01318,val,7,low_conf,5
frame_01318,val,8,low_conf,5
frame_01318,val,9,low_conf,5
frame_01323,val,0,usable,7
frame_01323,val,1,low_conf,4
frame_01323,val,2,usable,6
frame_01323,val,3,low_conf,5
frame_01323,val,4,low_conf,5
frame_01323,val,5,good,6
frame_01323,val,6,low_conf,5
frame_01323,val,7,low_conf,5
frame_01324,val,0,usable,5
frame_01324,val,1,low_conf,5
frame_01324,val,2,usable,6
frame_01324,val,3,low_conf,5
frame_01324,val,4,low_conf,6
frame_01324,val,5,low_conf,4
frame_01324,val,6,low_conf,4
frame_01328,val,0,usable,6
frame_01328,val,1,low_conf,4
frame_01328,val,2,usable,6
frame_01328,val,3,low_conf,5
frame_01328,val,4,usable,7
frame_01328,val,5,good,6
frame_01328,val,6,low_conf,5
frame_01328,val,7,low_conf,6
frame_01328,val,8,low_conf,4
frame_01331,val,0,usable,7
frame_01331,val,1,low_conf,4
frame_01331,val,2,usable,6
frame_01331,val,3,low_conf,5
frame_01331,val,4,usable,5
frame_01331,val,5,low_conf,4
frame_01331,val,6,low_conf,4
frame_01342,val,0,usable,6
frame_01342,val,1,low_conf,4
frame_01342,val,2,good,6
frame_01342,val,3,usable,6
frame_01342,val,4,low_conf,5
frame_01342,val,5,good,6
frame_01342,val,6,low_conf,4
frame_01342,val,7,low_conf,4
frame_01342,val,8,low_conf,5
frame_01344,val,0,usable,7
frame_01344,val,1,low_conf,5
frame_01344,val,2,usable,6
frame_01344,val,3,low_conf,6
frame_01344,val,4,low_conf,5
frame_01344,val,5,good,6
frame_01344,val,6,low_conf,6
frame_01344,val,7,low_conf,4
frame_01347,val,0,usable,5
frame_01347,val,1,low_conf,4
frame_01347,val,2,low_conf,7
frame_01347,val,3,usable,5
frame_01347,val,4,good,6
frame_01347,val,5,low_conf,4
frame_01347,val,6,low_conf,6
frame_01349,val,0,low_conf,4
frame_01349,val,1,usable,7
frame_01349,val,2,low_conf,6
frame_01349,val,3,usable,7
frame_01349,val,4,low_conf,4
frame_01349,val,5,low_conf,5
frame_01358,val,0,usable,6
frame_01358,val,1,low_conf,4
frame_01358,val,2,usable,6
frame_01358,val,3,usable,5
frame_01358,val,4,good,7
frame_01358,val,5,low_conf,5
frame_01358,val,6,low_conf,6
frame_01358,val,7,low_conf,5
frame_01358,val,8,low_conf,6
frame_01369,val,0,usable,5
frame_01369,val,1,low_conf,5
frame_01369,val,2,usable,6
frame_01369,val,3,usable,5
frame_01369,val,4,usable,6
frame_01369,val,5,good,6
frame_01369,val,6,low_conf,4
frame_01369,val,7,low_conf,4
frame_01369,val,8,low_conf,5
frame_01369,val,9,usable,5
frame_01373,val,0,usable,6
frame_01373,val,1,low_conf,6
frame_01373,val,2,good,7
frame_01373,val,3,usable,5
frame_01373,val,4,usable,6
frame_01373,val,5,good,7
frame_01373,val,6,low_conf,5
frame_01373,val,7,low_conf,4
frame_01373,val,8,low_conf,6
frame_01373,val,9,usable,6
frame_01375,val,0,usable,6
frame_01375,val,1,low_conf,6
frame_01375,val,2,usable,6
frame_01375,val,3,usable,6
frame_01375,val,4,good,6
frame_01375,val,5,low_conf,4
frame_01375,val,6,low_conf,5
frame_01375,val,7,usable,6
frame_01376,val,0,usable,6
frame_01376,val,1,low_conf,6
frame_01376,val,2,low_conf,6
frame_01376,val,3,usable,6
frame_01376,val,4,good,6
frame_01376,val,5,low_conf,5
frame_01376,val,6,low_conf,5
frame_01376,val,7,low_conf,4
frame_01376,val,8,usable,5
frame_01391,val,0,usable,7
frame_01391,val,1,low_conf,4
frame_01391,val,2,usable,6
frame_01391,val,3,low_conf,4
frame_01391,val,4,low_conf,5
frame_01391,val,5,usable,7
frame_01391,val,6,low_conf,7
frame_01397,val,0,usable,6
frame_01397,val,1,low_conf,4
frame_01397,val,2,usable,7
frame_01397,val,3,low_conf,5
frame_01397,val,4,low_conf,4
frame_01397,val,5,usable,7
frame_01397,val,6,low_conf,5
frame_01397,val,7,low_conf,5
frame_01399,val,0,usable,6
frame_01399,val,1,low_conf,4
frame_01399,val,2,usable,6
frame_01399,val,3,low_conf,5
frame_01399,val,4,low_conf,4
frame_01399,val,5,low_conf,5
frame_01399,val,6,low_conf,4
frame_01400,val,0,usable,6
frame_01400,val,1,low_conf,4
frame_01400,val,2,usable,6
frame_01400,val,3,usable,7
frame_01400,val,4,low_conf,6
frame_01400,val,5,low_conf,5
frame_01400,val,6,low_conf,5
frame_01400,val,7,low_conf,7
frame_01403,val,0,usable,6
frame_01403,val,1,low_conf,5
frame_01403,val,2,usable,6
frame_01403,val,3,low_conf,5
frame_01403,val,4,low_conf,5
frame_01403,val,5,usable,6
frame_01403,val,6,low_conf,5
frame_01403,val,7,low_conf,7
frame_01408,val,0,usable,5
frame_01408,val,1,low_conf,6
frame_01408,val,2,low_conf,4
frame_01408,val,3,low_conf,4
frame_01408,val,4,low_conf,5
frame_01408,val,5,good,6
frame_01408,val,6,low_conf,4
frame_01408,val,7,low_conf,4
frame_01411,val,0,low_conf,5
frame_01411,val,1,low_conf,5
frame_01411,val,2,good,7
frame_01411,val,3,low_conf,8
frame_01411,val,4,low_conf,5
frame_01411,val,5,low_conf,6
frame_01411,val,6,low_conf,4
frame_01415,val,0,usable,7
frame_01415,val,1,low_conf,6
frame_01415,val,2,low_conf,6
frame_01415,val,3,low_conf,6
frame_01415,val,4,low_conf,4
frame_01415,val,5,low_conf,5
frame_01419,val,0,usable,5
frame_01419,val,1,good,6
frame_01419,val,2,low_conf,4
frame_01419,val,3,low_conf,6
frame_01419,val,4,low_conf,5
frame_01419,val,5,low_conf,4
frame_01419,val,6,low_conf,4
frame_01420,val,0,low_conf,4
frame_01420,val,1,low_conf,4
frame_01420,val,2,low_conf,4
frame_01420,val,3,low_conf,6
frame_01420,val,4,low_conf,4
frame_01420,val,5,good,7
frame_01420,val,6,low_conf,4
frame_01420,val,7,low_conf,4
frame_01431,val,0,usable,6
frame_01431,val,1,low_conf,4
frame_01431,val,2,good,6
frame_01431,val,3,low_conf,6
frame_01431,val,4,low_conf,6
frame_01431,val,5,low_conf,6
frame_01431,val,6,low_conf,5
frame_01431,val,7,low_conf,5
frame_01436,val,0,usable,6
frame_01436,val,1,low_conf,6
frame_01436,val,2,usable,6
frame_01436,val,3,low_conf,5
frame_01436,val,4,low_conf,7
frame_01436,val,5,low_conf,4
frame_01436,val,6,low_conf,4
frame_01436,val,7,low_conf,5
frame_01441,val,0,usable,7
frame_01441,val,1,low_conf,4
frame_01441,val,2,usable,8
frame_01441,val,3,low_conf,6
frame_01441,val,4,low_conf,4
frame_01441,val,5,low_conf,5
frame_01441,val,6,good,6
frame_01441,val,7,low_conf,6
