jelly_id,frame_idx,x_center,y_center,width,height,marked,nb_pixels
1,0,653.1,684.25,13.7,11.96,0,163.85
2,0,524.62,148.89,14.03,9.3,0,130.48
3,0,1129.86,486.32,14.67,11.15,0,163.58
4,0,967.81,593.19,11.89,11.49,0,136.66
5,0,726.66,552.38,15.46,10.53,0,162.8
1,1,653.23,684.14,13.5,11.78,0,159.09
2,1,524.17,149.04,14.49,9.62,0,139.32
3,1,1130.24,486.36,14.78,11.24,0,166.01
4,1,967.97,593.87,11.92,11.51,0,137.26
5,1,727.54,552.23,16.09,10.97,0,176.55
1,2,653.32,684.04,13.54,11.81,0,159.91
2,2,523.77,149.18,14.51,9.65,0,139.93
3,2,1130.99,486.28,14.79,11.26,0,166.47
4,2,968.36,595.02,11.59,11.17,0,129.41
5,2,728.13,552.13,16.15,11.05,0,178.5
1,3,653.79,683.76,13.44,11.71,0,157.46
2,3,522.82,149.19,14.22,9.47,0,134.64
3,3,1131.76,486.46,14.56,11.08,0,161.32
4,3,968.98,596.7,11.61,11.2,0,129.99
5,3,729.6,551.71,15.82,10.88,0,172.12
1,4,654.47,683.39,13.31,11.57,0,154.04
2,4,521.12,149.07,13.64,9.1,0,124.16
3,4,1132.43,486.33,14.72,11.22,0,165.12
4,4,969.38,597.83,11.97,11.55,0,138.26
5,4,731.13,551.57,16.22,11.22,0,181.93
1,5,654.87,683.13,13.16,11.38,0,149.73
2,5,520.16,149.28,14.45,9.66,0,139.53
3,5,1133.15,486.19,14.69,11.2,0,164.56
4,5,969.81,598.62,11.76,11.34,0,133.28
5,5,732.45,551.1,15.82,10.98,0,173.73
1,6,655.28,682.69,13.31,11.45,0,152.46
2,6,519.57,149.45,14.33,9.58,0,137.33
3,6,1133.6,485.98,14.77,11.28,0,166.56
4,6,970.1,599.4,11.53,11.1,0,127.92
5,6,733.83,551.02,15.2,10.64,0,161.74
1,7,655.58,682.3,13.5,11.6,0,156.6
2,7,518.88,149.74,14.59,9.8,0,142.99
3,7,1134.31,485.8,14.84,11.35,0,168.35
4,7,970.68,600.49,11.54,11.11,0,128.2
5,7,734.74,550.51,16.03,11.29,0,181.02
1,8,655.92,682.09,13.76,11.79,0,162.2
2,8,518.0,150.04,14.7,9.92,0,145.85
3,8,1135.23,485.58,14.93,11.46,0,171.04
4,8,970.98,601.63,11.8,11.36,0,134.11
5,8,736.26,549.87,16.48,11.7,0,192.86
1,9,656.55,681.81,13.66,11.68,0,159.55
2,9,517.04,150.15,14.79,10.04,0,148.51
3,9,1135.92,485.42,14.95,11.5,0,171.86
4,9,971.61,602.44,11.9,11.45,0,136.26
5,9,737.68,549.92,16.71,11.99,0,200.34
1,10,657.07,681.56,13.57,11.57,0,157.01
2,10,516.44,150.18,14.49,9.87,0,143.06
3,10,1136.61,485.26,14.92,11.47,0,171.07
4,10,972.05,603.52,11.83,11.39,0,134.69
5,10,738.92,549.84,16.47,11.93,0,196.51
1,11,657.55,681.35,13.89,11.86,0,164.68
2,11,516.05,150.12,14.13,9.6,0,135.71
3,11,1137.47,485.23,15.01,11.54,0,173.26
4,11,972.56,604.54,11.57,11.11,0,128.53
5,11,740.12,549.27,16.37,11.92,0,195.04
1,12,657.88,680.88,13.94,11.88,0,165.54
2,12,515.19,150.29,14.31,9.73,0,139.32
3,12,1138.21,484.99,15.06,11.61,0,174.87
4,12,972.86,605.57,11.85,11.36,0,134.63
5,12,741.54,548.81,15.93,11.68,0,186.05
1,13,658.28,680.41,13.89,11.86,0,164.67
2,13,513.96,150.58,13.83,9.32,0,128.85
3,13,1139.09,484.57,15.12,11.64,0,175.97
4,13,973.13,606.37,12.13,11.58,0,140.39
5,13,742.97,548.33,15.28,11.24,0,171.78
1,14,658.95,679.9,13.61,11.63,0,158.32
2,14,513.11,150.66,13.93,9.25,0,128.85
3,14,1139.96,484.28,15.1,11.62,0,175.48
4,14,973.9,607.32,11.88,11.31,0,134.37
5,14,744.58,548.0,15.38,11.4,0,175.34
1,15,659.67,679.58,13.36,11.42,0,152.65
2,15,511.96,150.52,13.58,8.98,0,121.87
3,15,1140.62,484.17,15.16,11.66,0,176.82
4,15,974.64,608.21,11.95,11.41,0,136.3
5,15,745.91,547.9,15.0,11.22,0,168.29
1,16,660.14,679.51,13.58,11.58,0,157.34
2,16,511.18,150.74,13.57,8.96,0,121.49
3,16,1141.48,483.99,15.04,11.53,0,173.33
4,16,975.18,609.1,12.11,11.49,0,139.1
5,16,747.25,547.93,14.71,11.03,0,162.19
1,17,660.69,679.3,13.74,11.73,0,161.23
2,17,510.49,151.12,14.08,9.36,0,131.77
3,17,1142.39,483.76,14.97,11.45,0,171.39
4,17,975.61,609.91,12.21,11.57,0,141.24
5,17,748.66,547.57,14.87,11.18,0,166.23
1,18,661.26,679.04,13.74,11.74,0,161.32
2,18,510.09,151.57,14.74,9.86,0,145.38
3,18,1143.49,483.48,14.59,11.15,0,162.68
4,18,976.38,611.43,11.77,11.18,0,131.61
5,18,750.43,547.34,14.74,11.11,0,163.79
1,19,661.73,678.74,13.76,11.81,0,162.59
2,19,509.65,152.06,14.8,9.87,0,146.0
3,19,1144.11,483.42,14.74,11.25,0,165.78
4,19,976.92,612.33,11.67,11.08,0,129.32
5,19,751.94,546.94,14.77,11.17,0,164.97
1,20,662.13,678.34,13.97,12.07,0,168.58
2,20,509.08,152.29,14.73,9.8,0,144.34
3,20,1144.67,483.29,14.75,11.25,0,165.89
4,20,977.59,613.51,11.61,11.03,0,128.07
5,20,753.07,546.47,14.8,11.23,0,166.29
1,21,662.55,678.14,14.04,12.15,0,170.53
2,21,508.3,152.44,14.54,9.69,0,140.81
3,21,1145.29,483.19,14.6,11.15,0,162.78
4,21,978.0,614.28,11.57,11.01,0,127.41
5,21,754.59,546.64,14.61,11.14,0,162.7
1,22,662.87,678.03,14.15,12.25,0,173.42
2,22,507.41,152.63,14.0,9.37,0,131.12
3,22,1146.22,483.05,14.82,11.36,0,168.29
4,22,978.24,614.93,11.41,10.83,0,123.61
5,22,755.86,546.24,14.96,11.43,0,171.11
10,22,708.8,493.91,10.92,7.21,0,78.73
1,23,663.14,677.93,14.36,12.48,0,179.19
2,23,506.54,153.11,14.37,9.67,0,138.98
3,23,1147.06,482.96,15.23,11.73,0,178.77
4,23,978.75,615.88,11.0,10.44,0,114.8
5,23,757.54,546.19,14.68,11.18,0,164.1
10,23,708.51,493.49,10.2,6.73,0,68.68
1,24,663.52,677.64,14.36,12.56,0,180.45
2,24,505.6,153.58,14.41,9.79,0,141.05
3,24,1147.67,482.87,15.19,11.76,0,178.69
4,24,979.2,617.03,11.2,10.63,0,119.01
5,24,758.92,545.79,14.29,10.84,0,154.8
10,24,708.3,493.51,10.64,7.02,0,74.7
1,25,663.89,677.44,14.31,12.56,0,179.78
2,25,504.48,154.05,13.88,9.51,0,132.03
3,25,1148.19,482.64,14.88,11.54,0,171.74
4,25,979.57,617.89,11.11,10.57,0,117.46
5,25,760.02,545.69,14.56,11.08,0,161.42
10,25,708.14,493.66,11.14,7.35,0,81.88
1,26,663.89,677.35,14.2,12.51,0,177.65
2,26,503.26,154.41,13.82,9.58,0,132.36
3,26,1148.67,482.54,14.7,11.41,0,167.7
4,26,979.99,618.7,10.84,10.27,0,111.33
5,26,761.06,545.61,14.54,11.1,0,161.34
10,26,707.34,493.44,10.75,7.11,0,76.42
1,27,664.17,677.15,14.19,12.52,0,177.68
2,27,502.39,154.57,13.71,9.51,0,130.34
3,27,1149.21,482.28,14.66,11.39,0,167.05
4,27,980.42,619.34,10.56,9.96,0,105.13
5,27,762.3,545.37,14.54,11.17,0,162.47
10,27,707.14,493.59,10.76,7.14,0,76.83
1,28,664.6,676.77,13.98,12.34,0,172.46
2,28,501.75,155.06,13.19,9.11,0,120.14
3,28,1149.89,482.17,15.04,11.77,0,176.96
4,28,980.78,620.42,10.45,9.83,0,102.71
5,28,763.51,545.04,14.84,11.36,0,168.59
10,28,706.68,493.53,10.52,7.01,0,73.69
1,29,664.91,676.71,14.27,12.65,0,180.44
2,29,501.21,155.46,13.29,9.17,0,121.86
3,29,1150.6,482.01,14.87,11.65,0,173.16
4,29,981.14,621.3,10.56,9.92,0,104.8
5,29,764.84,544.7,14.69,11.29,0,165.78
1,30,665.15,676.43,14.21,12.6,0,179.01
2,30,500.48,155.84,13.15,9.09,0,119.46
3,30,1151.07,481.96,14.65,11.49,0,168.33
4,30,981.43,622.44,10.87,10.19,0,110.82
5,30,765.92,544.49,14.55,11.18,0,162.79
10,30,706.02,493.72,10.66,7.14,0,76.13
1,31,665.26,676.25,13.84,12.3,0,170.26
2,31,499.73,156.31,13.4,9.26,0,124.02
3,31,1151.93,481.84,14.69,11.52,0,169.21
4,31,981.88,623.22,10.94,10.22,0,111.79
5,31,767.02,544.62,14.49,11.07,0,160.4
10,31,705.64,493.88,10.53,7.12,0,74.98
1,32,665.62,676.08,13.89,12.4,0,172.2
2,32,498.91,156.66,13.56,9.38,0,127.28
3,32,1152.99,481.68,14.51,11.39,0,165.39
4,32,982.33,624.32,11.07,10.34,0,114.51
5,32,768.43,544.04,15.58,11.92,0,185.77
10,32,705.28,493.87,10.23,6.96,0,71.15
1,33,666.29,675.78,13.61,12.17,0,165.67
2,33,498.23,157.09,13.58,9.44,0,128.17
3,33,1154.09,481.6,14.32,11.3,0,161.85
4,33,982.96,625.01,10.77,10.06,0,108.27
5,33,770.49,544.02,15.07,11.59,0,174.59
1,34,666.77,675.6,13.6,12.2,0,165.92
2,34,497.54,157.59,13.49,9.39,0,126.66
3,34,1155.15,481.69,14.4,11.38,0,163.87
4,34,983.63,625.92,11.04,10.32,0,113.95
5,34,771.8,544.0,14.64,11.29,0,165.26
1,35,667.06,675.45,13.37,12.01,0,160.59
2,35,496.3,158.31,12.48,8.65,0,107.95
3,35,1155.94,481.69,14.46,11.41,0,165.01
4,35,984.29,626.5,11.27,10.56,0,119.01
5,35,773.08,543.9,14.44,11.14,0,160.85
1,36,667.38,675.37,13.52,12.17,0,164.52
2,36,495.69,158.53,13.02,8.98,0,116.94
3,36,1156.6,481.6,14.32,11.28,0,161.44
4,36,984.77,627.41,11.0,10.28,0,113.09
5,36,774.31,543.86,14.43,11.11,0,160.29
10,36,703.84,494.33,9.99,6.8,0,67.93
1,37,667.74,675.25,13.71,12.35,0,169.33
2,37,494.7,159.09,13.01,8.98,0,116.84
3,37,1157.28,481.48,14.31,11.26,0,161.15
4,37,985.08,628.18,10.5,9.78,0,102.6
5,37,775.69,543.75,14.86,11.49,0,170.69
10,37,703.7,494.58,10.13,6.91,0,69.96
1,38,667.97,674.99,13.8,12.45,0,171.79
2,38,494.02,159.45,13.51,9.32,0,125.9
3,38,1157.98,481.27,14.65,11.53,0,168.89
4,38,985.46,628.73,10.22,9.49,0,97.03
5,38,777.0,543.21,14.76,11.45,0,169.06
1,39,668.08,674.71,13.8,12.49,0,172.42
2,39,493.31,159.78,13.38,9.19,0,123.0
3,39,1158.44,481.17,14.65,11.51,0,168.72
4,39,985.74,629.64,10.46,9.68,0,101.18
5,39,777.97,543.03,14.35,11.16,0,160.13
1,40,668.22,674.37,13.8,12.53,0,172.97
2,40,492.48,160.39,13.15,9.06,0,119.09
3,40,1158.92,481.11,14.51,11.37,0,164.91
4,40,986.22,630.38,10.76,9.94,0,106.93
5,40,779.0,542.99,14.08,10.97,0,154.45
15,40,1274.05,49.54,9.61,9.5,0,91.36
10,40,703.01,495.37,10.73,7.37,0,79.08
1,41,668.3,674.09,14.12,12.86,0,181.55
2,41,492.17,160.79,13.53,9.31,0,126.01
3,41,1159.41,480.99,14.72,11.5,0,169.3
4,41,986.51,631.03,10.89,10.04,0,109.41
5,41,780.33,542.55,14.57,11.36,0,165.48
15,41,1273.25,51.03,10.66,10.53,0,112.2
1,42,668.61,673.59,14.37,13.1,0,188.27
2,42,491.74,161.46,14.54,10.08,0,146.51
3,42,1159.85,480.64,14.95,11.64,0,174.06
4,42,986.55,631.21,10.74,9.87,0,105.97
5,42,781.72,542.23,14.51,11.31,0,164.08
1,43,668.83,672.83,14.02,12.8,0,179.38
2,43,490.95,162.2,14.39,10.08,0,145.0
3,43,1160.54,480.26,15.04,11.67,0,175.59
4,43,986.92,631.71,10.53,9.64,0,101.49
5,43,782.95,541.64,14.09,11.02,0,155.31
15,43,1272.12,49.95,10.82,10.59,0,114.58
1,44,669.02,672.03,13.77,12.57,0,173.1
2,44,490.42,162.9,14.1,9.91,0,139.78
3,44,1161.28,480.06,15.05,11.69,0,176.02
4,44,987.4,631.99,10.31,9.42,0,97.15
5,44,784.1,541.02,13.88,10.85,0,150.59
15,44,1271.66,49.67,10.08,9.73,0,98.13
1,45,669.19,671.4,13.82,12.65,0,174.75
2,45,490.02,163.55,14.44,10.22,0,147.56
3,45,1161.72,479.81,14.93,11.58,0,172.97
4,45,987.74,632.52,10.5,9.57,0,100.5
5,45,785.43,540.5,13.84,10.81,0,149.61
1,46,669.38,670.82,13.88,12.73,0,176.68
2,46,489.58,164.41,14.7,10.48,0,154.18
3,46,1162.05,479.37,15.16,11.72,0,177.7
4,46,987.92,632.71,10.74,9.79,0,105.22
5,46,786.82,540.04,14.05,11.0,0,154.54
10,46,701.49,495.67,10.78,7.46,0,80.37
15,46,1269.01,49.53,10.87,10.36,0,112.64
1,47,670.01,670.27,14.1,12.93,0,182.22
2,47,489.23,165.34,15.33,11.01,0,168.77
3,47,1162.74,479.03,15.31,11.84,0,181.3
4,47,988.34,633.3,10.97,10.03,0,110.12
5,47,788.19,539.73,14.6,11.45,0,167.14
10,47,701.25,495.76,11.12,7.75,0,86.13
15,47,1267.6,49.6,10.4,9.79,0,101.81
1,48,670.25,669.75,14.16,12.92,0,182.96
2,48,488.7,166.07,15.4,11.1,0,170.92
3,48,1163.18,478.91,15.06,11.65,0,175.44
4,48,988.71,633.74,11.38,10.45,0,118.82
5,48,789.24,539.41,14.44,11.35,0,163.87
10,48,701.12,495.79,11.29,7.91,0,89.37
15,48,1267.01,49.67,11.36,10.6,0,120.35
1,49,670.45,669.39,13.89,12.62,0,175.3
2,49,487.95,166.92,15.12,10.92,0,165.09
3,49,1163.45,478.81,15.12,11.69,0,176.75
4,49,988.93,634.19,11.56,10.66,0,123.26
5,49,790.2,539.25,13.67,10.7,0,146.25
10,49,700.54,495.71,11.0,7.73,0,85.11
15,49,1265.96,50.08,11.85,10.99,0,130.33
1,50,670.59,669.08,14.0,12.69,0,177.69
2,50,486.98,168.34,14.39,10.39,0,149.45
3,50,1163.6,478.73,15.03,11.61,0,174.53
4,50,989.4,634.83,11.59,10.74,0,124.45
5,50,791.22,538.98,13.98,10.92,0,152.65
10,50,700.02,495.72,11.09,7.8,0,86.51
1,51,670.89,668.52,13.73,12.4,0,170.23
2,51,486.48,169.67,14.34,10.4,0,149.09
3,51,1163.89,478.68,15.19,11.74,0,178.34
4,51,989.83,635.38,11.9,11.08,0,131.8
5,51,792.51,538.69,14.71,11.5,0,169.05
10,51,699.8,495.75,10.96,7.72,0,84.61
15,51,1262.84,50.54,11.28,10.41,0,117.45
1,52,671.54,668.0,13.56,12.27,0,166.38
2,52,485.95,171.11,14.27,10.5,0,149.75
3,52,1164.41,478.52,14.99,11.55,0,173.05
4,52,989.84,636.04,11.62,10.84,0,126.01
5,52,794.06,538.57,14.31,11.2,0,160.23
10,52,699.42,496.17,10.99,7.73,0,84.98
15,52,1261.79,51.01,10.9,9.96,0,108.57
1,53,672.04,667.49,13.38,12.1,0,161.86
2,53,485.92,172.11,13.96,10.35,0,144.46
3,53,1164.78,478.36,14.8,11.37,0,168.27
4,53,990.01,636.76,11.81,11.04,0,130.46
5,53,795.18,538.2,13.87,10.81,0,149.97
10,53,699.09,496.26,10.95,7.73,0,84.59
15,53,1260.94,51.38,10.87,9.81,0,106.67
1,54,672.28,666.98,13.23,11.93,0,157.94
2,54,485.43,173.32,13.64,10.1,0,137.77
3,54,1165.01,478.27,14.87,11.39,0,169.34
4,54,990.26,637.56,12.01,11.27,0,135.37
5,54,795.98,538.1,13.67,10.62,0,145.18
10,54,698.47,496.33,10.94,7.72,0,84.38
15,54,1260.1,51.66,10.41,9.26,0,96.43
1,55,672.44,666.41,13.32,11.97,0,159.32
2,55,484.88,174.03,13.69,10.18,0,139.33
3,55,1165.15,478.22,14.97,11.47,0,171.69
4,55,990.55,638.15,12.12,11.41,0,138.29
5,55,797.26,537.8,13.95,10.83,0,151.15
10,55,697.78,495.99,10.8,7.68,0,82.95
15,55,1258.34,52.26,10.8,9.52,0,102.86
1,56,672.68,665.89,12.85,11.57,0,148.65
2,56,484.71,174.58,14.3,10.67,0,152.51
3,56,1165.4,478.06,15.14,11.6,0,175.68
4,56,990.86,638.68,11.96,11.3,0,135.15
5,56,798.38,537.26,13.96,10.84,0,151.37
10,56,697.23,495.87,10.91,7.81,0,85.27
15,56,1257.29,52.17,10.71,9.33,0,100.0
1,57,672.87,665.35,12.62,11.34,0,143.13
2,57,484.29,175.38,14.33,10.72,0,153.58
3,57,1165.65,477.81,15.42,11.83,0,182.46
4,57,990.84,639.18,12.1,11.49,0,139.01
5,57,799.28,537.17,13.66,10.59,0,144.73
10,57,696.83,495.74,11.0,7.93,0,87.22
15,57,1256.19,52.04,11.0,9.5,0,104.53
1,58,672.77,665.01,12.7,11.39,0,144.65
2,58,483.89,176.53,14.35,10.77,0,154.61
3,58,1165.85,477.64,15.25,11.69,0,178.28
4,58,990.9,639.42,12.07,11.49,0,138.68
5,58,800.17,536.92,13.48,10.42,0,140.52
10,58,695.62,495.31,10.6,7.61,0,80.65
15,58,1255.1,52.03,11.01,9.44,0,103.95
1,59,672.75,664.61,12.86,11.49,0,147.74
2,59,483.15,177.52,14.78,11.17,0,165.04
3,59,1166.01,477.53,15.19,11.65,0,177.08
4,59,991.25,640.04,12.25,11.75,0,143.82
5,59,801.18,536.58,13.96,10.72,0,149.64
10,59,694.83,495.07,10.46,7.47,0,78.14
15,59,1253.42,52.74,11.43,9.88,0,112.91
1,60,672.68,664.29,13.04,11.61,0,151.39
2,60,482.5,178.56,14.49,11.04,0,160.01
3,60,1166.22,477.4,15.14,11.62,0,175.93
4,60,991.54,640.59,12.26,11.85,0,145.38
5,60,802.72,536.05,14.1,10.79,0,152.13
10,60,694.36,494.97,10.52,7.5,0,78.94
15,60,1252.23,52.89,11.06,9.47,0,104.73
1,61,672.77,663.99,13.24,11.8,0,156.32
2,61,482.15,179.43,14.52,11.16,0,161.98
3,61,1166.45,477.37,15.15,11.63,0,176.2
4,61,992.07,641.32,12.29,11.99,0,147.44
5,61,803.95,535.75,14.09,10.71,0,150.82
10,61,693.64,494.59,10.83,7.71,0,83.57
15,61,1251.65,52.69,11.5,9.76,0,112.25
1,62,673.05,663.51,12.61,11.21,0,141.4
2,62,481.4,180.3,14.25,10.96,0,156.16
3,62,1166.82,477.18,15.22,11.68,0,177.84
4,62,992.5,642.09,12.11,11.85,0,143.48
5,62,804.84,535.59,13.99,10.56,0,147.81
10,62,692.87,494.29,10.91,7.74,0,84.47
1,63,673.04,663.22,12.37,10.91,0,134.92
2,63,480.71,181.34,14.1,10.92,0,153.87
3,63,1167.1,477.08,15.29,11.73,0,179.32
4,63,992.73,642.61,12.27,12.02,0,147.6
5,63,805.47,535.55,13.96,10.47,0,146.2
10,63,692.19,494.11,10.89,7.7,0,83.8
15,63,1249.27,52.99,12.23,10.37,0,126.8
1,64,673.06,663.01,12.81,11.25,0,144.11
2,64,480.01,182.25,14.07,10.93,0,153.7
3,64,1167.47,476.98,15.29,11.71,0,178.95
4,64,993.08,643.61,12.43,12.23,0,152.01
5,64,806.56,535.58,14.06,10.43,0,146.72
10,64,691.35,493.84,10.45,7.38,0,77.12
15,64,1247.96,52.88,11.34,9.53,0,108.14
1,65,673.28,662.68,13.14,11.48,0,150.83
2,65,479.36,183.11,14.06,10.92,0,153.55
3,65,1167.87,476.9,15.29,11.71,0,179.14
4,65,993.56,644.46,12.39,12.27,0,152.08
5,65,807.81,535.32,14.19,10.41,0,147.71
10,65,690.84,493.69,10.31,7.29,0,75.13
15,65,1247.34,52.92,11.86,9.93,0,117.76
1,66,673.45,662.54,13.21,11.45,0,151.29
2,66,478.88,184.45,14.37,11.16,0,160.34
3,66,1168.31,476.67,15.06,11.5,0,173.24
4,66,994.0,645.01,12.38,12.28,0,151.98
5,66,809.3,535.01,13.94,10.13,0,141.24
10,66,690.34,493.55,10.18,7.2,0,73.3
15,66,1246.46,52.75,11.47,9.5,0,108.93
1,67,673.69,662.14,13.06,11.27,0,147.15
2,67,478.63,185.82,14.45,11.27,0,162.88
3,67,1169.01,476.88,15.0,11.47,0,172.13
4,67,994.38,645.84,12.11,12.05,0,145.89
5,67,810.64,535.09,13.54,9.8,0,132.64
10,67,689.66,493.16,10.13,7.18,0,72.65
15,67,1245.01,53.29,12.06,9.9,0,119.36
1,68,673.78,662.05,13.47,11.55,0,155.56
2,68,478.37,187.35,13.84,10.88,0,150.58
3,68,1169.72,476.98,14.98,11.49,0,172.1
4,68,994.82,646.55,12.12,12.08,0,146.4
5,68,811.93,535.1,13.74,9.92,0,136.33
10,68,689.24,492.78,9.85,7.0,0,68.96
15,68,1244.59,53.78,12.14,9.95,0,120.81
1,69,674.0,661.78,13.65,11.66,0,159.22
2,69,477.92,188.72,13.76,10.91,0,150.1
3,69,1170.14,476.92,14.79,11.36,0,167.99
4,69,995.33,647.12,12.14,12.11,0,147.03
5,69,813.2,535.02,14.13,10.19,0,143.91
10,69,688.88,492.54,9.74,6.95,0,67.64
15,69,1243.56,54.17,11.73,9.58,0,112.42
1,70,674.42,661.68,14.01,11.93,0,167.15
2,70,477.62,189.37,13.96,11.13,0,155.36
3,70,1170.39,476.85,14.64,11.23,0,164.38
4,70,996.09,647.95,12.33,12.27,0,151.37
5,70,814.64,534.83,14.47,10.41,0,150.64
10,70,688.43,492.22,10.04,7.19,0,72.15
15,70,1242.53,54.38,11.48,9.31,0,106.89
1,71,674.63,661.66,14.39,12.23,0,176.0
2,71,477.42,190.46,13.67,10.93,0,149.46
3,71,1170.78,476.73,14.52,11.13,0,161.53
4,71,996.56,648.54,12.64,12.58,0,159.01
5,71,815.63,534.57,14.75,10.58,0,156.1
10,71,687.6,491.68,10.02,7.16,0,71.71
15,71,1241.81,54.73,11.55,9.36,0,108.08
1,72,674.95,661.37,14.29,12.12,0,173.25
2,72,477.01,191.38,13.47,10.81,0,145.56
3,72,1171.51,476.52,14.58,11.19,0,163.17
4,72,997.26,648.95,12.26,12.19,0,149.47
5,72,816.8,534.36,14.85,10.62,0,157.75
10,72,686.85,491.29,9.87,7.01,0,69.19
15,72,1241.3,54.81,11.52,9.3,0,107.18
1,73,675.36,661.16,14.15,11.93,0,168.92
2,73,476.77,192.71,13.77,11.11,0,152.98
3,73,1172.08,476.54,14.96,11.48,0,171.79
4,73,997.83,649.79,11.96,11.87,0,141.9
5,73,818.2,534.29,14.93,10.65,0,158.96
10,73,686.3,490.74,10.2,7.23,0,73.74
15,73,1240.16,55.18,11.65,9.36,0,108.99
1,74,675.61,661.1,14.39,12.09,0,174.01
2,74,476.91,194.42,13.59,11.04,0,150.14
3,74,1172.74,476.59,14.8,11.36,0,168.1
4,74,998.55,650.59,12.0,11.93,0,143.25
5,74,819.74,534.22,14.53,10.29,0,149.46
10,74,685.97,490.06,10.23,7.21,0,73.76
15,74,1238.83,55.57,10.94,8.72,0,95.43
1,75,675.92,661.07,14.72,12.35,0,181.82
2,75,476.72,195.94,13.12,10.71,0,140.43
3,75,1173.27,476.55,14.64,11.24,0,164.53
4,75,999.05,651.27,12.16,12.05,0,146.53
5,75,821.05,534.1,14.88,10.48,0,155.9
10,75,685.53,489.77,10.26,7.21,0,73.93
15,75,1238.04,56.04,11.15,8.88,0,99.04
1,76,676.33,660.97,14.53,12.18,0,177.02
2,76,476.37,197.42,13.61,11.22,0,152.66
3,76,1173.79,476.71,14.54,11.15,0,162.18
4,76,999.55,652.19,11.71,11.5,0,134.68
5,76,822.25,533.98,14.89,10.48,0,156.05
10,76,684.93,489.51,10.4,7.27,0,75.58
15,76,1237.04,56.21,11.98,9.41,0,112.7
1,77,676.37,660.87,14.47,12.14,0,175.65
2,77,476.33,198.74,13.71,11.36,0,155.76
3,77,1174.25,476.83,14.62,11.21,0,163.94
4,77,1000.4,652.98,11.75,11.53,0,135.39
5,77,823.06,533.91,15.04,10.56,0,158.81
10,77,684.53,489.17,10.61,7.41,0,78.57
15,77,1236.02,56.68,11.15,8.7,0,97.01
1,78,676.61,660.84,14.49,12.14,0,175.88
2,78,476.21,200.18,13.67,11.44,0,156.28
3,78,1174.63,476.79,14.65,11.25,0,164.77
4,78,1000.91,653.54,11.55,11.34,0,130.95
5,78,824.2,533.47,14.95,10.46,0,156.37
10,78,684.16,488.85,10.9,7.59,0,82.68
15,78,1234.66,57.37,11.43,8.85,0,101.18
1,79,676.98,660.8,14.69,12.3,0,180.68
2,79,475.97,201.21,13.64,11.57,0,157.87
3,79,1174.84,476.84,14.53,11.15,0,161.96
4,79,1001.28,654.12,11.56,11.34,0,131.07
5,79,825.77,533.38,14.9,10.45,0,155.73
10,79,683.47,488.62,11.09,7.71,0,85.44
15,79,1233.63,57.85,11.45,8.87,0,101.57
1,80,677.33,660.62,14.83,12.46,0,184.83
2,80,475.93,202.74,13.46,11.53,0,155.23
3,80,1175.21,476.87,14.68,11.26,0,165.36
4,80,1001.77,654.87,11.79,11.58,0,136.55
5,80,826.83,533.44,14.85,10.45,0,155.14
10,80,682.57,488.29,11.09,7.73,0,85.75
15,80,1232.8,58.36,11.57,9.01,0,104.2
1,81,677.79,660.15,14.56,12.26,0,178.43
2,81,475.89,204.95,12.31,10.5,0,129.27
3,81,1175.76,476.85,14.56,11.14,0,162.17
4,81,1002.26,655.38,11.7,11.43,0,133.77
5,81,828.22,533.6,14.33,10.1,0,144.76
10,81,682.3,487.68,11.07,7.74,0,85.65
15,81,1231.7,58.76,12.24,9.49,0,116.11
1,82,677.97,659.98,14.61,12.33,0,180.22
2,82,475.84,206.26,12.5,10.78,0,134.77
3,82,1176.06,476.8,14.7,11.22,0,165.04
4,82,1002.81,656.02,11.6,11.27,0,130.8
5,82,829.58,533.58,14.55,10.35,0,150.63
10,82,681.69,487.22,10.92,7.63,0,83.34
15,82,1230.46,59.12,11.86,9.15,0,108.49
1,83,678.27,659.74,14.61,12.34,0,180.28
2,83,475.81,207.17,12.21,10.54,0,128.68
3,83,1176.39,476.65,14.72,11.21,0,165.12
4,83,1003.17,656.47,11.5,11.09,0,127.64
5,83,830.59,533.35,14.78,10.55,0,155.94
10,83,681.1,486.93,10.74,7.51,0,80.67
15,83,1229.28,59.55,11.84,9.06,0,107.27
1,84,678.63,659.06,14.55,12.33,0,179.38
2,84,475.69,208.37,12.24,10.55,0,129.07
3,84,1176.56,476.52,14.66,11.14,0,163.38
4,84,1003.65,657.05,11.65,11.23,0,130.88
5,84,831.53,533.2,15.06,10.72,0,161.48
10,84,680.4,486.48,11.03,7.74,0,85.37
1,85,678.92,658.66,14.61,12.38,0,180.83
2,85,475.4,209.89,12.33,10.74,0,132.4
3,85,1176.77,476.55,14.72,11.18,0,164.57
4,85,1003.94,657.75,11.9,11.44,0,136.15
5,85,833.05,532.98,14.72,10.5,0,154.57
10,85,679.4,485.93,10.73,7.51,0,80.62
19,85,2.62,157.72,5.16,8.13,0,41.93
15,85,1227.28,60.5,12.74,9.76,0,124.38
1,86,679.29,658.49,14.29,12.09,0,172.82
2,86,475.46,211.51,12.33,10.82,0,133.39
3,86,1177.15,476.74,14.66,11.16,0,163.66
4,86,1004.84,658.44,11.35,10.85,0,123.1
5,86,834.26,533.01,14.71,10.53,0,154.81
10,86,678.36,485.63,10.53,7.37,0,77.65
19,86,3.25,158.75,6.08,9.58,0,58.23
15,86,1226.5,60.9,13.06,10.07,0,131.51
1,87,679.49,658.35,14.14,11.98,0,169.47
2,87,475.29,212.71,12.12,10.65,0,129.13
3,87,1177.43,476.79,14.81,11.33,0,167.77
4,87,1005.4,659.06,11.48,10.96,0,125.85
5,87,835.34,533.13,14.8,10.6,0,156.97
10,87,677.48,485.43,10.48,7.31,0,76.6
19,87,3.65,159.27,6.55,10.28,0,67.4
15,87,1225.22,61.95,13.57,10.6,0,143.78
1,88,679.63,658.18,14.19,12.05,0,170.91
2,88,475.11,214.12,12.31,10.84,0,133.44
3,88,1177.73,476.8,14.74,11.32,0,166.81
4,88,1005.66,659.55,11.42,10.87,0,124.17
5,88,836.52,533.02,15.17,10.84,0,164.37
10,88,676.65,485.12,11.03,7.67,0,84.58
19,88,3.88,159.55,6.79,10.6,0,71.98
15,88,1224.38,62.41,13.83,10.92,0,151.04
1,89,679.94,658.13,14.35,12.19,0,174.97
2,89,474.71,215.06,12.25,10.83,0,132.59
3,89,1178.06,476.87,14.6,11.27,0,164.56
4,89,1005.9,660.4,11.49,10.87,0,124.91
5,89,837.62,532.98,14.97,10.68,0,159.85
10,89,675.58,484.73,10.99,7.61,0,83.63
19,89,4.07,159.88,7.01,10.85,0,76.04
15,89,1222.9,62.95,13.56,10.71,0,145.21
1,90,680.27,658.02,14.3,12.13,0,173.54
2,90,474.39,215.95,12.03,10.63,0,127.91
3,90,1178.35,476.97,14.58,11.31,0,164.94
4,90,1006.42,661.03,11.48,10.8,0,123.92
5,90,838.45,533.03,15.25,10.86,0,165.67
10,90,674.6,484.52,10.5,7.29,0,76.51
19,90,4.41,160.39,7.47,11.44,0,85.46
15,90,1221.69,62.88,13.14,10.43,0,137.02
1,91,680.25,657.64,14.26,12.05,0,171.72
2,91,474.32,217.5,12.0,10.64,0,127.68
3,91,1178.8,477.1,14.51,11.29,0,163.85
4,91,1007.13,661.95,11.76,10.99,0,129.23
5,91,839.66,532.91,14.99,10.65,0,159.64
10,91,673.84,484.13,10.78,7.48,0,80.62
19,91,5.01,161.17,7.85,11.78,0,92.51
15,91,1220.8,63.64,13.47,10.8,0,145.47
1,92,680.42,657.21,14.16,11.98,0,169.6
2,92,474.3,218.88,12.06,10.69,0,128.92
3,92,1179.41,477.04,14.67,11.45,0,167.97
4,92,1007.72,662.48,11.89,11.04,0,131.28
5,92,841.09,532.73,15.0,10.68,0,160.18
10,92,673.04,483.57,10.81,7.5,0,81.11
19,92,5.36,161.45,7.75,11.26,0,87.19
15,92,1219.84,64.03,13.92,11.19,0,155.79
1,93,680.83,656.95,14.36,12.18,0,174.98
2,93,474.12,220.12,11.99,10.64,0,127.59
3,93,1180.12,476.92,14.64,11.46,0,167.71
4,93,1008.63,662.91,11.85,11.02,0,130.58
5,93,842.59,532.8,15.09,10.81,0,163.17
10,93,672.49,483.14,11.05,7.65,0,84.53
19,93,5.72,161.75,8.15,11.48,0,93.63
15,93,1218.69,64.41,13.18,10.57,0,139.35
1,94,681.4,656.72,14.54,12.38,0,180.08
2,94,474.0,220.91,12.23,10.87,0,132.96
3,94,1180.83,476.8,14.74,11.56,0,170.32
4,94,1009.35,663.31,11.7,10.86,0,127.07
5,94,843.94,532.8,15.06,10.82,0,162.92
10,94,671.25,482.64,10.87,7.5,0,81.52
19,94,5.98,161.78,8.54,11.65,0,99.57
1,95,682.01,656.41,14.26,12.19,0,173.73
2,95,474.04,222.05,12.63,11.33,0,143.1
3,95,1181.37,476.8,14.57,11.46,0,167.0
4,95,1010.23,663.84,11.8,10.87,0,128.34
5,95,845.15,532.76,14.88,10.74,0,159.85
10,95,670.73,482.0,11.05,7.6,0,84.05
19,95,6.54,162.57,8.9,11.61,0,103.3
15,95,1217.08,65.19,13.51,10.94,0,147.73
1,96,682.61,655.96,13.83,11.82,0,163.39
2,96,474.34,223.5,12.42,11.18,0,138.86
3,96,1182.09,476.93,14.47,11.37,0,164.48
4,96,1011.42,664.78,11.77,10.81,0,127.23
5,96,846.49,532.7,14.81,10.71,0,158.61
10,96,670.08,481.37,11.08,7.56,0,83.82
19,96,6.95,162.94,9.54,11.95,0,114.0
15,96,1216.44,65.17,14.09,11.46,0,161.55
1,97,683.18,655.74,13.85,11.86,0,164.27
2,97,474.57,224.44,12.51,11.28,0,141.09
3,97,1182.79,476.88,14.44,11.28,0,162.9
4,97,1012.54,665.27,11.99,10.99,0,131.75
5,97,848.1,532.52,14.69,10.61,0,155.86
10,97,669.58,480.8,11.28,7.69,0,86.8
19,97,7.36,163.38,10.08,12.08,0,121.81
15,97,1216.27,65.0,15.46,12.54,0,193.85
1,98,683.74,655.07,13.48,11.58,0,156.16
2,98,474.81,225.5,12.42,11.2,0,139.18
3,98,1183.91,476.69,14.34,11.2,0,160.52
4,98,1013.46,665.77,12.04,11.01,0,132.51
5,98,849.78,532.46,14.77,10.69,0,157.79
10,98,668.82,480.42,11.11,7.53,0,83.65
19,98,7.65,163.79,10.81,12.47,0,134.8
15,98,1214.75,66.02,14.64,11.8,0,172.84
1,99,684.59,654.5,13.54,11.64,0,157.65
2,99,475.15,226.62,12.13,10.94,0,132.7
3,99,1184.79,476.56,14.47,11.3,0,163.48
4,99,1014.23,666.1,12.05,10.99,0,132.47
5,99,851.48,532.55,14.76,10.7,0,157.88
10,99,668.35,479.57,11.26,7.63,0,85.94
19,99,8.07,164.3,11.64,13.01,0,151.35
15,99,1214.36,66.43,12.95,10.29,0,133.22
1,100,685.12,653.91,13.74,11.85,0,162.79
2,100,475.49,227.57,12.32,11.08,0,136.47
3,100,1185.84,476.34,14.3,11.19,0,160.01
4,100,1015.45,666.61,12.36,11.25,0,139.01
5,100,852.97,532.46,14.78,10.74,0,158.75
10,100,667.64,478.94,11.37,7.74,0,87.98
19,100,9.06,164.53,11.87,12.83,0,152.32
15,100,1214.38,66.87,13.16,10.39,0,136.75
1,101,685.63,653.37,13.76,11.9,0,163.87
2,101,475.86,228.61,12.53,11.3,0,141.52
3,101,1186.74,476.1,14.43,11.32,0,163.35
4,101,1016.86,667.31,12.38,11.23,0,139.06
5,101,854.58,532.12,14.72,10.68,0,157.16
10,101,667.13,478.36,11.19,7.61,0,85.12
19,101,9.77,164.92,12.19,12.74,0,155.23
15,101,1213.38,67.49,12.84,10.11,0,129.76
1,102,686.09,653.08,13.73,11.89,0,163.34
2,102,475.84,229.86,12.62,11.38,0,143.6
3,102,1187.67,475.9,14.72,11.56,0,170.21
4,102,1017.83,667.55,12.21,11.05,0,134.92
5,102,856.0,531.87,14.96,10.86,0,162.46
10,102,666.6,478.06,11.42,7.81,0,89.17
19,102,10.66,165.36,12.69,12.87,0,163.32
15,102,1212.5,68.47,13.41,10.59,0,142.04
1,103,686.72,652.7,13.36,11.57,0,154.61
2,103,475.92,230.78,12.39,11.16,0,138.26
3,103,1188.33,475.68,14.58,11.42,0,166.61
4,103,1018.53,667.88,12.11,10.91,0,132.19
5,103,857.58,531.82,14.89,10.86,0,161.7
10,103,665.93,477.57,11.22,7.69,0,86.3
19,103,11.26,165.66,12.98,12.87,0,167.05
15,103,1211.93,68.28,12.67,9.98,0,126.54
1,104,687.49,652.19,12.66,10.97,0,138.84
2,104,476.18,231.42,12.72,11.44,0,145.46
3,104,1189.08,475.57,14.54,11.36,0,165.21
4,104,1019.34,668.29,11.67,10.44,0,121.87
5,104,859.02,531.71,14.91,10.92,0,162.71
10,104,665.21,476.6,10.95,7.55,0,82.7
19,104,11.93,165.8,13.28,12.87,0,170.91
15,104,1211.33,68.29,12.28,9.61,0,117.99
1,105,688.15,651.74,12.66,10.97,0,138.88
2,105,476.67,233.19,12.53,11.24,0,140.85
3,105,1189.95,475.4,14.33,11.16,0,159.94
4,105,1020.5,668.96,11.92,10.63,0,126.71
5,105,860.56,531.8,14.61,10.73,0,156.85
10,105,664.62,476.23,10.89,7.53,0,81.96
19,105,12.94,166.39,13.62,12.93,0,176.17
15,105,1210.44,69.0,12.74,10.01,0,127.62
1,106,688.57,651.53,12.81,11.09,0,142.08
2,106,476.95,234.48,12.6,11.23,0,141.52
3,106,1190.58,475.45,14.38,11.17,0,160.63
4,106,1021.44,669.4,12.23,10.89,0,133.22
5,106,862.02,531.89,14.56,10.67,0,155.4
10,106,663.55,475.8,10.82,7.46,0,80.74
19,106,13.71,166.85,13.49,12.44,0,167.71
15,106,1210.15,69.32,12.95,10.26,0,132.94
1,107,688.93,651.65,13.18,11.43,0,150.6
2,107,477.05,235.51,12.37,10.95,0,135.56
3,107,1191.5,475.56,14.43,11.19,0,161.41
4,107,1022.35,670.25,12.53,11.14,0,139.6
5,107,863.7,531.84,14.52,10.68,0,155.09
10,107,662.78,475.25,10.6,7.28,0,77.13
19,107,14.16,167.25,13.48,12.11,0,163.32
15,107,1209.65,70.19,12.55,10.01,0,125.59
1,108,689.71,651.42,12.88,11.21,0,144.4
2,108,477.45,236.45,12.69,11.24,0,142.66
3,108,1192.16,475.6,14.31,11.04,0,158.04
4,108,1023.28,670.65,12.38,11.02,0,136.47
5,108,865.21,531.98,14.23,10.48,0,149.2
10,108,662.34,474.72,10.19,7.0,0,71.35
19,108,14.97,167.77,13.92,12.24,0,170.33
15,108,1209.45,70.38,11.24,9.0,0,101.17
1,109,690.71,651.33,12.2,10.7,0,130.49
2,109,477.93,237.62,12.89,11.4,0,147.02
3,109,1193.02,475.69,14.58,11.25,0,163.91
4,109,1024.55,671.4,12.5,11.13,0,139.09
5,109,866.57,532.0,14.09,10.4,0,146.56
10,109,661.73,474.27,10.11,6.94,0,70.12
19,109,15.61,168.14,14.3,12.36,0,176.7
15,109,1208.27,70.81,12.35,9.86,0,121.88
1,110,691.14,651.29,12.09,10.65,0,128.82
2,110,478.51,238.87,12.9,11.35,0,146.4
3,110,1194.28,475.67,14.6,11.26,0,164.27
4,110,1025.87,672.08,12.48,11.12,0,138.76
5,110,868.05,532.16,14.32,10.6,0,151.73
10,110,661.12,473.69,10.29,7.04,0,72.5
19,110,16.33,168.56,14.98,12.73,0,190.7
1,111,691.61,651.25,12.29,10.83,0,133.08
2,111,479.34,240.09,12.4,10.88,0,134.97
3,111,1195.09,475.8,14.84,11.43,0,169.66
4,111,1027.21,672.82,12.35,10.99,0,135.77
5,111,869.36,532.26,14.6,10.79,0,157.64
10,111,660.7,473.31,10.46,7.16,0,74.91
19,111,17.14,168.88,15.3,12.78,0,195.58
15,111,1207.11,72.71,12.15,9.8,0,119.08
1,112,692.09,651.26,12.23,10.8,0,132.02
2,112,479.85,241.1,12.61,11.04,0,139.23
3,112,1195.99,475.85,15.01,11.54,0,173.27
4,112,1028.4,673.71,12.28,10.9,0,133.91
5,112,871.01,532.27,14.53,10.68,0,155.2
10,112,659.97,472.59,10.8,7.39,0,79.79
19,112,18.09,169.5,16.39,13.65,0,223.66
15,112,1206.77,73.36,11.68,9.46,0,110.51
1,113,692.7,651.4,12.46,11.02,0,137.35
2,113,480.14,242.27,12.38,10.85,0,134.38
3,113,1196.84,475.83,15.08,11.58,0,174.62
4,113,1029.69,674.11,12.19,10.85,0,132.31
5,113,872.63,532.22,14.63,10.79,0,157.93
10,113,659.53,472.28,10.84,7.43,0,80.58
19,113,18.83,170.22,16.48,13.67,0,225.33
15,113,1205.93,73.61,12.37,10.04,0,124.19
1,114,693.16,651.44,12.55,11.1,0,139.22
2,114,480.55,243.54,12.49,10.89,0,136.04
3,114,1197.76,475.82,15.1,11.55,0,174.39
4,114,1030.49,674.85,12.27,10.93,0,134.11
5,114,873.96,532.32,14.38,10.65,0,153.09
10,114,659.02,471.68,10.95,7.59,0,83.1
19,114,19.38,170.96,16.63,13.79,0,229.32
1,115,693.42,651.43,12.66,11.17,0,141.39
2,115,481.19,244.84,12.11,10.45,0,126.56
3,115,1198.67,476.08,15.03,11.47,0,172.36
4,115,1031.6,675.4,12.14,10.81,0,131.24
5,115,875.53,532.65,14.54,10.83,0,157.53
10,115,658.44,471.28,10.88,7.59,0,82.55
19,115,20.14,171.57,16.24,13.33,0,216.48
15,115,1204.64,75.93,12.09,9.88,0,119.37
1,116,693.93,651.61,12.76,11.26,0,143.65
2,116,481.95,246.04,12.04,10.34,0,124.45
3,116,1199.5,476.11,15.09,11.47,0,172.97
4,116,1032.98,676.09,12.2,10.9,0,133.0
5,116,877.47,532.76,14.81,11.1,0,164.42
10,116,658.04,470.72,10.57,7.39,0,78.07
19,116,21.3,172.31,16.22,13.2,0,214.11
15,116,1204.26,76.52,11.72,9.58,0,112.28
1,117,694.32,651.66,12.88,11.36,0,146.29
2,117,482.7,247.03,12.05,10.26,0,123.64
3,117,1200.4,476.07,14.9,11.31,0,168.42
4,117,1034.25,676.75,12.0,10.71,0,128.53
5,117,878.97,532.82,14.88,11.17,0,166.23
10,117,657.71,470.21,10.37,7.27,0,75.38
19,117,22.13,172.64,16.13,12.95,0,208.84
15,117,1204.09,77.07,12.1,9.95,0,120.48
1,118,694.85,651.53,12.95,11.37,0,147.26
2,118,483.31,247.8,11.87,9.95,0,118.09
3,118,1201.29,476.08,14.85,11.28,0,167.56
4,118,1035.44,677.05,11.77,10.48,0,123.44
5,118,880.38,532.68,14.35,10.77,0,154.63
10,118,657.11,469.53,10.53,7.43,0,78.17
19,118,23.17,173.16,16.78,13.46,0,225.85
15,118,1203.07,78.45,12.72,10.47,0,133.12
1,119,695.66,651.35,12.76,11.13,0,142.09
2,119,484.08,248.69,12.51,10.37,0,129.75
3,119,1202.08,476.16,14.89,11.34,0,168.87
4,119,1036.54,677.89,12.01,10.68,0,128.29
5,119,881.9,532.77,14.27,10.73,0,153.03
10,119,656.69,469.36,11.17,7.93,0,88.55
19,119,23.92,173.53,17.24,13.81,0,238.09
15,119,1202.8,79.22,12.36,10.25,0,126.61
1,120,696.24,651.25,12.84,11.09,0,142.39
2,120,485.15,249.97,12.81,10.6,0,135.86
3,120,1203.21,476.25,14.63,11.14,0,162.97
4,120,1037.6,678.53,12.27,10.92,0,133.98
5,120,883.65,533.14,14.55,10.93,0,159.07
10,120,656.2,468.87,10.78,7.71,0,83.09
19,120,24.79,174.07,16.94,13.54,0,229.37
15,120,1202.2,80.16,11.85,9.87,0,117.01
1,121,696.7,651.29,13.26,11.45,0,151.77
2,121,485.99,250.98,12.96,10.69,0,138.62
3,121,1204.08,476.41,14.81,11.28,0,167.14
4,121,1038.65,679.17,12.17,10.8,0,131.47
5,121,885.44,533.27,14.32,10.72,0,153.47
10,121,655.39,468.49,10.4,7.46,0,77.64
19,121,25.75,174.6,16.64,13.33,0,221.74
15,121,1202.22,80.74,11.68,9.78,0,114.25
1,122,697.34,651.36,13.6,11.75,0,159.83
2,122,486.69,251.77,12.87,10.56,0,135.87
3,122,1204.79,476.68,14.69,11.2,0,164.47
4,122,1040.43,679.92,12.23,10.86,0,132.76
5,122,887.16,533.14,14.08,10.53,0,148.27
10,122,654.51,467.55,9.43,6.76,0,63.81
19,122,27.01,175.03,15.9,12.71,0,202.08
1,123,697.83,651.41,13.73,11.91,0,163.6
2,123,487.61,252.64,12.55,10.19,0,127.91
3,123,1205.57,476.87,14.84,11.31,0,167.87
4,123,1041.64,680.39,12.02,10.63,0,127.82
5,123,888.49,533.11,13.84,10.31,0,142.64
10,123,654.11,467.31,9.4,6.75,0,63.44
19,123,27.87,175.71,17.04,13.65,0,232.69
1,124,698.41,651.37,13.75,11.92,0,163.89
2,124,488.67,254.07,12.22,9.88,0,120.75
3,124,1206.42,476.96,15.12,11.54,0,174.39
4,124,1042.65,681.04,12.17,10.78,0,131.23
5,124,889.9,533.14,14.07,10.53,0,148.25
10,124,653.61,466.79,9.53,6.82,0,65.0
19,124,28.77,176.07,16.99,13.61,0,231.23
15,124,1199.9,83.68,11.89,10.0,0,118.87
1,125,699.27,651.47,13.62,11.77,0,160.42
2,125,489.49,255.04,11.86,9.5,0,112.64
3,125,1207.07,477.07,14.97,11.42,0,170.98
4,125,1043.62,681.62,12.14,10.75,0,130.48
5,125,891.58,533.64,13.89,10.39,0,144.32
10,125,652.85,465.99,9.63,6.91,0,66.55
19,125,29.84,177.02,17.49,14.09,0,246.47
1,126,699.92,651.56,13.58,11.73,0,159.26
2,126,490.25,255.81,12.47,9.95,0,124.02
3,126,1207.96,477.24,15.18,11.64,0,176.73
4,126,1044.98,682.24,12.44,11.01,0,136.95
5,126,893.28,533.76,14.5,10.93,0,158.47
10,126,652.19,465.41,9.81,7.03,0,68.93
19,126,30.4,177.1,17.68,14.23,0,251.57
1,127,700.57,651.71,13.77,11.91,0,164.02
2,127,490.93,256.47,12.49,9.84,0,122.95
3,127,1208.89,477.45,15.15,11.68,0,176.94
4,127,1046.08,682.74,12.41,10.93,0,135.65
5,127,894.57,533.91,14.73,11.16,0,164.45
10,127,651.6,464.98,9.82,6.98,0,68.62
19,127,31.32,177.64,17.12,13.84,0,237.01
1,128,701.01,651.84,14.02,12.14,0,170.3
2,128,491.93,257.86,12.62,9.83,0,123.99
3,128,1209.97,477.63,14.95,11.61,0,173.61
4,128,1047.23,683.45,12.29,10.78,0,132.58
5,128,895.89,534.06,14.53,11.05,0,160.57
10,128,650.91,464.59,10.25,7.28,0,74.62
19,128,32.04,178.04,16.95,13.76,0,233.22
15,128,1198.36,87.03,11.72,9.98,0,117.01
1,129,701.53,651.91,14.29,12.37,0,176.71
2,129,492.94,258.56,13.4,10.48,0,140.37
3,129,1210.76,477.72,14.91,11.66,0,173.8
4,129,1048.63,684.16,12.23,10.72,0,131.15
5,129,897.54,534.23,14.36,10.97,0,157.53
10,129,650.03,464.44,10.18,7.24,0,73.71
19,129,33.04,178.75,17.35,14.17,0,245.88
15,129,1198.1,87.74,11.35,9.71,0,110.22
1,130,702.08,652.17,14.38,12.49,0,179.55
2,130,493.96,259.32,13.63,10.69,0,145.66
3,130,1211.89,478.01,14.83,11.64,0,172.67
4,130,1049.91,684.91,11.95,10.49,0,125.28
5,130,899.19,534.35,14.28,10.96,0,156.61
10,130,649.34,464.38,9.89,7.08,0,70.04
19,130,33.95,179.26,17.32,14.21,0,246.05
1,131,702.55,652.4,14.35,12.5,0,179.29
2,131,494.43,260.0,13.55,10.53,0,142.7
3,131,1212.86,478.23,14.55,11.43,0,166.41
4,131,1051.11,685.74,12.04,10.56,0,127.13
5,131,900.73,534.45,14.65,11.33,0,165.96
10,131,648.54,463.81,10.22,7.43,0,75.94
19,131,34.69,179.73,16.86,13.89,0,234.24
1,132,702.97,652.67,14.49,12.63,0,183.06
2,132,495.08,260.88,13.25,10.27,0,136.01
3,132,1213.39,478.35,14.65,11.54,0,169.11
4,132,1052.16,686.72,12.05,10.53,0,126.84
5,132,901.94,534.39,14.05,10.89,0,152.95
19,132,35.39,180.05,16.36,13.49,0,220.68
15,132,1196.77,90.23,11.45,9.81,0,112.28
1,133,703.61,652.63,14.53,12.63,0,183.51
2,133,495.89,261.48,13.61,10.5,0,142.88
3,133,1214.31,478.52,14.58,11.47,0,167.28
4,133,1053.33,687.57,12.26,10.69,0,131.04
5,133,903.3,534.55,14.04,10.91,0,153.19
19,133,36.04,180.66,16.54,13.74,0,227.32
21,133,52.0,521.55,11.24,11.68,0,131.26
15,133,1196.18,91.07,10.88,9.32,0,101.38
10,133,646.89,463.0,9.62,7.04,0,67.74
1,134,704.18,652.45,14.24,12.35,0,175.83
2,134,497.27,262.27,13.72,10.48,0,143.72
3,134,1215.36,478.69,14.52,11.34,0,164.64
4,134,1054.42,688.32,12.1,10.52,0,127.27
5,134,904.76,534.48,14.0,10.88,0,152.28
19,134,36.6,181.23,17.09,14.26,0,243.63
15,134,1195.52,91.84,11.42,9.89,0,113.04
10,134,645.98,462.24,9.31,6.82,0,63.47
1,135,704.5,652.35,14.02,12.13,0,170.03
2,135,498.33,263.09,13.44,10.22,0,137.34
3,135,1216.01,478.74,14.77,11.45,0,169.11
4,135,1055.19,688.82,12.0,10.37,0,124.43
5,135,906.15,534.23,14.34,11.25,0,161.33
19,135,37.0,181.37,16.61,13.93,0,231.4
15,135,1195.01,92.49,11.3,9.88,0,111.55
10,135,645.2,461.86,9.65,7.04,0,67.95
1,136,704.78,652.49,13.99,12.05,0,168.64
2,136,498.86,263.32,13.29,9.96,0,132.35
3,136,1216.6,478.68,14.87,11.46,0,170.37
4,136,1056.49,689.2,12.37,10.7,0,132.46
5,136,907.29,534.15,14.57,11.5,0,167.56
19,136,37.25,181.6,15.96,13.44,0,214.5
15,136,1194.5,92.89,11.16,9.7,0,108.25
10,136,644.71,461.2,10.24,7.44,0,76.11
1,137,705.43,652.22,14.22,12.26,0,174.41
2,137,499.57,263.77,13.52,10.02,0,135.45
3,137,1217.2,478.63,14.91,11.45,0,170.64
4,137,1057.57,689.81,12.37,10.66,0,131.89
5,137,908.49,533.84,14.52,11.51,0,167.08
19,137,38.12,181.33,15.89,13.44,0,213.62
15,137,1194.0,93.54,11.12,9.7,0,107.96
10,137,644.05,460.47,10.49,7.61,0,79.81
21,137,53.35,517.72,11.48,11.97,0,137.33
1,138,706.16,651.9,14.43,12.4,0,179.03
2,138,500.52,264.0,13.96,10.33,0,144.11
3,138,1218.12,478.61,14.97,11.49,0,172.06
4,138,1058.63,690.24,12.01,10.33,0,124.03
5,138,909.95,533.45,14.23,11.33,0,161.25
19,138,39.29,182.21,16.49,13.98,0,230.59
15,138,1193.44,93.97,10.75,9.38,0,100.87
10,138,643.35,459.75,10.1,7.36,0,74.38
1,139,706.89,651.74,14.63,12.58,0,184.03
2,139,501.83,264.51,13.95,10.27,0,143.29
3,139,1218.95,478.67,15.05,11.57,0,174.04
4,139,1059.59,690.76,12.1,10.37,0,125.41
5,139,911.31,533.41,15.0,12.03,0,180.44
19,139,39.87,182.49,16.75,14.22,0,238.18
10,139,642.74,459.39,10.38,7.62,0,79.08
1,140,707.49,651.43,14.57,12.47,0,181.63
2,140,502.84,264.93,14.64,10.76,0,157.59
3,140,1219.47,478.69,15.07,11.61,0,174.87
4,140,1060.72,691.1,12.04,10.22,0,122.99
5,140,912.8,532.93,14.38,11.59,0,166.76
19,140,40.9,183.0,17.22,14.79,0,254.72
10,140,642.35,458.59,10.17,7.52,0,76.51
15,140,1192.23,95.86,11.5,10.1,0,116.1
1,141,707.99,651.08,14.71,12.54,0,184.54
2,141,503.85,265.44,14.2,10.39,0,147.45
3,141,1219.84,478.73,15.29,11.82,0,180.73
4,141,1061.55,691.38,12.17,10.3,0,125.38
5,141,914.08,532.38,14.31,11.61,0,166.07
19,141,42.05,182.92,15.99,13.9,0,222.3
10,141,642.07,457.86,10.34,7.68,0,79.46
15,141,1190.98,96.72,11.18,9.82,0,109.74
21,141,53.69,514.4,11.59,12.04,0,139.57
1,142,708.49,650.72,14.68,12.46,0,182.9
2,142,504.81,265.79,14.07,10.27,0,144.45
3,142,1220.37,478.88,15.63,12.11,0,189.26
4,142,1062.42,691.75,12.01,10.1,0,121.23
5,142,915.12,531.87,14.39,11.75,0,169.02
19,142,43.58,183.71,15.64,13.71,0,214.49
10,142,641.74,456.99,10.47,7.78,0,81.52
15,142,1190.24,97.49,11.13,9.82,0,109.38
1,143,709.36,650.19,13.97,11.81,0,165.07
2,143,506.18,266.01,14.32,10.52,0,150.68
3,143,1220.81,478.82,15.6,12.13,0,189.26
4,143,1063.44,691.92,11.97,10.01,0,119.84
5,143,916.48,531.65,14.17,11.59,0,164.26
19,143,44.7,184.14,15.71,13.79,0,216.52
10,143,641.36,456.31,10.67,7.92,0,84.52
15,143,1189.41,98.62,11.59,10.18,0,118.07
1,144,709.99,650.01,14.09,11.88,0,167.36
2,144,507.59,266.68,14.54,10.75,0,156.38
3,144,1221.15,478.65,15.01,11.64,0,174.78
4,144,1064.38,692.3,12.41,10.38,0,128.75
5,144,917.67,531.2,14.5,11.91,0,172.7
19,144,45.86,184.43,15.59,13.77,0,214.77
10,144,640.61,455.44,10.77,7.98,0,85.99
15,144,1188.69,99.65,11.68,10.27,0,119.88
1,145,710.6,649.81,14.13,11.86,0,167.62
2,145,508.87,266.82,14.15,10.5,0,148.55
3,145,1221.53,478.63,14.74,11.38,0,167.77
4,145,1065.14,692.75,12.53,10.5,0,131.49
5,145,918.91,530.88,14.63,12.07,0,176.65
19,145,46.9,184.64,14.95,13.25,0,198.0
10,145,640.41,454.93,10.81,8.0,0,86.43
15,145,1187.84,100.46,10.75,9.43,0,101.42
1,146,711.05,649.57,13.85,11.54,0,159.81
2,146,509.59,267.33,13.76,10.21,0,140.41
3,146,1221.74,478.55,14.81,11.38,0,168.56
4,146,1065.97,692.96,12.35,10.38,0,128.13
5,146,920.0,530.39,14.35,11.88,0,170.52
19,146,48.28,185.09,14.82,13.27,0,196.55
10,146,639.76,454.29,10.69,7.84,0,83.82
15,146,1186.81,101.42,10.66,9.29,0,98.99
1,147,711.66,649.25,14.01,11.6,0,162.59
2,147,510.71,267.6,14.34,10.78,0,154.6
3,147,1222.22,478.57,14.57,11.17,0,162.74
4,147,1066.7,693.25,12.1,10.13,0,122.6
5,147,920.92,530.1,13.78,11.39,0,156.88
19,147,49.37,185.3,15.11,13.61,0,205.56
10,147,639.18,453.87,10.81,7.92,0,85.69
15,147,1186.44,102.32,11.18,9.66,0,108.0
1,148,712.21,649.01,13.98,11.5,0,160.7
2,148,512.21,267.67,13.95,10.57,0,147.44
3,148,1222.53,478.58,14.68,11.22,0,164.63
4,148,1067.72,693.62,11.95,9.96,0,119.07
5,148,922.06,529.78,13.94,11.53,0,160.68
19,148,50.5,185.53,14.48,13.08,0,189.37
10,148,638.48,453.17,11.06,8.11,0,89.7
15,148,1185.8,103.21,11.59,9.99,0,115.86
1,149,712.88,648.69,14.32,11.75,0,168.35
2,149,513.29,267.82,13.57,10.34,0,140.42
3,149,1222.98,478.48,14.78,11.26,0,166.35
4,149,1068.73,693.97,12.07,10.01,0,120.89
5,149,923.47,529.27,13.64,11.28,0,153.81
19,149,51.74,185.68,14.53,13.16,0,191.29
10,149,638.03,452.6,10.95,7.99,0,87.51
15,149,1185.08,103.86,11.19,9.64,0,107.89
1,150,713.35,648.37,14.73,12.12,0,178.54
2,150,514.17,267.94,13.53,10.33,0,139.7
3,150,1223.28,478.3,14.91,11.35,0,169.21
4,150,1069.47,694.1,12.27,10.19,0,125.05
5,150,924.54,528.89,13.79,11.43,0,157.66
19,150,52.69,185.99,14.74,13.44,0,198.17
10,150,637.41,451.85,10.93,7.93,0,86.74
1,151,714.09,648.39,14.66,12.12,0,177.56
2,151,514.96,267.95,13.98,10.81,0,151.19
3,151,1223.79,478.34,15.0,11.4,0,170.98
4,151,1070.21,694.56,12.42,10.32,0,128.17
5,151,925.32,528.51,13.35,11.05,0,147.6
19,151,53.33,186.24,14.88,13.62,0,202.63
10,151,636.86,451.45,11.04,7.98,0,88.14
15,151,1182.35,105.93,11.04,9.52,0,105.14
1,152,714.67,648.34,14.34,11.87,0,170.24
2,152,515.79,267.87,13.41,10.36,0,138.84
3,152,1224.28,478.35,15.03,11.42,0,171.6
4,152,1071.2,694.96,12.46,10.28,0,128.06
5,152,926.18,528.11,13.48,11.18,0,150.68
19,152,54.1,186.8,14.46,13.27,0,191.94
10,152,636.16,450.86,10.84,7.82,0,84.78
1,153,715.25,648.41,14.16,11.72,0,166.03
2,153,516.9,267.99,13.84,10.76,0,148.87
3,153,1225.03,478.46,15.09,11.46,0,172.95
4,153,1072.44,695.52,12.68,10.4,0,131.8
5,153,927.34,527.9,13.9,11.59,0,161.14
19,153,54.83,187.24,14.47,13.26,0,191.93
10,153,635.72,450.56,11.45,8.27,0,94.7
15,153,1181.71,107.03,11.99,10.39,0,124.58
1,154,715.82,648.36,13.86,11.42,0,158.34
2,154,517.87,268.14,13.58,10.56,0,143.42
3,154,1225.89,478.5,14.92,11.36,0,169.59
4,154,1073.38,696.18,12.51,10.18,0,127.39
5,154,928.46,527.36,14.34,12.04,0,172.69
19,154,55.59,187.57,14.85,13.58,0,201.66
10,154,635.26,450.01,10.68,7.68,0,82.01
1,155,716.53,648.4,13.41,11.03,0,147.99
2,155,518.47,268.61,14.26,11.03,0,157.34
3,155,1226.75,478.57,14.75,11.25,0,166.04
4,155,1074.38,696.56,12.56,10.22,0,128.29
5,155,929.49,526.91,14.14,11.94,0,168.77
19,155,56.14,187.7,15.28,13.97,0,213.41
10,155,634.42,449.63,10.48,7.48,0,78.37
15,155,1180.24,108.32,12.35,10.76,0,132.85
1,156,717.27,648.36,13.38,11.03,0,147.63
2,156,519.6,268.1,13.36,10.4,0,139.01
3,156,1227.58,478.71,14.69,11.2,0,164.59
4,156,1075.39,696.95,12.29,9.93,0,121.99
5,156,930.53,526.49,13.85,11.77,0,162.99
19,156,56.84,187.86,15.53,14.24,0,221.01
10,156,633.58,449.3,10.46,7.45,0,77.95
15,156,1178.56,108.77,13.44,11.5,0,154.55
1,157,718.01,648.22,13.25,10.92,0,144.74
2,157,520.55,267.75,13.85,10.94,0,151.54
3,157,1228.32,478.88,14.55,11.08,0,161.28
4,157,1076.55,697.39,12.36,9.9,0,122.3
5,157,931.64,526.01,13.78,11.74,0,161.76
19,157,57.47,188.09,15.09,13.9,0,209.78
10,157,633.14,449.03,10.6,7.54,0,79.99
15,157,1179.05,109.85,11.91,10.17,0,121.09
1,158,718.86,647.99,13.12,10.8,0,141.6
2,158,521.47,267.52,13.67,10.96,0,149.8
3,158,1229.19,478.82,14.42,10.98,0,158.3
4,158,1077.83,697.87,12.25,9.77,0,119.62
5,158,932.73,525.66,13.77,11.75,0,161.82
19,158,58.32,188.36,14.61,13.51,0,197.45
10,158,632.72,448.76,10.57,7.48,0,79.1
15,158,1178.82,110.74,11.39,9.69,0,110.37
1,159,719.46,647.94,13.39,11.01,0,147.4
2,159,522.05,267.54,13.75,11.08,0,152.37
3,159,1229.98,478.71,14.17,10.79,0,152.81
4,159,1079.01,698.33,12.5,9.91,0,123.85
5,159,933.91,525.33,14.07,11.99,0,168.68
19,159,59.02,188.33,14.47,13.38,0,193.62
10,159,632.19,448.49,10.68,7.51,0,80.23
15,159,1178.26,111.1,11.76,10.03,0,117.97
1,160,720.17,648.05,13.67,11.26,0,153.91
2,160,522.92,267.38,13.31,10.8,0,143.76
3,160,1230.84,478.59,14.37,10.91,0,156.76
4,160,1080.19,698.75,12.78,10.15,0,129.72
5,160,934.82,524.79,13.84,11.8,0,163.24
19,160,59.43,188.43,14.63,13.59,0,198.86
10,160,630.99,447.8,10.69,7.51,0,80.29
15,160,1177.95,111.81,11.35,9.67,0,109.83
1,161,720.77,648.19,13.61,11.23,0,152.8
2,161,523.24,267.13,13.23,10.76,0,142.42
3,161,1231.69,478.44,14.6,11.08,0,161.77
4,161,1081.28,699.19,12.69,10.06,0,127.65
5,161,935.82,524.3,13.78,11.79,0,162.52
19,161,59.97,188.87,14.7,13.68,0,201.16
10,161,630.04,447.5,11.08,7.77,0,86.08
15,161,1177.78,112.56,11.9,10.18,0,121.11
1,162,721.77,648.0,13.18,10.96,0,144.45
2,162,523.93,266.82,13.43,11.05,0,148.34
3,162,1232.39,478.37,14.79,11.23,0,166.12
4,162,1082.27,699.48,12.58,9.98,0,125.64
5,162,936.77,523.48,13.67,11.75,0,160.6
19,162,60.28,188.9,14.59,13.58,0,198.22
10,162,629.62,447.13,10.55,7.38,0,77.88
15,162,1177.08,113.55,11.21,9.62,0,107.81
1,163,722.6,647.87,12.62,10.55,0,133.21
2,163,524.62,266.73,13.95,11.62,0,162.02
3,163,1233.28,478.43,14.91,11.38,0,169.7
4,163,1083.49,699.92,12.41,9.84,0,122.14
5,163,937.98,522.57,13.89,12.02,0,166.9
19,163,60.92,188.93,14.66,13.6,0,199.25
10,163,628.8,446.92,10.92,7.61,0,83.09
15,163,1176.62,114.13,11.28,9.74,0,109.84
1,164,723.08,647.89,12.68,10.63,0,134.84
2,164,525.28,266.07,13.92,11.77,0,163.73
3,164,1234.14,478.41,14.96,11.49,0,171.82
4,164,1084.53,700.16,12.47,9.85,0,122.82
5,164,938.91,521.75,13.68,11.87,0,162.32
19,164,61.68,188.79,14.06,12.95,0,182.0
10,164,628.26,446.51,11.26,7.83,0,88.19
1,165,723.72,648.13,12.94,10.97,0,141.99
2,165,525.86,265.9,13.64,11.62,0,158.47
3,165,1234.91,478.46,14.91,11.49,0,171.29
4,165,1085.56,700.44,12.51,9.89,0,123.73
5,165,939.66,521.27,13.57,11.85,0,160.83
19,165,62.66,189.09,14.29,13.12,0,187.48
10,165,627.59,446.31,11.74,8.18,0,95.98
15,165,1174.58,115.78,10.43,8.93,0,93.17
1,166,724.37,648.1,12.97,11.09,0,143.88
2,166,526.17,265.61,12.82,11.09,0,142.22
3,166,1235.56,478.38,14.91,11.55,0,172.23
4,166,1086.58,700.49,12.59,9.96,0,125.46
5,166,940.33,520.27,13.39,11.76,0,157.54
19,166,63.16,189.42,14.27,13.09,0,186.87
10,166,626.92,446.04,11.78,8.23,0,97.01
15,166,1174.16,116.53,11.28,9.76,0,110.09
1,167,724.94,647.88,12.73,10.97,0,139.61
2,167,526.65,265.42,11.88,10.4,0,123.5
3,167,1236.25,478.37,14.87,11.53,0,171.45
4,167,1087.39,700.72,12.56,9.91,0,124.41
5,167,940.91,519.4,13.47,11.89,0,160.08
19,167,63.92,189.7,14.91,13.63,0,203.22
10,167,626.36,445.8,11.57,8.09,0,93.54
15,167,1173.54,117.21,11.51,9.99,0,114.96
1,168,725.27,648.07,12.9,11.16,0,143.95
2,168,527.83,264.82,12.76,11.33,0,144.63
3,168,1237.05,478.51,14.33,11.1,0,159.12
4,168,1088.56,700.95,12.56,9.92,0,124.51
5,168,941.57,518.89,13.62,12.08,0,164.55
19,168,64.51,189.71,15.31,14.01,0,214.42
10,168,625.67,445.68,11.26,7.9,0,88.92
15,168,1172.95,117.7,12.26,10.72,0,131.47
25,168,530.12,263.97,14.43,12.65,0,182.51
1,169,725.77,648.17,13.07,11.35,0,148.4
2,169,528.55,264.69,12.41,11.15,0,138.36
3,169,1237.77,478.48,14.2,11.0,0,156.15
4,169,1089.77,701.44,12.5,9.87,0,123.44
5,169,942.02,518.42,13.41,11.94,0,160.1
19,169,65.07,189.99,14.58,13.21,0,192.61
10,169,625.08,445.74,11.44,8.06,0,92.27
15,169,1172.27,118.43,11.68,10.12,0,118.28
25,169,530.47,263.72,13.81,12.11,0,167.28
1,170,725.93,648.22,13.3,11.58,0,153.98
3,170,1238.38,478.56,14.08,10.88,0,153.09
4,170,1090.56,701.73,12.77,10.11,0,129.1
5,170,942.49,518.06,13.37,12.0,0,160.43
19,170,65.75,190.42,14.91,13.51,0,201.41
10,170,624.33,445.33,11.32,7.99,0,90.52
15,170,1171.51,119.18,11.76,10.25,0,120.56
25,170,530.6,264.23,13.43,11.8,0,158.49
1,171,726.14,648.13,13.38,11.62,0,155.44
3,171,1239.06,478.65,14.31,11.04,0,158.04
4,171,1091.63,702.24,12.44,9.83,0,122.3
5,171,943.11,517.65,13.22,11.91,0,157.39
19,171,66.6,190.97,15.46,13.94,0,215.56
10,171,623.52,445.31,11.26,7.96,0,89.55
15,171,1170.97,120.3,11.84,10.36,0,122.71
25,171,531.07,263.51,12.64,11.13,0,140.72
1,172,726.51,647.98,13.14,11.34,0,148.92
3,172,1239.67,478.93,14.28,11.0,0,157.08
4,172,1092.44,702.61,12.45,9.83,0,122.38
5,172,943.63,517.11,13.26,11.98,0,158.86
19,172,67.08,191.3,15.39,13.84,0,213.02
10,172,622.54,445.01,10.86,7.66,0,83.2
15,172,1170.64,121.07,11.47,10.03,0,114.95
25,172,531.43,263.03,12.71,11.23,0,142.7
1,173,726.97,647.94,12.98,11.11,0,144.31
3,173,1240.48,478.91,14.3,10.98,0,156.98
4,173,1093.38,702.92,12.49,9.85,0,123.03
5,173,944.26,516.54,13.26,12.07,0,159.99
19,173,67.62,191.36,14.96,13.45,0,201.32
10,173,621.56,444.81,10.34,7.33,0,75.83
15,173,1169.56,122.0,11.28,9.87,0,111.35
25,173,532.57,262.14,13.28,11.75,0,156.11
1,174,727.31,647.94,12.88,10.95,0,141.01
3,174,1241.23,478.94,14.34,10.99,0,157.51
4,174,1094.45,703.22,12.51,9.84,0,123.01
5,174,944.58,516.25,13.17,12.05,0,158.8
19,174,68.29,191.7,14.19,12.73,0,180.66
10,174,620.83,444.78,10.63,7.54,0,80.19
15,174,1169.2,122.91,11.61,10.11,0,117.41
25,174,532.97,262.05,12.91,11.39,0,147.04
1,175,727.64,647.95,13.09,11.08,0,145.01
3,175,1242.08,479.02,14.04,10.76,0,151.04
4,175,1095.34,703.36,12.51,9.8,0,122.56
5,175,944.87,515.43,13.14,12.11,0,159.12
19,175,69.19,192.06,14.48,12.81,0,185.43
10,175,619.84,444.38,10.65,7.58,0,80.71
15,175,1168.28,123.43,11.38,9.91,0,112.79
25,175,533.39,261.63,12.93,11.42,0,147.67
1,176,728.09,647.96,13.61,11.49,0,156.44
3,176,1242.68,479.02,14.03,10.74,0,150.75
4,176,1096.25,703.3,12.43,9.71,0,120.71
5,176,945.09,514.64,13.47,12.45,0,167.63
19,176,69.76,192.4,14.49,12.72,0,184.3
10,176,618.87,443.78,10.8,7.73,0,83.42
15,176,1167.47,124.05,11.17,9.71,0,108.43
25,176,533.53,261.4,12.75,11.27,0,143.66
1,177,728.61,647.88,13.81,11.6,0,160.13
3,177,1243.3,479.16,14.1,10.79,0,152.08
4,177,1097.22,703.31,12.4,9.69,0,120.17
5,177,945.4,513.79,13.29,12.32,0,163.79
19,177,70.41,192.44,14.83,12.9,0,191.28
10,177,618.33,443.68,10.88,7.85,0,85.43
15,177,1166.39,124.98,11.12,9.63,0,107.07
25,177,534.29,260.46,13.38,11.89,0,159.1
1,178,729.11,647.8,13.88,11.66,0,161.8
3,178,1244.28,479.18,14.17,10.86,0,153.82
4,178,1098.04,703.45,12.5,9.76,0,121.96
5,178,945.73,512.8,13.28,12.37,0,164.31
19,178,71.07,192.49,15.0,12.99,0,194.96
10,178,617.79,443.76,11.04,8.02,0,88.56
15,178,1165.57,125.94,11.1,9.6,0,106.58
25,178,534.75,260.15,13.68,12.21,0,167.12
1,179,729.72,647.84,13.8,11.6,0,160.08
3,179,1245.21,479.13,14.07,10.8,0,151.98
4,179,1098.95,703.62,12.41,9.68,0,120.18
5,179,946.16,512.48,13.07,12.23,0,159.84
19,179,71.83,192.6,15.25,13.07,0,199.24
10,179,617.11,443.49,11.12,8.15,0,90.6
15,179,1165.29,126.66,11.06,9.55,0,105.62
25,179,535.58,259.42,13.34,12.04,0,160.64
1,180,730.27,647.89,13.78,11.56,0,159.25
3,180,1245.91,479.07,14.01,10.76,0,150.71
4,180,1100.2,703.6,12.65,9.85,0,124.57
5,180,946.74,511.72,12.94,12.13,0,156.94
19,180,72.52,192.88,15.27,13.09,0,199.81
10,180,616.87,443.34,11.04,8.12,0,89.62
15,180,1164.74,127.03,11.33,9.79,0,110.95
25,180,536.24,259.2,13.33,12.18,0,162.44
1,181,730.91,647.93,13.83,11.54,0,159.63
3,181,1246.57,479.18,13.99,10.73,0,150.14
4,181,1101.17,703.7,12.36,9.61,0,118.74
5,181,947.19,511.2,12.7,11.91,0,151.26
19,181,73.65,193.09,15.43,13.3,0,205.34
10,181,616.17,443.17,10.98,8.08,0,88.78
15,181,1164.26,128.07,11.04,9.51,0,104.95
25,181,536.58,258.64,13.88,12.84,0,178.26
1,182,731.78,648.07,13.71,11.37,0,155.83
3,182,1247.18,479.3,14.24,10.92,0,155.45
4,182,1102.16,703.96,12.5,9.74,0,121.74
5,182,947.67,510.56,12.66,11.87,0,150.19
19,182,74.6,193.56,15.6,13.53,0,211.02
10,182,615.5,442.83,10.4,7.63,0,79.42
15,182,1163.45,128.92,11.01,9.57,0,105.43
25,182,537.12,258.31,13.57,12.79,0,173.63
1,183,732.37,648.0,13.65,11.27,0,153.82
3,183,1248.01,479.36,14.34,10.97,0,157.25
4,183,1103.35,704.34,12.37,9.64,0,119.25
5,183,947.81,509.88,12.43,11.69,0,145.32
19,183,75.45,193.88,15.87,13.77,0,218.52
10,183,614.56,442.44,10.62,7.77,0,82.46
15,183,1162.48,130.02,11.27,9.82,0,110.74
25,183,537.31,258.02,13.46,12.78,0,171.98
1,184,732.9,648.01,13.53,11.13,0,150.64
3,184,1249.04,479.4,14.68,11.24,0,164.99
4,184,1104.62,704.55,12.63,9.84,0,124.24
5,184,948.18,509.56,12.24,11.5,0,140.72
19,184,76.05,194.23,16.38,14.2,0,232.54
10,184,614.03,442.19,10.07,7.33,0,73.83
15,184,1162.06,130.9,11.36,9.88,0,112.26
25,184,537.78,257.74,13.72,13.27,0,182.13
1,185,733.6,648.19,13.75,11.31,0,155.49
3,185,1250.19,479.62,14.48,11.1,0,160.65
4,185,1105.98,704.87,12.99,10.11,0,131.27
5,185,948.24,509.32,12.25,11.49,0,140.72
19,185,76.92,194.34,15.75,13.62,0,214.59
10,185,613.49,442.26,10.21,7.38,0,75.3
15,185,1161.99,131.7,11.45,9.96,0,114.02
25,185,538.34,257.6,13.64,13.38,0,182.5
1,186,734.33,648.42,13.93,11.47,0,159.72
3,186,1251.32,479.85,14.32,10.95,0,156.76
4,186,1107.09,705.13,13.1,10.2,0,133.53
5,186,948.59,509.15,12.12,11.33,0,137.42
19,186,77.87,194.72,15.13,13.06,0,197.5
10,186,613.08,442.34,10.44,7.51,0,78.35
15,186,1161.6,132.46,11.48,9.97,0,114.38
25,186,538.61,256.66,13.26,13.21,0,175.16
1,187,734.89,648.85,14.01,11.53,0,161.58
3,187,1252.27,480.12,14.3,10.92,0,156.16
4,187,1108.43,705.38,13.02,10.15,0,132.15
5,187,948.84,508.73,11.83,11.0,0,130.05
19,187,78.7,195.09,15.57,13.39,0,208.47
10,187,612.09,442.37,10.18,7.32,0,74.51
25,187,539.04,255.73,12.6,12.78,0,161.1
1,188,735.49,649.47,14.04,11.49,0,161.25
3,188,1253.28,480.86,14.38,10.95,0,157.37
4,188,1109.47,705.89,13.27,10.38,0,137.7
5,188,948.99,508.62,11.33,10.45,0,118.44
19,188,79.47,195.42,15.54,13.27,0,206.25
10,188,611.45,442.95,10.73,7.77,0,83.42
25,188,539.45,255.34,12.34,12.65,0,156.07
15,188,1160.57,135.02,11.69,10.1,0,118.03
1,189,736.18,650.13,14.44,11.79,0,170.16
3,189,1254.3,481.41,14.31,10.9,0,155.94
4,189,1110.69,706.4,12.95,10.11,0,130.93
5,189,949.0,508.41,11.37,10.44,0,118.69
19,189,80.1,196.07,15.9,13.52,0,214.9
10,189,610.7,443.02,10.83,7.89,0,85.41
25,189,539.6,255.15,12.16,12.61,0,153.3
15,189,1159.61,136.39,12.02,10.32,0,123.99
1,190,736.78,650.69,15.04,12.28,0,184.63
3,190,1255.14,481.8,14.34,10.9,0,156.25
4,190,1111.78,707.08,12.74,9.95,0,126.79
5,190,948.99,508.25,11.58,10.6,0,122.76
19,190,80.58,196.5,16.41,13.9,0,228.07
10,190,609.55,443.57,10.72,7.87,0,84.31
25,190,539.84,255.13,11.86,12.36,0,146.6
15,190,1159.3,137.36,11.3,9.6,0,108.48
1,191,737.39,651.18,15.16,12.4,0,187.98
3,191,1256.02,482.54,14.41,10.93,0,157.57
4,191,1112.8,707.66,12.91,10.11,0,130.56
5,191,949.03,508.28,11.57,10.54,0,121.97
19,191,81.07,197.28,15.87,13.35,0,211.89
10,191,608.04,444.12,10.49,7.69,0,80.73
25,191,539.97,254.21,10.94,11.36,0,124.27
15,191,1158.74,138.93,10.84,9.16,0,99.3
1,192,738.15,651.95,15.0,12.33,0,184.99
3,192,1256.96,483.24,14.58,11.13,0,162.29
4,192,1113.88,708.47,12.74,10.0,0,127.33
5,192,949.1,508.4,12.03,10.92,0,131.39
19,192,81.47,197.85,16.27,13.65,0,222.09
25,192,540.21,253.36,10.48,10.77,0,112.83
15,192,1158.67,140.02,11.25,9.55,0,107.44
1,193,738.73,652.64,15.03,12.4,0,186.41
3,193,1257.78,483.82,14.33,10.99,0,157.48
4,193,1114.51,708.93,12.96,10.18,0,131.98
5,193,949.04,508.46,12.44,11.26,0,140.08
19,193,81.95,198.86,15.84,13.27,0,210.25
25,193,540.18,253.43,10.73,10.94,0,117.47
15,193,1157.72,141.34,11.92,10.12,0,120.67
10,193,606.41,445.06,10.77,7.92,0,85.3
1,194,739.27,653.16,14.93,12.31,0,183.77
3,194,1258.58,484.26,14.3,11.0,0,157.22
4,194,1115.42,709.47,12.82,10.04,0,128.69
5,194,949.01,508.18,12.34,11.11,0,137.14
19,194,82.27,199.31,15.35,12.8,0,196.44
25,194,540.17,253.65,10.92,11.09,0,121.04
15,194,1157.18,141.95,12.45,10.62,0,132.15
10,194,605.0,445.49,10.68,7.89,0,84.22
1,195,739.88,653.47,15.06,12.4,0,186.67
3,195,1259.51,484.54,14.44,11.12,0,160.53
4,195,1116.78,709.83,12.67,9.86,0,124.89
5,195,949.05,507.73,12.4,11.12,0,137.83
19,195,82.64,199.89,15.18,12.61,0,191.43
25,195,540.24,253.42,11.06,11.24,0,124.37
15,195,1156.93,142.93,12.12,10.28,0,124.61
1,196,740.57,653.56,14.87,12.24,0,181.96
3,196,1260.42,484.71,14.35,11.07,0,158.91
4,196,1117.72,710.24,12.71,9.88,0,125.56
5,196,949.05,507.23,12.34,11.03,0,136.07
19,196,83.31,200.19,15.18,12.59,0,191.12
25,196,540.25,252.8,11.15,11.31,0,126.17
15,196,1156.09,144.27,12.1,10.29,0,124.51
10,196,603.1,446.04,10.71,7.96,0,85.31
1,197,741.07,653.84,14.54,11.99,0,174.28
3,197,1260.92,484.89,14.27,11.01,0,157.11
4,197,1118.43,710.14,13.16,10.25,0,134.88
5,197,948.85,506.17,12.75,11.43,0,145.65
19,197,83.74,200.44,15.92,13.22,0,210.5
25,197,540.15,251.78,11.38,11.61,0,132.11
15,197,1155.07,144.88,12.14,10.29,0,124.95
1,198,741.51,653.9,14.42,11.88,0,171.34
3,198,1261.22,484.92,14.24,11.0,0,156.53
4,198,1119.06,710.08,13.06,10.17,0,132.73
5,198,948.68,505.35,12.99,11.67,0,151.58
19,198,84.39,200.46,15.93,13.26,0,211.18
25,198,540.06,251.06,11.49,11.69,0,134.37
15,198,1154.45,145.41,11.65,9.85,0,114.67
1,199,742.0,653.99,14.26,11.72,0,167.07
3,199,1261.71,484.94,14.13,10.89,0,153.83
4,199,1120.04,709.75,13.31,10.37,0,138.07
5,199,948.59,504.52,13.18,11.87,0,156.47
19,199,85.04,200.78,15.97,13.3,0,212.41
25,199,540.01,251.01,12.04,12.27,0,147.76
15,199,1153.57,145.91,11.53,9.67,0,111.4
31,199,539.69,253.47,12.43,15.54,0,193.22
1,200,742.65,653.87,14.62,12.03,0,175.81
3,200,1262.54,484.88,13.99,10.77,0,150.65
4,200,1121.36,709.47,12.97,10.15,0,131.67
5,200,948.38,503.3,13.13,11.89,0,156.11
19,200,85.78,200.96,16.79,14.01,0,235.18
25,200,540.0,250.16,11.65,11.84,0,137.92
15,200,1153.0,146.76,12.35,10.44,0,128.97
31,200,539.5,252.72,12.2,15.26,0,186.17
10,200,598.8,445.63,9.96,7.43,0,74.0
1,201,743.06,653.86,14.46,11.92,0,172.25
3,201,1263.12,484.81,13.85,10.63,0,147.21
4,201,1122.11,709.39,12.89,10.11,0,130.38
5,201,948.36,502.58,13.03,11.85,0,154.33
19,201,86.7,201.1,16.65,13.82,0,230.13
25,201,540.05,249.47,11.41,11.56,0,131.95
15,201,1152.1,147.71,12.52,10.61,0,132.89
10,201,597.72,445.6,10.36,7.77,0,80.48
1,202,743.65,653.7,14.24,11.73,0,167.07
3,202,1263.94,484.74,13.95,10.74,0,149.83
4,202,1122.75,709.21,12.81,10.05,0,128.83
5,202,948.37,501.82,12.94,11.82,0,152.96
19,202,87.46,201.3,15.99,13.15,0,210.39
25,202,539.73,248.35,11.6,11.8,0,136.89
15,202,1151.27,148.27,13.1,11.14,0,146.03
10,202,596.54,446.13,10.56,7.84,0,82.77
1,203,744.32,653.26,14.31,11.77,0,168.46
3,203,1264.84,484.75,14.06,10.87,0,152.8
4,203,1123.64,709.08,12.84,10.07,0,129.32
5,203,948.43,501.07,12.99,11.9,0,154.58
19,203,88.29,201.4,16.18,13.23,0,213.94
25,203,539.77,247.8,11.95,12.2,0,145.82
15,203,1150.38,148.84,12.42,10.67,0,132.5
10,203,595.69,446.22,10.64,7.86,0,83.62
1,204,745.07,652.99,14.66,12.05,0,176.68
3,204,1265.68,484.77,14.1,10.95,0,154.46
4,204,1124.95,708.92,12.86,10.1,0,129.86
5,204,948.46,500.05,13.15,12.05,0,158.46
19,204,89.34,201.53,15.81,12.78,0,202.09
25,204,539.78,247.27,12.06,12.34,0,148.86
15,204,1149.95,149.11,12.52,10.76,0,134.71
10,204,594.95,446.06,10.66,7.89,0,84.15
1,205,745.91,652.81,14.79,12.21,0,180.54
3,205,1266.9,484.62,14.2,11.03,0,156.71
4,205,1126.28,708.44,12.99,10.18,0,132.13
5,205,948.59,498.6,13.02,11.93,0,155.23
19,205,90.44,201.36,16.65,13.48,0,224.5
25,205,540.03,246.19,11.37,11.61,0,131.94
15,205,1149.2,150.08,12.85,11.04,0,141.88
10,205,594.19,445.99,10.64,7.9,0,84.05
1,206,746.54,652.72,14.83,12.3,0,182.41
3,206,1268.01,484.59,14.21,11.05,0,157.09
4,206,1127.23,708.26,12.82,10.03,0,128.6
5,206,948.65,497.48,13.3,12.2,0,162.23
19,206,91.26,201.11,16.5,13.28,0,219.14
25,206,540.05,245.35,11.45,11.64,0,133.23
15,206,1148.88,150.56,12.85,11.06,0,142.07
10,206,593.19,445.83,10.75,8.0,0,86.08
1,207,747.13,652.72,14.31,11.87,0,169.81
3,207,1268.76,484.44,14.22,11.08,0,157.57
4,207,1128.11,707.96,12.66,9.96,0,126.06
5,207,948.73,496.51,13.22,12.11,0,160.11
19,207,92.06,201.06,17.07,13.77,0,235.04
25,207,540.18,244.69,12.29,12.48,0,153.38
15,207,1148.49,151.34,12.44,10.7,0,133.08
10,207,592.48,446.05,10.68,7.98,0,85.18
1,208,747.8,652.56,14.23,11.78,0,167.67
3,208,1269.35,484.55,14.35,11.22,0,161.1
4,208,1129.03,707.9,12.61,9.97,0,125.77
5,208,948.73,495.82,13.21,12.06,0,159.33
19,208,92.91,201.28,16.68,13.43,0,223.91
25,208,540.07,244.09,12.48,12.71,0,158.57
15,208,1148.19,151.71,12.3,10.6,0,130.35
10,208,591.11,446.08,10.68,8.0,0,85.41
1,209,748.82,652.69,13.94,11.49,0,160.17
3,209,1270.41,484.76,14.29,11.17,0,159.59
4,209,1129.97,707.86,12.94,10.23,0,132.4
5,209,948.83,494.99,13.02,11.84,0,154.18
19,209,94.15,201.66,16.44,13.07,0,214.82
25,209,540.01,243.73,12.05,12.25,0,147.61
15,209,1147.28,152.51,11.96,10.28,0,122.94
10,209,589.74,445.99,10.12,7.54,0,76.3
1,210,749.77,652.89,13.84,11.35,0,157.02
3,210,1271.3,485.0,14.26,11.13,0,158.72
4,210,1130.86,707.93,12.94,10.25,0,132.66
5,210,948.9,494.22,13.37,12.14,0,162.28
19,210,95.21,201.96,16.42,12.91,0,212.01
25,210,539.97,243.06,11.53,11.66,0,134.5
15,210,1146.36,154.11,12.13,10.37,0,125.81
10,210,588.95,446.08,10.03,7.4,0,74.27
1,211,750.39,652.95,13.95,11.4,0,159.05
3,211,1271.8,485.08,14.25,11.13,0,158.56
4,211,1131.66,707.98,13.14,10.43,0,137.04
5,211,948.93,493.52,13.52,12.3,0,166.26
19,211,95.79,202.03,16.14,12.52,0,202.15
25,211,539.61,242.66,11.75,11.81,0,138.83
15,211,1145.73,154.9,12.33,10.52,0,129.73
10,211,587.66,446.59,10.16,7.47,0,75.87
1,212,751.32,653.07,14.24,11.63,0,165.5
3,212,1272.28,485.36,14.05,10.97,0,154.09
4,212,1132.44,708.12,12.95,10.27,0,133.01
5,212,949.02,492.85,13.3,12.08,0,160.69
19,212,96.89,202.3,16.57,12.74,0,211.13
25,212,539.66,242.05,11.82,11.75,0,138.81
15,212,1145.64,155.96,12.39,10.67,0,132.18
10,212,587.04,446.98,10.44,7.69,0,80.31
1,213,752.13,653.26,14.0,11.38,0,159.28
3,213,1272.88,485.93,14.23,11.21,0,159.57
4,213,1133.15,708.22,12.91,10.24,0,132.23
5,213,949.04,492.18,13.32,12.08,0,160.9
19,213,97.98,202.64,17.08,13.15,0,224.7
25,213,539.41,241.72,11.93,11.84,0,141.2
15,213,1144.91,157.26,12.27,10.57,0,129.69
10,213,586.26,447.28,10.48,7.78,0,81.54
1,214,752.99,653.53,13.79,11.2,0,154.49
3,214,1273.21,486.28,13.58,10.94,0,148.64
4,214,1134.07,708.02,12.88,10.22,0,131.61
5,214,949.04,491.17,13.45,12.2,0,164.09
19,214,99.14,203.05,16.8,12.9,0,216.73
25,214,539.19,241.37,11.41,11.26,0,128.49
15,214,1143.47,158.59,12.22,10.42,0,127.38
1,215,753.7,653.56,14.06,11.42,0,160.63
3,215,1273.6,486.62,12.75,10.22,0,130.31
4,215,1134.83,707.81,13.12,10.41,0,136.57
5,215,949.09,490.09,13.19,11.98,0,158.02
19,215,100.09,203.09,17.03,13.11,0,223.32
25,215,538.96,241.17,11.13,10.89,0,121.19
15,215,1141.63,159.88,12.39,10.5,0,130.2
10,215,584.38,447.46,10.52,7.82,0,82.28
1,216,754.18,653.75,14.54,11.86,0,172.51
3,216,1273.7,486.81,12.38,10.03,0,124.18
4,216,1135.51,707.6,12.91,10.28,0,132.7
5,216,949.13,489.06,13.16,11.98,0,157.71
19,216,100.82,203.44,17.32,13.41,0,232.24
25,216,538.75,240.91,11.58,11.27,0,130.48
15,216,1140.97,160.87,12.03,10.11,0,121.68
10,216,582.85,448.27,10.15,7.48,0,75.94
1,217,755.07,654.11,14.46,11.79,0,170.5
3,217,1273.88,487.13,12.23,10.0,0,122.35
4,217,1136.15,707.62,12.83,10.28,0,131.95
5,217,949.26,488.47,13.28,12.12,0,160.92
19,217,101.88,203.83,17.32,13.37,0,231.53
25,217,538.4,240.3,11.95,11.61,0,138.74
15,217,1140.17,162.0,12.27,10.32,0,126.65
10,217,581.57,448.92,10.54,7.71,0,81.3
1,218,755.89,654.59,14.27,11.65,0,166.32
3,218,1273.97,487.42,12.05,9.96,0,120.02
4,218,1136.68,707.47,12.69,10.24,0,129.94
5,218,949.12,487.8,13.45,12.33,0,165.81
19,218,102.5,204.41,16.94,13.03,0,220.61
25,218,538.1,240.0,12.11,11.73,0,141.96
15,218,1139.26,163.23,12.2,10.17,0,124.11
10,218,580.77,449.26,10.83,7.92,0,85.75
1,219,756.44,654.95,13.86,11.27,0,156.27
3,219,1274.08,487.62,11.83,9.98,0,118.03
4,219,1137.22,707.42,12.48,10.15,0,126.72
5,219,949.02,487.01,13.41,12.34,0,165.43
19,219,103.75,204.62,16.43,12.54,0,206.05
25,219,537.48,239.67,11.86,11.45,0,135.86
15,219,1138.13,164.44,11.88,9.79,0,116.25
10,219,580.21,449.95,10.67,7.74,0,82.64
1,220,756.74,655.09,14.1,11.47,0,161.71
3,220,1274.29,487.79,11.41,9.72,0,110.9
4,220,1137.75,707.2,12.5,10.24,0,128.04
5,220,948.88,486.29,13.26,12.23,0,162.1
19,220,104.74,204.93,16.75,12.76,0,213.62
25,220,536.44,239.18,11.68,11.13,0,130.09
15,220,1137.55,165.34,11.62,9.49,0,110.26
10,220,578.52,450.26,10.4,7.5,0,78.02
1,221,757.13,655.42,14.02,11.42,0,160.19
3,221,1274.44,488.29,10.8,9.16,0,98.91
4,221,1138.15,707.06,12.46,10.26,0,127.81
5,221,948.64,485.55,13.28,12.27,0,163.0
19,221,105.45,205.43,17.25,13.14,0,226.79
25,221,535.88,238.87,12.41,11.77,0,146.05
15,221,1136.12,166.52,12.65,10.34,0,130.84
10,221,577.57,450.72,10.46,7.56,0,79.15
1,222,757.48,655.64,13.97,11.39,0,159.19
3,222,1274.6,488.67,10.32,8.85,0,91.34
4,222,1138.55,707.08,12.72,10.53,0,133.98
5,222,948.54,484.93,13.17,12.2,0,160.78
19,222,105.99,205.58,17.12,12.99,0,222.44
25,222,535.44,238.65,12.42,11.7,0,145.22
15,222,1134.72,167.53,12.29,9.97,0,122.57
10,222,577.19,451.03,11.03,7.97,0,87.87
1,223,758.22,655.98,13.96,11.44,0,159.73
3,223,1274.85,488.75,10.29,8.98,0,92.39
4,223,1138.9,706.8,13.0,10.81,0,140.55
5,223,948.41,484.05,13.15,12.18,0,160.21
19,223,106.8,205.73,16.82,12.76,0,214.56
25,223,535.08,238.29,12.66,11.92,0,150.89
15,223,1133.65,168.69,12.18,9.85,0,120.0
10,223,575.54,451.74,11.23,8.09,0,90.91
1,224,758.63,656.22,14.2,11.66,0,165.56
3,224,1275.03,489.14,9.94,8.89,0,88.37
4,224,1139.38,706.47,13.0,10.85,0,141.14
5,224,948.35,483.36,13.42,12.45,0,167.11
19,224,107.54,205.79,17.01,12.9,0,219.3
25,224,534.41,237.95,12.58,11.81,0,148.59
15,224,1132.73,169.75,12.48,10.09,0,125.98
10,224,573.96,452.0,11.18,8.02,0,89.63
1,225,759.07,656.37,14.14,11.62,0,164.36
3,225,1275.24,489.36,9.51,8.77,0,83.42
4,225,1140.17,706.17,12.85,10.78,0,138.57
5,225,948.29,482.48,13.55,12.6,0,170.73
19,225,108.33,205.99,17.09,12.99,0,222.0
25,225,533.68,237.7,12.55,11.77,0,147.68
15,225,1131.63,171.17,11.65,9.38,0,109.34
10,225,572.73,452.29,11.21,7.99,0,89.57
1,226,759.86,656.59,13.94,11.53,0,160.73
3,226,1275.48,489.72,9.05,8.63,0,78.04
4,226,1140.43,705.87,12.83,10.79,0,138.42
5,226,948.23,481.61,13.58,12.7,0,172.36
19,226,109.22,206.24,16.73,12.68,0,212.02
25,226,532.93,236.94,12.09,11.28,0,136.29
15,226,1130.68,171.85,11.9,9.57,0,113.84
10,226,571.08,452.62,10.57,7.53,0,79.6
1,227,760.38,656.84,13.78,11.47,0,158.04
3,227,1275.74,489.84,8.52,8.37,0,71.32
4,227,1140.64,705.61,12.9,10.85,0,139.97
5,227,948.1,480.86,13.65,12.8,0,174.68
19,227,109.86,206.21,16.63,12.54,0,208.56
25,227,532.14,236.51,11.79,10.92,0,128.7
15,227,1129.63,172.92,11.72,9.43,0,110.6
10,227,570.12,453.2,10.88,7.76,0,84.48
1,228,761.26,657.18,13.41,11.25,0,150.81
3,228,1275.84,490.14,8.32,8.5,0,70.73
4,228,1140.85,705.35,12.85,10.8,0,138.76
5,228,948.03,479.44,13.35,12.53,0,167.35
19,228,110.7,206.4,16.56,12.46,0,206.21
25,228,531.55,236.5,11.69,10.7,0,125.12
15,228,1128.55,173.87,12.24,9.84,0,120.52
10,228,569.37,453.76,10.91,7.78,0,84.9
1,229,761.63,657.45,13.57,11.42,0,155.03
3,229,1276.04,490.29,7.92,8.49,0,67.24
4,229,1141.16,705.01,12.73,10.69,0,136.11
5,229,947.91,478.42,12.86,12.09,0,155.55
19,229,111.69,206.52,16.85,12.61,0,212.41
25,229,530.82,236.39,12.04,10.94,0,131.69
15,229,1127.79,174.77,12.7,10.28,0,130.62
10,229,567.65,454.44,11.08,7.92,0,87.71
1,230,762.01,658.04,14.05,11.92,0,167.5
3,230,1276.29,490.45,7.42,8.31,0,61.7
4,230,1141.63,704.48,12.94,10.9,0,141.08
5,230,947.88,477.62,13.08,12.35,0,161.64
19,230,112.32,206.58,16.5,12.22,0,201.68
25,230,529.95,235.89,12.36,11.19,0,138.32
15,230,1126.43,176.34,12.81,10.48,0,134.3
10,230,566.38,454.57,11.27,8.06,0,90.86
1,231,762.62,658.51,14.29,12.24,0,174.98
3,231,1276.56,490.97,6.88,8.0,0,55.03
4,231,1142.27,704.27,12.97,10.98,0,142.48
5,231,947.83,476.9,12.79,12.08,0,154.49
19,231,112.81,206.47,16.92,12.59,0,212.95
25,231,528.83,235.37,12.02,10.7,0,128.58
15,231,1125.35,177.35,13.05,10.68,0,139.35
10,231,565.17,454.84,10.84,7.71,0,83.58
1,232,763.01,658.68,14.56,12.58,0,183.18
3,232,1276.79,491.27,6.42,7.77,0,49.87
4,232,1142.5,704.06,12.82,10.9,0,139.74
5,232,947.71,475.77,12.57,11.88,0,149.27
19,232,113.32,206.51,17.42,13.03,0,226.94
25,232,527.83,235.17,12.23,10.81,0,132.19
15,232,1124.41,177.95,12.5,10.18,0,127.32
10,232,563.87,455.09,11.13,7.89,0,87.87
1,233,763.56,658.85,14.26,12.33,0,175.82
3,233,1276.98,491.45,6.04,7.57,0,45.77
4,233,1142.72,703.69,12.85,11.01,0,141.57
5,233,947.58,474.83,12.93,12.26,0,158.53
19,233,113.93,206.54,17.38,13.0,0,225.98
25,233,526.96,235.05,12.59,11.09,0,139.62
15,233,1123.43,178.84,12.86,10.52,0,135.27
10,233,563.04,455.38,11.08,7.86,0,87.08
1,234,763.94,659.06,13.93,12.0,0,167.21
3,234,1277.08,491.65,5.84,7.47,0,43.6
4,234,1143.5,703.3,12.85,11.09,0,142.48
5,234,947.45,473.48,13.02,12.41,0,161.55
19,234,114.94,206.59,17.28,13.01,0,224.8
25,234,526.32,234.9,13.03,11.46,0,149.36
15,234,1122.87,179.87,12.97,10.7,0,138.8
10,234,561.93,455.58,11.26,8.02,0,90.27
1,235,764.26,659.15,13.89,11.91,0,165.4
3,235,1277.19,491.83,5.61,7.2,0,40.38
4,235,1143.46,702.87,13.12,11.42,0,149.8
5,235,947.28,472.49,12.94,12.35,0,159.85
19,235,115.86,206.85,16.98,12.85,0,218.11
25,235,525.47,234.83,12.9,11.32,0,146.04
15,235,1121.56,180.74,13.11,10.93,0,143.38
10,235,560.59,456.24,10.71,7.65,0,81.99
1,236,764.63,659.15,13.97,11.98,0,167.25
3,236,1277.23,492.22,5.55,7.11,0,39.44
4,236,1144.12,702.44,12.85,11.25,0,144.53
5,236,946.95,471.67,12.47,11.93,0,148.76
19,236,116.85,206.98,16.79,12.72,0,213.61
25,236,524.18,234.93,12.21,10.71,0,130.67
15,236,1120.73,181.68,12.82,10.71,0,137.33
10,236,559.48,456.71,10.57,7.5,0,79.27
1,237,764.99,659.3,14.12,12.11,0,170.91
3,237,1277.26,492.56,5.48,6.87,0,37.61
4,237,1144.4,702.27,12.85,11.33,0,145.54
5,237,946.76,470.66,12.35,11.85,0,146.44
19,237,117.74,207.29,16.43,12.37,0,203.25
25,237,523.33,235.17,12.36,10.8,0,133.53
15,237,1119.08,182.89,12.63,10.59,0,133.71
10,237,558.25,457.45,11.66,8.3,0,96.78
1,238,765.59,659.36,13.88,11.85,0,164.44
4,238,1144.58,702.1,12.74,11.29,0,143.84
5,238,946.72,469.76,12.53,12.07,0,151.26
19,238,118.45,207.48,16.53,12.38,0,204.73
25,238,522.9,235.11,12.54,10.96,0,137.44
15,238,1117.7,184.42,12.75,10.76,0,137.23
10,238,556.98,458.03,11.28,8.0,0,90.19
1,239,766.18,659.63,13.6,11.55,0,157.1
4,239,1145.08,701.5,12.44,11.13,0,138.46
5,239,946.92,468.96,12.65,12.23,0,154.61
19,239,119.39,207.82,17.14,12.89,0,220.97
25,239,522.55,235.17,12.85,11.22,0,144.15
15,239,1116.87,185.31,12.69,10.75,0,136.36
10,239,555.76,458.75,10.73,7.57,0,81.3
3,239,1277.34,493.15,5.31,6.29,0,33.42
1,240,766.55,659.92,13.27,11.21,0,148.79
4,240,1145.21,701.22,12.33,11.14,0,137.31
5,240,946.83,468.39,12.49,12.04,0,150.36
19,240,120.36,208.05,17.25,13.05,0,225.18
25,240,521.1,235.41,12.86,11.23,0,144.43
15,240,1116.16,186.26,12.14,10.23,0,124.25
10,240,554.91,459.4,10.59,7.56,0,80.11
1,241,766.98,660.3,13.38,11.27,0,150.86
4,241,1145.66,700.79,12.01,10.92,0,131.11
5,241,946.83,467.47,12.51,12.03,0,150.51
19,241,121.49,208.27,17.55,13.35,0,234.21
25,241,519.84,235.64,13.1,11.47,0,150.22
15,241,1115.55,187.16,12.72,10.73,0,136.49
10,241,553.86,460.04,10.79,7.74,0,83.45
1,242,767.61,660.52,13.35,11.21,0,149.63
4,242,1145.83,700.7,11.76,10.76,0,126.51
5,242,946.88,466.27,12.99,12.56,0,163.16
19,242,122.45,208.21,17.23,13.05,0,224.77
25,242,519.1,235.59,13.04,11.4,0,148.65
15,242,1114.42,188.33,12.44,10.57,0,131.51
10,242,552.95,460.7,11.08,7.96,0,88.16
1,243,768.2,660.91,13.42,11.22,0,150.67
4,243,1145.99,700.45,11.68,10.75,0,125.53
5,243,946.8,465.09,12.97,12.59,0,163.28
19,243,123.14,208.46,17.17,13.05,0,224.01
25,243,518.41,235.7,13.02,11.4,0,148.46
15,243,1113.52,189.16,12.42,10.69,0,132.71
10,243,551.5,461.68,10.63,7.65,0,81.32
1,244,768.46,661.33,13.54,11.23,0,151.97
4,244,1146.01,700.2,11.7,10.84,0,126.84
5,244,946.74,464.29,12.98,12.65,0,164.17
19,244,123.66,208.76,17.65,13.49,0,238.14
25,244,517.68,235.95,13.05,11.43,0,149.1
15,244,1112.54,190.12,12.42,10.67,0,132.47
10,244,550.17,462.16,10.57,7.57,0,80.04
1,245,768.94,661.64,13.91,11.52,0,160.17
4,245,1146.66,699.8,11.4,10.61,0,121.01
5,245,946.68,463.44,12.9,12.6,0,162.58
19,245,124.38,208.69,17.32,13.32,0,230.74
25,245,516.71,236.05,13.02,11.34,0,147.65
15,245,1111.89,190.88,12.4,10.65,0,132.11
10,245,548.99,462.68,10.81,7.7,0,83.26
1,246,769.56,662.28,14.05,11.67,0,164.02
4,246,1147.14,699.53,11.37,10.6,0,120.46
5,246,946.85,462.68,12.91,12.63,0,163.1
19,246,125.32,208.84,17.25,13.28,0,229.17
25,246,515.73,236.24,12.73,11.04,0,140.47
15,246,1111.04,191.85,12.29,10.59,0,130.07
10,246,547.82,463.25,10.95,7.8,0,85.36
1,247,770.29,662.88,14.25,11.88,0,169.3
4,247,1147.57,699.5,11.42,10.66,0,121.69
5,247,947.07,461.57,13.09,12.87,0,168.48
19,247,125.87,208.9,16.78,12.9,0,216.51
25,247,514.68,236.31,12.38,10.69,0,132.36
15,247,1110.15,192.77,12.13,10.48,0,127.15
10,247,546.28,464.11,10.91,7.77,0,84.78
1,248,770.97,663.3,13.91,11.58,0,161.0
4,248,1147.9,699.46,11.58,10.83,0,125.4
5,248,947.5,460.46,13.17,13.01,0,171.35
19,248,126.21,208.92,16.78,12.92,0,216.81
25,248,513.82,236.42,12.53,10.85,0,135.94
15,248,1109.54,193.76,12.16,10.49,0,127.56
10,248,545.22,465.05,10.27,7.3,0,74.9
1,249,771.68,663.48,13.65,11.31,0,154.37
4,249,1148.28,699.15,11.7,10.93,0,127.92
5,249,947.72,459.32,13.14,13.04,0,171.36
19,249,126.76,208.72,16.94,13.05,0,221.1
25,249,512.24,236.51,12.35,10.76,0,132.9
15,249,1109.29,194.13,12.51,10.85,0,135.69
10,249,544.08,465.49,10.55,7.5,0,79.15
1,250,772.49,663.68,13.19,10.9,0,143.73
4,250,1148.55,698.69,11.81,11.05,0,130.59
5,250,948.03,458.36,12.71,12.65,0,160.75
19,250,127.63,208.5,17.06,13.12,0,223.81
25,250,511.22,237.1,12.71,11.05,0,140.46
15,250,1108.61,195.27,11.9,10.25,0,121.95
10,250,542.69,466.42,10.65,7.59,0,80.81
1,251,773.23,664.11,13.47,11.16,0,150.31
4,251,1148.64,698.32,11.85,11.1,0,131.51
5,251,948.29,457.06,12.65,12.6,0,159.33
19,251,128.2,208.29,17.11,13.16,0,225.22
25,251,510.46,237.31,13.22,11.55,0,152.66
15,251,1108.17,196.28,12.1,10.48,0,126.74
10,251,541.51,467.03,10.43,7.42,0,77.46
1,252,773.97,664.55,13.64,11.31,0,154.19
4,252,1148.79,698.17,11.98,11.2,0,134.17
5,252,948.34,455.84,12.65,12.6,0,159.33
19,252,128.98,208.21,17.41,13.34,0,232.23
25,252,509.82,237.67,13.25,11.64,0,154.14
15,252,1107.67,196.92,11.78,10.16,0,119.62
10,252,540.41,467.8,10.54,7.5,0,79.12
1,253,774.74,664.99,13.61,11.34,0,154.37
4,253,1149.1,698.21,11.89,11.05,0,131.4
5,253,948.53,454.87,12.54,12.47,0,156.44
19,253,129.31,208.1,17.12,13.11,0,224.44
25,253,509.33,238.02,13.2,11.56,0,152.54
15,253,1107.6,197.65,11.51,9.82,0,113.07
10,253,538.82,468.52,10.04,7.18,0,72.14
1,254,775.46,665.28,13.79,11.54,0,159.08
4,254,1149.55,698.06,11.87,10.99,0,130.44
5,254,948.79,454.17,12.28,12.17,0,149.5
19,254,130.02,207.85,16.92,12.97,0,219.53
25,254,508.89,238.38,13.74,12.0,0,164.79
15,254,1107.23,198.43,11.32,9.58,0,108.44
10,254,537.7,468.93,10.0,7.19,0,71.97
1,255,776.41,665.49,13.73,11.51,0,158.02
4,255,1150.21,697.62,11.91,11.05,0,131.58
5,255,949.05,453.35,12.5,12.36,0,154.57
19,255,130.89,207.88,16.62,12.77,0,212.27
25,255,508.08,238.71,13.1,11.34,0,148.62
15,255,1106.73,199.1,11.82,9.96,0,117.71
10,255,537.17,469.69,10.15,7.34,0,74.46
1,256,777.37,665.57,13.92,11.71,0,162.97
4,256,1150.72,697.21,11.93,11.13,0,132.79
5,256,949.2,452.38,12.76,12.56,0,160.33
19,256,131.81,207.8,16.81,12.97,0,218.0
25,256,507.48,239.08,12.94,11.07,0,143.32
15,256,1106.35,199.66,11.78,9.87,0,116.31
10,256,536.48,470.42,10.5,7.64,0,80.28
1,257,778.29,665.69,13.99,11.84,0,165.61
4,257,1151.12,696.87,11.87,11.09,0,131.63
5,257,949.35,450.77,12.73,12.46,0,158.57
19,257,132.88,207.64,16.83,12.99,0,218.71
25,257,506.83,239.25,13.11,11.26,0,147.62
15,257,1105.91,200.47,11.73,9.79,0,114.84
10,257,535.45,470.89,9.92,7.25,0,71.95
1,258,779.15,665.7,14.01,11.86,0,166.2
4,258,1151.69,696.57,11.68,10.92,0,127.52
5,258,949.72,449.27,12.96,12.58,0,163.14
19,258,133.4,207.2,17.19,13.32,0,229.02
25,258,506.17,239.22,13.25,11.45,0,151.72
15,258,1105.52,201.16,12.11,10.05,0,121.73
10,258,534.73,471.15,9.76,7.2,0,70.24
1,259,780.07,665.68,14.04,11.91,0,167.26
4,259,1152.14,695.88,12.08,11.4,0,137.77
5,259,949.9,448.22,13.1,12.6,0,165.0
19,259,134.26,206.91,17.33,13.44,0,232.88
25,259,505.26,239.35,13.89,12.09,0,167.95
15,259,1105.21,201.77,12.5,10.48,0,130.99
10,259,533.69,471.27,9.65,7.17,0,69.21
1,260,780.84,665.46,14.03,11.93,0,167.4
4,260,1152.61,695.22,12.1,11.57,0,139.99
5,260,950.61,447.03,13.36,12.89,0,172.16
19,260,135.13,206.56,17.09,13.25,0,226.43
25,260,503.76,239.86,13.54,11.76,0,159.32
15,260,1104.76,202.58,12.61,10.6,0,133.68
10,260,532.54,471.62,9.86,7.41,0,73.05
1,261,781.41,665.26,13.59,11.55,0,156.98
4,261,1152.77,694.71,12.02,11.58,0,139.18
5,261,950.81,445.37,13.08,12.66,0,165.5
19,261,135.88,206.14,16.59,12.83,0,212.85
25,261,502.49,240.22,13.22,11.61,0,153.58
15,261,1104.22,203.31,12.5,10.49,0,131.1
10,261,531.39,472.3,9.73,7.37,0,71.7
1,262,782.02,665.2,13.74,11.7,0,160.72
4,262,1153.02,694.35,11.68,11.31,0,132.09
5,262,951.24,444.24,12.95,12.59,0,163.02
19,262,136.53,205.84,16.76,12.98,0,217.58
25,262,501.78,240.64,12.79,11.34,0,145.09
15,262,1103.28,203.96,12.27,10.31,0,126.42
10,262,530.36,472.83,9.43,7.22,0,68.04
1,263,782.52,665.32,13.87,11.85,0,164.32
4,263,1153.17,694.09,11.6,11.27,0,130.73
5,263,951.35,443.07,13.21,12.89,0,170.24
19,263,137.04,205.56,16.58,12.86,0,213.31
25,263,501.07,240.79,12.83,11.49,0,147.37
15,263,1102.82,204.82,12.27,10.4,0,127.55
10,263,529.39,473.24,9.15,7.04,0,64.41
42,263,718.19,478.14,11.74,7.55,0,88.6
1,264,782.93,665.47,14.12,12.13,0,171.25
4,264,1153.33,693.85,11.54,11.3,0,130.45
5,264,951.81,441.8,12.8,12.51,0,160.08
19,264,137.37,205.4,16.45,12.8,0,210.51
25,264,500.28,241.45,12.66,11.37,0,143.96
15,264,1102.06,205.72,11.98,10.14,0,121.54
10,264,528.5,473.8,9.12,7.0,0,63.83
42,264,718.19,477.26,13.36,8.6,0,114.81
1,265,783.76,665.35,13.79,11.84,0,163.28
4,265,1153.64,693.43,11.47,11.27,0,129.31
5,265,952.11,440.52,12.57,12.33,0,155.03
19,265,137.76,205.01,16.44,12.82,0,210.79
25,265,499.67,241.79,13.19,11.9,0,156.97
15,265,1101.85,206.45,12.15,10.27,0,124.81
10,265,527.35,474.35,9.04,6.98,0,63.1
1,266,784.82,665.28,13.77,11.83,0,162.86
4,266,1153.74,693.09,11.4,11.22,0,127.91
5,266,952.47,439.06,12.65,12.42,0,157.12
19,266,138.3,204.69,17.0,13.3,0,226.04
25,266,498.75,242.23,13.16,11.92,0,156.91
15,266,1101.65,207.04,12.59,10.71,0,134.91
10,266,526.38,474.9,9.02,6.99,0,63.06
1,267,785.71,665.52,13.9,11.97,0,166.42
4,267,1154.05,692.62,11.32,11.15,0,126.25
5,267,952.85,437.68,12.39,12.14,0,150.3
19,267,138.94,204.23,16.87,13.26,0,223.73
25,267,497.95,242.72,12.81,11.66,0,149.43
15,267,1101.42,207.5,12.53,10.66,0,133.57
10,267,525.04,475.7,8.96,6.85,0,61.43
1,268,786.29,665.75,13.85,12.0,0,166.25
4,268,1154.22,692.43,11.27,11.07,0,124.76
5,268,952.95,436.87,12.43,12.17,0,151.32
19,268,139.24,203.81,16.39,12.92,0,211.67
25,268,497.1,243.28,12.87,11.74,0,151.06
15,268,1101.09,208.38,12.81,11.02,0,141.06
10,268,523.48,476.58,9.11,6.97,0,63.54
1,269,786.94,666.07,13.98,12.16,0,170.04
4,269,1154.5,692.2,11.21,10.96,0,122.85
5,269,953.14,436.05,12.63,12.39,0,156.48
19,269,139.68,203.48,16.62,13.18,0,219.14
25,269,495.9,243.82,12.71,11.59,0,147.36
15,269,1100.78,209.34,12.8,11.1,0,142.07
10,269,522.25,477.36,9.38,7.19,0,67.49
42,269,716.71,474.31,15.6,10.13,0,157.96
1,270,787.85,666.13,13.74,11.96,0,164.34
4,270,1154.75,691.9,11.03,10.77,0,118.87
5,270,953.39,434.97,12.78,12.55,0,160.45
19,270,140.18,203.47,16.13,12.79,0,206.29
25,270,495.0,244.52,13.24,12.13,0,160.65
15,270,1100.46,210.41,12.84,11.19,0,143.73
10,270,521.36,477.95,9.48,7.31,0,69.34
42,270,716.76,474.06,14.28,9.29,0,132.66
1,271,788.76,666.31,13.17,11.44,0,150.71
4,271,1154.86,691.75,11.04,10.8,0,119.13
5,271,953.6,433.99,12.91,12.75,0,164.52
19,271,140.66,203.34,15.95,12.66,0,201.98
25,271,493.97,245.56,13.06,12.03,0,157.15
15,271,1100.1,211.47,13.03,11.44,0,148.99
10,271,520.31,478.57,9.66,7.51,0,72.54
1,272,789.22,666.61,13.02,11.32,0,147.45
4,272,1154.65,691.4,11.12,10.91,0,121.39
5,272,953.6,433.11,12.85,12.7,0,163.13
19,272,140.98,203.32,16.46,13.13,0,216.22
25,272,493.19,246.4,13.0,11.96,0,155.47
15,272,1099.26,212.68,13.09,11.62,0,152.13
10,272,519.31,479.26,9.65,7.59,0,73.23
42,272,716.13,471.9,13.89,9.08,0,126.05
1,273,789.75,666.96,12.96,11.31,0,146.67
4,273,1154.54,691.22,11.21,11.05,0,123.85
5,273,953.81,432.1,13.07,12.97,0,169.53
19,273,141.43,202.9,16.38,13.11,0,214.8
25,273,492.52,247.13,13.19,12.17,0,160.44
15,273,1098.65,213.64,12.33,10.96,0,135.16
10,273,517.98,480.26,9.49,7.45,0,70.71
42,273,715.78,470.8,13.64,8.96,0,122.27
1,274,790.09,667.1,13.06,11.41,0,149.04
4,274,1154.37,691.01,11.5,11.37,0,130.79
5,274,953.84,431.39,13.36,13.36,0,178.48
19,274,142.04,202.71,16.2,12.96,0,210.05
25,274,491.92,248.48,13.29,12.34,0,163.94
15,274,1097.96,214.62,12.42,11.09,0,137.75
10,274,516.63,481.06,9.31,7.31,0,68.03
42,274,715.65,470.21,14.65,9.65,0,141.37
1,275,790.83,667.41,12.54,11.0,0,137.95
4,275,1154.17,690.73,11.51,11.4,0,131.18
5,275,953.66,429.91,12.98,13.02,0,169.01
19,275,142.52,202.76,16.3,13.01,0,211.96
25,275,490.94,249.38,13.38,12.46,0,166.63
15,275,1097.18,215.64,12.42,11.13,0,138.25
10,275,515.53,481.82,8.92,7.02,0,62.67
42,275,714.41,469.92,14.29,9.51,0,135.83
1,276,791.77,667.41,12.38,10.91,0,135.1
4,276,1153.88,690.36,11.52,11.42,0,131.65
5,276,953.46,429.04,13.12,13.21,0,173.32
19,276,142.99,202.92,16.24,12.94,0,210.2
25,276,490.25,250.13,13.41,12.59,0,168.85
15,276,1096.74,216.51,12.41,11.22,0,139.26
10,276,514.75,482.45,8.67,6.85,0,59.45
42,276,714.32,469.53,14.3,9.56,0,136.77
1,277,792.37,667.83,12.18,10.76,0,131.15
4,277,1153.59,690.17,11.42,11.34,0,129.48
5,277,953.28,428.07,13.19,13.36,0,176.24
19,277,143.6,202.87,16.18,12.9,0,208.67
25,277,489.35,251.43,13.44,12.65,0,169.97
15,277,1095.18,218.02,12.17,11.02,0,134.1
10,277,513.77,483.3,9.21,7.34,0,67.63
1,278,792.78,668.68,12.83,11.38,0,146.04
4,278,1153.47,690.16,11.39,11.31,0,128.78
5,278,953.52,426.94,12.7,12.84,0,163.15
19,278,144.56,202.61,16.04,12.78,0,204.88
25,278,488.52,253.25,13.56,12.81,0,173.66
15,278,1094.58,219.17,11.6,10.49,0,121.62
10,278,512.71,484.23,9.03,7.32,0,66.15
42,278,712.65,468.55,15.34,10.28,0,157.69
1,279,793.57,669.38,12.87,11.51,0,148.12
4,279,1153.71,690.1,11.29,11.25,0,127.07
5,279,953.68,425.81,12.67,12.8,0,162.15
19,279,145.27,202.61,16.81,13.37,0,224.81
25,279,487.77,254.63,13.61,12.95,0,176.24
15,279,1094.45,220.32,11.75,10.67,0,125.34
10,279,512.25,484.98,9.03,7.38,0,66.63
42,279,712.77,468.04,15.35,10.32,0,158.4
1,280,794.42,669.89,12.55,11.28,0,141.57
4,280,1153.89,690.02,11.51,11.52,0,132.62
5,280,954.0,424.52,12.35,12.49,0,154.25
19,280,145.83,202.81,16.63,13.22,0,219.99
25,280,487.22,255.67,13.79,13.24,0,182.62
15,280,1094.41,221.48,12.02,10.98,0,132.04
10,280,511.3,486.12,8.38,6.84,0,57.31
42,280,712.8,467.34,15.27,10.28,0,156.95
1,281,795.35,670.48,12.2,10.97,0,133.85
4,281,1154.24,690.0,11.35,11.43,0,129.66
5,281,954.2,423.6,12.14,12.29,0,149.16
19,281,146.17,202.84,16.22,12.86,0,208.59
25,281,486.66,257.07,13.35,12.87,0,171.74
15,281,1094.26,222.54,12.07,11.07,0,133.62
10,281,510.65,486.99,8.4,6.89,0,57.87
42,281,711.66,467.62,15.78,10.59,0,167.13
1,282,796.04,670.97,12.43,11.14,0,138.46
4,282,1154.54,690.05,11.3,11.43,0,129.15
5,282,954.77,422.65,11.58,11.66,0,134.93
19,282,146.71,202.74,16.25,12.89,0,209.47
25,282,486.36,257.81,13.05,12.61,0,164.52
15,282,1094.06,223.47,11.91,10.97,0,130.61
10,282,509.64,487.51,8.24,6.82,0,56.22
42,282,711.84,466.77,15.97,10.79,0,172.39
1,283,796.68,671.65,12.6,11.27,0,142.04
4,283,1154.86,690.07,11.13,11.3,0,125.81
5,283,955.09,421.82,12.03,12.09,0,145.42
19,283,147.19,202.7,16.45,13.07,0,215.09
25,283,485.54,259.15,13.09,12.69,0,166.08
15,283,1093.57,224.79,11.97,11.04,0,132.16
10,283,508.75,488.46,8.42,6.94,0,58.44
42,283,711.21,466.04,14.37,9.65,0,138.62
1,284,797.19,672.21,12.84,11.47,0,147.36
4,284,1154.91,690.1,11.11,11.34,0,126.07
5,284,955.4,420.89,12.21,12.26,0,149.65
19,284,147.64,202.73,16.85,13.44,0,226.51
25,284,484.67,260.85,12.81,12.36,0,158.38
15,284,1093.31,225.99,12.14,11.24,0,136.46
10,284,507.78,489.47,8.25,6.79,0,55.96
1,285,797.9,672.64,12.68,11.34,0,143.76
4,285,1154.96,690.08,11.13,11.38,0,126.57
5,285,955.78,419.99,13.19,13.29,0,175.22
19,285,147.94,202.63,16.85,13.47,0,226.98
25,285,483.77,262.24,12.58,12.13,0,152.64
15,285,1093.2,226.69,12.18,11.29,0,137.47
10,285,506.68,490.65,8.21,6.74,0,55.27
42,285,711.04,465.26,13.66,9.18,0,125.38
1,286,798.3,672.99,12.53,11.14,0,139.57
4,286,1155.1,689.93,11.38,11.68,0,132.98
5,286,955.88,419.21,13.27,13.44,0,178.34
19,286,148.07,202.65,16.61,13.3,0,220.99
25,286,483.01,263.17,12.33,11.85,0,146.11
15,286,1092.63,227.96,12.1,11.21,0,135.63
10,286,505.83,491.57,8.27,6.85,0,56.62
42,286,710.44,464.94,13.34,8.92,0,119.02
1,287,798.7,673.51,13.01,11.51,0,149.75
4,287,1155.24,689.84,11.48,11.82,0,135.7
5,287,955.82,418.25,12.86,13.08,0,168.19
19,287,148.1,202.61,16.6,13.32,0,221.19
25,287,482.18,264.14,12.73,12.31,0,156.65
15,287,1092.16,229.04,12.13,11.28,0,136.88
10,287,504.94,492.27,8.55,7.1,0,60.75
1,288,798.83,673.89,13.42,11.84,0,158.96
4,288,1155.22,689.75,11.39,11.76,0,133.96
5,288,955.78,416.85,13.02,13.27,0,172.7
19,288,148.14,202.03,16.82,13.55,0,227.91
25,288,481.49,265.11,12.98,12.62,0,163.82
15,288,1091.51,229.97,12.08,11.21,0,135.41
10,288,504.23,493.03,9.23,7.67,0,70.86
42,288,709.49,463.27,14.35,9.63,0,138.22
1,289,799.38,674.03,13.39,11.82,0,158.32
4,289,1155.09,689.4,11.22,11.64,0,130.67
5,289,955.82,415.76,13.1,13.44,0,176.14
19,289,148.19,201.47,16.89,13.65,0,230.45
25,289,480.62,265.97,13.22,12.93,0,170.95
15,289,1090.8,230.59,11.79,10.93,0,128.8
10,289,503.03,493.79,9.16,7.66,0,70.2
42,289,709.45,462.54,13.67,9.23,0,126.16
1,290,799.88,674.25,13.32,11.7,0,155.87
4,290,1154.91,689.02,11.31,11.79,0,133.29
5,290,955.87,414.56,12.7,13.05,0,165.64
19,290,148.34,201.08,16.89,13.66,0,230.76
25,290,479.51,267.28,12.59,12.39,0,155.98
15,290,1090.29,231.14,11.71,10.79,0,126.33
10,290,502.02,494.21,9.31,7.72,0,71.9
42,290,709.06,461.49,12.39,8.32,0,103.02
1,291,800.46,674.41,13.08,11.44,0,149.61
4,291,1154.67,688.69,11.36,11.86,0,134.74
5,291,955.96,413.37,12.23,12.58,0,153.9
19,291,148.54,200.84,16.48,13.31,0,219.27
25,291,478.73,268.47,12.34,12.19,0,150.42
15,291,1089.57,232.13,11.7,10.73,0,125.49
10,291,500.88,494.75,9.08,7.48,0,67.92
42,291,708.88,461.55,12.91,8.69,0,112.17
1,292,800.85,674.55,12.98,11.28,0,146.49
4,292,1154.47,688.46,11.29,11.79,0,133.09
5,292,955.97,412.33,12.4,12.78,0,158.46
19,292,148.93,200.68,16.47,13.29,0,218.95
25,292,477.91,269.63,12.49,12.36,0,154.3
15,292,1088.86,233.2,11.85,10.84,0,128.46
10,292,499.78,495.46,9.4,7.76,0,72.93
42,292,708.7,460.58,12.71,8.59,0,109.13
1,293,801.16,674.75,13.1,11.34,0,148.5
4,293,1154.38,688.24,11.17,11.68,0,130.41
5,293,956.15,410.89,13.21,13.66,0,180.43
19,293,149.4,200.3,16.67,13.41,0,223.46
25,293,477.34,270.58,12.66,12.53,0,158.64
15,293,1088.28,234.05,11.97,10.92,0,130.68
10,293,498.7,496.46,8.86,7.33,0,64.97
42,293,708.38,460.11,12.56,8.5,0,106.73
1,294,801.46,674.88,13.28,11.45,0,152.05
4,294,1154.4,687.86,11.09,11.64,0,129.14
5,294,956.47,409.59,12.96,13.46,0,174.4
19,294,149.88,199.78,16.96,13.62,0,230.97
25,294,476.87,271.98,12.6,12.51,0,157.61
15,294,1087.65,234.76,12.22,11.19,0,136.78
10,294,497.84,497.19,8.89,7.35,0,65.35
42,294,708.22,459.93,12.96,8.8,0,114.04
1,295,801.73,675.09,13.57,11.68,0,158.56
4,295,1153.97,687.38,11.33,11.92,0,135.09
5,295,956.39,408.49,12.77,13.24,0,169.07
19,295,150.26,199.38,16.91,13.52,0,228.7
25,295,476.36,272.89,12.76,12.71,0,162.22
15,295,1086.7,235.76,11.82,10.78,0,127.43
10,295,496.73,498.0,8.84,7.31,0,64.65
42,295,707.76,459.51,13.23,8.99,0,118.98
1,296,802.21,675.4,13.66,11.71,0,159.91
4,296,1153.69,686.75,11.56,12.24,0,141.58
5,296,956.16,407.56,12.5,13.0,0,162.48
19,296,150.71,198.98,17.0,13.55,0,230.27
25,296,475.9,273.97,12.86,12.86,0,165.38
15,296,1085.94,237.15,12.05,11.01,0,132.67
10,296,495.61,498.6,8.74,7.17,0,62.67
42,296,706.85,458.99,13.38,9.14,0,122.31
1,297,802.62,675.5,13.73,11.71,0,160.79
4,297,1153.57,686.21,11.35,12.01,0,136.26
5,297,955.92,406.29,11.97,12.46,0,149.18
19,297,150.89,198.96,16.98,13.46,0,228.56
25,297,475.19,275.35,12.81,12.92,0,165.48
15,297,1085.39,238.22,12.12,11.07,0,134.17
10,297,494.31,499.36,8.77,7.16,0,62.81
42,297,706.5,458.23,13.31,9.07,0,120.8
1,298,802.89,675.5,13.86,11.76,0,163.02
4,298,1153.41,685.96,11.16,11.79,0,131.57
5,298,956.01,404.79,12.5,13.1,0,163.8
19,298,151.04,198.85,16.98,13.4,0,227.6
25,298,474.57,277.11,12.64,12.79,0,161.67
15,298,1084.79,238.92,12.28,11.28,0,138.55
10,298,493.12,500.19,8.76,7.13,0,62.46
42,298,705.66,457.27,12.42,8.45,0,104.9
1,299,803.41,675.89,13.9,11.74,0,163.27
4,299,1153.26,685.71,11.01,11.65,0,128.21
5,299,956.06,403.75,12.72,13.42,0,170.68
19,299,151.53,198.55,16.96,13.33,0,226.07
25,299,474.02,278.39,12.56,12.72,0,159.78
15,299,1084.26,239.92,12.15,11.26,0,136.78
10,299,492.34,500.99,8.94,7.2,0,64.39
42,299,705.28,457.06,12.87,8.7,0,112.01
1,300,804.28,676.17,14.03,11.8,0,165.52
4,300,1153.05,685.26,11.28,11.93,0,134.6
5,300,956.08,402.71,12.68,13.45,0,170.58
19,300,152.33,198.25,16.8,13.15,0,220.79
25,300,473.87,279.23,12.24,12.44,0,152.2
15,300,1083.8,241.01,11.76,10.95,0,128.77
10,300,491.17,501.94,8.89,7.14,0,63.47
42,300,705.19,456.66,13.47,9.12,0,122.83
1,301,805.0,676.07,13.91,11.65,0,162.03
4,301,1152.74,684.61,11.3,11.92,0,134.71
5,301,956.21,401.67,12.73,13.53,0,172.23
19,301,153.15,198.13,16.71,13.05,0,218.15
25,301,473.61,280.58,12.34,12.52,0,154.52
15,301,1083.56,242.12,12.16,11.31,0,137.61
10,301,490.28,502.4,8.71,6.96,0,60.6
42,301,705.44,456.57,14.51,9.83,0,142.56
1,302,805.56,676.09,14.14,11.82,0,167.06
4,302,1152.67,684.13,11.13,11.71,0,130.28
5,302,956.48,400.24,12.55,13.35,0,167.52
19,302,153.79,197.96,16.74,13.05,0,218.51
25,302,473.52,281.73,12.45,12.66,0,157.59
15,302,1083.05,243.03,12.49,11.69,0,146.0
10,302,489.33,502.97,8.81,7.02,0,61.86
42,302,705.3,456.31,14.84,10.04,0,149.01
1,303,806.24,676.36,14.28,11.93,0,170.28
4,303,1152.77,683.69,11.12,11.67,0,129.77
5,303,956.44,399.24,12.56,13.43,0,168.69
19,303,154.48,197.73,16.74,13.04,0,218.19
25,303,473.27,283.17,11.97,12.15,0,145.38
15,303,1082.8,243.76,12.47,11.72,0,146.16
10,303,488.62,503.59,8.82,7.06,0,62.2
42,303,705.26,455.82,15.58,10.58,0,164.77
51,303,89.16,377.64,10.25,12.08,0,123.86
1,304,806.94,676.46,14.25,11.89,0,169.52
4,304,1153.03,683.29,10.91,11.49,0,125.36
5,304,956.85,398.68,12.83,13.75,0,176.4
19,304,155.31,197.5,16.84,13.11,0,220.77
25,304,472.99,284.98,11.31,11.4,0,128.9
15,304,1082.35,244.65,12.76,12.06,0,153.84
10,304,488.26,504.57,8.9,7.1,0,63.18
42,304,705.1,455.01,14.8,10.18,0,150.55
51,304,89.67,377.32,10.16,11.97,0,121.56
1,305,807.59,676.43,14.25,11.91,0,169.72
4,305,1153.0,682.69,11.19,11.83,0,132.44
5,305,957.15,397.45,12.68,13.62,0,172.7
19,305,156.39,197.2,16.77,13.06,0,219.0
25,305,472.88,286.17,11.64,11.76,0,136.85
15,305,1081.61,245.92,12.54,11.83,0,148.4
10,305,487.54,505.25,9.03,7.25,0,65.48
42,305,704.05,454.26,13.99,9.74,0,136.28
51,305,89.78,377.7,10.19,12.0,0,122.35
1,306,808.26,676.46,14.29,11.96,0,170.86
4,306,1152.85,682.23,11.38,12.06,0,137.27
5,306,957.23,396.09,12.68,13.65,0,173.11
19,306,157.29,197.01,16.64,12.97,0,215.84
25,306,472.87,287.7,11.75,11.9,0,139.87
15,306,1080.9,246.77,12.48,11.8,0,147.26
10,306,486.83,506.23,8.85,7.12,0,62.95
42,306,703.5,453.82,13.64,9.54,0,130.13
51,306,89.64,376.94,10.84,12.8,0,138.72
1,307,808.83,676.77,14.38,12.07,0,173.57
4,307,1152.69,681.93,11.08,11.77,0,130.38
5,307,957.48,394.35,12.33,13.17,0,162.43
19,307,157.99,196.79,16.47,12.8,0,210.77
25,307,472.59,289.42,11.69,11.85,0,138.56
15,307,1080.38,247.57,12.54,11.91,0,149.3
10,307,485.63,507.17,8.9,7.12,0,63.33
42,307,703.02,453.2,13.73,9.65,0,132.48
51,307,90.38,376.47,10.65,12.57,0,133.97
1,308,809.51,676.86,14.21,11.97,0,170.07
4,308,1152.41,681.65,11.11,11.83,0,131.53
5,308,957.38,393.24,12.37,13.17,0,162.86
19,308,158.68,196.84,16.56,12.85,0,212.79
25,308,472.34,290.4,12.15,12.34,0,150.04
15,308,1079.09,249.02,12.41,11.85,0,147.07
10,308,484.64,508.13,9.23,7.42,0,68.51
42,308,702.86,452.91,13.57,9.61,0,130.38
1,309,809.94,676.98,14.22,12.04,0,171.22
4,309,1151.86,681.2,10.97,11.66,0,127.95
5,309,957.33,392.33,12.61,13.36,0,168.42
19,309,159.68,196.76,16.76,12.95,0,216.96
25,309,472.2,291.51,12.34,12.51,0,154.36
15,309,1078.12,250.14,12.18,11.63,0,141.64
10,309,483.78,508.9,9.25,7.47,0,69.04
42,309,702.13,452.32,13.77,9.79,0,134.76
1,310,810.64,676.8,14.1,12.0,0,169.24
4,310,1151.46,680.55,11.08,11.79,0,130.72
5,310,957.3,391.65,12.32,13.0,0,160.27
19,310,160.63,196.6,16.84,13.01,0,219.18
25,310,472.18,293.08,12.31,12.48,0,153.6
15,310,1077.58,251.11,12.41,11.92,0,148.01
10,310,482.81,509.51,9.05,7.41,0,67.09
42,310,701.55,451.73,14.0,9.95,0,139.32
1,311,810.96,676.81,13.85,11.82,0,163.8
4,311,1151.11,680.19,11.06,11.8,0,130.56
5,311,956.98,390.59,12.62,13.3,0,167.91
19,311,161.39,196.25,16.69,12.88,0,214.92
25,311,472.07,294.64,12.0,12.24,0,146.91
15,311,1076.99,252.03,12.3,11.81,0,145.24
10,311,481.9,510.32,8.76,7.23,0,63.34
42,311,701.17,450.9,13.67,9.69,0,132.44
1,312,811.39,676.84,13.68,11.68,0,159.7
4,312,1150.67,679.73,10.97,11.69,0,128.26
5,312,956.99,389.17,12.62,13.33,0,168.27
19,312,162.02,196.0,16.83,13.0,0,218.9
25,312,471.69,296.18,11.92,12.13,0,144.62
15,312,1076.3,252.87,12.61,12.17,0,153.39
10,312,480.95,511.18,9.01,7.5,0,67.58
42,312,701.02,450.64,14.3,10.16,0,145.19
1,313,811.65,676.91,13.73,11.76,0,161.49
4,313,1150.19,679.29,10.84,11.55,0,125.25
5,313,956.88,387.8,12.67,13.42,0,170.04
19,313,162.59,195.9,17.12,13.32,0,227.94
25,313,471.57,297.3,12.16,12.35,0,150.19
15,313,1075.47,254.21,12.32,11.91,0,146.7
10,313,479.51,512.58,8.58,7.12,0,61.1
42,313,700.21,450.0,13.64,9.72,0,132.59
1,314,812.16,676.89,13.61,11.67,0,158.92
4,314,1149.59,679.1,10.73,11.42,0,122.57
5,314,956.77,386.99,12.11,12.81,0,155.16
19,314,163.08,195.72,16.96,13.19,0,223.74
25,314,471.46,298.31,12.64,12.89,0,162.95
15,314,1074.21,255.65,12.24,11.88,0,145.42
10,314,478.78,513.12,8.46,7.05,0,59.68
42,314,699.85,449.64,14.14,10.14,0,143.35
1,315,812.62,676.81,13.61,11.67,0,158.78
4,315,1149.09,678.8,10.56,11.2,0,118.29
5,315,956.6,385.83,11.96,12.62,0,150.89
19,315,163.96,195.45,16.92,13.21,0,223.49
25,315,471.18,299.69,12.34,12.66,0,156.26
15,315,1073.42,256.67,11.97,11.58,0,138.63
10,315,477.66,513.69,8.74,7.27,0,63.49
42,315,699.06,449.04,13.59,9.76,0,132.62
1,316,812.97,676.79,13.55,11.61,0,157.26
4,316,1148.56,678.34,10.67,11.32,0,120.82
5,316,956.41,384.56,11.96,12.66,0,151.41
19,316,164.57,195.19,16.73,13.08,0,218.88
25,316,470.64,301.6,12.07,12.33,0,148.81
15,316,1072.45,257.74,12.25,11.91,0,145.95
10,316,476.78,514.49,8.51,7.03,0,59.84
42,316,698.59,449.02,13.89,10.02,0,139.26
1,317,813.31,676.79,13.73,11.8,0,161.94
4,317,1148.16,677.81,10.82,11.47,0,124.11
5,317,956.33,383.7,11.9,12.59,0,149.76
19,317,165.21,194.86,17.13,13.48,0,230.83
25,317,470.27,302.58,12.15,12.38,0,150.33
15,317,1071.23,258.67,12.18,11.88,0,144.68
10,317,475.1,515.44,8.19,6.73,0,55.07
42,317,698.08,448.41,13.9,10.1,0,140.43
1,318,813.72,676.77,13.68,11.84,0,161.97
4,318,1147.94,677.53,10.74,11.37,0,122.11
5,318,956.21,382.76,11.71,12.41,0,145.36
19,318,165.72,194.69,16.76,13.18,0,220.85
25,318,470.5,303.63,12.69,12.94,0,164.17
15,318,1070.2,259.92,12.23,11.94,0,146.03
10,318,474.11,516.25,8.31,6.82,0,56.69
42,318,697.15,447.29,13.24,9.69,0,128.31
1,319,814.06,676.54,13.5,11.7,0,157.97
4,319,1147.74,676.99,10.88,11.5,0,125.05
5,319,955.95,381.59,11.58,12.32,0,142.7
19,319,166.0,194.5,16.79,13.2,0,221.69
25,319,470.29,304.65,12.41,12.55,0,155.72
15,319,1069.32,261.24,11.99,11.71,0,140.33
10,319,473.15,516.88,8.58,7.0,0,60.06
42,319,696.44,446.44,13.33,9.83,0,131.07
1,320,814.43,676.36,13.38,11.64,0,155.74
4,320,1147.06,676.45,10.64,11.21,0,119.29
5,320,955.57,380.07,11.45,12.23,0,139.96
19,320,166.23,194.25,16.73,13.17,0,220.39
25,320,470.1,306.42,12.37,12.55,0,155.26
15,320,1068.32,262.13,11.93,11.66,0,139.01
10,320,471.74,517.6,8.36,6.77,0,56.66
42,320,695.14,446.07,13.33,9.86,0,131.46
1,321,814.74,676.24,13.17,11.49,0,151.27
4,321,1146.38,675.94,10.35,10.91,0,112.93
5,321,955.15,378.59,11.19,11.96,0,133.86
19,321,166.53,193.92,16.87,13.3,0,224.42
25,321,469.71,308.03,12.43,12.62,0,156.87
15,321,1067.41,262.75,11.77,11.5,0,135.4
10,321,470.38,518.55,8.8,7.05,0,62.03
42,321,694.39,445.58,13.28,9.82,0,130.46
1,322,814.92,675.97,13.3,11.65,0,155.03
4,322,1145.87,675.17,10.15,10.65,0,108.06
5,322,954.9,377.53,11.55,12.36,0,142.76
19,322,167.0,193.22,16.76,13.21,0,221.48
25,322,469.56,309.32,12.19,12.36,0,150.67
15,322,1066.15,264.17,11.77,11.51,0,135.45
10,322,469.31,519.24,9.14,7.3,0,66.69
42,322,693.76,445.04,13.27,9.83,0,130.48
1,323,815.47,675.74,13.04,11.44,0,149.26
4,323,1145.32,674.55,10.43,10.91,0,113.85
5,323,954.34,376.39,11.88,12.8,0,152.16
19,323,167.46,192.52,16.63,13.09,0,217.79
25,323,469.32,310.11,12.38,12.5,0,154.69
15,323,1065.31,264.95,11.96,11.75,0,140.44
10,323,468.39,519.81,9.26,7.43,0,68.83
42,323,693.17,444.57,13.53,10.06,0,136.2
1,324,816.39,675.44,12.67,11.17,0,141.45
4,324,1144.89,673.95,10.51,10.95,0,115.12
5,324,954.22,375.34,11.92,12.87,0,153.4
19,324,167.93,192.2,16.64,13.11,0,218.28
25,324,469.38,310.97,12.42,12.46,0,154.71
15,324,1064.79,265.75,11.89,11.74,0,139.64
10,324,467.36,520.74,9.23,7.4,0,68.26
42,324,692.8,443.98,13.87,10.36,0,143.75
1,325,817.33,675.12,12.31,10.91,0,134.28
4,325,1144.53,673.26,10.84,11.25,0,121.96
5,325,954.19,374.37,11.82,12.78,0,151.16
19,325,168.59,191.89,16.49,12.95,0,213.44
25,325,469.73,312.42,12.4,12.39,0,153.73
15,325,1064.15,266.59,12.11,12.0,0,145.31
10,325,466.62,521.66,8.88,7.15,0,63.45
42,325,692.61,443.41,13.72,10.25,0,140.71
1,326,817.62,675.01,12.55,11.17,0,140.24
4,326,1143.89,672.74,11.04,11.4,0,125.84
5,326,954.12,373.19,12.02,13.0,0,156.28
19,326,169.3,191.4,16.57,12.97,0,215.03
25,326,470.01,313.38,12.71,12.66,0,160.85
15,326,1063.0,267.66,11.93,11.84,0,141.33
10,326,465.61,522.44,9.25,7.5,0,69.35
42,326,692.41,442.89,13.52,10.1,0,136.46
56,326,96.89,357.79,9.63,12.64,0,121.66
1,327,817.87,674.92,12.85,11.5,0,147.82
4,327,1143.57,672.34,11.08,11.38,0,126.05
5,327,953.99,372.23,12.08,13.03,0,157.34
19,327,170.35,191.13,16.43,12.85,0,211.08
25,327,470.24,314.72,12.92,12.86,0,166.24
15,327,1062.1,268.8,12.03,11.95,0,143.78
10,327,464.83,523.15,9.82,8.0,0,78.56
42,327,691.96,442.21,13.56,10.13,0,137.27
56,327,96.96,357.57,9.46,12.39,0,117.16
1,328,818.44,674.78,12.91,11.58,0,149.53
4,328,1143.07,671.96,10.92,11.18,0,122.0
5,328,953.86,371.35,11.96,12.93,0,154.6
19,328,171.32,190.92,16.81,13.16,0,221.27
25,328,470.28,315.92,12.33,12.24,0,150.91
15,328,1061.31,269.93,11.92,11.89,0,141.73
10,328,463.31,524.33,9.79,8.03,0,78.66
42,328,691.36,441.92,13.52,10.08,0,136.32
1,329,819.1,674.7,12.87,11.51,0,148.06
4,329,1142.88,671.72,10.76,10.97,0,118.04
5,329,953.66,370.28,11.94,12.9,0,154.03
19,329,171.95,190.85,17.0,13.32,0,226.35
25,329,470.31,317.23,12.8,12.7,0,162.5
15,329,1060.89,270.77,11.88,11.81,0,140.31
10,329,462.42,525.26,9.94,8.18,0,81.27
42,329,691.06,441.65,14.49,10.82,0,156.75
1,330,819.53,674.72,12.84,11.41,0,146.54
4,330,1142.18,671.33,11.15,11.36,0,126.68
5,330,953.31,369.02,11.53,12.48,0,143.94
19,330,172.47,190.83,17.3,13.52,0,233.9
25,330,470.87,318.46,13.32,13.25,0,176.54
15,330,1060.26,271.62,11.77,11.66,0,137.17
10,330,461.48,526.01,10.21,8.36,0,85.37
42,330,690.66,441.26,14.88,11.13,0,165.58
1,331,819.93,674.74,12.91,11.43,0,147.59
4,331,1141.66,670.81,11.26,11.41,0,128.5
5,331,953.42,368.1,11.93,13.0,0,155.18
19,331,172.95,190.62,17.24,13.45,0,231.83
25,331,471.06,319.72,13.11,13.02,0,170.64
15,331,1059.17,273.17,11.47,11.39,0,130.71
10,331,460.41,526.74,10.01,8.24,0,82.55
42,331,689.81,440.47,13.99,10.44,0,146.03
1,332,820.39,674.93,13.04,11.48,0,149.71
4,332,1141.0,670.45,11.31,11.38,0,128.62
5,332,953.28,367.56,12.39,13.6,0,168.52
19,332,173.92,190.43,17.54,13.63,0,239.1
25,332,471.23,321.15,12.95,12.84,0,166.25
15,332,1058.2,274.48,11.61,11.52,0,133.67
10,332,459.48,528.03,9.54,7.84,0,74.77
42,332,689.13,439.83,14.12,10.62,0,149.97
1,333,820.99,675.05,13.04,11.45,0,149.27
4,333,1140.52,670.24,11.29,11.27,0,127.22
5,333,953.23,366.7,12.05,13.34,0,160.78
19,333,174.51,190.25,17.68,13.71,0,242.35
25,333,471.6,322.36,13.16,13.02,0,171.4
15,333,1057.61,275.68,11.62,11.52,0,133.95
10,333,458.59,529.36,8.98,7.41,0,66.54
42,333,688.9,439.35,14.22,10.79,0,153.48
1,334,821.53,674.99,13.06,11.4,0,148.88
4,334,1140.35,670.12,11.25,11.15,0,125.46
5,334,953.19,365.64,11.84,13.15,0,155.7
19,334,175.33,190.08,17.51,13.53,0,236.91
25,334,471.98,323.98,13.3,13.13,0,174.71
15,334,1056.96,276.81,11.8,11.72,0,138.23
10,334,457.55,530.24,9.03,7.46,0,67.35
42,334,688.57,439.01,14.38,10.98,0,157.91
1,335,822.2,675.28,13.16,11.43,0,150.4
4,335,1140.1,669.93,11.75,11.61,0,136.35
5,335,953.0,364.65,12.02,13.42,0,161.34
19,335,175.79,190.01,17.16,13.19,0,226.36
25,335,472.49,325.4,13.22,13.1,0,173.18
15,335,1056.57,277.78,12.02,11.93,0,143.38
10,335,456.89,531.06,9.26,7.6,0,70.43
42,335,688.18,438.67,13.87,10.68,0,148.14
1,336,823.04,675.48,12.94,11.16,0,144.34
4,336,1139.92,669.59,11.89,11.77,0,139.95
5,336,952.91,364.0,12.07,13.54,0,163.31
19,336,176.26,189.97,17.32,13.26,0,229.71
25,336,472.95,326.75,13.04,12.96,0,169.1
15,336,1055.5,278.77,11.87,11.75,0,139.37
10,336,456.15,532.15,9.62,7.92,0,76.26
42,336,687.26,438.56,13.99,10.82,0,151.45
1,337,823.66,675.87,13.0,11.16,0,145.02
4,337,1139.66,669.18,11.67,11.58,0,135.15
5,337,952.95,363.21,11.67,13.11,0,153.09
19,337,177.04,189.89,16.95,12.98,0,219.96
25,337,473.63,328.39,12.62,12.57,0,158.68
15,337,1054.26,280.59,11.69,11.55,0,135.0
10,337,455.26,533.08,9.2,7.62,0,70.12
42,337,686.6,438.2,13.74,10.73,0,147.51
1,338,823.97,675.84,13.09,11.18,0,146.34
4,338,1139.41,668.89,11.59,11.55,0,133.83
5,338,952.76,362.05,11.56,12.99,0,150.2
19,338,177.74,189.91,16.88,12.9,0,217.86
25,338,474.13,329.76,12.79,12.79,0,163.58
15,338,1053.8,281.55,11.85,11.68,0,138.34
10,338,453.94,534.11,8.8,7.29,0,64.15
42,338,686.11,437.89,13.51,10.6,0,143.1
1,339,824.48,675.92,13.11,11.16,0,146.35
4,339,1139.19,668.62,11.31,11.24,0,127.18
5,339,952.86,361.04,11.57,13.02,0,150.63
19,339,178.57,189.94,16.99,12.96,0,220.24
25,339,474.47,331.18,13.09,13.17,0,172.47
15,339,1053.32,282.31,11.67,11.51,0,134.22
10,339,452.87,535.25,9.23,7.61,0,70.26
42,339,685.78,437.79,13.42,10.56,0,141.73
1,340,825.15,676.26,13.53,11.5,0,155.55
4,340,1138.6,668.42,11.17,11.05,0,123.43
5,340,952.85,360.16,11.52,12.93,0,148.97
19,340,179.34,189.77,17.4,13.26,0,230.78
25,340,475.06,332.51,12.83,12.97,0,166.37
15,340,1052.66,283.72,11.53,11.36,0,130.96
10,340,452.36,536.31,9.18,7.56,0,69.46
42,340,685.17,437.44,13.44,10.62,0,142.7
1,341,825.71,676.46,13.47,11.43,0,154.02
4,341,1138.12,667.85,11.11,10.95,0,121.68
5,341,952.9,359.4,11.6,13.05,0,151.37
19,341,179.77,189.6,17.46,13.33,0,232.73
25,341,475.46,333.61,12.89,13.06,0,168.34
15,341,1051.94,285.33,11.2,10.96,0,122.8
10,341,451.47,537.43,9.1,7.54,0,68.66
42,341,684.87,437.07,13.79,10.95,0,150.99
1,342,826.29,676.36,13.29,11.27,0,149.78
4,342,1137.66,667.57,11.18,11.0,0,122.96
5,342,952.87,358.8,11.76,13.25,0,155.86
19,342,180.54,189.53,17.24,13.16,0,226.93
25,342,475.77,334.86,13.28,13.45,0,178.55
15,342,1051.26,286.29,11.48,11.2,0,128.62
10,342,450.09,538.68,8.6,7.19,0,61.81
42,342,684.49,436.7,13.45,10.71,0,144.0
1,343,826.67,676.53,13.33,11.31,0,150.75
4,343,1137.26,667.32,11.33,11.15,0,126.42
5,343,952.7,357.86,11.58,13.05,0,151.1
19,343,181.22,189.44,17.8,13.62,0,242.34
25,343,476.09,336.05,12.86,12.9,0,165.9
15,343,1050.9,287.36,11.61,11.37,0,131.99
10,343,449.18,539.62,8.82,7.39,0,65.14
42,343,684.15,436.45,13.61,10.88,0,148.13
1,344,827.26,676.82,13.67,11.57,0,158.19
4,344,1137.11,667.2,11.36,11.18,0,127.04
5,344,952.6,356.88,11.65,13.04,0,151.91
19,344,181.84,189.24,17.86,13.65,0,243.71
25,344,476.58,337.45,13.07,13.07,0,170.83
15,344,1050.18,288.24,11.54,11.28,0,130.19
10,344,448.25,540.68,9.22,7.74,0,71.32
42,344,683.36,435.98,13.46,10.75,0,144.76
1,345,827.95,676.96,13.7,11.57,0,158.52
4,345,1136.9,666.85,11.57,11.38,0,131.56
5,345,952.4,356.1,11.65,12.91,0,150.42
19,345,182.21,188.96,17.68,13.52,0,239.09
25,345,477.0,338.85,13.38,13.38,0,179.04
15,345,1049.46,289.45,11.78,11.51,0,135.68
10,345,446.9,541.64,8.93,7.53,0,67.21
42,345,682.63,435.46,13.02,10.33,0,134.56
1,346,828.43,677.06,13.58,11.45,0,155.55
4,346,1136.5,666.4,11.65,11.48,0,133.71
5,346,951.96,355.46,11.68,12.88,0,150.39
19,346,182.53,188.82,17.36,13.24,0,229.96
25,346,477.2,339.96,13.19,13.18,0,173.82
15,346,1048.59,290.52,11.98,11.69,0,140.07
10,346,445.82,542.3,8.74,7.41,0,64.73
42,346,681.85,435.17,13.36,10.59,0,141.44
1,347,828.98,677.52,13.61,11.48,0,156.3
4,347,1136.11,666.32,11.37,11.25,0,127.94
5,347,951.45,354.64,11.84,13.06,0,154.67
19,347,182.61,188.72,17.44,13.32,0,232.44
25,347,477.49,341.36,12.96,12.88,0,166.89
15,347,1047.7,291.85,11.6,11.33,0,131.36
10,347,444.75,543.44,8.5,7.24,0,61.55
42,347,681.37,434.99,13.54,10.73,0,145.36
1,348,829.35,677.88,13.86,11.7,0,162.09
4,348,1135.79,666.19,11.37,11.28,0,128.26
5,348,950.93,353.8,11.99,13.26,0,158.97
19,348,182.71,188.74,17.3,13.22,0,228.65
25,348,477.92,343.0,12.79,12.68,0,162.19
15,348,1047.08,292.88,11.59,11.35,0,131.55
10,348,443.56,544.72,8.52,7.18,0,61.22
42,348,680.79,434.89,13.75,10.96,0,150.67
1,349,829.8,678.08,13.7,11.54,0,158.0
4,349,1135.46,665.97,11.49,11.44,0,131.48
5,349,950.57,352.95,12.0,13.19,0,158.24
19,349,182.95,188.65,17.2,13.1,0,225.28
25,349,478.54,344.47,12.72,12.56,0,159.8
15,349,1046.34,294.02,11.8,11.54,0,136.17
10,349,442.64,545.77,8.47,7.13,0,60.36
42,349,679.45,434.4,13.22,10.53,0,139.1
1,350,830.31,678.29,13.64,11.45,0,156.16
4,350,1135.29,665.69,11.45,11.44,0,130.98
5,350,950.38,352.35,11.95,13.05,0,155.91
19,350,183.1,188.12,17.3,13.18,0,228.03
25,350,478.94,345.66,12.65,12.41,0,156.96
15,350,1045.53,295.13,11.43,11.09,0,126.77
10,350,441.35,546.68,8.57,7.24,0,62.07
42,350,678.34,434.02,12.53,9.92,0,124.29
64,350,307.96,587.86,11.32,8.71,0,98.62
1,351,830.84,678.42,13.51,11.32,0,153.04
4,351,1134.95,665.44,11.71,11.76,0,137.69
5,351,950.27,351.57,11.74,12.76,0,149.76
19,351,183.62,187.71,17.03,12.99,0,221.27
25,351,479.24,346.59,12.68,12.33,0,156.28
15,351,1045.07,296.46,11.7,11.35,0,132.77
10,351,440.23,547.87,8.76,7.39,0,64.77
42,351,677.69,433.79,12.48,9.82,0,122.59
64,351,307.5,588.44,11.04,8.5,0,93.84
1,352,831.56,678.73,13.66,11.41,0,155.86
4,352,1134.74,665.24,11.2,11.3,0,126.53
5,352,950.02,350.78,12.59,13.74,0,173.0
19,352,184.0,187.65,16.69,12.72,0,212.31
25,352,479.68,348.05,12.86,12.5,0,160.77
15,352,1044.75,297.03,11.46,10.99,0,125.94
10,352,439.06,548.78,8.81,7.42,0,65.42
42,352,677.17,433.41,12.46,9.76,0,121.63
1,353,832.03,678.83,13.86,11.53,0,159.72
4,353,1134.37,664.91,11.34,11.52,0,130.65
5,353,949.72,349.94,12.12,13.17,0,159.53
19,353,184.4,187.32,17.15,13.09,0,224.47
25,353,480.42,349.6,12.38,12.03,0,148.97
15,353,1044.01,297.83,11.58,11.08,0,128.32
10,353,437.68,549.82,9.29,7.8,0,72.49
42,353,676.6,433.13,12.66,9.88,0,125.14
1,354,832.66,678.77,13.76,11.45,0,157.62
4,354,1134.01,664.63,11.67,11.88,0,138.66
5,354,949.47,349.06,12.26,13.28,0,162.79
19,354,185.07,187.16,17.65,13.49,0,238.0
25,354,480.78,350.79,12.34,11.97,0,147.72
15,354,1043.51,298.89,11.89,11.4,0,135.48
10,354,436.77,550.54,9.07,7.54,0,68.41
42,354,675.63,432.88,12.58,9.78,0,122.95
1,355,833.32,678.83,13.71,11.41,0,156.36
4,355,1133.77,664.2,11.67,11.93,0,139.15
5,355,949.19,348.19,12.47,13.49,0,168.21
19,355,185.36,186.84,17.24,13.16,0,226.87
25,355,481.25,351.76,12.27,11.94,0,146.58
15,355,1042.81,299.96,11.39,10.85,0,123.58
10,355,435.55,551.36,9.13,7.58,0,69.25
42,355,675.15,432.54,13.32,10.34,0,137.73
64,355,305.87,591.14,12.43,9.62,0,119.57
1,356,833.82,678.91,13.51,11.27,0,152.21
4,356,1133.72,663.87,11.41,11.72,0,133.82
5,356,948.97,347.31,12.41,13.39,0,166.06
19,356,185.74,186.54,16.85,12.96,0,218.41
25,356,481.48,352.66,12.33,11.99,0,147.8
15,356,1042.37,300.7,11.11,10.47,0,116.33
10,356,434.44,552.54,8.99,7.45,0,67.0
42,356,674.64,432.59,14.14,10.99,0,155.3
64,356,305.12,592.24,11.59,8.97,0,103.91
1,357,834.55,679.09,13.64,11.38,0,155.16
4,357,1133.71,663.5,11.32,11.72,0,132.61
5,357,948.91,346.23,12.15,13.1,0,159.13
19,357,186.5,186.26,16.67,12.87,0,214.53
25,357,482.26,353.95,12.15,11.8,0,143.35
15,357,1041.65,301.5,11.9,11.22,0,133.51
10,357,433.03,553.45,9.15,7.58,0,69.31
42,357,673.63,431.88,13.5,10.49,0,141.69
64,357,304.89,593.75,10.21,7.93,0,80.92
1,358,835.07,679.13,13.83,11.56,0,159.95
4,358,1133.6,663.15,11.17,11.6,0,129.56
5,358,948.51,345.15,11.94,12.84,0,153.36
19,358,186.76,186.08,16.57,12.77,0,211.66
25,358,482.72,354.95,12.55,12.16,0,152.6
15,358,1040.47,302.6,12.26,11.64,0,142.75
10,358,432.05,554.24,8.83,7.31,0,64.49
42,358,672.64,431.14,13.17,10.27,0,135.27
64,358,304.03,594.34,10.17,7.87,0,79.98
1,359,835.64,679.19,14.04,11.75,0,165.01
4,359,1133.25,662.81,11.21,11.69,0,131.02
5,359,948.24,344.3,11.76,12.66,0,148.88
19,359,187.36,185.37,17.12,13.27,0,227.2
25,359,483.37,356.37,12.54,12.17,0,152.64
15,359,1040.06,303.17,12.0,11.44,0,137.32
10,359,430.46,555.33,8.79,7.23,0,63.59
42,359,671.81,430.81,13.78,10.7,0,147.44
64,359,304.16,594.59,11.4,8.85,0,100.97
1,360,836.29,679.14,14.07,11.81,0,166.09
4,360,1133.17,662.33,11.21,11.75,0,131.71
5,360,948.01,343.87,11.8,12.73,0,150.25
19,360,187.96,185.12,17.49,13.62,0,238.14
25,360,483.81,357.23,12.96,12.58,0,162.98
15,360,1039.06,304.46,11.68,11.15,0,130.24
10,360,429.14,556.1,8.84,7.24,0,63.94
42,360,671.22,430.66,14.32,11.07,0,158.59
64,360,304.11,594.67,12.86,10.09,0,129.75
1,361,836.9,679.17,13.49,11.3,0,152.46
4,361,1133.33,661.94,11.13,11.74,0,130.66
5,361,947.83,343.06,12.08,13.04,0,157.63
19,361,188.56,184.9,17.43,13.6,0,237.08
25,361,484.47,358.13,12.35,11.92,0,147.29
15,361,1038.7,305.18,11.79,11.27,0,132.86
10,361,428.13,556.95,8.78,7.14,0,62.66
42,361,670.74,430.29,14.26,11.03,0,157.19
64,361,304.12,595.56,12.55,9.91,0,124.39
1,362,837.54,679.18,13.48,11.27,0,151.91
4,362,1133.6,661.67,11.09,11.74,0,130.15
5,362,947.38,342.32,12.18,13.17,0,160.42
19,362,189.13,184.58,17.06,13.35,0,227.73
25,362,485.09,359.34,12.4,11.91,0,147.63
15,362,1038.01,305.78,12.31,11.77,0,144.82
10,362,427.16,557.77,9.02,7.31,0,65.91
42,362,669.7,429.61,13.94,10.81,0,150.66
64,362,303.48,596.54,11.75,9.29,0,109.19
1,363,838.35,679.07,13.61,11.38,0,154.83
4,363,1133.66,661.58,11.07,11.77,0,130.25
5,363,946.91,341.46,12.45,13.52,0,168.4
19,363,189.91,184.31,17.01,13.24,0,225.32
25,363,486.04,360.44,12.87,12.41,0,159.71
15,363,1037.47,306.69,12.53,12.02,0,150.54
10,363,425.86,558.68,8.94,7.27,0,65.04
42,363,668.86,428.99,13.61,10.58,0,143.99
1,364,839.01,679.06,13.66,11.43,0,156.09
4,364,1133.66,661.09,11.0,11.75,0,129.3
5,364,946.49,340.75,12.62,13.77,0,173.73
19,364,190.44,183.93,16.96,13.14,0,222.96
25,364,486.56,361.4,12.86,12.36,0,158.84
15,364,1036.86,307.83,12.62,12.15,0,153.29
42,364,668.44,428.81,13.79,10.73,0,148.01
64,364,302.37,598.65,10.37,8.24,0,85.46
1,365,839.84,678.99,13.56,11.35,0,153.94
4,365,1133.68,660.44,10.87,11.64,0,126.56
5,365,945.94,339.98,12.48,13.68,0,170.73
19,365,190.84,183.61,17.0,13.18,0,224.12
25,365,487.3,362.49,12.65,12.14,0,153.56
15,365,1036.18,309.05,12.0,11.57,0,138.87
42,365,668.05,428.78,13.87,10.85,0,150.49
64,365,302.2,599.15,10.27,8.15,0,83.69
10,365,424.29,560.77,9.52,7.74,0,73.66
1,366,840.45,679.02,13.63,11.43,0,155.77
4,366,1133.76,659.81,10.63,11.34,0,120.62
5,366,945.61,339.33,12.64,13.87,0,175.27
19,366,191.55,183.27,17.25,13.37,0,230.67
25,366,487.9,363.52,12.81,12.25,0,156.91
15,366,1035.77,310.08,12.29,11.86,0,145.8
42,366,667.28,428.3,13.68,10.79,0,147.59
64,366,301.42,600.81,9.96,7.9,0,78.7
1,367,841.19,678.75,13.6,11.37,0,154.64
4,367,1133.78,659.49,10.42,11.06,0,115.25
5,367,945.27,338.53,12.45,13.58,0,169.03
19,367,192.37,182.93,17.52,13.61,0,238.46
25,367,488.56,364.42,13.01,12.42,0,161.66
15,367,1035.13,310.92,12.09,11.6,0,140.33
42,367,666.63,428.11,13.9,11.04,0,153.49
64,367,301.23,601.65,9.86,7.9,0,77.89
1,368,842.22,678.5,13.38,11.23,0,150.28
4,368,1133.8,659.11,10.31,10.89,0,112.33
5,368,944.97,337.86,12.95,14.13,0,183.05
19,368,193.22,182.77,17.39,13.54,0,235.39
25,368,489.53,365.33,12.82,12.26,0,157.21
15,368,1034.23,312.11,12.57,12.12,0,152.31
42,368,666.06,427.84,14.15,11.29,0,159.87
64,368,300.95,601.67,11.3,9.13,0,103.18
10,368,421.19,563.4,9.39,7.64,0,71.76
1,369,842.87,678.45,13.15,11.08,0,145.68
4,369,1133.85,658.83,10.57,11.15,0,117.91
5,369,944.33,337.41,12.84,13.95,0,179.08
19,369,193.66,182.58,17.01,13.24,0,225.3
25,369,490.37,366.23,12.82,12.28,0,157.38
15,369,1033.5,313.25,12.37,11.88,0,146.97
42,369,665.49,427.54,14.2,11.34,0,161.11
64,369,301.03,601.95,11.6,9.49,0,110.11
10,369,420.47,564.41,9.98,8.17,0,81.54
1,370,843.26,678.6,13.19,11.12,0,146.75
4,370,1133.85,658.26,10.6,11.17,0,118.46
5,370,943.58,336.92,12.9,13.96,0,180.01
19,370,194.12,182.48,17.18,13.34,0,229.16
25,370,490.99,367.47,12.67,12.15,0,154.01
15,370,1032.79,314.07,12.74,12.22,0,155.72
42,370,664.76,427.4,14.5,11.62,0,168.51
64,370,300.97,603.15,10.89,8.97,0,97.62
1,371,843.97,678.85,13.06,11.03,0,144.14
4,371,1133.97,657.94,10.64,11.2,0,119.18
5,371,942.62,336.51,12.5,13.36,0,167.09
19,371,194.95,182.43,17.62,13.69,0,241.15
25,371,491.32,368.62,12.71,12.16,0,154.54
15,371,1032.01,315.39,12.18,11.67,0,142.12
42,371,663.29,427.23,14.11,11.29,0,159.27
64,371,300.5,604.78,10.14,8.32,0,84.39
10,371,417.71,566.7,8.98,7.32,0,65.79
1,372,844.72,678.85,12.93,10.91,0,141.04
4,372,1133.84,657.65,10.68,11.21,0,119.8
5,372,942.01,335.99,12.46,13.24,0,164.98
19,372,195.46,182.41,17.29,13.45,0,232.52
25,372,491.98,369.87,12.89,12.33,0,158.88
15,372,1031.1,316.79,12.3,11.85,0,145.79
42,372,662.38,427.11,14.18,11.38,0,161.29
64,372,300.3,605.8,9.51,7.75,0,73.77
10,372,416.61,567.54,9.05,7.4,0,66.96
1,373,845.27,678.78,12.71,10.72,0,136.34
4,373,1133.83,657.36,10.73,11.22,0,120.36
5,373,941.49,335.53,12.03,12.73,0,153.13
19,373,195.93,182.37,16.96,13.14,0,222.84
25,373,492.57,371.24,12.94,12.41,0,160.55
15,373,1030.19,318.03,12.09,11.61,0,140.36
42,373,661.57,426.98,14.16,11.41,0,161.63
64,373,300.01,606.26,9.46,7.67,0,72.55
10,373,415.44,568.48,8.8,7.21,0,63.47
1,374,845.63,678.73,12.58,10.62,0,133.55
4,374,1133.92,656.99,11.04,11.53,0,127.33
5,374,940.86,335.29,11.78,12.43,0,146.51
19,374,196.55,182.35,16.97,13.07,0,221.82
25,374,493.18,372.54,12.45,11.9,0,148.08
15,374,1029.58,318.67,11.91,11.35,0,135.21
42,374,660.91,426.78,13.72,11.09,0,152.14
64,374,300.14,606.83,10.08,8.17,0,82.27
10,374,414.56,569.35,8.87,7.27,0,64.42
1,375,845.81,678.79,12.78,10.82,0,138.22
4,375,1133.75,656.6,10.95,11.46,0,125.47
5,375,940.26,334.87,11.86,12.49,0,148.16
19,375,197.38,182.11,16.89,12.96,0,218.93
25,375,493.81,373.69,12.49,11.95,0,149.26
15,375,1028.75,319.98,12.68,12.14,0,153.88
42,375,659.86,426.42,13.63,11.02,0,150.31
64,375,299.69,608.12,10.59,8.61,0,91.24
10,375,413.34,570.32,8.9,7.22,0,64.26
1,376,846.43,678.89,12.57,10.68,0,134.32
4,376,1133.8,656.15,11.02,11.54,0,127.15
5,376,939.61,333.83,11.39,11.99,0,136.5
19,376,198.23,181.88,17.52,13.42,0,235.16
25,376,494.47,374.7,12.85,12.29,0,158.02
15,376,1028.17,320.95,12.65,12.15,0,153.65
42,376,658.84,426.26,13.47,10.87,0,146.4
64,376,299.0,609.29,10.6,8.68,0,92.02
10,376,412.06,571.41,8.87,7.2,0,63.92
1,377,847.3,678.81,12.57,10.68,0,134.19
4,377,1133.93,655.67,11.09,11.63,0,128.97
5,377,939.05,333.28,10.91,11.46,0,124.99
19,377,199.11,181.7,17.42,13.29,0,231.53
25,377,495.61,375.91,12.56,12.03,0,151.15
15,377,1027.18,322.54,12.15,11.64,0,141.35
42,377,657.88,425.99,13.74,11.04,0,151.71
64,377,298.79,609.78,9.94,8.14,0,80.92
10,377,410.98,572.35,9.02,7.36,0,66.36
1,378,848.16,678.73,12.41,10.56,0,131.0
4,378,1134.03,655.48,11.14,11.7,0,130.26
5,378,938.55,332.92,11.12,11.67,0,129.76
19,378,199.55,181.6,16.92,12.86,0,217.58
25,378,496.11,376.71,12.63,12.0,0,151.64
15,378,1026.75,323.36,12.26,11.76,0,144.13
42,378,657.03,425.91,13.82,11.1,0,153.36
64,378,298.88,610.27,9.99,8.19,0,81.79
10,378,409.72,573.35,9.11,7.45,0,67.85
1,379,848.56,678.79,12.26,10.43,0,127.88
4,379,1134.08,655.07,11.12,11.69,0,129.93
5,379,937.85,332.5,11.13,11.66,0,129.77
19,379,199.89,181.49,16.85,12.82,0,216.06
25,379,496.53,377.59,12.87,12.19,0,156.99
15,379,1025.79,324.49,11.58,11.15,0,129.03
42,379,655.44,425.74,13.3,10.61,0,141.09
64,379,299.02,610.62,10.93,9.0,0,98.38
10,379,408.5,574.16,8.5,6.98,0,59.35
1,380,848.98,678.86,12.34,10.51,0,129.65
4,380,1133.96,654.67,11.07,11.66,0,129.06
5,380,937.41,332.03,11.42,11.93,0,136.26
19,380,200.35,181.41,17.11,13.01,0,222.59
25,380,496.95,378.53,13.25,12.56,0,166.39
15,380,1025.12,325.71,12.17,11.72,0,142.69
42,380,653.92,425.43,13.11,10.39,0,136.29
64,380,298.61,611.44,11.18,9.24,0,103.39
10,380,407.27,574.89,8.73,7.16,0,62.52
1,381,849.1,679.0,12.74,10.84,0,138.18
4,381,1133.81,654.23,11.31,12.0,0,135.63
5,381,936.34,331.61,11.17,11.5,0,128.47
19,381,200.95,181.22,17.34,13.18,0,228.52
25,381,497.67,379.77,12.78,12.05,0,153.96
15,381,1023.62,326.96,11.56,11.03,0,127.53
42,381,653.02,425.41,12.98,10.24,0,132.92
64,381,298.52,611.87,11.07,9.21,0,102.0
10,381,405.92,575.63,8.88,7.33,0,65.1
1,382,849.5,679.13,12.85,10.94,0,140.58
4,382,1133.83,653.91,11.34,12.1,0,137.26
5,382,935.69,330.88,11.52,11.82,0,136.15
19,382,201.41,180.95,17.04,12.95,0,220.6
25,382,498.42,380.95,12.38,11.62,0,143.77
15,382,1022.65,328.19,12.03,11.5,0,138.36
42,382,652.24,425.2,12.8,10.04,0,128.52
64,382,298.3,612.18,11.91,10.01,0,119.17
10,382,404.83,576.8,9.16,7.54,0,69.06
1,383,850.14,679.18,12.72,10.8,0,137.33
4,383,1133.98,653.68,11.16,11.97,0,133.58
5,383,934.95,330.48,11.68,11.97,0,139.91
19,383,201.81,180.69,16.91,12.84,0,217.19
25,383,499.02,382.11,12.37,11.52,0,142.5
15,383,1022.04,329.02,12.3,11.77,0,144.8
42,383,651.37,425.19,13.17,10.32,0,135.87
64,383,298.07,612.71,12.11,10.25,0,124.17
1,384,850.62,679.14,12.88,10.92,0,140.69
4,384,1134.06,653.12,11.13,12.01,0,133.64
5,384,934.37,329.9,12.07,12.29,0,148.33
19,384,202.12,180.33,16.99,12.97,0,220.28
25,384,499.53,382.74,12.68,11.78,0,149.46
15,384,1021.39,330.01,12.13,11.59,0,140.59
42,384,650.54,425.03,13.34,10.47,0,139.65
64,384,297.74,613.49,12.64,10.71,0,135.43
1,385,850.88,679.11,13.34,11.3,0,150.84
4,385,1134.13,652.48,10.82,11.72,0,126.78
5,385,933.63,329.36,12.1,12.28,0,148.71
19,385,202.58,180.06,17.01,13.02,0,221.4
25,385,500.43,383.92,12.87,11.92,0,153.4
15,385,1020.78,331.01,11.69,11.08,0,129.57
42,385,649.59,424.8,13.38,10.45,0,139.83
64,385,297.6,614.04,11.85,9.98,0,118.2
1,386,851.17,679.13,13.82,11.7,0,161.64
4,386,1134.16,651.9,10.77,11.62,0,125.1
5,386,932.94,328.87,12.77,12.93,0,165.13
19,386,203.4,179.58,16.54,12.7,0,210.1
25,386,501.3,384.84,13.14,12.16,0,159.76
15,386,1019.94,332.19,11.75,11.12,0,130.61
42,386,648.78,424.76,13.65,10.64,0,145.26
1,387,851.6,679.12,13.77,11.58,0,159.43
4,387,1134.21,651.44,10.56,11.37,0,120.12
5,387,932.41,328.6,12.78,12.84,0,164.0
19,387,204.05,179.1,16.59,12.8,0,212.31
25,387,502.19,385.85,12.83,11.83,0,151.81
15,387,1019.37,333.52,12.21,11.63,0,142.05
42,387,647.79,424.75,13.89,10.78,0,149.79
10,387,399.04,579.88,8.45,6.96,0,58.79
1,388,852.09,679.24,13.48,11.25,0,151.55
4,388,1134.37,651.2,10.43,11.22,0,116.99
5,388,932.02,327.95,12.82,12.76,0,163.61
19,388,204.37,178.72,16.57,12.87,0,213.25
25,388,502.74,386.78,12.97,11.93,0,154.66
15,388,1018.68,334.43,12.07,11.55,0,139.47
42,388,646.45,424.62,13.84,10.73,0,148.58
10,388,397.62,580.5,8.74,7.18,0,62.73
64,388,296.3,617.41,11.52,9.77,0,112.58
1,389,852.56,679.25,13.33,11.04,0,147.15
4,389,1134.5,650.93,10.43,11.22,0,117.03
5,389,931.31,327.45,12.99,12.9,0,167.49
19,389,204.61,178.47,16.59,12.97,0,215.19
25,389,503.36,388.01,13.05,11.95,0,155.87
15,389,1017.91,335.19,11.88,11.38,0,135.19
42,389,645.17,424.51,13.63,10.56,0,143.93
10,389,396.37,581.27,8.7,7.11,0,61.93
64,389,295.38,618.66,11.75,10.06,0,118.25
1,390,852.93,679.37,13.44,11.09,0,149.04
4,390,1134.56,650.37,10.91,11.79,0,128.65
5,390,930.64,327.07,12.92,12.83,0,165.79
19,390,204.88,178.2,16.82,13.23,0,222.48
25,390,504.39,389.06,12.72,11.63,0,148.01
15,390,1017.52,336.33,12.11,11.65,0,141.11
42,390,644.37,424.55,13.24,10.24,0,135.55
10,390,394.79,582.24,8.3,6.76,0,56.1
64,390,294.98,619.95,11.0,9.46,0,104.04
1,391,853.34,679.42,13.21,10.8,0,142.71
4,391,1135.01,649.75,10.83,11.74,0,127.1
5,391,930.38,326.55,13.18,13.13,0,173.04
19,391,205.44,177.61,16.63,13.11,0,217.94
25,391,504.93,389.52,12.66,11.53,0,145.94
15,391,1016.89,337.57,12.81,12.47,0,159.69
42,391,643.68,424.39,13.67,10.58,0,144.61
10,391,393.79,582.94,8.28,6.78,0,56.13
64,391,294.75,620.41,10.75,9.32,0,100.19
1,392,853.73,679.41,13.23,10.72,0,141.76
4,392,1135.24,649.27,10.85,11.78,0,127.85
5,392,929.55,325.61,13.37,13.29,0,177.78
19,392,206.0,176.63,16.33,12.82,0,209.38
25,392,505.5,390.04,12.57,11.4,0,143.34
15,392,1015.8,338.61,12.39,12.12,0,150.24
42,392,642.59,424.24,13.62,10.54,0,143.62
10,392,392.58,583.67,8.63,7.12,0,61.43
64,392,294.51,621.63,9.35,8.05,0,75.21
1,393,854.56,679.41,13.54,10.89,0,147.46
4,393,1135.51,648.86,10.81,11.75,0,127.02
5,393,928.98,325.27,13.13,12.98,0,170.36
19,393,206.38,175.96,16.45,12.87,0,211.77
25,393,506.18,390.86,12.36,11.14,0,137.73
15,393,1015.4,339.42,12.01,11.82,0,142.03
42,393,641.64,423.81,13.55,10.51,0,142.39
10,393,391.43,584.47,8.71,7.2,0,62.71
64,393,294.14,621.91,9.74,8.32,0,81.03
1,394,855.03,679.46,13.76,11.03,0,151.84
4,394,1135.6,648.39,10.69,11.66,0,124.64
5,394,928.31,324.18,13.77,13.6,0,187.26
19,394,206.76,175.71,16.96,13.27,0,225.05
25,394,506.8,391.78,12.9,11.6,0,149.63
15,394,1014.64,340.88,11.91,11.81,0,140.69
42,394,640.19,423.54,13.38,10.34,0,138.42
10,394,390.07,585.13,9.07,7.47,0,67.73
64,394,293.44,622.55,10.36,8.8,0,91.15
1,395,855.41,679.47,13.65,10.9,0,148.82
4,395,1135.87,647.72,10.7,11.76,0,125.86
5,395,927.61,323.32,13.72,13.58,0,186.25
19,395,207.02,175.25,17.18,13.47,0,231.44
25,395,507.9,392.69,13.01,11.71,0,152.42
15,395,1014.17,341.96,12.09,12.05,0,145.75
42,395,639.48,423.3,13.14,10.12,0,133.08
10,395,388.48,585.97,9.13,7.54,0,68.85
1,396,855.86,679.38,13.81,10.98,0,151.54
4,396,1135.97,647.15,10.73,11.86,0,127.32
5,396,927.1,322.55,13.38,13.21,0,176.67
19,396,207.39,174.7,16.87,13.18,0,222.41
25,396,508.62,393.28,13.45,12.13,0,163.19
15,396,1013.84,342.61,12.01,11.96,0,143.72
42,396,638.46,423.05,13.13,10.15,0,133.37
10,396,387.3,586.53,8.9,7.38,0,65.64
64,396,293.07,624.22,9.81,8.29,0,81.37
1,397,856.49,679.56,13.82,10.95,0,151.45
4,397,1136.04,646.81,10.68,11.8,0,126.01
5,397,926.17,322.06,13.84,13.57,0,187.78
19,397,207.65,174.28,16.74,13.05,0,218.44
25,397,509.38,393.96,13.26,12.0,0,159.1
15,397,1013.28,343.48,11.98,11.9,0,142.52
42,397,637.38,422.86,12.9,10.0,0,128.96
10,397,386.26,586.91,8.68,7.24,0,62.85
64,397,292.28,625.47,8.96,7.49,0,67.15
1,398,856.94,679.68,14.06,11.13,0,156.53
4,398,1136.28,646.66,10.68,11.8,0,126.01
5,398,925.72,321.0,13.87,13.6,0,188.6
19,398,208.16,173.74,16.73,13.03,0,218.05
25,398,510.02,394.65,13.66,12.39,0,169.2
15,398,1012.79,344.89,12.09,11.99,0,145.0
42,398,636.66,422.9,13.05,10.09,0,131.66
10,398,384.89,587.34,8.7,7.31,0,63.59
1,399,857.4,679.77,14.08,11.15,0,157.04
4,399,1136.49,646.39,10.74,11.87,0,127.45
5,399,924.86,320.01,14.02,13.79,0,193.36
19,399,208.31,173.2,16.56,12.93,0,214.19
25,399,510.58,395.05,14.12,12.8,0,180.72
15,399,1012.23,345.91,12.04,11.99,0,144.32
42,399,636.27,422.84,13.67,10.62,0,145.15
10,399,383.57,587.76,8.5,7.15,0,60.77
64,399,291.35,626.71,9.11,7.65,0,69.69
1,400,857.86,679.81,13.92,11.0,0,153.07
4,400,1136.67,645.52,10.52,11.62,0,122.25
5,400,924.43,319.35,13.66,13.4,0,183.02
19,400,208.64,172.9,16.72,13.06,0,218.41
25,400,511.15,395.83,14.24,12.87,0,183.29
15,400,1011.89,346.78,11.97,12.01,0,143.66
42,400,635.18,422.9,13.5,10.52,0,142.0
10,400,382.23,588.61,8.82,7.51,0,66.2
64,400,291.28,627.35,9.91,8.48,0,84.02
1,401,858.34,679.92,13.84,10.95,0,151.49
4,401,1136.82,644.85,10.6,11.65,0,123.46
5,401,923.65,318.98,14.4,14.13,0,203.48
19,401,208.8,172.54,16.55,12.93,0,214.0
25,401,511.92,396.5,14.15,12.84,0,181.7
15,401,1011.19,347.9,11.58,11.6,0,134.24
42,401,633.9,422.84,13.83,10.87,0,150.31
10,401,380.58,589.1,8.77,7.49,0,65.64
64,401,291.14,627.58,10.33,8.95,0,92.44
1,402,858.78,680.02,13.78,10.92,0,150.54
4,402,1136.75,644.36,10.49,11.48,0,120.42
5,402,923.28,317.78,13.57,13.26,0,179.9
19,402,208.96,171.93,16.65,13.03,0,216.84
25,402,512.46,396.95,13.88,12.64,0,175.5
15,402,1010.48,348.84,11.4,11.42,0,130.19
42,402,632.47,422.69,13.14,10.39,0,136.49
10,402,379.32,589.56,8.89,7.61,0,67.67
64,402,290.5,628.3,10.33,9.03,0,93.29
1,403,859.32,679.7,13.58,10.77,0,146.28
4,403,1136.88,643.93,10.49,11.42,0,119.78
5,403,922.49,316.84,13.55,13.31,0,180.42
19,403,209.25,171.01,16.62,13.03,0,216.59
25,403,512.85,397.36,13.76,12.56,0,172.79
15,403,1009.86,349.78,11.89,12.0,0,142.78
42,403,631.24,422.36,13.05,10.36,0,135.26
10,403,377.94,590.07,8.85,7.56,0,66.89
64,403,289.75,629.09,9.96,8.78,0,87.52
68,403,1277.6,540.18,4.81,8.47,0,40.72
1,404,859.63,679.58,13.66,10.83,0,147.98
4,404,1137.04,643.23,10.71,11.61,0,124.42
5,404,921.69,315.7,13.04,12.66,0,165.02
19,404,209.43,170.33,16.4,12.85,0,210.63
25,404,513.63,397.97,13.69,12.5,0,171.11
15,404,1009.26,351.0,11.83,11.91,0,140.89
42,404,630.0,422.32,13.16,10.48,0,137.88
10,404,376.68,590.69,9.09,7.8,0,70.89
64,404,289.31,629.73,9.46,8.39,0,79.39
68,404,1277.14,539.74,5.27,9.19,0,48.41
1,405,860.29,679.38,13.48,10.66,0,143.69
4,405,1137.26,642.58,10.73,11.63,0,124.84
5,405,921.14,314.81,12.77,12.35,0,157.74
19,405,209.82,169.59,17.06,13.42,0,228.94
25,405,514.38,398.73,13.22,11.98,0,158.38
15,405,1008.62,351.86,11.76,11.88,0,139.74
10,405,375.27,591.22,8.74,7.56,0,66.12
64,405,288.7,630.7,9.67,8.65,0,83.59
68,405,1276.56,539.45,5.58,9.65,0,53.79
1,406,860.91,679.24,13.37,10.57,0,141.37
4,406,1137.55,641.82,10.77,11.65,0,125.51
5,406,920.29,313.72,12.93,12.48,0,161.37
19,406,210.09,169.03,16.95,13.33,0,225.96
25,406,514.9,399.32,13.02,11.77,0,153.21
15,406,1007.88,352.81,11.54,11.64,0,134.27
10,406,373.81,591.97,8.8,7.68,0,67.58
64,406,288.7,630.96,10.33,9.33,0,96.36
68,406,1276.13,538.97,5.8,9.89,0,57.32
42,406,628.18,421.9,13.02,10.39,0,135.28
1,407,861.48,679.13,13.34,10.53,0,140.44
4,407,1137.81,641.4,10.88,11.74,0,127.68
5,407,919.82,313.28,13.84,13.42,0,185.83
19,407,210.05,168.6,16.54,12.97,0,214.51
25,407,515.71,399.97,12.92,11.6,0,149.85
15,407,1007.43,353.41,11.79,11.91,0,140.38
10,407,372.48,592.83,8.84,7.67,0,67.78
64,407,287.77,632.23,9.74,8.79,0,85.65
68,407,1275.85,538.7,6.25,10.51,0,65.68
42,407,627.53,421.8,12.99,10.42,0,135.3
1,408,861.8,679.1,13.4,10.56,0,141.59
4,408,1138.0,640.86,10.85,11.69,0,126.79
5,408,918.66,312.0,13.57,13.21,0,179.24
19,408,210.11,168.07,16.58,13.07,0,216.63
25,408,516.54,400.67,13.2,11.82,0,156.02
15,408,1007.04,354.38,11.87,11.95,0,141.95
10,408,371.21,593.58,8.53,7.41,0,63.17
64,408,287.36,633.04,9.5,8.54,0,81.09
68,408,1275.49,538.61,6.85,11.33,0,77.65
42,408,626.39,421.73,13.46,10.88,0,146.44
1,409,862.14,679.15,13.48,10.62,0,143.23
4,409,1138.26,640.58,11.15,12.04,0,134.23
5,409,917.83,311.4,13.78,13.48,0,185.77
19,409,210.19,167.58,16.82,13.31,0,223.99
25,409,517.24,401.91,13.14,11.75,0,154.41
15,409,1006.45,355.7,11.64,11.72,0,136.45
10,409,370.02,594.16,8.27,7.14,0,59.0
64,409,286.6,634.02,8.13,7.23,0,58.75
68,409,1275.0,538.73,7.26,11.72,0,85.02
42,409,624.46,421.76,12.89,10.37,0,133.69
1,410,862.87,679.2,13.7,10.79,0,147.8
4,410,1138.6,640.23,10.88,11.76,0,127.97
5,410,917.16,310.76,13.71,13.39,0,183.64
19,410,210.26,167.09,17.01,13.51,0,229.73
25,410,517.81,402.71,13.38,12.0,0,160.59
15,410,1005.79,357.32,11.59,11.63,0,134.81
10,410,368.7,594.85,8.42,7.24,0,60.96
64,410,285.77,635.14,8.41,7.49,0,62.94
68,410,1274.42,538.54,7.33,11.39,0,83.43
42,410,623.46,421.79,13.04,10.48,0,136.74
1,411,863.51,679.51,13.98,11.01,0,153.88
4,411,1138.83,639.68,10.7,11.57,0,123.79
5,411,916.63,310.29,13.08,12.81,0,167.58
19,411,210.33,166.74,17.04,13.59,0,231.61
25,411,518.18,403.35,12.98,11.57,0,150.25
15,411,1005.4,358.34,11.76,11.79,0,138.68
10,411,367.06,595.71,8.05,6.95,0,55.96
64,411,285.44,635.94,9.05,8.1,0,73.26
68,411,1273.92,538.48,7.59,11.31,0,85.84
42,411,622.5,421.78,12.45,9.9,0,123.19
1,412,864.08,679.61,13.94,10.97,0,152.84
4,412,1139.01,639.5,10.62,11.48,0,121.91
5,412,915.97,309.43,12.92,12.65,0,163.43
19,412,210.37,166.46,16.98,13.55,0,230.1
25,412,518.7,404.25,13.22,11.78,0,155.81
15,412,1004.97,359.52,11.61,11.53,0,133.78
10,412,365.68,596.57,8.27,7.13,0,58.93
64,412,285.11,636.27,9.73,8.72,0,84.85
68,412,1273.56,538.36,8.2,11.75,0,96.34
42,412,621.5,422.06,12.26,9.67,0,118.49
1,413,864.43,679.72,14.05,11.07,0,155.51
4,413,1139.27,639.25,10.69,11.59,0,123.8
5,413,915.23,308.22,13.16,12.93,0,170.13
19,413,210.5,166.17,16.88,13.48,0,227.46
25,413,520.04,405.39,12.86,11.5,0,148.0
15,413,1004.54,360.8,11.81,11.72,0,138.32
10,413,364.04,597.41,8.29,7.16,0,59.36
64,413,284.62,637.71,9.0,8.0,0,72.05
68,413,1273.4,538.21,8.63,11.92,0,102.79
42,413,620.13,422.33,12.1,9.5,0,114.99
1,414,864.8,679.84,14.26,11.24,0,160.25
4,414,1139.43,639.04,10.84,11.8,0,127.91
5,414,914.55,307.5,12.58,12.33,0,155.17
19,414,210.53,165.73,16.71,13.36,0,223.33
25,414,520.68,406.24,12.83,11.51,0,147.77
15,414,1004.06,362.43,11.86,11.84,0,140.44
10,414,362.61,598.16,8.15,7.03,0,57.33
64,414,283.81,639.61,9.31,8.32,0,77.44
68,414,1273.01,538.16,9.11,12.11,0,110.33
42,414,619.26,422.53,12.54,9.85,0,123.5
1,415,865.66,680.08,14.21,11.2,0,159.14
4,415,1139.77,638.59,10.96,11.96,0,131.06
5,415,914.11,306.8,13.32,13.14,0,175.04
19,415,210.5,165.35,16.61,13.29,0,220.83
25,415,521.12,407.09,12.49,11.17,0,139.43
15,415,1003.78,363.56,11.59,11.57,0,134.08
10,415,361.35,598.93,8.08,6.99,0,56.52
64,415,283.0,640.93,9.06,8.13,0,73.63
68,415,1272.25,538.24,9.34,11.83,0,110.53
42,415,618.33,422.9,12.26,9.61,0,117.81
1,416,866.42,680.41,13.9,10.9,0,151.45
4,416,1140.2,638.17,11.17,12.24,0,136.67
5,416,913.62,306.02,12.98,12.82,0,166.31
19,416,210.9,165.08,16.64,13.31,0,221.52
25,416,521.71,407.9,12.59,11.21,0,141.11
15,416,1003.62,364.34,11.59,11.6,0,134.44
10,416,360.12,600.26,8.06,6.98,0,56.21
64,416,282.8,641.25,8.95,8.07,0,72.23
68,416,1271.51,538.16,9.85,11.95,0,117.74
42,416,617.83,423.29,12.6,9.87,0,124.42
1,417,867.08,680.68,13.83,10.81,0,149.54
4,417,1140.76,638.04,11.03,12.12,0,133.67
5,417,912.74,305.15,12.53,12.37,0,154.95
19,417,211.17,165.01,16.68,13.42,0,223.8
25,417,522.5,408.89,12.71,11.28,0,143.38
15,417,1003.25,365.79,11.63,11.67,0,135.72
10,417,359.23,600.96,8.13,7.01,0,57.0
64,417,282.72,642.04,8.88,8.04,0,71.43
68,417,1271.0,538.17,10.43,12.2,0,127.2
42,417,616.92,423.6,12.78,10.04,0,128.37
1,418,867.51,680.88,13.83,10.77,0,149.05
4,418,1140.94,637.74,11.16,12.29,0,137.19
5,418,911.9,304.23,12.25,12.09,0,148.11
19,418,211.26,164.9,16.61,13.37,0,222.04
25,418,523.32,409.95,12.95,11.45,0,148.22
15,418,1003.17,367.01,11.85,11.94,0,141.47
10,418,358.13,601.57,8.99,7.76,0,69.78
64,418,282.73,642.66,9.51,8.69,0,82.67
68,418,1270.28,538.14,10.8,12.29,0,132.67
42,418,615.67,423.71,13.57,10.69,0,145.08
1,419,868.1,681.12,13.94,10.84,0,151.13
4,419,1141.22,637.4,11.17,12.31,0,137.51
5,419,910.89,303.69,12.51,12.35,0,154.42
19,419,211.5,164.59,16.54,13.37,0,221.01
25,419,523.99,410.89,13.33,11.8,0,157.36
15,419,1002.8,367.97,12.02,12.16,0,146.19
10,419,356.59,602.2,9.17,7.92,0,72.66
64,419,282.48,643.61,10.4,9.58,0,99.65
68,419,1269.68,538.17,11.2,12.41,0,139.04
42,419,614.47,423.87,13.24,10.41,0,137.77
1,420,868.76,681.19,13.95,10.8,0,150.67
4,420,1141.34,636.95,11.11,12.2,0,135.56
5,420,910.28,303.2,12.72,12.59,0,160.13
19,420,211.75,164.19,16.22,13.13,0,212.95
25,420,524.78,411.84,13.3,11.78,0,156.71
15,420,1002.14,369.24,11.69,11.78,0,137.67
10,420,355.12,603.1,8.49,7.32,0,62.16
64,420,282.19,644.83,9.46,8.7,0,82.27
68,420,1268.91,538.08,11.44,12.36,0,141.43
42,420,613.77,424.25,13.28,10.47,0,139.02
1,421,869.41,681.26,13.92,10.75,0,149.58
4,421,1141.86,636.41,10.96,12.06,0,132.22
5,421,909.65,302.22,12.72,12.57,0,159.9
19,421,212.03,163.72,16.16,13.13,0,212.23
25,421,525.41,412.47,13.3,11.75,0,156.27
15,421,1001.75,370.25,11.7,11.79,0,137.97
10,421,353.82,603.91,8.4,7.23,0,60.68
64,421,281.37,645.94,8.4,7.73,0,64.94
68,421,1267.69,538.06,11.48,12.1,0,138.94
42,421,612.92,424.61,13.07,10.32,0,134.88
1,422,869.99,681.31,13.94,10.74,0,149.75
4,422,1142.29,636.03,10.8,11.9,0,128.54
5,422,908.87,301.56,12.56,12.32,0,154.75
19,422,212.27,163.34,16.34,13.36,0,218.27
25,422,526.36,413.41,13.41,11.83,0,158.73
15,422,1001.3,371.88,11.63,11.68,0,135.76
10,422,352.78,604.6,8.26,7.09,0,58.52
64,422,281.02,646.52,8.46,7.85,0,66.41
68,422,1266.83,538.06,11.68,12.05,0,140.74
42,422,612.07,424.93,13.55,10.7,0,145.02
1,423,870.5,681.5,14.01,10.79,0,151.11
4,423,1142.41,635.79,10.47,11.47,0,120.06
5,423,908.2,301.04,12.94,12.76,0,165.19
19,423,212.55,163.2,16.34,13.39,0,218.77
25,423,527.31,414.41,13.19,11.59,0,152.85
15,423,1001.06,373.11,11.87,11.97,0,142.16
10,423,351.42,605.14,8.01,6.83,0,54.74
64,423,280.82,647.12,9.25,8.66,0,80.18
68,423,1266.05,538.05,11.98,12.12,0,145.23
42,423,611.1,425.12,13.63,10.72,0,146.14
1,424,871.23,681.79,14.06,10.84,0,152.48
4,424,1142.49,635.32,10.54,11.52,0,121.41
5,424,907.36,300.27,12.46,12.27,0,152.9
19,424,212.86,162.99,16.44,13.52,0,222.21
25,424,527.78,415.17,13.18,11.49,0,151.44
15,424,1000.55,374.28,11.97,12.15,0,145.37
10,424,349.53,606.27,7.66,6.49,0,49.75
64,424,280.5,648.76,8.71,8.25,0,71.9
68,424,1264.97,537.9,12.15,12.08,0,146.83
42,424,610.17,425.28,13.37,10.51,0,140.56
1,425,872.0,682.07,14.16,10.96,0,155.3
4,425,1142.7,634.71,10.86,11.9,0,129.3
5,425,906.58,299.5,12.72,12.59,0,160.12
19,425,213.11,162.34,16.58,13.72,0,227.52
25,425,527.81,415.73,12.83,11.07,0,142.01
15,425,1000.26,375.43,11.92,12.13,0,144.57
10,425,347.89,606.88,8.03,6.78,0,54.47
64,425,280.33,649.64,8.58,8.23,0,70.63
68,425,1264.04,537.86,12.36,12.07,0,149.16
42,425,608.98,425.51,13.1,10.34,0,135.52
1,426,872.61,682.33,13.95,10.84,0,151.25
4,426,1143.04,634.08,10.92,11.93,0,130.2
5,426,905.99,298.38,13.09,12.96,0,169.56
19,426,213.51,161.76,17.13,14.28,0,244.62
25,426,528.89,416.62,12.93,11.08,0,143.3
15,426,999.65,376.8,11.85,12.03,0,142.6
10,426,346.73,607.44,7.95,6.74,0,53.61
64,426,280.25,650.67,8.79,8.53,0,74.99
68,426,1262.93,537.66,12.31,11.82,0,145.48
42,426,606.96,425.92,12.85,10.18,0,130.79
1,427,873.18,682.58,14.12,11.03,0,155.66
4,427,1143.39,633.71,10.86,11.8,0,128.19
5,427,904.96,297.86,12.91,12.8,0,165.24
19,427,213.75,161.44,16.79,14.03,0,235.48
25,427,530.07,417.81,13.51,11.52,0,155.6
15,427,999.26,378.3,12.14,12.39,0,150.43
10,427,345.5,608.43,8.04,6.87,0,55.22
64,427,280.33,651.26,10.07,9.98,0,100.54
68,427,1262.07,537.56,12.32,11.68,0,143.98
42,427,606.15,426.36,13.25,10.5,0,139.22
1,428,873.83,682.87,14.32,11.28,0,161.42
4,428,1143.71,633.55,10.72,11.57,0,124.05
5,428,904.21,297.29,13.26,13.13,0,174.17
19,428,214.04,161.14,16.78,14.03,0,235.37
25,428,531.16,419.17,13.44,11.42,0,153.55
15,428,998.98,379.53,11.94,12.2,0,145.74
10,428,344.64,608.96,8.23,7.0,0,57.62
64,428,280.16,651.82,10.79,10.98,0,118.51
68,428,1261.31,537.5,12.52,11.77,0,147.36
42,428,605.39,426.67,12.97,10.28,0,133.23
1,429,874.51,683.22,14.15,11.21,0,158.68
4,429,1144.2,633.23,10.88,11.76,0,127.99
5,429,903.29,297.14,13.23,13.11,0,173.54
19,429,214.17,160.8,16.57,13.83,0,229.25
25,429,531.82,420.09,13.53,11.48,0,155.34
15,429,998.53,380.61,11.51,11.78,0,135.59
10,429,343.67,609.86,8.09,6.9,0,55.82
64,429,279.63,653.12,10.08,10.44,0,105.24
68,429,1260.72,537.4,12.68,11.84,0,150.09
42,429,604.73,427.23,12.88,10.19,0,131.32
71,429,450.92,6.05,11.16,11.65,0,129.99
1,430,875.1,683.42,14.06,11.17,0,157.03
4,430,1144.38,632.94,11.12,12.05,0,133.98
5,430,902.4,296.27,13.37,13.26,0,177.28
19,430,214.41,160.29,16.54,13.8,0,228.32
25,430,532.34,420.76,13.7,11.61,0,159.13
15,430,997.98,381.95,11.53,11.8,0,136.03
10,430,341.74,610.51,8.03,6.84,0,54.94
64,430,279.4,653.77,10.21,10.65,0,108.76
68,430,1259.75,537.28,12.75,11.79,0,150.31
42,430,603.82,427.39,12.99,10.32,0,134.06
1,431,875.7,683.85,13.93,11.11,0,154.72
4,431,1144.76,632.53,11.2,12.17,0,136.33
5,431,901.61,295.62,13.79,13.7,0,188.92
19,431,214.66,159.84,16.49,13.75,0,226.86
25,431,533.04,421.55,13.79,11.68,0,160.97
15,431,997.66,383.0,12.08,12.35,0,149.16
10,431,340.42,611.1,8.16,6.96,0,56.79
64,431,278.78,655.02,10.75,11.39,0,122.43
68,431,1258.87,537.28,12.81,11.75,0,150.46
42,431,602.77,427.66,13.11,10.4,0,136.34
1,432,876.21,684.25,13.83,11.05,0,152.87
4,432,1145.11,632.1,11.1,12.12,0,134.5
5,432,900.63,294.87,13.48,13.37,0,180.35
19,432,214.77,159.65,16.63,13.85,0,230.32
25,432,533.73,422.27,13.56,11.42,0,154.86
15,432,997.22,384.38,11.47,11.64,0,133.43
10,432,339.24,611.61,8.22,7.01,0,57.58
64,432,278.37,656.94,9.48,10.09,0,95.62
68,432,1257.86,536.93,13.18,12.01,0,158.31
42,432,601.98,427.86,13.44,10.65,0,143.15
1,433,876.91,684.47,13.75,11.02,0,151.55
4,433,1145.53,631.78,10.87,11.88,0,129.06
5,433,899.77,294.3,13.69,13.56,0,185.57
19,433,214.79,159.5,16.49,13.72,0,226.26
25,433,534.29,423.1,13.65,11.43,0,156.1
15,433,996.9,385.36,11.59,11.79,0,136.62
10,433,337.51,612.21,8.26,7.04,0,58.18
64,433,278.26,657.68,8.72,9.31,0,81.18
68,433,1257.08,536.69,13.28,12.02,0,159.62
42,433,600.88,427.93,13.49,10.73,0,144.72
71,433,450.53,9.62,12.71,13.25,0,168.32
1,434,877.65,684.55,13.54,10.88,0,147.26
4,434,1145.8,631.3,10.77,11.79,0,126.99
5,434,899.09,293.76,13.45,13.28,0,178.7
19,434,214.9,159.01,16.46,13.7,0,225.47
25,434,534.94,424.05,13.8,11.55,0,159.42
15,434,996.72,386.48,11.99,12.23,0,146.56
10,434,336.28,613.13,8.23,7.04,0,57.98
64,434,278.14,658.73,8.87,9.58,0,85.02
68,434,1256.27,536.44,13.32,11.98,0,159.62
42,434,599.43,428.29,13.65,10.87,0,148.35
1,435,878.16,684.71,13.46,10.82,0,145.58
4,435,1146.0,630.74,10.86,11.93,0,129.55
5,435,898.14,292.73,12.96,12.7,0,164.61
19,435,215.05,158.45,16.35,13.58,0,222.05
25,435,535.55,424.75,13.53,11.3,0,152.85
15,435,996.44,387.93,11.93,12.16,0,145.14
10,435,334.98,613.5,7.75,6.64,0,51.44
64,435,277.74,659.43,8.93,9.66,0,86.3
68,435,1255.28,536.28,13.52,12.07,0,163.16
42,435,598.05,428.33,13.4,10.67,0,142.96
71,435,450.13,12.16,13.26,13.84,0,183.56
1,436,878.51,685.25,13.65,10.99,0,149.95
4,436,1146.16,630.3,10.96,12.09,0,132.59
5,436,896.8,291.95,13.58,13.27,0,180.21
19,436,215.05,158.04,16.73,13.9,0,232.56
25,436,536.14,425.32,13.85,11.55,0,160.07
15,436,995.84,389.35,11.8,12.09,0,142.71
10,436,333.18,614.15,7.86,6.74,0,52.96
64,436,277.1,660.13,9.76,10.56,0,103.14
68,436,1254.17,536.14,13.38,11.88,0,159.01
42,436,596.91,428.59,12.97,10.29,0,133.4
71,436,449.48,14.14,11.09,11.57,0,128.27
1,437,879.06,685.98,13.83,11.15,0,154.22
4,437,1146.49,629.89,10.73,11.83,0,126.91
5,437,895.4,291.06,13.75,13.41,0,184.35
19,437,215.34,157.5,16.47,13.67,0,225.19
25,437,536.89,426.45,14.11,11.82,0,166.82
15,437,995.39,390.44,11.38,11.71,0,133.27
10,437,331.81,614.54,8.04,6.81,0,54.76
64,437,276.74,660.92,9.29,10.11,0,93.94
68,437,1253.22,536.0,13.37,11.79,0,157.62
42,437,596.17,428.84,13.09,10.37,0,135.7
71,437,449.05,14.3,11.13,11.55,0,128.57
1,438,879.49,686.33,13.8,11.13,0,153.56
4,438,1146.85,629.59,10.58,11.63,0,123.07
5,438,894.38,290.46,13.66,13.36,0,182.5
19,438,215.5,157.12,16.25,13.47,0,218.87
25,438,537.58,427.4,13.81,11.58,0,159.87
15,438,995.14,391.34,10.91,11.18,0,121.95
10,438,330.73,615.16,8.21,6.91,0,56.7
64,438,276.42,661.85,8.85,9.57,0,84.67
68,438,1252.45,535.79,13.49,11.83,0,159.48
42,438,595.19,429.09,13.16,10.38,0,136.61
71,438,448.94,16.12,10.24,10.57,0,108.26
1,439,880.13,686.76,13.63,10.99,0,149.7
4,439,1147.14,629.08,10.62,11.62,0,123.38
5,439,893.67,289.65,13.29,12.99,0,172.66
19,439,215.67,156.87,16.15,13.36,0,215.83
25,439,538.28,427.98,13.28,11.12,0,147.69
15,439,994.58,392.34,11.15,11.44,0,127.57
10,439,329.13,615.57,8.17,6.92,0,56.55
64,439,276.07,662.62,9.1,9.77,0,88.92
68,439,1251.88,535.54,13.81,12.07,0,166.69
42,439,593.68,429.16,12.85,10.13,0,130.22
1,440,880.42,687.11,13.07,10.47,0,136.84
4,440,1147.45,628.57,10.64,11.55,0,122.92
5,440,892.74,289.05,13.41,13.12,0,176.02
19,440,215.77,156.77,16.58,13.75,0,227.96
25,440,538.95,428.77,13.28,11.1,0,147.34
15,440,994.24,393.47,11.38,11.7,0,133.15
10,440,327.48,616.5,8.02,6.8,0,54.52
64,440,275.65,664.41,9.16,9.86,0,90.27
68,440,1250.77,535.07,13.9,12.09,0,167.99
42,440,591.86,429.43,12.47,9.77,0,121.87
71,440,449.4,17.14,12.79,13.3,0,170.18
1,441,881.26,687.34,13.63,10.89,0,148.41
4,441,1147.73,627.88,10.76,11.67,0,125.65
5,441,891.75,288.23,13.73,13.44,0,184.56
19,441,215.95,156.57,16.93,14.02,0,237.28
25,441,539.78,429.43,13.34,11.13,0,148.47
15,441,993.92,394.76,11.23,11.53,0,129.47
10,441,326.45,616.86,7.95,6.73,0,53.55
64,441,275.33,665.93,8.01,8.61,0,68.98
68,441,1249.37,534.76,13.48,11.59,0,156.23
42,441,590.89,429.54,12.85,10.11,0,129.83
71,441,449.3,18.73,14.46,15.05,0,217.54
1,442,882.04,687.66,13.81,11.04,0,152.48
4,442,1147.87,627.49,10.77,11.58,0,124.71
5,442,890.83,287.3,13.46,13.22,0,178.03
19,442,216.31,155.95,16.49,13.61,0,224.47
25,442,540.54,430.03,13.6,11.31,0,153.78
15,442,993.63,395.65,11.21,11.47,0,128.6
10,442,325.28,617.23,8.12,6.76,0,54.91
64,442,275.1,666.62,7.77,8.35,0,64.91
68,442,1248.47,534.42,13.41,11.42,0,153.18
42,442,590.13,429.9,12.8,10.08,0,129.05
1,443,882.64,687.82,13.74,10.99,0,151.02
4,443,1148.19,627.05,10.82,11.53,0,124.67
5,443,890.3,286.65,12.76,12.48,0,159.29
19,443,216.6,155.22,16.59,13.66,0,226.68
25,443,541.16,430.74,13.45,11.14,0,149.77
15,443,993.19,396.64,11.14,11.34,0,126.34
10,443,323.93,617.6,8.34,6.89,0,57.39
64,443,275.18,667.37,8.76,9.45,0,82.74
68,443,1247.68,534.15,13.6,11.5,0,156.41
42,443,589.01,430.3,12.93,10.21,0,131.97
1,444,883.22,687.98,13.59,10.85,0,147.5
4,444,1148.41,626.51,10.78,11.4,0,122.92
5,444,889.36,285.78,12.55,12.28,0,154.11
19,444,216.86,154.45,16.54,13.55,0,224.11
25,444,541.9,431.56,13.43,11.11,0,149.26
15,444,992.78,397.66,11.42,11.65,0,133.14
10,444,322.33,618.21,8.16,6.77,0,55.24
64,444,274.85,668.31,8.89,9.69,0,86.09
68,444,1247.01,534.01,14.07,11.86,0,166.9
42,444,588.38,430.35,13.09,10.33,0,135.15
1,445,883.81,687.95,13.35,10.6,0,141.55
4,445,1148.5,625.49,10.95,11.55,0,126.46
5,445,888.06,284.68,13.3,13.01,0,173.01
19,445,217.08,153.93,16.78,13.77,0,231.08
25,445,542.95,432.27,13.59,11.3,0,153.47
15,445,991.7,398.75,11.19,11.34,0,126.99
10,445,321.28,618.39,8.22,6.82,0,56.09
64,445,274.45,668.93,8.55,9.44,0,80.63
68,445,1246.15,533.71,14.13,11.89,0,168.07
42,445,587.72,430.33,12.96,10.23,0,132.5
1,446,884.3,687.93,13.5,10.68,0,144.25
4,446,1148.76,624.61,10.85,11.35,0,123.11
5,446,886.57,283.44,13.1,12.83,0,168.09
19,446,217.17,153.42,16.72,13.66,0,228.37
25,446,543.84,432.83,13.67,11.41,0,155.97
15,446,991.19,399.69,11.37,11.45,0,130.25
10,446,320.14,618.34,8.42,6.98,0,58.75
64,446,274.43,668.85,8.74,9.76,0,85.28
68,446,1244.88,533.31,13.92,11.74,0,163.31
42,446,586.89,430.06,13.07,10.34,0,135.06
1,447,884.83,687.97,13.64,10.78,0,147.09
4,447,1149.04,623.98,11.12,11.58,0,128.78
5,447,885.61,282.59,13.45,13.19,0,177.43
19,447,217.76,152.77,16.56,13.47,0,223.09
25,447,544.37,433.23,14.1,11.8,0,166.33
15,447,990.45,400.57,11.49,11.5,0,132.12
10,447,318.63,618.54,8.29,6.86,0,56.88
64,447,274.32,669.74,8.68,9.75,0,84.62
68,447,1243.69,532.77,13.79,11.62,0,160.33
42,447,585.92,429.9,13.47,10.65,0,143.44
71,447,449.96,24.52,10.46,10.9,0,114.1
1,448,885.3,687.88,13.44,10.61,0,142.53
4,448,1149.34,623.16,10.86,11.28,0,122.5
5,448,885.08,281.78,13.16,12.86,0,169.24
19,448,218.47,152.0,16.6,13.53,0,224.48
25,448,545.02,434.1,13.78,11.52,0,158.77
15,448,990.04,401.46,11.57,11.6,0,134.24
10,448,317.13,618.62,8.2,6.84,0,56.1
64,448,274.24,670.7,8.73,9.86,0,86.02
68,448,1242.52,532.07,13.58,11.45,0,155.52
42,448,584.4,429.89,13.01,10.29,0,133.89
1,449,885.96,687.98,13.64,10.79,0,147.1
4,449,1149.76,622.26,10.97,11.41,0,125.18
5,449,884.27,280.89,13.55,13.22,0,179.1
19,449,218.9,151.39,16.71,13.73,0,229.44
25,449,546.28,434.7,13.69,11.43,0,156.55
15,449,989.59,402.13,12.02,12.08,0,145.15
10,449,315.81,618.91,8.18,6.82,0,55.8
64,449,274.37,672.14,8.43,9.52,0,80.2
68,449,1241.59,531.74,13.89,11.7,0,162.55
42,449,583.5,429.89,13.0,10.32,0,134.2
84,449,111.7,249.97,13.32,13.9,0,185.16
71,449,451.28,28.49,9.0,9.31,0,83.76
1,450,886.45,687.9,13.25,10.46,0,138.64
4,450,1149.94,621.3,11.19,11.65,0,130.39
5,450,883.03,279.84,14.03,13.71,0,192.37
19,450,219.2,151.01,16.76,13.79,0,231.16
25,450,547.26,435.49,13.39,11.15,0,149.33
15,450,989.21,403.31,11.53,11.57,0,133.37
10,450,314.71,619.18,8.15,6.85,0,55.85
64,450,274.24,673.51,7.5,8.47,0,63.57
68,450,1240.43,531.41,13.87,11.65,0,161.63
42,450,582.66,429.93,12.91,10.29,0,132.8
71,450,450.73,27.69,10.91,11.32,0,123.44
1,451,887.1,687.91,13.08,10.3,0,134.67
4,451,1150.12,620.46,11.11,11.58,0,128.7
5,451,882.43,279.26,14.04,13.72,0,192.61
19,451,219.64,150.68,16.84,13.87,0,233.59
25,451,548.08,436.15,13.61,11.32,0,153.99
15,451,988.86,404.55,11.5,11.52,0,132.51
10,451,313.71,619.27,8.15,6.93,0,56.5
64,451,274.54,674.46,6.79,7.65,0,51.91
68,451,1239.26,531.1,14.09,11.82,0,166.66
42,451,582.21,430.02,13.28,10.67,0,141.72
1,452,887.56,687.93,13.08,10.28,0,134.42
4,452,1150.32,619.84,10.69,11.11,0,118.77
5,452,881.8,278.78,14.06,13.76,0,193.58
19,452,220.69,150.28,16.85,13.86,0,233.6
25,452,549.09,436.76,13.33,11.09,0,147.88
15,452,988.32,405.74,11.77,11.82,0,139.08
10,452,312.82,619.55,8.54,7.37,0,62.91
64,452,274.97,675.66,7.26,8.21,0,59.56
68,452,1238.07,530.61,13.94,11.67,0,162.7
42,452,581.55,430.19,12.96,10.44,0,135.3
71,452,450.47,30.13,11.51,11.72,0,134.93
1,453,888.16,687.98,13.1,10.31,0,135.09
4,453,1150.35,619.14,10.82,11.27,0,121.9
5,453,880.63,278.18,13.79,13.47,0,185.74
19,453,221.66,149.94,17.2,14.15,0,243.34
25,453,549.77,437.48,13.38,11.14,0,149.1
15,453,987.84,406.97,11.89,11.87,0,141.12
10,453,311.56,620.26,8.25,7.06,0,58.28
64,453,275.35,675.99,7.82,8.82,0,68.94
68,453,1236.81,530.07,14.07,11.79,0,166.0
42,453,580.76,430.07,12.94,10.48,0,135.64
71,453,452.01,31.48,11.68,11.96,0,139.69
1,454,888.82,688.22,13.07,10.25,0,133.97
4,454,1150.43,618.53,10.94,11.39,0,124.56
5,454,878.91,277.49,13.43,13.07,0,175.5
19,454,222.16,149.56,17.26,14.21,0,245.36
25,454,550.81,438.35,13.4,11.17,0,149.61
15,454,987.3,408.17,11.82,11.81,0,139.53
10,454,310.81,620.65,8.04,6.91,0,55.61
64,454,275.3,675.95,8.34,9.41,0,78.53
68,454,1235.88,529.88,14.17,11.9,0,168.57
42,454,580.12,430.04,12.71,10.33,0,131.27
71,454,451.94,31.99,12.26,12.46,0,152.7
1,455,889.49,688.49,13.13,10.29,0,135.03
4,455,1150.65,617.75,11.1,11.55,0,128.19
5,455,877.77,276.45,13.75,13.44,0,184.79
19,455,222.49,149.32,16.94,13.89,0,235.34
25,455,552.12,439.1,13.28,11.07,0,147.05
15,455,986.81,409.41,11.86,11.87,0,140.73
10,455,309.94,621.04,8.24,7.01,0,57.79
64,455,275.37,676.89,7.9,8.91,0,70.37
68,455,1235.1,529.59,14.16,11.88,0,168.24
42,455,579.45,430.09,12.63,10.34,0,130.5
71,455,452.57,33.36,12.67,12.88,0,163.19
1,456,890.1,688.61,12.99,10.17,0,132.07
4,456,1150.84,617.03,11.2,11.65,0,130.5
5,456,877.14,275.47,13.93,13.69,0,190.65
19,456,223.29,148.92,16.72,13.67,0,228.5
25,456,553.1,439.7,13.47,11.25,0,151.63
15,456,986.58,409.83,11.85,11.84,0,140.36
64,456,275.44,677.32,8.06,9.1,0,73.34
68,456,1234.07,529.17,14.26,11.93,0,170.11
42,456,578.76,430.28,12.67,10.45,0,132.39
71,456,453.05,34.05,13.7,14.01,0,191.99
1,457,890.59,688.61,13.06,10.22,0,133.56
4,457,1150.92,616.47,11.1,11.53,0,128.01
5,457,876.27,274.52,13.04,12.8,0,166.89
19,457,223.8,148.56,16.29,13.3,0,216.53
25,457,553.95,440.19,13.29,11.13,0,147.92
15,457,986.0,410.82,11.77,11.69,0,137.54
64,457,275.77,678.39,7.93,8.91,0,70.65
68,457,1232.33,528.42,13.86,11.6,0,160.76
42,457,577.95,430.35,12.63,10.43,0,131.78
71,457,453.24,35.82,13.06,13.26,0,173.15
1,458,891.02,688.45,12.89,10.09,0,130.04
4,458,1150.86,615.73,11.2,11.6,0,129.89
5,458,875.12,273.38,13.08,12.85,0,168.1
19,458,224.49,147.84,17.04,13.97,0,238.02
25,458,554.76,440.54,13.13,11.01,0,144.58
15,458,985.14,412.43,11.85,11.77,0,139.42
64,458,275.54,678.68,8.2,9.2,0,75.4
68,458,1231.16,527.68,14.29,11.99,0,171.33
42,458,577.1,430.16,12.35,10.28,0,127.02
71,458,453.73,37.0,12.14,12.26,0,148.79
10,458,306.52,621.02,7.87,6.67,0,52.55
1,459,891.34,688.33,13.04,10.21,0,133.15
4,459,1150.92,614.88,11.07,11.44,0,126.65
5,459,874.0,272.05,13.51,13.33,0,180.09
19,459,225.25,147.22,16.91,13.81,0,233.65
25,459,555.81,441.05,13.08,10.92,0,142.84
15,459,984.42,413.15,12.02,11.95,0,143.66
64,459,275.46,678.79,8.02,8.96,0,71.91
68,459,1230.03,527.25,14.17,11.89,0,168.48
42,459,576.3,429.9,12.17,10.09,0,122.82
71,459,453.76,37.78,12.88,12.92,0,166.48
10,459,305.77,620.9,7.87,6.65,0,52.36
1,460,891.76,688.26,12.82,10.05,0,128.82
4,460,1150.77,614.03,11.22,11.57,0,129.75
5,460,873.18,271.32,13.74,13.56,0,186.37
19,460,225.97,146.78,16.99,13.87,0,235.53
25,460,556.75,441.7,13.12,10.94,0,143.51
15,460,983.9,413.65,12.22,12.12,0,148.12
64,460,275.89,679.03,8.68,9.68,0,84.0
68,460,1228.85,526.9,14.37,12.09,0,173.71
42,460,575.11,429.8,12.37,10.27,0,127.01
71,460,454.96,38.23,12.33,12.48,0,153.91
10,460,304.64,620.88,8.17,6.89,0,56.27
1,461,892.23,688.16,12.8,10.02,0,128.17
4,461,1150.84,613.18,11.26,11.54,0,129.9
5,461,872.2,270.62,13.55,13.5,0,182.92
19,461,226.47,146.53,16.88,13.76,0,232.34
25,461,557.46,442.28,12.92,10.75,0,138.93
15,461,983.46,414.65,12.33,12.18,0,150.18
64,461,276.42,680.17,8.16,9.09,0,74.21
68,461,1227.67,526.51,14.26,12.0,0,171.23
42,461,574.34,429.84,12.91,10.88,0,140.43
71,461,456.26,40.26,10.27,10.39,0,106.68
1,462,892.76,688.05,12.79,9.98,0,127.56
4,462,1150.98,612.44,11.2,11.47,0,128.49
5,462,870.81,269.99,12.61,12.57,0,158.52
19,462,227.38,146.26,17.23,14.1,0,242.98
25,462,558.35,442.96,12.93,10.75,0,138.93
15,462,982.29,415.77,12.28,12.15,0,149.19
64,462,277.01,681.08,7.9,8.81,0,69.65
68,462,1226.31,525.91,14.32,12.05,0,172.6
42,462,573.62,430.01,12.66,10.78,0,136.45
71,462,457.42,41.41,10.32,10.43,0,107.57
1,463,893.49,688.15,12.75,9.95,0,126.92
4,463,1151.13,611.8,10.97,11.22,0,123.1
5,463,869.8,269.15,12.91,12.97,0,167.44
19,463,228.39,145.92,17.55,14.51,0,254.57
25,463,559.52,443.68,12.78,10.5,0,134.2
15,463,981.5,417.25,12.63,12.58,0,158.91
64,463,277.35,681.6,8.05,9.07,0,73.02
68,463,1224.96,525.63,14.14,11.9,0,168.32
71,463,457.84,42.47,11.03,11.15,0,122.96
10,463,301.39,621.14,7.97,6.75,0,53.78
1,464,894.0,688.21,12.6,9.83,0,123.82
4,464,1151.05,611.09,11.37,11.67,0,132.67
5,464,868.85,268.4,12.67,12.77,0,161.79
19,464,229.07,145.65,17.43,14.52,0,253.09
25,464,560.85,444.39,12.72,10.39,0,132.19
15,464,981.08,418.08,12.8,12.81,0,164.0
64,464,277.88,682.37,7.9,8.99,0,71.01
68,464,1223.64,525.29,14.28,12.02,0,171.61
71,464,458.08,43.63,11.08,11.23,0,124.48
10,464,300.17,621.28,7.8,6.61,0,51.58
1,465,894.37,688.3,12.58,9.8,0,123.21
4,465,1151.02,610.34,11.4,11.78,0,134.34
5,465,867.81,267.22,12.83,12.96,0,166.3
19,465,229.62,145.27,16.87,14.09,0,237.78
25,465,561.74,444.97,12.68,10.31,0,130.71
15,465,980.51,418.79,12.65,12.72,0,160.93
64,465,278.2,682.68,8.5,9.76,0,82.96
68,465,1222.41,525.16,14.3,12.06,0,172.44
71,465,458.3,44.59,11.06,11.19,0,123.69
10,465,299.46,621.29,8.0,6.77,0,54.15
1,466,894.69,688.46,12.57,9.78,0,122.91
4,466,1151.0,609.78,11.29,11.76,0,132.84
5,466,866.9,266.7,12.11,12.14,0,147.05
19,466,230.27,144.91,16.51,13.83,0,228.26
25,466,562.55,445.9,12.82,10.39,0,133.12
15,466,980.01,420.02,12.54,12.67,0,158.85
64,466,278.61,683.31,8.61,9.96,0,85.76
68,466,1221.08,524.94,14.34,12.16,0,174.33
71,466,458.84,46.0,10.48,10.49,0,109.97
10,466,298.6,621.45,7.92,6.75,0,53.5
1,467,894.99,688.55,12.57,9.73,0,122.33
4,467,1150.98,609.25,10.86,11.36,0,123.45
5,467,865.98,266.2,12.3,12.39,0,152.42
19,467,230.58,144.53,16.36,13.77,0,225.38
25,467,563.46,446.69,12.71,10.23,0,129.96
15,467,979.16,421.82,12.32,12.51,0,154.17
64,467,278.77,684.12,8.31,9.67,0,80.36
68,467,1219.6,524.52,14.26,12.12,0,172.78
71,467,459.3,47.58,10.94,10.97,0,120.05
10,467,297.08,621.46,7.89,6.75,0,53.24
1,468,895.4,688.78,12.85,9.88,0,127.02
4,468,1150.85,608.6,10.74,11.16,0,119.87
5,468,864.53,265.27,12.79,12.86,0,164.54
19,468,231.23,144.2,16.26,13.67,0,222.28
25,468,564.54,447.52,12.96,10.37,0,134.43
15,468,978.75,423.09,12.41,12.71,0,157.74
64,468,279.08,685.2,7.67,8.86,0,67.95
68,468,1218.17,523.81,13.82,11.7,0,161.72
71,468,460.03,48.56,11.06,11.1,0,122.72
10,468,296.31,621.44,7.89,6.73,0,53.1
1,469,895.79,688.78,12.91,9.89,0,127.7
4,469,1150.77,608.06,10.66,10.97,0,116.93
5,469,863.65,264.52,13.54,13.66,0,185.03
19,469,231.84,143.71,16.64,13.94,0,231.86
25,469,565.66,448.2,13.43,10.76,0,144.47
15,469,978.13,423.56,12.0,12.3,0,147.56
64,469,279.46,686.07,7.74,8.91,0,68.93
68,469,1216.23,523.04,12.95,10.9,0,141.23
71,469,460.44,49.59,10.78,10.74,0,115.82
10,469,295.08,621.51,7.74,6.62,0,51.28
1,470,896.07,688.87,13.1,9.98,0,130.75
4,470,1150.82,607.6,10.87,11.18,0,121.52
5,470,862.73,263.7,12.93,13.03,0,168.48
19,470,232.64,143.21,16.35,13.63,0,222.86
25,470,566.44,448.9,12.98,10.42,0,135.22
15,470,977.32,424.3,12.05,12.32,0,148.42
64,470,279.77,686.57,8.42,9.73,0,81.91
68,470,1215.49,522.66,14.07,11.8,0,165.96
71,470,460.54,50.73,11.56,11.56,0,133.61
10,470,293.97,621.63,7.41,6.29,0,46.61
1,471,896.42,689.06,13.31,10.07,0,134.0
4,471,1150.95,606.78,10.91,11.26,0,122.81
5,471,861.55,262.82,12.38,12.41,0,153.6
19,471,233.49,142.8,16.27,13.51,0,219.82
25,471,567.28,449.79,12.79,10.23,0,130.76
15,471,976.73,425.5,12.37,12.63,0,156.27
64,471,279.84,687.06,8.98,10.39,0,93.36
68,471,1214.68,522.36,14.34,11.98,0,171.88
71,471,461.09,51.87,11.26,11.25,0,126.66
10,471,293.11,621.67,7.48,6.26,0,46.86
1,472,897.25,689.19,13.79,10.39,0,143.3
4,472,1151.22,606.2,10.93,11.27,0,123.17
5,472,860.48,262.08,12.36,12.38,0,153.1
19,472,234.07,142.61,16.18,13.42,0,217.16
25,472,568.77,450.98,12.26,9.78,0,119.84
15,472,976.55,427.04,12.16,12.35,0,150.13
64,472,280.11,687.86,9.44,10.95,0,103.35
68,472,1213.56,522.21,13.77,11.51,0,158.39
71,472,461.74,53.5,11.17,11.11,0,124.11
10,472,292.08,621.94,8.06,6.7,0,53.95
42,472,565.63,432.17,12.28,10.32,0,126.75
1,473,898.25,689.52,14.13,10.63,0,150.14
4,473,1151.67,605.64,10.83,11.18,0,121.05
5,473,859.5,261.26,13.55,13.6,0,184.21
19,473,234.55,142.45,16.34,13.56,0,221.58
25,473,569.81,451.97,12.8,10.22,0,130.75
15,473,975.74,428.32,11.71,11.82,0,138.4
64,473,280.68,690.03,7.56,8.72,0,65.93
68,473,1212.77,521.97,13.99,11.72,0,163.94
71,473,463.03,54.54,10.68,10.6,0,113.27
10,473,290.87,622.13,7.85,6.56,0,51.48
87,473,568.41,451.46,15.2,12.61,0,191.64
42,473,564.58,432.78,12.45,10.42,0,129.77
1,474,898.82,689.77,14.12,10.6,0,149.6
4,474,1151.86,605.44,10.98,11.39,0,125.04
5,474,858.71,260.53,12.5,12.55,0,156.89
19,474,235.25,142.14,16.18,13.36,0,216.18
25,474,570.21,452.41,13.34,10.67,0,142.42
15,474,975.35,429.03,11.51,11.6,0,133.61
64,474,281.17,691.98,6.82,7.74,0,52.73
68,474,1211.86,521.86,14.1,11.83,0,166.76
71,474,462.7,55.24,11.52,11.49,0,132.32
10,474,289.78,622.26,8.01,6.71,0,53.75
87,474,568.3,451.53,16.13,13.39,0,216.03
42,474,563.64,433.19,12.56,10.51,0,131.99
1,475,899.17,689.98,14.22,10.66,0,151.58
4,475,1152.11,605.04,11.29,11.8,0,133.24
5,475,857.99,259.87,12.73,12.83,0,163.37
19,475,235.84,141.58,16.5,13.64,0,225.01
25,475,571.02,453.23,13.08,10.47,0,136.92
15,475,974.72,430.11,11.83,11.93,0,141.12
64,475,281.52,692.73,7.17,8.07,0,57.86
68,475,1210.71,521.84,14.17,11.94,0,169.19
71,475,463.35,56.71,11.09,11.14,0,123.54
10,475,288.82,622.37,8.33,6.95,0,57.9
42,475,562.97,433.57,12.57,10.53,0,132.33
1,476,899.76,690.29,14.34,10.74,0,153.98
4,476,1152.38,603.93,11.12,11.61,0,129.12
5,476,856.99,259.33,13.34,13.55,0,180.81
19,476,236.2,141.41,16.54,13.65,0,225.86
25,476,571.65,454.11,13.51,10.85,0,146.6
15,476,974.09,431.25,11.94,11.94,0,142.55
64,476,281.44,692.69,8.31,9.35,0,77.74
68,476,1209.92,521.68,14.0,11.81,0,165.39
71,476,463.61,57.72,11.57,11.72,0,135.5
10,476,287.15,622.87,8.33,7.05,0,58.7
42,476,562.22,433.72,12.64,10.57,0,133.65
1,477,900.46,690.74,14.08,10.49,0,147.75
4,477,1152.86,603.46,10.96,11.42,0,125.21
5,477,855.56,258.1,12.84,13.06,0,167.69
19,477,236.67,141.02,16.59,13.76,0,228.31
25,477,572.56,454.98,13.67,11.02,0,150.7
15,477,973.55,432.58,11.81,11.81,0,139.48
64,477,281.65,693.48,8.58,9.62,0,82.53
68,477,1209.14,521.52,13.97,11.76,0,164.3
71,477,464.1,58.87,11.78,12.01,0,141.47
10,477,285.83,623.17,8.33,7.12,0,59.33
42,477,560.66,434.11,12.05,10.03,0,120.86
1,478,901.28,691.0,13.67,10.16,0,138.95
4,478,1153.18,603.19,10.99,11.5,0,126.39
5,478,854.47,256.99,12.33,12.56,0,154.84
19,478,236.93,140.62,16.62,13.78,0,228.97
25,478,573.6,455.98,13.69,11.12,0,152.14
15,478,973.24,433.79,11.93,11.95,0,142.54
64,478,281.67,694.67,8.58,9.54,0,81.88
68,478,1208.02,521.12,14.06,11.78,0,165.72
71,478,464.31,59.68,11.31,11.49,0,129.93
10,478,284.14,623.29,8.04,6.88,0,55.36
42,478,559.39,434.13,12.11,10.15,0,122.88
1,479,902.03,691.24,13.58,10.09,0,137.01
4,479,1153.47,602.8,10.9,11.4,0,124.35
5,479,853.84,256.15,12.44,12.75,0,158.61
19,479,237.28,140.14,16.91,14.06,0,237.77
25,479,574.61,456.75,13.1,10.76,0,140.85
15,479,973.09,434.65,11.91,11.89,0,141.59
64,479,281.72,695.09,9.18,10.16,0,93.19
68,479,1207.12,520.67,14.22,11.89,0,169.1
71,479,464.86,60.92,10.9,11.09,0,120.93
42,479,558.63,434.14,11.95,10.06,0,120.25
1,480,902.9,691.62,13.66,10.17,0,138.88
4,480,1153.75,602.22,11.02,11.51,0,126.86
5,480,853.16,255.13,12.14,12.48,0,151.58
19,480,237.41,139.48,16.97,14.21,0,241.04
25,480,575.3,457.7,13.26,11.01,0,146.05
15,480,973.08,435.66,11.82,11.78,0,139.24
64,480,281.93,695.91,9.37,10.37,0,97.16
68,480,1206.58,520.26,14.3,11.93,0,170.62
71,480,465.18,61.84,10.92,11.08,0,120.97
42,480,557.76,434.47,11.72,9.9,0,116.04
10,480,281.79,624.11,8.54,7.41,0,63.31
1,481,903.71,691.98,13.81,10.3,0,142.16
4,481,1154.53,601.68,11.05,11.56,0,127.67
5,481,852.49,254.24,13.23,13.65,0,180.55
19,481,237.79,138.71,17.41,14.68,0,255.58
25,481,576.26,458.59,12.88,10.77,0,138.69
15,481,972.7,436.51,11.74,11.7,0,137.35
64,481,282.09,696.55,9.31,10.28,0,95.73
68,481,1205.98,520.02,14.36,12.01,0,172.46
71,481,465.34,62.6,10.91,11.13,0,121.41
42,481,556.75,434.71,11.82,9.96,0,117.63
10,481,280.5,624.35,8.44,7.4,0,62.41
1,482,905.06,692.43,13.57,10.16,0,137.86
4,482,1155.35,601.28,10.77,11.27,0,121.35
5,482,851.7,252.74,12.77,13.2,0,168.58
19,482,238.2,137.88,17.02,14.39,0,245.0
25,482,577.25,459.51,12.95,10.85,0,140.52
15,482,972.57,437.9,12.0,11.97,0,143.58
64,482,282.31,698.51,8.44,9.2,0,77.65
68,482,1205.37,519.87,14.16,11.84,0,167.69
71,482,465.8,63.02,11.44,11.74,0,134.24
42,482,556.01,435.2,11.85,9.94,0,117.78
1,483,905.94,692.71,13.64,10.26,0,139.89
4,483,1155.87,600.94,10.56,11.03,0,116.46
5,483,851.13,251.8,12.35,12.82,0,158.31
19,483,238.47,137.11,16.7,14.13,0,236.0
25,483,578.3,460.28,12.82,10.81,0,138.56
15,483,972.44,438.85,11.78,11.65,0,137.24
64,483,282.3,699.76,8.55,9.17,0,78.4
68,483,1204.76,519.54,13.99,11.65,0,163.02
71,483,466.24,63.8,11.56,11.91,0,137.6
42,483,555.12,435.47,11.75,9.85,0,115.81
10,483,278.13,624.48,7.7,6.69,0,51.47
1,484,906.67,693.14,14.14,10.69,0,151.18
4,484,1156.14,600.66,10.52,10.95,0,115.16
5,484,850.61,250.75,12.21,12.7,0,155.05
19,484,238.89,136.49,16.31,13.76,0,224.44
25,484,579.36,461.16,12.58,10.76,0,135.38
15,484,972.24,440.05,11.45,11.28,0,129.18
64,484,282.34,700.18,9.06,9.63,0,87.33
68,484,1204.13,519.4,14.18,11.79,0,167.17
71,484,466.87,64.93,10.75,11.09,0,119.26
42,484,554.53,435.46,11.77,9.87,0,116.16
10,484,276.83,624.62,7.88,6.78,0,53.41
1,485,907.58,693.92,14.54,11.07,0,161.0
4,485,1156.37,600.23,10.65,11.08,0,118.03
5,485,850.25,250.07,12.38,12.88,0,159.5
19,485,239.26,136.11,16.4,13.8,0,226.37
25,485,580.17,461.9,12.99,11.23,0,145.79
15,485,971.96,441.4,11.33,11.17,0,126.66
64,485,282.38,700.9,9.17,9.68,0,88.78
68,485,1203.72,519.11,14.58,12.16,0,177.36
71,485,467.72,65.95,10.62,11.01,0,116.88
42,485,553.66,435.53,11.83,9.96,0,117.88
1,486,908.65,694.57,14.54,11.12,0,161.7
4,486,1156.72,599.6,10.79,11.14,0,120.23
5,486,850.05,248.96,12.62,13.13,0,165.73
19,486,239.94,135.51,16.65,13.96,0,232.5
25,486,581.05,462.81,13.12,11.43,0,150.04
15,486,972.06,442.37,11.72,11.59,0,135.83
64,486,282.47,701.74,9.57,10.01,0,95.83
68,486,1203.26,518.97,14.55,12.11,0,176.24
71,486,468.12,66.79,11.05,11.5,0,126.99
42,486,552.24,435.77,12.33,10.48,0,129.32
10,486,274.63,625.18,7.47,6.4,0,47.8
1,487,909.68,695.18,14.04,10.73,0,150.64
4,487,1157.38,599.26,10.78,11.01,0,118.66
5,487,849.14,247.86,12.74,13.36,0,170.27
19,487,240.38,134.87,16.43,13.71,0,225.13
25,487,582.34,463.91,12.82,11.28,0,144.54
15,487,971.97,443.63,11.42,11.27,0,128.7
64,487,282.59,702.88,9.86,10.25,0,101.07
68,487,1202.69,518.77,14.39,11.97,0,172.32
71,487,468.68,67.48,11.57,12.14,0,140.48
42,487,551.33,435.89,12.18,10.43,0,127.03
10,487,273.14,625.78,7.8,6.75,0,52.61
1,488,910.46,695.54,13.69,10.46,0,143.09
4,488,1157.66,598.99,10.68,10.81,0,115.46
5,488,848.26,247.05,12.31,12.93,0,159.18
19,488,240.93,134.24,16.36,13.63,0,223.06
25,488,583.03,464.75,12.72,11.31,0,143.86
15,488,971.84,444.79,11.37,11.18,0,127.13
64,488,282.99,704.38,9.04,9.35,0,84.49
68,488,1201.9,518.59,14.19,11.79,0,167.31
71,488,469.08,68.55,11.09,11.61,0,128.68
42,488,550.55,436.36,12.38,10.69,0,132.32
10,488,271.61,626.06,7.69,6.62,0,50.91
1,489,911.18,695.83,13.66,10.43,0,142.54
4,489,1157.91,598.58,10.8,10.91,0,117.79
5,489,847.24,246.24,11.78,12.3,0,144.87
19,489,241.1,133.72,16.49,13.73,0,226.43
25,489,583.88,465.81,12.6,11.26,0,141.84
15,489,971.77,445.89,11.37,11.14,0,126.67
64,489,283.15,705.4,8.83,9.12,0,80.51
68,489,1200.68,518.34,14.04,11.59,0,162.7
71,489,469.4,69.66,11.06,11.59,0,128.11
42,489,549.61,436.67,12.09,10.44,0,126.26
10,489,270.3,626.33,7.82,6.79,0,53.07
1,490,912.21,696.47,13.45,10.35,0,139.2
4,490,1158.23,598.24,11.04,11.15,0,123.03
5,490,846.74,245.49,12.24,12.77,0,156.24
19,490,241.15,133.32,16.19,13.5,0,218.51
25,490,584.69,466.91,12.1,10.84,0,131.17
15,490,971.39,447.55,11.28,11.04,0,124.51
64,490,283.27,706.09,8.87,9.12,0,80.89
68,490,1199.82,518.13,14.25,11.74,0,167.33
71,490,469.78,70.55,10.69,11.08,0,118.4
42,490,548.52,437.17,12.2,10.51,0,128.3
10,490,268.66,626.79,7.78,6.72,0,52.24
1,491,912.91,697.17,13.86,10.7,0,148.3
4,491,1158.41,597.78,10.98,11.08,0,121.75
5,491,845.93,244.24,12.29,12.91,0,158.62
19,491,241.67,132.98,16.7,13.92,0,232.47
25,491,585.57,467.77,11.99,10.75,0,128.92
15,491,971.22,448.26,11.32,11.12,0,125.9
64,491,283.57,707.7,8.57,8.65,0,74.13
68,491,1199.25,518.02,14.29,11.77,0,168.21
71,491,470.37,71.17,11.08,11.55,0,128.01
42,491,547.61,437.44,11.79,10.13,0,119.42
10,491,267.19,627.18,7.63,6.53,0,49.83
1,492,914.11,697.62,14.03,10.88,0,152.73
4,492,1158.8,597.17,10.76,10.85,0,116.8
5,492,845.25,243.29,12.21,12.8,0,156.39
19,492,241.97,132.48,17.02,14.18,0,241.36
25,492,586.46,468.71,11.67,10.45,0,122.01
15,492,971.35,448.86,11.21,10.92,0,122.43
64,492,283.7,708.69,9.09,9.11,0,82.83
68,492,1198.83,517.96,14.64,12.06,0,176.64
71,492,471.26,72.19,11.32,11.89,0,134.65
42,492,546.96,437.62,11.59,9.97,0,115.48
10,492,266.17,627.65,7.66,6.54,0,50.12
1,493,914.75,697.89,14.04,10.92,0,153.42
4,493,1159.11,596.67,10.39,10.42,0,108.19
5,493,844.52,242.36,11.78,12.34,0,145.46
19,493,242.2,131.85,16.79,13.97,0,234.51
25,493,587.24,469.82,11.41,10.21,0,116.56
15,493,971.19,449.77,11.33,11.01,0,124.76
64,493,283.66,709.45,9.47,9.42,0,89.21
68,493,1198.04,517.88,14.75,12.18,0,179.53
71,493,471.62,73.26,10.9,11.39,0,124.09
42,493,545.89,437.89,11.54,9.88,0,114.0
10,493,265.07,627.92,7.94,6.74,0,53.48
1,494,915.22,698.25,14.18,11.06,0,156.75
4,494,1159.28,596.24,10.38,10.42,0,108.16
5,494,844.0,241.74,11.64,12.17,0,141.75
19,494,242.42,131.35,16.4,13.54,0,222.01
25,494,587.59,470.49,11.9,10.64,0,126.64
15,494,970.69,451.29,11.66,11.32,0,131.98
64,494,283.8,710.11,9.67,9.52,0,92.07
68,494,1197.19,517.63,14.47,11.96,0,173.05
71,494,471.7,74.01,11.4,11.99,0,136.73
42,494,544.01,438.45,11.89,10.16,0,120.8
10,494,263.5,628.26,7.74,6.5,0,50.32
1,495,915.63,698.55,14.28,11.15,0,159.18
4,495,1159.41,595.75,10.45,10.5,0,109.77
5,495,843.13,240.43,12.23,12.83,0,156.93
19,495,242.54,130.58,16.69,13.74,0,229.4
25,495,588.38,471.24,12.12,10.8,0,130.84
15,495,970.41,452.49,11.81,11.42,0,134.86
64,495,283.8,710.8,9.38,9.14,0,85.73
68,495,1196.25,517.3,14.28,11.78,0,168.17
71,495,472.18,75.13,10.71,11.28,0,120.75
42,495,542.88,438.7,11.84,10.09,0,119.4
10,495,262.26,628.7,7.64,6.36,0,48.55
1,496,916.27,699.23,14.12,11.02,0,155.53
4,496,1159.27,595.08,10.42,10.43,0,108.67
5,496,842.31,239.35,12.41,13.06,0,162.06
19,496,243.13,129.99,17.06,14.09,0,240.23
25,496,589.19,472.17,12.38,11.01,0,136.28
15,496,970.21,453.49,11.75,11.35,0,133.41
64,496,283.99,711.54,9.12,8.79,0,80.22
68,496,1195.54,517.16,14.11,11.64,0,164.19
71,496,472.64,76.13,10.6,11.12,0,117.91
42,496,542.05,438.93,11.81,10.06,0,118.83
10,496,260.59,629.29,8.08,6.71,0,54.16
89,496,221.53,3.98,13.71,7.96,0,109.13
1,497,916.89,699.73,14.01,10.92,0,153.02
4,497,1159.12,594.67,10.38,10.37,0,107.59
5,497,841.6,238.33,11.76,12.37,0,145.54
19,497,243.34,129.08,17.15,14.23,0,243.96
25,497,589.74,473.12,12.36,10.98,0,135.79
15,497,969.73,454.05,11.81,11.46,0,135.42
64,497,284.17,713.33,8.99,8.58,0,77.09
68,497,1194.59,516.94,13.85,11.43,0,158.27
71,497,472.59,77.15,10.55,11.08,0,116.98
42,497,540.89,439.11,11.28,9.55,0,107.74
10,497,259.24,629.78,8.13,6.76,0,54.93
89,497,221.5,4.99,16.85,9.84,0,165.84
1,498,917.45,700.09,14.03,10.95,0,153.55
4,498,1158.85,594.1,10.59,10.57,0,111.92
5,498,840.41,236.99,12.11,12.76,0,154.53
19,498,243.69,128.43,16.73,13.92,0,232.9
25,498,590.36,474.04,11.94,10.56,0,126.01
15,498,969.36,455.25,12.24,11.89,0,145.42
64,498,284.19,714.35,9.18,8.68,0,79.61
68,498,1193.27,516.37,13.59,11.15,0,151.56
71,498,473.03,78.08,10.84,11.43,0,123.8
42,498,539.67,439.23,11.43,9.58,0,109.5
10,498,257.82,630.1,8.09,6.72,0,54.37
89,498,221.16,5.52,18.56,10.97,0,203.57
1,499,917.98,700.62,14.35,11.22,0,160.97
4,499,1158.71,593.59,10.73,10.67,0,114.54
5,499,839.51,235.97,12.59,13.38,0,168.53
19,499,243.69,128.12,16.38,13.65,0,223.59
25,499,590.89,475.12,12.36,10.93,0,135.03
15,499,969.0,456.67,12.18,11.86,0,144.41
64,499,284.15,715.28,9.16,8.57,0,78.54
68,499,1192.03,516.15,13.4,10.96,0,146.84
71,499,473.17,78.72,10.74,11.39,0,122.3
42,499,538.74,439.55,12.04,10.08,0,121.4
10,499,256.69,630.54,8.43,6.95,0,58.59
89,499,220.88,5.93,19.57,11.73,0,229.45
1,500,918.5,701.18,14.49,11.35,0,164.47
4,500,1158.71,592.87,10.74,10.65,0,114.44
5,500,838.22,234.48,12.53,13.38,0,167.67
19,500,243.86,127.56,16.27,13.49,0,219.44
25,500,591.5,475.78,12.49,11.0,0,137.34
15,500,968.69,457.51,12.27,11.98,0,147.04
64,500,284.32,715.41,9.1,8.39,0,76.3
68,500,1191.1,515.87,13.95,11.39,0,158.83
71,500,473.65,79.72,10.55,11.06,0,116.66
42,500,537.64,439.65,11.85,9.86,0,116.82
10,500,254.91,630.97,7.98,6.54,0,52.2
89,500,220.8,6.72,20.74,12.67,0,262.66
1,501,919.17,701.73,14.57,11.44,0,166.66
4,501,1158.51,592.24,10.64,10.51,0,111.79
5,501,837.44,233.57,11.88,12.74,0,151.35
19,501,243.81,126.99,16.37,13.54,0,221.74
25,501,592.63,477.05,11.81,10.39,0,122.67
15,501,968.51,458.5,12.39,12.16,0,150.61
64,501,283.82,715.75,8.76,7.99,0,70.01
68,501,1190.46,515.5,14.03,11.44,0,160.51
71,501,473.82,80.27,10.65,11.1,0,118.25
42,501,535.9,439.66,11.45,9.44,0,108.1
10,501,253.14,631.27,7.87,6.49,0,51.08
89,501,221.0,7.93,21.14,13.18,0,278.62
1,502,919.75,702.21,14.3,11.2,0,160.14
4,502,1158.51,591.64,10.72,10.58,0,113.42
5,502,836.98,233.11,12.48,13.43,0,167.56
19,502,244.22,126.07,16.68,13.87,0,231.36
25,502,593.02,477.98,11.92,10.48,0,124.91
15,502,967.75,459.61,11.93,11.75,0,140.11
68,502,1189.54,515.42,13.98,11.37,0,159.01
71,502,474.18,81.73,10.42,10.8,0,112.52
42,502,534.67,439.8,11.91,9.79,0,116.57
10,502,251.92,632.34,8.0,6.61,0,52.82
89,502,221.14,9.63,21.26,13.56,0,288.36
1,503,920.26,702.44,14.1,10.98,0,154.85
4,503,1158.49,591.12,10.95,10.8,0,118.24
5,503,836.17,231.71,11.85,12.75,0,151.12
19,503,244.55,125.45,16.61,13.88,0,230.66
25,503,593.65,478.7,11.89,10.44,0,124.2
15,503,967.02,460.98,11.53,11.3,0,130.34
68,503,1188.36,515.2,14.15,11.49,0,162.5
71,503,474.54,82.81,10.6,10.98,0,116.4
42,503,533.56,440.18,12.34,10.14,0,125.11
10,503,250.76,632.87,7.99,6.59,0,52.69
89,503,220.92,11.05,21.63,14.16,0,306.19
1,504,920.93,702.98,13.88,10.77,0,149.48
4,504,1158.31,590.71,11.18,11.06,0,123.65
5,504,835.24,230.67,11.67,12.54,0,146.28
19,504,244.7,125.11,16.22,13.5,0,218.99
25,504,594.51,479.59,12.07,10.58,0,127.71
15,504,966.46,462.34,11.55,11.31,0,130.63
68,504,1187.17,515.12,14.16,11.49,0,162.68
71,504,474.95,83.88,11.17,11.5,0,128.48
42,504,532.83,440.39,12.77,10.51,0,134.24
10,504,249.83,633.21,7.99,6.56,0,52.4
89,504,220.9,12.64,20.6,13.86,0,285.41
1,505,921.61,703.47,13.88,10.74,0,149.09
4,505,1158.38,590.34,11.24,11.17,0,125.58
5,505,834.38,229.64,11.71,12.63,0,147.87
19,505,245.09,124.62,16.46,13.71,0,225.61
25,505,595.15,480.41,12.36,10.83,0,133.79
15,505,966.49,463.34,11.73,11.47,0,134.49
68,505,1186.2,514.82,14.05,11.37,0,159.72
71,505,475.12,84.63,11.54,11.88,0,137.09
42,505,531.79,440.71,13.01,10.76,0,140.09
10,505,248.79,633.62,8.52,6.98,0,59.47
89,505,221.05,14.17,19.93,13.75,0,274.0
1,506,922.3,703.89,13.61,10.49,0,142.8
4,506,1158.53,589.73,11.15,11.15,0,124.36
5,506,833.69,228.72,12.09,13.02,0,157.37
19,506,245.31,123.97,16.5,13.82,0,227.99
25,506,595.94,481.35,12.4,10.87,0,134.79
15,506,966.23,464.35,11.67,11.4,0,133.1
68,506,1185.59,514.63,14.07,11.39,0,160.3
71,506,475.79,85.83,10.99,11.32,0,124.46
42,506,530.63,440.83,12.21,10.06,0,122.82
10,506,247.16,634.02,8.38,6.84,0,57.32
89,506,221.1,16.03,19.42,13.75,0,267.06
1,507,922.93,704.52,13.4,10.29,0,137.93
4,507,1158.66,589.28,10.91,10.93,0,119.2
5,507,833.18,227.78,12.12,13.06,0,158.31
19,507,245.55,123.52,16.82,14.17,0,238.35
25,507,596.61,482.34,12.23,10.72,0,131.1
15,507,966.01,465.66,11.39,11.18,0,127.33
68,507,1184.49,514.61,14.0,11.31,0,158.38
71,507,476.09,86.7,10.89,11.16,0,121.58
42,507,529.47,441.04,12.2,10.0,0,121.94
10,507,245.75,634.54,8.45,6.82,0,57.61
89,507,221.22,17.55,19.38,14.08,0,272.86
1,508,923.44,705.09,13.43,10.27,0,137.94
4,508,1158.69,589.0,10.62,10.6,0,112.6
5,508,832.47,226.68,11.91,12.82,0,152.72
19,508,245.83,122.83,17.27,14.61,0,252.3
25,508,597.03,483.47,12.05,10.47,0,126.23
15,508,965.55,466.8,11.58,11.39,0,131.96
68,508,1182.96,514.71,13.85,11.17,0,154.74
71,508,476.65,87.93,10.73,10.93,0,117.25
42,508,528.12,441.32,12.34,10.0,0,123.41
10,508,244.6,635.07,8.56,6.84,0,58.6
89,508,221.39,18.93,18.76,13.95,0,261.66
1,509,924.11,705.45,13.43,10.22,0,137.28
4,509,1158.73,588.38,10.59,10.54,0,111.55
5,509,831.42,225.6,11.3,12.16,0,137.32
19,509,245.95,121.87,17.19,14.58,0,250.57
25,509,597.49,484.49,12.39,10.74,0,133.12
15,509,965.44,467.72,11.69,11.43,0,133.59
68,509,1182.03,514.62,13.77,11.1,0,152.85
71,509,477.09,88.61,11.19,11.43,0,127.89
42,509,527.1,441.58,12.39,9.97,0,123.52
10,509,243.03,635.59,8.13,6.49,0,52.78
89,509,221.46,20.33,18.65,14.21,0,265.07
1,510,924.89,705.79,13.66,10.37,0,141.61
4,510,1159.07,587.82,10.77,10.71,0,115.32
5,510,830.54,224.69,11.69,12.6,0,147.27
19,510,246.22,121.05,16.69,14.11,0,235.51
25,510,598.1,485.59,12.61,10.94,0,138.0
15,510,965.4,468.91,11.87,11.6,0,137.61
68,510,1181.63,514.57,13.77,11.08,0,152.51
71,510,477.47,89.57,11.22,11.45,0,128.47
42,510,525.76,441.77,12.0,9.61,0,115.37
10,510,241.81,636.27,7.88,6.26,0,49.37
89,510,221.17,21.81,17.78,13.86,0,246.43
1,511,925.93,706.49,13.4,10.14,0,135.87
4,511,1159.3,587.46,10.83,10.76,0,116.53
5,511,829.9,223.34,11.7,12.54,0,146.77
19,511,246.48,120.54,16.39,13.84,0,226.76
25,511,599.33,486.62,12.32,10.67,0,131.44
15,511,965.22,470.0,11.86,11.55,0,136.94
68,511,1181.27,514.7,13.85,11.12,0,153.9
71,511,478.19,90.89,10.92,11.11,0,121.23
42,511,524.94,442.06,12.11,9.62,0,116.56
10,511,240.71,636.93,8.33,6.65,0,55.37
89,511,221.42,23.65,16.99,13.5,0,229.33
1,512,926.85,707.11,13.57,10.27,0,139.32
4,512,1159.43,587.13,10.7,10.65,0,113.89
5,512,829.54,222.66,11.95,12.76,0,152.51
19,512,246.81,119.88,16.45,13.89,0,228.55
25,512,600.29,487.3,12.48,10.79,0,134.62
15,512,965.27,471.14,11.85,11.41,0,135.22
68,512,1180.99,514.71,13.8,11.07,0,152.79
71,512,478.63,92.23,10.67,10.79,0,115.15
42,512,524.03,442.49,12.62,10.04,0,126.73
10,512,240.06,637.21,8.75,7.01,0,61.35
89,512,221.52,25.25,17.39,14.15,0,246.11
1,513,927.51,707.47,13.44,10.1,0,135.78
4,513,1159.89,586.68,10.77,10.74,0,115.71
5,513,829.19,221.47,12.19,13.0,0,158.45
19,513,247.15,119.2,16.74,14.16,0,237.02
25,513,601.29,488.22,12.45,10.72,0,133.47
15,513,965.12,472.48,11.81,11.32,0,133.69
68,513,1180.36,514.48,14.03,11.21,0,157.24
71,513,478.91,92.66,11.15,11.25,0,125.46
42,513,522.91,442.45,12.22,9.72,0,118.76
10,513,239.08,637.81,8.87,7.09,0,62.84
89,513,221.53,26.34,17.11,14.23,0,243.5
1,514,927.95,708.0,13.73,10.32,0,141.67
4,514,1160.18,586.11,10.83,10.81,0,117.11
5,514,828.34,220.28,12.05,12.87,0,155.15
19,514,247.1,118.01,16.66,14.05,0,234.02
25,514,602.18,489.49,12.51,10.81,0,135.17
15,514,964.83,473.47,11.96,11.51,0,137.74
68,514,1179.42,514.39,14.63,11.69,0,170.94
71,514,479.03,93.62,10.88,10.91,0,118.66
42,514,521.9,442.66,12.65,10.1,0,127.86
10,514,237.03,638.58,8.87,7.12,0,63.16
89,514,221.55,27.83,16.72,14.22,0,237.78
1,515,928.66,708.63,13.79,10.38,0,143.2
4,515,1160.4,585.66,10.83,10.78,0,116.75
5,515,827.64,219.09,11.7,12.49,0,146.15
19,515,247.23,117.38,15.98,13.44,0,214.7
25,515,602.56,490.67,12.6,10.93,0,137.66
15,515,964.58,474.61,11.73,11.35,0,133.07
68,515,1178.37,514.39,14.54,11.59,0,168.46
71,515,479.14,94.65,10.9,10.97,0,119.53
42,515,520.24,442.72,12.38,9.86,0,122.13
89,515,221.52,29.15,16.82,14.65,0,246.45
1,516,929.43,709.0,13.81,10.41,0,143.75
4,516,1160.78,585.34,10.89,10.78,0,117.43
5,516,826.87,218.12,11.79,12.6,0,148.6
19,516,247.26,116.83,16.63,13.92,0,231.49
25,516,603.17,491.75,12.17,10.57,0,128.72
15,516,964.33,475.7,11.55,11.17,0,129.03
68,516,1177.42,514.44,14.72,11.72,0,172.44
71,516,479.41,95.56,11.14,11.19,0,124.64
42,516,519.12,442.68,12.98,10.32,0,133.87
89,516,221.37,30.38,15.64,13.81,0,215.9
1,517,930.51,709.48,13.48,10.13,0,136.54
4,517,1161.17,585.06,10.91,10.7,0,116.71
5,517,826.55,216.91,11.85,12.67,0,150.15
19,517,247.31,116.9,16.2,13.54,0,219.37
25,517,603.66,492.45,12.1,10.5,0,127.03
15,517,964.25,477.03,11.74,11.37,0,133.47
68,517,1176.47,514.4,14.56,11.61,0,169.04
71,517,480.23,96.56,10.99,11.03,0,121.17
42,517,518.06,442.99,13.18,10.47,0,138.01
89,517,221.47,32.09,15.39,13.89,0,213.67
10,517,232.84,640.85,7.89,6.36,0,50.21
1,518,931.3,709.86,13.68,10.26,0,140.31
4,518,1161.59,584.3,11.07,10.83,0,119.96
5,518,825.69,215.67,12.22,13.12,0,160.31
19,518,247.46,116.03,16.25,13.6,0,221.06
25,518,604.11,493.4,12.14,10.63,0,129.04
15,518,964.03,478.43,11.5,11.12,0,127.9
68,518,1175.23,514.26,14.67,11.73,0,172.19
71,518,480.66,97.39,11.26,11.33,0,127.59
42,518,516.9,443.4,13.18,10.54,0,138.95
89,518,221.48,33.15,14.8,13.6,0,201.31
10,518,231.38,641.71,8.42,6.79,0,57.17
1,519,931.99,710.23,13.38,9.99,0,133.71
4,519,1162.17,583.54,11.1,10.82,0,120.05
5,519,825.01,214.39,12.3,13.25,0,163.01
19,519,247.52,114.9,16.28,13.67,0,222.52
25,519,604.59,494.18,12.31,10.86,0,133.76
15,519,963.98,479.16,11.33,10.91,0,123.64
68,519,1174.43,514.13,14.53,11.65,0,169.29
71,519,480.98,98.08,10.66,10.71,0,114.13
42,519,515.99,443.41,13.39,10.69,0,143.22
89,519,221.46,34.48,14.68,13.64,0,200.32
1,520,932.82,710.42,13.06,9.72,0,126.85
4,520,1162.9,582.96,10.89,10.53,0,114.68
5,520,824.63,213.47,12.56,13.61,0,170.85
19,520,247.62,113.68,16.51,13.85,0,228.57
25,520,605.0,494.97,12.39,10.92,0,135.32
15,520,963.91,480.14,11.11,10.73,0,119.26
68,520,1174.01,513.99,14.3,11.38,0,162.75
71,520,481.5,99.0,10.58,10.49,0,110.97
42,520,515.23,443.31,13.3,10.6,0,140.91
89,520,221.63,35.44,14.78,13.94,0,206.03
10,520,228.95,642.53,8.73,7.04,0,61.43
1,521,933.84,710.66,12.84,9.53,0,122.39
4,521,1163.46,582.32,11.09,10.69,0,118.57
5,521,824.24,211.86,12.15,13.25,0,160.98
19,521,247.68,112.71,16.04,13.39,0,214.68
25,521,605.61,495.66,12.18,10.74,0,130.87
15,521,963.9,481.04,11.44,11.08,0,126.79
68,521,1173.52,513.59,14.31,11.36,0,162.56
71,521,481.88,99.64,10.87,10.76,0,116.97
42,521,514.29,443.04,13.27,10.5,0,139.31
89,521,221.81,36.3,14.87,14.23,0,211.66
1,522,934.59,710.74,12.96,9.57,0,124.13
4,522,1164.09,581.85,11.2,10.76,0,120.52
5,522,823.21,210.34,11.63,12.68,0,147.47
19,522,247.51,112.08,15.98,13.34,0,213.28
25,522,606.21,496.74,11.88,10.5,0,124.8
15,522,963.92,481.64,11.78,11.47,0,135.05
68,522,1172.87,513.43,14.36,11.42,0,164.03
71,522,482.48,100.5,10.82,10.62,0,114.86
42,522,513.03,443.1,12.99,10.32,0,134.06
89,522,222.24,37.91,14.04,13.56,0,190.41
10,522,226.51,643.31,8.87,7.31,0,64.86
1,523,935.45,710.87,13.06,9.57,0,125.03
4,523,1164.63,581.4,11.08,10.58,0,117.2
5,523,822.56,208.86,11.42,12.37,0,141.25
19,523,248.0,111.23,16.57,13.85,0,229.47
25,523,606.9,498.17,11.18,9.91,0,110.84
15,523,963.94,482.72,11.95,11.71,0,139.95
68,523,1172.34,513.34,14.75,11.76,0,173.58
71,523,483.02,101.0,11.08,10.84,0,120.11
42,523,511.75,442.95,12.85,10.15,0,130.47
89,523,222.62,39.15,14.55,14.21,0,206.64
10,523,225.38,644.16,8.66,7.26,0,62.86
1,524,936.28,711.37,13.12,9.58,0,125.65
4,524,1165.32,580.82,10.95,10.36,0,113.45
5,524,822.06,207.79,11.69,12.71,0,148.6
19,524,248.12,110.47,16.28,13.59,0,221.32
25,524,607.45,499.52,11.36,10.07,0,114.36
15,524,963.75,484.13,11.35,11.14,0,126.42
68,524,1171.5,513.32,14.62,11.63,0,169.99
71,524,483.55,101.84,11.2,10.94,0,122.52
42,524,510.65,442.92,12.38,9.7,0,120.16
89,524,223.27,40.62,13.94,13.68,0,190.72
10,524,224.42,644.94,8.56,7.24,0,62.02
1,525,937.27,711.82,13.18,9.61,0,126.62
4,525,1166.12,580.53,11.24,10.58,0,118.86
5,525,821.89,206.99,12.0,13.14,0,157.63
19,525,248.95,109.88,16.24,13.68,0,222.09
25,525,608.09,500.47,11.72,10.34,0,121.19
15,525,964.07,485.63,11.51,11.3,0,130.04
68,525,1170.96,513.54,14.59,11.61,0,169.29
71,525,484.17,102.93,11.31,11.01,0,124.6
42,525,510.1,443.3,13.11,10.32,0,135.32
89,525,223.91,42.04,13.73,13.63,0,187.16
10,525,223.96,645.57,8.42,7.18,0,60.47
1,526,938.38,712.66,13.24,9.65,0,127.77
4,526,1166.94,580.4,11.34,10.61,0,120.31
5,526,821.65,206.03,11.73,12.79,0,150.0
19,526,249.17,109.31,15.87,13.36,0,212.12
25,526,608.74,501.7,11.82,10.48,0,123.82
15,526,964.1,486.8,11.46,11.22,0,128.54
68,526,1170.37,513.86,14.56,11.55,0,168.19
71,526,484.8,103.99,11.69,11.43,0,133.63
42,526,509.26,443.72,13.12,10.36,0,135.96
89,526,224.56,43.73,13.26,13.2,0,175.05
10,526,222.92,646.62,8.39,7.24,0,60.74
1,527,939.31,713.3,13.65,9.94,0,135.6
4,527,1167.39,580.31,11.34,10.56,0,119.8
5,527,821.04,205.36,11.81,12.84,0,151.55
19,527,249.74,108.66,15.75,13.29,0,209.32
25,527,609.48,502.74,11.97,10.68,0,127.88
15,527,963.98,488.32,11.0,10.77,0,118.45
68,527,1169.92,514.13,14.61,11.58,0,169.22
71,527,485.54,105.07,11.75,11.47,0,134.69
42,527,508.6,444.02,13.15,10.42,0,137.08
89,527,224.96,45.21,13.59,13.66,0,185.68
1,528,940.31,713.69,13.74,9.98,0,137.07
4,528,1168.07,580.38,11.42,10.62,0,121.36
5,528,820.71,204.66,11.97,13.04,0,156.01
19,528,249.72,108.63,16.0,13.59,0,217.36
25,528,610.13,504.29,12.09,10.81,0,130.66
15,528,964.01,489.33,11.06,10.86,0,120.12
68,528,1169.07,514.48,14.88,11.8,0,175.53
71,528,485.96,106.19,11.76,11.4,0,134.09
42,528,507.51,444.42,13.05,10.42,0,135.96
89,528,225.37,46.91,13.66,13.9,0,189.92
10,528,221.21,648.49,8.43,7.3,0,61.56
1,529,941.22,714.29,13.55,9.8,0,132.82
4,529,1168.63,579.97,11.31,10.49,0,118.62
5,529,820.47,203.86,12.03,13.15,0,158.2
19,529,250.75,108.11,15.6,13.32,0,207.9
25,529,610.79,506.56,11.81,10.59,0,125.07
15,529,964.22,490.75,11.56,11.38,0,131.57
68,529,1167.7,514.9,14.74,11.76,0,173.26
71,529,486.51,107.79,11.44,11.08,0,126.75
42,529,507.03,444.84,13.1,10.56,0,138.31
89,529,226.16,48.53,12.78,13.02,0,166.48
10,529,220.6,649.79,8.82,7.69,0,67.81
1,530,942.19,714.81,13.48,9.69,0,130.6
4,530,1169.19,579.75,11.32,10.5,0,118.86
5,530,819.95,202.63,11.68,12.72,0,148.54
19,530,251.06,107.6,16.26,14.11,0,229.37
25,530,611.44,507.49,12.06,10.88,0,131.16
15,530,964.14,492.43,11.09,10.9,0,120.79
68,530,1166.88,515.05,14.78,11.86,0,175.33
71,530,487.51,108.96,11.44,11.09,0,126.84
42,530,506.49,445.1,12.99,10.6,0,137.67
89,530,226.87,50.13,13.48,13.86,0,186.79
10,530,219.97,650.69,8.86,7.76,0,68.72
1,531,943.09,715.19,13.38,9.55,0,127.78
4,531,1170.08,579.63,11.2,10.37,0,116.13
5,531,819.49,201.94,11.79,12.73,0,150.04
19,531,251.91,107.05,16.28,14.27,0,232.38
25,531,612.33,508.52,11.86,10.68,0,126.68
15,531,964.36,493.52,11.72,11.48,0,134.58
68,531,1166.43,515.36,14.83,11.95,0,177.19
71,531,488.25,110.53,11.64,11.34,0,132.0
42,531,505.82,445.38,12.31,10.1,0,124.31
89,531,227.35,52.03,13.75,14.23,0,195.71
10,531,219.23,651.76,8.33,7.39,0,61.55
1,532,943.81,715.29,13.51,9.42,0,127.3
4,532,1170.61,579.34,11.32,10.43,0,118.04
5,532,818.81,200.69,11.6,12.44,0,144.32
19,532,252.37,106.57,16.12,14.32,0,230.95
25,532,612.47,509.94,11.8,10.61,0,125.2
15,532,964.33,494.68,11.68,11.37,0,132.77
68,532,1165.99,515.56,14.53,11.65,0,169.35
71,532,489.01,112.03,11.11,10.76,0,119.51
42,532,505.09,445.35,11.76,9.69,0,113.95
89,532,227.92,53.81,13.14,13.61,0,178.72
10,532,218.69,652.73,8.16,7.35,0,59.96
1,533,944.57,715.22,13.87,9.57,0,132.72
4,533,1170.96,579.1,11.52,10.67,0,122.93
5,533,818.49,199.8,11.99,12.74,0,152.81
19,533,252.76,105.96,15.6,13.87,0,216.25
25,533,612.55,511.01,12.34,11.04,0,136.19
15,533,964.19,496.06,11.31,10.93,0,123.59
68,533,1165.62,515.71,14.46,11.57,0,167.34
71,533,489.31,113.0,11.18,10.84,0,121.24
42,533,504.34,445.81,12.06,9.96,0,120.08
89,533,228.67,55.23,12.53,12.9,0,161.65
10,533,218.09,653.72,8.03,7.29,0,58.59
1,534,945.33,715.33,13.64,9.33,0,127.31
4,534,1171.25,578.62,11.67,10.86,0,126.68
5,534,817.96,198.95,11.66,12.26,0,143.0
19,534,252.96,105.32,15.31,13.68,0,209.44
25,534,612.95,512.07,12.52,11.21,0,140.37
15,534,963.85,497.05,11.32,10.95,0,123.91
68,534,1164.69,515.85,14.26,11.35,0,161.85
71,534,489.97,114.18,11.48,11.26,0,129.24
42,534,503.91,446.02,12.08,10.0,0,120.79
89,534,229.63,56.75,12.21,12.41,0,151.56
10,534,217.62,654.41,7.89,7.27,0,57.37
1,535,945.88,715.35,13.68,9.3,0,127.21
4,535,1171.65,578.21,11.39,10.6,0,120.8
5,535,817.23,198.08,11.72,12.3,0,144.25
19,535,252.86,104.79,15.18,13.61,0,206.61
25,535,613.03,513.02,12.49,11.19,0,139.85
15,535,963.77,498.41,11.27,10.95,0,123.39
68,535,1163.62,516.03,14.29,11.32,0,161.81
71,535,490.48,115.36,11.57,11.4,0,131.83
42,535,502.67,446.24,12.0,9.95,0,119.36
89,535,229.99,57.98,12.52,12.64,0,158.22
1,536,946.53,715.39,13.7,9.22,0,126.37
4,536,1171.97,577.58,11.54,10.79,0,124.56
5,536,816.37,197.26,12.06,12.68,0,152.97
19,536,253.03,103.45,15.1,13.53,0,204.33
25,536,613.07,513.87,12.35,11.09,0,136.91
15,536,963.57,499.45,11.33,10.98,0,124.31
68,536,1162.45,516.07,14.33,11.31,0,161.99
71,536,490.94,116.35,11.53,11.37,0,131.05
42,536,501.59,446.44,12.19,10.14,0,123.64
89,536,230.57,59.41,13.2,13.36,0,176.39
10,536,216.44,656.27,7.62,7.03,0,53.58
1,537,947.35,715.48,13.56,9.03,0,122.43
4,537,1172.34,577.12,11.53,10.8,0,124.44
5,537,815.28,195.86,12.06,12.6,0,152.03
19,537,253.44,102.96,14.85,13.23,0,196.47
25,537,612.96,515.17,12.52,11.28,0,141.19
15,537,963.38,500.55,11.13,10.74,0,119.54
68,537,1161.64,516.1,14.5,11.4,0,165.22
71,537,491.32,117.43,11.74,11.7,0,137.37
42,537,500.93,446.33,12.36,10.32,0,127.56
89,537,230.86,60.86,13.06,13.08,0,170.77
10,537,215.83,656.94,7.5,6.94,0,52.1
1,538,948.27,715.56,13.48,8.87,0,119.55
4,538,1172.53,576.72,11.45,10.74,0,122.92
5,538,814.53,194.76,11.83,12.23,0,144.7
19,538,253.46,101.92,15.57,13.86,0,215.84
25,538,612.83,516.81,11.97,10.78,0,129.05
15,538,963.16,501.79,11.08,10.64,0,117.85
68,538,1160.67,516.04,14.56,11.48,0,167.13
71,538,491.7,118.17,11.78,11.83,0,139.35
42,538,500.04,446.06,12.13,10.25,0,124.32
89,538,231.52,61.83,12.88,12.91,0,166.37
10,538,215.29,657.99,7.51,6.94,0,52.15
1,539,949.04,715.6,13.51,8.79,0,118.84
4,539,1172.63,576.18,11.49,10.76,0,123.58
5,539,813.81,193.8,11.94,12.28,0,146.56
19,539,253.73,101.48,15.28,13.6,0,207.78
25,539,612.71,517.96,11.87,10.72,0,127.27
15,539,962.95,502.76,11.12,10.67,0,118.6
68,539,1159.5,516.36,14.69,11.63,0,170.78
71,539,492.2,119.01,11.62,11.53,0,133.89
42,539,499.07,446.11,11.99,10.2,0,122.3
89,539,232.18,62.98,13.17,13.27,0,174.71
10,539,214.61,658.72,7.83,7.27,0,56.95
1,540,949.9,715.8,13.05,8.41,0,109.69
4,540,1172.91,575.44,11.71,10.94,0,128.13
5,540,813.03,192.36,11.87,12.23,0,145.18
19,540,253.66,100.71,15.52,13.92,0,216.05
25,540,612.67,518.56,11.74,10.53,0,123.59
15,540,962.66,503.4,11.53,11.05,0,127.36
68,540,1158.45,516.23,14.68,11.61,0,170.49
71,540,492.79,120.12,11.65,11.58,0,134.87
42,540,497.9,446.0,11.77,10.03,0,118.1
89,540,232.62,63.9,13.74,13.88,0,190.69
1,541,950.75,715.92,12.87,8.17,0,105.08
4,541,1173.16,574.85,11.79,10.98,0,129.37
5,541,812.37,191.22,12.62,13.05,0,164.78
19,541,253.91,99.98,15.18,13.56,0,205.73
25,541,612.8,519.34,12.14,10.89,0,132.11
15,541,962.5,504.35,11.3,10.86,0,122.74
68,541,1157.65,516.13,14.8,11.7,0,173.14
71,541,493.25,120.76,12.06,12.06,0,145.42
42,541,497.46,445.8,12.24,10.54,0,128.96
89,541,233.14,65.31,13.02,13.05,0,170.03
1,542,951.7,715.96,12.81,8.07,0,103.43
4,542,1173.31,574.23,11.69,10.86,0,126.85
5,542,811.43,189.93,12.33,12.8,0,157.74
19,542,254.23,98.95,15.39,13.72,0,211.08
25,542,612.56,520.78,11.91,10.74,0,127.94
15,542,962.43,505.17,11.72,11.28,0,132.24
68,542,1156.96,516.11,14.35,11.34,0,162.78
71,542,493.63,121.47,12.27,12.34,0,151.36
42,542,496.88,445.75,12.35,10.68,0,131.91
89,542,233.57,66.45,12.56,12.54,0,157.54
10,542,212.39,660.86,8.33,7.82,0,65.1
1,543,952.47,715.86,13.22,8.27,0,109.37
4,543,1173.51,573.4,11.83,10.98,0,129.89
5,543,810.91,188.87,12.2,12.69,0,154.82
19,543,254.58,97.85,15.76,14.07,0,221.77
25,543,612.43,521.33,11.66,10.47,0,122.05
15,543,962.08,505.88,11.73,11.29,0,132.43
68,543,1156.04,515.83,14.14,11.16,0,157.79
71,543,494.18,122.46,12.22,12.35,0,150.97
42,543,496.04,445.67,13.11,11.31,0,148.17
89,543,234.08,67.43,13.05,13.13,0,171.41
10,543,211.82,661.29,8.3,7.9,0,65.63
1,544,953.28,715.82,13.44,8.37,0,112.48
4,544,1173.72,572.45,11.85,10.98,0,130.03
5,544,810.26,187.75,12.25,12.8,0,156.86
19,544,254.56,96.83,14.99,13.31,0,199.49
25,544,612.52,522.15,11.51,10.35,0,119.12
15,544,961.83,506.82,11.38,10.89,0,123.92
68,544,1155.06,515.77,14.47,11.42,0,165.18
71,544,495.03,123.69,11.69,11.79,0,137.87
42,544,495.44,445.39,13.23,11.37,0,150.39
89,544,234.7,68.83,12.48,12.57,0,156.92
10,544,211.31,661.77,8.31,7.98,0,66.3
1,545,954.16,715.81,13.52,8.38,0,113.33
4,545,1174.2,571.38,11.9,11.07,0,131.69
5,545,809.56,186.44,12.53,13.12,0,164.46
19,545,254.79,96.1,15.31,13.54,0,207.38
25,545,612.68,522.84,11.88,10.67,0,126.83
15,545,961.68,508.12,11.11,10.55,0,117.28
68,545,1154.12,515.61,14.46,11.43,0,165.35
71,545,495.69,124.43,11.81,11.96,0,141.2
89,545,235.3,69.74,12.64,12.57,0,158.91
10,545,210.61,663.07,8.08,7.76,0,62.7
1,546,955.39,715.85,13.45,8.31,0,111.75
4,546,1174.47,570.6,11.51,10.71,0,123.29
5,546,808.77,184.96,12.34,12.93,0,159.56
19,546,255.17,95.21,15.8,14.0,0,221.17
25,546,612.49,524.32,11.24,10.05,0,113.0
15,546,961.48,509.17,11.1,10.5,0,116.61
68,546,1152.77,515.57,14.43,11.41,0,164.72
71,546,496.33,125.24,11.99,12.23,0,146.58
89,546,236.33,70.91,12.74,12.63,0,160.91
10,546,210.18,663.67,7.88,7.56,0,59.51
42,546,493.67,445.38,12.45,10.68,0,132.94
1,547,956.7,715.86,13.42,8.29,0,111.24
4,547,1174.77,570.0,11.51,10.71,0,123.29
5,547,807.99,183.64,12.9,13.53,0,174.55
19,547,255.63,94.55,15.41,13.65,0,210.35
25,547,612.42,525.38,10.74,9.44,0,101.37
15,547,961.47,509.81,11.02,10.43,0,115.02
68,547,1151.72,515.49,14.26,11.25,0,160.48
71,547,497.0,126.29,11.54,11.76,0,135.8
89,547,237.02,72.04,12.61,12.45,0,157.03
10,547,209.6,664.5,8.06,7.71,0,62.09
42,547,492.99,445.42,12.42,10.53,0,130.72
1,548,957.62,715.79,13.66,8.41,0,114.9
4,548,1174.96,569.39,11.61,10.83,0,125.83
5,548,807.47,182.74,12.39,12.94,0,160.31
19,548,256.21,93.66,15.02,13.3,0,199.76
25,548,612.38,526.15,11.15,9.71,0,108.29
15,548,961.48,510.99,11.14,10.52,0,117.26
68,548,1150.98,515.47,14.7,11.69,0,171.79
71,548,497.7,127.57,11.17,11.39,0,127.23
89,548,237.76,73.22,12.52,12.15,0,152.14
10,548,209.37,665.26,8.71,8.37,0,72.85
42,548,492.09,445.09,12.95,10.99,0,142.3
1,549,958.2,715.83,13.61,8.34,0,113.55
4,549,1174.94,568.74,11.96,11.21,0,134.07
5,549,806.56,181.99,12.26,12.78,0,156.7
19,549,256.57,92.94,15.01,13.34,0,200.31
25,549,612.18,526.91,11.15,9.6,0,107.04
15,549,960.99,512.31,10.99,10.33,0,113.57
68,549,1150.35,515.48,14.41,11.5,0,165.73
71,549,498.46,128.74,11.18,11.46,0,128.09
89,549,238.06,74.3,12.22,11.78,0,143.97
42,549,491.56,445.03,12.92,10.94,0,141.36
1,550,958.87,715.96,13.32,8.09,0,107.72
4,550,1175.26,568.16,12.1,11.4,0,137.85
5,550,805.67,181.11,12.4,12.92,0,160.26
19,550,256.79,92.62,14.61,12.96,0,189.41
25,550,611.59,528.26,10.81,9.25,0,99.93
15,550,960.64,513.14,11.21,10.54,0,118.14
68,550,1149.22,515.66,14.15,11.28,0,159.65
71,550,499.06,129.8,11.21,11.49,0,128.73
89,550,238.85,75.99,12.79,12.21,0,156.19
42,550,490.97,445.29,12.78,10.79,0,137.85
10,550,208.25,667.46,8.27,8.0,0,66.13
1,551,959.73,716.06,13.06,7.87,0,102.79
4,551,1175.35,567.61,11.8,11.17,0,131.76
5,551,804.88,180.14,12.26,12.79,0,156.73
19,551,257.29,92.12,14.54,13.03,0,189.5
25,551,611.61,528.94,11.6,9.86,0,114.4
15,551,960.46,514.17,11.14,10.47,0,116.58
68,551,1148.18,515.61,14.0,11.13,0,155.81
71,551,499.49,130.61,11.77,12.08,0,142.23
89,551,240.12,77.41,12.27,11.73,0,143.91
42,551,490.0,445.43,12.77,10.79,0,137.83
1,552,960.64,716.11,12.96,7.78,0,100.75
4,552,1175.4,567.29,11.65,11.06,0,128.87
5,552,804.34,179.1,12.48,13.06,0,163.09
19,552,257.48,91.62,14.44,12.96,0,187.16
25,552,611.2,530.03,11.97,10.15,0,121.51
15,552,959.84,515.89,10.26,9.58,0,98.33
68,552,1147.32,515.63,14.02,11.12,0,155.94
71,552,500.11,132.33,10.99,11.22,0,123.25
89,552,240.48,78.13,12.08,11.44,0,138.14
42,552,488.8,445.28,13.71,11.66,0,159.87
1,553,961.4,716.14,12.95,7.72,0,99.98
4,553,1175.42,566.92,11.79,11.23,0,132.35
5,553,803.42,178.38,12.11,12.59,0,152.51
19,553,257.51,90.91,14.58,13.12,0,191.22
25,553,610.82,531.45,12.01,10.16,0,121.97
15,553,959.87,516.94,11.17,10.43,0,116.44
68,553,1146.46,516.02,14.15,11.25,0,159.26
71,553,500.74,133.88,11.1,11.3,0,125.35
89,553,240.75,79.39,11.64,10.93,0,127.28
42,553,488.07,445.66,13.89,11.86,0,164.7
1,554,961.96,716.08,13.26,7.83,0,103.84
4,554,1175.83,566.31,11.96,11.37,0,135.98
5,554,802.59,177.6,12.21,12.67,0,154.64
19,554,257.65,90.62,14.4,12.97,0,186.87
25,554,610.25,532.3,12.51,10.56,0,132.1
15,554,959.96,518.15,11.64,10.9,0,126.79
68,554,1145.58,516.25,14.28,11.36,0,162.3
71,554,501.11,134.82,11.41,11.54,0,131.68
89,554,241.1,80.18,11.56,10.75,0,124.25
42,554,487.03,445.92,13.63,11.65,0,158.81
1,555,962.88,716.32,12.64,7.37,0,93.07
4,555,1176.23,565.88,11.74,11.18,0,131.32
5,555,801.8,176.55,12.35,12.78,0,157.82
19,555,258.15,89.88,14.94,13.54,0,202.36
25,555,609.93,533.39,11.8,9.91,0,116.98
15,555,959.37,518.99,11.33,10.57,0,119.75
68,555,1144.19,516.13,14.32,11.4,0,163.24
71,555,501.69,135.68,11.62,11.72,0,136.25
89,555,241.8,81.83,12.03,11.23,0,135.09
42,555,485.61,446.29,12.66,10.82,0,136.99
10,555,204.38,673.2,7.52,7.27,0,54.64
1,556,963.72,716.42,12.41,7.15,0,88.79
4,556,1176.31,565.44,11.57,11.03,0,127.6
5,556,800.95,175.46,12.56,12.97,0,162.84
19,556,258.5,89.35,14.75,13.46,0,198.6
25,556,609.82,534.27,12.25,10.27,0,125.85
15,556,959.02,519.97,11.46,10.7,0,122.61
68,556,1142.98,516.41,14.56,11.66,0,169.83
71,556,502.26,136.89,11.69,11.76,0,137.56
89,556,242.41,83.2,12.57,11.83,0,148.67
42,556,484.56,446.18,12.48,10.68,0,133.29
1,557,964.8,716.54,12.1,6.92,0,83.69
4,557,1176.28,564.82,11.47,10.92,0,125.21
5,557,800.18,174.61,12.66,13.09,0,165.6
19,557,258.69,87.71,14.24,13.24,0,188.49
25,557,609.49,534.95,12.69,10.54,0,133.72
15,557,958.7,521.25,11.56,10.83,0,125.25
68,557,1142.19,516.52,14.51,11.58,0,168.03
71,557,502.85,137.79,11.65,11.77,0,137.14
89,557,243.02,85.03,12.58,12.05,0,151.6
42,557,484.01,446.47,12.86,11.05,0,142.02
10,557,203.06,675.34,7.84,7.63,0,59.82
1,558,965.71,716.56,12.17,6.89,0,83.84
4,558,1176.31,564.15,11.53,10.99,0,126.73
5,558,799.07,173.85,12.32,12.74,0,156.93
19,558,258.88,86.41,13.47,12.65,0,170.4
25,558,609.43,535.59,12.41,10.24,0,127.16
15,558,958.32,522.28,11.45,10.7,0,122.47
68,558,1141.38,516.72,14.37,11.46,0,164.67
71,558,503.33,139.09,11.8,11.92,0,140.59
42,558,483.27,446.5,13.71,11.91,0,163.36
10,558,202.6,676.19,8.18,8.02,0,65.63
1,559,966.23,716.56,12.28,6.89,0,84.59
4,559,1176.32,563.44,11.51,10.99,0,126.49
5,559,798.24,173.27,12.43,12.78,0,158.81
19,559,259.25,86.04,13.66,12.97,0,177.19
25,559,608.78,536.4,12.08,9.89,0,119.51
15,559,958.04,523.39,11.39,10.6,0,120.72
68,559,1140.22,516.65,14.48,11.55,0,167.31
71,559,503.73,140.04,11.8,11.94,0,140.94
42,559,482.31,446.6,13.21,11.47,0,151.48
10,559,202.18,677.14,8.0,7.87,0,62.92
89,559,244.99,88.17,12.1,11.82,0,142.95
1,560,966.85,716.52,12.53,6.96,0,87.17
4,560,1176.49,562.85,11.3,10.74,0,121.35
5,560,797.26,171.77,12.59,12.94,0,162.93
19,560,259.47,85.31,14.42,13.79,0,198.84
25,560,607.38,538.09,11.26,9.08,0,102.22
15,560,957.75,524.39,11.1,10.26,0,113.87
68,560,1139.0,516.76,14.56,11.56,0,168.36
71,560,504.32,141.15,11.57,11.77,0,136.18
42,560,481.21,446.69,12.86,11.17,0,143.66
10,560,201.6,678.2,7.59,7.48,0,56.72
89,560,246.08,89.24,12.2,12.02,0,146.61
1,561,967.18,716.48,12.82,7.04,0,90.29
4,561,1176.51,562.14,11.33,10.75,0,121.89
5,561,796.23,170.68,12.0,12.24,0,146.88
19,561,259.83,84.71,13.55,13.09,0,177.27
25,561,606.99,538.79,12.02,9.58,0,115.13
15,561,957.24,525.45,11.27,10.37,0,116.87
68,561,1137.75,516.56,14.6,11.58,0,169.07
71,561,505.05,142.62,11.39,11.59,0,132.01
42,561,480.26,446.52,13.36,11.65,0,155.67
10,561,201.02,679.16,7.76,7.65,0,59.33
89,561,246.48,90.73,11.46,11.27,0,129.15
1,562,967.64,716.48,12.97,7.05,0,91.44
4,562,1176.51,561.75,11.03,10.42,0,114.88
5,562,795.21,169.83,11.86,12.07,0,143.19
19,562,260.1,84.14,13.37,12.96,0,173.23
25,562,606.35,539.74,11.79,9.34,0,110.09
15,562,956.83,526.74,11.12,10.15,0,112.89
68,562,1136.09,516.83,14.22,11.25,0,160.03
71,562,505.48,143.84,11.21,11.45,0,128.42
42,562,478.94,446.78,12.69,11.03,0,139.92
10,562,199.87,680.49,7.46,7.27,0,54.23
89,562,246.95,92.35,11.04,10.76,0,118.73
1,563,968.3,716.39,13.34,7.22,0,96.35
4,563,1176.38,560.97,11.33,10.66,0,120.83
5,563,794.65,169.3,11.88,11.95,0,141.99
25,563,605.84,540.8,11.05,8.66,0,95.77
15,563,956.34,528.16,10.98,9.97,0,109.44
68,563,1135.22,516.85,14.43,11.4,0,164.51
71,563,505.81,145.12,11.34,11.66,0,132.18
42,563,477.74,447.18,12.32,10.65,0,131.27
10,563,199.23,681.75,7.97,7.78,0,62.0
89,563,247.85,93.66,11.28,10.92,0,123.24
1,564,969.52,716.39,13.24,7.22,0,95.62
4,564,1176.43,560.06,11.83,11.16,0,132.07
5,564,793.56,168.2,12.83,12.94,0,166.14
25,564,605.16,541.69,11.54,8.96,0,103.39
15,564,956.08,528.95,11.44,10.4,0,119.02
68,564,1134.58,517.14,14.63,11.54,0,168.81
71,564,506.04,146.09,11.67,12.12,0,141.44
10,564,198.93,682.74,8.0,7.9,0,63.19
89,564,248.9,94.85,11.32,10.78,0,122.02
19,564,259.56,82.17,12.85,12.49,0,160.54
1,565,970.38,716.48,12.87,7.04,0,90.62
4,565,1176.59,559.54,11.78,11.15,0,131.38
5,565,792.33,167.38,12.34,12.4,0,153.08
25,565,604.55,542.69,12.0,9.23,0,110.72
15,565,955.79,530.0,11.37,10.3,0,117.18
68,565,1133.67,517.23,14.48,11.44,0,165.6
71,565,506.3,147.21,11.52,11.99,0,138.13
10,565,198.06,683.88,7.52,7.43,0,55.9
89,565,249.83,95.88,12.04,11.27,0,135.7
19,565,259.16,81.65,13.1,12.83,0,168.1
1,566,971.26,716.7,12.14,6.61,0,80.2
4,566,1176.72,559.17,11.83,11.19,0,132.42
5,566,791.37,166.66,12.48,12.55,0,156.53
25,566,604.03,543.39,12.07,9.21,0,111.12
15,566,955.4,531.3,11.62,10.51,0,122.17
68,566,1132.62,517.25,14.49,11.45,0,165.94
71,566,506.93,148.82,11.3,11.82,0,133.52
10,566,196.8,685.44,7.65,7.57,0,57.93
89,566,250.72,97.23,12.36,11.31,0,139.84
19,566,258.91,81.45,13.56,13.3,0,180.33
1,567,972.89,716.74,11.92,6.53,0,77.75
4,567,1176.89,558.71,11.8,11.19,0,132.05
5,567,790.46,166.0,12.32,12.43,0,153.11
25,567,603.23,544.56,12.49,9.51,0,118.81
15,567,954.83,532.76,11.17,10.11,0,112.94
68,567,1131.62,517.3,14.08,11.15,0,156.98
71,567,507.1,150.22,11.5,12.03,0,138.36
10,567,196.23,686.2,7.63,7.6,0,57.97
89,567,251.22,98.57,12.96,11.75,0,152.27
19,567,258.67,81.03,13.32,13.15,0,175.17
1,568,973.92,716.73,11.83,6.53,0,77.27
4,568,1177.1,558.23,11.92,11.3,0,134.63
5,568,789.76,164.92,13.01,13.24,0,172.32
25,568,602.83,545.2,12.93,9.89,0,127.92
15,568,954.88,533.58,11.29,10.17,0,114.84
68,568,1130.97,517.54,14.04,11.1,0,155.88
71,568,507.63,151.12,11.88,12.41,0,147.45
10,568,195.73,687.08,7.49,7.52,0,56.33
89,568,252.01,100.18,13.51,12.16,0,164.19
19,568,258.59,80.27,13.21,13.04,0,172.18
42,568,472.07,448.26,13.76,12.12,0,166.79
1,569,975.28,716.97,10.81,6.05,0,65.44
4,569,1177.5,557.65,11.84,11.28,0,133.48
5,569,788.66,163.78,12.77,12.97,0,165.73
25,569,602.04,546.75,13.13,10.05,0,131.98
15,569,954.55,534.7,11.56,10.4,0,120.2
68,569,1130.22,517.83,14.55,11.61,0,168.91
71,569,508.27,152.17,11.65,12.22,0,142.36
10,569,194.85,688.9,7.26,7.37,0,53.51
89,569,252.64,101.31,13.27,11.85,0,157.19
19,569,258.4,78.99,12.68,12.55,0,159.15
42,569,471.03,448.46,14.28,12.75,0,182.07
1,570,975.87,717.01,10.67,5.97,0,63.77
4,570,1177.73,557.1,11.66,11.12,0,129.69
5,570,787.7,162.87,12.69,12.86,0,163.23
25,570,601.44,547.52,13.58,10.38,0,140.95
15,570,954.13,536.07,11.71,10.57,0,123.82
68,570,1129.04,518.18,14.27,11.39,0,162.52
71,570,508.6,153.17,11.35,11.91,0,135.2
10,570,193.99,690.26,6.89,7.09,0,48.81
89,570,253.21,102.43,13.52,12.0,0,162.21
19,570,258.2,78.66,13.19,13.07,0,172.48
42,570,469.6,448.78,13.57,12.22,0,165.76
1,571,977.09,717.3,9.68,5.39,0,52.21
4,571,1177.83,556.65,11.58,11.03,0,127.71
5,571,787.0,161.91,11.78,11.82,0,139.18
25,571,600.52,548.64,13.06,10.03,0,131.06
15,571,953.75,537.2,11.86,10.75,0,127.5
68,571,1127.97,518.55,14.12,11.22,0,158.43
71,571,509.08,154.18,11.63,12.23,0,142.27
10,571,193.17,691.41,6.74,7.01,0,47.28
89,571,253.74,103.38,13.64,12.09,0,164.92
19,571,258.02,78.19,13.53,13.52,0,182.87
42,571,468.47,448.89,12.68,11.45,0,145.19
1,572,978.33,717.48,9.01,5.04,0,45.37
4,572,1178.05,556.32,11.53,10.95,0,126.21
5,572,786.48,161.07,12.06,12.07,0,145.56
25,572,599.89,549.29,13.28,10.18,0,135.17
15,572,953.43,538.48,11.32,10.23,0,115.86
68,572,1127.05,518.76,14.19,11.25,0,159.62
71,572,509.4,155.71,11.63,12.18,0,141.7
10,572,191.83,693.0,6.79,7.03,0,47.73
89,572,254.27,104.6,13.66,12.06,0,164.68
19,572,257.71,77.7,13.56,13.57,0,183.97
42,572,467.42,449.2,12.31,11.03,0,135.71
4,573,1178.27,555.67,11.67,11.1,0,129.45
5,573,785.62,160.05,12.85,12.87,0,165.36
25,573,599.2,550.13,13.12,10.08,0,132.3
15,573,952.92,539.69,11.18,10.06,0,112.51
68,573,1126.52,519.0,14.25,11.31,0,161.11
71,573,509.67,156.56,11.73,12.3,0,144.28
10,573,190.97,694.31,6.35,6.55,0,41.61
89,573,254.92,105.8,13.72,12.06,0,165.45
19,573,257.46,77.09,13.62,13.71,0,186.71
42,573,466.35,449.03,12.87,11.6,0,149.33
4,574,1178.52,554.86,11.86,11.38,0,135.01
5,574,784.35,159.09,13.39,13.46,0,180.32
25,574,597.93,551.8,13.01,10.03,0,130.46
15,574,952.73,540.78,11.33,10.26,0,116.17
68,574,1125.71,519.18,14.38,11.49,0,165.26
71,574,509.89,157.49,11.97,12.55,0,150.15
10,574,190.17,695.56,6.76,6.99,0,47.21
89,574,255.41,106.94,13.45,11.8,0,158.7
19,574,257.26,76.37,13.28,13.48,0,178.97
42,574,464.92,449.42,12.46,11.28,0,140.63
1,574,979.62,717.6,8.58,4.8,0,41.15
4,575,1178.66,554.35,11.75,11.34,0,133.22
5,575,783.2,157.96,12.85,12.93,0,166.25
25,575,597.18,552.71,12.34,9.47,0,116.83
15,575,952.42,542.04,11.45,10.39,0,118.97
68,575,1124.63,519.32,14.36,11.5,0,165.16
71,575,510.27,158.56,11.8,12.38,0,146.09
10,575,189.26,696.84,6.97,7.14,0,49.77
89,575,255.88,108.24,13.85,12.14,0,168.09
19,575,257.0,75.52,13.68,13.93,0,190.47
42,575,463.39,449.28,13.1,11.92,0,156.19
1,575,980.15,717.63,8.5,4.73,0,40.25
4,576,1178.9,553.73,11.32,10.9,0,123.37
5,576,782.27,156.84,12.7,12.77,0,162.2
25,576,596.36,553.66,12.13,9.31,0,112.96
15,576,951.63,543.35,11.52,10.46,0,120.52
68,576,1123.55,519.5,14.19,11.31,0,160.43
71,576,510.59,159.96,11.95,12.56,0,150.05
10,576,188.34,697.89,7.11,7.16,0,50.93
89,576,256.59,109.59,13.99,12.41,0,173.65
19,576,256.89,74.74,13.77,14.09,0,194.02
42,576,461.96,449.49,12.59,11.4,0,143.59
1,576,980.88,717.58,8.8,4.85,0,42.65
4,577,1179.11,553.28,11.37,10.98,0,124.82
5,577,781.43,155.44,13.32,13.48,0,179.59
25,577,596.07,554.5,11.76,8.99,0,105.72
15,577,951.37,544.23,12.0,10.94,0,131.26
68,577,1122.81,519.55,14.04,11.16,0,156.64
71,577,511.19,160.92,12.17,12.72,0,154.7
10,577,187.65,699.04,6.78,6.82,0,46.2
89,577,257.2,110.67,13.79,12.38,0,170.77
19,577,256.8,73.71,13.33,13.86,0,184.76
42,577,461.19,449.66,12.49,11.14,0,139.15
1,577,981.68,717.47,9.2,5.06,0,46.6
4,578,1179.35,552.59,11.68,11.32,0,132.23
5,578,780.06,154.15,12.65,12.72,0,160.84
25,578,595.56,555.32,12.77,9.72,0,124.19
15,578,951.14,545.07,11.7,10.64,0,124.44
68,578,1122.08,519.68,14.43,11.43,0,164.91
71,578,511.92,161.66,12.14,12.79,0,155.26
10,578,186.94,700.18,7.0,7.09,0,49.65
89,578,257.69,111.71,13.22,11.93,0,157.69
19,578,256.43,73.0,13.18,13.83,0,182.37
42,578,459.59,449.74,12.61,11.32,0,142.73
1,578,982.39,717.4,9.39,5.19,0,48.74
4,579,1179.65,551.78,11.61,11.28,0,130.94
5,579,779.57,153.4,12.99,13.06,0,169.71
25,579,594.34,556.58,12.64,9.61,0,121.45
15,579,950.96,545.94,11.52,10.47,0,120.53
68,579,1121.5,519.77,14.8,11.73,0,173.61
71,579,512.38,162.76,12.09,12.72,0,153.82
10,579,186.41,701.04,7.15,7.29,0,52.11
89,579,257.99,112.02,12.43,11.28,0,140.25
19,579,256.44,72.11,12.9,13.73,0,177.11
42,579,458.51,449.94,12.69,11.42,0,144.96
1,579,983.12,717.31,9.62,5.37,0,51.64
4,580,1180.09,551.2,11.58,11.21,0,129.77
5,580,778.9,152.43,12.54,12.6,0,157.91
25,580,593.79,556.93,12.88,9.8,0,126.24
15,580,950.76,547.2,11.3,10.28,0,116.18
68,580,1120.95,519.92,15.11,11.98,0,180.96
71,580,512.9,164.63,11.47,12.01,0,137.75
10,580,186.08,701.72,6.82,7.03,0,47.91
89,580,258.68,113.69,13.24,11.98,0,158.62
19,580,256.4,71.07,13.09,13.95,0,182.66
42,580,457.57,450.06,12.7,11.41,0,144.88
1,580,983.93,717.18,10.09,5.64,0,56.95
4,581,1180.64,550.83,11.81,11.38,0,134.4
5,581,778.54,151.15,12.67,12.72,0,161.28
25,581,593.61,557.75,13.27,10.06,0,133.57
15,581,950.6,548.3,11.39,10.39,0,118.33
68,581,1119.81,520.17,14.72,11.68,0,171.89
71,581,513.51,165.94,11.16,11.69,0,130.51
10,581,185.59,703.16,6.92,7.18,0,49.67
89,581,259.61,115.16,13.36,12.14,0,162.18
19,581,256.47,70.22,12.78,13.73,0,175.42
42,581,455.95,450.37,13.51,12.23,0,165.31
1,581,984.86,717.19,10.1,5.62,0,56.72
4,582,1181.2,550.51,11.88,11.38,0,135.27
5,582,777.67,150.06,12.18,12.15,0,147.96
25,582,593.04,558.55,13.24,10.0,0,132.36
15,582,950.44,549.49,11.19,10.19,0,114.11
68,582,1118.91,520.4,14.75,11.72,0,172.86
71,582,513.99,166.6,11.72,12.31,0,144.29
10,582,184.9,704.76,6.37,6.64,0,42.31
89,582,260.08,115.82,12.77,11.66,0,148.86
19,582,256.28,69.41,12.62,13.57,0,171.33
42,582,454.47,450.66,12.8,11.63,0,148.93
1,582,986.24,717.26,9.8,5.47,0,53.64
4,583,1181.62,550.07,11.88,11.33,0,134.69
5,583,776.89,149.27,12.84,12.87,0,165.27
25,583,591.75,559.64,13.11,9.8,0,128.53
15,583,950.35,550.56,11.38,10.3,0,117.16
68,583,1118.53,520.87,14.58,11.59,0,168.98
71,583,514.44,167.43,11.52,12.08,0,139.09
10,583,184.61,706.05,6.21,6.41,0,39.8
89,583,260.73,117.56,13.3,12.14,0,161.49
19,583,256.04,68.93,12.72,13.58,0,172.73
42,583,453.54,450.89,12.5,11.34,0,141.74
1,583,987.18,717.35,9.44,5.29,0,49.94
4,584,1182.15,549.67,11.84,11.28,0,133.58
5,584,776.05,148.43,12.46,12.46,0,155.22
25,584,590.41,560.7,12.34,9.21,0,113.63
15,584,950.18,552.18,11.44,10.37,0,118.61
68,584,1118.14,521.38,14.73,11.71,0,172.53
71,584,514.82,168.59,11.61,12.22,0,141.9
10,584,183.73,707.09,6.21,6.45,0,40.04
89,584,260.95,118.35,13.64,12.6,0,171.86
19,584,256.04,67.95,12.73,13.64,0,173.67
42,584,452.33,451.03,12.36,11.17,0,138.15
1,584,987.68,717.34,9.5,5.32,0,50.54
4,585,1182.7,549.48,11.82,11.28,0,133.36
5,585,775.31,147.43,12.68,12.62,0,160.02
25,585,589.56,561.87,12.61,9.45,0,119.18
15,585,949.93,553.65,11.46,10.42,0,119.4
68,585,1117.54,521.87,14.61,11.64,0,170.04
71,585,515.71,170.07,11.46,12.08,0,138.42
89,585,261.36,119.87,13.35,12.36,0,165.07
42,585,451.39,451.51,12.57,11.32,0,142.26
1,585,988.03,717.32,9.63,5.36,0,51.65
4,586,1183.06,549.24,11.72,11.2,0,131.18
5,586,774.46,146.69,13.14,13.14,0,172.65
25,586,589.36,562.94,12.67,9.49,0,120.24
15,586,949.86,554.94,11.21,10.16,0,113.86
68,586,1116.69,522.14,14.7,11.73,0,172.48
71,586,516.44,171.25,11.41,12.02,0,137.1
89,586,262.34,121.52,13.74,12.81,0,175.91
42,586,449.94,452.02,12.76,11.56,0,147.53
1,586,988.56,717.32,9.69,5.36,0,51.91
10,586,182.93,709.21,6.29,6.52,0,41.04
19,586,256.12,66.4,13.31,14.3,0,190.28
4,587,1183.32,548.84,11.7,11.17,0,130.71
5,587,773.58,145.82,12.98,12.96,0,168.32
25,587,588.82,563.76,12.79,9.56,0,122.18
15,587,949.52,555.73,10.97,9.89,0,108.47
68,587,1115.65,522.32,14.51,11.56,0,167.76
71,587,517.11,172.34,11.22,11.79,0,132.22
89,587,262.98,123.4,13.76,12.82,0,176.42
42,587,448.66,452.54,12.68,11.62,0,147.41
1,587,989.03,717.29,9.87,5.42,0,53.53
10,587,182.73,710.42,6.58,6.78,0,44.66
19,587,255.95,66.15,13.03,13.82,0,180.06
4,588,1183.38,548.25,11.68,11.15,0,130.3
5,588,772.85,145.35,12.81,12.7,0,162.75
25,588,587.96,564.77,12.76,9.54,0,121.68
15,588,949.14,557.04,11.31,10.16,0,114.89
68,588,1114.75,522.63,14.56,11.59,0,168.7
71,588,517.55,173.92,11.11,11.64,0,129.3
89,588,263.61,125.16,13.24,12.45,0,164.82
42,588,447.64,452.35,13.1,12.05,0,157.87
1,588,989.67,717.21,10.12,5.59,0,56.55
10,588,182.48,711.49,6.78,7.01,0,47.47
19,588,256.08,65.63,12.94,13.72,0,177.54
4,589,1183.53,547.5,11.75,11.18,0,131.29
5,589,771.84,144.83,12.29,12.07,0,148.28
25,589,587.16,565.41,12.69,9.5,0,120.54
15,589,948.68,558.72,11.1,9.92,0,110.07
68,589,1113.79,522.76,14.56,11.61,0,169.06
71,589,518.08,175.36,11.78,12.39,0,146.0
89,589,264.62,127.15,12.86,12.06,0,155.02
42,589,446.03,452.88,12.21,11.17,0,136.33
1,589,989.91,717.25,9.97,5.5,0,54.76
10,589,182.19,712.74,6.76,6.93,0,46.83
19,589,256.25,65.15,12.79,13.58,0,173.65
4,590,1183.54,547.15,11.82,11.2,0,132.4
5,590,771.07,143.97,13.35,13.16,0,175.79
25,590,586.07,566.97,12.04,9.0,0,108.33
15,590,948.4,560.04,11.37,10.17,0,115.63
68,590,1112.45,523.1,14.38,11.48,0,165.05
71,590,518.36,176.5,12.28,13.02,0,159.91
89,590,265.1,128.57,13.24,12.45,0,164.9
42,590,444.69,454.0,11.78,10.76,0,126.7
1,590,990.19,717.24,9.99,5.52,0,55.15
10,590,181.97,713.46,6.62,6.66,0,44.08
19,590,256.32,64.89,12.94,13.74,0,177.79
4,591,1183.49,546.79,11.7,11.05,0,129.31
5,591,770.06,143.08,13.56,13.35,0,180.99
25,591,585.7,567.34,12.45,9.25,0,115.21
15,591,947.98,560.94,11.52,10.29,0,118.59
68,591,1111.04,523.47,14.06,11.21,0,157.61
71,591,518.62,177.55,12.24,13.08,0,160.05
89,591,265.87,130.05,13.44,12.79,0,171.89
42,591,443.64,454.22,11.89,10.84,0,128.9
1,591,990.6,717.18,10.12,5.63,0,57.03
10,591,181.56,714.33,6.37,6.3,0,40.09
19,591,256.22,64.15,12.79,13.61,0,174.11
4,592,1183.39,546.24,11.93,11.22,0,133.9
5,592,768.68,142.31,12.94,12.54,0,162.27
25,592,584.44,567.98,12.37,9.05,0,111.95
15,592,947.5,561.85,11.84,10.55,0,125.01
68,592,1109.85,523.94,14.52,11.58,0,168.13
71,592,518.58,179.17,11.77,12.55,0,147.75
89,592,266.31,131.5,13.07,12.49,0,163.28
42,592,442.35,454.28,11.82,10.73,0,126.89
1,592,990.76,717.11,10.33,5.78,0,59.72
19,592,255.66,63.76,12.98,13.68,0,177.51
4,593,1183.18,545.45,12.19,11.36,0,138.41
5,593,767.51,141.37,13.03,12.47,0,162.56
25,593,582.82,568.62,12.76,9.43,0,120.4
15,593,946.59,563.11,11.69,10.38,0,121.35
68,593,1108.71,524.17,14.52,11.54,0,167.64
71,593,518.79,180.5,12.04,12.85,0,154.66
89,593,266.39,132.85,12.87,12.32,0,158.62
42,593,440.32,454.78,12.68,11.58,0,146.85
1,593,990.77,717.01,10.61,5.98,0,63.48
19,593,255.34,63.06,13.22,13.85,0,183.15
4,594,1183.01,544.78,12.09,11.22,0,135.73
5,594,766.46,140.4,13.52,12.94,0,174.96
25,594,581.67,569.14,12.75,9.45,0,120.41
15,594,945.75,564.51,11.6,10.32,0,119.65
68,594,1107.78,524.4,14.45,11.43,0,165.12
71,594,519.12,182.03,11.69,12.51,0,146.26
89,594,266.65,134.17,13.09,12.56,0,164.46
42,594,438.64,455.1,12.74,11.73,0,149.49
1,594,990.79,716.97,10.64,6.05,0,64.4
19,594,255.07,62.5,13.25,13.92,0,184.43
4,595,1182.96,544.26,12.14,11.28,0,137.01
5,595,765.02,139.31,13.88,13.27,0,184.14
25,595,580.66,569.86,12.58,9.34,0,117.52
15,595,945.12,565.68,11.65,10.42,0,121.37
68,595,1106.49,524.59,14.66,11.58,0,169.67
71,595,519.36,183.03,11.72,12.54,0,147.05
89,595,266.85,135.27,12.98,12.52,0,162.48
42,595,437.3,455.63,12.48,11.5,0,143.58
1,595,990.79,716.87,10.91,6.25,0,68.22
19,595,254.39,61.77,12.88,13.4,0,172.49
4,596,1182.79,543.83,12.26,11.32,0,138.77
5,596,763.8,138.61,13.3,12.56,0,167.02
25,596,579.98,570.3,13.34,9.9,0,132.14
15,596,944.52,566.46,11.67,10.48,0,122.24
68,596,1104.79,524.93,14.36,11.27,0,161.77
71,596,519.97,183.86,11.63,12.45,0,144.83
89,596,267.62,137.0,12.69,12.28,0,155.76
42,596,435.95,455.89,12.55,11.58,0,145.25
1,596,990.98,716.76,11.18,6.49,0,72.53
19,596,254.29,61.32,12.77,13.19,0,168.33
4,597,1182.65,543.08,12.41,11.37,0,141.07
5,597,762.79,137.72,13.05,12.31,0,160.62
25,597,579.47,570.81,13.59,10.06,0,136.74
15,597,944.0,567.13,11.46,10.32,0,118.24
68,597,1103.57,525.07,14.31,11.17,0,159.86
71,597,520.24,185.36,11.51,12.34,0,142.06
89,597,268.25,138.53,13.21,12.86,0,169.91
42,597,434.93,456.24,12.79,11.83,0,151.39
1,597,991.56,716.59,11.73,6.83,0,80.07
19,597,254.25,60.77,13.22,13.68,0,180.9
4,598,1182.84,542.39,12.22,11.16,0,136.44
5,598,762.25,136.78,13.87,13.15,0,182.39
25,598,578.18,571.48,12.8,9.46,0,121.14
15,598,942.76,568.54,11.32,10.18,0,115.2
68,598,1102.53,525.46,14.61,11.38,0,166.31
71,598,520.64,186.59,12.21,13.17,0,160.82
89,598,268.49,140.1,12.93,12.49,0,161.57
42,598,432.99,456.9,12.45,11.61,0,144.52
1,598,991.63,716.45,12.09,7.1,0,85.77
19,598,254.1,60.0,13.48,14.08,0,189.73
4,599,1182.9,541.63,12.23,11.25,0,137.57
5,599,761.12,136.11,13.8,13.15,0,181.48
25,599,576.63,571.88,12.31,9.07,0,111.61
15,599,942.16,569.49,11.63,10.46,0,121.72
68,599,1101.63,525.63,14.88,11.61,0,172.68
71,599,521.24,187.95,12.2,13.21,0,161.14
89,599,268.91,141.57,13.17,12.84,0,169.0
42,599,431.23,457.2,12.27,11.53,0,141.49
1,599,991.83,716.25,12.62,7.5,0,94.64
19,599,254.09,59.8,13.88,14.51,0,201.43
102,599,152.52,694.92,7.03,5.91,0,41.54
4,600,1183.12,541.06,12.26,11.3,0,138.52
5,600,759.73,135.07,13.57,12.85,0,174.36
25,600,575.69,572.25,12.77,9.44,0,120.52
15,600,941.91,570.15,11.35,10.19,0,115.6
68,600,1100.46,525.65,14.97,11.71,0,175.24
71,600,521.33,189.29,11.6,12.5,0,145.0
89,600,269.45,142.69,13.09,12.83,0,167.95
42,600,430.15,457.13,12.02,11.33,0,136.26
1,600,991.91,715.97,13.3,8.06,0,107.14
19,600,254.52,59.04,13.42,13.95,0,187.15
4,601,1183.09,540.35,12.12,11.2,0,135.74
5,601,758.22,133.96,13.04,12.28,0,160.19
25,601,575.04,572.39,12.44,9.13,0,113.62
15,601,941.25,571.36,10.89,9.71,0,105.78
68,601,1098.94,525.67,15.1,11.88,0,179.31
71,601,521.52,190.17,11.29,12.18,0,137.58
89,601,269.77,143.84,13.11,12.96,0,169.92
42,601,428.98,457.38,11.98,11.23,0,134.55
1,601,991.77,715.75,13.74,8.46,0,116.3
19,601,254.37,58.24,13.73,14.3,0,196.37
4,602,1182.81,539.39,12.04,11.15,0,134.28
5,602,757.55,133.65,13.6,12.87,0,175.04
25,602,574.61,572.53,12.32,9.0,0,110.87
15,602,940.68,572.41,10.86,9.65,0,104.8
68,602,1097.37,525.84,14.91,11.74,0,175.12
71,602,521.93,191.42,11.05,11.78,0,130.15
89,602,270.45,145.15,12.81,12.62,0,161.71
42,602,427.84,457.79,12.08,11.3,0,136.46
1,602,991.79,715.44,14.16,8.83,0,124.99
19,602,254.59,57.21,13.58,14.2,0,192.78
4,603,1182.49,538.7,12.07,11.25,0,135.8
5,603,756.65,132.47,13.95,13.31,0,185.56
25,603,573.48,572.83,12.31,8.9,0,109.49
15,603,939.87,573.33,11.21,9.94,0,111.43
68,603,1096.05,525.99,15.24,12.05,0,183.57
71,603,522.53,192.73,11.31,12.03,0,135.99
89,603,271.36,146.66,12.87,12.72,0,163.68
42,603,426.52,458.11,12.34,11.57,0,142.82
1,603,991.74,715.24,14.23,9.0,0,128.03
19,603,254.79,56.48,13.61,14.32,0,194.96
4,604,1182.09,537.83,12.28,11.46,0,140.66
5,604,755.65,131.69,13.49,12.88,0,173.79
25,604,572.58,572.84,12.65,9.08,0,114.86
15,604,939.24,574.32,11.46,10.17,0,116.54
68,604,1095.01,526.2,15.15,12.0,0,181.73
71,604,522.82,193.85,11.78,12.54,0,147.7
89,604,272.37,148.46,12.78,12.69,0,162.21
42,604,425.48,458.45,12.24,11.55,0,141.41
1,604,991.67,714.88,14.4,9.22,0,132.81
19,604,254.76,56.08,13.61,14.21,0,193.45
4,605,1181.91,536.99,12.07,11.23,0,135.56
5,605,754.65,130.76,13.87,13.26,0,183.82
25,605,571.89,573.59,12.42,8.86,0,110.02
15,605,938.64,574.98,11.41,10.08,0,114.99
68,605,1093.87,526.41,15.1,11.94,0,180.37
71,605,523.23,195.3,11.19,11.88,0,132.99
89,605,273.36,150.28,12.91,12.99,0,167.65
42,605,424.02,458.62,12.16,11.48,0,139.6
1,605,991.68,714.44,14.66,9.52,0,139.51
19,605,255.02,55.64,13.33,13.95,0,185.91
4,606,1181.76,536.28,12.03,11.23,0,135.15
5,606,753.65,130.11,14.82,14.2,0,210.33
25,606,571.0,573.43,12.16,8.61,0,104.72
15,606,938.01,575.43,11.35,9.96,0,113.12
68,606,1092.59,526.51,14.94,11.83,0,176.64
71,606,523.81,196.56,11.64,12.37,0,143.99
89,606,273.99,151.3,13.29,13.57,0,180.34
42,606,422.96,458.87,12.26,11.58,0,141.96
1,606,991.83,714.21,15.21,9.99,0,151.96
19,606,255.21,55.39,13.5,14.2,0,191.72
4,607,1181.43,535.54,12.18,11.42,0,139.16
5,607,752.4,128.98,14.73,14.08,0,207.5
25,607,570.02,573.25,12.52,8.8,0,110.17
15,607,937.07,576.79,11.65,10.24,0,119.31
68,607,1091.22,526.43,15.1,11.95,0,180.52
71,607,524.23,197.96,11.39,12.02,0,136.89
89,607,274.6,153.04,12.92,13.27,0,171.49
42,607,421.66,459.15,11.51,10.84,0,124.71
1,607,991.7,714.03,15.47,10.32,0,159.66
19,607,255.58,55.39,13.11,13.63,0,178.7
4,608,1181.24,534.29,11.76,10.99,0,129.25
5,608,750.79,128.2,14.08,13.49,0,189.93
25,608,569.15,573.33,13.14,9.27,0,121.72
15,608,936.06,578.06,11.41,10.01,0,114.28
68,608,1089.67,526.49,14.9,11.77,0,175.41
71,608,524.84,199.27,11.78,12.43,0,146.41
89,608,275.58,154.45,13.06,13.56,0,177.01
42,608,420.51,459.56,11.88,11.18,0,132.87
1,608,991.73,713.64,15.64,10.54,0,164.8
19,608,255.64,54.84,13.45,14.06,0,189.14
4,609,1181.03,533.83,11.74,10.96,0,128.69
5,609,749.81,127.38,13.52,12.99,0,175.59
25,609,568.11,573.85,13.45,9.45,0,127.09
15,609,935.22,579.04,11.15,9.83,0,109.55
68,609,1088.42,526.8,14.79,11.64,0,172.21
71,609,525.39,200.52,11.49,12.12,0,139.24
89,609,276.45,155.88,13.16,13.82,0,181.92
42,609,419.6,459.7,12.03,11.27,0,135.55
1,609,991.69,712.95,15.69,10.66,0,167.29
19,609,256.18,54.34,13.68,14.54,0,198.97
4,610,1180.89,533.62,11.99,11.18,0,134.06
5,610,748.66,126.75,13.18,12.62,0,166.33
25,610,567.4,574.02,12.7,8.78,0,111.49
15,610,934.53,579.93,11.0,9.7,0,106.76
68,610,1087.19,527.02,14.82,11.68,0,173.1
71,610,525.76,201.72,11.24,11.86,0,133.4
89,610,277.25,157.79,13.02,13.71,0,178.52
42,610,418.9,460.19,11.88,11.07,0,131.58
1,610,991.88,712.12,15.67,10.73,0,168.14
19,610,256.0,54.36,13.94,14.71,0,205.11
4,611,1180.69,533.05,11.75,10.89,0,127.98
5,611,747.76,126.16,13.95,13.37,0,186.53
25,611,566.75,574.22,13.28,9.12,0,121.18
15,611,933.87,581.03,11.02,9.7,0,106.94
68,611,1085.87,527.26,14.77,11.63,0,171.79
71,611,526.38,202.79,11.63,12.27,0,142.79
89,611,277.96,159.27,12.84,13.61,0,174.74
42,611,418.17,460.19,13.23,12.36,0,163.55
1,611,992.08,711.51,15.32,10.54,0,161.54
19,611,256.59,54.05,13.66,14.44,0,197.3
4,612,1180.47,532.3,11.77,10.88,0,128.07
5,612,747.01,125.73,13.72,13.26,0,181.98
25,612,565.6,574.42,12.92,8.87,0,114.64
15,612,933.34,581.73,11.25,9.87,0,111.06
68,612,1084.57,527.35,14.23,11.19,0,159.21
71,612,526.85,203.91,12.06,12.81,0,154.42
89,612,278.68,160.79,12.62,13.4,0,169.12
42,612,416.8,460.31,13.52,12.7,0,171.67
1,612,992.19,710.91,15.11,10.45,0,157.9
19,612,256.81,53.37,13.34,14.11,0,188.28
4,613,1180.51,531.1,11.97,11.06,0,132.38
5,613,746.27,124.87,13.1,12.69,0,166.23
25,613,564.97,574.45,12.71,8.69,0,110.44
15,613,932.9,582.59,11.22,9.8,0,109.91
68,613,1083.31,527.47,13.97,10.93,0,152.64
71,613,527.41,205.21,11.58,12.31,0,142.54
89,613,279.56,162.19,12.38,13.13,0,162.54
1,613,992.39,710.39,15.14,10.54,0,159.53
19,613,257.12,52.92,13.39,14.22,0,190.44
4,614,1180.47,530.3,12.15,11.22,0,136.4
5,614,745.32,123.79,13.5,13.11,0,176.96
25,614,563.68,574.65,12.99,8.89,0,115.51
15,614,932.32,583.24,11.33,9.84,0,111.47
68,614,1082.11,527.69,14.23,11.15,0,158.62
71,614,528.05,206.02,11.81,12.68,0,149.83
89,614,280.33,163.58,12.85,13.69,0,175.97
1,614,992.81,709.71,14.77,10.33,0,152.62
19,614,257.13,52.08,13.65,14.49,0,197.68
42,614,413.64,461.08,12.83,12.08,0,155.06
4,615,1180.32,529.73,11.96,11.02,0,131.76
5,615,744.04,122.58,13.74,13.35,0,183.43
25,615,562.99,574.69,12.91,8.81,0,113.64
15,615,931.97,583.88,11.34,9.84,0,111.57
68,615,1080.93,527.81,14.39,11.24,0,161.84
71,615,527.97,207.03,11.91,12.81,0,152.58
89,615,281.01,165.2,12.6,13.45,0,169.39
1,615,993.15,708.99,14.48,10.17,0,147.31
19,615,257.12,52.02,13.65,14.46,0,197.42
42,615,412.6,461.5,12.79,12.02,0,153.73
4,616,1179.89,529.28,11.82,10.9,0,128.82
5,616,742.94,121.82,13.95,13.65,0,190.46
25,616,561.61,574.66,13.39,9.22,0,123.37
15,616,931.29,584.96,11.67,10.15,0,118.43
68,616,1079.28,528.06,14.19,11.07,0,157.01
71,616,528.68,208.25,11.75,12.73,0,149.68
89,616,281.63,166.54,11.93,12.72,0,151.78
1,616,993.12,708.63,14.58,10.29,0,150.0
19,616,257.13,51.29,13.47,14.24,0,191.76
42,616,411.75,461.63,12.38,11.6,0,143.58
4,617,1179.45,528.5,11.88,11.0,0,130.63
5,617,741.82,121.26,13.28,12.94,0,171.9
25,617,560.49,574.92,13.41,9.28,0,124.5
15,617,930.17,586.32,11.73,10.23,0,120.04
68,617,1077.89,528.41,14.61,11.42,0,166.86
71,617,529.06,209.84,11.45,12.41,0,142.07
89,617,282.3,167.94,12.13,12.99,0,157.64
1,617,993.02,708.38,14.58,10.34,0,150.69
19,617,256.78,50.93,13.4,14.09,0,188.8
42,617,410.24,461.88,12.83,12.03,0,154.32
4,618,1179.21,527.51,12.04,11.14,0,134.16
5,618,740.97,120.14,12.81,12.45,0,159.46
25,618,559.54,575.14,13.18,9.08,0,119.69
15,618,929.32,587.48,11.45,9.99,0,114.45
68,618,1076.69,528.72,14.59,11.46,0,167.23
71,618,529.2,210.9,11.65,12.68,0,147.79
89,618,282.54,169.2,12.09,13.01,0,157.2
1,618,993.43,707.89,14.33,10.2,0,146.2
19,618,256.83,50.4,13.97,14.75,0,206.16
42,618,407.99,462.48,12.84,12.12,0,155.67
4,619,1179.05,526.76,12.09,11.19,0,135.2
5,619,739.96,119.23,13.12,12.78,0,167.63
25,619,558.17,575.1,12.79,8.82,0,112.88
15,619,928.55,588.4,11.24,9.88,0,111.04
68,619,1075.62,529.07,14.38,11.29,0,162.31
71,619,529.54,212.35,11.24,12.25,0,137.63
89,619,282.7,170.68,11.98,12.9,0,154.56
1,619,994.01,707.37,13.83,9.89,0,136.79
19,619,256.84,49.59,13.69,14.46,0,197.91
42,619,406.39,462.86,12.43,11.81,0,146.84
4,620,1178.95,526.29,12.32,11.43,0,140.82
5,620,739.19,118.66,13.69,13.37,0,183.16
25,620,557.14,575.0,12.38,8.48,0,104.99
15,620,927.89,589.86,11.24,9.93,0,111.57
68,620,1074.68,529.27,14.65,11.49,0,168.33
71,620,529.72,213.55,11.43,12.53,0,143.12
89,620,283.13,171.67,11.59,12.49,0,144.75
1,620,994.17,707.03,13.66,9.79,0,133.71
19,620,256.46,48.79,13.33,14.16,0,188.8
42,620,405.0,463.19,12.21,11.62,0,141.94
4,621,1178.98,525.95,12.41,11.56,0,143.44
5,621,738.13,118.03,13.02,12.75,0,165.98
25,621,556.24,575.34,12.21,8.33,0,101.78
15,621,926.83,590.95,11.05,9.73,0,107.49
68,621,1073.52,529.76,14.92,11.73,0,174.99
71,621,529.87,214.82,11.24,12.36,0,139.0
89,621,283.37,172.91,11.62,12.53,0,145.67
1,621,994.18,706.96,13.74,9.87,0,135.68
19,621,256.41,48.36,13.28,14.17,0,188.22
42,621,403.46,463.96,11.61,11.02,0,127.86
4,622,1179.26,525.59,12.34,11.47,0,141.57
5,622,737.28,117.38,13.0,12.74,0,165.65
25,622,555.19,575.38,12.17,8.29,0,100.95
15,622,926.44,592.05,11.09,9.7,0,107.57
68,622,1071.89,530.29,14.22,11.21,0,159.47
71,622,530.11,215.61,11.24,12.41,0,139.43
89,622,283.67,174.26,12.22,13.21,0,161.33
1,622,994.43,706.91,13.78,9.91,0,136.52
19,622,256.23,47.88,13.06,13.88,0,181.23
42,622,402.17,464.64,12.14,11.55,0,140.15
4,623,1179.54,525.15,12.39,11.53,0,142.81
5,623,736.03,115.66,14.28,14.17,0,202.42
25,623,554.59,575.55,12.55,8.55,0,107.28
15,623,926.19,593.17,11.2,9.81,0,109.85
68,623,1071.45,530.58,14.22,11.2,0,159.26
71,623,530.26,216.6,11.43,12.72,0,145.39
89,623,283.99,175.57,12.61,13.72,0,172.98
1,623,995.16,706.94,13.67,9.81,0,134.06
19,623,255.82,47.08,13.41,14.17,0,190.11
42,623,400.15,465.02,11.87,11.31,0,134.24
4,624,1179.79,524.64,12.29,11.42,0,140.35
5,624,734.86,114.4,13.72,13.67,0,187.59
25,624,553.75,575.64,13.6,9.32,0,126.71
15,624,925.8,594.41,11.29,9.89,0,111.64
68,624,1071.0,530.94,14.21,11.18,0,158.9
71,624,530.43,217.55,11.34,12.67,0,143.71
89,624,284.44,176.98,12.19,13.27,0,161.71
1,624,995.85,706.82,13.53,9.66,0,130.68
19,624,255.56,46.21,13.11,13.85,0,181.57
42,624,399.03,465.31,11.64,11.06,0,128.79
4,625,1180.11,524.31,12.14,11.26,0,136.73
5,625,733.72,113.58,12.89,12.87,0,165.8
25,625,553.12,576.15,14.07,9.67,0,136.05
15,625,925.31,595.68,11.35,9.94,0,112.84
68,625,1070.41,531.5,14.5,11.44,0,165.87
71,625,530.99,219.04,11.2,12.57,0,140.84
89,625,284.87,177.84,12.15,13.24,0,160.89
1,625,996.56,706.79,13.34,9.48,0,126.41
19,625,255.27,45.29,13.01,13.67,0,177.76
42,625,397.75,465.88,12.13,11.51,0,139.68
4,626,1180.8,524.04,12.1,11.16,0,135.02
5,626,733.13,112.56,13.46,13.49,0,181.56
25,626,552.26,576.7,14.37,9.93,0,142.64
15,626,925.06,596.87,11.03,9.61,0,105.94
68,626,1069.66,531.87,14.74,11.65,0,171.77
71,626,531.47,220.1,11.23,12.67,0,142.31
89,626,285.33,179.15,12.78,14.01,0,179.04
1,626,997.2,706.73,13.16,9.29,0,122.32
19,626,255.1,44.4,13.24,14.04,0,185.82
42,626,396.09,466.62,12.24,11.61,0,142.09
4,627,1181.26,523.3,12.1,11.16,0,135.04
5,627,732.17,111.33,13.91,14.04,0,195.24
25,627,550.54,577.05,13.22,9.18,0,121.33
15,627,924.89,598.06,11.23,9.74,0,109.38
68,627,1068.85,532.64,14.61,11.58,0,169.22
71,627,531.68,221.04,11.16,12.69,0,141.64
89,627,285.45,180.55,12.72,13.93,0,177.17
1,627,997.68,706.87,13.67,9.63,0,131.59
19,627,254.42,44.03,13.12,13.87,0,181.96
42,627,394.77,467.22,12.49,11.81,0,147.55
4,628,1181.77,522.77,12.41,11.47,0,142.31
5,628,731.04,109.77,13.8,13.98,0,192.97
25,628,550.17,577.15,13.4,9.26,0,124.13
15,628,924.59,599.13,11.45,9.87,0,113.07
68,628,1067.96,533.27,14.48,11.51,0,166.55
71,628,531.7,221.83,11.44,13.09,0,149.75
89,628,285.71,181.81,12.33,13.43,0,165.54
1,628,998.43,706.91,13.44,9.45,0,127.03
19,628,253.68,43.26,14.47,15.44,0,223.46
42,628,393.63,467.14,13.35,12.67,0,169.17
4,629,1182.24,522.16,12.65,11.69,0,147.84
5,629,730.45,108.95,13.89,14.15,0,196.49
25,629,549.44,577.53,13.36,9.21,0,122.97
15,629,924.22,600.38,11.57,9.99,0,115.53
68,629,1067.36,533.72,14.44,11.5,0,165.98
71,629,531.95,222.73,11.2,12.81,0,143.51
89,629,286.04,182.66,12.56,13.68,0,171.79
1,629,999.28,706.9,13.56,9.49,0,128.78
19,629,253.41,42.23,14.18,15.16,0,215.03
42,629,391.86,467.37,12.62,11.97,0,151.06
4,630,1182.91,521.82,12.74,11.75,0,149.7
5,630,729.53,107.65,13.59,13.96,0,189.74
25,630,548.2,577.5,12.94,8.89,0,114.97
15,630,923.95,601.52,11.77,10.2,0,120.03
68,630,1066.74,534.01,14.45,11.54,0,166.67
71,630,532.31,224.11,10.93,12.48,0,136.45
89,630,286.71,183.82,12.45,13.53,0,168.45
1,630,999.86,706.96,13.77,9.6,0,132.22
19,630,253.21,41.38,14.08,15.04,0,211.77
42,630,389.66,467.89,12.13,11.52,0,139.7
4,631,1183.24,521.69,12.41,11.38,0,141.29
5,631,728.7,107.04,13.3,13.67,0,181.83
25,631,547.04,577.62,12.93,8.86,0,114.53
15,631,923.34,603.14,11.04,9.49,0,104.8
68,631,1065.83,534.35,14.56,11.64,0,169.47
71,631,532.63,225.02,11.35,12.97,0,147.18
89,631,286.97,184.93,12.44,13.55,0,168.57
1,631,1000.49,707.04,13.66,9.51,0,129.91
19,631,252.76,40.54,13.54,14.54,0,196.83
42,631,388.21,468.23,12.21,11.55,0,141.1
4,632,1184.12,521.13,12.75,11.75,0,149.79
5,632,727.86,105.41,12.76,12.99,0,165.8
25,632,546.28,578.09,13.48,9.23,0,124.46
15,632,922.87,604.07,11.15,9.63,0,107.46
68,632,1065.0,534.71,14.53,11.66,0,169.45
71,632,532.97,225.89,11.34,12.95,0,146.87
89,632,287.49,185.84,12.65,13.72,0,173.55
1,632,1001.18,707.11,13.69,9.54,0,130.65
19,632,252.54,39.78,14.14,15.16,0,214.34
42,632,386.94,468.46,11.79,11.15,0,131.45
4,633,1184.99,520.19,12.94,11.98,0,154.96
5,633,726.42,104.01,13.74,14.07,0,193.4
25,633,545.6,578.41,14.02,9.65,0,135.3
15,633,922.61,605.17,11.42,9.89,0,112.87
68,633,1064.43,535.04,14.63,11.75,0,172.01
71,633,533.05,227.05,11.67,13.32,0,155.34
89,633,287.7,186.69,12.78,13.77,0,176.08
1,633,1002.12,707.09,13.69,9.56,0,130.83
19,633,252.13,38.86,13.8,14.71,0,202.98
42,633,385.47,468.76,13.1,12.46,0,163.18
4,634,1185.68,519.61,12.79,11.9,0,152.21
5,634,725.64,103.17,13.65,14.01,0,191.24
25,634,543.96,578.94,13.44,9.21,0,123.74
15,634,922.51,606.21,11.9,10.36,0,123.34
68,634,1063.86,535.55,14.36,11.51,0,165.26
71,634,533.45,228.66,11.23,12.78,0,143.51
89,634,288.03,187.81,12.51,13.4,0,167.54
1,634,1002.8,707.14,13.81,9.65,0,133.2
19,634,251.71,38.23,13.3,14.18,0,188.62
42,634,383.7,469.6,12.96,12.34,0,160.0
4,635,1186.3,519.2,12.24,11.41,0,139.62
5,635,725.17,102.25,13.08,13.39,0,175.06
25,635,542.68,578.93,12.97,8.88,0,115.15
15,635,922.58,607.37,12.02,10.48,0,125.92
68,635,1063.3,536.09,14.49,11.57,0,167.68
71,635,533.59,229.79,11.72,13.28,0,155.56
89,635,288.82,189.37,12.24,13.14,0,160.73
1,635,1003.62,707.26,13.81,9.64,0,133.13
19,635,251.64,37.05,13.55,14.4,0,195.05
42,635,382.0,469.98,12.49,11.89,0,148.55
4,636,1186.73,519.0,12.11,11.29,0,136.75
5,636,724.45,100.85,13.85,14.3,0,198.08
25,636,542.3,579.12,13.38,9.11,0,121.9
15,636,922.2,608.8,11.41,9.99,0,113.99
68,636,1062.62,536.78,14.46,11.54,0,166.92
71,636,533.89,230.52,12.35,14.04,0,173.43
89,636,289.53,190.65,12.24,13.12,0,160.68
1,636,1004.41,707.45,13.89,9.7,0,134.69
19,636,251.49,36.59,14.09,15.04,0,211.92
42,636,380.59,470.54,12.44,11.8,0,146.72
4,637,1187.09,518.44,12.09,11.24,0,135.95
5,637,723.65,99.56,13.03,13.47,0,175.55
25,637,541.32,579.85,13.74,9.41,0,129.27
15,637,921.62,609.88,11.41,10.04,0,114.56
68,637,1061.94,537.39,14.31,11.4,0,163.15
71,637,534.22,231.54,12.19,13.85,0,168.77
89,637,290.05,191.69,11.98,12.76,0,152.94
1,637,1005.04,707.73,14.26,9.97,0,142.11
19,637,251.66,35.91,14.42,15.43,0,222.52
42,637,379.42,471.22,12.02,11.33,0,136.2
4,638,1187.63,518.06,12.1,11.21,0,135.61
5,638,722.61,98.06,12.89,13.37,0,172.39
25,638,540.32,580.04,13.04,8.94,0,116.54
15,638,921.32,611.26,11.52,10.2,0,117.48
68,638,1061.41,537.81,14.49,11.56,0,167.48
71,638,534.71,232.87,11.96,13.6,0,162.69
89,638,290.49,192.88,11.74,12.34,0,144.8
1,638,1006.0,707.85,14.41,10.11,0,145.64
19,638,251.38,35.41,14.04,15.05,0,211.36
42,638,377.32,472.2,13.0,12.35,0,160.56
4,639,1188.18,517.59,12.09,11.18,0,135.15
5,639,721.97,97.33,12.75,13.24,0,168.78
25,639,539.27,580.32,13.33,9.19,0,122.51
15,639,921.17,612.42,11.13,9.9,0,110.18
68,639,1060.77,538.32,14.58,11.67,0,170.15
71,639,535.25,233.96,11.95,13.59,0,162.45
89,639,290.96,193.97,11.99,12.56,0,150.63
1,639,1006.99,707.76,14.06,9.89,0,139.09
19,639,250.99,34.93,14.46,15.41,0,222.94
42,639,375.64,472.33,12.97,12.35,0,160.22
4,640,1188.53,517.26,12.0,11.05,0,132.68
5,640,721.72,96.61,13.14,13.78,0,181.05
25,640,538.14,580.65,13.47,9.39,0,126.51
15,640,920.92,613.57,11.01,9.86,0,108.51
68,640,1060.16,538.74,14.84,11.91,0,176.66
71,640,535.51,234.8,12.08,13.77,0,166.32
89,640,291.63,195.32,11.96,12.5,0,149.54
1,640,1007.78,707.68,13.99,9.86,0,137.92
19,640,250.67,34.4,13.96,14.93,0,208.5
42,640,374.51,472.82,13.0,12.47,0,162.09
4,641,1188.91,517.04,11.85,10.85,0,128.62
5,641,721.01,95.36,13.38,14.02,0,187.59
25,641,537.59,580.72,13.85,9.75,0,135.07
15,641,920.71,614.81,11.21,10.13,0,113.53
68,641,1059.29,539.28,14.58,11.7,0,170.63
71,641,535.79,235.54,12.17,13.94,0,169.65
89,641,292.19,196.66,11.84,12.33,0,146.0
1,641,1008.54,707.87,14.04,9.93,0,139.44
19,641,250.92,33.39,13.64,14.55,0,198.47
42,641,373.52,473.15,12.82,12.33,0,158.02
4,642,1189.56,516.47,12.01,10.97,0,131.78
5,642,720.1,94.06,13.76,14.45,0,198.73
25,642,535.97,581.5,12.58,8.85,0,111.31
15,642,920.43,615.87,11.76,10.74,0,126.27
68,642,1058.69,539.92,14.31,11.47,0,164.06
71,642,536.14,237.22,12.04,13.75,0,165.51
89,642,292.67,197.3,11.66,12.04,0,140.36
1,642,1009.46,708.03,14.05,9.97,0,140.09
19,642,250.32,32.29,13.3,14.17,0,188.52
42,642,371.74,473.71,12.62,12.09,0,152.58
4,643,1189.97,515.94,12.12,11.04,0,133.76
5,643,719.02,92.74,13.55,14.26,0,193.28
25,643,534.95,581.85,13.32,9.45,0,125.9
15,643,919.82,617.46,11.61,10.69,0,124.13
68,643,1057.38,540.78,14.06,11.2,0,157.43
71,643,536.44,238.58,11.71,13.36,0,156.52
89,643,293.19,198.8,12.41,12.76,0,158.34
1,643,1010.34,708.08,14.04,10.04,0,140.92
19,643,249.61,31.53,13.78,14.57,0,200.85
42,643,369.98,474.45,12.48,11.9,0,148.53
4,644,1190.2,515.54,12.15,11.07,0,134.54
5,644,718.04,92.04,13.17,13.93,0,183.51
25,644,533.85,582.37,12.99,9.22,0,119.71
15,644,919.1,619.17,10.85,10.04,0,108.96
68,644,1056.26,541.56,14.54,11.57,0,168.26
71,644,536.85,239.55,11.83,13.58,0,160.62
89,644,293.81,199.91,12.61,13.01,0,164.15
1,644,1010.92,708.13,14.01,10.05,0,140.78
19,644,249.52,30.64,13.68,14.38,0,196.72
42,644,368.3,474.53,13.21,12.58,0,166.15
4,645,1190.32,515.15,12.1,11.03,0,133.42
5,645,717.17,90.84,13.08,13.94,0,182.39
25,645,532.94,582.77,13.32,9.45,0,125.93
15,645,918.56,620.23,10.65,9.82,0,104.66
68,645,1055.34,542.01,14.54,11.57,0,168.25
71,645,537.01,240.51,12.32,14.24,0,175.39
89,645,294.27,201.02,12.89,13.29,0,171.28
1,645,1011.49,708.12,13.82,9.96,0,137.69
19,645,249.11,30.27,14.09,14.86,0,209.4
42,645,366.48,475.05,12.48,11.87,0,148.09
4,646,1190.42,514.8,12.08,11.03,0,133.3
5,646,716.1,90.11,13.55,14.42,0,195.44
25,646,531.77,583.27,13.16,9.37,0,123.32
15,646,918.03,621.53,11.08,10.21,0,113.17
68,646,1054.47,542.55,14.5,11.54,0,167.31
71,646,536.69,241.8,11.76,13.62,0,160.26
89,646,294.4,202.19,12.61,12.93,0,163.1
1,646,1011.99,708.1,13.95,10.09,0,140.73
19,646,248.64,29.66,13.91,14.69,0,204.34
42,646,364.51,475.43,12.59,11.95,0,150.46
4,647,1190.54,514.05,12.28,11.25,0,138.18
5,647,714.83,88.73,13.61,14.59,0,198.63
25,647,530.7,583.6,12.93,9.23,0,119.3
15,647,917.35,622.83,11.42,10.51,0,120.02
68,647,1053.5,543.26,14.34,11.44,0,164.08
71,647,537.04,243.4,11.4,13.19,0,150.36
89,647,295.01,203.46,12.95,13.26,0,171.61
1,647,1012.58,708.04,13.69,9.96,0,136.41
19,647,248.43,28.9,13.77,14.55,0,200.37
42,647,363.34,475.77,12.93,12.24,0,158.29
4,648,1190.8,513.4,12.22,11.2,0,136.93
5,648,713.6,87.66,13.61,14.64,0,199.25
25,648,530.22,583.79,13.27,9.44,0,125.25
15,648,916.89,624.04,11.73,10.83,0,126.94
68,648,1052.39,543.65,14.21,11.29,0,160.4
71,648,537.2,244.89,11.55,13.38,0,154.52
89,648,295.74,204.85,12.75,13.04,0,166.27
1,648,1013.25,708.06,13.45,9.85,0,132.5
19,648,248.16,27.86,13.96,14.65,0,204.56
42,648,362.2,476.05,13.1,12.37,0,162.04
4,649,1191.01,513.04,12.17,11.14,0,135.5
5,649,713.04,86.99,13.8,14.96,0,206.46
25,649,528.67,584.33,13.07,9.3,0,121.54
15,649,916.53,625.06,11.77,10.9,0,128.31
68,649,1051.39,544.19,14.42,11.41,0,164.6
71,649,537.53,246.22,11.43,13.25,0,151.53
89,649,296.73,205.8,12.78,13.08,0,167.12
1,649,1013.67,708.05,13.27,9.75,0,129.41
19,649,247.97,27.72,13.93,14.57,0,202.97
42,649,360.29,476.3,12.69,12.03,0,152.68
4,650,1191.3,512.46,12.33,11.3,0,139.35
5,650,712.54,86.39,13.46,14.55,0,195.79
25,650,527.82,584.76,13.65,9.7,0,132.34
15,650,916.1,626.16,11.44,10.62,0,121.48
68,650,1050.82,544.76,14.4,11.37,0,163.74
71,650,537.85,247.06,11.55,13.4,0,154.77
89,650,297.39,206.64,12.78,13.06,0,166.89
1,650,1014.27,708.06,13.36,9.88,0,131.93
19,650,248.12,27.43,14.39,15.07,0,216.9
42,650,358.76,476.89,12.83,12.19,0,156.33
4,651,1191.63,512.08,12.93,11.91,0,153.95
5,651,711.71,85.0,13.77,14.91,0,205.24
25,651,526.77,585.1,14.0,10.03,0,140.45
15,651,915.48,627.05,11.65,10.85,0,126.36
68,651,1049.67,544.97,14.88,11.76,0,174.98
71,651,538.07,248.2,11.33,13.17,0,149.2
89,651,297.93,207.8,12.42,12.66,0,157.33
1,651,1014.78,707.82,13.61,10.13,0,137.88
19,651,248.07,26.79,14.91,15.59,0,232.42
42,651,357.02,477.45,12.56,11.91,0,149.61
4,652,1191.74,511.4,13.18,12.23,0,161.19
5,652,710.46,83.8,13.52,14.73,0,199.15
25,652,526.35,585.24,14.19,10.18,0,144.4
15,652,915.2,628.25,11.27,10.45,0,117.75
68,652,1048.38,545.51,14.71,11.6,0,170.62
71,652,538.39,249.55,11.2,13.02,0,145.91
89,652,298.53,209.06,12.06,12.22,0,147.37
1,652,1015.43,707.28,13.19,9.86,0,130.04
19,652,248.0,25.99,15.06,15.4,0,231.82
42,652,355.78,477.5,12.99,12.38,0,160.78
4,653,1192.19,510.53,13.14,12.22,0,160.68
5,653,709.83,82.43,13.46,14.81,0,199.32
25,653,525.63,585.56,14.32,10.32,0,147.76
15,653,914.62,629.52,11.07,10.3,0,113.99
68,653,1047.5,545.86,14.79,11.66,0,172.53
71,653,538.9,250.82,11.16,12.97,0,144.72
89,653,299.16,210.23,12.04,12.14,0,146.09
1,653,1016.12,706.7,13.39,10.02,0,134.16
19,653,247.61,25.06,14.82,15.15,0,224.57
42,653,354.69,477.71,12.82,12.23,0,156.72
4,654,1192.62,509.91,12.86,11.96,0,153.8
5,654,709.02,81.62,13.72,15.15,0,207.9
25,654,524.65,586.03,14.01,10.13,0,141.95
15,654,914.2,630.41,11.14,10.41,0,115.94
68,654,1046.76,546.42,14.69,11.58,0,170.11
71,654,539.21,251.57,11.41,13.35,0,152.29
89,654,300.12,210.87,12.53,12.67,0,158.83
1,654,1016.57,706.54,13.61,10.21,0,139.04
19,654,247.39,23.75,13.89,14.22,0,197.45
42,654,353.29,477.84,12.96,12.4,0,160.73
4,655,1193.07,509.33,12.79,11.93,0,152.58
5,655,708.33,80.18,12.8,14.07,0,180.1
25,655,523.41,586.38,14.34,10.41,0,149.22
15,655,913.86,631.22,11.41,10.7,0,122.07
68,655,1046.09,546.79,14.72,11.6,0,170.7
71,655,539.59,252.96,11.03,12.88,0,142.12
89,655,300.82,212.11,12.46,12.59,0,156.96
1,655,1016.98,706.42,13.78,10.37,0,142.94
19,655,246.85,23.22,13.93,14.13,0,196.87
42,655,352.1,478.26,13.79,13.22,0,182.36
4,656,1193.21,508.91,12.33,11.51,0,141.86
5,656,707.51,79.66,13.76,15.16,0,208.63
25,656,522.43,586.58,13.86,10.06,0,139.45
15,656,913.08,632.26,11.73,11.09,0,130.03
68,656,1045.12,547.14,14.8,11.69,0,172.95
71,656,539.79,253.83,11.26,13.11,0,147.54
89,656,301.61,213.35,12.6,12.71,0,160.05
1,656,1017.46,705.92,13.93,10.51,0,146.31
19,656,246.43,22.75,13.88,14.04,0,194.91
42,656,349.82,479.34,12.91,12.41,0,160.17
4,657,1193.32,508.2,12.25,11.46,0,140.35
5,657,706.79,78.34,13.23,14.62,0,193.41
25,657,521.52,586.98,13.9,10.14,0,140.85
15,657,912.45,633.33,12.04,11.49,0,138.32
68,657,1044.17,547.5,14.56,11.5,0,167.38
71,657,540.08,254.89,11.3,13.17,0,148.71
89,657,302.2,214.47,12.5,12.6,0,157.46
1,657,1017.98,705.57,14.01,10.59,0,148.37
19,657,246.16,22.15,14.14,14.19,0,200.57
42,657,348.68,479.68,13.53,12.99,0,175.73
4,658,1193.81,507.42,12.04,11.24,0,135.4
5,658,706.12,77.7,12.96,14.39,0,186.52
25,658,520.37,587.34,13.76,10.07,0,138.57
15,658,912.2,634.27,12.29,11.85,0,145.59
68,658,1043.16,548.14,14.46,11.4,0,164.8
71,658,540.66,256.46,11.25,13.12,0,147.55
89,658,302.84,215.1,12.64,12.81,0,161.86
1,658,1018.57,705.4,14.12,10.69,0,150.93
19,658,245.85,21.44,14.05,14.07,0,197.66
42,658,347.05,479.81,12.78,12.25,0,156.56
4,659,1194.26,507.05,11.99,11.16,0,133.8
5,659,705.22,75.4,12.79,14.34,0,183.36
25,659,518.97,587.52,13.79,10.13,0,139.68
15,659,911.55,635.63,11.32,10.92,0,123.64
68,659,1041.97,548.79,14.58,11.48,0,167.34
71,659,540.74,257.44,11.53,13.45,0,155.06
89,659,303.22,215.94,12.56,12.77,0,160.36
1,659,1019.1,705.22,14.21,10.76,0,152.92
19,659,245.96,20.76,14.04,14.0,0,196.48
42,659,345.17,480.07,13.01,12.55,0,163.23
4,660,1194.55,506.49,12.19,11.31,0,137.79
5,660,703.99,74.65,12.72,14.27,0,181.45
25,660,518.09,587.74,13.8,10.15,0,140.13
15,660,911.1,636.68,11.28,10.94,0,123.4
68,660,1041.19,549.38,14.81,11.69,0,173.12
71,660,540.96,258.69,11.58,13.47,0,156.03
89,660,303.81,216.84,12.54,12.74,0,159.85
1,660,1019.61,705.06,14.31,10.82,0,154.87
19,660,245.52,20.44,13.93,13.91,0,193.81
42,660,343.48,480.26,13.53,13.15,0,177.94
104,660,789.61,441.87,9.67,9.16,0,88.57
4,661,1194.89,505.87,12.28,11.41,0,140.06
5,661,702.27,73.09,12.74,14.17,0,180.54
25,661,517.11,588.23,13.4,9.83,0,131.77
15,661,910.6,637.92,11.44,11.21,0,128.28
68,661,1040.48,549.8,14.89,11.8,0,175.74
71,661,541.39,259.67,11.66,13.56,0,158.19
89,661,304.73,217.81,12.82,13.05,0,167.25
1,661,1020.23,704.86,14.23,10.77,0,153.17
19,661,245.25,19.56,14.34,14.24,0,204.11
42,661,341.79,480.66,12.1,11.79,0,142.74
4,662,1195.37,505.17,12.25,11.4,0,139.6
5,662,701.43,71.88,13.23,14.78,0,195.53
25,662,516.33,588.78,13.37,9.76,0,130.44
15,662,910.1,638.97,11.31,11.1,0,125.47
68,662,1039.53,550.34,14.8,11.74,0,173.75
71,662,541.71,261.28,11.5,13.37,0,153.77
89,662,305.44,218.81,12.88,13.13,0,169.22
1,662,1020.83,704.82,14.24,10.8,0,153.77
19,662,245.04,18.43,14.79,14.65,0,216.62
42,662,340.51,481.12,12.17,11.87,0,144.51
104,662,788.58,441.76,10.83,10.27,0,111.22
4,663,1195.82,504.48,12.16,11.32,0,137.67
5,663,700.78,70.95,12.53,13.94,0,174.72
25,663,515.03,588.91,13.81,10.12,0,139.84
15,663,909.95,640.19,11.3,11.13,0,125.77
68,663,1038.62,550.94,14.79,11.71,0,173.25
71,663,541.85,262.72,11.72,13.59,0,159.22
89,663,306.19,219.78,12.5,12.76,0,159.56
1,663,1021.34,704.7,14.33,10.9,0,156.32
19,663,244.72,17.58,14.81,14.71,0,217.79
42,663,339.3,481.54,11.87,11.59,0,137.6
4,664,1196.07,503.77,12.11,11.21,0,135.78
5,664,699.96,70.22,12.87,14.31,0,184.22
25,664,514.11,588.86,14.54,10.67,0,155.12
15,664,909.69,641.19,11.33,11.17,0,126.53
68,664,1037.6,551.61,14.35,11.3,0,162.22
71,664,542.04,263.76,11.59,13.35,0,154.72
89,664,306.6,220.94,12.09,12.28,0,148.43
1,664,1021.82,704.7,14.43,10.98,0,158.43
19,664,244.55,16.39,14.62,14.52,0,212.34
42,664,338.01,482.17,12.12,11.82,0,143.23
4,665,1196.34,503.35,12.32,11.34,0,139.71
5,665,698.87,68.1,12.88,14.29,0,184.09
25,665,512.67,589.68,14.54,10.7,0,155.58
15,665,909.34,642.33,11.36,11.25,0,127.8
68,665,1036.64,552.21,14.4,11.35,0,163.46
71,665,542.12,264.69,11.71,13.54,0,158.55
89,665,307.02,221.69,12.29,12.46,0,153.18
1,665,1022.3,704.5,14.56,11.09,0,161.51
19,665,244.15,15.82,14.48,14.26,0,206.47
42,665,336.05,482.5,12.15,11.82,0,143.59
4,666,1196.73,502.73,12.33,11.29,0,139.22
5,666,698.27,66.97,12.55,13.92,0,174.6
25,666,511.38,590.1,13.74,10.09,0,138.61
15,666,908.84,643.56,11.56,11.51,0,133.04
68,666,1035.89,552.74,15.06,11.9,0,179.19
71,666,542.27,265.87,11.88,13.76,0,163.4
89,666,307.43,223.12,12.65,12.83,0,162.31
1,666,1022.72,704.32,14.77,11.27,0,166.43
19,666,243.79,14.96,14.3,13.98,0,199.79
42,666,335.03,482.67,12.8,12.38,0,158.49
4,667,1197.0,502.24,12.54,11.44,0,143.45
5,667,697.8,66.06,12.5,13.83,0,172.97
25,667,510.3,590.76,13.56,9.91,0,134.3
15,667,908.41,644.59,11.16,11.15,0,124.44
68,667,1034.95,553.23,14.64,11.54,0,168.93
71,667,542.42,266.96,11.62,13.48,0,156.66
89,667,308.14,224.02,12.5,12.65,0,158.12
1,667,1023.12,704.28,14.58,11.11,0,161.88
19,667,243.02,14.48,14.28,13.9,0,198.52
42,667,333.45,482.93,12.73,12.25,0,155.83
4,668,1197.31,501.94,12.63,11.48,0,144.92
5,668,696.57,64.61,12.87,14.32,0,184.23
25,668,509.0,591.21,13.96,10.16,0,141.77
15,668,907.85,645.78,11.17,11.18,0,124.9
68,668,1033.98,553.9,14.96,11.79,0,176.38
71,668,542.49,268.32,11.87,13.69,0,162.56
89,668,308.73,224.98,12.41,12.57,0,155.97
1,668,1023.52,704.24,14.36,10.93,0,156.96
19,668,242.55,13.81,14.08,13.66,0,192.39
42,668,332.01,483.51,12.63,12.11,0,153.01
4,669,1197.65,501.42,12.53,11.36,0,142.41
5,669,695.43,63.16,13.47,14.85,0,200.06
25,669,507.67,591.58,13.94,10.13,0,141.2
15,669,907.47,646.68,11.27,11.29,0,127.31
68,669,1032.67,554.44,14.41,11.33,0,163.33
71,669,542.71,269.18,11.87,13.74,0,163.11
89,669,308.99,225.56,12.58,12.79,0,160.85
1,669,1024.24,704.1,14.08,10.74,0,151.24
19,669,241.96,13.24,13.96,13.5,0,188.56
42,669,330.74,483.8,12.8,12.29,0,157.27
4,670,1198.26,500.83,12.69,11.49,0,145.81
5,670,694.46,62.34,13.93,15.41,0,214.65
25,670,506.62,591.95,14.14,10.31,0,145.74
15,670,907.18,648.14,10.99,11.04,0,121.3
68,670,1031.95,554.9,14.33,11.25,0,161.16
71,670,543.14,270.4,11.75,13.62,0,160.0
89,670,309.85,226.53,12.57,12.83,0,161.24
1,670,1025.11,703.71,14.1,10.76,0,151.8
19,670,241.76,12.45,13.9,13.4,0,186.33
42,670,329.48,483.98,12.99,12.57,0,163.3
4,671,1198.66,500.36,12.55,11.3,0,141.83
5,671,693.79,61.05,13.74,15.19,0,208.68
25,671,505.44,592.2,14.03,10.22,0,143.44
15,671,906.8,649.46,11.52,11.64,0,134.15
68,671,1031.32,555.22,14.61,11.49,0,167.95
71,671,543.96,271.92,11.41,13.27,0,151.47
89,671,310.36,227.65,12.47,12.77,0,159.23
1,671,1025.74,703.49,13.75,10.52,0,144.56
19,671,241.25,11.7,13.78,13.27,0,182.85
42,671,327.9,484.2,13.17,12.84,0,169.07
4,672,1199.05,499.65,12.31,11.08,0,136.37
5,672,693.36,60.11,13.96,15.56,0,217.19
25,672,503.83,592.79,13.77,10.08,0,138.77
15,672,906.52,650.34,11.56,11.76,0,135.91
68,672,1030.5,555.77,14.91,11.77,0,175.56
71,672,544.42,273.05,11.38,13.21,0,150.28
89,672,311.14,228.73,12.55,12.86,0,161.42
1,672,1026.2,703.27,13.73,10.53,0,144.58
19,672,241.02,10.98,13.76,13.14,0,180.78
42,672,326.39,484.55,12.89,12.65,0,163.01
4,673,1199.67,498.98,12.4,11.17,0,138.49
5,673,692.52,58.67,13.31,14.71,0,195.85
25,673,502.51,593.27,13.99,10.31,0,144.23
15,673,906.16,651.3,11.36,11.6,0,131.77
68,673,1029.63,556.32,15.4,12.21,0,188.05
71,673,544.77,273.96,11.69,13.56,0,158.53
89,673,311.7,229.62,12.59,12.87,0,162.05
1,673,1026.78,703.07,13.59,10.4,0,141.24
19,673,240.78,10.59,13.38,12.78,0,170.98
42,673,325.39,484.85,12.71,12.57,0,159.74
4,674,1200.03,498.41,12.29,11.07,0,136.01
5,674,692.18,57.25,13.1,14.32,0,187.51
25,674,501.63,593.25,13.7,10.08,0,138.05
15,674,905.6,652.43,11.52,11.86,0,136.6
68,674,1028.88,556.98,15.25,12.15,0,185.17
71,674,545.2,274.88,11.32,13.17,0,149.03
89,674,312.45,230.37,13.01,13.33,0,173.45
1,674,1027.26,702.91,13.66,10.42,0,142.34
19,674,240.39,9.75,13.52,12.77,0,172.74
4,675,1200.41,497.83,12.37,11.12,0,137.56
5,675,691.29,55.81,13.38,14.62,0,195.5
25,675,500.66,593.48,13.91,10.29,0,143.12
15,675,905.15,653.44,11.44,11.9,0,136.14
68,675,1028.15,557.55,15.21,12.13,0,184.49
71,675,545.38,276.64,11.16,12.98,0,144.86
89,675,313.5,231.08,12.93,13.28,0,171.81
1,675,1028.05,702.63,14.15,10.76,0,152.16
19,675,240.17,8.61,14.11,13.38,0,188.76
4,676,1201.09,497.16,12.59,11.31,0,142.34
5,676,690.54,54.44,13.28,14.56,0,193.37
25,676,499.65,594.0,13.57,10.03,0,136.1
15,676,904.93,654.39,11.39,11.9,0,135.55
68,676,1027.52,558.09,15.38,12.3,0,189.04
71,676,545.89,277.92,10.95,12.73,0,139.35
89,676,314.49,232.27,12.95,13.22,0,171.17
1,676,1028.74,702.39,14.48,10.99,0,159.09
19,676,239.93,7.37,14.69,13.81,0,202.86
42,676,321.61,485.66,11.46,11.49,0,131.66
4,677,1201.66,496.33,13.05,11.75,0,153.29
5,677,690.09,54.25,14.16,15.59,0,220.8
25,677,498.6,594.31,13.86,10.26,0,142.24
15,677,904.56,655.68,11.56,12.07,0,139.49
68,677,1026.78,558.59,15.0,11.99,0,179.78
71,677,546.53,278.75,11.29,13.17,0,148.73
89,677,314.87,233.21,12.75,12.96,0,165.3
1,677,1029.27,702.19,14.83,11.23,0,166.57
19,677,239.73,6.84,14.58,13.68,0,199.53
108,677,776.96,435.12,11.22,10.21,0,114.56
4,678,1202.06,495.65,13.21,11.93,0,157.68
5,678,689.38,52.78,13.79,15.05,0,207.63
25,678,497.46,594.61,13.89,10.29,0,142.84
15,678,904.01,656.65,11.79,12.33,0,145.38
68,678,1025.67,559.15,14.92,11.91,0,177.74
71,678,546.82,279.93,10.97,12.78,0,140.13
89,678,315.89,233.98,12.7,12.91,0,163.96
1,678,1029.74,701.89,15.14,11.44,0,173.27
19,678,239.55,6.54,14.02,13.09,0,183.5
42,678,319.2,485.9,11.51,11.57,0,133.16
4,679,1202.39,494.93,13.14,11.88,0,156.14
5,679,688.37,51.4,14.49,15.84,0,229.56
25,679,496.17,594.92,13.44,9.93,0,133.48
15,679,903.14,657.6,11.5,12.09,0,139.0
68,679,1024.79,559.54,15.02,12.0,0,180.29
71,679,546.96,281.1,11.31,13.14,0,148.55
89,679,316.65,234.88,12.8,13.01,0,166.55
1,679,1030.48,701.54,14.99,11.37,0,170.41
19,679,239.18,6.24,13.54,12.48,0,169.0
42,679,318.1,486.08,12.29,12.42,0,152.72
4,680,1202.56,494.53,13.03,11.79,0,153.63
5,680,686.95,50.8,13.82,15.0,0,207.21
25,680,494.96,595.28,13.96,10.32,0,144.06
15,680,902.65,658.43,11.51,12.16,0,139.99
68,680,1023.64,560.18,14.96,11.96,0,178.88
71,680,547.56,282.37,11.31,13.1,0,148.21
89,680,317.62,236.33,12.74,12.91,0,164.53
1,680,1030.84,701.22,14.96,11.36,0,170.0
19,680,238.85,6.02,13.19,12.04,0,158.86
42,680,317.22,486.51,11.43,11.49,0,131.33
4,681,1202.62,494.15,13.04,11.81,0,154.06
5,681,686.33,49.72,14.1,15.26,0,215.15
25,681,494.05,595.54,13.87,10.3,0,142.83
15,681,902.2,659.47,11.16,11.84,0,132.1
68,681,1022.78,560.86,14.84,11.93,0,177.03
71,681,548.34,283.53,11.2,13.0,0,145.62
89,681,317.9,237.41,12.77,12.85,0,164.06
1,681,1031.02,701.03,14.76,11.23,0,165.76
19,681,238.58,5.8,12.62,11.6,0,146.39
42,681,316.13,486.69,10.79,10.82,0,116.76
108,681,773.6,434.12,12.26,11.19,0,137.16
4,682,1202.72,493.55,13.13,11.91,0,156.45
5,682,685.28,48.36,13.47,14.55,0,195.97
25,682,492.92,595.87,13.48,10.02,0,135.06
15,682,901.54,660.4,10.95,11.59,0,126.9
68,682,1021.66,561.4,14.68,11.83,0,173.6
71,682,548.78,284.97,10.78,12.47,0,134.42
89,682,318.82,238.2,13.51,13.67,0,184.68
1,682,1031.11,700.63,14.38,10.93,0,157.11
19,682,238.41,5.69,12.54,11.39,0,142.78
42,682,315.43,486.99,11.18,11.19,0,125.16
4,683,1202.8,492.81,13.14,11.93,0,156.69
5,683,684.59,47.19,13.56,14.61,0,198.08
25,683,491.57,596.01,13.44,10.0,0,134.48
15,683,900.82,661.52,10.72,11.32,0,121.33
68,683,1020.83,561.87,14.54,11.73,0,170.55
71,683,548.97,285.7,11.27,13.03,0,146.83
89,683,319.81,239.13,13.56,13.75,0,186.4
1,683,1031.48,700.18,13.99,10.59,0,148.25
19,683,238.25,5.44,12.22,10.89,0,133.03
42,683,314.52,486.67,11.27,11.27,0,126.98
108,683,772.44,433.91,12.73,11.63,0,148.08
4,684,1202.85,492.31,12.89,11.68,0,150.53
5,684,683.67,45.83,13.5,14.49,0,195.69
25,684,490.33,596.25,13.69,10.24,0,140.26
15,684,900.36,662.51,10.69,11.27,0,120.46
68,684,1019.73,562.29,14.38,11.6,0,166.81
71,684,549.5,287.4,11.28,12.95,0,146.15
89,684,321.19,240.32,13.78,13.99,0,192.79
1,684,1031.82,699.67,13.78,10.35,0,142.59
19,684,238.28,5.26,12.07,10.52,0,126.99
42,684,313.71,486.78,11.37,11.39,0,129.54
4,685,1202.59,491.88,12.7,11.52,0,146.37
5,685,682.65,45.11,12.79,13.57,0,173.63
25,685,488.75,596.36,12.85,9.59,0,123.19
15,685,899.61,663.31,10.61,11.19,0,118.71
68,685,1018.45,563.14,14.18,11.49,0,162.95
71,685,549.8,288.72,11.61,13.3,0,154.4
89,685,322.12,241.85,13.22,13.38,0,176.9
1,685,1032.1,699.28,13.91,10.38,0,144.36
19,685,238.31,5.09,11.58,10.19,0,117.97
42,685,312.94,486.81,11.45,11.46,0,131.24
108,685,770.84,432.67,13.63,12.46,0,169.83
4,686,1202.39,491.33,12.78,11.61,0,148.43
5,686,682.12,44.0,13.69,14.36,0,196.59
25,686,487.15,596.68,12.39,9.28,0,115.0
15,686,898.99,664.2,10.61,11.22,0,119.0
68,686,1017.27,563.67,14.39,11.76,0,169.25
71,686,550.11,289.85,11.64,13.33,0,155.19
89,686,322.88,242.79,13.5,13.7,0,184.92
1,686,1032.22,698.66,13.98,10.38,0,145.12
19,686,238.31,4.66,10.8,9.33,0,100.77
42,686,312.32,487.08,12.5,12.54,0,156.81
4,687,1202.16,490.65,12.9,11.74,0,151.37
5,687,681.08,42.86,12.77,13.2,0,168.59
25,687,486.38,596.95,13.12,9.9,0,129.93
15,687,898.46,665.03,10.76,11.38,0,122.47
68,687,1015.98,564.26,13.83,11.3,0,156.31
71,687,550.47,291.09,11.2,12.74,0,142.65
89,687,323.73,243.77,12.76,12.97,0,165.46
1,687,1032.57,698.36,13.92,10.32,0,143.65
19,687,238.38,4.3,10.17,8.61,0,87.53
42,687,311.06,486.93,12.16,12.19,0,148.2
108,687,768.34,432.33,13.49,12.25,0,165.28
4,688,1202.09,490.06,13.06,11.89,0,155.35
5,688,680.23,42.55,13.48,13.88,0,187.07
25,688,485.46,597.17,13.63,10.37,0,141.41
15,688,897.7,666.19,10.81,11.44,0,123.65
68,688,1014.9,564.94,13.71,11.22,0,153.83
71,688,550.81,292.72,11.33,12.85,0,145.52
89,688,324.96,244.94,12.89,13.09,0,168.73
1,688,1033.07,697.89,13.93,10.31,0,143.53
19,688,238.35,4.37,10.42,8.73,0,91.03
42,688,310.17,487.39,12.45,12.5,0,155.67
108,688,766.59,431.68,11.82,10.64,0,125.73
4,689,1201.83,489.45,12.95,11.79,0,152.79
5,689,678.94,41.76,13.74,14.11,0,193.9
25,689,484.48,597.41,13.17,9.96,0,131.25
15,689,896.93,667.13,10.94,11.59,0,126.82
68,689,1013.79,565.67,13.87,11.36,0,157.48
71,689,551.22,294.22,10.88,12.23,0,133.03
89,689,325.81,246.51,13.1,13.32,0,174.59
1,689,1033.65,697.32,13.55,10.04,0,136.01
19,689,238.44,4.33,10.38,8.66,0,89.88
42,689,309.36,487.94,11.92,11.94,0,142.33
108,689,766.04,431.29,11.79,10.6,0,124.93
4,690,1201.47,488.83,12.97,11.77,0,152.7
5,690,678.32,40.66,13.85,14.03,0,194.23
25,690,483.59,597.82,13.03,9.84,0,128.18
15,690,896.3,668.02,10.64,11.33,0,120.56
68,690,1012.84,566.22,13.98,11.47,0,160.32
71,690,552.33,295.27,11.54,12.95,0,149.47
89,690,326.72,247.87,13.06,13.3,0,173.74
1,690,1033.37,696.86,13.7,10.05,0,137.71
19,690,238.62,4.9,11.74,9.81,0,115.19
42,690,308.87,488.05,12.55,12.55,0,157.48
4,691,1201.24,488.53,12.93,11.72,0,151.55
5,691,678.36,40.79,14.56,14.71,0,214.18
25,691,482.93,597.93,13.63,10.37,0,141.25
15,691,895.38,668.78,10.33,10.96,0,113.27
68,691,1011.93,566.63,13.85,11.32,0,156.75
71,691,553.35,296.78,10.95,12.24,0,133.94
89,691,327.81,248.76,13.59,13.89,0,188.78
1,691,1033.22,696.41,13.83,10.05,0,138.98
19,691,238.69,4.42,10.64,8.84,0,94.07
42,691,307.75,488.81,12.27,12.21,0,149.86
4,692,1201.1,487.62,12.98,11.77,0,152.74
5,692,677.28,39.07,14.95,15.16,0,226.52
25,692,482.05,598.06,13.41,10.2,0,136.77
15,692,894.51,669.71,10.58,11.21,0,118.67
68,692,1010.67,567.04,13.9,11.36,0,157.84
71,692,554.08,297.95,11.24,12.48,0,140.31
89,692,329.45,250.14,13.03,13.28,0,172.93
1,692,1032.92,695.99,14.59,10.5,0,153.26
19,692,238.33,4.42,10.67,8.84,0,94.37
42,692,307.06,489.1,12.28,12.17,0,149.46
4,693,1200.84,487.0,12.94,11.68,0,151.11
5,693,676.06,39.25,14.34,14.58,0,209.11
25,693,480.94,598.5,13.34,10.05,0,134.14
15,693,893.67,670.76,10.45,10.98,0,114.79
68,693,1009.2,567.54,14.52,11.91,0,172.92
71,693,554.26,299.4,10.87,11.9,0,129.3
89,693,330.46,251.87,12.6,12.74,0,160.52
1,693,1033.46,695.49,14.37,10.29,0,147.84
19,693,238.38,4.01,9.81,8.03,0,78.79
42,693,306.47,489.4,12.79,12.65,0,161.74
4,694,1200.62,486.59,13.12,11.81,0,154.95
5,694,675.12,38.66,14.86,15.16,0,225.17
25,694,479.14,598.8,12.87,9.7,0,124.9
15,694,892.78,671.83,10.47,10.97,0,114.91
68,694,1007.71,568.25,14.55,11.98,0,174.29
71,694,554.99,300.61,10.93,11.94,0,130.59
89,694,331.8,253.37,12.87,12.96,0,166.79
1,694,1033.89,694.97,14.13,10.08,0,142.44
19,694,238.49,3.81,9.43,7.62,0,71.87
42,694,305.12,489.86,12.43,12.27,0,152.43
4,695,1200.36,486.09,12.91,11.6,0,149.79
5,695,674.56,38.4,13.82,14.11,0,195.08
25,695,478.56,598.92,13.44,10.18,0,136.81
15,695,892.24,672.65,10.26,10.72,0,109.99
68,695,1006.62,568.65,14.77,12.16,0,179.64
71,695,555.45,301.9,11.29,12.32,0,139.11
89,695,332.76,254.65,12.71,12.77,0,162.38
1,695,1034.26,694.49,14.36,10.26,0,147.23
19,695,238.7,4.19,10.36,8.38,0,86.81
42,695,304.26,490.26,11.83,11.59,0,137.11
108,695,759.39,429.87,10.65,9.46,0,100.83
4,696,1200.18,485.55,12.71,11.46,0,145.68
5,696,673.82,37.59,13.89,14.18,0,196.97
25,696,477.57,599.05,13.19,10.05,0,132.62
15,696,891.66,673.04,10.33,10.78,0,111.28
68,696,1005.64,568.9,14.86,12.29,0,182.61
71,696,556.07,302.9,11.06,11.99,0,132.51
89,696,333.89,255.56,12.71,12.76,0,162.11
1,696,1034.39,693.86,14.39,10.29,0,148.11
19,696,238.86,4.74,11.71,9.48,0,111.0
42,696,303.2,490.49,12.17,11.92,0,145.05
108,696,757.83,428.89,11.14,9.92,0,110.49
4,697,1199.68,484.67,12.5,11.22,0,140.23
5,697,672.92,36.35,14.57,14.84,0,216.32
25,697,476.53,598.93,12.9,9.83,0,126.84
15,697,890.81,673.72,10.63,11.11,0,118.05
68,697,1004.59,569.36,14.37,11.92,0,171.19
71,697,556.79,303.56,11.59,12.52,0,145.04
89,697,335.1,256.56,12.68,12.69,0,160.87
1,697,1034.5,693.06,14.29,10.24,0,146.37
19,697,238.99,3.84,9.65,7.68,0,74.11
42,697,302.44,490.62,11.77,11.5,0,135.33
4,698,1199.33,483.76,12.66,11.33,0,143.45
5,698,671.53,35.09,14.05,14.18,0,199.31
25,698,475.44,598.87,12.88,9.82,0,126.49
15,698,889.85,674.08,10.63,11.13,0,118.35
68,698,1003.48,569.84,14.28,11.83,0,168.95
71,698,557.68,304.78,11.66,12.57,0,146.57
89,698,336.11,257.6,12.91,12.9,0,166.56
1,698,1034.67,692.25,13.71,9.81,0,134.59
19,698,238.94,3.47,8.87,6.95,0,61.63
42,698,301.66,490.42,11.64,11.3,0,131.52
108,698,756.5,428.33,11.29,9.85,0,111.28
4,699,1198.82,483.01,12.6,11.27,0,141.97
5,699,670.12,34.78,14.01,14.15,0,198.24
25,699,474.48,598.82,13.26,10.15,0,134.59
15,699,889.02,674.69,10.43,10.93,0,113.96
68,699,1001.91,570.21,14.16,11.73,0,166.12
71,699,557.98,305.67,11.77,12.69,0,149.42
89,699,337.37,258.52,12.97,12.94,0,167.77
1,699,1034.9,691.67,13.12,9.37,0,122.97
19,699,238.92,2.98,7.84,5.95,0,46.67
42,699,300.46,490.63,11.87,11.48,0,136.25
108,699,755.1,427.93,11.77,10.23,0,120.34
4,700,1198.33,482.27,12.54,11.21,0,140.47
5,700,669.42,33.57,12.9,12.9,0,166.49
25,700,473.47,598.97,13.09,10.04,0,131.39
15,700,887.76,675.51,10.11,10.61,0,107.23
68,700,1000.7,570.57,14.01,11.61,0,162.69
71,700,558.49,306.77,11.48,12.32,0,141.33
89,700,338.57,259.12,12.5,12.43,0,155.3
1,700,1035.12,691.1,12.94,9.24,0,119.5
19,700,238.83,2.97,7.97,5.95,0,47.41
42,700,299.46,490.65,11.5,11.08,0,127.36
108,700,754.21,427.73,12.07,10.38,0,125.34
4,701,1198.0,481.54,12.72,11.36,0,144.49
5,701,668.49,33.1,12.98,12.95,0,168.06
25,701,471.92,598.91,13.01,9.99,0,129.9
15,701,886.96,676.05,10.19,10.71,0,109.2
68,701,999.73,570.84,13.98,11.59,0,162.02
71,701,558.95,307.66,11.32,12.04,0,136.27
89,701,339.52,260.1,12.49,12.4,0,154.81
1,701,1035.34,690.56,12.81,9.14,0,117.1
19,701,238.86,2.81,7.72,5.61,0,43.32
42,701,299.03,490.79,12.04,11.58,0,139.48
108,701,753.0,427.68,12.59,10.76,0,135.38
4,702,1197.94,480.78,12.68,11.35,0,143.98
5,702,666.87,31.36,13.58,13.5,0,183.43
25,702,470.64,598.9,12.97,9.95,0,129.11
15,702,886.18,676.61,10.21,10.7,0,109.2
68,702,998.68,571.26,13.66,11.32,0,154.61
71,702,559.98,309.11,11.23,11.85,0,133.09
89,702,340.48,261.05,12.68,12.56,0,159.24
1,702,1035.43,689.99,12.97,9.26,0,120.02
42,702,297.78,490.93,12.1,11.66,0,141.07
108,702,751.02,427.64,13.89,11.76,0,163.28
4,703,1197.95,479.9,12.99,11.63,0,151.08
5,703,666.39,30.39,13.27,13.25,0,175.9
25,703,469.6,599.02,13.28,10.25,0,136.1
15,703,885.25,677.57,10.39,10.85,0,112.74
68,703,997.54,571.76,14.08,11.72,0,165.06
71,703,560.95,309.7,11.52,12.16,0,140.12
89,703,341.53,262.29,12.72,12.58,0,159.96
1,703,1035.66,689.48,13.04,9.28,0,121.09
42,703,296.21,490.93,12.01,11.59,0,139.23
108,703,749.85,427.33,14.51,12.26,0,177.78
4,704,1197.86,479.6,13.07,11.73,0,153.3
5,704,665.85,30.01,14.38,14.34,0,206.23
25,704,468.76,599.13,13.13,10.12,0,132.93
15,704,884.76,678.03,10.35,10.71,0,110.93
68,704,996.75,572.28,14.23,11.9,0,169.31
71,704,561.45,310.81,11.33,11.97,0,135.55
89,704,342.57,262.96,12.68,12.6,0,159.85
1,704,1036.01,689.11,13.2,9.35,0,123.41
42,704,294.92,490.92,11.81,11.43,0,135.0
108,704,749.01,427.22,13.84,11.71,0,162.13
4,705,1197.96,479.09,13.03,11.7,0,152.44
5,705,665.41,29.05,13.96,13.97,0,194.97
25,705,467.66,599.34,12.99,10.04,0,130.44
15,705,884.46,678.72,10.48,10.73,0,112.43
68,705,995.96,573.19,14.18,11.85,0,168.02
71,705,562.14,311.42,10.91,11.42,0,124.62
89,705,343.48,263.89,12.87,12.78,0,164.53
1,705,1036.25,688.92,13.33,9.39,0,125.16
42,705,294.39,491.23,11.94,11.53,0,137.71
108,705,748.11,426.91,13.46,11.42,0,153.72
4,706,1198.29,478.47,13.17,11.79,0,155.25
5,706,665.18,27.89,13.54,13.55,0,183.4
25,706,466.77,599.65,12.98,10.04,0,130.39
15,706,883.81,679.53,10.56,10.79,0,113.93
68,706,995.25,573.77,14.24,11.89,0,169.33
71,706,562.82,312.45,11.22,11.75,0,131.92
89,706,344.81,264.57,13.09,12.98,0,169.91
1,706,1036.5,688.77,13.43,9.42,0,126.54
42,706,293.54,491.64,12.05,11.64,0,140.26
108,706,747.24,426.65,13.9,11.84,0,164.49
4,707,1198.75,477.89,13.41,12.04,0,161.42
5,707,664.39,26.26,14.32,14.29,0,204.54
25,707,465.99,600.18,13.25,10.29,0,136.28
15,707,883.46,680.57,10.91,11.16,0,121.71
68,707,994.72,574.49,13.98,11.65,0,162.88
71,707,564.14,313.77,11.11,11.61,0,128.92
89,707,345.88,265.53,13.3,13.21,0,175.7
1,707,1036.96,688.63,13.57,9.49,0,128.71
42,707,292.14,492.04,11.99,11.54,0,138.42
108,707,746.53,426.53,13.62,11.55,0,157.32
4,708,1199.47,477.46,13.31,11.99,0,159.56
5,708,663.8,25.97,13.75,13.68,0,188.04
25,708,464.6,600.71,12.68,9.88,0,125.32
15,708,883.33,681.46,11.08,11.35,0,125.69
68,708,993.85,575.44,13.92,11.68,0,162.63
71,708,564.68,314.53,11.42,11.96,0,136.53
89,708,346.89,266.58,12.68,12.56,0,159.26
1,708,1037.9,688.56,13.53,9.45,0,127.83
42,708,291.38,492.61,12.21,11.72,0,143.14
108,708,746.02,426.67,13.02,11.05,0,143.79
4,709,1199.93,477.29,13.31,12.03,0,160.16
5,709,662.72,25.31,13.78,13.62,0,187.67
25,709,463.63,601.41,12.71,9.84,0,125.06
15,709,882.75,682.68,10.86,11.13,0,120.85
68,709,993.08,576.4,14.24,12.01,0,170.92
71,709,565.38,315.77,11.09,11.57,0,128.26
89,709,347.68,267.26,13.17,13.05,0,171.84
1,709,1038.63,688.59,13.69,9.55,0,130.7
42,709,290.71,492.72,12.74,12.22,0,155.74
108,709,744.53,426.9,12.9,10.97,0,141.53
4,710,1200.2,477.19,13.28,12.03,0,159.78
5,710,661.85,24.48,14.12,13.97,0,197.32
25,710,462.56,602.05,13.49,10.49,0,141.55
15,710,882.23,684.01,10.63,10.9,0,115.85
68,710,992.48,577.47,14.21,12.02,0,170.74
71,710,565.81,317.03,10.92,11.18,0,122.11
89,710,348.69,268.22,12.47,12.27,0,153.06
1,710,1039.21,688.71,13.79,9.6,0,132.44
42,710,289.16,493.18,13.2,12.75,0,168.34
108,710,742.55,427.67,13.21,11.23,0,148.37
4,711,1200.44,477.05,13.37,12.15,0,162.42
5,711,661.1,23.81,14.01,13.86,0,194.23
25,711,461.49,602.64,13.74,10.65,0,146.33
15,711,881.56,685.39,10.74,11.04,0,118.61
68,711,991.97,578.43,13.99,11.86,0,165.83
71,711,566.6,317.93,11.33,11.6,0,131.4
89,711,349.38,269.53,12.63,12.36,0,156.17
1,711,1039.68,688.93,14.41,10.07,0,145.11
42,711,287.05,493.94,12.51,12.08,0,151.07
4,712,1201.07,476.65,13.29,12.09,0,160.7
5,712,659.92,22.44,13.26,12.99,0,172.24
25,712,460.07,603.44,13.6,10.53,0,143.11
15,712,880.86,686.57,10.65,11.0,0,117.16
68,712,991.27,579.46,14.03,11.91,0,167.07
71,712,567.14,319.08,11.96,12.25,0,146.5
89,712,350.1,270.57,12.67,12.37,0,156.7
1,712,1040.87,689.01,14.0,9.85,0,138.0
42,712,285.38,494.68,11.78,11.28,0,132.85
108,712,740.45,428.8,12.68,10.73,0,136.01
4,713,1201.51,476.45,13.27,12.14,0,161.14
5,713,659.19,22.0,13.01,12.66,0,164.71
25,713,458.87,603.87,14.0,10.82,0,151.38
15,713,879.88,687.96,10.53,10.89,0,114.63
68,713,990.54,580.64,14.31,12.21,0,174.8
71,713,567.81,319.99,11.68,11.96,0,139.6
89,713,350.58,271.44,13.13,12.83,0,168.47
1,713,1041.86,689.11,14.03,9.89,0,138.72
42,713,283.68,495.81,11.24,10.73,0,120.57
4,714,1202.42,476.08,13.13,12.0,0,157.57
5,714,658.8,21.05,13.8,13.42,0,185.3
25,714,457.44,604.97,13.33,10.3,0,137.32
15,714,879.18,689.28,10.33,10.66,0,110.12
68,714,989.73,582.07,14.25,12.22,0,174.01
71,714,568.31,321.09,11.42,11.71,0,133.76
89,714,351.32,272.52,12.76,12.48,0,159.22
1,714,1042.37,689.53,14.48,10.21,0,147.81
42,714,282.07,496.83,11.65,11.18,0,130.23
4,715,1202.94,475.74,12.83,11.7,0,150.05
5,715,657.88,20.43,13.43,12.95,0,173.85
25,715,456.03,605.5,13.51,10.47,0,141.45
15,715,878.58,690.26,10.6,10.9,0,115.51
68,715,988.98,583.12,14.21,12.25,0,174.04
71,715,568.68,322.39,11.13,11.35,0,126.26
89,715,351.81,273.45,13.25,12.98,0,171.98
1,715,1042.86,689.81,14.74,10.41,0,153.48
42,715,279.82,496.97,11.91,11.52,0,137.1
108,715,737.3,429.84,11.65,9.76,0,113.65
4,716,1203.32,475.38,12.69,11.56,0,146.72
5,716,656.64,18.87,13.48,12.88,0,173.65
25,716,454.71,606.48,13.53,10.5,0,142.12
15,716,878.19,691.51,10.65,10.94,0,116.51
68,716,988.39,584.35,14.2,12.35,0,175.33
71,716,569.14,323.12,11.98,12.26,0,146.78
89,716,352.4,274.28,13.04,12.76,0,166.41
1,716,1043.53,690.14,15.1,10.67,0,161.14
42,716,278.41,497.76,11.46,11.1,0,127.18
4,717,1203.82,475.06,13.06,11.88,0,155.05
5,717,655.58,18.09,12.77,12.12,0,154.76
25,717,453.16,607.33,13.24,10.28,0,136.03
15,717,877.54,693.19,10.55,10.79,0,113.84
68,717,988.07,585.34,14.32,12.48,0,178.7
71,717,569.88,324.34,11.39,11.66,0,132.81
89,717,353.35,275.19,13.73,13.45,0,184.63
1,717,1044.19,690.4,15.19,10.75,0,163.22
42,717,277.07,498.19,10.84,10.45,0,113.37
4,718,1204.4,474.61,12.85,11.68,0,150.06
5,718,654.69,16.79,13.47,12.8,0,172.39
25,718,451.86,607.89,12.89,9.96,0,128.34
15,718,877.13,694.28,10.62,10.78,0,114.51
68,718,987.48,586.4,14.36,12.59,0,180.76
71,718,570.24,325.51,11.54,11.8,0,136.19
89,718,353.98,276.16,12.95,12.65,0,163.76
1,718,1045.15,690.41,14.77,10.47,0,154.68
42,718,275.83,498.77,11.08,10.63,0,117.84
108,718,734.2,430.61,13.19,11.09,0,146.27
4,719,1204.82,474.47,12.85,11.7,0,150.25
5,719,653.46,15.93,14.06,13.48,0,189.61
25,719,450.72,608.67,13.35,10.38,0,138.6
15,719,876.64,695.27,10.47,10.51,0,110.1
68,719,986.88,587.75,14.1,12.41,0,175.0
71,719,570.83,326.15,11.44,11.66,0,133.28
89,719,354.78,276.86,13.03,12.71,0,165.67
1,719,1045.78,690.75,14.94,10.6,0,158.3
42,719,273.55,499.34,11.19,10.8,0,120.86
108,719,733.37,431.16,13.23,11.15,0,147.43
4,720,1205.18,473.97,12.57,11.4,0,143.32
5,720,652.56,14.76,14.4,13.88,0,199.93
25,720,449.84,609.38,13.46,10.5,0,141.26
15,720,875.96,696.57,10.42,10.41,0,108.41
68,720,986.33,588.76,14.23,12.58,0,178.9
71,720,571.4,327.06,11.62,11.77,0,136.69
89,720,355.61,278.17,13.07,12.75,0,166.66
1,720,1046.73,690.86,14.6,10.43,0,152.24
42,720,271.71,499.49,11.75,11.39,0,133.73
4,721,1205.6,473.67,12.62,11.4,0,143.8
5,721,651.72,13.58,13.95,13.49,0,188.12
25,721,448.64,609.97,13.48,10.48,0,141.31
15,721,875.51,697.76,10.56,10.44,0,110.31
68,721,985.63,589.84,14.0,12.43,0,174.02
71,721,572.01,328.13,11.67,11.73,0,136.93
89,721,356.38,278.99,13.08,12.77,0,167.13
1,721,1047.44,691.15,14.75,10.59,0,156.2
42,721,270.76,499.81,12.43,12.08,0,150.2
108,721,731.38,432.03,12.62,10.61,0,133.83
4,722,1205.86,473.24,12.73,11.45,0,145.76
5,722,651.14,12.89,13.87,13.51,0,187.42
25,722,447.56,610.5,13.36,10.42,0,139.21
15,722,875.06,698.81,10.58,10.37,0,109.7
68,722,985.25,590.74,14.42,12.85,0,185.24
71,722,572.9,328.95,12.06,12.1,0,146.01
89,722,357.3,279.77,13.01,12.72,0,165.43
1,722,1048.49,691.21,14.48,10.42,0,150.95
42,722,269.27,500.49,12.49,12.16,0,151.79
108,722,730.69,432.52,13.54,11.51,0,155.82
4,723,1206.76,472.82,13.03,11.67,0,152.03
5,723,650.62,12.11,12.57,12.16,0,152.85
25,723,446.74,611.15,13.66,10.69,0,145.96
15,723,874.72,699.68,10.65,10.36,0,110.36
68,723,984.76,591.66,14.43,12.9,0,186.05
71,723,573.8,329.73,11.83,11.79,0,139.53
89,723,358.03,280.36,12.83,12.56,0,161.16
1,723,1049.22,691.29,14.17,10.2,0,144.51
42,723,267.67,501.29,12.12,11.82,0,143.28
108,723,729.79,432.8,13.47,11.36,0,152.96
4,724,1207.46,472.74,12.97,11.58,0,150.18
5,724,650.31,11.29,13.22,12.73,0,168.36
25,724,445.6,611.95,13.04,10.25,0,133.59
15,724,874.54,700.87,10.75,10.33,0,111.1
68,724,983.84,592.75,14.22,12.75,0,181.25
71,724,574.6,330.61,12.18,12.18,0,148.35
89,724,359.25,281.21,13.45,13.22,0,177.73
1,724,1049.88,691.36,14.39,10.37,0,149.14
42,724,266.57,502.41,11.22,10.88,0,122.14
108,724,729.17,432.9,13.4,11.44,0,153.33
4,725,1208.23,472.59,13.18,11.77,0,155.13
5,725,649.56,10.45,12.62,12.12,0,152.95
25,725,444.92,612.59,13.05,10.28,0,134.12
15,725,874.1,702.09,11.01,10.49,0,115.52
68,725,983.24,593.97,14.15,12.71,0,179.78
71,725,575.57,331.47,12.36,12.35,0,152.62
89,725,360.43,281.98,13.49,13.29,0,179.32
1,725,1050.78,691.45,14.67,10.61,0,155.62
42,725,265.51,502.85,11.14,10.83,0,120.64
108,725,728.79,433.35,12.79,10.97,0,140.24
4,726,1208.88,472.37,12.97,11.59,0,150.31
5,726,649.49,9.97,12.26,11.82,0,145.0
25,726,444.04,613.12,12.75,10.06,0,128.3
15,726,873.7,703.1,10.87,10.28,0,111.75
68,726,982.88,594.99,13.96,12.55,0,175.24
71,726,576.68,332.42,12.23,12.26,0,149.93
89,726,361.71,282.45,13.82,13.66,0,188.79
1,726,1051.73,691.52,14.98,10.88,0,163.02
42,726,264.09,503.35,11.37,11.04,0,125.5
108,726,727.82,434.33,13.22,11.47,0,151.66
4,727,1209.3,471.89,13.16,11.81,0,155.45
5,727,648.94,9.68,11.77,11.39,0,134.04
25,727,443.37,613.65,12.74,10.07,0,128.22
15,727,873.18,704.12,10.74,10.1,0,108.47
68,727,982.74,595.95,13.74,12.36,0,169.89
71,727,577.68,333.14,12.29,12.38,0,152.15
89,727,362.39,283.32,13.06,12.87,0,168.06
1,727,1052.47,691.42,14.83,10.8,0,160.15
42,727,262.58,504.09,11.68,11.37,0,132.79
108,727,726.92,434.74,13.12,11.51,0,150.96
4,728,1209.56,471.38,13.28,12.0,0,159.37
5,728,648.34,8.94,12.17,11.76,0,143.11
25,728,442.17,614.5,13.41,10.69,0,143.37
15,728,872.54,705.07,11.05,10.32,0,113.99
68,728,982.35,597.18,13.74,12.36,0,169.86
71,728,578.45,333.89,12.08,12.2,0,147.41
89,728,363.38,284.22,12.81,12.57,0,161.01
1,728,1053.12,691.29,14.85,10.86,0,161.27
42,728,261.2,504.9,11.14,10.8,0,120.35
108,728,725.62,435.65,12.51,11.04,0,138.2
4,729,1209.94,471.04,12.79,11.58,0,148.17
5,729,646.59,7.72,13.7,13.25,0,181.58
25,729,440.91,615.27,13.3,10.58,0,140.71
15,729,871.41,706.38,10.96,10.18,0,111.58
68,729,981.65,598.13,13.75,12.38,0,170.24
71,729,579.23,334.87,11.98,12.02,0,143.97
89,729,364.26,285.05,12.87,12.52,0,161.07
1,729,1053.62,691.45,15.02,11.09,0,166.61
42,729,260.47,505.29,11.73,11.3,0,132.49
108,729,724.69,436.32,12.24,10.77,0,131.88
4,730,1210.29,470.81,12.58,11.4,0,143.47
5,730,645.4,6.44,13.22,12.73,0,168.31
25,730,439.95,615.73,13.26,10.5,0,139.28
15,730,870.78,707.18,11.12,10.31,0,114.57
68,730,980.97,598.97,13.61,12.25,0,166.67
71,730,580.07,335.96,12.05,12.05,0,145.28
89,730,365.19,285.74,13.03,12.57,0,163.81
1,730,1054.17,691.48,15.01,11.16,0,167.52
42,730,259.67,505.68,11.73,11.15,0,130.82
108,730,723.88,436.53,13.1,11.57,0,151.59
4,731,1210.39,470.7,12.56,11.41,0,143.32
5,731,644.99,6.12,13.03,12.23,0,159.37
25,731,438.7,616.44,13.54,10.76,0,145.63
15,731,870.19,708.0,11.26,10.36,0,116.65
68,731,980.48,599.79,13.54,12.19,0,164.94
71,731,580.93,336.59,11.82,11.77,0,139.06
89,731,365.9,286.38,13.5,12.99,0,175.42
1,731,1054.63,691.55,14.98,11.18,0,167.45
42,731,257.88,506.68,12.3,11.68,0,143.7
108,731,723.16,436.73,12.62,11.11,0,140.14
4,732,1210.64,470.44,12.65,11.52,0,145.77
5,732,644.82,5.93,12.81,11.86,0,151.86
25,732,437.77,617.14,13.5,10.79,0,145.73
15,732,869.69,708.87,11.34,10.34,0,117.24
68,732,980.15,600.52,13.76,12.41,0,170.83
71,732,581.65,337.39,12.01,11.95,0,143.45
89,732,366.62,287.22,13.62,13.12,0,178.68
1,732,1055.19,691.34,15.03,11.24,0,168.96
42,732,256.44,507.08,12.33,11.67,0,143.92
108,732,722.19,437.62,12.42,11.02,0,136.91
4,733,1210.91,470.22,12.79,11.66,0,149.16
25,733,436.64,617.85,13.27,10.7,0,142.01
15,733,869.18,709.57,11.22,10.13,0,113.61
68,733,979.49,601.68,13.72,12.42,0,170.37
71,733,582.59,338.28,12.01,11.97,0,143.66
89,733,367.58,288.45,13.98,13.52,0,189.0
1,733,1055.81,691.17,15.03,11.31,0,169.97
42,733,255.7,507.31,12.73,11.95,0,152.13
108,733,721.16,438.35,11.15,9.85,0,109.82
124,733,1274.34,523.19,10.77,12.91,0,139.04
4,734,1211.42,469.94,12.66,11.57,0,146.47
25,734,435.76,618.44,13.16,10.73,0,141.14
15,734,868.61,710.78,11.03,9.81,0,108.16
68,734,979.11,602.54,13.69,12.41,0,169.97
71,734,583.55,339.39,11.91,11.85,0,141.11
89,734,369.21,289.5,13.92,13.51,0,188.04
1,734,1056.48,691.1,14.52,10.99,0,159.5
42,734,254.0,507.81,12.11,11.35,0,137.56
108,734,719.67,439.97,11.07,9.71,0,107.54
4,735,1211.57,469.82,12.57,11.51,0,144.65
25,735,435.24,619.24,13.75,11.26,0,154.8
15,735,868.15,711.75,10.98,9.68,0,106.37
68,735,978.53,603.69,13.83,12.56,0,173.66
71,735,584.54,340.52,11.97,11.93,0,142.74
89,735,370.33,290.48,13.54,13.14,0,177.9
1,735,1056.99,691.12,14.44,10.97,0,158.42
42,735,252.47,508.55,12.22,11.35,0,138.66
4,736,1211.47,469.72,12.37,11.35,0,140.37
25,736,434.63,619.95,13.63,11.2,0,152.61
15,736,867.58,712.77,10.86,9.5,0,103.19
68,736,978.14,604.64,13.71,12.47,0,170.96
71,736,585.36,341.45,11.94,11.89,0,142.01
89,736,371.4,291.41,13.01,12.59,0,163.79
1,736,1057.58,691.11,14.43,11.03,0,159.17
42,736,251.06,509.41,12.37,11.49,0,142.18
108,736,718.42,441.07,11.32,9.86,0,111.69
4,737,1211.74,469.38,12.21,11.19,0,136.64
25,737,433.81,620.46,13.98,11.58,0,161.83
15,737,866.88,713.59,11.41,9.91,0,113.12
68,737,977.48,605.79,14.05,12.8,0,179.89
71,737,586.39,342.25,11.7,11.65,0,136.23
89,737,372.44,292.31,13.13,12.68,0,166.56
1,737,1058.31,690.88,14.59,11.24,0,164.02
108,737,717.58,441.11,11.98,10.38,0,124.32
4,738,1211.92,469.04,12.52,11.51,0,144.1
25,738,433.05,621.14,13.23,11.03,0,145.98
15,738,866.28,714.4,11.6,9.97,0,115.67
68,738,976.77,606.88,14.13,12.99,0,183.58
71,738,587.24,343.11,11.94,11.83,0,141.24
89,738,373.77,293.24,13.18,12.72,0,167.63
1,738,1059.24,690.68,14.74,11.44,0,168.62
108,738,717.18,441.79,11.84,10.21,0,120.95
42,738,248.58,510.0,13.22,12.41,0,163.96
4,739,1212.23,468.56,12.5,11.44,0,143.06
25,739,432.28,621.77,13.24,11.07,0,146.55
15,739,865.4,715.19,10.54,8.95,0,94.38
68,739,976.18,607.89,13.78,12.7,0,175.01
71,739,588.4,344.04,12.05,11.9,0,143.42
89,739,375.03,294.02,13.68,13.28,0,181.68
1,739,1059.65,690.56,14.48,11.32,0,163.9
108,739,716.69,441.93,12.41,10.72,0,133.01
42,739,246.8,510.9,12.88,12.23,0,157.52
124,739,1271.66,522.22,11.32,13.26,0,150.19
4,740,1212.33,468.3,12.24,11.18,0,136.81
25,740,431.27,622.86,14.22,11.94,0,169.7
15,740,864.77,715.63,10.24,8.61,0,88.18
68,740,975.46,608.86,13.8,12.75,0,175.95
71,740,589.24,344.75,12.38,12.22,0,151.32
89,740,376.24,294.73,14.17,13.82,0,195.91
1,740,1060.24,690.32,14.31,11.25,0,160.98
108,740,715.64,443.11,11.7,10.09,0,118.04
42,740,245.61,511.46,12.57,11.97,0,150.37
4,741,1212.46,468.06,12.29,11.21,0,137.75
25,741,430.3,623.49,13.74,11.57,0,158.91
15,741,864.69,716.05,9.64,7.89,0,76.1
68,741,975.11,609.8,13.83,12.82,0,177.34
71,741,590.14,345.38,12.29,12.16,0,149.39
89,741,377.19,295.56,14.2,13.92,0,197.79
1,741,1060.73,690.14,14.01,11.09,0,155.31
108,741,714.9,444.2,11.14,9.58,0,106.67
42,741,244.59,512.0,12.08,11.54,0,139.43
4,742,1212.78,467.63,12.33,11.19,0,137.98
25,742,429.41,624.34,13.34,11.3,0,150.8
15,742,864.65,716.31,9.18,7.38,0,67.74
68,742,974.74,610.79,13.8,12.85,0,177.35
71,742,591.02,346.2,12.41,12.27,0,152.33
89,742,378.28,296.35,14.0,13.79,0,193.16
1,742,1061.32,689.91,13.87,11.06,0,153.4
108,742,714.04,445.11,10.95,9.34,0,102.2
42,742,243.99,512.64,12.38,11.81,0,146.19
4,743,1213.09,467.14,12.56,11.4,0,143.18
25,743,428.69,625.11,12.54,10.58,0,132.7
15,743,864.39,716.66,8.59,6.68,0,57.4
68,743,974.48,612.27,13.5,12.64,0,170.75
71,743,592.11,347.24,12.68,12.54,0,158.92
89,743,379.48,297.24,13.65,13.43,0,183.34
1,743,1061.78,689.61,13.65,10.97,0,149.77
108,743,713.66,445.43,11.66,9.95,0,116.02
42,743,242.43,513.34,12.35,11.81,0,145.92
4,744,1213.24,466.85,12.85,11.65,0,149.71
25,744,428.17,625.78,13.36,11.31,0,151.01
15,744,863.52,717.06,7.78,5.88,0,45.77
68,744,974.03,613.31,13.11,12.3,0,161.32
71,744,593.2,347.79,12.86,12.72,0,163.52
89,744,380.43,298.0,13.25,13.02,0,172.59
1,744,1062.25,689.42,13.4,10.85,0,145.43
108,744,712.86,446.2,11.6,9.86,0,114.4
42,744,241.04,514.11,12.47,11.96,0,149.13
4,745,1213.33,466.57,12.84,11.63,0,149.32
25,745,427.26,626.59,13.7,11.65,0,159.66
15,745,862.69,717.12,7.74,5.76,0,44.59
68,745,973.61,614.31,13.14,12.35,0,162.26
71,745,594.28,348.33,12.57,12.45,0,156.5
89,745,381.12,298.61,13.32,13.09,0,174.4
1,745,1062.8,689.18,13.52,11.01,0,148.93
108,745,712.37,446.38,11.73,9.94,0,116.57
42,745,239.96,514.25,12.38,11.79,0,146.01
124,745,1268.56,522.09,10.91,12.26,0,133.71
4,746,1213.56,466.25,12.84,11.6,0,148.86
25,746,426.56,627.32,14.05,12.0,0,168.61
68,746,973.31,615.14,13.36,12.57,0,167.87
71,746,595.04,349.18,12.69,12.55,0,159.21
89,746,382.32,299.38,13.58,13.35,0,181.27
1,746,1063.41,689.07,13.62,11.17,0,152.07
108,746,711.77,446.81,12.34,10.43,0,128.74
42,746,238.6,514.74,12.36,11.74,0,145.16
4,747,1213.77,465.9,13.4,12.13,0,162.46
25,747,425.63,628.1,13.33,11.39,0,151.83
68,747,973.12,616.01,13.25,12.51,0,165.68
71,747,595.99,349.99,12.78,12.6,0,161.01
89,747,383.33,300.05,14.16,13.93,0,197.2
1,747,1063.97,689.03,13.57,11.21,0,152.02
108,747,711.52,447.22,12.77,10.74,0,137.06
42,747,236.92,515.53,12.27,11.62,0,142.55
4,748,1214.06,465.37,13.38,12.05,0,161.33
25,748,425.09,628.71,13.2,11.34,0,149.66
68,748,972.77,617.06,13.42,12.75,0,171.1
71,748,597.3,351.31,12.85,12.67,0,162.74
89,748,384.43,300.9,14.8,14.6,0,216.01
1,748,1064.39,688.84,13.48,11.17,0,150.56
108,748,710.15,447.41,12.9,10.77,0,138.96
42,748,235.55,516.11,12.4,11.74,0,145.58
4,749,1214.33,465.01,13.26,11.85,0,157.16
25,749,423.98,629.4,13.23,11.4,0,150.9
68,749,972.47,618.1,13.49,12.94,0,174.51
71,749,598.2,352.05,12.97,12.82,0,166.35
89,749,385.67,302.0,14.34,14.25,0,204.44
1,749,1064.95,688.76,13.5,11.24,0,151.66
108,749,709.36,448.19,12.59,10.42,0,131.26
42,749,234.76,516.42,12.3,11.64,0,143.1
4,750,1214.41,464.91,13.14,11.65,0,153.17
25,750,422.99,630.28,13.06,11.28,0,147.33
68,750,972.1,619.36,13.26,12.76,0,169.17
71,750,598.99,353.02,12.75,12.62,0,160.87
89,750,386.65,302.85,13.56,13.51,0,183.23
1,750,1065.46,688.56,13.64,11.39,0,155.36
108,750,708.77,449.03,12.73,10.52,0,133.89
42,750,233.02,516.78,12.35,11.8,0,145.71
124,750,1265.82,522.14,11.05,11.82,0,130.6
4,751,1214.58,464.65,13.28,11.72,0,155.57
25,751,422.38,631.16,14.08,12.18,0,171.48
68,751,971.77,620.31,13.36,12.93,0,172.78
71,751,599.73,353.87,12.71,12.55,0,159.43
89,751,387.79,303.99,13.28,13.19,0,175.2
1,751,1065.83,688.34,13.49,11.29,0,152.35
108,751,708.05,450.03,12.76,10.55,0,134.58
42,751,231.65,517.51,12.55,12.08,0,151.71
4,752,1214.89,464.25,13.63,11.94,0,162.75
25,752,421.34,631.92,13.68,11.85,0,162.17
68,752,971.48,621.28,13.34,12.97,0,173.07
71,752,600.7,354.58,13.26,13.1,0,173.66
89,752,389.17,304.5,13.22,13.13,0,173.59
1,752,1066.16,688.06,13.27,11.12,0,147.65
108,752,707.5,450.75,12.15,9.98,0,121.2
42,752,230.66,517.84,12.47,12.04,0,150.14
124,752,1263.55,522.07,11.14,11.46,0,127.62
4,753,1215.12,463.94,13.97,12.17,0,170.09
25,753,420.7,632.45,13.33,11.61,0,154.72
68,753,970.91,622.19,13.54,13.24,0,179.29
71,753,602.03,355.21,13.12,12.98,0,170.24
89,753,390.06,305.41,12.91,12.82,0,165.48
1,753,1066.53,687.66,13.06,10.96,0,143.14
108,753,706.01,451.98,12.66,10.37,0,131.23
42,753,229.2,518.58,11.73,11.28,0,132.35
124,753,1262.26,521.79,11.35,11.39,0,129.34
4,754,1215.29,463.19,14.08,12.17,0,171.31
25,754,419.94,632.98,13.38,11.68,0,156.28
68,754,970.59,622.88,13.78,13.59,0,187.3
71,754,602.92,355.74,12.74,12.54,0,159.77
89,754,390.93,306.22,12.94,12.83,0,166.0
1,754,1066.95,687.14,13.02,10.88,0,141.7
108,754,705.26,452.59,13.21,10.78,0,142.45
42,754,228.24,518.67,11.6,11.14,0,129.26
124,754,1261.79,521.52,11.47,11.25,0,129.14
4,755,1215.37,462.86,14.04,12.08,0,169.57
25,755,418.88,633.8,13.55,11.87,0,160.86
68,755,970.31,623.53,13.44,13.4,0,180.1
71,755,603.93,356.47,12.59,12.35,0,155.48
89,755,391.85,306.78,13.74,13.57,0,186.42
1,755,1067.23,686.59,13.53,11.32,0,153.1
108,755,703.83,453.45,12.2,9.84,0,120.09
42,755,227.52,519.01,12.18,11.66,0,142.01
124,755,1261.28,521.37,11.57,11.14,0,128.95
4,756,1215.85,462.5,14.0,11.97,0,167.46
25,756,417.92,634.44,13.55,11.96,0,162.08
68,756,970.12,624.61,13.14,13.22,0,173.66
71,756,604.95,357.03,12.61,12.29,0,154.97
89,756,393.12,307.51,13.45,13.27,0,178.61
1,756,1067.63,686.23,13.89,11.62,0,161.4
108,756,702.92,454.29,11.79,9.46,0,111.59
42,756,226.22,519.58,12.43,11.86,0,147.4
124,756,1260.51,521.11,11.71,11.07,0,129.71
4,757,1216.61,461.86,14.17,12.06,0,170.92
25,757,417.26,634.84,14.11,12.58,0,177.52
68,757,969.95,625.31,13.04,13.24,0,172.63
71,757,605.93,357.57,12.94,12.57,0,162.66
89,757,394.81,308.13,12.96,12.7,0,164.64
1,757,1068.09,685.83,13.88,11.62,0,161.21
108,757,701.86,454.62,12.18,9.79,0,119.31
42,757,224.27,519.88,13.2,12.71,0,167.82
124,757,1260.03,520.94,11.86,11.0,0,130.45
4,758,1216.9,461.32,14.41,12.22,0,176.17
25,758,416.58,635.3,13.69,12.28,0,168.16
68,758,969.8,626.15,13.02,13.29,0,173.05
71,758,607.32,358.35,12.76,12.38,0,158.03
89,758,395.82,308.81,12.67,12.31,0,156.01
1,758,1068.6,685.37,13.69,11.44,0,156.59
108,758,701.27,455.0,11.36,9.05,0,102.84
42,758,222.84,520.24,12.39,12.0,0,148.58
124,758,1259.28,521.07,11.71,10.7,0,125.26
4,759,1217.55,460.79,14.24,12.03,0,171.25
25,759,415.73,635.87,13.81,12.45,0,171.94
68,759,969.77,626.98,13.17,13.57,0,178.73
71,759,607.73,358.42,13.13,12.79,0,167.96
89,759,396.74,309.24,12.44,11.97,0,148.92
1,759,1069.19,684.87,13.48,11.23,0,151.36
108,759,700.59,455.12,11.53,9.21,0,106.16
42,759,221.32,520.73,11.22,10.83,0,121.49
124,759,1258.89,520.88,11.78,10.58,0,124.65
4,760,1218.22,460.29,13.84,11.67,0,161.55
25,760,414.59,636.9,13.68,12.38,0,169.27
68,760,969.81,628.0,12.99,13.48,0,174.99
71,760,608.97,359.59,13.2,12.88,0,170.06
89,760,397.82,309.73,13.4,12.85,0,172.16
1,760,1069.83,684.54,13.48,11.21,0,151.13
108,760,700.09,455.46,12.35,9.88,0,121.96
42,760,220.25,521.3,11.45,11.03,0,126.36
124,760,1258.0,520.71,11.9,10.5,0,124.87
4,761,1218.62,459.86,13.65,11.46,0,156.34
25,761,413.88,637.76,13.54,12.36,0,167.35
68,761,969.7,628.96,12.84,13.37,0,171.59
71,761,610.25,360.47,13.25,12.84,0,170.1
89,761,398.86,310.22,13.41,12.9,0,172.91
1,761,1070.39,684.22,13.23,10.97,0,145.11
108,761,699.78,455.68,12.2,9.72,0,118.57
42,761,219.57,521.78,11.77,11.28,0,132.73
124,761,1257.67,520.22,11.91,10.37,0,123.49
4,762,1219.09,459.54,13.67,11.43,0,156.35
25,762,413.26,638.46,12.95,11.78,0,152.63
68,762,969.49,630.0,12.6,13.14,0,165.66
71,762,611.46,361.27,12.95,12.47,0,161.55
89,762,400.09,311.08,13.72,13.2,0,181.19
1,762,1070.86,684.09,13.24,10.93,0,144.69
108,762,699.23,457.47,11.75,9.33,0,109.61
42,762,218.39,522.27,11.67,11.16,0,130.25
124,762,1256.71,520.0,12.07,10.43,0,125.88
4,763,1219.63,459.4,14.35,12.05,0,172.9
25,763,412.74,639.23,13.11,12.0,0,157.35
68,763,969.47,630.98,12.85,13.5,0,173.5
71,763,612.59,361.89,12.8,12.29,0,157.34
89,763,401.64,312.35,13.73,13.22,0,181.51
1,763,1071.62,683.67,13.2,10.87,0,143.51
108,763,698.24,458.45,11.22,8.9,0,99.81
42,763,217.16,522.87,11.63,11.15,0,129.68
124,763,1256.17,520.21,12.48,10.76,0,134.2
4,764,1220.05,459.27,14.62,12.29,0,179.61
25,764,412.24,640.07,13.25,12.18,0,161.28
68,764,969.45,632.15,12.67,13.4,0,169.88
71,764,613.42,362.47,12.95,12.37,0,160.21
89,764,402.8,313.36,13.74,13.28,0,182.55
1,764,1072.31,683.07,12.95,10.64,0,137.87
108,764,697.68,458.91,11.37,9.01,0,102.46
42,764,216.0,523.02,11.67,11.16,0,130.22
124,764,1255.57,519.96,12.46,10.72,0,133.59
4,765,1220.16,459.14,14.81,12.49,0,184.99
25,765,411.75,640.98,13.22,12.25,0,161.92
68,765,969.41,633.08,12.57,13.34,0,167.64
71,765,614.29,363.11,13.39,12.81,0,171.53
89,765,404.01,314.26,13.46,13.03,0,175.37
1,765,1072.76,682.69,12.93,10.6,0,137.04
108,765,697.52,458.89,11.82,9.41,0,111.15
42,765,214.98,523.12,11.73,11.15,0,130.8
124,765,1254.44,519.52,11.96,10.22,0,122.23
4,766,1220.25,458.77,14.37,12.09,0,173.74
25,766,411.13,641.79,13.17,12.31,0,162.11
68,766,969.24,633.99,12.57,13.38,0,168.11
71,766,615.95,364.17,13.17,12.6,0,165.94
89,766,405.62,314.59,13.18,12.74,0,167.89
1,766,1073.05,682.4,13.08,10.72,0,140.31
108,766,696.98,459.45,11.63,9.24,0,107.49
42,766,213.95,523.56,11.82,11.28,0,133.23
124,766,1253.68,519.62,11.81,10.02,0,118.26
4,767,1220.42,458.31,13.97,11.7,0,163.43
25,767,410.74,642.45,13.24,12.42,0,164.43
68,767,969.14,634.78,12.3,13.11,0,161.22
71,767,617.28,364.73,12.58,12.05,0,151.57
89,767,406.95,315.3,13.79,13.38,0,184.49
1,767,1073.4,681.93,13.2,10.82,0,142.87
108,767,696.59,459.85,11.4,9.08,0,103.49
42,767,212.75,523.88,11.92,11.34,0,135.06
124,767,1253.22,519.49,12.14,10.2,0,123.91
4,768,1220.52,458.01,14.52,12.14,0,176.28
25,768,410.23,643.35,12.91,12.18,0,157.32
68,768,969.09,635.75,12.22,13.06,0,159.58
71,768,618.26,365.17,12.1,11.59,0,140.24
89,768,408.04,316.25,13.85,13.44,0,186.18
1,768,1074.0,681.4,12.96,10.61,0,137.55
108,768,695.02,460.57,11.84,9.43,0,111.58
42,768,211.96,523.85,12.16,11.54,0,140.41
124,768,1252.34,519.07,13.11,10.94,0,143.48
4,769,1220.68,457.63,14.38,11.96,0,172.05
25,769,409.73,644.21,12.45,11.82,0,147.12
68,769,968.99,636.9,12.12,13.02,0,157.78
71,769,619.09,365.83,12.31,11.76,0,144.75
89,769,409.3,316.97,13.36,12.97,0,173.27
1,769,1074.48,680.99,12.65,10.33,0,130.64
108,769,693.98,461.23,11.88,9.44,0,112.13
42,769,210.93,524.41,11.69,11.02,0,128.8
124,769,1251.29,519.0,13.28,11.01,0,146.24
4,770,1220.66,457.38,14.35,11.89,0,170.65
25,770,409.47,644.82,12.9,12.37,0,159.65
68,770,968.78,637.61,12.11,13.04,0,157.92
71,770,619.9,366.25,12.52,11.96,0,149.82
89,770,410.77,317.81,13.23,12.84,0,169.93
1,770,1074.87,680.63,12.69,10.33,0,131.11
108,770,693.29,462.07,11.81,9.34,0,110.31
42,770,210.45,524.58,12.07,11.37,0,137.17
124,770,1250.46,518.92,13.33,11.02,0,146.99
4,771,1220.68,457.1,14.45,11.96,0,172.9
25,771,408.95,645.74,12.89,12.41,0,160.01
68,771,968.72,638.32,11.95,12.85,0,153.5
71,771,620.87,367.16,12.74,12.09,0,154.03
89,771,412.15,318.47,13.11,12.68,0,166.28
1,771,1075.16,680.38,12.8,10.41,0,133.28
108,771,692.7,462.57,11.94,9.4,0,112.18
42,771,209.21,524.86,12.38,11.74,0,145.35
124,771,1249.19,518.91,12.8,10.51,0,134.55
4,772,1220.76,456.57,14.59,12.09,0,176.31
25,772,408.67,646.28,12.4,12.04,0,149.23
68,772,968.51,638.72,11.95,12.81,0,153.08
71,772,621.83,367.88,12.92,12.27,0,158.63
89,772,413.6,319.06,12.02,11.5,0,138.22
1,772,1075.82,679.92,12.76,10.42,0,132.9
108,772,692.13,462.99,12.84,10.13,0,130.1
42,772,208.25,524.86,12.69,12.0,0,152.18
124,772,1247.8,518.82,13.2,10.85,0,143.22
4,773,1220.99,456.17,14.25,11.76,0,167.53
25,773,408.41,646.82,12.67,12.42,0,157.34
68,773,968.46,639.51,11.98,12.79,0,153.18
71,773,622.7,368.35,12.86,12.23,0,157.17
89,773,414.18,319.59,12.43,11.9,0,147.89
1,773,1076.34,679.41,12.84,10.47,0,134.42
108,773,691.23,463.05,13.18,10.44,0,137.62
42,773,206.86,524.97,12.42,11.76,0,146.13
124,773,1246.63,518.81,13.11,10.76,0,141.12
4,774,1221.11,455.93,14.15,11.65,0,164.9
25,774,407.63,647.71,12.84,12.62,0,162.08
68,774,968.56,640.49,12.08,12.93,0,156.24
71,774,623.77,368.77,12.7,12.09,0,153.55
89,774,415.34,320.28,13.4,12.87,0,172.43
1,774,1076.8,678.95,12.73,10.37,0,132.01
108,774,690.61,463.38,13.08,10.38,0,135.76
42,774,205.44,525.41,11.56,10.91,0,126.11
124,774,1246.01,518.77,13.16,10.82,0,142.35
4,775,1221.1,455.38,14.37,11.78,0,169.22
25,775,406.71,648.54,12.88,12.74,0,164.18
68,775,968.7,641.36,12.07,12.9,0,155.67
71,775,624.75,369.19,12.77,12.1,0,154.57
89,775,417.14,321.3,13.27,12.74,0,169.03
1,775,1077.1,678.42,12.96,10.53,0,136.45
108,775,689.5,464.45,12.5,9.9,0,123.78
42,775,204.44,525.78,11.95,11.25,0,134.38
124,775,1245.52,518.64,13.37,10.99,0,146.91
4,776,1221.39,454.81,14.23,11.62,0,165.34
25,776,406.34,649.16,12.29,12.21,0,150.03
68,776,968.82,641.95,12.21,13.02,0,159.06
71,776,626.17,369.6,12.38,11.68,0,144.54
89,776,418.3,321.73,13.0,12.48,0,162.32
1,776,1077.43,677.83,13.1,10.62,0,139.18
108,776,689.22,465.25,12.37,9.83,0,121.58
42,776,203.09,526.07,11.3,10.58,0,119.56
124,776,1244.94,518.3,13.59,11.13,0,151.29
4,777,1222.02,454.06,14.4,11.67,0,168.11
25,777,406.12,649.65,12.29,12.27,0,150.78
68,777,968.92,642.58,12.08,12.85,0,155.26
71,777,627.37,370.2,12.28,11.5,0,141.32
89,777,419.31,322.1,12.68,12.15,0,154.07
1,777,1078.04,677.24,13.17,10.71,0,141.02
108,777,688.55,466.42,12.62,10.08,0,127.23
42,777,202.15,525.83,11.68,10.95,0,127.95
124,777,1244.37,517.88,13.2,10.72,0,141.46
4,778,1222.51,453.41,14.23,11.49,0,163.61
25,778,405.6,650.11,12.49,12.52,0,156.45
68,778,969.0,643.12,11.99,12.74,0,152.74
71,778,628.11,370.32,12.27,11.43,0,140.2
89,778,420.54,322.27,12.66,12.11,0,153.31
1,778,1078.66,676.66,13.01,10.55,0,137.32
108,778,687.53,466.63,12.77,10.26,0,131.01
42,778,200.85,526.21,12.3,11.58,0,142.5
124,778,1243.82,517.3,13.08,10.52,0,137.68
4,779,1223.31,452.9,14.33,11.55,0,165.45
25,779,405.33,651.17,12.07,12.09,0,146.0
68,779,969.14,644.15,11.77,12.48,0,146.81
71,779,628.94,370.5,12.76,11.85,0,151.1
89,779,421.92,322.27,12.7,12.17,0,154.59
1,779,1079.4,676.17,13.03,10.51,0,136.92
108,779,686.84,467.5,12.2,9.77,0,119.22
42,779,199.55,526.44,12.11,11.42,0,138.28
124,779,1243.24,517.18,13.15,10.51,0,138.24
127,779,3.0,618.48,5.42,8.85,0,47.96
4,780,1223.72,452.48,14.28,11.55,0,164.86
25,780,405.31,651.77,12.21,12.3,0,150.24
68,780,969.52,644.9,12.01,12.79,0,153.66
71,780,630.23,370.83,13.23,12.21,0,161.63
89,780,423.12,322.7,12.82,12.32,0,157.94
1,780,1080.16,675.7,13.19,10.64,0,140.31
42,780,198.39,526.08,12.57,11.92,0,149.86
124,780,1242.81,517.0,13.46,10.74,0,144.64
127,780,3.37,618.71,5.54,9.01,0,49.88
4,781,1223.87,452.0,14.17,11.47,0,162.48
25,781,405.15,652.27,11.92,12.03,0,143.31
68,781,969.92,645.4,11.86,12.59,0,149.24
71,781,631.3,371.02,13.02,12.01,0,156.35
89,781,424.15,322.98,12.61,12.13,0,152.89
1,781,1080.65,675.1,13.28,10.73,0,142.47
42,781,196.77,526.45,11.11,10.47,0,116.31
124,781,1242.1,516.47,13.13,10.45,0,137.2
127,781,3.75,618.64,5.33,8.56,0,45.58
4,782,1224.39,451.26,14.28,11.55,0,164.94
25,782,405.07,652.81,12.0,12.14,0,145.74
68,782,970.17,645.49,11.94,12.64,0,151.0
71,782,632.59,371.25,12.46,11.5,0,143.32
89,782,425.35,322.88,13.62,13.16,0,179.23
1,782,1081.38,674.35,13.22,10.72,0,141.78
42,782,195.75,526.12,11.45,10.79,0,123.54
124,782,1241.35,515.99,12.8,10.21,0,130.64
127,782,3.97,618.71,5.44,8.62,0,46.91
4,783,1225.0,450.6,14.78,11.99,0,177.11
25,783,404.92,653.49,12.23,12.43,0,152.1
68,783,970.39,645.88,12.08,12.76,0,154.19
71,783,633.85,371.54,12.38,11.4,0,141.18
89,783,426.97,323.34,13.56,13.06,0,177.06
1,783,1082.27,673.76,13.17,10.7,0,140.94
42,783,194.85,526.04,11.3,10.66,0,120.41
124,783,1240.85,515.42,12.89,10.32,0,132.99
127,783,4.44,618.25,6.21,9.65,0,59.95
108,783,684.78,469.33,13.27,10.66,0,141.47
4,784,1225.42,449.89,14.8,12.04,0,178.31
25,784,404.73,654.18,12.21,12.45,0,152.02
68,784,970.63,646.5,12.05,12.73,0,153.36
71,784,634.92,371.61,12.41,11.32,0,140.48
89,784,428.53,323.81,12.68,12.06,0,152.97
1,784,1082.92,673.22,13.0,10.59,0,137.66
42,784,193.97,525.45,12.0,11.38,0,136.53
124,784,1240.47,514.95,13.02,10.49,0,136.53
127,784,5.18,618.1,6.7,10.07,0,67.46
108,784,684.95,469.5,12.71,10.25,0,130.24
4,785,1225.96,449.4,14.79,12.03,0,177.9
25,785,404.8,655.29,11.9,12.11,0,144.15
68,785,970.93,647.13,12.1,12.74,0,154.17
71,785,636.2,372.02,12.5,11.32,0,141.54
89,785,429.59,323.9,12.67,11.98,0,151.7
1,785,1083.44,672.8,13.15,10.7,0,140.7
42,785,192.97,525.31,12.57,12.0,0,150.81
124,785,1240.12,514.67,13.17,10.61,0,139.75
127,785,5.88,618.1,7.27,10.51,0,76.37
108,785,684.44,469.71,12.28,9.93,0,121.9
4,786,1226.45,449.0,14.46,11.79,0,170.49
25,786,404.66,656.11,11.9,12.12,0,144.23
68,786,971.35,647.58,12.24,12.83,0,157.03
71,786,637.47,372.23,12.59,11.35,0,142.91
89,786,430.78,324.41,12.83,12.08,0,154.98
1,786,1084.16,672.34,13.23,10.77,0,142.4
42,786,191.77,525.68,12.37,11.83,0,146.42
124,786,1239.31,514.4,12.96,10.43,0,135.18
127,786,6.76,618.13,7.37,10.2,0,75.15
108,786,684.01,470.4,12.66,10.22,0,129.4
4,787,1227.24,448.23,14.51,11.85,0,172.01
25,787,404.41,656.53,11.69,11.93,0,139.53
68,787,971.76,648.22,12.46,12.99,0,161.87
71,787,638.45,372.49,12.66,11.38,0,144.06
89,787,432.04,324.41,13.49,12.7,0,171.31
1,787,1084.89,671.9,13.39,10.91,0,146.13
42,787,190.58,525.91,11.59,11.08,0,128.37
124,787,1238.34,514.27,12.82,10.36,0,132.78
127,787,7.3,617.99,7.61,10.08,0,76.72
108,787,683.7,471.33,12.17,9.84,0,119.85
4,788,1227.76,447.58,14.44,11.83,0,170.78
25,788,404.34,657.17,12.09,12.47,0,150.86
68,788,972.17,648.82,12.62,13.08,0,165.16
71,788,639.73,372.81,12.48,11.16,0,139.32
89,788,433.76,325.06,12.68,11.83,0,149.99
1,788,1085.5,671.4,13.46,10.96,0,147.61
42,788,189.63,525.74,11.97,11.41,0,136.62
124,788,1237.75,514.17,12.59,10.16,0,127.86
127,788,8.36,618.29,8.02,10.18,0,81.65
108,788,683.51,471.26,12.28,9.98,0,122.53
4,789,1227.9,447.2,14.44,11.79,0,170.27
25,789,404.29,658.25,12.35,12.82,0,158.28
68,789,972.61,649.58,12.58,12.96,0,163.01
89,789,435.17,325.21,12.83,11.91,0,152.85
1,789,1086.3,670.95,13.71,11.18,0,153.32
42,789,188.44,525.76,12.65,12.04,0,152.29
124,789,1237.43,513.78,12.74,10.23,0,130.33
127,789,9.48,618.52,8.3,10.08,0,83.6
108,789,683.32,471.43,11.73,9.52,0,111.7
4,790,1228.29,447.05,14.57,11.92,0,173.67
25,790,404.3,659.02,12.65,13.25,0,167.73
68,790,973.24,650.51,12.49,12.82,0,160.1
89,790,436.31,325.72,12.87,11.9,0,153.12
1,790,1086.98,670.56,13.93,11.37,0,158.37
42,790,187.42,526.27,11.56,10.91,0,126.1
124,790,1237.3,513.42,12.93,10.36,0,134.05
127,790,10.35,618.81,8.52,9.92,0,84.5
71,790,641.8,373.66,12.56,11.2,0,140.56
4,791,1228.92,446.58,14.44,11.86,0,171.28
25,791,404.31,659.9,12.35,13.04,0,161.05
68,791,973.8,651.36,12.38,12.64,0,156.45
89,791,437.48,325.98,13.28,12.29,0,163.24
1,791,1087.81,670.26,14.23,11.64,0,165.57
42,791,187.02,526.57,11.5,10.7,0,123.03
124,791,1237.06,513.31,12.75,10.2,0,130.01
127,791,10.98,619.03,8.45,9.4,0,79.45
129,791,996.47,485.17,12.86,9.62,0,123.76
71,791,643.28,374.33,12.09,10.74,0,129.86
108,791,682.4,473.48,11.29,9.14,0,103.19
4,792,1229.8,446.09,14.67,12.08,0,177.24
25,792,404.28,660.99,12.37,13.0,0,160.85
68,792,974.37,652.11,12.39,12.55,0,155.5
89,792,439.19,326.89,13.25,12.26,0,162.36
1,792,1089.12,669.74,14.22,11.72,0,166.62
42,792,185.42,526.79,11.83,11.06,0,130.85
124,792,1236.68,513.23,12.73,10.13,0,128.87
127,792,12.18,619.39,8.86,9.47,0,83.89
71,792,644.37,374.98,12.55,11.1,0,139.27
108,792,682.09,474.59,10.87,8.74,0,95.01
4,793,1230.46,445.67,14.47,11.96,0,173.07
25,793,404.28,662.27,11.75,12.26,0,143.95
68,793,974.8,652.88,12.47,12.58,0,156.9
89,793,440.61,327.28,14.05,13.07,0,183.63
1,793,1090.15,669.32,14.07,11.63,0,163.65
42,793,184.63,526.98,12.65,11.82,0,149.52
124,793,1236.32,513.27,12.44,9.82,0,122.25
127,793,12.96,619.62,9.43,9.77,0,92.05
71,793,646.07,375.72,12.77,11.32,0,144.61
108,793,681.87,475.26,10.8,8.65,0,93.51
129,793,998.33,484.37,13.2,9.9,0,130.69
4,794,1230.8,445.36,14.61,12.14,0,177.42
25,794,404.23,663.33,12.01,12.51,0,150.24
68,794,975.59,653.65,12.63,12.72,0,160.63
89,794,441.86,327.79,13.31,12.41,0,165.25
1,794,1090.88,669.33,14.17,11.79,0,167.07
42,794,182.96,527.08,12.25,11.48,0,140.63
124,794,1236.07,513.23,12.81,10.08,0,129.09
127,794,14.02,619.96,10.09,10.14,0,102.27
71,794,647.2,376.19,12.76,11.32,0,144.41
108,794,681.8,475.6,10.58,8.45,0,89.39
129,794,1000.68,483.7,13.08,9.85,0,128.84
4,795,1231.44,444.81,14.24,11.88,0,169.23
25,795,404.24,664.43,12.04,12.55,0,151.07
68,795,976.45,654.43,12.41,12.46,0,154.63
89,795,443.07,328.27,13.24,12.34,0,163.34
1,795,1091.52,669.05,14.25,11.93,0,169.99
42,795,181.5,527.33,11.92,11.14,0,132.84
124,795,1235.69,513.02,13.06,10.23,0,133.63
127,795,14.78,620.1,10.49,10.3,0,108.07
71,795,648.42,376.47,13.38,11.9,0,159.26
108,795,681.67,476.2,10.9,8.69,0,94.75
4,796,1232.03,444.38,13.6,11.35,0,154.35
25,796,404.16,665.38,11.96,12.44,0,148.67
68,796,977.19,655.3,12.45,12.41,0,154.58
89,796,444.47,328.53,14.23,13.28,0,188.96
1,796,1092.44,668.89,13.99,11.75,0,164.39
42,796,180.27,527.32,11.72,10.9,0,127.79
124,796,1235.06,512.96,12.98,10.12,0,131.38
127,796,15.86,620.53,10.83,10.43,0,112.95
71,796,649.81,376.92,12.92,11.5,0,148.5
108,796,681.13,477.22,11.23,8.94,0,100.42
4,797,1232.74,444.13,14.18,11.81,0,167.48
25,797,404.17,666.36,11.76,12.22,0,143.68
68,797,977.78,656.38,12.3,12.21,0,150.19
89,797,445.85,328.52,13.87,12.96,0,179.78
1,797,1093.32,668.82,13.75,11.56,0,158.94
42,797,179.21,527.77,12.27,11.45,0,140.5
124,797,1234.36,512.93,13.22,10.28,0,135.95
127,797,16.99,620.63,10.99,10.42,0,114.51
71,797,651.03,377.07,12.78,11.35,0,144.97
108,797,681.22,478.18,11.15,8.9,0,99.2
4,798,1233.48,444.01,14.22,11.87,0,168.7
25,798,404.21,667.93,11.61,12.09,0,140.28
68,798,978.2,657.14,12.22,12.09,0,147.71
89,798,446.99,329.08,13.32,12.44,0,165.73
1,798,1094.22,668.6,13.82,11.68,0,161.46
42,798,178.26,527.8,12.37,11.58,0,143.26
124,798,1233.88,512.83,13.33,10.36,0,138.08
127,798,17.93,620.9,10.91,10.18,0,111.11
71,798,652.12,377.64,12.85,11.32,0,145.41
108,798,681.22,478.87,11.14,8.88,0,98.9
4,799,1234.27,443.57,14.08,11.8,0,166.06
25,799,404.17,669.03,12.07,12.65,0,152.71
68,799,978.91,657.93,12.62,12.43,0,156.91
89,799,448.09,329.8,13.08,12.18,0,159.38
1,799,1095.04,668.38,13.77,11.7,0,161.07
42,799,177.32,527.62,12.51,11.84,0,148.15
124,799,1233.57,512.83,13.22,10.27,0,135.73
127,799,18.75,621.34,10.73,9.86,0,105.77
71,799,653.44,378.02,13.4,11.82,0,158.45
108,799,681.16,479.27,11.75,9.36,0,109.95
4,800,1235.11,443.04,14.13,11.88,0,167.94
25,800,404.14,669.99,11.99,12.5,0,149.89
68,800,979.66,658.89,12.78,12.51,0,159.82
89,800,449.32,329.88,13.98,13.05,0,182.51
1,800,1095.94,667.9,13.47,11.48,0,154.62
42,800,176.05,527.72,12.43,11.81,0,146.82
124,800,1233.2,512.75,13.41,10.43,0,139.93
127,800,20.0,621.83,11.2,10.14,0,113.6
71,800,654.36,378.39,13.45,11.86,0,159.51
108,800,680.95,480.44,11.64,9.21,0,107.27
4,801,1235.79,442.5,13.57,11.38,0,154.43
25,801,403.89,671.35,11.32,11.8,0,133.61
68,801,980.48,659.69,12.69,12.37,0,157.0
89,801,450.91,330.09,13.79,12.87,0,177.42
1,801,1096.71,667.48,13.45,11.51,0,154.89
42,801,175.05,528.01,12.5,11.93,0,149.09
124,801,1232.92,512.84,13.32,10.33,0,137.63
127,801,21.01,622.48,10.98,9.83,0,107.94
71,801,655.13,378.71,13.56,11.86,0,160.84
4,802,1236.22,442.25,13.91,11.72,0,163.01
25,802,404.11,672.5,11.43,11.91,0,136.1
68,802,981.13,660.49,12.59,12.18,0,153.39
89,802,452.09,330.39,13.42,12.47,0,167.39
1,802,1097.73,667.12,13.31,11.46,0,152.49
42,802,173.86,528.31,11.7,11.22,0,131.26
124,802,1232.47,512.87,13.35,10.3,0,137.54
127,802,21.6,622.69,11.38,10.1,0,114.98
71,802,656.33,379.17,13.44,11.76,0,158.08
4,803,1236.6,441.95,14.05,11.85,0,166.5
25,803,403.85,673.75,11.8,12.4,0,146.35
68,803,981.61,661.04,12.51,12.01,0,150.22
89,803,453.4,330.89,13.46,12.5,0,168.26
1,803,1098.57,666.68,13.32,11.53,0,153.63
42,803,172.74,528.55,11.13,10.65,0,118.5
124,803,1231.9,512.89,13.48,10.31,0,139.06
127,803,22.38,623.01,11.52,10.13,0,116.74
71,803,657.78,379.78,13.46,11.83,0,159.29
4,804,1236.83,441.79,14.1,11.93,0,168.22
25,804,403.73,674.97,11.96,12.56,0,150.16
68,804,982.07,661.65,12.88,12.3,0,158.44
89,804,454.6,331.3,13.0,12.0,0,155.96
1,804,1099.12,666.52,13.47,11.73,0,157.91
42,804,171.93,528.8,11.47,11.02,0,126.36
124,804,1231.27,512.94,13.08,9.96,0,130.33
127,804,23.19,623.52,11.81,10.34,0,122.11
71,804,658.96,380.11,13.04,11.35,0,148.04
108,804,680.07,483.5,14.12,11.13,0,157.06
4,805,1237.14,441.66,13.6,11.53,0,156.75
25,805,403.73,676.33,11.63,12.19,0,141.73
68,805,982.95,662.65,12.95,12.29,0,159.18
89,805,455.65,331.58,13.73,12.68,0,174.16
1,805,1099.9,666.5,13.3,11.66,0,155.16
42,805,171.03,528.96,11.81,11.42,0,134.89
124,805,1230.78,512.83,12.76,9.69,0,123.63
127,805,24.64,624.41,11.84,10.36,0,122.67
71,805,659.99,380.46,13.36,11.55,0,154.39
108,805,680.0,484.81,13.73,10.75,0,147.61
4,806,1237.52,441.6,13.38,11.36,0,151.98
25,806,403.55,677.49,11.73,12.23,0,143.44
68,806,983.61,663.54,12.62,11.89,0,150.06
89,806,456.87,331.85,13.66,12.63,0,172.51
1,806,1100.55,666.33,13.21,11.6,0,153.25
42,806,170.07,529.01,11.95,11.65,0,139.28
124,806,1230.31,512.68,12.74,9.66,0,123.15
127,806,25.63,624.99,11.89,10.36,0,123.26
71,806,661.1,381.13,13.58,11.72,0,159.2
108,806,680.12,485.84,13.45,10.53,0,141.54
4,807,1237.93,441.39,13.53,11.48,0,155.42
25,807,403.43,678.5,11.9,12.38,0,147.34
68,807,984.41,664.28,12.84,12.02,0,154.31
89,807,458.07,331.8,13.65,12.63,0,172.44
1,807,1101.24,666.08,13.13,11.59,0,152.23
42,807,169.06,529.23,12.02,11.86,0,142.54
124,807,1229.76,512.65,12.88,9.78,0,125.94
127,807,26.17,625.32,11.97,10.43,0,124.88
71,807,662.22,381.72,13.44,11.51,0,154.67
108,807,680.14,486.4,13.01,10.16,0,132.18
4,808,1238.56,440.95,13.78,11.67,0,160.79
25,808,403.34,680.01,11.97,12.35,0,147.88
68,808,985.12,665.21,12.44,11.57,0,144.0
89,808,459.2,332.06,13.34,12.34,0,164.64
1,808,1101.92,665.81,12.96,11.49,0,148.96
42,808,167.54,529.64,11.77,11.72,0,138.04
124,808,1229.49,512.53,13.24,10.04,0,132.94
127,808,27.0,625.75,11.94,10.43,0,124.55
71,808,663.21,382.09,13.59,11.6,0,157.67
108,808,680.07,486.98,12.99,10.11,0,131.32
4,809,1239.09,440.52,13.78,11.66,0,160.78
25,809,403.35,681.32,12.09,12.51,0,151.26
68,809,986.03,665.99,12.31,11.37,0,139.94
89,809,460.62,332.65,13.61,12.49,0,170.03
1,809,1102.65,665.56,12.93,11.47,0,148.37
42,809,166.56,529.8,11.87,11.97,0,142.08
124,809,1229.44,512.52,13.04,9.84,0,128.31
127,809,27.85,626.32,12.11,10.54,0,127.59
71,809,664.47,382.61,13.48,11.47,0,154.53
108,809,680.03,487.41,12.89,9.98,0,128.63
4,810,1239.95,439.99,13.77,11.7,0,161.15
25,810,403.2,682.55,11.88,12.29,0,146.01
68,810,986.68,666.67,12.32,11.28,0,139.02
89,810,462.08,332.59,13.92,12.71,0,176.95
1,810,1103.21,665.37,13.17,11.74,0,154.7
42,810,165.81,529.7,11.59,11.8,0,136.76
124,810,1229.17,512.67,12.88,9.67,0,124.53
127,810,28.4,626.72,12.13,10.56,0,128.11
71,810,665.59,383.04,13.67,11.64,0,159.06
108,810,679.92,488.77,13.28,10.17,0,135.05
4,811,1240.39,439.79,13.7,11.68,0,160.0
25,811,403.28,683.84,11.63,12.0,0,139.61
68,811,987.39,667.4,12.44,11.29,0,140.45
89,811,463.29,332.53,13.73,12.56,0,172.36
1,811,1103.94,665.18,13.08,11.7,0,153.06
42,811,165.13,529.46,11.34,11.6,0,131.58
124,811,1228.67,512.74,13.37,10.06,0,134.49
127,811,29.83,627.04,11.95,10.41,0,124.41
71,811,667.02,383.68,13.52,11.47,0,155.04
108,811,680.51,490.59,11.46,8.7,0,99.72
4,812,1240.7,439.41,13.46,11.47,0,154.38
25,812,403.38,685.11,11.94,12.33,0,147.15
68,812,988.0,668.07,12.43,11.16,0,138.73
89,812,464.37,332.66,13.76,12.64,0,173.94
1,812,1104.82,664.92,13.13,11.87,0,155.79
42,812,164.45,529.69,11.47,11.84,0,135.85
124,812,1228.21,512.71,13.41,10.07,0,135.07
127,812,30.98,627.42,11.91,10.35,0,123.29
71,812,668.31,384.21,13.47,11.4,0,153.58
108,812,680.63,491.24,11.54,8.73,0,100.71
4,813,1241.21,439.29,13.44,11.48,0,154.26
25,813,403.36,686.22,11.97,12.38,0,148.2
68,813,988.72,669.02,13.02,11.62,0,151.35
89,813,465.69,332.67,14.48,13.39,0,193.77
1,813,1105.64,664.59,12.85,11.71,0,150.49
42,813,163.75,529.61,11.08,11.57,0,128.27
124,813,1227.56,512.74,13.54,10.16,0,137.63
127,813,32.16,627.86,12.35,10.76,0,132.88
71,813,669.38,384.69,13.32,11.22,0,149.45
108,813,680.66,492.35,11.71,8.83,0,103.41
135,813,1016.88,474.18,11.17,10.17,0,113.54
4,814,1241.77,439.16,12.96,11.14,0,144.34
25,814,403.47,687.55,11.74,12.13,0,142.35
68,814,989.19,669.76,13.38,11.91,0,159.45
89,814,466.96,332.81,14.11,13.07,0,184.49
1,814,1106.38,664.34,12.6,11.61,0,146.21
42,814,162.83,529.35,10.44,10.96,0,114.46
124,814,1227.03,512.68,13.09,9.86,0,129.08
127,814,33.32,628.24,11.74,10.11,0,118.67
71,814,670.36,385.08,13.34,11.23,0,149.81
108,814,680.74,492.97,11.65,8.76,0,102.09
135,814,1017.98,473.17,11.22,10.21,0,114.54
4,815,1242.42,439.07,12.99,11.21,0,145.68
25,815,403.41,688.86,11.53,11.91,0,137.3
68,815,989.89,670.65,13.57,12.04,0,163.46
89,815,468.4,333.09,14.11,13.08,0,184.54
1,815,1107.26,664.19,12.17,11.32,0,137.78
42,815,162.46,529.21,10.58,11.18,0,118.33
124,815,1226.78,512.78,13.28,10.06,0,133.63
127,815,34.06,628.9,11.88,10.18,0,120.92
71,815,671.38,385.47,13.49,11.37,0,153.36
108,815,680.9,493.68,11.77,8.87,0,104.32
135,815,1019.47,472.6,11.24,10.2,0,114.65
4,816,1243.0,438.79,12.83,11.1,0,142.32
25,816,403.62,690.15,11.23,11.53,0,129.53
68,816,990.5,671.46,13.72,12.07,0,165.56
89,816,469.64,333.41,14.1,13.06,0,184.15
1,816,1108.15,664.06,11.97,11.2,0,134.07
42,816,161.54,529.0,10.64,11.28,0,120.08
124,816,1226.73,512.89,13.35,10.18,0,135.97
127,816,34.51,629.3,12.09,10.38,0,125.59
71,816,672.05,385.8,13.25,11.12,0,147.34
108,816,681.31,494.59,11.59,8.74,0,101.32
4,817,1243.55,438.79,13.07,11.39,0,148.87
25,817,403.79,691.44,11.5,11.74,0,134.91
68,817,991.42,672.2,13.72,11.98,0,164.4
89,817,471.0,333.41,14.22,13.24,0,188.38
1,817,1108.85,663.73,11.85,11.15,0,132.09
42,817,160.87,529.09,10.7,11.39,0,121.91
124,817,1226.54,512.92,13.12,10.06,0,132.01
127,817,35.32,629.9,11.97,10.24,0,122.5
71,817,673.77,386.32,13.36,11.22,0,149.89
108,817,681.68,495.3,11.66,8.79,0,102.51
4,818,1244.33,438.3,12.99,11.32,0,147.16
25,818,404.0,693.03,11.74,11.91,0,139.9
68,818,992.17,672.79,13.94,12.13,0,169.14
89,818,472.16,333.27,14.5,13.53,0,196.24
1,818,1109.5,663.62,11.92,11.27,0,134.38
42,818,160.4,529.0,10.81,11.53,0,124.69
124,818,1226.12,512.96,12.66,9.73,0,123.28
127,818,36.45,630.39,12.18,10.39,0,126.54
71,818,674.96,386.69,13.66,11.46,0,156.49
108,818,682.34,496.7,11.53,8.68,0,100.15
4,819,1245.06,438.13,13.15,11.47,0,150.83
25,819,404.21,694.26,11.61,11.71,0,135.98
68,819,993.28,673.51,13.85,12.01,0,166.23
89,819,473.59,333.3,14.64,13.74,0,201.03
1,819,1110.29,663.43,12.01,11.44,0,137.42
42,819,160.11,528.72,10.92,11.67,0,127.49
124,819,1225.97,513.01,12.89,9.93,0,127.92
127,819,37.03,630.78,12.65,10.82,0,136.92
71,819,676.43,387.05,13.33,11.12,0,148.25
108,819,682.52,497.39,10.88,8.14,0,88.62
4,820,1245.98,437.96,13.18,11.53,0,152.02
25,820,404.39,695.06,11.83,11.92,0,140.97
68,820,994.54,674.28,13.72,11.83,0,162.36
89,820,474.76,333.11,14.72,13.92,0,204.93
1,820,1111.25,663.16,11.92,11.38,0,135.66
42,820,159.45,528.81,11.07,11.77,0,130.22
124,820,1225.97,512.93,12.83,9.92,0,127.26
127,820,37.52,631.05,11.99,10.2,0,122.32
71,820,677.71,387.46,13.44,11.19,0,150.46
108,820,683.14,498.28,11.25,8.41,0,94.62
4,821,1246.87,437.59,13.51,11.92,0,161.04
25,821,404.64,696.24,11.65,11.64,0,135.55
68,821,995.72,675.29,13.33,11.38,0,151.61
89,821,475.98,333.3,14.17,13.4,0,189.82
1,821,1112.06,662.79,11.94,11.43,0,136.48
42,821,158.39,528.91,10.77,11.36,0,122.29
124,821,1225.94,513.02,12.98,10.1,0,131.09
127,821,38.06,631.48,11.82,9.98,0,117.98
71,821,679.18,388.02,13.37,11.13,0,148.73
108,821,684.0,499.49,11.41,8.51,0,97.01
4,822,1247.49,437.18,13.4,11.85,0,158.74
25,822,404.86,697.71,11.67,11.59,0,135.3
68,822,996.66,676.39,13.11,11.09,0,145.46
89,822,477.28,333.61,14.29,13.47,0,192.59
1,822,1112.71,662.62,11.84,11.3,0,133.75
42,822,157.83,529.3,11.45,12.0,0,137.46
124,822,1225.88,513.04,12.87,10.08,0,129.69
127,822,38.57,632.19,12.33,10.43,0,128.62
71,822,680.54,388.38,13.59,11.31,0,153.66
108,822,684.24,500.59,12.15,9.09,0,110.49
4,823,1248.4,437.44,13.41,11.88,0,159.28
25,823,405.18,699.75,11.27,11.11,0,125.19
68,823,997.75,677.19,13.36,11.24,0,150.14
89,823,478.67,333.99,14.45,13.59,0,196.42
1,823,1113.61,662.62,11.83,11.26,0,133.23
42,823,157.1,529.32,11.16,11.61,0,129.5
124,823,1225.74,513.0,12.6,9.92,0,124.99
127,823,39.57,632.92,12.84,10.9,0,139.93
71,823,681.74,388.74,13.52,11.28,0,152.48
108,823,684.39,500.97,12.39,9.29,0,115.03
135,823,1029.01,468.75,11.3,10.17,0,114.91
4,824,1249.32,437.58,13.45,11.97,0,160.96
25,824,405.5,700.81,11.67,11.43,0,133.34
68,824,998.91,677.89,14.1,11.83,0,166.85
89,824,480.12,333.81,14.77,13.91,0,205.42
1,824,1114.59,662.71,11.82,11.22,0,132.63
42,824,156.54,529.45,11.43,11.79,0,134.74
124,824,1225.74,513.47,12.71,10.05,0,127.8
127,824,41.15,633.56,12.58,10.7,0,134.62
71,824,682.94,389.34,13.32,11.16,0,148.67
108,824,685.1,502.18,12.15,9.14,0,111.09
135,824,1029.97,468.21,10.99,9.84,0,108.13
4,825,1250.12,437.63,13.13,11.7,0,153.59
25,825,405.7,702.14,12.15,11.91,0,144.7
68,825,1000.5,678.87,13.91,11.6,0,161.45
89,825,481.4,334.32,15.17,14.42,0,218.8
1,825,1115.68,662.96,11.99,11.33,0,135.81
42,825,155.32,529.76,11.4,11.75,0,133.91
124,825,1225.64,514.07,12.91,10.28,0,132.68
127,825,42.59,634.52,12.78,10.95,0,139.94
71,825,684.87,389.91,12.82,10.73,0,137.54
108,825,685.75,503.18,12.22,9.23,0,112.85
135,825,1031.58,467.87,11.77,10.53,0,123.93
4,826,1250.89,437.73,13.25,11.86,0,157.09
25,826,406.55,703.85,11.93,11.73,0,140.02
68,826,1001.92,679.9,13.82,11.47,0,158.56
89,826,482.93,334.69,15.11,14.45,0,218.36
1,826,1116.71,663.03,11.88,11.12,0,132.1
42,826,155.09,529.97,11.27,11.51,0,129.8
124,826,1225.63,514.38,12.5,9.98,0,124.7
127,826,43.74,635.15,13.15,11.36,0,149.37
71,826,686.27,390.63,13.26,11.11,0,147.32
108,826,686.29,504.4,12.12,9.15,0,110.89
135,826,1032.92,467.7,12.17,10.99,0,133.66
4,827,1251.72,437.67,13.06,11.63,0,151.93
25,827,407.4,705.56,11.84,11.57,0,136.93
68,827,1002.65,680.74,13.9,11.51,0,160.03
89,827,484.47,335.07,15.24,14.66,0,223.41
1,827,1117.42,662.98,11.88,11.04,0,131.14
42,827,154.24,530.42,10.92,11.1,0,121.17
124,827,1225.56,514.64,12.36,9.89,0,122.17
127,827,44.46,635.6,12.39,10.73,0,132.92
71,827,687.9,391.42,13.23,11.14,0,147.39
108,827,687.99,505.21,11.12,8.41,0,93.48
135,827,1034.27,467.65,11.57,10.51,0,121.64
4,828,1252.43,437.65,13.02,11.55,0,150.35
25,828,407.99,707.4,11.68,11.28,0,131.75
68,828,1003.69,681.64,14.11,11.63,0,164.06
89,828,485.83,335.2,14.54,14.0,0,203.58
1,828,1118.23,662.86,11.95,11.02,0,131.7
42,828,153.69,530.93,11.6,11.82,0,137.1
124,828,1225.53,514.82,12.25,9.8,0,120.08
127,828,45.55,635.97,13.45,11.73,0,157.69
71,828,688.92,391.96,13.7,11.61,0,158.95
108,828,689.08,505.82,11.58,8.82,0,102.16
135,828,1035.24,467.3,11.49,10.49,0,120.6
4,829,1253.3,437.57,13.2,11.68,0,154.18
25,829,408.57,708.61,11.64,11.16,0,129.9
68,829,1004.73,682.35,14.33,11.78,0,168.84
89,829,487.45,335.22,14.34,13.85,0,198.6
1,829,1119.53,662.71,12.24,11.16,0,136.65
42,829,153.19,531.16,11.86,12.06,0,143.02
124,829,1225.56,515.01,12.38,9.92,0,122.89
127,829,46.95,636.88,13.67,12.05,0,164.68
71,829,690.76,392.54,13.47,11.41,0,153.73
108,829,689.62,506.25,11.92,9.16,0,109.18
135,829,1036.68,466.45,11.52,10.61,0,122.2
4,830,1254.63,437.36,13.39,11.74,0,157.22
25,830,409.48,709.41,11.32,10.79,0,122.13
68,830,1006.03,683.08,14.19,11.63,0,165.13
89,830,489.32,335.44,14.85,14.44,0,214.36
1,830,1120.86,662.62,12.57,11.41,0,143.51
42,830,152.64,531.48,12.47,12.71,0,158.45
124,830,1225.62,515.21,12.39,9.93,0,123.06
127,830,48.67,637.62,13.07,11.63,0,151.95
71,830,692.4,392.83,13.96,11.83,0,165.19
108,830,691.13,507.77,12.72,9.81,0,124.83
135,830,1038.28,466.6,11.42,10.5,0,119.97
4,831,1255.4,437.35,13.74,11.98,0,164.68
25,831,410.39,710.53,11.49,10.91,0,125.34
68,831,1007.37,683.35,14.56,11.9,0,173.2
89,831,491.14,335.58,14.7,14.33,0,210.64
1,831,1121.92,662.51,12.82,11.57,0,148.36
42,831,152.24,531.57,12.3,12.56,0,154.45
124,831,1225.67,515.35,12.6,10.13,0,127.61
127,831,49.74,638.13,13.0,11.7,0,152.02
71,831,693.79,393.16,13.74,11.66,0,160.18
108,831,692.06,508.04,13.25,10.25,0,135.91
135,831,1040.27,466.01,11.7,10.85,0,127.01
4,832,1256.17,437.0,13.88,12.01,0,166.7
25,832,411.12,711.62,11.42,10.78,0,123.11
68,832,1008.26,683.85,14.96,12.19,0,182.37
89,832,492.49,335.66,14.64,14.26,0,208.86
1,832,1122.71,662.52,12.91,11.61,0,149.84
42,832,151.68,531.82,12.04,12.24,0,147.34
124,832,1225.27,515.46,12.38,9.91,0,122.59
127,832,50.95,638.32,12.61,11.4,0,143.81
71,832,694.78,393.59,13.66,11.61,0,158.59
108,832,692.58,508.77,13.11,10.15,0,133.0
4,833,1257.15,436.8,13.89,12.01,0,166.73
25,833,411.86,713.27,11.95,11.29,0,134.94
68,833,1009.26,684.42,15.07,12.27,0,184.92
89,833,494.21,335.8,14.58,14.19,0,206.89
1,833,1123.67,662.17,12.66,11.31,0,143.08
42,833,150.75,531.82,11.79,11.94,0,140.72
124,833,1224.75,515.66,12.51,10.01,0,125.15
127,833,51.99,638.8,12.9,11.7,0,150.98
71,833,696.28,394.12,12.97,11.02,0,142.95
108,833,693.41,509.7,12.21,9.45,0,115.45
135,833,1042.37,464.96,11.43,10.64,0,121.67
4,834,1258.13,436.83,14.01,12.16,0,170.37
25,834,412.56,714.0,12.12,11.38,0,137.96
68,834,1010.32,684.95,15.07,12.27,0,184.89
89,834,495.63,335.44,15.17,14.83,0,224.93
1,834,1124.75,661.83,12.86,11.42,0,146.88
42,834,150.17,531.78,11.2,11.32,0,126.82
124,834,1224.65,515.54,12.59,10.05,0,126.54
127,834,53.7,639.23,13.41,12.22,0,163.9
71,834,698.14,394.68,13.0,11.04,0,143.49
108,834,694.08,510.26,12.42,9.63,0,119.58
135,834,1043.28,464.43,11.82,11.02,0,130.28
4,835,1258.95,436.65,14.25,12.31,0,175.33
25,835,413.15,714.62,11.7,10.76,0,125.97
68,835,1011.66,685.84,15.13,12.3,0,186.17
89,835,497.42,335.49,15.28,15.0,0,229.28
1,835,1125.58,661.63,12.93,11.42,0,147.64
42,835,149.86,531.86,11.11,11.22,0,124.67
124,835,1224.49,515.43,12.51,9.97,0,124.75
127,835,55.03,640.09,12.64,11.36,0,143.63
71,835,699.91,394.93,13.4,11.39,0,152.65
108,835,695.51,510.76,12.23,9.48,0,115.88
135,835,1044.6,463.8,12.18,11.5,0,139.99
4,836,1259.78,436.46,14.31,12.31,0,176.08
25,836,413.76,715.07,11.08,9.85,0,109.18
68,836,1012.82,686.34,15.14,12.31,0,186.45
89,836,499.31,335.37,15.09,14.85,0,224.03
1,836,1126.46,661.44,12.95,11.47,0,148.49
42,836,149.37,531.82,11.05,11.12,0,122.89
124,836,1224.38,515.44,12.59,10.02,0,126.18
127,836,56.58,640.42,12.35,11.07,0,136.75
71,836,701.59,395.16,13.14,11.2,0,147.09
108,836,696.37,511.01,12.23,9.48,0,115.94
135,836,1045.45,463.51,12.01,11.39,0,136.89
4,837,1260.63,436.22,14.74,12.7,0,187.14
25,837,414.36,715.39,10.61,9.21,0,97.72
68,837,1013.83,686.67,14.86,12.05,0,179.08
89,837,500.97,335.44,15.31,15.11,0,231.33
1,837,1127.7,661.2,13.25,11.75,0,155.74
42,837,149.02,532.04,10.95,11.0,0,120.42
124,837,1224.43,515.51,12.78,10.18,0,130.19
127,837,57.8,640.64,12.03,10.76,0,129.5
71,837,702.97,395.35,12.67,10.75,0,136.11
108,837,697.58,511.44,12.6,9.76,0,123.01
135,837,1045.27,463.71,13.56,12.88,0,174.68
4,838,1261.64,436.07,14.71,12.66,0,186.23
25,838,414.77,715.87,9.69,8.26,0,80.04
68,838,1015.05,687.21,14.9,12.04,0,179.41
89,838,502.51,335.19,14.93,14.76,0,220.42
1,838,1128.93,660.82,13.28,11.75,0,156.09
42,838,148.32,531.91,11.62,11.59,0,134.77
124,838,1224.32,515.6,12.66,10.07,0,127.54
127,838,58.91,640.98,12.7,11.35,0,144.16
71,838,704.78,395.62,12.61,10.72,0,135.23
108,838,698.33,512.15,12.93,9.98,0,129.06
135,838,1047.9,462.55,12.56,11.96,0,150.19
4,839,1262.7,435.84,14.51,12.5,0,181.35
25,839,415.01,716.26,8.94,7.48,0,66.84
68,839,1016.24,687.95,14.98,12.06,0,180.67
89,839,503.99,335.05,14.89,14.74,0,219.45
1,839,1130.19,660.83,13.41,11.85,0,158.8
42,839,148.35,532.29,11.99,11.87,0,142.26
124,839,1224.14,515.81,12.86,10.21,0,131.28
127,839,59.99,641.25,13.09,11.68,0,152.89
71,839,706.41,395.96,12.82,10.9,0,139.72
108,839,699.65,512.96,11.95,9.14,0,109.24
135,839,1049.13,461.98,12.89,12.25,0,157.86
4,840,1263.8,435.64,14.06,12.04,0,169.29
25,840,415.12,716.75,7.94,6.5,0,51.64
68,840,1018.03,688.73,14.81,11.97,0,177.28
89,840,505.78,334.8,14.84,14.74,0,218.77
1,840,1131.43,660.81,13.19,11.59,0,152.85
42,840,147.68,532.55,12.23,12.06,0,147.45
124,840,1224.25,515.99,13.13,10.42,0,136.8
127,840,61.29,642.03,13.05,11.63,0,151.76
71,840,707.71,396.28,13.44,11.36,0,152.67
108,840,700.93,513.72,11.51,8.78,0,101.08
4,841,1265.19,435.5,13.92,11.96,0,166.4
25,841,416.27,716.78,7.92,6.44,0,51.06
68,841,1019.5,689.51,14.88,12.08,0,179.87
89,841,507.67,334.98,14.47,14.36,0,207.7
1,841,1132.79,660.88,13.26,11.62,0,154.16
42,841,146.85,532.68,12.28,12.12,0,148.85
124,841,1224.42,515.99,13.26,10.57,0,140.11
127,841,62.48,642.64,13.16,11.7,0,153.91
71,841,709.12,396.55,13.63,11.5,0,156.84
108,841,701.63,514.38,11.46,8.74,0,100.13
135,841,1051.56,460.74,12.64,12.0,0,151.67
4,842,1266.41,435.5,14.17,12.18,0,172.67
68,842,1020.73,690.28,15.43,12.63,0,194.81
89,842,509.22,335.18,14.47,14.32,0,207.26
1,842,1133.93,661.11,13.51,11.85,0,160.12
42,842,146.13,533.11,12.21,12.06,0,147.31
124,842,1224.38,516.25,12.99,10.38,0,134.85
127,842,64.0,643.49,12.52,11.13,0,139.29
71,842,710.4,396.99,13.67,11.49,0,157.08
108,842,702.95,515.24,12.35,9.46,0,116.84
4,843,1267.7,435.54,13.87,11.93,0,165.54
68,843,1021.95,691.22,15.13,12.45,0,188.28
89,843,510.42,335.27,14.57,14.41,0,209.95
1,843,1135.44,661.26,13.61,11.95,0,162.66
42,843,145.07,533.29,12.7,12.61,0,160.15
124,843,1224.17,516.75,12.81,10.21,0,130.85
127,843,64.92,644.51,12.56,11.2,0,140.75
71,843,712.15,397.0,13.18,11.06,0,145.78
108,843,703.88,516.22,12.85,9.88,0,126.94
135,843,1054.14,460.91,13.0,12.38,0,160.92
4,844,1269.02,435.13,14.27,12.34,0,176.1
68,844,1023.3,692.2,15.38,12.74,0,195.92
89,844,511.9,335.18,15.13,14.98,0,226.62
1,844,1136.79,661.16,13.83,12.16,0,168.22
42,844,144.1,533.59,12.48,12.38,0,154.51
124,844,1224.37,516.92,13.4,10.75,0,144.0
127,844,65.71,644.95,12.5,11.15,0,139.44
71,844,713.99,397.3,13.17,10.99,0,144.78
108,844,705.44,517.48,12.43,9.56,0,118.91
138,844,821.87,320.46,12.88,11.95,0,153.9
4,845,1270.3,435.18,13.71,11.81,0,161.85
68,845,1025.0,693.1,14.93,12.36,0,184.48
89,845,513.79,335.52,15.14,14.99,0,227.02
1,845,1138.19,661.18,13.65,12.02,0,164.07
42,845,142.8,533.91,11.9,11.8,0,140.46
124,845,1224.61,517.02,13.2,10.6,0,139.93
127,845,66.75,645.54,12.54,11.16,0,140.01
71,845,715.78,397.83,13.08,10.85,0,141.95
108,845,706.62,518.41,12.13,9.3,0,112.82
135,845,1057.96,459.24,11.86,11.36,0,134.74
4,846,1271.75,434.84,13.76,11.86,0,163.13
68,846,1026.62,693.91,15.04,12.44,0,187.22
89,846,515.48,335.2,14.82,14.67,0,217.37
1,846,1139.15,661.35,13.72,12.1,0,166.12
42,846,141.41,534.46,11.44,11.26,0,128.82
124,846,1224.73,517.18,13.1,10.53,0,137.85
127,846,67.18,646.09,13.32,11.92,0,158.73
71,846,717.07,398.76,13.21,10.94,0,144.49
108,846,707.92,519.08,11.76,8.98,0,105.58
135,846,1060.07,459.03,12.07,11.54,0,139.29
4,847,1272.86,434.89,13.46,11.64,0,156.66
68,847,1027.68,694.72,15.3,12.67,0,193.83
89,847,516.77,334.85,14.8,14.64,0,216.72
1,847,1140.45,661.53,13.6,11.97,0,162.82
42,847,140.08,534.99,11.15,10.91,0,121.65
124,847,1224.72,517.4,13.19,10.59,0,139.68
127,847,67.89,646.83,12.62,11.25,0,141.96
71,847,718.37,399.22,13.26,10.96,0,145.31
108,847,708.72,519.29,11.5,8.71,0,100.16
135,847,1060.5,458.76,12.42,11.82,0,146.81
4,848,1273.37,435.14,13.26,11.84,0,157.05
68,848,1028.41,695.67,15.27,12.67,0,193.52
89,848,517.7,334.86,15.09,14.94,0,225.35
1,848,1141.47,661.78,13.51,11.85,0,160.06
42,848,139.09,535.3,11.09,10.78,0,119.65
124,848,1224.55,517.84,13.45,10.84,0,145.77
127,848,68.33,647.22,12.7,11.34,0,144.03
71,848,719.69,399.61,13.64,11.27,0,153.81
108,848,709.51,519.71,11.66,8.79,0,102.52
135,848,1060.88,458.37,12.5,11.85,0,148.06
4,849,1273.64,435.44,12.71,11.84,0,150.49
68,849,1029.35,697.06,15.4,12.84,0,197.79
89,849,518.59,334.78,15.16,14.99,0,227.26
1,849,1142.35,662.2,13.7,12.02,0,164.69
42,849,137.57,536.03,12.13,11.81,0,143.23
124,849,1224.2,518.27,13.51,10.88,0,146.94
127,849,68.59,648.07,13.1,11.78,0,154.27
71,849,720.79,400.02,13.89,11.44,0,158.96
108,849,710.12,520.47,12.19,9.13,0,111.29
135,849,1061.68,458.58,12.86,12.09,0,155.52
4,850,1273.89,435.69,12.22,11.99,0,146.57
68,850,1030.35,698.65,15.17,12.68,0,192.36
89,850,519.78,334.68,15.5,15.33,0,237.69
1,850,1143.26,662.59,13.34,11.67,0,155.67
42,850,135.54,537.02,12.01,11.69,0,140.37
124,850,1223.92,518.67,13.51,10.8,0,145.89
127,850,69.5,649.09,13.34,12.07,0,161.11
71,850,721.63,400.49,13.67,11.21,0,153.26
108,850,710.6,521.23,12.45,9.25,0,115.22
135,850,1063.65,458.45,12.64,11.87,0,150.0
4,851,1274.21,436.52,11.58,11.68,0,135.23
68,851,1031.24,699.96,15.43,12.89,0,198.9
89,851,520.93,334.67,15.65,15.51,0,242.72
1,851,1144.3,662.83,13.68,11.99,0,164.1
42,851,134.26,537.66,11.98,11.62,0,139.25
124,851,1223.81,519.42,13.78,11.01,0,151.7
127,851,69.84,649.83,13.49,12.29,0,165.82
71,851,722.97,401.15,13.42,10.98,0,147.36
108,851,711.66,522.06,12.21,9.01,0,110.01
135,851,1064.73,457.98,13.08,12.27,0,160.45
143,851,22.07,46.21,10.82,8.62,0,93.29
4,852,1274.72,436.77,10.57,11.23,0,118.67
68,852,1032.24,700.82,15.25,12.81,0,195.37
89,852,522.13,334.71,15.09,14.97,0,225.99
1,852,1145.36,663.2,14.03,12.31,0,172.71
42,852,132.96,538.72,11.39,11.04,0,125.77
124,852,1223.75,520.12,13.91,11.12,0,154.71
127,852,70.42,650.96,13.41,12.3,0,164.99
71,852,724.4,401.84,13.79,11.27,0,155.45
108,852,712.9,522.96,11.99,8.83,0,105.94
135,852,1066.18,457.65,12.48,11.76,0,146.88
4,853,1275.0,436.71,9.99,11.34,0,113.27
68,853,1033.36,701.85,14.94,12.66,0,189.18
89,853,523.35,335.08,15.15,15.05,0,227.96
1,853,1146.5,663.52,13.53,11.86,0,160.43
42,853,131.89,539.09,12.0,11.57,0,138.83
124,853,1223.41,520.8,14.02,11.26,0,157.94
127,853,71.12,651.6,13.35,12.32,0,164.42
71,853,725.88,402.36,13.17,10.76,0,141.68
108,853,714.01,523.78,11.62,8.54,0,99.23
135,853,1067.07,457.55,12.68,12.0,0,152.06
143,853,21.8,46.26,11.81,9.4,0,111.02
4,854,1275.47,436.93,9.06,10.91,0,98.78
68,854,1034.44,702.87,14.89,12.69,0,188.95
89,854,524.8,335.43,14.97,14.89,0,222.83
1,854,1147.58,663.7,13.49,11.78,0,158.87
42,854,131.03,539.23,12.33,11.89,0,146.68
124,854,1223.09,521.23,14.15,11.37,0,160.99
127,854,72.17,652.44,12.46,11.55,0,143.94
71,854,727.0,402.77,13.7,11.15,0,152.83
108,854,715.38,524.36,11.75,8.6,0,101.11
135,854,1067.71,457.43,12.38,11.73,0,145.17
144,854,813.61,315.42,10.84,10.95,0,118.66
143,854,21.02,46.85,12.63,10.06,0,127.05
4,855,1275.74,436.72,8.51,10.84,0,92.24
68,855,1035.41,704.1,15.21,12.99,0,197.68
89,855,526.18,335.32,15.4,15.29,0,235.5
1,855,1148.58,663.84,13.23,11.54,0,152.71
42,855,130.2,539.56,12.2,11.77,0,143.57
124,855,1223.0,521.73,14.35,11.53,0,165.49
127,855,73.21,652.92,12.47,11.62,0,144.88
71,855,728.29,403.34,13.56,10.97,0,148.8
108,855,716.16,524.85,12.34,9.01,0,111.2
135,855,1069.41,457.24,12.17,11.54,0,140.53
143,855,20.25,46.76,12.43,9.86,0,122.6
4,856,1276.05,436.48,7.9,10.76,0,85.0
68,856,1036.69,705.3,14.81,12.66,0,187.43
89,856,527.86,335.07,15.35,15.3,0,234.74
1,856,1149.59,664.0,13.62,11.88,0,161.75
42,856,129.3,539.87,12.44,12.06,0,149.96
124,856,1222.93,522.1,14.26,11.43,0,162.88
127,856,74.29,653.84,11.92,11.12,0,132.47
71,856,729.92,403.72,13.63,11.01,0,150.04
108,856,717.62,525.23,11.98,8.72,0,104.43
135,856,1069.9,457.03,12.38,11.69,0,144.74
143,856,20.29,47.06,12.93,10.26,0,132.71
68,857,1037.48,706.16,14.46,12.37,0,178.8
89,857,529.27,334.86,15.26,15.28,0,233.07
1,857,1150.56,664.07,13.67,11.92,0,162.95
42,857,127.92,540.26,12.39,12.08,0,149.63
124,857,1222.67,522.61,14.19,11.36,0,161.24
127,857,75.25,654.36,11.65,10.95,0,127.51
71,857,731.67,403.93,13.37,10.71,0,143.17
108,857,718.92,525.76,12.17,8.8,0,107.13
135,857,1070.42,456.67,13.11,12.3,0,161.16
144,857,810.94,314.57,11.03,11.11,0,122.56
68,858,1038.51,706.98,14.23,12.19,0,173.48
89,858,530.77,334.69,15.37,15.41,0,236.9
1,858,1151.4,664.0,13.57,11.78,0,159.89
42,858,127.45,540.49,12.47,12.14,0,151.45
124,858,1222.14,523.07,14.14,11.34,0,160.33
127,858,76.26,655.09,11.97,11.23,0,134.41
71,858,733.21,404.19,13.59,10.87,0,147.68
108,858,720.52,526.28,12.13,8.75,0,106.22
135,858,1072.49,456.12,12.76,11.97,0,152.81
68,859,1039.57,708.15,14.15,12.18,0,172.44
89,859,532.43,334.55,14.98,14.97,0,224.29
1,859,1152.41,663.85,13.5,11.66,0,157.49
124,859,1221.67,523.78,14.14,11.34,0,160.32
127,859,77.66,655.81,12.48,11.71,0,146.08
71,859,734.43,404.38,13.96,11.17,0,155.96
108,859,722.05,526.77,12.5,9.06,0,113.19
68,860,1040.32,708.66,14.2,12.25,0,174.0
89,860,533.76,334.68,14.98,14.96,0,224.13
1,860,1153.3,663.7,13.74,11.87,0,163.09
124,860,1221.3,524.31,14.02,11.26,0,157.92
127,860,78.78,656.25,12.02,11.3,0,135.85
71,860,735.55,404.46,14.05,11.24,0,157.9
108,860,723.08,526.98,12.65,9.2,0,116.36
42,860,125.96,541.31,12.17,11.83,0,143.97
135,860,1075.95,454.95,11.09,10.45,0,115.96
68,861,1041.39,709.33,13.89,11.96,0,166.07
89,861,535.11,334.53,15.03,15.03,0,225.93
1,861,1154.19,663.66,13.84,11.93,0,165.17
124,861,1221.01,524.79,14.49,11.69,0,169.36
127,861,80.09,656.53,12.46,11.79,0,146.9
71,861,737.07,404.6,14.2,11.45,0,162.62
108,861,724.42,527.27,12.07,8.82,0,106.45
42,861,124.93,541.89,12.14,11.8,0,143.24
135,861,1076.92,454.29,11.39,10.84,0,123.4
68,862,1042.32,710.17,14.03,12.1,0,169.7
89,862,536.62,334.32,14.88,14.88,0,221.34
1,862,1155.1,663.91,13.4,11.5,0,154.15
124,862,1220.52,525.48,14.6,11.81,0,172.49
127,862,81.1,657.13,11.58,10.9,0,126.15
71,862,738.54,404.78,13.94,11.26,0,156.99
108,862,725.33,527.6,11.93,8.72,0,104.01
42,862,123.9,542.2,11.52,11.14,0,128.3
135,862,1077.46,453.92,10.97,10.36,0,113.59
68,863,1043.23,711.01,13.94,12.03,0,167.63
89,863,538.25,334.44,15.0,15.01,0,225.22
1,863,1155.99,663.98,13.15,11.17,0,146.95
124,863,1219.83,525.96,14.16,11.49,0,162.75
127,863,82.26,657.77,12.29,11.59,0,142.49
71,863,740.16,405.08,13.53,10.88,0,147.22
108,863,726.93,528.1,12.8,9.39,0,120.11
42,863,123.23,542.48,11.74,11.35,0,133.33
135,863,1078.09,453.92,10.97,10.31,0,113.07
143,863,18.54,50.92,14.8,11.76,0,174.08
68,864,1044.46,711.74,13.61,11.75,0,159.88
89,864,539.92,334.31,14.73,14.63,0,215.6
1,864,1156.95,664.18,12.94,10.92,0,141.26
124,864,1219.35,526.54,13.93,11.32,0,157.72
127,864,83.42,658.34,12.26,11.57,0,141.86
71,864,741.57,405.35,13.59,10.93,0,148.43
108,864,727.58,528.75,12.72,9.31,0,118.44
42,864,122.6,542.94,11.03,10.57,0,116.58
135,864,1079.06,453.73,11.3,10.68,0,120.71
68,865,1045.51,712.99,13.42,11.57,0,155.2
89,865,541.21,334.04,14.75,14.65,0,216.09
1,865,1157.86,664.28,12.98,10.92,0,141.75
124,865,1218.92,527.1,13.79,11.21,0,154.58
127,865,84.19,659.03,12.82,12.16,0,155.92
71,865,742.6,405.72,14.16,11.43,0,161.95
108,865,728.35,529.18,12.46,9.15,0,114.03
42,865,121.1,543.76,13.09,12.7,0,166.24
135,865,1080.06,453.57,11.56,10.87,0,125.63
144,865,805.38,312.65,10.83,10.9,0,117.99
68,866,1046.49,714.04,12.74,10.95,0,139.48
89,866,542.38,334.35,15.03,14.91,0,224.15
1,866,1158.98,664.68,13.04,10.91,0,142.28
124,866,1218.58,527.58,13.3,10.84,0,144.26
127,866,84.77,660.3,12.36,11.71,0,144.71
71,866,744.06,406.01,14.25,11.52,0,164.18
108,866,729.56,529.98,12.47,9.2,0,114.77
42,866,119.6,544.57,13.26,12.98,0,172.1
135,866,1081.76,452.9,11.86,11.13,0,132.06
144,866,804.36,311.65,9.98,9.97,0,99.49
143,866,16.21,52.37,12.83,10.17,0,130.56
68,867,1047.19,714.45,12.18,10.38,0,126.44
89,867,543.41,334.19,14.65,14.35,0,210.11
1,867,1159.9,665.27,13.21,10.99,0,145.19
124,867,1218.22,528.49,13.3,10.87,0,144.54
127,867,85.55,661.23,12.86,12.18,0,156.6
71,867,745.63,406.24,14.16,11.46,0,162.19
108,867,730.75,530.73,12.84,9.52,0,122.21
42,867,118.59,545.3,13.06,12.8,0,167.27
135,867,1082.84,452.89,12.3,11.58,0,142.41
144,867,804.02,311.21,10.68,10.61,0,113.33
68,868,1047.73,715.05,11.7,9.78,0,114.38
89,868,544.76,334.15,15.07,14.76,0,222.43
1,868,1160.98,665.75,14.38,11.98,0,172.21
124,868,1218.18,529.37,14.17,11.6,0,164.42
127,868,86.21,662.17,11.82,11.19,0,132.19
71,868,746.99,407.01,13.99,11.35,0,158.8
108,868,731.92,531.61,12.82,9.5,0,121.88
42,868,117.17,546.3,12.23,11.97,0,146.46
135,868,1083.6,453.07,12.88,12.12,0,156.15
144,868,803.08,311.71,11.35,11.21,0,127.19
143,868,14.3,52.95,11.95,9.47,0,113.12
68,869,1048.1,715.68,10.51,8.63,0,90.73
89,869,546.12,334.11,15.28,15.01,0,229.26
1,869,1162.05,666.12,14.36,11.97,0,171.88
124,869,1217.93,530.28,14.13,11.63,0,164.37
127,869,87.05,663.27,10.98,10.33,0,113.4
71,869,748.19,407.62,14.04,11.42,0,160.37
108,869,732.72,532.27,12.54,9.34,0,117.17
42,869,115.96,547.08,12.3,11.97,0,147.22
135,869,1085.1,452.96,12.18,11.37,0,138.57
68,870,1048.86,716.24,9.39,7.51,0,70.52
89,870,547.36,334.18,14.92,14.66,0,218.74
1,870,1163.05,666.7,14.29,11.94,0,170.69
124,870,1217.59,531.33,14.43,11.98,0,172.95
127,870,88.23,664.31,11.49,10.81,0,124.27
71,870,749.28,407.99,14.34,11.7,0,167.69
108,870,733.52,533.02,12.74,9.54,0,121.6
42,870,114.46,547.81,12.47,12.12,0,151.14
135,870,1086.14,453.15,12.9,12.07,0,155.71
143,870,12.31,54.06,12.85,10.17,0,130.66
68,871,1049.48,716.41,9.12,7.19,0,65.54
89,871,548.38,334.08,14.93,14.68,0,219.09
1,871,1164.01,667.17,14.22,11.86,0,168.71
124,871,1217.25,532.08,14.14,11.82,0,167.22
127,871,88.81,665.17,11.75,11.14,0,130.93
71,871,750.36,408.65,14.84,12.19,0,180.94
108,871,734.18,533.44,13.31,9.97,0,132.74
42,871,112.58,548.79,12.78,12.52,0,159.92
135,871,1086.96,453.05,13.17,12.34,0,162.49
89,872,549.38,334.34,14.49,14.16,0,205.17
1,872,1164.95,667.46,14.1,11.69,0,164.78
124,872,1216.73,532.83,13.86,11.62,0,161.0
127,872,89.21,665.63,11.65,11.13,0,129.66
71,872,751.7,408.66,14.33,11.78,0,168.82
108,872,735.91,533.94,13.12,9.88,0,129.63
42,872,110.99,549.55,12.16,11.93,0,145.09
135,872,1088.4,452.64,12.77,11.98,0,152.98
144,872,798.87,310.24,10.95,10.81,0,118.29
143,872,10.76,54.57,13.31,10.55,0,140.41
89,873,550.54,334.51,13.93,13.49,0,187.88
1,873,1165.77,667.84,13.82,11.43,0,158.05
124,873,1216.0,533.7,13.75,11.52,0,158.48
127,873,89.48,666.29,11.59,11.11,0,128.75
71,873,752.65,408.97,13.99,11.52,0,161.19
108,873,737.51,534.52,12.9,9.74,0,125.57
42,873,109.32,551.09,12.1,11.86,0,143.55
135,873,1089.43,452.24,12.73,12.01,0,152.82
144,873,797.49,310.79,10.91,10.73,0,117.02
143,873,9.0,56.77,13.9,11.06,0,153.78
89,874,551.61,334.21,14.71,14.32,0,210.62
1,874,1166.22,668.09,13.92,11.48,0,159.79
124,874,1215.29,534.23,13.78,11.54,0,159.1
127,874,90.05,666.9,11.67,11.24,0,131.13
71,874,753.66,409.38,13.95,11.43,0,159.48
108,874,738.4,535.27,12.85,9.71,0,124.82
42,874,108.11,551.25,11.76,11.4,0,134.07
135,874,1090.52,451.74,11.54,10.95,0,126.39
144,874,796.77,310.19,10.58,10.35,0,109.59
89,875,552.65,334.04,14.96,14.59,0,218.21
1,875,1167.49,668.74,14.28,11.83,0,168.93
124,875,1214.73,534.87,13.81,11.55,0,159.49
127,875,90.6,667.4,12.21,11.87,0,144.97
71,875,755.09,409.41,13.96,11.4,0,159.15
108,875,739.25,535.62,12.57,9.48,0,119.2
42,875,106.91,551.54,11.94,11.53,0,137.74
135,875,1091.38,451.12,12.08,11.55,0,139.56
89,876,553.78,334.16,14.42,13.99,0,201.78
1,876,1168.31,669.09,14.57,12.13,0,176.77
124,876,1214.08,535.46,13.71,11.49,0,157.51
127,876,90.91,668.16,12.43,12.21,0,151.78
71,876,756.34,409.29,14.0,11.42,0,159.9
108,876,740.22,535.76,12.45,9.36,0,116.59
42,876,105.49,552.28,12.42,12.02,0,149.26
135,876,1092.32,450.46,12.4,11.95,0,148.18
89,877,555.1,334.01,14.97,14.57,0,218.1
1,877,1169.4,669.46,14.43,12.1,0,174.58
124,877,1213.61,536.1,13.86,11.63,0,161.17
127,877,91.75,668.86,11.88,11.72,0,139.24
71,877,757.37,409.4,13.61,11.07,0,150.75
108,877,742.09,536.21,11.66,8.8,0,102.6
42,877,103.95,553.06,12.56,12.15,0,152.57
135,877,1092.83,450.25,12.52,12.15,0,152.04
144,877,793.28,309.56,11.92,11.72,0,139.76
89,878,556.16,333.92,14.9,14.49,0,215.82
1,878,1170.0,669.9,14.48,12.2,0,176.65
124,878,1212.95,537.03,13.62,11.42,0,155.51
127,878,92.36,669.48,11.27,11.13,0,125.49
71,878,758.18,409.53,13.57,11.04,0,149.83
108,878,742.68,536.57,12.53,9.43,0,118.16
42,878,102.6,553.5,12.32,11.87,0,146.23
135,878,1093.21,450.04,12.64,12.31,0,155.5
89,879,557.15,333.97,14.67,14.21,0,208.5
1,879,1170.55,670.51,14.64,12.4,0,181.5
124,879,1212.23,537.87,13.82,11.57,0,159.81
127,879,93.27,670.36,11.16,10.9,0,121.69
71,879,759.24,409.86,13.56,11.07,0,150.0
108,879,743.44,536.82,12.94,9.7,0,125.47
42,879,100.93,554.35,11.9,11.42,0,135.97
135,879,1094.43,449.47,12.52,12.29,0,153.88
89,880,558.1,333.96,14.69,14.21,0,208.71
1,880,1171.29,671.05,14.12,11.95,0,168.77
124,880,1211.89,538.57,14.06,11.81,0,166.04
127,880,93.72,670.73,11.0,10.69,0,117.59
71,880,760.31,409.75,13.83,11.32,0,156.54
108,880,744.15,537.03,13.18,9.89,0,130.36
42,880,100.13,555.03,12.29,11.75,0,144.4
135,880,1094.57,449.36,12.69,12.53,0,158.94
89,881,559.09,333.73,14.9,14.38,0,214.35
1,881,1172.32,671.74,13.93,11.8,0,164.42
124,881,1211.32,539.13,13.97,11.76,0,164.22
127,881,94.32,671.26,11.23,10.89,0,122.27
71,881,761.36,409.79,14.0,11.53,0,161.4
108,881,745.77,537.14,12.9,9.67,0,124.74
42,881,99.49,555.36,12.79,12.18,0,155.77
135,881,1095.18,449.19,13.3,13.27,0,176.38
144,881,789.39,308.3,12.24,12.03,0,147.24
89,882,560.26,333.38,14.95,14.41,0,215.47
1,882,1173.21,672.15,13.98,11.81,0,165.0
124,882,1210.84,539.66,13.94,11.78,0,164.14
127,882,95.77,672.31,11.49,11.15,0,128.09
71,882,762.58,409.93,13.95,11.53,0,160.88
108,882,747.14,537.35,13.24,9.94,0,131.58
42,882,97.48,555.92,12.57,11.97,0,150.41
135,882,1096.49,448.42,13.42,13.42,0,180.07
89,883,561.61,332.97,15.03,14.54,0,218.5
1,883,1173.92,672.54,13.6,11.46,0,155.89
124,883,1210.21,540.35,13.9,11.77,0,163.57
127,883,97.23,673.25,11.28,11.0,0,124.06
71,883,763.53,409.79,13.99,11.63,0,162.76
108,883,748.32,537.56,13.66,10.27,0,140.27
42,883,95.76,556.17,12.61,12.06,0,152.05
135,883,1097.11,448.22,13.7,13.83,0,189.48
144,883,787.4,307.72,11.69,11.37,0,132.83
89,884,562.89,332.74,14.72,14.2,0,209.08
1,884,1174.69,672.83,13.4,11.32,0,151.73
124,884,1209.45,541.15,13.99,11.89,0,166.44
127,884,98.12,674.13,12.03,11.82,0,142.24
71,884,764.7,409.86,13.81,11.51,0,159.02
108,884,749.57,537.53,13.32,10.09,0,134.44
42,884,94.91,556.69,12.44,11.93,0,148.37
135,884,1098.75,447.29,12.58,12.79,0,160.84
89,885,564.59,332.75,14.54,13.88,0,201.88
1,885,1176.07,673.1,13.59,11.57,0,157.17
124,885,1209.11,541.8,14.27,12.2,0,174.16
127,885,98.9,674.3,11.58,11.45,0,132.56
71,885,766.18,409.62,13.92,11.62,0,161.74
108,885,751.11,537.56,13.34,10.17,0,135.67
42,885,93.68,557.68,12.26,11.79,0,144.56
135,885,1099.63,447.22,12.71,12.99,0,165.19
89,886,565.94,332.22,15.19,14.51,0,220.45
1,886,1177.33,673.18,13.69,11.7,0,160.15
124,886,1208.58,542.35,13.96,11.97,0,167.09
127,886,100.17,674.65,11.85,11.78,0,139.64
71,886,767.21,409.59,14.11,11.84,0,167.03
108,886,752.32,537.36,13.03,10.0,0,130.19
42,886,92.94,558.12,13.02,12.49,0,162.71
135,886,1100.04,446.82,12.61,12.96,0,163.44
144,886,784.42,305.97,11.42,11.1,0,126.81
89,887,566.96,332.14,14.9,14.2,0,211.6
1,887,1178.22,673.3,13.38,11.45,0,153.16
124,887,1207.89,542.74,13.96,12.01,0,167.6
127,887,101.38,675.18,11.94,11.92,0,142.3
71,887,768.25,409.45,14.27,12.07,0,172.15
108,887,753.8,537.16,12.88,9.91,0,127.56
42,887,91.77,558.69,12.42,11.87,0,147.48
135,887,1100.52,445.65,12.44,12.85,0,159.8
89,888,568.1,331.75,14.48,13.7,0,198.34
1,888,1178.81,673.66,13.21,11.31,0,149.48
124,888,1206.76,543.37,13.49,11.52,0,155.37
127,888,102.42,675.51,12.14,12.18,0,147.81
71,888,769.1,409.25,14.47,12.25,0,177.3
108,888,755.12,536.91,12.95,9.94,0,128.75
42,888,90.85,559.36,12.67,12.14,0,153.86
135,888,1101.46,445.0,12.12,12.52,0,151.67
144,888,781.44,305.18,11.15,10.79,0,120.24
89,889,569.27,331.34,14.72,13.95,0,205.44
1,889,1179.11,673.95,13.47,11.57,0,155.83
124,889,1205.83,544.07,13.41,11.39,0,152.77
127,889,103.09,675.64,11.78,11.89,0,140.05
71,889,770.59,408.72,14.45,12.24,0,176.84
108,889,756.29,536.75,12.61,9.66,0,121.88
42,889,89.46,559.92,13.03,12.62,0,164.53
135,889,1101.74,444.59,12.25,12.7,0,155.56
144,889,780.17,305.74,12.16,11.92,0,144.96
89,890,570.76,331.02,14.71,13.91,0,204.57
1,890,1179.56,674.14,13.57,11.65,0,158.14
124,890,1204.98,544.91,13.47,11.43,0,153.91
127,890,104.57,675.93,11.4,11.47,0,130.75
71,890,771.85,408.21,13.95,11.81,0,164.77
108,890,757.1,536.7,12.53,9.6,0,120.37
42,890,87.74,560.45,12.32,11.99,0,147.73
135,890,1102.01,444.07,12.52,13.03,0,163.21
144,890,779.56,305.63,12.08,11.86,0,143.18
89,891,572.1,330.74,14.7,13.88,0,204.15
1,891,1180.65,674.41,13.23,11.41,0,150.94
124,891,1204.26,545.54,13.4,11.33,0,151.78
127,891,105.67,676.08,12.36,12.52,0,154.72
71,891,772.73,408.04,13.85,11.73,0,162.46
108,891,758.15,536.64,12.83,9.86,0,126.48
42,891,86.92,560.7,12.94,12.68,0,164.18
135,891,1102.44,443.48,12.7,13.31,0,169.03
144,891,779.39,305.17,11.7,11.45,0,133.97
89,892,573.25,330.43,14.84,14.0,0,207.83
1,892,1180.95,674.7,13.1,11.3,0,147.97
124,892,1202.9,546.09,13.39,11.29,0,151.09
127,892,106.63,676.34,11.65,11.79,0,137.27
71,892,773.32,407.99,14.16,11.99,0,169.77
108,892,759.46,536.43,13.51,10.39,0,140.28
42,892,86.04,561.17,12.96,12.77,0,165.52
135,892,1102.83,442.64,12.6,13.26,0,167.14
144,892,777.89,304.98,10.99,10.77,0,118.36
89,893,574.06,330.36,14.85,14.03,0,208.31
1,893,1180.89,675.08,13.12,11.29,0,148.11
124,893,1201.8,546.87,13.75,11.59,0,159.34
127,893,107.41,676.57,11.11,11.28,0,125.29
71,893,773.92,407.98,14.04,11.92,0,167.36
108,893,759.95,536.71,13.79,10.63,0,146.6
42,893,85.31,561.66,12.2,11.96,0,146.0
135,893,1103.75,441.87,12.3,12.99,0,159.83
89,894,575.03,330.39,14.65,13.77,0,201.75
1,894,1181.26,675.47,13.1,11.28,0,147.76
124,894,1200.27,547.71,13.53,11.37,0,153.92
127,894,108.4,677.51,11.47,11.6,0,133.13
71,894,774.64,407.82,14.06,11.95,0,168.13
108,894,761.06,536.72,13.25,10.22,0,135.46
42,894,84.45,562.06,12.09,11.81,0,142.82
135,894,1104.12,441.83,12.24,12.99,0,159.07
150,894,642.98,716.37,9.21,5.67,0,52.23
144,894,775.6,304.37,12.35,12.13,0,149.79
89,895,576.37,330.21,14.73,13.81,0,203.38
1,895,1181.88,675.76,12.99,11.16,0,145.03
124,895,1199.54,548.24,13.45,11.26,0,151.4
127,895,109.99,677.1,12.11,12.34,0,149.35
71,895,775.41,407.7,14.82,12.62,0,186.97
108,895,762.27,536.18,12.81,9.88,0,126.52
42,895,83.93,562.61,12.27,11.92,0,146.29
135,895,1104.52,441.34,12.56,13.37,0,167.84
150,895,642.48,716.09,9.96,6.14,0,61.13
89,896,577.83,330.09,15.05,14.19,0,213.45
1,896,1182.57,675.97,12.71,10.93,0,138.91
124,896,1198.63,549.08,13.34,11.18,0,149.11
127,896,110.73,677.36,11.91,12.18,0,145.03
71,896,776.24,407.62,14.95,12.79,0,191.2
108,896,763.29,535.94,12.54,9.62,0,120.59
42,896,82.69,563.03,11.68,11.34,0,132.48
135,896,1104.9,440.88,12.57,13.32,0,167.45
150,896,641.56,715.96,10.67,6.6,0,70.37
89,897,579.12,329.91,14.49,13.66,0,197.98
1,897,1183.96,676.32,12.31,10.69,0,131.66
124,897,1197.69,549.81,13.56,11.37,0,154.2
127,897,112.18,678.01,10.95,11.22,0,122.85
71,897,776.9,407.59,14.81,12.71,0,188.24
108,897,764.51,535.9,12.57,9.59,0,120.56
42,897,81.5,563.58,11.65,11.31,0,131.75
135,897,1105.53,440.34,12.54,13.29,0,166.67
150,897,640.7,715.66,11.34,7.05,0,79.98
89,898,580.26,329.97,14.59,13.73,0,200.32
1,898,1183.7,676.83,12.98,11.27,0,146.36
124,898,1196.63,550.59,13.38,11.18,0,149.62
127,898,113.67,678.51,11.74,12.06,0,141.57
71,898,778.1,407.22,14.29,12.35,0,176.5
108,898,765.81,535.66,12.34,9.43,0,116.3
42,898,80.27,563.66,12.49,12.14,0,151.67
135,898,1106.14,439.94,12.86,13.64,0,175.39
150,898,639.88,715.3,11.24,7.01,0,78.82
89,899,581.28,330.11,14.44,13.62,0,196.62
1,899,1183.75,677.26,13.42,11.66,0,156.47
124,899,1195.49,551.37,13.27,10.99,0,145.84
127,899,114.49,679.02,11.65,12.01,0,139.93
71,899,779.24,406.94,14.02,12.16,0,170.39
108,899,766.45,535.53,12.48,9.56,0,119.32
42,899,79.44,564.05,12.52,12.16,0,152.27
135,899,1106.52,439.56,12.81,13.71,0,175.65
150,899,639.06,714.83,11.31,7.08,0,80.11
89,900,581.92,330.03,14.48,13.74,0,198.98
1,900,1184.0,677.6,13.55,11.78,0,159.7
124,900,1194.35,551.97,13.18,10.87,0,143.33
127,900,115.41,680.1,10.89,11.14,0,121.36
71,900,779.76,406.73,13.83,12.04,0,166.57
108,900,767.16,535.24,12.99,9.97,0,129.58
42,900,78.11,564.77,12.21,11.88,0,145.03
135,900,1106.74,439.29,12.63,13.62,0,172.06
150,900,638.26,714.55,11.26,7.08,0,79.68
89,901,582.88,329.96,14.31,13.57,0,194.25
1,901,1184.47,677.97,13.52,11.75,0,158.91
124,901,1193.09,552.79,13.14,10.78,0,141.66
127,901,116.54,680.32,10.92,11.13,0,121.51
71,901,780.44,406.59,13.52,11.78,0,159.27
108,901,768.53,535.06,12.52,9.61,0,120.35
42,901,77.21,565.43,12.32,11.99,0,147.69
135,901,1106.98,438.32,12.52,13.56,0,169.84
150,901,637.22,713.73,10.7,6.76,0,72.32
89,902,583.98,329.79,14.45,13.74,0,198.58
1,902,1184.87,678.35,13.5,11.72,0,158.21
124,902,1191.95,553.47,13.43,10.94,0,147.01
127,902,117.75,680.61,11.54,11.81,0,136.3
71,902,781.09,406.5,13.44,11.72,0,157.51
108,902,769.68,534.64,12.12,9.3,0,112.76
42,902,75.69,566.15,11.96,11.61,0,138.75
135,902,1107.41,437.63,12.09,13.15,0,159.07
150,902,636.35,713.04,10.5,6.66,0,69.99
89,903,585.34,329.53,14.64,13.97,0,204.5
1,903,1185.19,678.79,13.6,11.81,0,160.57
124,903,1190.74,554.03,14.02,11.42,0,160.11
127,903,118.44,681.58,11.54,11.8,0,136.12
71,903,781.67,406.35,13.65,11.9,0,162.53
108,903,770.98,534.33,12.37,9.46,0,117.09
42,903,75.07,566.53,11.59,11.18,0,129.61
135,903,1107.55,437.05,12.49,13.72,0,171.32
150,903,635.2,712.54,10.94,7.0,0,76.51
89,904,586.88,329.28,14.55,13.9,0,202.22
1,904,1185.54,678.99,13.45,11.68,0,157.07
124,904,1189.66,554.59,14.25,11.61,0,165.45
127,904,119.41,681.2,11.77,12.06,0,141.97
71,904,782.47,406.02,13.97,12.22,0,170.68
108,904,771.88,533.8,12.44,9.48,0,117.96
42,904,73.85,567.06,11.17,10.75,0,120.17
135,904,1107.61,436.54,12.5,13.82,0,172.67
150,904,634.13,711.85,11.32,7.3,0,82.66
89,905,588.05,328.88,14.39,13.75,0,197.84
1,905,1186.0,679.12,13.46,11.63,0,156.55
124,905,1188.85,555.24,13.98,11.39,0,159.23
127,905,120.54,681.54,12.34,12.68,0,156.53
71,905,783.27,405.56,13.72,12.02,0,164.9
108,905,772.44,533.73,12.82,9.72,0,124.61
42,905,72.58,567.33,11.53,11.11,0,128.18
135,905,1107.81,435.9,12.4,13.72,0,170.18
150,905,633.34,711.3,11.03,7.16,0,78.98
89,906,589.08,328.42,14.29,13.67,0,195.25
1,906,1186.38,679.12,13.49,11.59,0,156.29
124,906,1188.14,555.79,13.74,11.2,0,153.91
127,906,121.76,681.63,11.8,12.13,0,143.13
71,906,783.98,405.17,13.75,12.09,0,166.18
108,906,773.71,533.24,12.42,9.36,0,116.21
42,906,71.14,568.17,11.83,11.43,0,135.16
135,906,1108.55,435.43,12.27,13.62,0,167.12
150,906,632.68,710.47,11.47,7.49,0,85.9
89,907,589.82,328.1,14.39,13.77,0,198.14
1,907,1186.63,679.06,13.08,11.17,0,146.1
124,907,1186.98,556.33,14.18,11.59,0,164.32
127,907,122.96,681.55,11.93,12.2,0,145.45
71,907,784.8,404.52,13.87,12.25,0,169.97
108,907,774.73,532.75,12.86,9.67,0,124.31
42,907,69.88,568.64,11.51,11.09,0,127.6
135,907,1108.81,434.62,12.42,13.8,0,171.46
150,907,631.83,709.53,11.42,7.49,0,85.55
144,907,760.81,298.77,11.57,11.39,0,131.76
89,908,590.91,327.83,14.66,14.04,0,205.89
1,908,1186.96,679.04,13.16,11.16,0,146.86
124,908,1185.69,556.85,14.03,11.46,0,160.74
127,908,123.67,681.93,11.89,12.17,0,144.71
71,908,785.63,403.81,13.99,12.43,0,173.79
108,908,775.5,532.43,13.04,9.75,0,127.21
42,908,68.93,569.13,12.31,11.85,0,145.97
135,908,1108.92,433.69,12.55,13.94,0,174.96
150,908,630.76,708.39,11.21,7.33,0,82.15
89,909,592.13,327.52,14.41,13.72,0,197.66
1,909,1187.25,679.2,13.25,11.19,0,148.26
124,909,1184.17,557.59,14.17,11.57,0,163.95
127,909,124.32,682.25,12.22,12.54,0,153.33
71,909,786.32,403.24,13.82,12.29,0,169.85
108,909,776.23,531.35,13.31,9.93,0,132.27
42,909,68.0,569.4,12.04,11.55,0,139.02
135,909,1109.24,432.91,12.51,13.94,0,174.37
150,909,630.09,707.83,10.94,7.14,0,78.09
144,909,757.71,297.88,11.19,11.0,0,123.14
89,910,593.13,327.12,14.96,14.29,0,213.87
1,910,1187.46,679.32,13.44,11.32,0,152.19
124,910,1183.25,558.13,14.26,11.69,0,166.74
127,910,124.88,682.08,12.38,12.75,0,157.81
71,910,786.78,403.17,14.19,12.65,0,179.47
108,910,777.03,530.74,13.36,9.95,0,132.99
42,910,67.07,569.93,12.62,12.04,0,151.83
135,910,1109.1,432.54,12.94,14.47,0,187.13
150,910,629.02,707.38,10.99,7.18,0,78.9
144,910,755.87,297.45,9.79,9.56,0,93.56
89,911,594.13,326.69,15.05,14.47,0,217.79
1,911,1187.85,679.3,13.24,11.11,0,147.16
124,911,1182.3,558.57,14.15,11.63,0,164.48
127,911,125.64,683.13,11.27,11.59,0,130.59
71,911,787.72,402.49,14.19,12.65,0,179.51
108,911,778.12,530.24,13.12,9.78,0,128.38
42,911,65.87,570.16,12.29,11.68,0,143.59
135,911,1109.33,432.01,12.61,14.09,0,177.65
150,911,628.35,706.82,11.08,7.23,0,80.15
144,911,754.64,297.17,10.72,10.48,0,112.33
89,912,595.43,326.32,14.86,14.31,0,212.71
1,912,1188.16,679.45,13.28,11.12,0,147.65
124,912,1181.04,559.37,13.85,11.39,0,157.82
127,912,126.49,683.06,12.11,12.51,0,151.46
71,912,788.2,402.27,14.38,12.85,0,184.82
108,912,779.32,529.76,13.46,10.03,0,134.99
42,912,64.35,570.75,12.41,11.81,0,146.55
135,912,1109.71,430.91,12.48,13.98,0,174.44
150,912,627.24,706.29,11.02,7.27,0,80.06
144,912,753.65,296.85,10.5,10.29,0,108.04
89,913,596.95,326.03,14.9,14.27,0,212.53
1,913,1188.42,679.66,13.13,10.96,0,143.93
124,913,1180.27,560.19,13.76,11.31,0,155.54
71,913,789.12,401.79,14.21,12.71,0,180.62
108,913,780.29,529.34,13.39,9.97,0,133.58
42,913,63.15,571.17,11.69,11.06,0,129.24
150,913,626.54,705.74,11.52,7.64,0,87.99
89,914,598.02,325.85,14.9,14.25,0,212.29
1,914,1188.74,679.91,13.27,11.06,0,146.68
124,914,1179.34,561.19,13.92,11.43,0,159.11
71,914,789.68,401.56,13.99,12.55,0,175.48
108,914,781.05,529.22,13.41,9.93,0,133.18
42,914,62.55,571.51,11.45,10.73,0,122.93
150,914,625.66,705.42,11.67,7.78,0,90.75
127,914,128.76,684.35,10.9,11.18,0,121.9
144,914,752.43,297.14,11.37,11.15,0,126.75
89,915,598.75,325.78,14.75,14.09,0,207.83
1,915,1188.94,680.13,13.37,11.13,0,148.72
124,915,1178.45,562.02,13.86,11.44,0,158.57
71,915,790.6,401.27,13.34,11.95,0,159.47
108,915,782.23,528.78,12.83,9.45,0,121.26
42,915,61.5,572.13,11.67,10.83,0,126.37
150,915,624.76,705.11,11.49,7.71,0,88.61
127,915,129.91,684.97,10.78,11.0,0,118.59
135,915,1110.71,427.83,11.32,12.72,0,144.09
89,916,599.74,325.61,14.61,13.97,0,204.1
1,916,1189.32,680.46,13.31,11.08,0,147.39
124,916,1177.56,562.82,13.88,11.49,0,159.39
71,916,790.81,401.41,14.28,12.79,0,182.62
108,916,783.17,528.62,12.76,9.37,0,119.65
42,916,60.11,572.72,12.05,11.23,0,135.26
150,916,623.58,704.66,11.28,7.6,0,85.7
127,916,130.89,685.31,11.4,11.63,0,132.52
135,916,1110.78,427.22,11.52,12.99,0,149.64
144,916,749.55,295.48,11.24,11.0,0,123.62
89,917,601.28,325.37,14.73,14.05,0,207.03
1,917,1189.68,680.92,13.15,10.92,0,143.56
124,917,1176.09,563.83,13.66,11.29,0,154.28
71,917,791.83,400.95,14.13,12.63,0,178.5
108,917,784.76,527.79,11.99,8.85,0,106.04
42,917,59.19,573.4,12.41,11.59,0,143.77
150,917,622.77,704.32,11.19,7.54,0,84.35
127,917,131.46,686.17,11.82,12.0,0,141.8
89,918,602.49,325.17,14.9,14.22,0,211.87
1,918,1189.81,681.3,13.01,10.79,0,140.34
124,918,1174.93,564.72,13.56,11.2,0,151.81
71,918,792.54,400.54,13.89,12.43,0,172.72
108,918,785.56,527.41,12.25,9.03,0,110.59
42,918,57.72,573.78,13.05,12.34,0,161.0
150,918,621.67,704.19,10.92,7.37,0,80.51
127,918,132.84,686.87,11.64,11.72,0,136.46
135,918,1111.08,426.26,11.67,13.22,0,154.35
89,919,603.41,325.05,14.57,13.9,0,202.5
1,919,1190.21,681.43,13.07,10.83,0,141.59
124,919,1173.85,565.64,13.49,11.14,0,150.3
71,919,793.39,400.2,13.49,12.14,0,163.84
108,919,786.17,527.08,11.96,8.81,0,105.35
42,919,56.55,574.85,13.22,12.62,0,166.84
150,919,620.88,703.7,10.97,7.43,0,81.45
127,919,133.03,687.18,12.13,12.17,0,147.57
135,919,1111.37,425.95,11.56,13.17,0,152.18
144,919,745.72,294.48,10.88,10.73,0,116.79
89,920,604.28,324.98,14.35,13.7,0,196.56
1,920,1190.47,681.7,13.09,10.83,0,141.73
124,920,1172.94,566.31,13.52,11.17,0,151.01
71,920,793.87,400.07,13.26,12.0,0,159.07
108,920,786.86,526.69,12.89,9.45,0,121.85
42,920,54.83,575.93,12.78,12.31,0,157.37
150,920,619.63,703.3,11.01,7.47,0,82.27
127,920,133.87,688.34,11.47,11.44,0,131.21
135,920,1111.48,425.41,11.11,12.71,0,141.14
89,921,605.38,324.95,14.59,13.88,0,202.5
1,921,1190.76,682.25,13.34,11.07,0,147.67
124,921,1172.2,567.04,13.52,11.1,0,150.1
71,921,794.53,399.88,13.23,12.0,0,158.77
108,921,787.72,526.18,13.41,9.81,0,131.65
42,921,53.84,576.24,12.18,11.86,0,144.51
150,921,618.64,703.19,11.08,7.55,0,83.69
127,921,134.0,688.51,11.88,11.87,0,141.06
135,921,1111.69,425.0,11.23,12.92,0,145.1
89,922,606.76,324.73,14.79,14.09,0,208.46
1,922,1191.42,682.59,13.46,11.17,0,150.27
124,922,1171.4,567.92,13.41,10.96,0,146.98
71,922,795.84,399.53,12.71,11.5,0,146.22
108,922,788.89,525.58,12.65,9.18,0,116.02
42,922,53.35,576.86,11.98,11.72,0,140.4
150,922,617.98,702.87,10.95,7.49,0,82.07
127,922,134.8,689.46,11.62,11.62,0,135.03
135,922,1112.35,424.21,11.38,13.07,0,148.67
144,922,742.27,294.12,12.18,12.2,0,148.53
89,923,607.7,324.73,15.03,14.37,0,215.94
1,923,1192.01,683.13,13.37,11.09,0,148.32
124,923,1170.5,568.86,13.77,11.28,0,155.34
71,923,796.65,399.27,12.66,11.4,0,144.31
108,923,789.45,525.39,13.23,9.57,0,126.7
42,923,52.58,577.34,11.96,11.77,0,140.76
150,923,617.1,702.46,11.55,7.96,0,91.99
127,923,136.17,690.66,10.88,10.9,0,118.61
135,923,1112.38,423.23,11.57,13.37,0,154.8
144,923,741.39,293.95,11.23,11.29,0,126.78
89,924,608.49,324.85,14.62,13.94,0,203.79
1,924,1192.47,683.34,13.45,11.16,0,150.14
124,924,1169.55,569.87,13.87,11.36,0,157.59
71,924,797.05,399.35,12.63,11.31,0,142.87
108,924,789.89,525.21,13.51,9.73,0,131.45
42,924,51.45,577.8,12.37,12.28,0,151.92
150,924,616.22,702.16,11.54,8.01,0,92.46
127,924,136.81,691.59,12.01,12.03,0,144.38
135,924,1112.71,422.95,11.36,13.15,0,149.36
144,924,739.78,293.46,11.02,11.01,0,121.34
89,925,609.8,324.59,14.5,13.88,0,201.28
1,925,1193.03,683.6,13.73,11.44,0,157.01
124,925,1168.63,570.69,13.87,11.37,0,157.62
71,925,797.62,399.15,13.09,11.74,0,153.62
108,925,790.87,524.92,13.68,9.81,0,134.2
42,925,50.19,578.63,11.72,11.7,0,137.13
150,925,615.39,701.9,11.36,7.89,0,89.66
127,925,137.72,692.53,10.97,10.97,0,120.4
135,925,1112.82,422.64,11.99,13.88,0,166.44
144,925,739.38,293.72,11.36,11.31,0,128.45
89,926,610.83,324.41,14.46,13.89,0,200.87
1,926,1193.48,683.79,13.91,11.67,0,162.27
124,926,1167.97,571.39,13.55,11.1,0,150.35
71,926,798.46,398.71,13.1,11.77,0,154.26
108,926,792.39,524.22,12.68,9.1,0,115.36
42,926,49.4,579.19,11.34,11.36,0,128.89
150,926,614.56,701.63,11.26,7.82,0,87.97
127,926,138.24,692.82,11.34,11.35,0,128.75
135,926,1113.33,422.21,12.1,13.94,0,168.67
144,926,738.14,293.34,10.82,10.82,0,117.17
89,927,612.24,324.19,14.46,13.89,0,200.88
1,927,1194.11,684.26,13.74,11.6,0,159.44
124,927,1167.13,572.27,13.65,11.22,0,153.11
71,927,799.89,398.23,13.06,11.78,0,153.88
108,927,793.9,523.59,12.02,8.68,0,104.3
42,927,48.4,579.54,11.13,11.21,0,124.85
150,927,613.46,701.0,11.04,7.64,0,84.33
127,927,138.82,693.64,11.07,11.09,0,122.77
135,927,1113.62,421.31,12.15,14.01,0,170.15
89,928,613.32,323.68,14.06,13.47,0,189.39
1,928,1194.56,684.45,13.85,11.76,0,162.9
124,928,1166.36,573.32,13.66,11.28,0,154.09
71,928,800.3,398.38,13.67,12.41,0,169.63
108,928,795.1,523.09,12.28,8.93,0,109.59
42,928,47.05,579.8,11.34,11.46,0,130.0
150,928,612.52,700.72,10.6,7.36,0,78.02
127,928,139.38,694.13,11.25,11.25,0,126.6
135,928,1113.94,420.23,12.03,13.82,0,166.34
89,929,614.31,323.4,14.23,13.7,0,194.88
1,929,1195.12,684.71,13.85,11.79,0,163.38
124,929,1165.58,574.02,13.46,11.13,0,149.92
71,929,800.75,398.28,13.59,12.37,0,168.15
108,929,795.95,522.84,12.24,8.94,0,109.46
42,929,45.95,580.15,10.97,11.06,0,121.34
150,929,611.6,700.19,10.41,7.26,0,75.55
127,929,140.19,695.04,11.38,11.29,0,128.49
135,929,1114.13,419.91,12.03,13.78,0,165.82
89,930,615.55,323.45,14.4,13.89,0,200.04
1,930,1195.83,685.07,13.81,11.74,0,162.09
124,930,1164.85,574.83,13.37,11.03,0,147.5
71,930,801.83,397.86,13.52,12.37,0,167.18
108,930,796.58,522.63,12.49,9.22,0,115.15
42,930,45.03,580.91,11.19,11.27,0,126.05
150,930,610.52,700.18,10.25,7.19,0,73.67
127,930,140.94,695.63,11.04,10.97,0,121.06
135,930,1114.2,419.56,12.3,14.1,0,173.52
89,931,616.59,323.12,14.37,13.85,0,198.93
1,931,1196.33,685.39,13.93,11.83,0,164.76
124,931,1164.27,575.49,13.49,11.09,0,149.68
71,931,803.03,397.04,13.26,12.09,0,160.36
108,931,797.68,521.85,12.47,9.24,0,115.27
42,931,43.95,581.7,11.42,11.47,0,131.03
150,931,609.38,699.99,10.47,7.37,0,77.14
127,931,141.58,696.36,11.06,10.95,0,121.05
135,931,1114.55,419.19,12.67,14.53,0,184.13
89,932,617.77,322.86,14.21,13.73,0,195.12
1,932,1196.95,685.74,14.04,11.93,0,167.45
124,932,1163.3,576.34,13.35,10.92,0,145.85
71,932,803.63,396.77,13.69,12.51,0,171.24
108,932,798.37,521.02,12.78,9.54,0,121.85
42,932,43.44,582.2,10.98,10.97,0,120.36
150,932,608.81,699.62,10.73,7.57,0,81.18
127,932,142.36,696.3,12.04,11.79,0,141.97
135,932,1115.33,418.54,12.45,14.19,0,176.76
89,933,618.78,322.5,14.13,13.71,0,193.77
1,933,1197.38,685.94,13.83,11.72,0,162.13
124,933,1162.41,577.31,13.58,11.13,0,151.17
71,933,804.34,396.48,13.27,12.15,0,161.24
108,933,798.74,520.52,13.31,10.02,0,133.33
42,933,42.4,582.38,11.47,11.46,0,131.51
150,933,607.84,699.17,10.07,7.1,0,71.49
127,933,142.96,697.15,11.92,11.71,0,139.54
135,933,1115.81,417.61,12.66,14.42,0,182.57
153,933,1221.01,717.15,9.71,5.69,0,55.24
144,933,729.84,290.11,12.39,12.34,0,152.89
89,934,619.67,322.11,14.08,13.66,0,192.37
1,934,1197.87,686.13,13.78,11.64,0,160.37
124,934,1161.4,578.11,13.67,11.22,0,153.37
71,934,805.33,395.97,13.38,12.3,0,164.57
108,934,799.97,519.34,13.24,10.03,0,132.83
42,934,41.59,582.58,11.64,11.61,0,135.17
150,934,606.85,698.64,10.28,7.22,0,74.23
127,934,143.31,697.43,11.98,11.84,0,141.84
135,934,1115.56,417.05,12.73,14.54,0,185.11
153,934,1221.35,717.07,9.98,5.86,0,58.47
89,935,620.82,321.57,13.66,13.23,0,180.74
1,935,1198.49,686.32,13.91,11.73,0,163.1
124,935,1160.48,578.71,13.64,11.19,0,152.55
71,935,806.05,395.2,12.83,11.78,0,151.04
108,935,800.52,518.57,13.5,10.32,0,139.31
42,935,40.59,583.31,12.04,12.04,0,144.86
150,935,605.81,698.11,10.64,7.46,0,79.39
127,935,143.72,698.09,11.91,11.87,0,141.37
135,935,1115.53,416.86,12.93,14.74,0,190.54
153,935,1221.74,716.86,10.67,6.29,0,67.14
144,935,727.29,289.45,10.06,10.12,0,101.8
89,936,621.99,321.47,13.68,13.27,0,181.51
1,936,1199.51,686.44,14.0,11.83,0,165.6
124,936,1159.86,579.41,13.58,11.15,0,151.38
71,936,807.04,394.79,13.07,11.99,0,156.67
108,936,801.39,517.77,13.38,10.32,0,138.02
42,936,39.17,583.8,12.34,12.39,0,152.82
150,936,604.79,697.67,10.14,7.13,0,72.27
127,936,144.61,698.21,12.69,12.65,0,160.53
135,936,1115.98,415.84,13.34,15.31,0,204.33
153,936,1221.66,716.55,11.63,6.9,0,80.22
89,937,622.92,321.42,13.47,13.06,0,175.82
1,937,1200.02,686.76,13.48,11.32,0,152.64
124,937,1159.0,580.31,13.13,10.7,0,140.39
71,937,807.49,394.98,13.12,12.02,0,157.75
108,937,802.25,517.24,13.8,10.76,0,148.47
42,937,38.37,584.22,12.06,12.11,0,146.04
150,937,604.06,697.49,10.11,7.15,0,72.28
127,937,145.88,699.28,12.24,12.09,0,147.98
135,937,1116.16,414.06,11.85,13.55,0,160.6
153,937,1221.72,716.37,12.12,7.25,0,87.9
89,938,624.07,320.92,14.19,13.79,0,195.66
1,938,1200.73,686.96,13.42,11.23,0,150.74
124,938,1158.08,581.08,13.21,10.72,0,141.58
71,938,808.41,394.83,13.19,12.16,0,160.37
108,938,802.91,516.83,14.03,11.07,0,155.24
42,938,37.66,584.67,12.25,12.31,0,150.8
150,938,603.06,697.18,10.48,7.47,0,78.3
127,938,146.89,699.62,12.54,12.43,0,155.84
135,938,1116.15,413.47,11.89,13.6,0,161.73
153,938,1221.71,716.11,12.84,7.78,0,99.81
89,939,625.18,320.75,14.29,13.88,0,198.41
1,939,1201.77,687.06,13.46,11.26,0,151.48
124,939,1157.34,581.87,13.08,10.57,0,138.19
71,939,809.32,394.54,13.7,12.63,0,173.03
108,939,803.74,515.93,13.59,10.84,0,147.34
42,939,36.76,585.54,11.81,11.82,0,139.59
150,939,601.69,696.55,10.3,7.39,0,76.11
127,939,147.64,700.59,12.1,12.0,0,145.17
135,939,1116.39,412.47,11.74,13.4,0,157.28
153,939,1221.75,715.97,13.11,8.04,0,105.39
89,940,626.43,320.63,14.01,13.59,0,190.41
1,940,1202.41,687.36,13.51,11.29,0,152.55
124,940,1156.59,582.88,13.48,10.85,0,146.31
71,940,810.42,394.18,13.75,12.68,0,174.35
108,940,804.44,514.84,14.03,11.36,0,159.41
42,940,35.87,586.35,11.61,11.57,0,134.25
150,940,600.98,696.36,10.34,7.48,0,77.33
127,940,148.75,701.61,11.47,11.32,0,129.84
135,940,1116.52,412.14,12.2,13.96,0,170.37
153,940,1221.68,715.69,13.4,8.33,0,111.64
89,941,627.86,320.28,13.8,13.33,0,183.98
1,941,1202.8,687.6,13.59,11.36,0,154.4
124,941,1155.78,583.31,13.08,10.42,0,136.37
71,941,811.29,393.74,13.36,12.29,0,164.23
108,941,805.25,514.0,13.89,11.36,0,157.85
42,941,35.5,586.56,11.83,11.75,0,138.97
150,941,600.18,696.24,10.45,7.61,0,79.52
127,941,149.27,701.74,12.12,11.92,0,144.41
135,941,1116.8,411.09,11.52,13.14,0,151.29
153,941,1221.66,715.09,13.8,8.72,0,120.39
89,942,628.58,320.18,13.56,13.06,0,177.1
1,942,1203.63,687.87,13.28,11.12,0,147.69
124,942,1154.65,583.96,13.35,10.61,0,141.65
71,942,812.03,393.57,12.84,11.82,0,151.87
108,942,805.69,513.4,13.45,11.15,0,149.88
42,942,34.44,587.32,12.2,12.09,0,147.45
150,942,599.01,695.77,10.75,7.83,0,84.18
127,942,149.93,702.71,12.51,12.33,0,154.25
135,942,1116.86,410.78,11.94,13.61,0,162.51
153,942,1221.64,714.56,14.68,9.47,0,138.96
89,943,629.57,320.09,13.49,13.0,0,175.26
1,943,1204.28,688.07,12.97,10.88,0,141.18
124,943,1153.56,584.68,13.58,10.79,0,146.54
71,943,812.81,393.58,12.7,11.7,0,148.62
108,943,806.27,512.9,13.56,11.37,0,154.15
42,943,33.63,587.69,12.53,12.39,0,155.34
150,943,598.02,695.42,10.64,7.77,0,82.71
127,943,151.13,703.75,11.86,11.65,0,138.13
135,943,1116.56,410.25,12.03,13.64,0,164.09
153,943,1221.57,714.46,15.18,10.0,0,151.87
89,944,630.88,320.23,13.88,13.38,0,185.82
1,944,1204.51,688.19,12.93,10.87,0,140.58
124,944,1152.49,585.53,13.85,11.08,0,153.4
71,944,813.33,393.56,13.65,12.62,0,172.37
108,944,807.52,511.29,13.03,11.03,0,143.71
42,944,32.4,588.06,12.56,12.4,0,155.71
150,944,597.19,695.35,10.68,7.84,0,83.79
127,944,152.18,704.25,12.0,11.76,0,141.03
135,944,1116.49,409.78,11.93,13.5,0,160.96
153,944,1221.45,714.3,15.69,10.56,0,165.62
89,945,631.84,319.99,13.54,13.09,0,177.28
1,945,1204.77,688.43,13.02,10.94,0,142.54
124,945,1151.37,586.25,13.83,11.09,0,153.29
71,945,814.36,393.28,13.28,12.34,0,163.96
108,945,808.56,510.19,11.62,9.93,0,115.38
42,945,32.01,588.38,13.1,12.96,0,169.84
150,945,596.31,694.85,9.93,7.3,0,72.45
127,945,153.21,704.5,12.47,12.26,0,152.88
135,945,1116.42,409.27,11.51,12.99,0,149.45
153,945,1221.27,713.99,16.32,11.24,0,183.44
89,946,633.1,319.79,14.02,13.64,0,191.22
1,946,1205.05,688.64,12.83,10.77,0,138.23
124,946,1150.43,586.94,14.05,11.33,0,159.28
71,946,814.77,393.02,13.24,12.37,0,163.84
108,946,809.17,509.71,11.5,9.94,0,114.3
42,946,31.34,588.83,12.81,12.68,0,162.36
150,946,595.22,694.42,10.18,7.54,0,76.81
127,946,154.1,704.99,11.59,11.27,0,130.59
135,946,1116.31,408.82,12.03,13.56,0,163.08
153,946,1221.13,713.25,17.19,12.14,0,208.65
89,947,633.96,319.66,14.07,13.72,0,193.07
1,947,1205.22,688.77,12.78,10.71,0,136.82
124,947,1149.4,587.57,14.32,11.59,0,165.91
71,947,815.49,392.84,13.11,12.31,0,161.38
108,947,809.6,509.08,11.29,9.83,0,110.97
42,947,30.65,589.47,12.9,12.83,0,165.58
150,947,594.48,693.96,10.33,7.68,0,79.37
127,947,155.27,705.12,11.49,11.08,0,127.35
135,947,1116.21,408.48,12.89,14.56,0,187.63
153,947,1221.11,712.36,17.13,12.41,0,212.58
89,948,635.19,319.57,13.69,13.35,0,182.69
1,948,1205.48,688.86,12.81,10.74,0,137.63
124,948,1148.34,588.22,14.06,11.39,0,160.06
71,948,816.19,392.5,13.56,12.77,0,173.24
108,948,810.38,508.09,11.21,9.79,0,109.85
42,948,29.71,590.1,12.09,11.97,0,144.72
150,948,593.54,693.44,10.25,7.66,0,78.52
127,948,155.8,705.18,12.0,11.63,0,139.49
135,948,1116.21,407.92,13.06,14.82,0,193.6
153,948,1220.99,711.55,16.56,12.28,0,203.3
89,949,636.37,319.23,13.57,13.23,0,179.58
1,949,1205.69,688.84,12.79,10.72,0,137.16
124,949,1147.14,589.12,14.1,11.44,0,161.28
71,949,817.15,392.21,13.41,12.69,0,170.25
108,949,810.89,507.03,11.3,9.89,0,111.78
42,949,29.07,590.79,12.6,12.51,0,157.6
150,949,592.8,693.23,10.51,7.9,0,83.09
127,949,156.74,705.79,11.6,11.24,0,130.31
135,949,1116.13,407.18,13.04,14.84,0,193.53
153,949,1220.91,710.99,16.03,12.13,0,194.42
144,949,710.69,284.71,10.52,10.8,0,113.6
89,950,637.39,319.12,13.63,13.3,0,181.32
1,950,1206.11,689.06,12.85,10.81,0,138.97
124,950,1146.14,589.74,13.98,11.43,0,159.85
71,950,818.31,391.69,12.95,12.29,0,159.16
108,950,811.37,506.35,11.34,9.96,0,112.96
42,950,28.39,591.52,12.35,12.25,0,151.29
150,950,591.66,692.66,10.4,7.84,0,81.48
127,950,158.31,706.73,11.54,11.08,0,127.77
135,950,1116.12,406.67,12.79,14.6,0,186.73
153,950,1220.61,710.08,15.31,11.82,0,180.99
89,951,638.46,319.27,13.44,13.1,0,176.14
1,951,1206.55,689.27,12.82,10.81,0,138.53
124,951,1145.12,590.32,14.03,11.52,0,161.57
71,951,819.13,391.63,13.07,12.42,0,162.4
108,951,812.16,505.72,11.47,10.16,0,116.56
42,951,27.97,592.43,11.88,11.75,0,139.63
150,951,590.77,692.23,10.47,7.91,0,82.82
127,951,159.85,707.55,11.07,10.68,0,118.3
135,951,1115.95,406.25,12.34,14.07,0,173.54
153,951,1220.51,709.06,14.92,11.73,0,175.0
89,952,639.52,319.18,14.0,13.7,0,191.79
1,952,1206.88,689.31,12.82,10.82,0,138.77
124,952,1143.75,591.27,14.34,11.79,0,169.05
71,952,820.11,391.3,12.74,12.12,0,154.42
108,952,812.42,504.83,11.76,10.48,0,123.28
42,952,27.56,592.98,11.89,11.75,0,139.72
150,952,590.11,691.92,10.29,7.81,0,80.35
127,952,161.03,707.96,11.43,11.07,0,126.56
135,952,1115.96,404.84,11.81,13.44,0,158.79
153,952,1220.35,708.46,14.89,11.94,0,177.76
89,953,640.61,318.78,13.71,13.42,0,184.05
1,953,1207.01,689.41,12.87,10.9,0,140.32
124,953,1142.55,592.07,14.26,11.77,0,167.83
71,953,820.94,391.01,12.24,11.59,0,141.76
108,953,812.42,504.41,11.75,10.59,0,124.46
42,953,26.94,593.41,11.94,11.83,0,141.26
150,953,589.17,691.6,10.38,7.86,0,81.58
127,953,162.21,708.56,11.37,11.03,0,125.43
135,953,1115.78,404.23,12.17,13.9,0,169.13
153,953,1220.23,708.1,14.72,12.03,0,177.03
89,954,642.14,318.49,13.85,13.6,0,188.4
1,954,1207.16,689.53,12.98,10.97,0,142.4
124,954,1141.77,592.94,14.67,12.23,0,179.48
71,954,821.53,390.79,12.67,11.99,0,151.87
108,954,812.68,503.23,11.55,10.52,0,121.5
42,954,26.29,594.09,11.82,11.7,0,138.23
150,954,587.91,691.36,10.28,7.8,0,80.16
127,954,163.18,709.27,11.43,11.14,0,127.3
135,954,1115.59,403.68,12.15,13.92,0,169.18
153,954,1220.0,707.71,14.12,11.75,0,165.83
89,955,643.03,318.33,13.65,13.43,0,183.35
1,955,1207.31,689.62,12.97,10.99,0,142.49
124,955,1140.71,593.85,13.83,11.58,0,160.17
71,955,822.0,390.85,12.56,11.89,0,149.24
108,955,812.81,502.6,11.44,10.47,0,119.76
42,955,25.02,594.98,11.95,11.83,0,141.35
150,955,586.44,691.36,10.3,7.85,0,80.86
127,955,163.95,709.79,11.37,11.11,0,126.35
135,955,1115.57,403.3,12.02,13.82,0,166.1
153,955,1219.45,707.13,14.17,12.04,0,170.59
89,956,644.0,318.5,13.78,13.64,0,187.96
1,956,1207.28,689.85,12.84,10.88,0,139.62
124,956,1139.74,594.64,13.44,11.27,0,151.47
71,956,822.23,390.91,12.8,12.13,0,155.3
108,956,812.99,501.83,11.52,10.69,0,123.14
42,956,23.79,595.36,12.14,12.02,0,145.92
150,956,585.67,691.17,10.29,7.9,0,81.34
127,956,164.71,710.69,11.19,10.88,0,121.75
135,956,1115.14,402.96,11.67,13.43,0,156.8
153,956,1219.02,706.39,14.04,12.17,0,170.85
89,957,644.99,318.48,13.6,13.47,0,183.23
1,957,1207.43,690.11,12.64,10.69,0,135.06
124,957,1138.7,595.51,13.2,11.06,0,145.99
71,957,822.87,390.65,12.78,12.18,0,155.63
108,957,812.89,501.33,11.28,10.65,0,120.15
42,957,23.06,595.94,11.79,11.73,0,138.28
150,957,584.9,690.81,10.35,8.01,0,82.91
127,957,165.38,711.29,11.22,10.86,0,121.92
135,957,1114.7,402.4,11.29,13.01,0,146.84
153,957,1218.8,705.91,13.65,12.05,0,164.46
155,957,1208.85,691.12,16.16,12.63,0,204.07
89,958,646.17,318.12,13.22,13.04,0,172.43
1,958,1208.03,690.48,12.93,10.87,0,140.46
124,958,1137.92,596.38,12.99,10.9,0,141.57
71,958,823.82,390.51,12.87,12.28,0,158.12
108,958,812.78,500.65,11.58,11.12,0,128.8
42,958,22.2,596.55,11.84,11.83,0,140.06
150,958,584.21,690.61,10.16,7.9,0,80.31
127,958,166.02,711.8,11.53,11.12,0,128.26
135,958,1114.54,402.06,11.18,12.89,0,144.11
153,958,1218.75,705.54,13.38,11.98,0,160.3
144,958,701.87,283.32,10.57,10.92,0,115.44
89,959,647.24,317.95,13.39,13.21,0,176.91
1,959,1208.36,690.79,13.2,11.03,0,145.6
124,959,1137.0,597.25,12.83,10.79,0,138.49
71,959,824.71,390.32,13.11,12.51,0,163.98
42,959,21.39,597.21,11.75,11.74,0,137.95
150,959,583.08,690.19,9.87,7.67,0,75.7
127,959,166.83,712.58,11.71,11.29,0,132.25
135,959,1114.38,401.69,10.93,12.58,0,137.43
153,959,1218.56,705.17,13.32,12.08,0,160.91
156,959,1217.51,703.78,11.14,12.72,0,141.74
144,959,700.97,283.39,9.82,10.2,0,100.16
89,960,648.29,317.85,13.37,13.19,0,176.35
1,960,1208.48,690.77,13.04,10.83,0,141.28
124,960,1136.22,597.9,13.13,11.09,0,145.6
71,960,825.18,390.28,13.08,12.49,0,163.42
42,960,20.48,597.9,11.76,11.69,0,137.57
150,960,581.96,690.03,10.29,8.02,0,82.55
127,960,167.89,713.32,11.51,11.09,0,127.7
135,960,1114.34,401.21,10.92,12.6,0,137.61
153,960,1218.51,704.39,13.36,12.29,0,164.22
156,960,1217.61,702.92,11.53,13.17,0,151.82
155,960,1209.99,691.79,16.54,12.93,0,213.86
89,961,649.3,317.63,13.32,13.22,0,176.06
1,961,1208.89,691.05,13.16,10.82,0,142.37
124,961,1134.84,598.7,13.14,11.11,0,146.0
71,961,825.87,389.77,12.63,12.11,0,153.0
42,961,19.62,598.59,11.69,11.59,0,135.43
150,961,580.99,689.78,9.96,7.74,0,77.07
127,961,168.75,713.95,11.72,11.32,0,132.67
135,961,1114.28,400.51,11.51,13.28,0,152.83
156,961,1218.03,702.88,11.51,13.14,0,151.25
155,961,1210.44,692.29,16.98,13.3,0,225.76
144,961,697.73,283.39,9.6,10.0,0,96.02
89,962,650.22,317.29,13.39,13.3,0,178.11
1,962,1209.01,691.04,12.97,10.57,0,137.11
124,962,1133.58,599.41,12.9,10.91,0,140.68
71,962,826.46,389.14,12.59,12.12,0,152.58
42,962,18.86,599.27,12.2,12.11,0,147.82
150,962,579.73,689.39,9.63,7.49,0,72.14
127,962,169.35,714.45,11.55,11.1,0,128.24
135,962,1114.06,399.88,12.28,14.15,0,173.88
156,962,1217.24,701.35,11.93,13.61,0,162.38
155,962,1210.62,692.19,16.61,13.04,0,216.53
144,962,697.12,282.71,9.92,10.35,0,102.68
89,963,651.28,316.91,13.59,13.5,0,183.41
1,963,1209.41,691.3,13.43,10.85,0,145.74
124,963,1132.9,600.02,13.16,11.15,0,146.79
71,963,827.2,388.7,12.66,12.17,0,154.12
42,963,18.48,599.97,13.01,12.94,0,168.38
150,963,578.77,689.11,9.9,7.67,0,75.93
127,963,169.8,714.71,11.22,10.57,0,118.62
135,963,1113.75,399.07,11.75,13.6,0,159.8
156,963,1216.43,700.36,12.36,14.05,0,173.65
144,963,695.83,282.46,10.11,10.53,0,106.45
89,964,652.22,316.38,13.52,13.47,0,182.12
124,964,1132.21,600.67,12.91,10.94,0,141.19
71,964,827.79,388.39,13.2,12.69,0,167.48
42,964,17.01,600.95,12.38,12.33,0,152.66
150,964,577.79,688.6,9.88,7.65,0,75.56
127,964,170.5,715.01,10.75,9.98,0,107.26
135,964,1113.52,398.34,11.79,13.68,0,161.21
156,964,1215.39,698.65,13.7,15.46,0,211.68
144,964,695.05,282.45,9.47,9.87,0,93.43
155,964,1211.36,693.29,18.51,14.57,0,269.78
89,965,653.01,315.92,13.59,13.57,0,184.39
124,965,1131.47,601.52,12.79,10.85,0,138.8
71,965,828.33,387.9,13.04,12.57,0,163.91
42,965,15.52,601.58,12.05,12.0,0,144.57
150,965,576.91,688.43,10.26,7.95,0,81.54
127,965,171.03,715.14,10.64,9.72,0,103.49
135,965,1113.49,398.12,11.8,13.72,0,161.78
156,965,1214.59,697.36,15.15,16.97,0,257.0
144,965,693.23,282.34,10.31,10.74,0,110.71
155,965,1211.97,694.2,20.14,15.94,0,321.03
1,965,1210.76,692.47,15.39,12.36,0,190.2
89,966,653.99,315.91,13.19,13.14,0,173.31
124,966,1130.62,602.41,13.23,11.24,0,148.73
71,966,828.89,387.46,13.2,12.79,0,168.88
42,966,14.68,602.09,11.99,11.93,0,143.09
150,966,576.09,688.31,10.17,7.89,0,80.3
127,966,171.82,715.46,10.16,9.08,0,92.24
135,966,1113.37,397.44,11.27,13.13,0,148.05
155,966,1212.55,695.15,21.16,16.93,0,358.29
89,967,655.1,315.5,13.47,13.43,0,180.86
124,967,1129.81,603.15,13.17,11.2,0,147.57
71,967,829.71,386.82,13.34,12.94,0,172.67
42,967,13.66,602.95,11.74,11.65,0,136.76
150,967,574.9,688.18,10.22,7.89,0,80.59
127,967,172.52,715.72,9.71,8.55,0,83.03
135,967,1113.47,396.74,11.36,13.25,0,150.6
156,967,1213.06,695.09,15.11,16.6,0,250.92
144,967,692.31,281.81,10.62,11.07,0,117.64
89,968,656.23,314.91,13.42,13.34,0,178.95
124,968,1129.24,603.73,13.3,11.34,0,150.87
71,968,830.22,386.31,13.34,12.99,0,173.24
42,968,12.23,603.78,11.71,11.6,0,135.77
150,968,573.7,687.81,9.97,7.72,0,76.97
127,968,173.02,715.64,9.98,8.72,0,87.04
135,968,1113.45,395.5,10.76,12.52,0,134.79
144,968,691.0,281.89,10.85,11.31,0,122.66
155,968,1213.32,695.48,21.02,17.0,0,357.43
89,969,657.36,314.69,13.41,13.33,0,178.75
124,969,1128.57,604.6,13.05,11.17,0,145.81
71,969,830.68,385.94,13.09,12.81,0,167.69
42,969,11.39,604.34,11.17,11.07,0,123.68
150,969,572.54,687.69,9.98,7.73,0,77.18
127,969,172.71,716.11,9.08,7.78,0,70.7
135,969,1113.38,394.81,10.68,12.42,0,132.68
144,969,690.43,281.74,10.78,11.15,0,120.23
155,969,1213.73,695.48,20.47,16.71,0,342.05
89,970,658.32,314.44,13.37,13.33,0,178.3
124,970,1127.99,605.44,13.16,11.28,0,148.38
71,970,831.31,385.74,13.17,12.92,0,170.15
42,970,10.24,605.1,11.38,11.31,0,128.69
150,970,571.27,687.56,9.73,7.54,0,73.37
127,970,171.92,716.27,8.77,7.46,0,65.44
135,970,1113.27,394.44,10.45,12.15,0,126.92
1,970,1213.73,694.31,17.91,14.46,0,258.96
89,971,659.39,314.23,13.51,13.47,0,182.02
124,971,1127.28,606.5,13.29,11.41,0,151.66
71,971,832.1,385.22,13.16,12.96,0,170.67
42,971,9.43,606.23,12.79,12.75,0,163.03
150,971,570.39,687.49,9.84,7.6,0,74.78
127,971,171.55,716.02,9.35,7.95,0,74.37
135,971,1113.43,394.34,10.82,12.54,0,135.62
1,971,1214.22,694.67,17.74,14.38,0,255.17
89,972,660.48,313.85,13.21,13.13,0,173.51
124,972,1126.51,607.46,12.89,11.07,0,142.73
71,972,832.72,384.83,13.49,13.34,0,180.07
42,972,8.13,607.78,12.65,12.66,0,160.16
150,972,569.25,687.46,9.58,7.39,0,70.79
135,972,1113.46,393.77,10.57,12.17,0,128.69
1,972,1214.51,694.76,16.96,13.71,0,232.52
89,973,661.52,313.66,13.39,13.35,0,178.81
124,973,1125.76,608.46,12.95,11.17,0,144.63
71,973,833.26,384.52,13.42,13.35,0,179.21
42,973,6.85,608.64,11.22,11.26,0,126.32
150,973,568.29,687.48,10.09,7.73,0,77.99
135,973,1113.48,393.38,10.65,12.22,0,130.15
1,973,1214.94,694.94,16.84,13.61,0,229.3
-1,974,1170.56,506.38,12.73,11.63,0,148.06
-1,974,646.28,700.23,10.79,7.57,0,81.73
-1,974,655.02,314.07,12.67,13.74,0,174.2
-1,974,837.49,349.71,12.27,12.99,0,159.38
-1,974,1274.59,567.64,10.83,13.42,0,145.31
-1,974,668.31,278.95,7.2,8.35,0,60.09
-1,974,1113.53,305.59,11.89,13.35,0,158.77
-1,975,705.0,697.75,10.18,7.79,0,79.32
-1,975,1189.95,407.45,12.43,11.84,0,147.12
-1,975,1093.28,211.65,12.01,10.81,0,129.92
-1,975,1256.88,638.46,13.14,12.76,0,167.66
-1,975,833.72,312.12,10.71,12.53,0,134.22
-1,975,652.35,278.46,9.96,11.25,0,112.06
-1,975,647.96,315.24,12.94,13.61,0,176.14
168,976,704.57,697.65,10.27,7.86,0,80.75
169,976,1189.63,407.89,12.47,11.87,0,148.02
170,976,1093.16,210.94,12.44,11.2,0,139.24
171,976,1257.47,638.92,12.99,12.61,0,163.73
172,976,833.63,310.99,10.75,12.57,0,135.22
173,976,651.47,278.56,9.23,10.43,0,96.25
174,976,648.86,313.66,13.0,13.69,0,177.92
168,977,703.56,697.51,10.31,7.87,0,81.14
169,977,1189.34,408.71,12.33,11.74,0,144.74
170,977,1092.89,209.99,12.16,10.94,0,133.02
171,977,1258.12,639.44,12.75,12.36,0,157.68
172,977,833.79,310.43,10.83,12.66,0,137.11
173,977,650.93,278.63,9.08,10.25,0,93.1
174,977,649.65,312.46,13.02,13.72,0,178.67
168,978,702.24,697.41,10.31,7.85,0,80.93
169,978,1189.09,409.51,12.2,11.61,0,141.64
170,978,1092.64,208.83,11.58,10.41,0,120.49
171,978,1258.96,640.43,12.82,12.42,0,159.13
172,978,834.1,308.96,10.45,12.21,0,127.52
173,978,649.68,278.95,9.58,10.8,0,103.46
174,978,650.36,311.55,12.99,13.71,0,178.08
168,979,701.18,697.22,9.42,7.16,0,67.41
169,979,1188.98,409.75,12.43,11.83,0,147.05
170,979,1092.52,207.85,11.83,10.63,0,125.78
171,979,1260.34,641.26,13.2,12.78,0,168.61
172,979,834.3,308.18,10.76,12.54,0,135.02
173,979,648.99,279.08,10.09,11.38,0,114.78
174,979,650.76,310.57,12.87,13.62,0,175.35
168,980,700.23,697.28,9.99,7.58,0,75.72
169,980,1188.91,410.42,12.22,11.62,0,141.97
170,980,1092.19,207.12,12.15,10.93,0,132.82
171,980,1261.13,641.97,13.12,12.69,0,166.54
172,980,834.35,306.9,10.69,12.43,0,132.84
173,980,647.52,278.81,9.39,10.6,0,99.5
174,980,651.34,309.53,12.77,13.54,0,172.89
168,981,699.04,697.24,10.04,7.61,0,76.35
169,981,1188.69,411.1,12.24,11.61,0,142.03
170,981,1091.96,206.39,12.17,10.99,0,133.76
171,981,1261.69,642.53,13.16,12.72,0,167.28
172,981,834.36,305.72,10.89,12.67,0,138.0
173,981,646.43,278.45,9.17,10.35,0,94.92
174,981,652.09,308.32,13.09,13.92,0,182.26
168,982,697.89,697.2,10.3,7.81,0,80.42
169,982,1188.36,411.93,12.3,11.64,0,143.26
170,982,1091.63,205.08,11.47,10.36,0,118.8
171,982,1262.47,642.94,13.09,12.63,0,165.32
172,982,834.56,304.54,11.09,12.95,0,143.64
173,982,645.39,278.54,9.13,10.29,0,93.95
174,982,653.05,306.97,13.26,14.17,0,187.89
168,983,697.21,697.17,10.23,7.76,0,79.39
169,983,1188.2,412.52,12.39,11.69,0,144.88
170,983,1091.34,204.34,11.38,10.28,0,116.96
171,983,1263.49,643.59,13.53,13.02,0,176.27
172,983,835.05,304.26,11.71,13.66,0,160.01
173,983,644.03,279.04,8.56,9.66,0,82.67
174,983,653.72,305.9,12.95,13.89,0,179.93
168,984,696.05,696.94,9.99,7.55,0,75.46
169,984,1187.91,413.28,12.78,12.06,0,154.12
170,984,1091.13,204.02,11.7,10.58,0,123.77
171,984,1264.72,644.36,13.2,12.67,0,167.28
172,984,835.11,302.68,11.18,13.02,0,145.48
173,984,643.2,278.77,8.48,9.58,0,81.23
174,984,654.21,305.0,12.76,13.74,0,175.33
168,985,695.05,696.61,10.44,7.83,0,81.68
169,985,1187.59,413.9,12.62,11.91,0,150.32
170,985,1091.04,203.33,11.7,10.6,0,123.99
171,985,1265.76,645.2,12.89,12.31,0,158.66
172,985,835.28,302.09,11.36,13.3,0,151.13
173,985,642.49,278.69,9.47,10.7,0,101.31
174,985,654.85,304.29,12.82,13.89,0,178.1
168,986,694.12,696.41,10.3,7.68,0,79.08
169,986,1187.18,414.54,12.4,11.72,0,145.3
170,986,1090.9,202.62,11.84,10.74,0,127.19
171,986,1266.53,645.74,13.05,12.44,0,162.29
172,986,835.47,300.8,11.16,13.08,0,146.05
174,986,656.2,303.05,12.62,13.78,0,173.89
168,987,693.4,696.29,10.46,7.75,0,81.07
169,987,1186.5,415.13,12.44,11.74,0,146.06
170,987,1090.3,201.61,11.22,10.16,0,114.03
171,987,1267.27,646.19,13.08,12.43,0,162.53
172,987,835.89,300.23,11.69,13.76,0,160.92
174,987,657.3,302.23,12.48,13.7,0,170.99
168,988,692.22,696.32,10.31,7.66,0,79.0
169,988,1186.03,415.76,12.4,11.74,0,145.55
170,988,1089.85,201.27,11.56,10.43,0,120.53
171,988,1268.05,646.73,13.32,12.6,0,167.94
172,988,835.68,299.01,11.02,12.97,0,142.93
174,988,658.08,301.55,12.18,13.46,0,163.86
173,988,639.26,280.24,9.2,10.4,0,95.65
168,989,691.05,696.35,10.29,7.61,0,78.3
169,989,1185.51,416.18,12.46,11.81,0,147.14
170,989,1089.47,201.03,11.73,10.53,0,123.6
171,989,1268.87,647.35,13.21,12.43,0,164.18
172,989,835.67,298.12,10.94,12.88,0,140.99
174,989,658.78,300.49,12.03,13.37,0,160.91
173,989,638.54,280.42,9.18,10.37,0,95.22
168,990,689.82,695.99,10.54,7.84,0,82.68
169,990,1184.74,417.09,12.31,11.65,0,143.4
170,990,1089.0,200.73,11.75,10.49,0,123.22
171,990,1269.55,647.89,13.26,12.43,0,164.81
172,990,835.65,296.73,10.89,12.84,0,139.79
174,990,659.48,299.23,12.31,13.75,0,169.28
168,991,689.1,695.77,10.39,7.76,0,80.65
169,991,1183.95,417.63,12.23,11.58,0,141.61
170,991,1088.42,200.41,12.01,10.67,0,128.18
171,991,1270.11,648.43,13.22,12.37,0,163.56
172,991,835.57,296.04,11.17,13.19,0,147.34
174,991,660.21,297.88,12.07,13.55,0,163.64
173,991,636.55,280.77,9.17,10.32,0,94.66
168,992,687.66,696.17,10.24,7.61,0,77.95
169,992,1183.09,418.75,11.97,11.3,0,135.31
170,992,1087.67,199.91,11.99,10.56,0,126.66
171,992,1270.93,648.85,13.25,12.33,0,163.29
172,992,835.33,295.6,11.52,13.66,0,157.42
174,992,660.86,297.03,11.81,13.33,0,157.42
173,992,635.35,280.61,9.32,10.51,0,97.94
168,993,686.25,695.86,10.08,7.54,0,76.0
169,993,1182.44,419.48,11.88,11.17,0,132.74
170,993,1086.69,199.11,11.41,10.03,0,114.4
171,993,1271.8,649.42,12.9,11.94,0,154.05
172,993,835.16,294.93,10.97,13.0,0,142.54
174,993,661.31,296.14,11.74,13.3,0,156.18
173,993,634.3,281.05,9.25,10.34,0,95.59
168,994,684.84,695.81,10.18,7.69,0,78.34
169,994,1182.06,419.99,12.1,11.39,0,137.78
170,994,1086.03,198.22,11.0,9.63,0,105.91
171,994,1272.31,649.86,12.81,11.83,0,151.53
172,994,834.67,293.95,11.1,13.13,0,145.75
174,994,661.88,295.09,11.86,13.48,0,159.9
173,994,633.48,281.13,9.68,10.79,0,104.41
168,995,683.83,695.7,10.06,7.69,0,77.36
169,995,1181.45,420.7,12.21,11.48,0,140.19
170,995,1085.06,197.71,11.1,9.7,0,107.73
171,995,1272.39,650.07,12.23,11.28,0,138.05
172,995,834.36,293.27,11.35,13.48,0,153.05
174,995,662.47,293.95,11.62,13.21,0,153.44
173,995,632.74,281.74,10.09,11.2,0,113.05
168,996,682.64,695.62,10.46,8.03,0,84.05
169,996,1180.88,421.5,12.22,11.47,0,140.23
170,996,1084.57,197.61,11.83,10.35,0,122.44
171,996,1272.67,650.6,12.17,11.3,0,137.55
172,996,834.01,292.26,11.47,13.67,0,156.78
174,996,662.97,293.1,11.4,12.96,0,147.76
173,996,631.14,282.0,9.47,10.53,0,99.72
168,997,681.27,695.68,10.33,7.99,0,82.55
169,997,1180.06,422.27,12.33,11.59,0,142.79
170,997,1083.64,197.02,11.74,10.3,0,120.83
171,997,1273.04,651.0,11.85,11.1,0,131.49
172,997,833.53,291.24,10.8,12.86,0,138.93
174,997,663.47,292.23,11.64,13.24,0,154.06
173,997,630.03,282.58,9.55,10.56,0,100.9
168,998,680.2,696.04,10.04,7.8,0,78.26
169,998,1179.38,422.85,12.24,11.54,0,141.22
170,998,1082.62,196.79,11.9,10.47,0,124.63
171,998,1273.44,651.74,11.47,10.84,0,124.39
172,998,833.04,289.83,10.16,12.06,0,122.45
174,998,663.9,291.25,12.08,13.78,0,166.42
173,998,628.91,282.68,9.48,10.4,0,98.61
168,999,678.92,695.89,10.32,8.02,0,82.82
169,999,1178.87,423.52,12.03,11.35,0,136.53
170,999,1081.91,196.62,12.0,10.6,0,127.21
171,999,1274.01,652.32,11.06,10.54,0,116.49
172,999,832.41,289.12,10.49,12.43,0,130.42
174,999,664.7,290.21,12.16,13.9,0,169.01
173,999,627.95,282.82,9.24,10.02,0,92.59
168,1000,677.69,696.16,10.24,7.93,0,81.23
169,1000,1178.38,424.31,11.85,11.2,0,132.64
170,1000,1081.61,196.45,12.09,10.7,0,129.45
171,1000,1274.48,652.84,10.46,10.08,0,105.41
172,1000,832.29,288.46,10.91,12.93,0,141.09
174,1000,665.22,289.18,12.24,14.03,0,171.68
173,1000,626.93,282.91,9.52,10.27,0,97.71
168,1001,676.31,696.3,9.81,7.61,0,74.65
169,1001,1178.01,425.06,12.13,11.47,0,139.15
170,1001,1081.09,196.21,12.28,10.9,0,133.85
171,1001,1274.84,653.25,9.93,9.65,0,95.78
172,1001,831.61,287.3,10.37,12.24,0,126.84
174,1001,665.76,288.15,12.06,13.85,0,166.95
168,1002,675.29,696.42,9.88,7.68,0,75.91
169,1002,1177.44,425.71,12.2,11.57,0,141.14
170,1002,1079.97,195.6,12.18,10.79,0,131.33
171,1002,1275.2,653.61,9.6,9.87,0,94.74
172,1002,831.02,286.82,10.75,12.67,0,136.12
174,1002,666.12,287.18,12.08,13.87,0,167.62
176,1002,572.84,5.17,12.12,10.34,0,125.41
173,1002,623.6,283.46,9.57,10.37,0,99.29
168,1003,674.62,696.43,9.7,7.55,0,73.21
169,1003,1177.15,426.57,12.2,11.61,0,141.64
170,1003,1079.09,195.17,11.79,10.43,0,123.0
171,1003,1275.57,654.13,8.85,9.81,0,86.85
172,1003,830.84,285.55,10.56,12.35,0,130.32
174,1003,666.81,286.11,11.89,13.63,0,162.02
176,1003,573.27,5.83,13.44,11.48,0,154.34
173,1003,622.16,283.81,9.24,10.04,0,92.85
168,1004,673.13,696.73,9.64,7.5,0,72.36
169,1004,1177.03,427.61,12.23,11.66,0,142.61
170,1004,1078.7,194.9,11.78,10.42,0,122.81
171,1004,1276.07,654.75,7.85,9.67,0,75.94
172,1004,830.84,284.68,10.89,12.62,0,137.41
174,1004,667.67,284.85,12.18,13.96,0,170.12
176,1004,573.01,5.79,13.44,11.51,0,154.64
168,1005,672.34,696.92,9.59,7.46,0,71.55
169,1005,1177.05,428.35,12.23,11.7,0,143.19
170,1005,1078.53,194.38,11.83,10.42,0,123.31
171,1005,1276.45,655.33,7.11,9.43,0,67.07
172,1005,830.66,283.71,11.03,12.71,0,140.21
174,1005,668.71,283.73,12.2,14.0,0,170.86
176,1005,572.23,6.24,13.21,11.38,0,150.31
173,1005,620.14,284.77,9.37,10.26,0,96.11
168,1006,671.43,697.44,9.61,7.43,0,71.34
169,1006,1177.05,429.23,12.24,11.76,0,143.88
170,1006,1078.41,194.08,11.98,10.55,0,126.36
171,1006,1276.73,655.53,6.53,8.99,0,58.72
172,1006,830.33,283.12,11.31,13.02,0,147.26
174,1006,669.56,282.61,12.14,13.9,0,168.63
176,1006,571.64,6.26,13.87,12.02,0,166.66
173,1006,619.34,285.11,9.13,9.97,0,91.06
168,1007,670.26,698.0,9.47,7.3,0,69.06
169,1007,1177.04,430.14,12.48,12.06,0,150.48
170,1007,1078.33,193.9,12.07,10.61,0,128.01
171,1007,1276.76,656.49,6.48,9.01,0,58.37
172,1007,830.37,282.49,10.64,12.21,0,129.88
174,1007,670.22,281.68,12.1,13.85,0,167.56
176,1007,571.09,6.6,13.8,12.02,0,165.97
173,1007,618.47,286.05,9.52,10.28,0,97.82
168,1008,669.36,698.19,9.91,7.58,0,75.15
169,1008,1176.87,430.9,12.61,12.21,0,153.86
170,1008,1078.0,193.67,12.0,10.52,0,126.22
172,1008,830.26,281.89,11.24,12.83,0,144.11
174,1008,670.89,280.85,11.94,13.65,0,162.94
176,1008,570.71,6.77,13.74,12.04,0,165.4
173,1008,617.33,286.42,9.31,10.07,0,93.7
168,1009,668.62,698.55,9.97,7.64,0,76.19
169,1009,1176.83,431.65,12.51,12.12,0,151.67
170,1009,1077.65,193.71,12.03,10.53,0,126.62
172,1009,830.17,280.97,11.42,12.95,0,147.92
174,1009,672.05,279.7,12.67,14.53,0,184.02
176,1009,570.87,7.56,14.33,12.69,0,181.84
168,1010,667.63,698.8,9.62,7.42,0,71.37
169,1010,1176.49,432.48,12.57,12.2,0,153.37
170,1010,1077.27,193.65,12.17,10.62,0,129.21
172,1010,829.8,280.3,11.03,12.45,0,137.42
174,1010,673.04,278.88,12.37,14.24,0,176.21
176,1010,570.3,8.33,14.03,12.56,0,176.2
173,1010,616.19,287.01,9.76,10.58,0,103.23
168,1011,666.66,699.06,9.7,7.48,0,72.6
169,1011,1176.22,433.39,12.59,12.24,0,154.13
170,1011,1076.82,193.51,12.08,10.46,0,126.38
172,1011,829.28,280.07,10.94,12.25,0,134.04
174,1011,673.65,278.42,12.38,14.27,0,176.65
176,1011,570.43,9.41,13.77,12.39,0,170.62
173,1011,614.84,287.91,10.02,10.85,0,108.71
168,1012,665.39,699.26,9.71,7.5,0,72.87
169,1012,1175.29,434.55,12.26,11.87,0,145.56
170,1012,1076.49,193.56,11.93,10.31,0,122.96
172,1012,829.0,279.36,11.16,12.42,0,138.61
174,1012,674.52,277.46,12.05,13.93,0,167.87
176,1012,570.04,10.01,13.18,11.97,0,157.71
173,1012,613.93,289.03,10.49,11.34,0,118.89
168,1013,664.36,699.45,9.9,7.67,0,75.99
169,1013,1174.93,435.47,12.34,11.88,0,146.55
170,1013,1075.63,193.38,11.87,10.23,0,121.36
172,1013,828.79,278.71,11.02,12.1,0,133.39
174,1013,675.32,276.49,11.91,13.8,0,164.35
176,1013,569.77,10.92,13.38,12.23,0,163.66
173,1013,613.48,289.77,10.38,11.18,0,116.04
168,1014,663.35,699.78,9.97,7.72,0,76.92
169,1014,1174.66,436.71,12.69,12.21,0,154.93
170,1014,1074.9,193.14,11.55,9.94,0,114.78
172,1014,828.16,278.14,11.65,12.65,0,147.42
174,1014,675.98,275.89,12.69,14.75,0,187.18
176,1014,569.33,11.96,13.13,12.13,0,159.23
173,1014,612.17,289.88,10.23,11.02,0,112.73
168,1015,662.23,700.12,10.04,7.74,0,77.7
169,1015,1174.28,437.68,12.63,12.13,0,153.18
170,1015,1074.32,193.24,11.85,10.19,0,120.75
172,1015,827.7,277.97,11.63,12.55,0,145.98
174,1015,676.49,274.98,12.56,14.66,0,184.21
176,1015,569.1,13.01,13.36,12.45,0,166.36
173,1015,610.83,290.91,10.19,11.0,0,112.01
168,1016,661.04,700.52,9.84,7.54,0,74.23
169,1016,1173.86,438.37,12.76,12.19,0,155.46
170,1016,1073.63,193.2,11.72,10.07,0,117.95
172,1016,827.38,277.45,11.43,12.24,0,139.87
174,1016,677.03,274.39,12.51,14.65,0,183.21
176,1016,568.23,13.82,13.28,12.46,0,165.47
173,1016,609.91,291.91,9.98,10.77,0,107.45
168,1017,660.07,700.84,9.78,7.47,0,73.12
169,1017,1173.43,439.22,12.96,12.28,0,159.08
170,1017,1072.33,193.1,11.64,9.94,0,115.71
172,1017,827.29,277.77,13.15,14.1,0,185.39
174,1017,677.52,273.38,12.29,14.38,0,176.7
176,1017,567.56,14.56,13.23,12.49,0,165.29
173,1017,609.08,292.1,9.87,10.64,0,105.12
168,1018,658.96,701.26,9.59,7.32,0,70.23
169,1018,1172.92,440.49,13.13,12.41,0,162.94
170,1018,1071.5,193.08,11.81,10.04,0,118.61
172,1018,826.24,276.95,12.7,13.65,0,173.46
174,1018,678.03,272.39,12.32,14.43,0,177.9
176,1018,566.98,15.22,13.74,13.08,0,179.74
173,1018,607.72,292.42,10.31,11.11,0,114.63
168,1019,658.1,701.52,9.98,7.52,0,75.04
169,1019,1172.5,441.59,12.84,12.07,0,155.0
170,1019,1070.55,193.08,12.13,10.32,0,125.25
172,1019,825.18,275.82,11.9,12.72,0,151.35
174,1019,678.36,271.63,12.04,14.14,0,170.23
176,1019,566.0,16.4,14.9,14.29,0,212.89
173,1019,606.43,292.42,9.74,10.46,0,101.92
168,1020,656.51,702.02,9.89,7.43,0,73.54
169,1020,1172.05,442.56,13.15,12.32,0,161.95
170,1020,1069.67,192.87,12.13,10.34,0,125.37
172,1020,824.59,275.46,12.02,12.75,0,153.24
174,1020,678.7,270.59,11.61,13.63,0,158.28
176,1020,565.46,17.2,14.3,13.83,0,197.77
173,1020,605.01,292.6,9.27,9.89,0,91.7
168,1021,655.26,702.39,10.17,7.58,0,77.1
169,1021,1171.35,443.66,13.11,12.22,0,160.21
170,1021,1068.74,193.04,12.04,10.2,0,122.86
172,1021,823.85,274.49,11.8,12.51,0,147.62
174,1021,679.11,269.75,11.72,13.82,0,161.93
176,1021,565.1,18.11,14.28,13.93,0,198.83
173,1021,603.02,292.93,9.52,10.16,0,96.8
168,1022,654.15,702.79,10.0,7.43,0,74.28
169,1022,1170.57,444.83,12.79,11.85,0,151.58
170,1022,1067.89,193.23,12.31,10.4,0,127.96
172,1022,822.98,274.28,12.06,12.79,0,154.21
174,1022,679.6,268.82,11.68,13.8,0,161.19
176,1022,564.85,19.08,14.03,13.8,0,193.66
173,1022,601.89,293.81,9.63,10.3,0,99.16
168,1023,652.76,703.3,10.13,7.57,0,76.64
169,1023,1170.0,445.89,13.09,12.11,0,158.58
170,1023,1066.83,193.26,12.22,10.31,0,126.05
172,1023,822.12,274.14,12.05,12.8,0,154.28
174,1023,680.47,267.91,11.49,13.6,0,156.34
176,1023,564.51,20.53,13.82,13.66,0,188.7
173,1023,601.19,294.5,10.07,10.79,0,108.7
168,1024,651.54,703.56,9.75,7.32,0,71.3
169,1024,1169.31,446.98,13.48,12.41,0,167.2
170,1024,1066.05,193.38,12.42,10.49,0,130.29
172,1024,821.4,273.87,12.47,13.27,0,165.45
174,1024,680.8,267.01,11.17,13.25,0,147.94
176,1024,563.95,21.99,13.44,13.38,0,179.81
173,1024,599.78,294.69,10.05,10.8,0,108.56
168,1025,650.32,703.85,9.94,7.5,0,74.59
169,1025,1168.68,447.56,13.5,12.3,0,166.1
170,1025,1065.04,193.48,12.72,10.76,0,136.85
172,1025,821.05,273.15,12.09,12.9,0,155.94
174,1025,681.26,266.46,11.4,13.54,0,154.36
176,1025,563.53,22.96,13.27,13.29,0,176.33
173,1025,598.49,295.34,9.5,10.11,0,96.02
168,1026,649.38,704.24,10.34,7.8,0,80.62
169,1026,1167.71,448.58,13.55,12.31,0,166.84
170,1026,1063.4,193.41,12.11,10.26,0,124.28
172,1026,820.48,272.78,11.68,12.39,0,144.76
174,1026,681.74,265.41,11.62,13.84,0,160.83
176,1026,562.95,23.52,13.24,13.33,0,176.37
173,1026,597.48,296.1,9.82,10.47,0,102.84
168,1027,647.93,704.32,10.24,7.72,0,78.99
169,1027,1166.7,449.55,13.6,12.3,0,167.31
170,1027,1062.19,193.32,12.11,10.22,0,123.76
172,1027,819.02,271.92,11.56,12.22,0,141.22
174,1027,682.24,264.52,11.54,13.76,0,158.77
176,1027,562.55,24.6,13.92,14.13,0,196.78
173,1027,596.48,296.64,10.36,11.06,0,114.61
168,1028,646.87,704.6,10.41,7.86,0,81.8
169,1028,1165.77,450.74,13.49,12.21,0,164.79
170,1028,1061.38,193.24,12.44,10.44,0,129.97
172,1028,818.39,271.39,11.61,12.27,0,142.44
174,1028,682.48,263.77,11.77,14.09,0,165.87
176,1028,561.84,25.91,12.93,13.17,0,170.33
173,1028,595.01,297.15,10.28,11.08,0,113.86
168,1029,645.84,704.91,10.47,7.92,0,82.89
169,1029,1165.31,452.0,13.53,12.26,0,165.86
170,1029,1060.8,193.14,12.75,10.68,0,136.12
172,1029,818.37,271.72,12.68,13.4,0,169.9
174,1029,682.88,262.95,11.21,13.39,0,150.03
176,1029,561.31,27.61,13.49,13.8,0,186.18
173,1029,593.95,298.3,10.19,11.03,0,112.39
168,1030,644.85,705.21,10.34,7.82,0,80.86
169,1030,1164.81,452.84,13.58,12.32,0,167.28
170,1030,1059.73,193.27,12.93,10.81,0,139.75
172,1030,817.39,271.08,12.79,13.66,0,174.67
174,1030,683.24,261.9,11.41,13.63,0,155.48
176,1030,560.9,28.37,13.17,13.53,0,178.22
173,1030,592.79,298.94,9.81,10.66,0,104.62
168,1031,643.83,705.5,10.23,7.78,0,79.64
169,1031,1164.51,453.7,13.48,12.2,0,164.47
170,1031,1058.99,193.37,12.79,10.65,0,136.13
172,1031,816.57,270.28,12.03,12.87,0,154.79
174,1031,683.84,260.88,12.02,14.4,0,173.17
176,1031,560.69,29.22,12.44,12.87,0,160.13
173,1031,591.41,299.07,9.83,10.72,0,105.37
177,1031,1277.03,397.1,5.94,8.7,0,51.62
168,1032,642.93,705.58,10.35,7.85,0,81.25
169,1032,1163.97,454.7,13.17,11.92,0,157.03
170,1032,1058.36,193.39,12.91,10.73,0,138.44
172,1032,815.54,269.78,11.55,12.32,0,142.25
174,1032,684.65,260.21,11.25,13.49,0,151.85
176,1032,560.28,30.59,12.78,13.31,0,170.14
173,1032,590.69,299.48,9.66,10.57,0,102.04
177,1032,1276.83,395.87,6.34,9.84,0,62.34
168,1033,642.07,705.95,10.01,7.61,0,76.2
169,1033,1163.63,455.88,12.99,11.71,0,152.14
170,1033,1057.9,192.84,12.62,10.45,0,131.85
172,1033,814.93,269.24,11.73,12.5,0,146.61
174,1033,685.28,259.3,11.38,13.58,0,154.59
176,1033,559.58,31.23,12.62,13.24,0,167.07
173,1033,589.57,300.04,8.79,9.57,0,84.15
177,1033,1276.91,395.41,6.18,9.6,0,59.31
168,1034,641.27,706.05,9.93,7.57,0,75.16
169,1034,1163.32,456.67,12.96,11.66,0,151.13
170,1034,1057.07,192.79,12.42,10.17,0,126.24
172,1034,814.13,268.83,11.14,11.84,0,131.88
174,1034,685.81,258.47,11.37,13.55,0,154.01
176,1034,559.25,32.29,12.49,13.22,0,165.19
173,1034,588.24,300.52,8.99,9.75,0,87.63
177,1034,1276.73,395.47,6.55,10.02,0,65.6
168,1035,640.18,706.21,10.31,7.86,0,81.06
169,1035,1163.04,457.3,12.98,11.68,0,151.64
170,1035,1056.15,192.72,12.05,9.75,0,117.56
172,1035,813.48,268.05,11.0,11.62,0,127.84
174,1035,686.2,257.29,11.57,13.81,0,159.77
176,1035,558.8,33.17,12.47,13.35,0,166.41
173,1035,587.18,301.02,9.76,10.6,0,103.39
177,1035,1276.43,395.25,7.13,10.83,0,77.26
178,1035,982.11,716.5,9.43,6.63,0,62.47
168,1036,639.26,706.55,10.61,8.02,0,85.09
169,1036,1162.71,458.17,13.4,12.07,0,161.8
170,1036,1054.59,192.63,11.65,9.39,0,109.39
172,1036,812.93,267.58,11.54,12.11,0,139.79
174,1036,686.54,256.74,11.63,13.9,0,161.62
176,1036,558.13,34.2,12.28,13.25,0,162.73
173,1036,586.28,301.68,9.2,9.91,0,91.22
177,1036,1276.16,394.6,7.68,11.26,0,86.53
178,1036,983.73,716.41,9.67,6.8,0,65.69
168,1037,638.42,706.82,9.94,7.48,0,74.35
169,1037,1162.32,459.32,13.48,12.14,0,163.61
170,1037,1053.8,192.75,11.83,9.48,0,112.13
172,1037,812.51,267.21,11.62,12.08,0,140.41
174,1037,687.36,256.04,11.24,13.51,0,151.86
176,1037,557.61,35.16,12.69,13.77,0,174.74
173,1037,585.15,302.3,9.08,9.8,0,89.03
177,1037,1275.92,393.99,8.08,11.58,0,93.57
178,1037,985.27,716.32,10.01,7.05,0,70.53
168,1038,637.46,707.5,9.64,7.24,0,69.8
169,1038,1161.87,461.06,13.47,12.16,0,163.88
170,1038,1053.14,192.69,11.98,9.57,0,114.71
172,1038,812.05,266.6,12.07,12.52,0,151.19
174,1038,688.13,255.29,11.9,14.35,0,170.72
176,1038,557.55,36.9,12.27,13.32,0,163.42
173,1038,583.84,302.76,10.73,11.69,0,125.46
177,1038,1275.78,393.53,8.21,11.75,0,96.48
178,1038,986.58,716.39,9.78,6.9,0,67.53
168,1039,636.06,707.87,10.07,7.56,0,76.07
169,1039,1161.53,462.12,13.39,12.11,0,162.13
170,1039,1053.26,192.57,12.59,10.01,0,126.02
172,1039,811.32,266.21,11.83,12.24,0,144.77
174,1039,688.87,254.08,11.72,14.07,0,164.89
176,1039,557.54,37.56,11.36,12.23,0,138.97
173,1039,583.19,303.28,11.11,12.13,0,134.77
177,1039,1275.64,393.3,8.44,12.05,0,101.7
178,1039,987.95,716.54,9.63,6.83,0,65.78
168,1040,635.09,708.12,10.2,7.62,0,77.73
169,1040,1161.39,462.96,13.32,12.05,0,160.43
170,1040,1053.01,192.31,12.56,9.96,0,125.12
172,1040,810.66,265.74,11.84,12.24,0,144.9
174,1040,689.8,253.17,11.58,13.93,0,161.36
176,1040,557.1,38.59,11.3,12.03,0,135.86
173,1040,582.59,303.8,11.3,12.43,0,140.48
177,1040,1275.68,392.37,8.54,12.2,0,104.14
178,1040,989.25,716.47,9.88,7.05,0,69.65
168,1041,634.18,708.76,9.88,7.38,0,72.94
169,1041,1161.14,463.88,13.13,11.89,0,156.15
170,1041,1052.64,191.88,12.59,9.94,0,125.12
172,1041,810.43,265.08,12.04,12.37,0,148.93
174,1041,690.35,252.16,11.7,14.1,0,164.98
176,1041,556.61,39.12,12.37,13.23,0,163.66
173,1041,582.07,304.32,11.15,12.33,0,137.4
177,1041,1275.69,391.31,8.48,12.09,0,102.5
178,1041,990.39,716.08,10.01,7.16,0,71.69
168,1042,633.17,709.16,10.42,7.79,0,81.22
169,1042,1161.08,464.76,13.12,11.89,0,156.06
170,1042,1052.2,191.44,12.8,10.11,0,129.45
172,1042,809.98,264.38,12.9,13.33,0,172.04
174,1042,690.94,251.63,11.95,14.48,0,173.08
176,1042,556.19,39.82,12.22,13.11,0,160.31
173,1042,580.59,304.58,10.04,11.12,0,111.69
177,1042,1275.57,390.58,8.86,12.69,0,112.38
178,1042,991.13,715.93,10.74,7.7,0,82.69
168,1043,631.75,709.78,10.72,8.0,0,85.75
169,1043,1160.95,465.8,13.01,11.81,0,153.63
170,1043,1051.83,191.18,12.86,10.17,0,130.76
172,1043,809.39,263.59,12.68,13.15,0,166.66
174,1043,691.46,249.88,11.44,13.85,0,158.48
176,1043,555.69,39.93,12.53,13.47,0,168.72
173,1043,579.56,305.21,9.58,10.56,0,101.2
177,1043,1275.46,390.02,9.07,13.49,0,122.34
178,1043,992.59,715.87,10.87,7.87,0,85.52
168,1044,630.77,710.38,10.58,7.87,0,83.23
169,1044,1160.82,466.82,13.11,11.91,0,156.06
170,1044,1051.36,190.82,12.76,10.08,0,128.59
172,1044,808.61,263.09,12.8,13.26,0,169.83
174,1044,691.98,248.95,11.49,13.9,0,159.72
176,1044,555.24,40.66,12.44,13.41,0,166.81
173,1044,578.31,306.32,9.76,10.74,0,104.79
177,1044,1275.5,389.3,9.0,13.59,0,122.38
178,1044,994.22,716.06,10.42,7.61,0,79.3
168,1045,629.93,710.85,10.2,7.58,0,77.32
169,1045,1160.84,467.73,13.27,12.06,0,160.09
170,1045,1050.81,190.22,12.68,10.05,0,127.44
172,1045,807.95,262.57,12.69,13.11,0,166.4
174,1045,692.54,247.36,11.75,14.24,0,167.28
176,1045,554.62,41.45,12.72,13.82,0,175.79
173,1045,576.75,307.1,8.87,9.72,0,86.2
177,1045,1275.53,388.01,8.94,13.23,0,118.31
178,1045,995.51,715.96,10.29,7.51,0,77.26
168,1046,628.71,711.36,10.03,7.49,0,75.16
169,1046,1160.86,468.78,13.24,12.04,0,159.37
170,1046,1050.37,190.04,12.6,9.98,0,125.81
172,1046,806.97,261.65,12.53,12.93,0,161.98
174,1046,693.26,246.11,11.6,14.01,0,162.53
176,1046,553.85,42.3,12.63,13.74,0,173.54
173,1046,576.15,307.23,9.71,10.61,0,103.06
177,1046,1275.55,386.82,8.65,12.49,0,108.1
178,1046,996.56,716.07,10.35,7.59,0,78.51
168,1047,627.5,711.68,10.34,7.77,0,80.31
169,1047,1160.71,469.7,13.26,12.04,0,159.7
170,1047,1049.54,189.93,12.87,10.26,0,132.04
172,1047,806.13,260.93,11.99,12.4,0,148.6
174,1047,693.51,245.6,11.93,14.45,0,172.35
176,1047,553.95,42.88,12.23,13.33,0,163.06
173,1047,574.74,307.74,9.5,10.39,0,98.73
177,1047,1275.43,386.02,8.73,12.54,0,109.48
178,1047,997.75,716.11,10.08,7.46,0,75.21
168,1048,626.21,711.88,10.33,7.81,0,80.75
169,1048,1160.25,470.64,13.39,12.17,0,162.95
170,1048,1048.93,189.61,13.06,10.48,0,136.78
172,1048,805.51,260.65,11.7,12.03,0,140.68
174,1048,693.66,244.5,12.04,14.53,0,174.85
176,1048,553.37,43.52,12.67,13.79,0,174.77
173,1048,573.21,307.79,8.89,9.61,0,85.42
177,1048,1275.52,385.45,8.84,12.71,0,112.32
178,1048,999.2,715.96,9.98,7.47,0,74.53
168,1049,625.02,712.37,10.03,7.59,0,76.16
169,1049,1159.54,471.46,13.26,11.98,0,158.84
170,1049,1048.3,189.44,12.97,10.47,0,135.7
172,1049,804.47,260.11,11.88,12.17,0,144.57
174,1049,693.87,243.51,11.79,14.23,0,167.68
176,1049,552.75,44.38,12.24,13.33,0,163.19
173,1049,571.07,308.07,9.3,10.09,0,93.78
177,1049,1275.37,384.66,9.06,12.99,0,117.77
178,1049,999.66,715.78,10.69,8.08,0,86.42
168,1050,623.54,712.67,10.09,7.55,0,76.16
169,1050,1158.89,472.24,13.28,11.96,0,158.82
170,1050,1047.42,188.94,13.48,10.96,0,147.73
172,1050,802.85,258.93,11.97,12.24,0,146.55
174,1050,693.85,242.46,11.53,13.97,0,161.06
176,1050,551.88,46.24,12.77,13.88,0,177.25
173,1050,569.77,308.76,9.18,9.94,0,91.28
177,1050,1275.15,383.65,9.13,12.98,0,118.53
178,1050,1000.31,715.67,10.86,8.24,0,89.51
168,1051,621.86,712.99,10.07,7.46,0,75.1
169,1051,1158.1,473.15,13.2,11.84,0,156.19
170,1051,1046.12,189.06,13.61,11.15,0,151.67
172,1051,802.08,258.55,12.43,12.65,0,157.13
174,1051,693.8,241.7,11.38,13.81,0,157.24
176,1051,551.42,46.53,12.9,14.02,0,180.84
173,1051,568.82,309.45,9.62,10.41,0,100.14
177,1051,1274.77,382.77,9.3,12.99,0,120.75
178,1051,1000.55,715.65,10.9,8.3,0,90.43
168,1052,620.09,713.52,10.2,7.6,0,77.47
169,1052,1157.23,474.31,13.29,11.86,0,157.65
170,1052,1044.81,189.08,13.05,10.7,0,139.65
172,1052,800.17,257.99,12.09,12.34,0,149.14
174,1052,693.99,240.95,11.33,13.74,0,155.74
176,1052,549.92,47.52,12.31,13.38,0,164.65
173,1052,567.18,309.81,9.82,10.61,0,104.1
177,1052,1274.21,382.37,9.95,13.68,0,136.14
178,1052,1000.85,715.49,11.02,8.39,0,92.39
168,1053,618.74,714.01,10.27,7.66,0,78.64
169,1053,1156.49,475.54,13.33,11.82,0,157.55
170,1053,1043.68,188.71,12.41,10.16,0,126.08
172,1053,798.73,257.8,12.11,12.37,0,149.83
174,1053,693.95,240.23,11.88,14.46,0,171.74
176,1053,549.31,48.33,12.39,13.44,0,166.51
173,1053,565.78,310.2,9.97,10.77,0,107.38
177,1053,1273.84,381.68,9.85,13.18,0,129.74
178,1053,1002.1,715.37,10.47,8.01,0,83.93
168,1054,617.45,714.24,10.25,7.65,0,78.41
169,1054,1155.67,476.55,13.1,11.53,0,150.94
170,1054,1042.73,188.53,13.11,10.78,0,141.27
172,1054,797.55,257.29,12.26,12.48,0,152.99
174,1054,694.25,239.0,11.72,14.33,0,167.92
176,1054,548.07,49.95,12.86,14.03,0,180.35
173,1054,564.48,310.74,9.93,10.78,0,107.07
177,1054,1273.34,380.88,10.02,12.99,0,130.18
178,1054,1003.14,715.15,10.17,7.81,0,79.44
168,1055,616.35,714.29,10.4,7.75,0,80.64
169,1055,1155.04,477.29,13.15,11.51,0,151.29
170,1055,1042.11,188.66,13.13,10.84,0,142.4
172,1055,796.59,256.73,12.09,12.21,0,147.61
174,1055,694.88,237.84,11.39,13.97,0,159.05
176,1055,548.05,50.99,11.97,13.12,0,157.02
173,1055,563.18,311.12,10.01,10.9,0,109.05
177,1055,1272.75,379.96,10.7,13.51,0,144.55
178,1055,1003.86,714.96,10.16,7.81,0,79.28
168,1056,615.41,714.48,10.75,7.96,0,85.57
169,1056,1154.37,477.99,13.48,11.73,0,158.14
170,1056,1040.66,188.28,12.62,10.37,0,130.87
172,1056,795.76,256.06,11.72,11.76,0,137.88
174,1056,695.45,237.25,11.19,13.71,0,153.4
176,1056,547.58,51.86,11.63,12.8,0,148.89
173,1056,562.21,311.45,10.01,10.92,0,109.23
177,1056,1271.98,379.32,11.52,14.18,0,163.37
178,1056,1004.67,714.5,10.28,7.9,0,81.2
168,1057,614.48,714.51,10.46,7.71,0,80.64
169,1057,1153.43,478.56,13.73,11.89,0,163.14
170,1057,1039.05,188.53,12.45,10.23,0,127.31
172,1057,794.79,255.81,11.63,11.63,0,135.25
174,1057,696.05,236.57,11.49,14.09,0,161.81
176,1057,547.42,53.17,11.63,12.83,0,149.21
173,1057,560.89,312.58,9.33,10.16,0,94.83
177,1057,1271.03,378.45,11.35,13.56,0,153.98
178,1057,1005.83,714.19,10.0,7.73,0,77.29
168,1058,613.35,714.47,10.47,7.71,0,80.63
169,1058,1151.93,479.46,13.77,11.87,0,163.43
170,1058,1038.07,188.57,13.0,10.7,0,139.02
172,1058,793.92,255.38,11.98,11.98,0,143.41
174,1058,696.74,235.21,11.66,14.34,0,167.18
176,1058,547.34,54.05,11.13,12.27,0,136.58
173,1058,560.34,313.39,9.39,10.27,0,96.42
177,1058,1269.95,377.39,11.34,13.19,0,149.57
178,1058,1006.75,713.67,10.59,8.26,0,87.42
168,1059,612.28,714.42,10.49,7.76,0,81.41
169,1059,1150.95,480.06,13.33,11.45,0,152.65
170,1059,1037.47,188.55,13.42,11.11,0,149.18
172,1059,792.99,254.56,12.35,12.36,0,152.62
174,1059,697.77,234.16,11.32,13.93,0,157.75
176,1059,547.56,54.79,11.22,12.36,0,138.63
173,1059,559.27,313.74,9.61,10.58,0,101.71
177,1059,1269.12,376.24,11.33,12.96,0,146.85
178,1059,1007.91,712.85,9.8,7.68,0,75.33
168,1060,611.69,714.0,10.51,7.78,0,81.81
169,1060,1150.39,480.44,13.31,11.42,0,152.09
170,1060,1036.74,188.2,13.01,10.81,0,140.68
172,1060,792.17,254.12,12.43,12.43,0,154.57
174,1060,698.48,233.35,11.18,13.74,0,153.62
173,1060,558.67,314.15,10.04,11.06,0,111.04
177,1060,1268.21,375.2,11.7,13.2,0,154.46
178,1060,1009.19,711.96,9.43,7.5,0,70.76
168,1061,610.91,713.52,9.94,7.38,0,73.35
169,1061,1149.78,480.75,13.32,11.42,0,152.15
170,1061,1035.55,188.12,12.56,10.45,0,131.22
172,1061,791.34,253.73,12.24,12.29,0,150.36
174,1061,698.91,232.56,11.25,13.83,0,155.51
173,1061,557.61,314.41,9.91,10.93,0,108.35
177,1061,1267.41,374.17,11.65,12.95,0,150.77
178,1061,1010.68,711.0,9.02,7.32,0,66.03
168,1062,610.01,715.35,10.25,7.54,0,77.26
169,1062,1153.27,482.69,13.34,11.42,0,152.3
170,1062,1036.36,187.6,12.83,10.71,0,137.41
172,1062,791.78,252.54,12.24,12.26,0,150.08
174,1062,700.12,230.53,11.34,13.92,0,157.87
173,1062,556.54,314.75,9.73,10.78,0,104.9
169,1063,1157.18,484.67,13.95,11.92,0,166.27
172,1063,791.94,251.44,13.2,13.2,0,174.22
174,1063,701.07,228.59,12.09,14.82,0,179.21
173,1063,555.05,315.13,9.58,10.6,0,101.58
172,1064,792.88,249.25,14.19,14.24,0,202.09
174,1064,702.21,226.59,12.48,15.33,0,191.37
173,1064,552.85,315.09,10.28,11.43,0,117.5
172,1065,792.88,248.72,14.87,15.03,0,223.52
174,1065,702.32,224.86,13.49,16.59,0,223.94
173,1065,550.92,315.64,10.95,12.22,0,133.78
187,1065,1168.86,489.28,17.35,14.19,0,246.2
188,1065,1047.54,181.03,15.88,13.81,0,219.2
172,1066,791.52,248.19,14.21,14.49,0,205.89
174,1066,703.11,224.75,14.52,17.97,0,260.83
173,1066,549.52,316.17,12.13,13.6,0,164.96
187,1066,1167.97,490.24,17.16,14.03,0,240.72
188,1066,1047.06,181.67,15.17,13.18,0,199.99
172,1067,789.83,247.53,15.15,15.54,0,235.37
174,1067,703.21,222.78,14.78,18.43,0,272.37
173,1067,549.3,316.52,11.84,13.45,0,159.27
187,1067,1166.77,491.02,17.21,14.08,0,242.29
188,1067,1045.33,181.39,14.24,12.36,0,176.08
172,1068,789.32,248.25,15.73,16.3,0,256.32
174,1068,702.98,221.41,14.7,18.42,0,270.82
173,1068,548.82,317.25,11.97,13.75,0,164.59
187,1068,1165.63,491.85,17.43,14.3,0,249.3
188,1068,1043.66,180.86,14.2,12.31,0,174.67
172,1069,788.13,247.5,15.0,15.6,0,233.97
174,1069,703.67,220.95,13.82,17.37,0,240.17
173,1069,547.38,317.79,11.69,13.53,0,158.11
187,1069,1164.62,492.86,16.92,13.92,0,235.5
188,1069,1042.59,181.23,14.56,12.63,0,183.84
172,1070,784.94,247.82,15.25,15.87,0,241.93
174,1070,702.75,220.7,13.76,17.38,0,239.01
173,1070,547.1,318.11,11.04,12.69,0,140.17
168,1070,598.91,715.96,10.87,7.93,0,86.27
170,1070,1035.23,183.56,14.98,12.55,0,188.06
174,1071,701.8,223.19,12.18,15.35,0,187.0
173,1071,547.85,321.34,10.86,12.53,0,136.04
174,1072,701.28,224.33,11.84,14.97,0,177.26
173,1072,547.4,322.36,9.73,11.34,0,110.37
192,1072,1128.32,486.1,14.7,11.44,0,168.23
193,1072,1008.91,699.36,6.83,7.98,0,54.52
194,1072,1241.71,365.3,13.96,13.44,0,187.6
195,1072,775.54,251.63,13.16,12.62,0,166.09
196,1072,598.99,708.04,11.4,8.66,0,98.76
197,1072,1014.92,191.24,14.21,11.77,0,167.29
174,1073,702.32,222.19,11.09,14.03,0,155.57
173,1073,545.55,322.39,9.1,10.58,0,96.36
195,1073,776.87,251.27,13.95,13.39,0,186.87
177,1073,1258.1,364.39,12.12,13.13,0,159.13
174,1074,704.82,217.92,12.15,15.44,0,187.54
173,1074,541.59,323.9,9.03,10.39,0,93.83
187,1074,1159.02,496.79,15.99,13.15,0,210.23
188,1074,1036.15,181.2,14.75,12.79,0,188.57
172,1074,780.78,246.34,14.6,15.24,0,222.43
174,1075,706.03,216.47,12.73,16.03,0,204.07
173,1075,538.78,324.94,9.86,11.32,0,111.59
187,1075,1158.09,497.2,16.59,13.63,0,226.15
188,1075,1034.79,180.84,15.47,13.37,0,206.93
172,1075,780.57,246.69,15.58,16.31,0,254.17
174,1076,706.29,214.77,13.18,16.56,0,218.26
173,1076,537.73,325.02,10.19,11.74,0,119.65
187,1076,1157.21,497.71,16.82,13.83,0,232.61
172,1076,778.74,246.14,15.07,15.84,0,238.81
170,1076,1033.0,180.25,14.29,11.77,0,168.24
174,1077,706.69,213.77,14.74,18.68,0,275.49
173,1077,537.48,325.41,11.48,13.29,0,152.67
187,1077,1156.03,497.79,16.41,13.44,0,220.57
172,1077,776.31,245.37,14.74,15.54,0,228.94
201,1077,1276.87,358.09,6.27,11.09,0,69.52
188,1077,1031.9,180.63,15.51,13.36,0,207.25
174,1078,706.55,213.17,15.46,19.62,0,303.43
173,1078,536.29,326.11,11.79,13.71,0,161.72
187,1078,1155.01,498.2,16.79,13.71,0,230.23
172,1078,775.07,244.93,14.01,14.88,0,208.4
201,1078,1276.52,357.48,6.9,12.15,0,83.85
188,1078,1030.99,180.7,15.33,13.03,0,199.72
174,1079,706.81,212.58,14.54,18.57,0,269.96
173,1079,535.04,326.66,10.73,12.45,0,133.64
187,1079,1154.24,498.56,16.21,13.2,0,213.9
172,1079,774.58,244.8,14.73,15.65,0,230.49
201,1079,1275.74,357.13,7.69,13.47,0,103.6
188,1079,1030.41,180.72,15.29,12.85,0,196.37
202,1079,1035.74,716.06,12.49,7.89,0,98.48
174,1080,706.93,211.2,14.16,18.17,0,257.23
173,1080,533.73,327.25,11.29,13.12,0,148.12
187,1080,1153.21,498.64,16.07,13.07,0,209.99
172,1080,772.77,244.33,15.27,16.34,0,249.44
201,1080,1275.21,356.2,8.22,14.31,0,117.7
188,1080,1028.92,179.83,15.35,12.88,0,197.64
202,1080,1036.0,716.1,12.35,7.81,0,96.39
174,1081,706.9,210.78,14.23,18.4,0,261.78
173,1081,533.25,327.87,10.45,12.13,0,126.73
187,1081,1152.08,499.0,16.62,13.44,0,223.45
172,1081,771.31,243.34,13.94,14.91,0,207.98
201,1081,1274.73,355.67,8.75,15.07,0,131.78
188,1081,1027.15,179.57,15.03,12.49,0,187.77
202,1081,1036.65,716.09,12.33,7.82,0,96.4
174,1082,707.13,208.87,14.23,18.46,0,262.76
173,1082,531.29,328.54,9.76,11.26,0,109.92
187,1082,1151.03,499.94,16.78,13.59,0,228.07
172,1082,769.94,243.42,15.02,16.18,0,243.12
201,1082,1274.35,355.13,9.36,15.95,0,149.23
188,1082,1025.94,179.21,15.29,12.76,0,195.1
202,1082,1036.95,716.09,11.7,7.44,0,87.06
174,1083,707.14,207.71,14.03,18.32,0,257.02
173,1083,530.07,329.49,9.62,11.1,0,106.82
187,1083,1149.56,500.58,16.56,13.41,0,222.15
172,1083,768.71,244.12,16.39,17.81,0,291.93
201,1083,1273.92,353.96,9.56,15.97,0,152.58
188,1083,1025.07,178.78,15.07,12.51,0,188.52
202,1083,1037.05,715.78,12.38,7.92,0,98.05
174,1084,706.76,206.64,13.83,18.08,0,249.97
173,1084,529.16,329.58,9.71,11.21,0,108.77
187,1084,1148.33,500.9,16.57,13.52,0,224.05
172,1084,766.81,241.88,14.03,15.23,0,213.58
201,1084,1273.23,352.75,10.14,16.52,0,167.51
188,1084,1023.85,178.38,15.13,12.57,0,190.18
202,1084,1037.16,715.7,12.57,8.09,0,101.66
174,1085,707.14,204.58,13.96,18.32,0,255.81
187,1085,1147.32,501.54,15.81,12.98,0,205.08
172,1085,766.22,242.52,15.16,16.37,0,248.23
201,1085,1272.7,351.57,10.46,16.54,0,172.91
188,1085,1022.39,177.83,14.74,12.17,0,179.33
202,1085,1037.24,715.41,13.12,8.53,0,111.97
174,1086,707.59,203.62,14.54,19.12,0,277.97
187,1086,1146.21,501.98,15.57,12.86,0,200.31
172,1086,763.63,241.18,15.59,16.87,0,263.1
201,1086,1272.04,350.85,10.98,16.8,0,184.45
188,1086,1020.71,178.19,15.31,12.67,0,194.0
202,1086,1037.3,714.94,13.74,9.04,0,124.23
174,1087,708.13,203.1,14.4,19.06,0,274.4
187,1087,1145.03,502.8,16.78,14.0,0,234.91
172,1087,763.24,241.45,14.45,15.61,0,225.52
201,1087,1271.47,350.05,11.42,16.89,0,192.88
188,1087,1019.23,177.92,15.92,13.29,0,211.51
202,1087,1037.48,714.35,14.57,9.7,0,141.29
173,1087,526.81,331.35,11.47,13.41,0,153.74
174,1088,708.54,201.7,14.3,18.94,0,270.9
187,1088,1143.95,503.31,16.36,13.74,0,224.75
172,1088,762.74,241.29,14.53,15.68,0,227.86
201,1088,1270.9,349.36,11.95,17.11,0,204.54
188,1088,1018.42,177.41,15.15,12.68,0,192.09
202,1088,1037.58,714.03,14.85,10.02,0,148.8
173,1088,526.57,331.57,11.99,14.13,0,169.43
174,1089,708.52,200.28,14.11,18.78,0,264.91
187,1089,1143.28,503.84,16.19,13.59,0,219.98
172,1089,762.51,241.44,14.02,15.16,0,212.55
201,1089,1270.18,348.5,12.69,17.66,0,224.09
188,1089,1017.77,177.28,14.91,12.52,0,186.59
202,1089,1037.57,713.73,14.84,10.15,0,150.57
173,1089,526.04,332.27,11.55,13.61,0,157.11
174,1090,709.01,199.31,12.87,17.05,0,219.5
187,1090,1142.26,504.46,16.36,13.75,0,225.04
172,1090,760.08,240.42,13.74,14.86,0,204.26
201,1090,1269.35,347.33,13.12,17.82,0,233.82
188,1090,1016.64,177.41,14.82,12.49,0,185.13
202,1090,1037.7,713.46,14.53,10.05,0,146.01
174,1091,709.34,199.23,13.83,18.24,0,252.32
187,1091,1141.45,505.44,16.73,14.14,0,236.55
172,1091,759.17,240.55,14.04,15.12,0,212.26
201,1091,1268.53,345.99,12.72,16.88,0,214.65
188,1091,1015.05,177.09,15.65,13.22,0,206.86
202,1091,1038.14,711.97,13.7,9.54,0,130.79
173,1091,523.37,333.97,11.38,13.5,0,153.66
174,1092,709.38,196.81,13.43,17.72,0,237.9
187,1092,1140.76,505.88,16.41,13.96,0,228.99
172,1092,758.2,240.35,14.03,15.23,0,213.64
201,1092,1267.58,344.81,12.16,15.68,0,190.59
188,1092,1014.1,177.02,15.45,13.1,0,202.31
202,1092,1038.32,711.4,13.51,9.48,0,128.07
173,1092,523.04,335.43,10.1,11.91,0,120.33
174,1093,709.43,196.26,12.94,17.11,0,221.47
187,1093,1140.14,505.81,15.99,13.66,0,218.47
172,1093,757.04,239.76,13.92,15.12,0,210.45
201,1093,1266.97,343.96,12.51,15.77,0,197.31
188,1093,1013.61,176.41,15.38,13.02,0,200.31
202,1093,1038.72,710.72,13.12,9.33,0,122.42
173,1093,522.15,336.81,10.17,11.94,0,121.49
174,1094,709.45,195.81,13.61,18.05,0,245.61
187,1094,1139.01,506.36,15.68,13.42,0,210.35
172,1094,756.61,239.67,14.2,15.48,0,219.75
201,1094,1266.02,342.95,12.76,15.66,0,199.92
188,1094,1012.48,176.1,15.76,13.38,0,210.75
202,1094,1038.9,710.46,12.77,9.21,0,117.63
173,1094,521.79,337.33,11.11,13.09,0,145.39
174,1095,709.57,194.06,13.51,17.92,0,242.16
187,1095,1137.79,506.91,15.33,13.06,0,200.17
172,1095,755.33,238.26,15.11,16.52,0,249.54
201,1095,1264.98,342.09,12.97,15.53,0,201.38
188,1095,1011.4,175.9,15.63,13.3,0,207.84
202,1095,1039.23,710.04,13.28,9.68,0,128.59
173,1095,520.08,338.06,10.92,12.98,0,141.72
174,1096,709.68,192.69,12.68,16.75,0,212.3
187,1096,1136.44,508.16,16.31,13.91,0,227.0
172,1096,753.87,237.2,14.86,16.15,0,240.03
201,1096,1263.59,341.12,13.03,15.23,0,198.35
188,1096,1010.5,175.58,15.32,13.06,0,200.1
202,1096,1038.96,709.22,14.8,10.93,0,161.81
173,1096,520.16,338.88,10.97,13.1,0,143.72
174,1097,709.9,191.6,13.41,17.69,0,237.27
187,1097,1135.61,508.93,16.7,14.26,0,238.13
172,1097,751.29,236.54,13.04,14.22,0,185.39
201,1097,1262.56,340.16,13.18,15.08,0,198.84
188,1097,1009.65,175.4,15.44,13.2,0,203.83
202,1097,1038.94,708.99,15.0,11.2,0,167.91
173,1097,520.1,339.57,10.46,12.53,0,131.02
174,1098,710.48,190.65,12.42,16.35,0,203.02
187,1098,1134.78,509.8,16.52,14.12,0,233.26
172,1098,750.06,236.3,12.72,13.76,0,175.01
201,1098,1261.97,338.88,13.52,15.23,0,205.93
188,1098,1009.02,175.03,15.49,13.28,0,205.61
202,1098,1039.58,708.52,14.61,11.01,0,160.87
173,1098,518.98,341.22,10.32,12.4,0,128.0
174,1099,710.84,189.4,13.1,17.24,0,225.95
187,1099,1134.58,509.97,16.16,13.8,0,223.02
172,1099,749.21,236.95,15.51,16.92,0,262.37
201,1099,1261.52,337.93,13.98,15.6,0,218.16
188,1099,1008.34,174.6,15.84,13.6,0,215.47
202,1099,1039.88,707.95,14.27,10.81,0,154.25
173,1099,518.19,341.7,10.7,12.88,0,137.74
174,1100,711.44,188.17,14.13,18.51,0,261.67
187,1100,1134.19,510.64,16.28,13.9,0,226.26
172,1100,748.26,235.63,14.52,15.77,0,229.02
201,1100,1261.19,337.13,14.16,15.65,0,221.52
188,1100,1007.06,174.52,15.42,13.26,0,204.49
202,1100,1040.84,707.29,13.61,10.42,0,141.74
173,1100,517.83,342.04,10.3,12.36,0,127.4
174,1101,711.27,188.32,12.66,16.56,0,209.58
172,1101,747.14,237.51,13.33,14.41,0,192.11
173,1101,518.61,343.52,10.14,12.28,0,124.52
174,1102,709.83,191.75,12.21,15.86,0,193.66
172,1102,742.92,240.29,13.46,14.56,0,195.94
173,1102,520.63,344.63,9.66,11.71,0,113.21
174,1103,709.57,192.3,11.51,14.88,0,171.32
172,1103,741.62,240.61,12.82,13.84,0,177.36
173,1103,520.9,345.5,9.29,11.28,0,104.78
208,1103,1020.44,683.88,9.83,8.49,0,83.45
209,1103,1218.71,336.63,14.36,13.98,0,200.85
210,1103,1102.44,503.79,13.79,12.09,0,166.63
211,1103,985.45,184.03,13.42,11.4,0,152.98
212,1103,567.2,715.7,11.19,8.28,0,92.65
174,1104,709.7,191.99,11.13,14.33,0,159.43
172,1104,740.18,240.21,12.11,13.0,0,157.48
173,1104,521.26,346.41,9.47,11.51,0,109.08
208,1104,1019.91,684.0,10.9,9.45,0,102.95
209,1104,1218.31,335.5,14.58,14.18,0,206.66
210,1104,1102.52,504.38,14.1,12.35,0,174.19
211,1104,984.84,183.49,13.46,11.43,0,153.81
212,1104,566.17,715.94,10.65,7.88,0,83.9
174,1105,709.86,191.2,11.19,14.34,0,160.51
172,1105,739.91,240.95,13.32,14.27,0,190.19
173,1105,520.76,347.15,9.89,12.11,0,119.71
208,1105,1019.86,684.0,11.3,9.84,0,111.29
209,1105,1218.09,334.77,14.62,14.2,0,207.64
210,1105,1102.31,505.06,14.25,12.49,0,177.97
211,1105,984.13,183.23,13.41,11.39,0,152.74
212,1105,565.33,716.2,10.25,7.56,0,77.56
174,1106,710.56,189.98,11.66,14.98,0,174.76
172,1106,739.05,239.83,12.4,13.26,0,164.46
173,1106,520.25,348.55,9.37,11.48,0,107.52
208,1106,1021.8,683.35,9.71,8.53,0,82.82
209,1106,1218.27,334.11,14.34,13.9,0,199.36
210,1106,1102.1,506.06,13.9,12.2,0,169.58
211,1106,983.41,182.82,13.2,11.24,0,148.39
212,1106,564.37,716.26,10.16,7.48,0,76.04
174,1107,711.09,188.88,11.59,14.85,0,172.09
172,1107,738.44,239.08,12.66,13.52,0,171.26
173,1107,519.8,348.07,9.58,11.87,0,113.7
208,1107,1022.7,683.21,10.27,9.1,0,93.38
209,1107,1218.07,333.29,14.57,14.08,0,205.18
210,1107,1101.8,507.0,13.43,11.78,0,158.2
211,1107,982.84,182.62,13.96,11.91,0,166.17
212,1107,563.68,716.3,9.99,7.36,0,73.54
174,1108,711.56,187.61,12.21,15.74,0,192.22
172,1108,737.23,238.29,12.73,13.65,0,173.86
173,1108,519.33,349.03,8.82,10.95,0,96.62
208,1108,1022.87,683.23,11.65,10.41,0,121.33
209,1108,1218.01,332.23,14.71,14.22,0,209.21
210,1108,1101.63,507.9,13.42,11.76,0,157.87
211,1108,982.33,182.48,14.1,12.05,0,169.82
212,1108,563.27,716.35,9.73,7.15,0,69.62
174,1109,711.62,186.41,11.74,15.15,0,177.82
172,1109,736.08,237.7,12.74,13.62,0,173.52
173,1109,518.87,350.14,8.98,11.12,0,99.9
208,1109,1024.24,682.76,10.74,9.71,0,104.27
209,1109,1217.68,330.99,14.41,13.87,0,199.81
210,1109,1101.43,508.71,12.98,11.37,0,147.56
211,1109,982.22,182.02,13.7,11.66,0,159.76
212,1109,562.71,716.29,10.03,7.39,0,74.15
174,1110,712.09,185.56,11.94,15.31,0,182.76
172,1110,735.05,236.68,12.42,13.2,0,164.01
173,1110,518.08,350.77,9.35,11.5,0,107.49
208,1110,1024.73,682.64,10.98,10.01,0,109.88
209,1110,1217.51,330.38,14.76,14.14,0,208.77
210,1110,1101.24,509.3,13.35,11.7,0,156.26
211,1110,981.65,181.91,13.47,11.44,0,154.1
212,1110,561.97,716.19,10.33,7.62,0,78.75
174,1111,712.57,184.29,12.08,15.46,0,186.8
172,1111,734.31,236.93,13.04,13.82,0,180.24
173,1111,517.87,351.64,9.69,11.94,0,115.64
208,1111,1026.23,681.95,10.03,9.23,0,92.57
209,1111,1217.24,329.72,14.79,14.09,0,208.38
210,1111,1100.84,510.37,13.57,11.89,0,161.34
211,1111,980.63,181.46,13.44,11.38,0,152.84
174,1112,713.04,183.26,11.78,15.02,0,177.01
172,1112,733.01,235.87,11.66,12.31,0,143.57
173,1112,517.67,351.85,10.08,12.45,0,125.47
208,1112,1026.56,681.89,10.61,9.82,0,104.27
209,1112,1216.7,328.88,14.58,13.82,0,201.58
210,1112,1100.58,511.2,14.02,12.28,0,172.16
211,1112,980.0,181.01,13.32,11.2,0,149.15
174,1113,713.54,182.66,11.78,14.96,0,176.18
172,1113,732.48,234.84,12.42,13.11,0,162.74
173,1113,517.35,352.94,9.86,12.27,0,120.98
208,1113,1027.48,681.89,11.18,10.46,0,116.98
209,1113,1216.18,327.97,14.83,13.99,0,207.4
210,1113,1100.46,511.78,14.13,12.37,0,174.72
211,1113,979.7,180.66,13.12,10.97,0,143.86
174,1114,713.97,181.09,12.0,15.19,0,182.35
172,1114,731.3,234.65,11.61,12.13,0,140.88
173,1114,517.12,353.93,9.98,12.5,0,124.79
208,1114,1028.18,681.96,11.09,10.41,0,115.38
209,1114,1215.92,327.26,14.89,14.0,0,208.47
210,1114,1100.42,512.71,14.23,12.49,0,177.69
211,1114,979.46,180.2,13.44,11.22,0,150.85
174,1115,714.37,179.79,12.4,15.55,0,192.78
172,1115,730.79,234.12,12.59,13.19,0,165.96
173,1115,516.8,354.84,9.76,12.32,0,120.22
208,1115,1029.44,681.64,11.75,11.09,0,130.39
209,1115,1216.0,326.56,14.64,13.69,0,200.49
210,1115,1100.43,513.11,14.22,12.52,0,177.96
211,1115,978.97,179.89,13.04,10.74,0,139.98
174,1116,714.72,179.04,12.65,15.8,0,199.87
172,1116,729.82,233.28,12.16,12.77,0,155.2
173,1116,516.26,356.17,9.44,11.88,0,112.21
208,1116,1030.41,681.15,11.72,11.15,0,130.67
209,1116,1215.9,325.55,14.23,13.25,0,188.5
210,1116,1100.12,513.92,13.75,12.12,0,166.62
211,1116,978.49,179.67,13.55,11.09,0,150.26
174,1117,715.09,177.81,12.83,16.01,0,205.39
172,1117,729.63,232.93,12.32,12.93,0,159.38
173,1117,516.22,357.29,9.64,12.1,0,116.67
208,1117,1031.63,680.36,11.22,10.74,0,120.56
209,1117,1215.63,324.85,14.8,13.74,0,203.38
210,1117,1099.93,514.67,13.38,11.82,0,158.16
211,1117,977.71,179.0,13.45,10.9,0,146.57
174,1118,715.58,176.43,12.48,15.5,0,193.35
172,1118,727.96,232.18,13.19,13.92,0,183.6
173,1118,516.04,358.0,9.49,11.9,0,112.91
208,1118,1032.47,679.77,11.0,10.58,0,116.33
209,1118,1215.41,323.47,14.76,13.62,0,201.09
210,1118,1099.83,515.49,13.4,11.87,0,159.03
211,1118,977.45,178.87,13.91,11.24,0,156.29
174,1119,715.68,175.33,12.28,15.21,0,186.82
172,1119,727.53,231.25,13.41,14.15,0,189.79
173,1119,516.34,359.15,10.09,12.63,0,127.44
208,1119,1033.14,679.31,11.55,11.23,0,129.73
209,1119,1214.81,322.39,14.59,13.36,0,194.85
210,1119,1099.61,516.06,13.51,12.01,0,162.25
211,1119,976.92,178.92,14.04,11.31,0,158.82
174,1120,716.07,174.59,12.54,15.4,0,193.19
172,1120,726.03,230.36,12.87,13.52,0,174.0
173,1120,515.72,359.55,9.97,12.54,0,125.06
208,1120,1033.91,678.29,10.96,10.69,0,117.21
209,1120,1214.65,321.21,14.82,13.51,0,200.24
210,1120,1099.39,516.58,13.4,12.0,0,160.82
211,1120,975.71,178.09,13.88,11.1,0,154.02
174,1121,716.47,173.01,12.8,15.7,0,200.86
172,1121,725.67,230.51,13.18,13.87,0,182.79
173,1121,515.58,360.21,9.25,11.66,0,107.89
208,1121,1034.66,677.73,10.59,10.33,0,109.44
209,1121,1214.36,320.33,14.98,13.6,0,203.68
210,1121,1099.19,517.29,13.4,12.09,0,162.02
211,1121,975.31,177.63,13.61,10.8,0,146.97
174,1122,716.61,172.35,12.89,15.68,0,202.16
172,1122,724.75,229.68,13.21,13.89,0,183.45
173,1122,515.29,360.92,9.29,11.73,0,108.99
208,1122,1036.22,676.61,10.37,10.25,0,106.23
209,1122,1214.15,319.77,15.42,13.97,0,215.31
210,1122,1098.74,517.96,13.42,12.21,0,163.78
211,1122,974.76,177.41,13.62,10.75,0,146.35
174,1123,716.68,171.09,12.47,15.19,0,189.48
172,1123,724.12,229.19,13.4,14.06,0,188.29
173,1123,515.29,361.97,9.29,11.88,0,110.4
208,1123,1037.11,675.65,10.18,10.18,0,103.67
209,1123,1213.77,318.88,15.92,14.49,0,230.68
210,1123,1098.72,518.67,13.33,12.18,0,162.36
211,1123,974.37,177.29,13.2,10.29,0,135.85
174,1124,716.85,169.38,13.0,15.83,0,205.82
172,1124,723.72,228.42,12.88,13.51,0,174.03
173,1124,515.19,363.33,9.66,12.34,0,119.27
208,1124,1037.75,674.99,11.02,11.11,0,122.43
209,1124,1213.49,318.11,15.52,14.14,0,219.39
210,1124,1098.53,519.1,13.22,12.12,0,160.21
211,1124,974.09,177.14,13.4,10.37,0,138.97
174,1125,717.04,168.59,13.38,16.34,0,218.72
172,1125,723.01,228.09,12.9,13.5,0,174.1
173,1125,514.64,364.16,9.04,11.39,0,103.02
208,1125,1038.56,673.96,10.42,10.61,0,110.62
209,1125,1213.03,317.07,14.81,13.52,0,200.21
210,1125,1098.51,519.89,13.44,12.42,0,166.94
211,1125,973.49,176.9,13.41,10.28,0,137.86
174,1126,717.28,168.1,13.64,16.59,0,226.35
172,1126,722.32,227.15,13.95,14.68,0,204.8
173,1126,514.74,364.64,9.11,11.46,0,104.43
208,1126,1038.69,673.96,11.37,11.68,0,132.83
209,1126,1212.73,316.33,15.14,13.91,0,210.68
210,1126,1098.24,520.62,13.51,12.52,0,169.19
211,1126,972.53,176.59,13.74,10.47,0,143.8
174,1127,717.75,167.04,14.03,16.95,0,237.93
172,1127,721.23,226.89,13.33,13.99,0,186.6
173,1127,514.81,365.99,9.81,12.34,0,121.05
208,1127,1038.73,673.75,12.05,12.49,0,150.55
209,1127,1212.15,315.38,15.34,14.13,0,216.65
210,1127,1097.68,521.54,13.36,12.42,0,165.86
211,1127,971.81,176.71,13.93,10.59,0,147.6
174,1128,717.65,166.88,13.12,15.8,0,207.37
172,1128,720.75,226.61,13.18,13.81,0,181.99
173,1128,514.32,366.86,9.27,11.67,0,108.25
208,1128,1040.07,673.09,11.65,12.16,0,141.76
209,1128,1211.67,314.46,15.49,14.32,0,221.86
210,1128,1097.34,522.17,13.09,12.22,0,159.98
211,1128,970.97,176.71,14.43,10.98,0,158.33
174,1129,717.71,166.05,13.13,15.78,0,207.32
172,1129,719.72,226.04,13.99,14.62,0,204.58
173,1129,514.0,368.6,8.89,11.17,0,99.31
208,1129,1040.82,672.35,11.34,11.92,0,135.09
209,1129,1211.02,313.56,14.49,13.38,0,193.87
210,1129,1096.86,523.11,12.5,11.66,0,145.64
211,1129,970.44,176.67,14.53,11.1,0,161.35
174,1130,718.03,165.02,14.15,16.94,0,239.65
172,1130,718.52,225.81,13.17,13.73,0,180.84
173,1130,513.81,369.29,9.04,11.29,0,102.05
208,1130,1041.79,671.3,10.24,10.73,0,109.85
209,1130,1210.54,313.03,14.72,13.61,0,200.21
210,1130,1096.59,524.01,12.97,12.1,0,156.87
211,1130,969.52,176.26,14.44,11.01,0,159.07
174,1131,718.05,164.43,14.45,17.21,0,248.61
172,1131,717.07,224.95,12.55,13.08,0,164.2
173,1131,513.48,369.71,9.13,11.43,0,104.35
208,1131,1042.67,670.43,10.42,10.98,0,114.38
209,1131,1210.16,312.43,15.19,14.09,0,213.9
210,1131,1096.22,525.31,13.18,12.29,0,161.99
211,1131,968.58,176.24,14.59,11.07,0,161.55
174,1132,718.41,162.91,13.48,16.05,0,216.36
172,1132,716.55,225.18,13.34,13.88,0,185.21
173,1132,513.29,371.77,8.38,10.48,0,87.83
208,1132,1043.39,670.02,10.51,11.13,0,116.93
209,1132,1209.6,311.62,15.31,14.22,0,217.69
210,1132,1096.04,526.2,13.15,12.29,0,161.58
211,1132,968.33,176.06,14.4,10.88,0,156.62
174,1133,718.51,161.8,13.51,16.14,0,218.11
172,1133,715.32,224.81,12.95,13.48,0,174.62
173,1133,513.17,373.26,8.32,10.34,0,85.96
208,1133,1043.93,669.88,10.88,11.63,0,126.51
209,1133,1208.89,310.96,14.89,13.85,0,206.32
210,1133,1095.86,527.29,13.55,12.68,0,171.86
211,1133,967.51,176.12,14.33,10.77,0,154.29
174,1134,718.33,160.92,13.25,15.63,0,207.13
172,1134,714.48,224.13,12.41,12.99,0,161.26
173,1134,512.76,374.31,8.34,10.4,0,86.8
208,1134,1044.87,669.18,10.18,10.95,0,111.41
209,1134,1208.54,310.51,14.56,13.49,0,196.39
210,1134,1095.32,528.04,13.46,12.61,0,169.67
211,1134,967.03,176.0,14.77,11.04,0,163.03
174,1135,718.93,160.14,13.57,15.94,0,216.38
172,1135,713.82,223.67,13.56,14.28,0,193.66
173,1135,512.91,375.96,7.79,9.69,0,75.52
208,1135,1045.94,668.77,10.43,11.17,0,116.43
209,1135,1208.44,309.96,15.26,14.17,0,216.16
210,1135,1095.19,528.64,13.25,12.44,0,164.79
211,1135,966.57,175.85,15.04,11.19,0,168.36
174,1136,718.88,158.99,13.85,16.29,0,225.61
172,1136,712.09,223.22,12.65,13.41,0,169.56
173,1136,512.93,376.58,7.86,9.75,0,76.61
208,1136,1046.79,668.08,11.18,11.98,0,133.95
209,1136,1208.22,309.19,15.28,14.24,0,217.65
210,1136,1095.1,529.46,13.05,12.24,0,159.79
211,1136,965.69,175.75,15.08,11.18,0,168.68
174,1137,719.37,157.84,13.15,15.61,0,205.22
172,1137,711.17,222.52,12.1,12.82,0,155.18
173,1137,512.75,377.68,7.8,9.69,0,75.57
208,1137,1047.36,667.65,11.23,12.09,0,135.68
209,1137,1207.69,308.12,15.14,14.16,0,214.41
210,1137,1095.12,529.98,13.33,12.54,0,167.16
211,1137,965.05,175.49,14.58,10.77,0,157.07
217,1137,520.14,118.67,12.57,11.45,0,143.93
174,1138,719.52,156.97,14.16,16.91,0,239.38
172,1138,710.31,222.57,13.25,14.06,0,186.29
173,1138,513.14,378.38,8.89,11.02,0,98.0
208,1138,1048.59,667.38,10.91,11.76,0,128.25
209,1138,1207.25,307.08,14.66,13.67,0,200.44
210,1138,1095.02,530.99,13.14,12.37,0,162.51
211,1138,964.6,175.25,14.52,10.67,0,155.0
174,1139,719.69,155.87,14.81,17.69,0,262.08
172,1139,709.62,221.77,12.9,13.65,0,176.13
173,1139,512.74,379.57,8.47,10.54,0,89.28
208,1139,1049.74,667.11,11.32,12.24,0,138.64
209,1139,1206.83,306.26,14.51,13.52,0,196.12
210,1139,1095.15,532.13,12.87,12.12,0,155.96
211,1139,963.99,175.04,14.33,10.46,0,149.88
174,1140,720.03,154.39,13.3,15.97,0,212.45
172,1140,709.04,220.71,12.78,13.52,0,172.88
173,1140,512.55,380.12,8.95,11.19,0,100.21
208,1140,1051.09,666.18,10.61,11.42,0,121.09
209,1140,1206.45,305.44,14.44,13.46,0,194.25
210,1140,1094.97,533.29,13.02,12.33,0,160.61
211,1140,963.62,174.95,14.97,10.91,0,163.3
174,1141,720.53,153.36,12.98,15.63,0,202.92
172,1141,708.24,220.06,12.77,13.46,0,171.84
173,1141,511.74,381.45,8.86,11.15,0,98.77
208,1141,1052.39,665.48,10.45,11.25,0,117.61
209,1141,1206.23,304.53,14.57,13.56,0,197.61
210,1141,1094.9,534.33,12.93,12.29,0,159.0
211,1141,963.16,174.65,15.0,10.86,0,162.93
174,1142,720.14,152.22,12.99,15.63,0,203.01
172,1142,707.29,219.49,12.95,13.7,0,177.44
173,1142,512.14,382.8,8.67,10.93,0,94.79
208,1142,1053.13,664.91,10.32,11.03,0,113.8
209,1142,1206.08,303.95,14.94,13.99,0,209.03
210,1142,1094.79,535.42,12.87,12.19,0,156.86
211,1142,962.65,174.46,14.85,10.6,0,157.4
217,1142,518.1,123.28,17.81,16.29,0,290.13
174,1143,720.19,151.66,13.12,15.65,0,205.38
172,1143,707.07,218.61,12.82,13.47,0,172.74
173,1143,511.66,384.88,7.73,9.7,0,74.96
208,1143,1054.01,664.47,10.58,11.28,0,119.33
209,1143,1205.8,303.25,15.11,14.32,0,216.43
210,1143,1094.69,536.23,12.98,12.28,0,159.4
211,1143,962.33,174.56,15.14,10.75,0,162.84
174,1144,720.41,150.33,13.36,15.99,0,213.6
172,1144,705.93,218.56,13.33,13.94,0,185.75
173,1144,511.26,384.68,8.23,10.4,0,85.58
208,1144,1054.61,663.83,10.69,11.38,0,121.61
209,1144,1205.58,302.65,15.1,14.51,0,219.15
210,1144,1094.71,536.81,12.71,12.03,0,152.9
211,1144,961.78,174.32,15.45,10.85,0,167.7
174,1145,720.57,149.13,12.92,15.54,0,200.79
172,1145,704.85,218.24,13.73,14.31,0,196.43
173,1145,511.19,386.15,8.87,11.21,0,99.42
208,1145,1056.01,662.84,10.02,10.67,0,106.88
209,1145,1205.49,301.8,15.02,14.61,0,219.44
210,1145,1094.65,537.48,12.89,12.2,0,157.29
211,1145,960.07,173.98,15.46,10.72,0,165.69
217,1145,517.77,130.05,17.76,16.06,0,285.29
174,1146,720.59,148.0,12.88,15.56,0,200.47
172,1146,703.68,217.59,12.81,13.31,0,170.44
173,1146,512.01,387.5,8.67,11.0,0,95.35
208,1146,1056.78,661.91,9.85,10.47,0,103.09
209,1146,1204.88,300.64,15.36,15.14,0,232.58
210,1146,1094.31,538.27,12.63,11.94,0,150.85
211,1146,959.56,173.39,15.71,10.82,0,170.07
174,1147,720.67,147.3,13.35,16.14,0,215.42
172,1147,703.56,216.97,13.55,13.97,0,189.29
173,1147,510.68,388.18,9.48,11.96,0,113.4
208,1147,1057.62,661.18,9.57,10.05,0,96.17
209,1147,1204.31,299.63,15.18,15.11,0,229.3
210,1147,1093.87,539.57,12.56,11.81,0,148.41
211,1147,958.86,172.88,15.8,10.91,0,172.45
217,1147,518.1,128.42,17.06,15.39,0,262.63
174,1148,720.56,146.07,13.01,15.76,0,204.97
172,1148,701.96,216.74,12.89,13.25,0,170.8
173,1148,510.47,390.45,9.29,11.66,0,108.35
208,1148,1057.89,660.8,10.06,10.48,0,105.49
209,1148,1203.74,298.6,15.14,15.11,0,228.74
210,1148,1093.52,540.57,12.69,11.88,0,150.86
211,1148,957.97,172.69,15.32,10.52,0,161.24
174,1149,720.66,144.6,12.75,15.54,0,198.13
172,1149,700.98,215.85,13.36,13.75,0,183.79
173,1149,510.71,389.81,9.63,12.08,0,116.36
208,1149,1059.28,659.45,10.99,11.61,0,127.5
209,1149,1203.53,297.54,14.73,14.7,0,216.43
210,1149,1093.32,541.33,12.48,11.63,0,145.16
211,1149,956.93,172.26,15.64,10.77,0,168.42
217,1149,516.65,127.15,14.44,12.9,0,186.25
174,1150,720.57,143.65,12.92,15.79,0,203.95
172,1150,700.37,215.83,13.74,14.13,0,194.2
173,1150,510.67,390.72,9.1,11.38,0,103.59
208,1150,1059.82,658.52,11.12,11.88,0,132.19
209,1150,1202.83,296.55,14.24,14.24,0,202.73
210,1150,1093.13,542.0,12.11,11.21,0,135.83
211,1150,956.32,171.97,15.3,10.49,0,160.53
217,1150,517.26,129.15,16.13,14.26,0,230.16
174,1151,720.61,142.88,12.77,15.66,0,199.9
172,1151,698.97,215.09,13.0,13.35,0,173.44
173,1151,510.67,391.6,9.25,11.51,0,106.48
208,1151,1060.48,657.71,10.93,11.75,0,128.4
209,1151,1202.04,295.83,14.12,14.12,0,199.36
210,1151,1092.8,542.65,12.36,11.36,0,140.35
211,1151,955.58,171.46,14.99,10.24,0,153.42
217,1151,516.39,129.02,14.74,12.96,0,190.98
174,1152,720.42,141.95,13.1,16.11,0,211.05
172,1152,698.59,215.02,13.52,13.93,0,188.38
173,1152,511.17,392.5,9.31,11.63,0,108.31
208,1152,1061.34,656.9,11.03,11.87,0,130.92
209,1152,1201.47,295.15,14.6,14.6,0,213.17
210,1152,1092.5,543.23,12.42,11.35,0,140.96
211,1152,954.9,171.28,14.99,10.27,0,153.96
217,1152,516.09,129.63,12.89,11.26,0,145.08
174,1153,720.4,141.04,13.65,16.87,0,230.17
172,1153,697.87,214.43,13.66,14.12,0,192.77
173,1153,511.29,393.34,8.71,10.87,0,94.63
208,1153,1062.14,655.73,10.8,11.58,0,125.07
209,1153,1201.06,294.25,14.65,14.62,0,214.16
210,1153,1092.25,543.75,12.62,11.49,0,144.98
211,1153,954.17,171.33,15.15,10.36,0,156.97
217,1153,516.22,130.21,14.09,12.38,0,174.34
174,1154,720.23,139.48,13.32,16.45,0,219.22
172,1154,696.33,213.71,13.26,13.62,0,180.58
173,1154,511.13,394.93,8.37,10.41,0,87.16
208,1154,1062.85,654.4,10.73,11.64,0,124.86
209,1154,1200.03,293.46,14.52,14.46,0,209.88
210,1154,1091.72,544.28,12.73,11.66,0,148.35
211,1154,953.78,170.86,15.41,10.53,0,162.19
217,1154,515.44,131.06,14.24,12.56,0,178.76
174,1155,720.22,138.91,13.16,16.32,0,214.7
172,1155,695.03,213.01,13.05,13.43,0,175.19
173,1155,510.91,395.5,9.11,11.33,0,103.28
208,1155,1063.56,653.55,11.3,12.41,0,140.33
209,1155,1198.76,292.43,15.33,15.31,0,234.62
210,1155,1091.32,544.67,12.88,11.83,0,152.45
211,1155,952.72,171.08,15.38,10.52,0,161.76
217,1155,515.49,132.16,14.63,12.88,0,188.38
174,1156,719.44,137.92,13.61,16.77,0,228.33
172,1156,694.51,212.88,13.08,13.44,0,175.71
173,1156,512.14,396.98,7.41,9.15,0,67.8
208,1156,1064.44,652.09,10.38,11.48,0,119.15
209,1156,1197.76,291.55,15.79,15.88,0,250.75
210,1156,1090.71,545.33,12.9,11.83,0,152.65
211,1156,951.52,170.49,15.63,10.69,0,167.16
217,1156,515.9,133.33,14.03,12.33,0,173.05
174,1157,719.33,136.76,12.97,15.97,0,207.14
172,1157,693.34,212.66,13.17,13.5,0,177.75
173,1157,511.31,397.15,9.03,11.15,0,100.67
208,1157,1064.95,650.8,10.14,11.25,0,114.1
209,1157,1196.94,290.36,14.87,14.98,0,222.76
210,1157,1089.98,545.91,13.25,12.14,0,160.75
211,1157,950.62,170.23,15.38,10.52,0,161.75
174,1158,719.21,136.14,12.55,15.42,0,193.55
172,1158,693.01,212.23,13.18,13.41,0,176.8
173,1158,510.89,398.3,9.99,12.3,0,122.85
208,1158,1065.2,649.72,9.93,10.95,0,108.81
209,1158,1195.92,289.79,14.12,14.23,0,200.93
210,1158,1089.2,546.48,12.95,11.86,0,153.66
211,1158,949.84,170.28,15.12,10.29,0,155.55
217,1158,515.68,136.04,15.37,13.72,0,210.83
174,1159,718.69,135.39,12.54,15.34,0,192.35
172,1159,692.15,212.03,13.45,13.67,0,183.88
173,1159,512.26,400.41,8.82,10.81,0,95.38
208,1159,1065.7,648.91,9.51,10.36,0,98.49
209,1159,1195.2,289.04,14.18,14.27,0,202.37
210,1159,1088.6,547.26,12.9,11.83,0,152.63
211,1159,948.87,170.26,15.11,10.33,0,156.05
217,1159,515.51,136.16,14.38,12.89,0,185.31
174,1160,718.93,134.73,12.72,15.55,0,197.74
172,1160,691.25,211.78,13.55,13.8,0,187.05
173,1160,512.58,400.88,8.84,10.78,0,95.31
208,1160,1066.11,647.92,9.42,10.15,0,95.61
209,1160,1194.04,288.45,14.34,14.52,0,208.29
210,1160,1087.65,547.81,12.44,11.34,0,141.17
211,1160,947.66,170.13,14.34,9.75,0,139.79
174,1161,718.54,134.33,13.22,16.03,0,211.93
172,1161,690.46,211.66,13.1,13.32,0,174.54
173,1161,512.76,401.44,8.25,10.08,0,83.16
208,1161,1066.5,646.61,9.25,9.85,0,91.08
209,1161,1193.03,287.56,14.49,14.66,0,212.43
210,1161,1086.94,548.53,12.18,11.08,0,134.94
211,1161,946.93,169.99,14.72,9.96,0,146.6
217,1161,516.21,137.49,15.0,13.46,0,201.89
174,1162,718.3,133.78,13.56,16.23,0,220.11
172,1162,689.96,211.91,13.57,13.69,0,185.72
173,1162,513.2,402.56,8.44,10.34,0,87.26
208,1162,1066.87,645.72,9.58,10.14,0,97.12
209,1162,1191.77,286.56,13.71,13.67,0,187.37
210,1162,1086.12,549.43,12.28,11.17,0,137.14
211,1162,946.28,170.19,14.98,10.12,0,151.54
217,1162,515.99,139.04,15.04,13.42,0,201.89
174,1163,718.08,133.02,14.27,16.98,0,242.3
172,1163,688.15,211.17,14.57,14.69,0,214.06
173,1163,513.12,403.76,8.84,10.87,0,96.1
208,1163,1067.55,644.77,9.26,9.68,0,89.56
209,1163,1190.68,285.88,13.18,13.02,0,171.58
210,1163,1085.3,550.18,12.49,11.34,0,141.58
211,1163,945.44,170.23,15.16,10.25,0,155.44
217,1163,515.7,139.5,13.99,12.45,0,174.09
174,1164,717.65,132.68,13.76,16.03,0,220.56
172,1164,686.97,211.66,14.37,14.46,0,207.74
173,1164,513.31,405.19,9.06,11.18,0,101.23
208,1164,1067.91,643.35,9.82,10.29,0,101.02
209,1164,1189.67,285.13,13.16,12.88,0,169.57
210,1164,1084.47,550.83,12.52,11.38,0,142.46
211,1164,944.09,170.75,16.72,11.41,0,190.72
217,1164,516.28,140.85,14.53,12.77,0,185.66
174,1165,717.18,131.77,13.82,16.02,0,221.38
172,1165,686.06,211.77,14.46,14.52,0,209.91
173,1165,513.19,405.72,9.34,11.57,0,108.03
208,1165,1068.25,642.25,9.51,9.93,0,94.41
209,1165,1189.09,284.41,13.75,13.4,0,184.24
210,1165,1083.99,551.45,12.61,11.49,0,144.92
211,1165,942.96,170.78,16.08,10.95,0,175.98
217,1165,515.96,141.17,15.09,13.22,0,199.4
174,1166,716.81,130.89,13.81,15.85,0,218.89
172,1166,685.27,211.64,14.28,14.32,0,204.56
173,1166,513.87,407.24,9.74,12.1,0,117.9
208,1166,1068.53,641.28,9.66,10.11,0,97.65
209,1166,1188.05,283.57,13.53,13.23,0,178.99
210,1166,1083.34,552.18,12.68,11.6,0,147.11
211,1166,942.25,170.58,15.26,10.34,0,157.86
174,1167,716.52,130.21,13.33,15.21,0,202.78
172,1167,684.27,211.4,13.93,13.98,0,194.72
173,1167,513.73,408.55,9.14,11.36,0,103.81
208,1167,1068.98,640.85,9.72,10.12,0,98.34
209,1167,1187.2,282.82,13.13,12.77,0,167.62
210,1167,1082.78,553.22,13.07,12.0,0,156.89
211,1167,941.55,170.94,15.41,10.49,0,161.62
174,1168,716.08,129.62,13.14,14.93,0,196.17
172,1168,683.57,211.49,13.96,14.02,0,195.67
173,1168,514.02,409.05,9.74,12.15,0,118.33
208,1168,1069.35,640.4,9.36,9.62,0,90.1
209,1168,1186.39,282.42,12.91,12.44,0,160.6
210,1168,1082.25,554.5,13.09,12.04,0,157.62
211,1168,941.26,171.0,16.58,11.22,0,186.04
217,1168,515.73,145.97,13.88,12.09,0,167.85
174,1169,715.77,129.23,12.75,14.41,0,183.74
172,1169,682.28,210.94,13.16,13.22,0,173.91
208,1169,1070.06,639.28,10.31,10.61,0,109.45
209,1169,1185.7,281.91,13.75,13.18,0,181.19
210,1169,1081.71,555.49,13.09,12.07,0,157.97
211,1169,939.8,171.12,15.63,10.59,0,165.51
217,1169,514.32,145.97,13.82,11.99,0,165.7
174,1170,715.47,128.6,13.07,14.63,0,191.15
172,1170,681.87,211.04,13.45,13.52,0,181.91
208,1170,1070.49,638.54,10.97,11.3,0,124.0
209,1170,1185.03,281.13,14.12,13.47,0,190.27
210,1170,1081.21,556.13,12.59,11.61,0,146.12
211,1170,938.68,170.82,15.19,10.27,0,156.06
173,1170,513.69,410.6,10.38,13.08,0,135.67
174,1171,715.12,127.96,13.13,14.56,0,191.14
172,1171,680.36,210.8,13.86,13.99,0,193.87
208,1171,1071.14,637.17,10.53,10.85,0,114.22
209,1171,1183.93,280.14,13.76,12.99,0,178.75
210,1171,1080.68,556.81,12.43,11.48,0,142.74
211,1171,937.96,170.84,14.95,10.1,0,150.96
224,1171,1277.28,353.83,5.45,9.58,0,52.2
173,1171,514.04,411.94,8.76,10.99,0,96.32
174,1172,714.43,126.92,13.11,14.61,0,191.56
172,1172,679.31,210.54,13.41,13.61,0,182.56
208,1172,1071.89,636.56,10.67,11.01,0,117.46
209,1172,1183.06,279.62,14.46,13.55,0,195.99
210,1172,1080.2,557.57,12.54,11.64,0,145.93
211,1172,937.08,170.89,15.59,10.59,0,165.14
224,1172,1277.21,353.8,5.58,9.85,0,54.92
173,1172,514.06,412.2,9.73,12.23,0,119.05
174,1173,714.36,126.44,12.88,14.41,0,185.54
172,1173,678.47,209.9,13.16,13.41,0,176.51
208,1173,1072.54,635.26,10.12,10.37,0,105.0
209,1173,1182.42,278.98,14.78,13.71,0,202.65
210,1173,1079.39,558.46,12.39,11.54,0,142.9
211,1173,936.66,170.74,15.62,10.6,0,165.58
224,1173,1276.94,353.81,6.05,10.23,0,61.9
173,1173,514.33,413.65,9.39,11.82,0,110.96
174,1174,714.08,125.94,13.02,14.58,0,189.88
172,1174,678.5,209.72,14.24,14.61,0,207.95
208,1174,1073.54,634.47,10.35,10.64,0,110.14
209,1174,1181.9,278.4,14.71,13.59,0,200.01
210,1174,1078.89,559.28,12.22,11.38,0,139.17
211,1174,935.6,171.1,15.64,10.6,0,165.73
224,1174,1276.65,353.97,6.27,10.56,0,66.21
173,1174,514.85,416.73,9.22,11.59,0,106.84
174,1175,713.48,125.0,13.56,15.19,0,205.87
172,1175,677.47,209.61,14.17,14.55,0,206.19
208,1175,1074.13,633.85,10.44,10.69,0,111.56
209,1175,1181.25,277.65,14.38,13.27,0,190.82
210,1175,1078.43,560.29,12.38,11.57,0,143.26
211,1175,934.66,171.12,15.38,10.37,0,159.4
224,1175,1276.42,353.93,6.43,10.77,0,69.3
173,1175,515.56,416.98,10.38,13.06,0,135.52
174,1176,713.21,124.44,13.23,14.87,0,196.65
172,1176,676.15,209.39,13.2,13.51,0,178.46
208,1176,1075.24,632.92,9.97,10.21,0,101.79
209,1176,1180.52,277.13,14.57,13.44,0,195.82
210,1176,1078.07,561.27,12.56,11.79,0,148.1
211,1176,934.07,171.22,15.01,10.1,0,151.65
224,1176,1276.11,354.13,6.88,11.44,0,78.65
173,1176,515.18,418.2,10.05,12.71,0,127.83
174,1177,712.83,124.18,13.4,15.04,0,201.42
172,1177,675.15,209.81,13.22,13.49,0,178.38
208,1177,1076.16,631.75,9.72,9.92,0,96.46
209,1177,1180.0,276.73,14.82,13.71,0,203.18
210,1177,1077.64,562.27,12.77,12.05,0,153.92
211,1177,933.71,171.56,15.85,10.7,0,169.54
224,1177,1275.82,354.37,7.33,12.09,0,88.61
173,1177,514.86,418.26,10.07,12.85,0,129.41
174,1178,712.04,124.03,13.86,15.24,0,211.16
172,1178,674.48,209.48,13.45,13.62,0,183.08
208,1178,1076.84,630.98,9.52,9.71,0,92.39
209,1178,1179.08,275.9,14.26,13.21,0,188.32
210,1178,1077.15,563.82,12.92,12.28,0,158.69
211,1178,932.6,171.9,15.65,10.63,0,166.33
224,1178,1275.5,354.61,7.76,12.65,0,98.12
173,1178,514.63,420.71,10.09,12.86,0,129.82
174,1179,711.39,123.4,13.99,15.15,0,211.96
172,1179,673.34,209.51,13.12,13.1,0,171.94
208,1179,1076.89,630.92,10.18,10.38,0,105.63
209,1179,1178.38,275.63,14.48,13.37,0,193.62
210,1179,1076.66,565.07,12.57,11.95,0,150.11
211,1179,931.55,172.12,15.13,10.25,0,155.07
224,1179,1275.18,354.78,7.63,12.16,0,92.84
173,1179,514.94,424.88,11.95,15.37,0,183.67
174,1180,711.07,122.79,14.16,15.19,0,215.17
172,1180,672.43,209.87,13.21,13.07,0,172.58
208,1180,1077.28,630.63,9.98,10.15,0,101.33
209,1180,1177.48,275.13,14.66,13.57,0,198.93
210,1180,1076.38,566.11,12.59,11.97,0,150.74
211,1180,930.68,172.67,15.61,10.57,0,165.02
224,1180,1274.98,355.11,7.75,12.08,0,93.62
173,1180,515.09,424.13,10.91,14.08,0,153.54
174,1181,710.58,122.22,14.24,15.11,0,215.23
172,1181,671.24,209.66,13.87,13.51,0,187.46
208,1181,1078.08,629.9,10.03,10.19,0,102.18
209,1181,1176.75,274.57,14.82,13.61,0,201.7
210,1181,1076.05,567.13,12.17,11.6,0,141.23
211,1181,930.19,172.69,15.46,10.49,0,162.23
224,1181,1274.52,355.53,8.14,12.33,0,100.34
173,1181,515.07,424.37,9.95,12.81,0,127.39
174,1182,710.01,121.81,14.43,15.19,0,219.15
172,1182,670.41,209.47,13.95,13.66,0,190.6
208,1182,1078.72,629.33,10.86,11.08,0,120.35
209,1182,1176.37,274.09,14.84,13.56,0,201.2
210,1182,1075.5,568.11,12.36,11.87,0,146.67
211,1182,929.29,172.85,15.04,10.19,0,153.23
224,1182,1274.06,355.51,8.4,12.28,0,103.15
173,1182,514.64,426.24,9.36,12.06,0,112.81
174,1183,709.29,121.61,14.63,15.3,0,223.86
172,1183,669.43,209.66,13.93,13.57,0,189.02
208,1183,1080.11,628.59,10.15,10.41,0,105.64
209,1183,1176.0,273.52,14.34,13.05,0,187.1
210,1183,1075.18,569.31,12.74,12.36,0,157.53
211,1183,928.29,173.31,14.92,10.08,0,150.42
224,1183,1273.65,355.37,8.46,11.88,0,100.59
173,1183,514.61,426.41,10.41,13.55,0,141.08
174,1184,708.56,120.71,14.58,15.05,0,219.41
172,1184,668.63,209.95,13.91,13.43,0,186.9
208,1184,1080.78,628.01,10.25,10.56,0,108.18
209,1184,1175.33,272.64,14.7,13.29,0,195.39
210,1184,1074.83,570.25,12.9,12.64,0,163.03
211,1184,927.36,173.13,15.13,10.15,0,153.55
224,1184,1273.29,355.28,8.74,11.79,0,103.06
173,1184,514.41,427.42,9.8,12.73,0,124.7
174,1185,708.5,120.53,14.94,15.39,0,230.05
172,1185,667.5,209.94,13.43,12.9,0,173.25
208,1185,1081.14,627.63,10.41,10.76,0,112.0
209,1185,1174.53,271.78,15.07,13.57,0,204.44
210,1185,1074.32,571.2,12.83,12.65,0,162.31
211,1185,926.13,173.44,15.26,10.23,0,156.04
224,1185,1272.95,355.65,9.02,11.66,0,105.22
173,1185,514.15,428.56,8.99,11.64,0,104.64
174,1186,707.65,120.11,14.58,14.89,0,217.08
172,1186,666.29,208.87,13.04,12.42,0,161.95
208,1186,1082.07,626.93,10.48,10.74,0,112.54
209,1186,1174.11,271.16,15.35,13.89,0,213.16
210,1186,1073.8,572.35,12.82,12.75,0,163.47
211,1186,925.6,173.34,14.83,9.92,0,147.11
224,1186,1272.62,355.69,9.24,11.41,0,105.41
173,1186,514.1,429.84,9.52,12.31,0,117.24
174,1187,707.02,119.22,15.53,15.97,0,248.12
172,1187,665.82,208.34,13.54,12.92,0,174.88
208,1187,1083.2,626.18,10.18,10.37,0,105.62
209,1187,1173.7,270.17,15.15,13.79,0,208.87
210,1187,1073.47,573.51,12.62,12.68,0,160.09
211,1187,925.14,173.12,14.81,9.93,0,147.12
224,1187,1272.41,355.48,9.68,11.44,0,110.72
173,1187,513.16,431.08,9.31,11.87,0,110.52
174,1188,706.53,118.88,15.16,15.7,0,238.08
172,1188,665.06,208.68,13.18,12.56,0,165.55
208,1188,1084.16,625.13,9.92,10.05,0,99.71
209,1188,1173.31,269.79,14.67,13.4,0,196.47
210,1188,1073.32,574.5,11.94,12.03,0,143.65
211,1188,924.26,173.1,14.9,10.0,0,148.89
224,1188,1272.33,355.45,10.34,11.85,0,122.46
173,1188,514.01,433.27,9.68,12.35,0,119.51
174,1189,705.9,118.16,15.04,15.64,0,235.26
172,1189,663.93,208.25,13.76,13.08,0,179.99
208,1189,1085.14,624.47,9.6,9.54,0,91.61
209,1189,1173.02,269.07,14.71,13.54,0,199.13
210,1189,1073.34,575.4,11.96,12.09,0,144.52
211,1189,923.44,173.12,15.39,10.36,0,159.38
224,1189,1271.86,355.25,10.74,11.84,0,127.15
173,1189,514.61,434.7,9.33,11.91,0,111.11
174,1190,705.13,117.73,15.71,16.34,0,256.63
172,1190,662.91,208.02,15.49,14.71,0,227.86
208,1190,1085.69,623.72,10.3,10.07,0,103.73
209,1190,1172.68,267.95,15.21,14.11,0,214.56
210,1190,1073.22,576.36,11.79,11.98,0,141.21
211,1190,923.03,172.95,15.79,10.69,0,168.81
224,1190,1271.46,355.1,11.23,11.96,0,134.25
173,1190,514.68,435.86,9.86,12.51,0,123.33
174,1191,704.52,117.02,14.9,15.5,0,230.93
172,1191,662.13,207.4,14.27,13.59,0,193.83
209,1191,1172.44,266.71,14.68,13.69,0,200.93
210,1191,1073.12,577.23,11.61,11.83,0,137.34
211,1191,922.11,172.67,15.54,10.55,0,163.92
224,1191,1271.24,355.06,11.62,12.01,0,139.48
174,1192,703.52,116.14,14.54,15.16,0,220.46
172,1192,661.12,206.94,13.55,13.0,0,176.25
209,1192,1172.61,266.0,14.54,13.63,0,198.16
210,1192,1073.07,578.43,11.98,12.26,0,146.97
211,1192,921.35,172.76,15.22,10.34,0,157.37
224,1192,1271.22,355.19,11.61,11.64,0,135.12
208,1192,1087.27,622.59,10.74,10.45,0,112.27
173,1192,514.23,438.44,9.32,11.85,0,110.48
174,1193,702.66,115.64,15.24,15.88,0,242.11
172,1193,660.9,207.46,14.68,14.13,0,207.36
209,1193,1172.34,265.65,14.53,13.64,0,198.28
210,1193,1073.05,579.79,11.91,12.23,0,145.59
211,1193,920.64,172.41,15.4,10.48,0,161.46
224,1193,1271.2,355.59,12.09,11.86,0,143.38
208,1193,1088.69,622.21,10.6,10.24,0,108.58
173,1193,514.42,439.33,10.02,12.79,0,128.13
217,1193,509.41,168.76,13.88,11.86,0,164.64
174,1194,702.1,114.94,15.38,15.91,0,244.77
172,1194,659.31,206.67,13.77,13.25,0,182.46
209,1194,1171.92,264.89,14.87,13.97,0,207.68
210,1194,1072.99,581.19,11.64,11.99,0,139.61
211,1194,920.01,172.79,15.79,10.76,0,169.82
224,1194,1270.8,355.63,12.11,11.57,0,140.13
208,1194,1090.35,621.14,10.35,9.88,0,102.24
173,1194,513.98,440.56,9.56,12.25,0,117.05
174,1195,701.64,113.8,15.07,15.54,0,234.25
172,1195,658.25,205.56,13.68,13.21,0,180.83
209,1195,1171.9,263.98,15.03,14.15,0,212.67
210,1195,1072.88,582.27,11.51,11.9,0,137.0
211,1195,919.55,172.52,14.91,10.04,0,149.71
224,1195,1270.58,355.64,12.12,11.31,0,137.07
208,1195,1091.35,620.83,10.88,10.34,0,112.43
173,1195,514.52,441.72,9.72,12.47,0,121.26
174,1196,701.14,113.86,15.24,15.7,0,239.24
172,1196,657.84,205.82,13.91,13.37,0,185.89
209,1196,1171.99,263.1,14.66,13.86,0,203.22
210,1196,1072.98,583.21,11.52,11.98,0,138.0
211,1196,919.15,172.51,16.13,10.89,0,175.76
224,1196,1270.53,355.66,12.25,11.2,0,137.18
208,1196,1092.64,620.26,10.52,10.0,0,105.23
173,1196,514.66,443.23,9.41,11.99,0,112.74
217,1196,509.34,169.89,15.52,13.14,0,203.96
174,1197,700.47,113.22,15.27,15.76,0,240.74
172,1197,656.65,205.36,14.64,14.14,0,206.92
209,1197,1171.85,262.21,14.27,13.52,0,192.88
210,1197,1072.97,584.55,11.62,12.11,0,140.7
211,1197,918.69,172.64,15.47,10.39,0,160.69
224,1197,1270.4,355.63,12.64,11.34,0,143.38
208,1197,1093.65,619.14,9.61,9.03,0,86.84
173,1197,514.97,444.63,10.74,13.65,0,146.59
174,1198,699.83,112.42,15.15,15.59,0,236.24
172,1198,656.54,204.8,15.4,14.74,0,226.99
209,1198,1171.52,261.64,14.41,13.66,0,196.81
210,1198,1072.81,585.81,11.79,12.29,0,144.97
211,1198,918.03,172.79,15.68,10.49,0,164.53
224,1198,1270.16,355.78,12.81,11.26,0,144.23
208,1198,1094.54,618.24,9.96,9.32,0,92.78
173,1198,514.52,445.18,10.3,13.1,0,134.98
174,1199,699.74,112.52,15.29,15.76,0,241.0
172,1199,654.53,203.52,14.42,13.79,0,198.87
209,1199,1171.22,260.68,14.55,13.8,0,200.79
210,1199,1072.75,586.74,11.7,12.16,0,142.28
211,1199,917.36,173.3,16.09,10.69,0,172.0
224,1199,1269.73,355.85,13.33,11.53,0,153.7
208,1199,1095.01,617.96,10.3,9.61,0,99.0
174,1200,698.95,111.53,15.01,15.53,0,233.22
172,1200,653.04,203.58,14.63,13.99,0,204.59
209,1200,1171.02,259.84,15.01,14.35,0,215.5
210,1200,1072.78,588.17,11.75,12.25,0,143.98
211,1200,916.23,172.66,15.25,10.12,0,154.37
224,1200,1269.41,356.18,13.72,11.73,0,160.86
208,1200,1096.25,617.04,10.18,9.44,0,96.14
173,1200,514.61,449.22,10.53,13.27,0,139.83
174,1201,698.07,111.38,15.16,15.78,0,239.23
172,1201,652.37,203.37,13.78,13.21,0,181.98
209,1201,1170.93,259.23,15.03,14.5,0,217.96
210,1201,1072.52,589.51,11.91,12.52,0,149.09
211,1201,915.67,172.76,16.15,10.78,0,174.05
224,1201,1268.97,356.41,14.15,12.02,0,170.18
208,1201,1097.13,616.78,10.66,9.88,0,105.34
217,1201,506.16,176.4,15.39,12.97,0,199.57
174,1202,697.38,110.78,15.25,15.77,0,240.49
172,1202,651.72,202.89,14.02,13.43,0,188.34
209,1202,1170.65,258.54,14.64,14.11,0,206.52
210,1202,1072.34,590.62,12.08,12.81,0,154.68
211,1202,914.98,172.57,15.5,10.42,0,161.44
224,1202,1268.29,356.64,14.18,11.99,0,169.96
208,1202,1097.98,616.32,11.1,10.26,0,113.93
174,1203,696.42,110.12,16.02,16.57,0,265.54
172,1203,650.75,202.41,15.05,14.35,0,215.99
209,1203,1169.94,257.66,14.79,14.29,0,211.25
210,1203,1072.13,591.72,11.77,12.52,0,147.33
211,1203,914.37,172.31,16.44,11.04,0,181.43
224,1203,1267.32,356.71,14.09,11.84,0,166.74
208,1203,1098.82,615.68,11.32,10.46,0,118.42
174,1204,695.65,110.23,15.04,15.56,0,234.16
172,1204,649.3,202.52,14.16,13.55,0,191.84
209,1204,1169.71,256.95,15.27,14.79,0,225.83
210,1204,1071.81,592.84,11.48,12.2,0,140.08
211,1204,913.01,172.07,15.72,10.55,0,165.92
224,1204,1266.86,356.86,14.23,11.92,0,169.62
208,1204,1100.18,614.76,10.81,10.0,0,108.19
174,1205,695.11,109.98,15.29,15.79,0,241.42
172,1205,648.37,201.94,14.68,14.09,0,206.89
209,1205,1169.49,255.82,15.47,15.1,0,233.7
210,1205,1071.66,593.83,11.43,12.18,0,139.17
211,1205,912.38,171.7,15.05,10.02,0,150.83
224,1205,1266.28,357.3,14.0,11.72,0,164.18
208,1205,1100.8,614.44,10.8,10.01,0,108.08
173,1205,514.07,453.76,10.39,12.99,0,134.95
217,1205,504.48,181.14,16.27,13.86,0,225.52
174,1206,694.65,109.64,15.63,15.95,0,249.29
172,1206,648.24,202.4,15.46,14.77,0,228.46
209,1206,1169.16,255.39,15.07,14.8,0,222.99
210,1206,1071.66,595.03,11.46,12.22,0,140.02
211,1206,911.69,172.08,15.6,10.4,0,162.32
224,1206,1265.98,357.66,14.17,11.87,0,168.16
208,1206,1102.07,613.73,10.57,9.76,0,103.19
173,1206,514.78,454.95,10.49,13.09,0,137.39
174,1207,693.93,109.4,14.83,15.0,0,222.34
172,1207,647.43,202.31,14.62,13.76,0,201.21
209,1207,1169.09,254.64,14.8,14.51,0,214.69
210,1207,1071.51,596.84,11.72,12.6,0,147.59
211,1207,911.41,172.27,16.18,10.86,0,175.76
224,1207,1265.36,357.82,14.23,11.92,0,169.5
208,1207,1103.97,612.63,10.54,9.71,0,102.33
173,1207,515.38,455.94,10.53,13.05,0,137.36
174,1208,693.61,109.08,14.54,14.76,0,214.56
172,1208,646.64,201.21,14.94,14.14,0,211.29
209,1208,1168.94,253.86,14.66,14.35,0,210.45
210,1208,1071.42,598.01,11.56,12.47,0,144.06
211,1208,911.14,171.98,16.81,11.25,0,189.14
224,1208,1264.67,358.01,14.36,12.0,0,172.41
208,1208,1105.16,611.74,10.37,9.57,0,99.2
173,1208,515.77,457.07,9.71,12.0,0,116.53
174,1209,693.4,108.47,14.53,14.62,0,212.53
172,1209,645.27,200.22,14.95,14.05,0,210.12
209,1209,1168.56,252.81,14.81,14.53,0,215.14
210,1209,1071.35,598.94,11.32,12.25,0,138.68
211,1209,910.21,171.83,15.24,10.14,0,154.5
224,1209,1264.14,357.97,14.58,12.17,0,177.46
208,1209,1105.94,610.72,10.22,9.4,0,96.05
217,1209,504.91,183.16,14.27,12.12,0,172.92
174,1210,692.72,107.94,15.2,15.28,0,232.34
172,1210,644.78,200.52,14.53,13.68,0,198.66
209,1210,1168.03,251.85,14.71,14.41,0,212.06
210,1210,1071.37,599.76,11.15,12.1,0,134.88
211,1210,909.83,171.3,15.59,10.33,0,161.03
224,1210,1263.67,357.86,14.47,12.06,0,174.55
208,1210,1107.07,610.09,10.17,9.36,0,95.21
217,1210,505.16,182.74,15.44,13.26,0,204.87
173,1210,516.24,459.56,10.23,12.71,0,129.96
174,1211,692.32,107.82,15.17,15.26,0,231.41
172,1211,644.03,200.1,14.84,13.93,0,206.59
209,1211,1167.92,251.22,15.12,14.75,0,223.07
210,1211,1071.41,600.58,11.31,12.3,0,139.15
211,1211,908.88,171.48,14.98,9.86,0,147.7
224,1211,1262.97,357.91,14.29,11.9,0,170.04
208,1211,1107.81,609.08,9.7,8.91,0,86.36
217,1211,504.76,183.34,14.32,12.49,0,178.84
174,1212,691.95,106.62,15.18,15.3,0,232.2
172,1212,643.59,199.69,15.24,14.22,0,216.72
209,1212,1167.3,249.94,14.97,14.62,0,218.79
210,1212,1071.35,601.42,11.36,12.36,0,140.43
211,1212,908.26,171.19,15.39,10.18,0,156.62
224,1212,1262.58,357.82,14.28,11.85,0,169.34
208,1212,1108.88,608.66,10.62,9.74,0,103.49
174,1213,691.79,106.27,15.26,15.42,0,235.35
172,1213,642.75,199.38,14.43,13.4,0,193.37
209,1213,1166.88,249.1,14.69,14.34,0,210.58
210,1213,1071.25,602.26,11.52,12.59,0,144.99
211,1213,907.47,170.78,15.5,10.27,0,159.11
224,1213,1261.89,357.81,13.96,11.6,0,161.91
208,1213,1109.31,607.6,10.84,9.9,0,107.41
173,1213,516.5,460.84,11.45,14.36,0,164.39
217,1213,504.28,185.28,13.7,12.08,0,165.54
174,1214,691.21,105.71,15.28,15.37,0,234.88
172,1214,642.49,199.26,15.49,14.28,0,221.16
209,1214,1166.48,248.42,14.7,14.22,0,208.99
210,1214,1071.12,603.28,11.59,12.69,0,147.14
211,1214,906.76,170.71,14.72,9.73,0,143.27
224,1214,1261.5,357.93,13.95,11.63,0,162.29
173,1214,516.94,462.63,11.33,14.02,0,158.92
217,1214,503.24,183.93,15.07,12.94,0,194.96
174,1215,690.65,105.21,15.71,15.77,0,247.63
172,1215,640.75,198.11,14.89,13.74,0,204.59
209,1215,1166.36,247.77,15.5,15.06,0,233.49
210,1215,1071.2,604.51,11.37,12.45,0,141.63
211,1215,905.96,170.72,15.15,10.06,0,152.4
224,1215,1260.87,357.95,14.39,12.09,0,173.91
173,1215,517.33,464.74,11.11,13.64,0,151.51
174,1216,690.43,104.94,15.8,15.81,0,249.86
172,1216,639.86,198.44,14.52,13.3,0,193.04
209,1216,1166.17,246.91,14.97,14.51,0,217.21
210,1216,1070.98,605.55,11.61,12.8,0,148.69
211,1216,905.49,170.57,14.82,9.83,0,145.69
224,1216,1260.03,358.46,13.79,11.56,0,159.43
173,1216,517.6,464.5,12.01,14.65,0,176.02
217,1216,503.65,188.04,12.82,10.89,0,139.7
174,1217,689.36,104.57,16.11,16.07,0,258.93
172,1217,639.11,198.58,14.9,13.33,0,198.61
209,1217,1165.71,246.22,14.74,14.35,0,211.54
210,1217,1070.65,606.74,11.67,12.9,0,150.62
211,1217,905.2,170.5,14.99,10.0,0,149.91
224,1217,1259.23,358.58,13.77,11.53,0,158.78
217,1217,503.22,188.39,14.6,12.34,0,180.17
174,1218,688.71,104.37,15.98,15.97,0,255.18
172,1218,638.38,198.47,16.42,14.83,0,243.4
209,1218,1165.57,245.39,15.06,14.64,0,220.52
210,1218,1070.38,607.79,11.88,13.14,0,156.09
211,1218,904.6,170.47,14.85,9.96,0,147.85
224,1218,1258.52,358.84,13.49,11.28,0,152.11
174,1219,687.74,104.11,16.23,16.06,0,260.57
172,1219,637.18,197.74,14.12,12.62,0,178.21
209,1219,1165.07,244.74,15.03,14.66,0,220.23
210,1219,1070.33,608.8,11.63,12.83,0,149.22
211,1219,903.61,170.53,15.19,10.13,0,153.87
224,1219,1257.86,359.22,13.16,11.03,0,145.04
173,1219,518.15,466.35,14.5,18.01,0,261.07
174,1220,687.03,104.21,16.03,15.88,0,254.45
172,1220,636.73,197.45,13.34,11.96,0,159.6
209,1220,1164.54,244.16,15.58,15.31,0,238.46
210,1220,1070.03,609.71,11.75,12.94,0,152.12
211,1220,902.73,170.76,15.29,10.17,0,155.52
224,1220,1257.1,359.79,13.64,11.5,0,156.8
174,1221,686.67,104.17,15.76,15.52,0,244.55
172,1221,636.16,197.81,14.97,13.4,0,200.64
209,1221,1164.1,243.82,15.42,15.2,0,234.37
210,1221,1069.79,610.73,12.09,13.31,0,160.9
211,1221,902.25,170.6,15.35,10.12,0,155.38
224,1221,1256.17,360.41,13.73,11.57,0,158.84
208,1221,1115.93,599.7,10.73,9.74,0,104.46
173,1221,519.76,472.24,15.22,18.9,0,287.56
174,1222,686.42,104.11,16.24,15.95,0,259.02
172,1222,635.25,197.76,15.3,13.65,0,208.91
209,1222,1163.43,243.11,15.18,15.08,0,228.95
210,1222,1069.58,612.31,11.73,12.9,0,151.3
211,1222,901.32,170.76,15.5,10.21,0,158.28
224,1222,1255.17,360.89,13.55,11.46,0,155.2
208,1222,1116.43,599.04,10.93,9.91,0,108.32
217,1222,502.09,195.06,13.91,11.63,0,161.75
174,1223,685.55,104.07,15.77,15.5,0,244.39
172,1223,634.28,196.68,14.19,12.8,0,181.69
209,1223,1162.87,241.97,14.92,14.95,0,222.94
210,1223,1069.27,613.51,11.55,12.66,0,146.27
211,1223,900.57,170.85,15.21,9.98,0,151.71
224,1223,1254.57,361.22,13.99,11.92,0,166.76
208,1223,1117.36,598.26,10.87,9.8,0,106.52
233,1223,596.38,630.55,9.79,8.28,0,81.06
174,1224,684.83,103.79,16.26,15.89,0,258.38
172,1224,633.57,197.13,14.21,12.73,0,180.82
209,1224,1162.27,241.01,14.59,14.7,0,214.55
210,1224,1069.03,614.47,11.21,12.21,0,136.84
211,1224,899.12,170.77,15.87,10.37,0,164.62
224,1224,1253.85,361.59,13.9,11.95,0,166.19
208,1224,1118.06,597.21,11.0,9.87,0,108.58
233,1224,595.91,630.03,9.78,8.27,0,80.86
173,1224,521.22,473.4,12.83,15.89,0,203.86
217,1224,502.96,196.21,13.57,11.61,0,157.58
174,1225,684.12,103.89,15.91,15.55,0,247.36
172,1225,632.46,196.99,15.02,13.49,0,202.58
209,1225,1161.87,240.3,14.61,14.89,0,217.63
210,1225,1068.76,615.29,10.94,11.89,0,130.09
211,1225,897.8,170.8,15.15,9.82,0,148.79
224,1225,1253.11,361.75,13.95,12.06,0,168.24
208,1225,1118.68,596.34,11.22,10.03,0,112.53
173,1225,521.66,473.74,11.71,14.53,0,170.16
174,1226,683.63,103.5,15.7,15.34,0,240.92
172,1226,632.19,196.51,15.02,13.51,0,202.93
209,1226,1161.61,239.73,14.98,15.48,0,231.77
210,1226,1068.35,616.03,10.89,11.8,0,128.51
211,1226,897.09,170.73,15.93,10.37,0,165.15
224,1226,1252.45,362.0,13.93,12.09,0,168.3
208,1226,1119.1,595.26,11.44,10.21,0,116.81
173,1226,522.5,474.41,10.74,13.18,0,141.6
217,1226,502.66,197.95,14.11,12.26,0,172.87
174,1227,683.21,103.66,15.92,15.59,0,248.24
172,1227,630.96,196.21,16.55,15.01,0,248.35
209,1227,1160.27,238.99,14.71,15.21,0,223.67
210,1227,1067.97,617.14,11.12,12.04,0,133.82
211,1227,896.12,171.11,16.29,10.66,0,173.7
224,1227,1251.19,362.38,14.44,12.64,0,182.52
173,1227,522.79,474.28,10.83,13.29,0,144.01
174,1228,682.25,103.16,15.22,14.78,0,224.92
172,1228,629.54,196.78,15.58,13.94,0,217.22
209,1228,1159.17,238.45,14.8,15.25,0,225.71
210,1228,1067.54,618.08,11.29,12.24,0,138.2
211,1228,895.26,171.13,16.61,10.87,0,180.58
224,1228,1250.01,362.94,14.36,12.61,0,181.1
208,1228,1120.15,593.36,11.33,10.06,0,114.04
217,1228,502.01,198.77,13.71,11.81,0,161.92
174,1229,681.12,102.98,15.33,14.9,0,228.42
172,1229,628.93,196.05,14.25,12.76,0,181.78
209,1229,1158.19,237.53,13.88,14.27,0,198.15
210,1229,1066.63,619.13,11.16,12.1,0,135.03
211,1229,894.08,171.13,17.26,11.32,0,195.41
224,1229,1248.9,363.24,14.0,12.38,0,173.26
217,1229,502.03,200.59,13.12,11.55,0,151.51
173,1229,524.22,475.18,12.72,15.47,0,196.69
174,1230,680.38,102.69,15.83,15.46,0,244.78
172,1230,628.87,196.62,16.62,15.11,0,251.11
209,1230,1157.46,236.96,13.87,14.25,0,197.61
210,1230,1066.27,620.3,11.07,12.0,0,132.82
211,1230,893.26,171.29,17.59,11.56,0,203.35
224,1230,1248.14,363.51,14.02,12.42,0,174.13
217,1230,501.85,200.81,15.35,13.92,0,213.66
174,1231,679.73,102.66,16.26,15.84,0,257.61
172,1231,627.89,195.05,16.21,14.9,0,241.42
209,1231,1157.07,236.59,13.76,14.14,0,194.58
210,1231,1065.89,621.44,11.41,12.41,0,141.54
211,1231,892.01,171.58,16.89,11.16,0,188.46
224,1231,1247.3,364.21,13.54,11.98,0,162.18
217,1231,501.58,201.11,14.46,13.42,0,193.98
174,1232,679.1,102.29,15.79,15.42,0,243.44
172,1232,626.64,195.29,14.04,12.94,0,181.7
209,1232,1156.6,236.06,14.09,14.51,0,204.47
210,1232,1065.83,622.77,11.52,12.54,0,144.37
211,1232,891.39,171.8,16.05,10.62,0,170.44
224,1232,1246.62,364.86,13.63,12.07,0,164.49
174,1233,678.63,102.14,16.14,15.75,0,254.1
172,1233,626.08,195.63,13.69,12.5,0,171.13
209,1233,1156.25,235.11,14.46,14.95,0,216.14
210,1233,1065.66,623.94,11.37,12.41,0,141.04
211,1233,890.67,171.75,15.94,10.57,0,168.43
224,1233,1246.17,365.51,13.65,12.12,0,165.42
217,1233,501.14,203.94,13.33,12.2,0,162.65
174,1234,678.05,102.4,15.25,14.85,0,226.43
172,1234,625.79,195.45,15.74,14.44,0,227.36
209,1234,1155.73,234.15,13.8,14.31,0,197.38
210,1234,1065.57,625.18,11.27,12.36,0,139.28
211,1234,889.8,171.66,15.75,10.48,0,165.06
224,1234,1245.81,366.25,13.31,11.79,0,157.01
217,1234,501.12,205.47,12.94,11.88,0,153.71
174,1235,677.29,101.94,15.55,15.18,0,236.03
172,1235,624.95,195.37,16.77,15.55,0,260.8
209,1235,1155.72,233.69,13.9,14.39,0,199.92
210,1235,1065.52,626.18,11.33,12.45,0,141.06
211,1235,889.2,171.52,15.56,10.34,0,160.97
224,1235,1245.44,366.79,13.16,11.62,0,152.89
174,1236,676.93,101.89,15.98,15.57,0,248.84
172,1236,623.93,195.34,15.92,14.52,0,231.13
209,1236,1155.49,232.84,13.38,13.81,0,184.79
210,1236,1065.55,627.72,11.03,12.14,0,133.91
211,1236,888.91,171.65,15.88,10.54,0,167.33
224,1236,1245.38,367.4,12.99,11.41,0,148.22
174,1237,676.15,101.11,15.48,15.02,0,232.56
172,1237,622.93,195.34,15.68,14.27,0,223.68
209,1237,1155.13,232.25,13.83,14.35,0,198.46
210,1237,1065.61,629.1,10.85,11.99,0,130.03
211,1237,888.32,171.52,15.96,10.58,0,168.84
224,1237,1245.11,368.01,13.31,11.64,0,154.96
173,1237,528.68,487.27,12.67,15.5,0,196.35
174,1238,675.49,100.81,15.4,14.83,0,228.45
172,1238,623.34,195.66,16.6,14.95,0,248.14
209,1238,1155.01,231.54,13.78,14.3,0,196.95
210,1238,1065.54,630.56,11.14,12.42,0,138.41
211,1238,887.6,171.52,16.27,10.78,0,175.37
224,1238,1244.93,368.58,13.69,11.99,0,164.18
173,1238,528.21,487.84,10.49,12.89,0,135.23
174,1239,674.82,100.44,15.59,14.95,0,233.05
172,1239,621.85,195.25,15.67,14.21,0,222.72
209,1239,1154.81,230.84,14.31,14.89,0,213.19
210,1239,1065.4,631.75,10.87,12.19,0,132.54
211,1239,886.95,171.68,16.0,10.55,0,168.79
224,1239,1244.81,369.21,13.66,12.01,0,164.07
173,1239,528.78,488.7,10.48,12.95,0,135.7
174,1240,674.33,100.2,15.63,14.9,0,232.77
172,1240,620.89,194.82,15.88,14.19,0,225.31
209,1240,1154.68,230.18,14.16,14.67,0,207.8
210,1240,1065.27,632.93,10.7,12.08,0,129.23
211,1240,886.39,171.48,16.72,11.0,0,183.96
224,1240,1244.5,369.89,13.67,12.06,0,164.88
173,1240,529.09,489.66,10.21,12.66,0,129.26
174,1241,673.34,99.54,15.75,14.95,0,235.56
172,1241,619.66,194.42,15.0,13.39,0,200.93
209,1241,1154.65,229.8,14.11,14.59,0,205.92
210,1241,1065.32,634.28,10.93,12.39,0,135.51
211,1241,885.89,171.42,16.8,11.11,0,186.67
224,1241,1244.29,370.8,14.02,12.42,0,174.06
173,1241,529.44,490.26,10.54,13.21,0,139.25
208,1241,1131.86,583.03,10.11,8.93,0,90.28
174,1242,672.78,99.2,15.87,14.87,0,236.04
172,1242,618.97,194.4,15.31,13.61,0,208.41
209,1242,1154.52,228.61,14.23,14.8,0,210.71
210,1242,1065.43,635.97,11.0,12.53,0,137.89
211,1242,885.15,171.52,15.97,10.51,0,167.88
224,1242,1244.19,371.55,13.85,12.31,0,170.52
173,1242,529.63,491.99,10.6,13.35,0,141.53
208,1242,1132.85,582.5,10.4,9.21,0,95.87
174,1243,672.14,98.44,16.59,15.47,0,256.77
172,1243,618.66,194.09,16.1,14.4,0,231.98
209,1243,1154.41,227.8,14.47,15.17,0,219.57
210,1243,1065.8,637.35,11.08,12.66,0,140.3
211,1243,884.68,171.42,16.23,10.62,0,172.34
224,1243,1244.03,372.6,14.2,12.7,0,180.31
173,1243,530.67,493.53,9.9,12.51,0,123.91
208,1243,1134.06,582.23,10.74,9.41,0,101.13
174,1244,671.23,98.98,17.15,15.87,0,272.11
172,1244,617.16,193.91,15.28,13.55,0,207.05
209,1244,1154.31,227.25,14.83,15.69,0,232.67
210,1244,1065.84,638.44,11.03,12.66,0,139.65
211,1244,883.9,171.55,16.03,10.53,0,168.73
224,1244,1243.86,373.25,13.74,12.33,0,169.43
173,1244,530.57,494.02,9.83,12.54,0,123.3
208,1244,1135.57,581.19,10.96,9.51,0,104.2
174,1245,670.27,97.5,17.21,15.81,0,272.1
172,1245,615.89,193.47,15.03,13.19,0,198.18
209,1245,1154.04,226.24,13.86,14.6,0,202.43
210,1245,1065.82,639.65,11.03,12.71,0,140.16
211,1245,883.18,171.4,15.92,10.41,0,165.8
224,1245,1243.48,374.12,13.69,12.22,0,167.2
173,1245,530.77,494.18,9.84,12.47,0,122.71
208,1245,1136.83,579.95,10.74,9.24,0,99.24
174,1246,669.97,98.0,17.28,15.78,0,272.63
172,1246,615.79,193.08,17.15,15.08,0,258.62
209,1246,1153.98,225.49,13.82,14.61,0,201.97
210,1246,1065.72,641.01,10.85,12.55,0,136.22
211,1246,882.62,171.54,15.4,10.05,0,154.69
224,1246,1243.38,374.81,13.73,12.24,0,168.13
173,1246,531.3,496.66,9.77,12.29,0,120.13
208,1246,1137.99,579.13,10.68,9.18,0,98.06
174,1247,669.32,97.92,16.69,15.1,0,252.05
172,1247,615.24,192.96,16.7,14.59,0,243.65
209,1247,1154.16,224.7,13.69,14.52,0,198.74
210,1247,1065.78,642.43,11.13,12.94,0,143.97
211,1247,882.02,171.53,16.02,10.47,0,167.77
224,1247,1243.18,375.76,13.97,12.46,0,174.13
173,1247,532.1,498.49,10.57,13.19,0,139.53
208,1247,1139.14,578.8,11.21,9.57,0,107.25
245,1247,595.01,715.89,9.98,8.21,0,81.93
174,1248,668.62,97.38,17.49,15.88,0,277.77
172,1248,613.95,192.58,16.49,14.41,0,237.65
209,1248,1154.14,223.91,13.75,14.52,0,199.65
210,1248,1065.78,644.03,11.13,13.01,0,144.78
211,1248,881.04,171.3,16.3,10.69,0,174.25
224,1248,1243.06,376.49,13.68,12.2,0,166.9
173,1248,532.13,499.72,10.53,13.1,0,137.98
208,1248,1140.42,577.83,11.15,9.44,0,105.27
245,1248,595.13,715.88,9.99,8.24,0,82.29
217,1248,498.54,217.43,14.17,12.94,0,183.35
174,1249,667.85,97.06,16.36,14.74,0,241.13
172,1249,613.51,192.17,15.96,13.8,0,220.29
209,1249,1153.86,222.8,12.96,13.48,0,174.63
210,1249,1065.77,645.29,11.18,13.1,0,146.39
211,1249,880.4,171.48,16.24,10.62,0,172.41
224,1249,1242.87,377.07,13.76,12.32,0,169.58
173,1249,532.52,500.82,10.61,13.11,0,139.12
208,1249,1141.0,576.83,11.84,9.94,0,117.67
245,1249,595.2,715.67,10.47,8.66,0,90.62
174,1250,667.0,97.02,16.16,14.44,0,233.34
172,1250,612.69,191.92,16.59,14.32,0,237.5
209,1250,1153.94,222.26,13.43,13.97,0,187.67
210,1250,1066.05,646.56,11.16,13.17,0,146.92
211,1250,879.74,171.28,16.45,10.69,0,175.79
224,1250,1242.75,377.7,14.09,12.68,0,178.69
173,1250,532.96,502.49,10.6,12.8,0,135.61
208,1250,1141.63,576.28,11.98,10.01,0,119.92
245,1250,595.14,715.37,11.13,9.25,0,102.95
