session,frame_idx,time_s,cx,cy,bbox_w,bbox_h,mask_area_px
2025_06_06,2762,115.0354,1150.7,614.1,11.6,11.6,123
2025_06_06,2762,115.0354,891.7,688.1,12.8,10.0,112
2025_06_06,2762,115.0354,225.9,146.9,17.6,14.1,175
2025_06_06,2762,115.0354,1229.2,527.0,14.2,12.1,148
2025_06_06,2762,115.0354,556.5,441.3,13.6,11.0,117
2025_06_06,2762,115.0354,275.9,678.7,8.6,9.3,52
2025_06_06,2762,115.0354,873.3,271.9,12.8,13.5,128
2025_06_06,2762,115.0354,304.9,620.6,8.5,6.8,53
2025_06_06,2762,115.0354,984.2,413.2,12.8,12.2,118
2025_06_06,2762,115.0354,455.6,38.1,11.8,10.8,100
2025_06_06,2762,115.0354,575.2,429.7,12.1,10.0,88
2025_06_06,2763,115.07705,891.7,688.2,12.7,10.0,115
2025_06_06,2763,115.07705,1150.7,614.1,11.5,11.6,124
2025_06_06,2763,115.07705,225.9,146.9,17.2,13.6,173
2025_06_06,2763,115.07705,1229.1,527.0,14.0,12.1,148
2025_06_06,2763,115.07705,556.5,441.4,13.7,11.1,120
2025_06_06,2763,115.07705,276.0,678.7,8.5,9.5,52
2025_06_06,2763,115.07705,873.1,271.7,12.8,13.6,131
2025_06_06,2763,115.07705,455.8,38.1,11.7,11.3,106
2025_06_06,2763,115.07705,984.1,413.3,13.0,12.4,118
2025_06_06,2763,115.07705,304.8,620.6,8.5,7.0,55
2025_06_06,2763,115.07705,575.1,429.8,12.1,10.2,88
2025_06_06,2764,115.1187,891.7,688.2,12.7,10.0,115
2025_06_06,2764,115.1187,226.1,146.8,17.1,13.9,178
2025_06_06,2764,115.1187,1228.8,526.9,14.0,12.2,147
2025_06_06,2764,115.1187,1150.6,614.0,11.5,11.6,122
2025_06_06,2764,115.1187,556.8,441.7,13.4,11.0,116
2025_06_06,2764,115.1187,276.1,678.8,9.1,10.0,57
2025_06_06,2764,115.1187,873.3,271.4,13.8,13.7,132
2025_06_06,2764,115.1187,455.5,37.9,11.1,12.2,106
2025_06_06,2764,115.1187,983.9,413.4,12.6,12.2,112
2025_06_06,2764,115.1187,304.6,620.8,8.5,7.0,55
2025_06_06,2764,115.1187,574.9,429.7,12.3,10.4,89
2025_06_06,2765,115.16035,891.8,688.2,12.8,10.0,115
2025_06_06,2765,115.16035,226.0,146.8,17.4,13.8,176
2025_06_06,2765,115.16035,1228.7,527.0,14.0,12.2,148
2025_06_06,2765,115.16035,1150.6,613.7,11.5,11.7,127
2025_06_06,2765,115.16035,556.8,441.8,13.5,10.9,115
2025_06_06,2765,115.16035,455.2,37.9,11.7,12.2,110
2025_06_06,2765,115.16035,276.1,679.0,8.8,9.5,54
2025_06_06,2765,115.16035,873.1,271.6,13.2,13.8,129
2025_06_06,2765,115.16035,983.8,413.4,13.0,12.2,117
2025_06_06,2765,115.16035,574.9,429.8,11.8,10.5,87
2025_06_06,2765,115.16035,303.7,620.6,8.6,7.0,55
2025_06_06,2766,115.202,226.0,146.7,17.5,13.9,178
2025_06_06,2766,115.202,891.9,688.3,12.9,10.0,112
2025_06_06,2766,115.202,1228.5,526.8,14.1,12.1,148
2025_06_06,2766,115.202,1150.7,613.7,11.7,11.8,131
2025_06_06,2766,115.202,556.9,442.0,13.3,10.8,113
2025_06_06,2766,115.202,454.8,38.2,11.7,11.9,108
2025_06_06,2766,115.202,873.1,271.4,13.2,13.3,125
2025_06_06,2766,115.202,276.2,679.1,8.8,9.6,55
2025_06_06,2766,115.202,983.8,413.4,13.2,12.2,118
2025_06_06,2766,115.202,574.7,429.6,11.8,10.4,87
2025_06_06,2766,115.202,303.6,620.4,8.4,6.9,53
2025_06_06,2767,115.24365,226.2,146.8,17.2,13.9,182
2025_06_06,2767,115.24365,892.0,688.2,12.8,9.9,111
2025_06_06,2767,115.24365,1228.1,526.7,14.1,12.1,148
2025_06_06,2767,115.24365,557.0,442.0,13.3,10.9,114
2025_06_06,2767,115.24365,1150.8,613.4,12.0,11.7,129
2025_06_06,2767,115.24365,454.6,38.5,11.4,11.6,103
2025_06_06,2767,115.24365,872.8,270.9,12.9,13.2,124
2025_06_06,2767,115.24365,983.7,413.4,13.1,12.2,119
2025_06_06,2767,115.24365,276.3,679.3,8.9,9.4,56
2025_06_06,2767,115.24365,574.3,429.7,11.6,10.6,88
2025_06_06,2767,115.24365,303.5,620.4,8.3,6.6,51
2025_06_06,2768,115.2853,1228.1,526.7,14.1,12.1,148
2025_06_06,2768,115.2853,226.1,146.7,17.2,14.0,183
2025_06_06,2768,115.2853,892.2,688.1,12.9,9.9,113
2025_06_06,2768,115.2853,557.2,442.0,13.2,10.8,115
2025_06_06,2768,115.2853,1150.7,613.4,12.0,11.8,125
2025_06_06,2768,115.2853,872.5,270.7,12.6,13.1,117
2025_06_06,2768,115.2853,455.0,38.9,11.3,11.3,98
2025_06_06,2768,115.2853,276.2,679.3,8.9,9.3,54
2025_06_06,2768,115.2853,983.5,414.1,13.2,11.7,118
2025_06_06,2768,115.2853,574.4,429.7,11.6,10.8,89
2025_06_06,2768,115.2853,303.3,620.5,8.2,6.6,49
2025_06_06,2769,115.32695,1227.8,526.7,14.1,12.1,150
2025_06_06,2769,115.32695,892.2,688.1,13.0,10.0,114
2025_06_06,2769,115.32695,1150.8,613.4,12.0,11.7,126
2025_06_06,2769,115.32695,557.1,442.1,12.8,10.5,115
2025_06_06,2769,115.32695,226.3,146.8,17.2,14.0,181
2025_06_06,2769,115.32695,276.6,680.3,8.3,9.1,50
2025_06_06,2769,115.32695,872.4,270.8,12.6,13.2,117
2025_06_06,2769,115.32695,574.3,429.8,11.7,11.0,93
2025_06_06,2769,115.32695,456.5,40.1,10.7,10.2,90
2025_06_06,2769,115.32695,983.6,414.4,13.3,11.9,123
2025_06_06,2769,115.32695,303.3,620.6,8.1,6.6,49
2025_06_06,2770,115.3686,1227.6,526.5,14.2,11.9,148
2025_06_06,2770,115.3686,1150.8,613.1,11.8,11.5,125
2025_06_06,2770,115.3686,892.2,688.1,12.9,10.0,114
2025_06_06,2770,115.3686,557.4,442.3,13.1,10.7,113
2025_06_06,2770,115.3686,226.4,146.6,17.1,13.7,173
2025_06_06,2770,115.3686,276.7,680.5,8.0,8.7,48
2025_06_06,2770,115.3686,456.7,40.8,9.2,9.3,79
2025_06_06,2770,115.3686,872.2,270.7,12.3,13.4,113
2025_06_06,2770,115.3686,983.5,414.7,12.8,12.2,119
2025_06_06,2770,115.3686,574.4,429.9,11.5,11.2,93
2025_06_06,2770,115.3686,455.9,39.8,9.8,10.1,84
2025_06_06,2771,115.41025,1227.4,526.5,14.2,12.0,151
2025_06_06,2771,115.41025,1150.8,613.1,11.8,11.6,125
2025_06_06,2771,115.41025,892.3,688.1,13.0,10.0,117
2025_06_06,2771,115.41025,557.4,442.3,13.2,10.6,115
2025_06_06,2771,115.41025,226.6,146.4,17.0,13.8,175
2025_06_06,2771,115.41025,276.9,680.7,8.2,9.1,50
2025_06_06,2771,115.41025,457.0,41.0,10.1,9.4,76
2025_06_06,2771,115.41025,871.3,270.5,13.8,14.2,138
2025_06_06,2771,115.41025,574.3,430.0,11.7,11.2,92
2025_06_06,2771,115.41025,983.5,414.8,12.5,12.8,126
2025_06_06,2771,115.41025,456.1,39.7,11.0,10.6,86
2025_06_06,2772,115.4519,1227.3,526.4,14.1,12.0,149
2025_06_06,2772,115.4519,557.6,442.5,13.4,10.5,111
2025_06_06,2772,115.4519,1150.8,613.0,11.7,11.5,127
2025_06_06,2772,115.4519,892.5,688.0,13.1,10.0,115
2025_06_06,2772,115.4519,227.0,146.4,16.8,14.1,178
2025_06_06,2772,115.4519,277.1,680.9,7.8,8.8,47
2025_06_06,2772,115.4519,457.2,40.9,9.7,9.7,70
2025_06_06,2772,115.4519,871.2,270.9,13.1,13.6,132
2025_06_06,2772,115.4519,574.1,429.9,11.8,11.2,92
2025_06_06,2772,115.4519,983.0,415.0,12.1,12.6,118
2025_06_06,2773,115.49354,1227.0,526.3,14.3,12.1,152
2025_06_06,2773,115.49354,1151.0,612.8,11.4,11.5,126
2025_06_06,2773,115.49354,557.8,442.6,13.0,10.4,112
2025_06_06,2773,115.49354,227.3,146.1,16.7,14.2,182
2025_06_06,2773,115.49354,892.5,687.9,13.0,9.9,114
2025_06_06,2773,115.49354,277.0,680.9,7.8,8.7,47
2025_06_06,2773,115.49354,456.9,40.2,11.0,11.4,153
2025_06_06,2773,115.49354,871.0,270.9,12.7,13.3,128
2025_06_06,2773,115.49354,983.1,414.8,11.9,12.5,121
2025_06_06,2773,115.49354,574.2,429.9,11.8,11.2,91
2025_06_06,2774,115.53519,227.5,146.1,16.6,14.2,179
2025_06_06,2774,115.53519,1151.0,612.8,11.3,11.6,126
2025_06_06,2774,115.53519,1226.5,526.0,13.9,11.9,147
2025_06_06,2774,115.53519,557.9,442.8,13.1,10.4,107
2025_06_06,2774,115.53519,892.6,688.0,13.2,10.0,117
2025_06_06,2774,115.53519,277.1,681.0,7.9,8.7,47
2025_06_06,2774,115.53519,456.7,40.4,12.2,12.3,101
2025_06_06,2774,115.53519,870.7,270.4,11.8,12.1,114
2025_06_06,2774,115.53519,982.9,415.2,12.8,12.9,128
2025_06_06,2774,115.53519,574.3,429.9,11.6,11.0,91
2025_06_06,2775,115.57684,1151.0,612.6,11.3,11.6,125
2025_06_06,2775,115.57684,227.5,146.2,16.3,14.2,173
2025_06_06,2775,115.57684,892.7,688.0,13.1,9.9,114
2025_06_06,2775,115.57684,558.2,442.9,13.0,10.6,104
2025_06_06,2775,115.57684,1226.4,525.8,14.1,12.0,145
2025_06_06,2775,115.57684,277.2,681.5,7.4,8.1,41
2025_06_06,2775,115.57684,457.4,40.9,11.2,11.4,86
2025_06_06,2775,115.57684,870.7,270.3,12.0,12.3,112
2025_06_06,2775,115.57684,982.6,415.2,12.3,12.9,114
2025_06_06,2775,115.57684,574.2,429.9,11.6,11.0,91
2025_06_06,2776,115.61849,1151.0,612.4,11.3,11.4,122
2025_06_06,2776,115.61849,227.6,146.3,16.7,14.3,180
2025_06_06,2776,115.61849,892.8,688.0,13.2,10.0,116
2025_06_06,2776,115.61849,558.4,443.0,13.0,10.8,108
2025_06_06,2776,115.61849,1226.2,525.8,14.3,12.1,149
2025_06_06,2776,115.61849,277.3,681.2,7.7,8.7,46
2025_06_06,2776,115.61849,870.6,270.1,11.9,12.1,110
2025_06_06,2776,115.61849,457.7,41.4,10.5,10.5,72
2025_06_06,2776,115.61849,981.9,415.8,12.0,12.1,111
2025_06_06,2776,115.61849,573.7,430.1,11.2,10.7,89
2025_06_06,2777,115.66014,1151.0,612.3,11.2,11.5,121
2025_06_06,2777,115.66014,227.6,146.4,16.4,14.1,172
2025_06_06,2777,115.66014,893.0,687.9,13.2,10.0,114
2025_06_06,2777,115.66014,1226.1,525.8,14.3,12.1,148
2025_06_06,2777,115.66014,558.5,443.1,13.3,10.8,109
2025_06_06,2777,115.66014,277.3,681.4,7.5,8.3,45
2025_06_06,2777,115.66014,457.7,41.8,11.1,10.8,71
2025_06_06,2777,115.66014,870.4,269.8,11.7,11.8,107
2025_06_06,2777,115.66014,982.0,416.1,12.1,12.0,110
2025_06_06,2777,115.66014,573.6,430.2,11.1,10.7,90
2025_06_06,2777,115.66014,337.9,707.6,7.1,7.0,48
2025_06_06,2778,115.70179,1151.1,612.2,11.4,11.5,124
2025_06_06,2778,115.70179,227.8,146.5,15.9,14.2,173
2025_06_06,2778,115.70179,893.0,687.9,13.2,10.1,115
2025_06_06,2778,115.70179,558.8,443.3,13.6,10.9,108
2025_06_06,2778,115.70179,277.2,681.3,7.6,8.3,44
2025_06_06,2778,115.70179,1226.0,525.7,14.6,12.3,149
2025_06_06,2778,115.70179,457.6,41.7,10.4,10.9,74
2025_06_06,2778,115.70179,870.5,269.8,12.0,12.5,115
2025_06_06,2778,115.70179,981.8,416.3,11.9,12.2,104
2025_06_06,2778,115.70179,573.5,430.1,11.3,10.9,91
2025_06_06,2778,115.70179,337.9,707.6,7.1,6.9,48
2025_06_06,2778,115.70179,302.6,621.0,7.9,6.4,47
2025_06_06,2779,115.74344,1151.1,612.2,11.3,11.5,124
2025_06_06,2779,115.74344,893.2,688.1,13.3,10.1,118
2025_06_06,2779,115.74344,228.0,146.4,16.1,14.3,177
2025_06_06,2779,115.74344,457.5,41.7,10.7,11.7,83
2025_06_06,2779,115.74344,277.2,680.9,7.8,9.3,51
2025_06_06,2779,115.74344,559.0,443.5,13.7,11.0,104
2025_06_06,2779,115.74344,1225.9,525.7,14.4,12.3,168
2025_06_06,2779,115.74344,870.3,269.8,12.4,12.8,120
2025_06_06,2779,115.74344,981.7,416.6,12.1,12.5,113
2025_06_06,2779,115.74344,302.4,620.9,8.3,6.5,47
2025_06_06,2779,115.74344,337.9,707.6,7.0,6.8,48
2025_06_06,2779,115.74344,573.4,430.2,11.7,11.1,91
2025_06_06,2780,115.78509,893.6,688.2,12.7,9.8,115
2025_06_06,2780,115.78509,1151.2,612.0,11.1,10.9,118
2025_06_06,2780,115.78509,228.2,146.1,15.8,14.5,174
2025_06_06,2780,115.78509,277.4,681.8,7.1,8.8,46
2025_06_06,2780,115.78509,1225.5,525.9,14.0,12.2,145
2025_06_06,2780,115.78509,457.5,42.0,11.1,11.7,96
2025_06_06,2780,115.78509,559.5,443.3,14.1,10.8,98
2025_06_06,2780,115.78509,301.7,620.8,7.7,6.8,48
2025_06_06,2780,115.78509,870.1,269.6,12.4,12.9,116
2025_06_06,2780,115.78509,981.5,416.8,11.5,13.0,112
2025_06_06,2781,115.82674,893.6,688.2,12.7,9.8,114
2025_06_06,2781,115.82674,1151.2,611.9,11.1,11.0,117
2025_06_06,2781,115.82674,228.3,146.0,16.0,14.6,181
2025_06_06,2781,115.82674,277.5,681.7,7.2,9.0,50
2025_06_06,2781,115.82674,1225.2,525.8,14.0,12.2,143
2025_06_06,2781,115.82674,457.7,42.4,11.1,11.1,90
2025_06_06,2781,115.82674,559.5,443.6,13.7,10.3,98
2025_06_06,2781,115.82674,301.4,621.1,7.7,6.7,48
2025_06_06,2781,115.82674,870.0,269.4,12.4,13.3,120
2025_06_06,2781,115.82674,981.5,417.2,12.0,12.7,116
2025_06_06,2781,115.82674,573.1,430.1,11.8,10.7,91
2025_06_06,2782,115.86839,893.6,688.2,12.7,10.0,118
2025_06_06,2782,115.86839,1151.1,611.8,11.0,11.1,114
2025_06_06,2782,115.86839,228.6,146.0,16.2,14.7,184
2025_06_06,2782,115.86839,277.4,681.5,7.3,9.2,50
2025_06_06,2782,115.86839,457.8,42.4,11.4,11.6,90
2025_06_06,2782,115.86839,1224.9,525.7,14.1,11.8,145
2025_06_06,2782,115.86839,559.7,443.7,13.9,10.4,102
2025_06_06,2782,115.86839,301.4,621.1,7.7,6.7,46
2025_06_06,2782,115.86839,869.8,269.2,12.2,13.2,113
2025_06_06,2782,115.86839,981.4,417.5,12.1,12.8,114
2025_06_06,2783,115.91004,1151.2,611.8,10.9,11.1,117
2025_06_06,2783,115.91004,893.7,688.2,12.8,10.0,119
2025_06_06,2783,115.91004,1224.4,525.6,14.1,11.9,142
2025_06_06,2783,115.91004,277.6,681.6,7.5,9.8,56
2025_06_06,2783,115.91004,457.9,42.7,11.6,11.6,92
2025_06_06,2783,115.91004,228.7,145.9,16.6,14.9,181
2025_06_06,2783,115.91004,869.8,269.2,12.3,13.2,115
2025_06_06,2783,115.91004,301.0,621.2,7.8,6.9,49
2025_06_06,2783,115.91004,559.9,443.9,14.0,10.4,103
2025_06_06,2783,115.91004,981.2,417.9,11.9,12.7,112
2025_06_06,2784,115.95169,1151.1,611.7,10.9,11.0,114
2025_06_06,2784,115.95169,893.7,688.2,12.5,9.9,116
2025_06_06,2784,115.95169,1224.1,525.6,14.1,11.9,147
2025_06_06,2784,115.95169,277.9,682.1,7.2,9.6,52
2025_06_06,2784,115.95169,228.8,146.0,16.3,15.0,184
2025_06_06,2784,115.95169,458.4,43.4,10.6,10.3,83
2025_06_06,2784,115.95169,869.7,269.1,12.3,13.2,112
2025_06_06,2784,115.95169,559.9,444.1,14.2,10.5,105
2025_06_06,2784,115.95169,301.0,621.2,8.0,6.8,49
2025_06_06,2784,115.95169,981.3,417.8,12.1,12.6,118
2025_06_06,2785,115.99334,893.7,688.2,12.5,9.9,115
2025_06_06,2785,115.99334,1151.1,611.3,11.2,11.6,119
2025_06_06,2785,115.99334,1223.8,525.4,14.0,11.8,141
2025_06_06,2785,115.99334,278.0,682.4,7.1,9.2,49
2025_06_06,2785,115.99334,869.5,269.2,12.2,12.7,114
2025_06_06,2785,115.99334,458.5,43.5,10.7,10.2,80
2025_06_06,2785,115.99334,229.0,145.9,16.4,14.8,181
2025_06_06,2785,115.99334,560.1,444.0,14.2,10.5,104
2025_06_06,2785,115.99334,300.9,621.2,8.0,6.8,49
2025_06_06,2785,115.99334,981.2,418.1,12.2,12.9,120
2025_06_06,2786,116.03499,894.0,688.2,12.5,9.7,113
2025_06_06,2786,116.03499,1150.9,611.3,11.7,11.5,123
2025_06_06,2786,116.03499,1223.6,525.5,14.1,11.9,139
2025_06_06,2786,116.03499,278.0,682.4,7.0,8.9,47
2025_06_06,2786,116.03499,869.4,269.0,12.1,12.8,112
2025_06_06,2786,116.03499,458.2,43.4,10.6,10.7,79
2025_06_06,2786,116.03499,560.1,444.1,14.4,10.6,104
2025_06_06,2786,116.03499,229.1,145.8,16.4,14.4,179
2025_06_06,2786,116.03499,300.9,621.1,7.9,6.6,49
2025_06_06,2786,116.03499,981.1,418.1,12.8,12.9,118
2025_06_06,2787,116.07663,1150.9,611.2,11.8,11.5,124
2025_06_06,2787,116.07663,894.0,688.2,12.5,9.7,113
2025_06_06,2787,116.07663,1223.5,525.3,14.0,11.8,138
2025_06_06,2787,116.07663,278.0,682.4,7.0,9.0,47
2025_06_06,2787,116.07663,561.0,444.6,13.3,10.3,97
2025_06_06,2787,116.07663,869.3,268.7,12.0,12.4,108
2025_06_06,2787,116.07663,458.2,43.4,11.2,11.3,92
2025_06_06,2787,116.07663,229.2,145.6,16.2,14.0,177
2025_06_06,2787,116.07663,300.5,621.3,8.1,6.7,45
2025_06_06,2787,116.07663,981.2,417.9,12.3,12.7,115
2025_06_06,2788,116.11828,894.0,688.2,12.6,9.8,113
2025_06_06,2788,116.11828,1151.0,611.1,11.3,11.9,119
2025_06_06,2788,116.11828,229.1,145.7,16.2,14.5,181
2025_06_06,2788,116.11828,1223.6,525.3,14.3,12.1,139
2025_06_06,2788,116.11828,278.1,682.4,7.1,8.9,48
2025_06_06,2788,116.11828,868.9,268.4,12.1,12.7,108
2025_06_06,2788,116.11828,561.1,444.4,13.5,10.4,101
2025_06_06,2788,116.11828,457.9,43.7,10.9,11.3,86
2025_06_06,2788,116.11828,300.1,621.3,7.7,6.6,42
2025_06_06,2788,116.11828,981.2,418.0,12.2,12.9,119
2025_06_06,2789,116.15993,894.0,688.3,12.7,9.7,115
2025_06_06,2789,116.15993,1151.0,611.0,11.3,12.0,122
2025_06_06,2789,116.15993,561.3,444.7,13.1,10.3,100
2025_06_06,2789,116.15993,1223.4,525.4,14.4,12.2,143
2025_06_06,2789,116.15993,278.2,682.1,7.3,9.7,49
2025_06_06,2789,116.15993,868.8,268.4,12.4,12.8,110
2025_06_06,2789,116.15993,229.5,145.7,16.2,14.4,179
2025_06_06,2789,116.15993,300.1,621.3,7.7,6.6,42
2025_06_06,2789,116.15993,458.0,43.6,10.9,11.3,89
2025_06_06,2789,116.15993,981.1,418.0,12.3,12.9,118
2025_06_06,2790,116.20158,894.0,688.3,12.7,9.9,115
2025_06_06,2790,116.20158,1151.0,611.0,11.3,12.0,122
2025_06_06,2790,116.20158,1223.1,525.5,14.4,12.2,143
2025_06_06,2790,116.20158,561.3,444.5,13.0,10.1,99
2025_06_06,2790,116.20158,278.2,682.1,7.5,9.9,51
2025_06_06,2790,116.20158,868.4,268.1,12.6,13.0,114
2025_06_06,2790,116.20158,229.6,145.5,16.7,14.3,182
2025_06_06,2790,116.20158,300.1,621.3,7.8,6.7,43
2025_06_06,2790,116.20158,458.1,44.1,10.5,11.4,85
2025_06_06,2790,116.20158,981.0,418.2,12.4,13.0,116
2025_06_06,2791,116.24323,894.1,688.3,12.5,9.7,112
2025_06_06,2791,116.24323,1151.0,610.7,10.9,11.9,120
2025_06_06,2791,116.24323,561.5,444.6,12.9,10.3,94
2025_06_06,2791,116.24323,1223.0,525.4,14.4,12.2,141
2025_06_06,2791,116.24323,278.4,682.3,7.6,9.9,51
2025_06_06,2791,116.24323,229.7,145.3,16.6,14.1,182
2025_06_06,2791,116.24323,868.2,268.5,13.3,13.4,123
2025_06_06,2791,116.24323,300.1,621.3,7.8,6.9,43
2025_06_06,2791,116.24323,980.9,418.5,12.1,12.7,115
2025_06_06,2791,116.24323,457.9,43.8,11.2,12.5,105
2025_06_06,2792,116.28488,894.2,688.3,12.5,9.8,112
2025_06_06,2792,116.28488,1151.0,610.5,10.7,11.6,118
2025_06_06,2792,116.28488,561.5,444.7,12.9,10.3,95
2025_06_06,2792,116.28488,1222.7,525.2,14.2,12.2,142
2025_06_06,2792,116.28488,278.3,682.4,7.8,10.2,55
2025_06_06,2792,116.28488,868.1,268.2,13.2,13.6,123
2025_06_06,2792,116.28488,229.8,145.1,16.5,13.7,180
2025_06_06,2792,116.28488,299.7,621.2,8.1,7.0,44
2025_06_06,2792,116.28488,458.2,44.2,11.0,11.9,92
2025_06_06,2792,116.28488,980.8,418.6,12.1,12.9,118
2025_06_06,2793,116.32653,894.2,688.3,12.7,9.8,112
2025_06_06,2793,116.32653,1151.0,610.4,10.6,11.9,119
2025_06_06,2793,116.32653,561.5,444.7,12.8,10.3,96
2025_06_06,2793,116.32653,867.8,267.1,12.1,12.3,108
2025_06_06,2793,116.32653,1222.7,525.2,14.2,12.3,141
2025_06_06,2793,116.32653,278.3,682.5,8.1,10.4,55
2025_06_06,2793,116.32653,229.6,145.3,16.2,13.7,183
2025_06_06,2793,116.32653,458.0,44.5,11.1,11.2,90
2025_06_06,2793,116.32653,299.7,621.2,8.1,6.9,43
2025_06_06,2793,116.32653,980.6,418.7,12.1,12.6,116
2025_06_06,2794,116.36818,894.3,688.3,12.8,9.8,113
2025_06_06,2794,116.36818,1151.0,610.3,10.7,11.8,119
2025_06_06,2794,116.36818,561.7,444.9,13.2,10.3,99
2025_06_06,2794,116.36818,1222.4,525.3,14.1,12.1,141
2025_06_06,2794,116.36818,867.8,267.1,12.6,13.1,123
2025_06_06,2794,116.36818,229.6,145.3,16.1,13.8,178
2025_06_06,2794,116.36818,278.2,682.5,8.0,10.2,56
2025_06_06,2794,116.36818,458.2,44.5,11.2,11.2,91
2025_06_06,2794,116.36818,299.7,621.2,8.2,6.9,42
2025_06_06,2794,116.36818,980.5,418.6,12.1,12.6,116
2025_06_06,2795,116.40983,894.3,688.3,12.7,9.9,112
2025_06_06,2795,116.40983,561.8,445.1,13.2,10.3,99
2025_06_06,2795,116.40983,1150.9,610.2,10.4,11.9,137
2025_06_06,2795,116.40983,1222.2,525.3,13.9,12.1,140
2025_06_06,2795,116.40983,229.8,145.2,16.0,14.0,177
2025_06_06,2795,116.40983,867.4,267.3,12.2,12.9,115
2025_06_06,2795,116.40983,458.6,44.2,12.1,12.1,102
2025_06_06,2795,116.40983,278.4,683.4,7.9,9.8,58
2025_06_06,2795,116.40983,299.7,621.2,8.1,6.8,42
2025_06_06,2795,116.40983,980.4,419.1,12.2,12.9,114
2025_06_06,2796,116.45148,894.3,688.4,12.7,9.8,112
2025_06_06,2796,116.45148,561.9,445.2,13.0,10.2,97
2025_06_06,2796,116.45148,1222.1,525.3,14.1,12.1,139
2025_06_06,2796,116.45148,1150.9,610.0,10.4,11.8,110
2025_06_06,2796,116.45148,229.8,145.1,15.8,13.7,174
2025_06_06,2796,116.45148,458.4,44.6,11.9,11.9,94
2025_06_06,2796,116.45148,867.3,267.4,12.5,13.2,115
2025_06_06,2796,116.45148,278.4,683.4,8.0,9.9,58
2025_06_06,2796,116.45148,299.3,621.3,8.1,6.9,41
2025_06_06,2796,116.45148,980.4,419.2,11.6,12.4,107
2025_06_06,2796,116.45148,693.1,51.3,12.0,10.0,79
2025_06_06,2797,116.49313,894.4,688.4,12.7,9.8,112
2025_06_06,2797,116.49313,562.0,445.5,13.1,10.5,99
2025_06_06,2797,116.49313,1221.7,525.2,14.0,12.2,137
2025_06_06,2797,116.49313,1150.9,610.0,10.4,11.8,111
2025_06_06,2797,116.49313,229.9,145.2,15.6,13.7,174
2025_06_06,2797,116.49313,458.8,45.6,11.3,10.7,82
2025_06_06,2797,116.49313,278.4,683.4,8.1,9.8,57
2025_06_06,2797,116.49313,867.2,267.4,13.0,13.0,117
2025_06_06,2797,116.49313,298.9,621.4,7.8,6.8,42
2025_06_06,2798,116.53478,894.4,688.5,12.6,9.6,112
2025_06_06,2798,116.53478,562.3,445.7,13.0,10.5,101
2025_06_06,2798,116.53478,1221.5,525.1,13.9,12.4,143
2025_06_06,2798,116.53478,1150.9,609.9,10.4,11.8,111
2025_06_06,2798,116.53478,230.1,145.0,15.9,13.6,174
2025_06_06,2798,116.53478,867.2,266.8,12.6,12.3,109
2025_06_06,2798,116.53478,458.8,45.5,11.5,11.4,86
2025_06_06,2798,116.53478,278.3,683.1,8.3,10.3,59
2025_06_06,2798,116.53478,298.7,621.4,7.8,6.7,44
2025_06_06,2798,116.53478,980.1,420.2,11.3,12.2,105
2025_06_06,2799,116.57643,894.4,688.5,12.6,9.6,112
2025_06_06,2799,116.57643,562.4,445.9,13.0,10.3,99
2025_06_06,2799,116.57643,1151.0,609.9,10.4,11.8,111
2025_06_06,2799,116.57643,1221.3,524.9,13.7,12.2,142
2025_06_06,2799,116.57643,230.1,145.0,16.0,13.5,177
2025_06_06,2799,116.57643,866.8,266.9,12.8,11.8,106
2025_06_06,2799,116.57643,458.8,46.2,11.2,10.6,76
2025_06_06,2799,116.57643,298.7,621.4,7.7,6.7,41
2025_06_06,2799,116.57643,278.4,683.0,8.5,10.5,59
2025_06_06,2799,116.57643,980.2,420.2,11.5,12.4,105
2025_06_06,2800,116.61808,894.6,688.5,12.7,9.8,112
2025_06_06,2800,116.61808,562.5,446.0,13.3,10.5,104
2025_06_06,2800,116.61808,1150.9,609.9,10.4,11.7,112
2025_06_06,2800,116.61808,230.3,144.9,15.9,13.7,178
2025_06_06,2800,116.61808,1221.0,525.0,13.6,12.2,140
2025_06_06,2800,116.61808,866.9,266.9,12.6,11.7,104
2025_06_06,2800,116.61808,458.9,46.2,11.2,10.2,74
2025_06_06,2800,116.61808,278.7,683.3,8.0,10.0,56
2025_06_06,2800,116.61808,298.7,621.5,7.5,6.7,42
2025_06_06,2800,116.61808,980.1,420.1,11.8,12.6,110
2025_06_06,2801,116.65973,894.7,688.5,12.9,9.8,113
2025_06_06,2801,116.65973,562.8,446.2,13.3,10.2,107
2025_06_06,2801,116.65973,1150.9,609.8,10.4,11.7,112
2025_06_06,2801,116.65973,1220.7,525.0,13.5,12.2,141
2025_06_06,2801,116.65973,230.3,144.9,15.9,13.6,179
2025_06_06,2801,116.65973,867.1,266.8,12.1,11.4,96
2025_06_06,2801,116.65973,278.4,683.6,8.2,10.2,58
2025_06_06,2801,116.65973,298.7,621.5,7.4,6.9,42
2025_06_06,2801,116.65973,459.3,46.7,10.9,10.3,76
2025_06_06,2801,116.65973,979.8,420.9,11.9,12.5,108
2025_06_06,2802,116.70137,894.6,688.5,12.8,9.8,114
2025_06_06,2802,116.70137,1151.0,609.6,10.3,11.4,112
2025_06_06,2802,116.70137,563.0,446.4,13.4,10.3,107
2025_06_06,2802,116.70137,1220.4,524.9,13.4,12.0,139
2025_06_06,2802,116.70137,230.3,144.8,15.8,13.6,180
2025_06_06,2802,116.70137,867.0,266.4,12.7,12.4,97
2025_06_06,2802,116.70137,278.4,683.6,8.2,10.2,57
2025_06_06,2802,116.70137,298.7,621.4,7.4,6.8,44
2025_06_06,2802,116.70137,459.1,47.0,10.9,9.9,78
2025_06_06,2802,116.70137,979.6,421.0,11.8,12.8,112
2025_06_06,2803,116.74302,894.7,688.5,12.9,9.7,114
2025_06_06,2803,116.74302,563.0,446.4,13.6,10.4,106
2025_06_06,2803,116.74302,1151.0,609.6,10.3,11.4,114
2025_06_06,2803,116.74302,1220.2,524.9,13.6,12.0,142
2025_06_06,2803,116.74302,230.5,144.8,15.8,13.8,173
2025_06_06,2803,116.74302,866.7,266.2,12.6,12.5,108
2025_06_06,2803,116.74302,278.4,683.8,8.3,10.3,58
2025_06_06,2803,116.74302,297.3,621.5,7.6,6.9,47
2025_06_06,2803,116.74302,459.4,47.4,10.9,9.7,80
2025_06_06,2803,116.74302,979.5,421.0,11.7,12.9,115
2025_06_06,2804,116.78467,894.7,688.6,13.0,9.7,117
2025_06_06,2804,116.78467,1150.9,609.5,10.5,10.9,113
2025_06_06,2804,116.78467,1220.0,524.7,13.6,11.9,142
2025_06_06,2804,116.78467,563.1,446.6,13.6,10.3,107
2025_06_06,2804,116.78467,230.4,144.8,15.7,13.6,175
2025_06_06,2804,116.78467,866.6,266.4,12.4,12.5,109
2025_06_06,2804,116.78467,278.5,683.8,8.3,10.3,58
2025_06_06,2804,116.78467,297.4,621.5,7.6,6.9,47
2025_06_06,2804,116.78467,459.0,47.3,11.3,11.0,84
2025_06_06,2804,116.78467,979.4,421.2,11.6,12.5,112
2025_06_06,2805,116.82632,894.8,688.6,13.0,9.7,118
2025_06_06,2805,116.82632,1150.9,609.4,10.5,11.1,115
2025_06_06,2805,116.82632,230.4,144.7,15.6,13.6,170
2025_06_06,2805,116.82632,1219.6,524.5,13.8,12.0,150
2025_06_06,2805,116.82632,563.2,446.7,13.5,10.1,106
2025_06_06,2805,116.82632,866.4,266.3,12.1,12.5,108
2025_06_06,2805,116.82632,278.5,683.8,8.3,10.2,58
2025_06_06,2805,116.82632,297.4,621.5,7.7,6.9,47
2025_06_06,2805,116.82632,459.2,47.7,10.8,11.2,83
2025_06_06,2805,116.82632,978.9,421.8,11.6,12.2,109
2025_06_06,2806,116.86797,894.9,688.6,13.2,9.7,120
2025_06_06,2806,116.86797,1150.9,609.3,10.3,11.1,112
2025_06_06,2806,116.86797,230.4,144.5,15.6,13.8,167
2025_06_06,2806,116.86797,1219.5,524.5,14.0,12.1,168
2025_06_06,2806,116.86797,563.4,446.7,13.5,10.2,105
2025_06_06,2806,116.86797,866.0,266.4,11.9,12.6,104
2025_06_06,2806,116.86797,278.7,684.2,7.7,9.5,52
2025_06_06,2806,116.86797,459.3,47.8,11.0,11.2,87
2025_06_06,2806,116.86797,979.0,422.2,11.7,12.4,109
2025_06_06,2806,116.86797,296.8,621.4,7.7,6.7,62
2025_06_06,2807,116.90962,895.0,688.6,13.3,9.7,119
2025_06_06,2807,116.90962,1150.9,609.3,10.5,11.0,115
2025_06_06,2807,116.90962,1219.4,524.2,13.8,12.0,146
2025_06_06,2807,116.90962,563.7,447.0,13.7,10.4,106
2025_06_06,2807,116.90962,230.8,144.5,15.9,13.5,175
2025_06_06,2807,116.90962,865.8,266.0,12.1,12.7,107
2025_06_06,2807,116.90962,278.7,684.3,7.7,9.5,52
2025_06_06,2807,116.90962,459.2,47.9,11.3,11.4,92
2025_06_06,2807,116.90962,296.8,621.3,7.5,6.6,46
2025_06_06,2807,116.90962,979.0,422.3,11.6,12.0,108
2025_06_06,2808,116.95127,895.1,688.5,13.2,9.8,120
2025_06_06,2808,116.95127,1150.9,609.1,10.7,11.1,116
2025_06_06,2808,116.95127,563.9,447.0,13.9,10.3,107
2025_06_06,2808,116.95127,1218.9,524.1,14.1,12.0,149
2025_06_06,2808,116.95127,230.8,144.5,16.1,13.5,178
2025_06_06,2808,116.95127,865.6,266.1,12.3,12.4,106
2025_06_06,2808,116.95127,459.7,48.4,11.9,11.5,105
2025_06_06,2808,116.95127,278.7,684.2,7.9,9.6,57
2025_06_06,2808,116.95127,296.8,621.3,7.5,6.6,46
2025_06_06,2808,116.95127,978.9,422.3,12.0,12.4,113
2025_06_06,2809,116.99292,895.3,688.8,13.5,10.0,122
2025_06_06,2809,116.99292,1150.8,609.0,11.2,11.1,116
2025_06_06,2809,116.99292,231.1,144.6,16.3,13.8,181
2025_06_06,2809,116.99292,564.0,447.2,14.0,10.4,109
2025_06_06,2809,116.99292,459.9,48.4,11.2,11.0,91
2025_06_06,2809,116.99292,1218.5,523.9,14.0,11.7,146
2025_06_06,2809,116.99292,865.4,265.6,12.9,12.9,113
2025_06_06,2809,116.99292,978.7,422.5,11.9,12.5,111
2025_06_06,2809,116.99292,296.8,621.7,7.7,6.7,48
2025_06_06,2809,116.99292,279.1,684.7,7.7,8.8,48
2025_06_06,2810,117.03457,895.3,688.8,13.5,9.9,125
2025_06_06,2810,117.03457,230.9,144.5,16.4,13.6,179
2025_06_06,2810,117.03457,1150.9,609.0,11.1,11.0,114
2025_06_06,2810,117.03457,460.0,48.5,11.4,11.3,89
2025_06_06,2810,117.03457,564.1,447.3,14.0,10.3,109
2025_06_06,2810,117.03457,1218.4,523.8,14.1,11.8,147
2025_06_06,2810,117.03457,865.0,265.5,12.7,12.6,114
2025_06_06,2810,117.03457,279.2,684.7,7.8,8.7,52
2025_06_06,2810,117.03457,978.7,422.4,11.8,12.4,112
2025_06_06,2810,117.03457,296.4,621.4,8.1,6.8,49
2025_06_06,2811,117.07622,895.3,688.8,13.5,9.9,125
2025_06_06,2811,117.07622,231.3,144.2,16.7,13.8,184
2025_06_06,2811,117.07622,1150.8,608.8,11.1,10.8,113
2025_06_06,2811,117.07622,460.1,48.4,11.4,11.2,87
2025_06_06,2811,117.07622,564.1,447.3,14.1,10.2,108
2025_06_06,2811,117.07622,1218.2,523.7,14.0,11.6,143
2025_06_06,2811,117.07622,864.8,265.3,12.8,12.8,117
2025_06_06,2811,117.07622,279.2,685.2,7.6,8.1,49
2025_06_06,2811,117.07622,978.8,422.4,11.8,12.4,114
2025_06_06,2811,117.07622,296.5,621.3,8.1,6.8,49
2025_06_06,2812,117.11787,895.4,688.9,13.7,10.0,127
2025_06_06,2812,117.11787,231.3,144.2,16.5,13.6,181
2025_06_06,2812,117.11787,1150.8,608.6,11.3,11.1,116
2025_06_06,2812,117.11787,564.6,447.6,13.7,10.5,102
2025_06_06,2812,117.11787,460.2,48.5,11.0,11.2,86
2025_06_06,2812,117.11787,1218.1,523.6,14.0,11.5,146
2025_06_06,2812,117.11787,864.3,265.2,13.2,13.1,126
2025_06_06,2812,117.11787,279.1,685.4,7.9,8.4,54
2025_06_06,2812,117.11787,296.5,621.4,8.1,6.7,48
2025_06_06,2812,117.11787,978.8,423.2,11.5,12.8,112
2025_06_06,2813,117.15952,895.4,688.9,13.7,9.9,124
2025_06_06,2813,117.15952,231.3,144.3,16.5,13.7,176
2025_06_06,2813,117.15952,1150.8,608.5,11.7,10.7,115
2025_06_06,2813,117.15952,1216.5,523.1,12.5,9.8,129
2025_06_06,2813,117.15952,460.2,48.5,10.7,11.6,87
2025_06_06,2813,117.15952,564.7,447.7,13.6,10.9,104
2025_06_06,2813,117.15952,863.6,265.2,12.9,12.5,121
2025_06_06,2813,117.15952,279.1,685.4,8.0,8.5,54
2025_06_06,2813,117.15952,296.4,621.5,8.1,6.7,49
2025_06_06,2813,117.15952,978.6,423.2,11.5,12.9,110
2025_06_06,2814,117.20117,895.4,688.8,13.5,9.8,118
2025_06_06,2814,117.20117,231.4,144.2,16.8,13.8,181
2025_06_06,2814,117.20117,1150.6,608.4,11.6,10.8,112
2025_06_06,2814,117.20117,1216.1,523.0,12.7,9.9,132
2025_06_06,2814,117.20117,460.2,49.1,11.0,11.6,84
2025_06_06,2814,117.20117,564.8,447.7,13.7,11.0,102
2025_06_06,2814,117.20117,279.0,685.6,7.7,8.1,53
2025_06_06,2814,117.20117,864.1,264.8,13.0,12.9,126
2025_06_06,2814,117.20117,296.4,621.5,8.0,6.8,49
2025_06_06,2814,117.20117,978.3,423.3,11.7,12.6,109
2025_06_06,2815,117.24282,895.6,688.8,13.5,9.8,120
2025_06_06,2815,117.24282,1215.7,522.9,12.2,9.8,125
2025_06_06,2815,117.24282,1150.6,608.3,11.6,10.9,115
2025_06_06,2815,117.24282,231.5,144.1,16.9,13.9,183
2025_06_06,2815,117.24282,460.3,49.3,10.2,11.2,81
2025_06_06,2815,117.24282,565.0,447.8,13.9,10.9,105
2025_06_06,2815,117.24282,279.1,685.8,7.9,8.5,54
2025_06_06,2815,117.24282,863.8,264.7,13.3,13.0,125
2025_06_06,2815,117.24282,295.8,621.5,8.7,7.1,50
2025_06_06,2815,117.24282,978.3,423.5,11.6,12.5,124
2025_06_06,2816,117.28446,895.6,688.8,13.5,9.9,120
2025_06_06,2816,117.28446,231.6,143.9,17.1,13.9,188
2025_06_06,2816,117.28446,1215.9,522.7,12.5,10.0,131
2025_06_06,2816,117.28446,460.3,49.2,10.6,11.6,83
2025_06_06,2816,117.28446,1150.5,608.3,11.6,10.9,116
2025_06_06,2816,117.28446,565.4,447.9,13.6,10.8,103
2025_06_06,2816,117.28446,279.4,685.8,7.8,8.3,54
2025_06_06,2816,117.28446,862.8,264.5,13.5,12.8,131
2025_06_06,2816,117.28446,295.7,621.5,8.5,6.9,49
2025_06_06,2816,117.28446,978.2,423.3,11.5,12.4,110
2025_06_06,2817,117.32611,895.6,688.8,13.5,9.9,122
2025_06_06,2817,117.32611,460.3,49.2,11.0,10.8,83
2025_06_06,2817,117.32611,231.9,143.9,17.2,14.1,187
2025_06_06,2817,117.32611,1215.9,522.8,13.0,10.3,134
2025_06_06,2817,117.32611,1150.5,608.2,11.6,10.9,116
2025_06_06,2817,117.32611,565.5,447.9,13.8,10.9,107
2025_06_06,2817,117.32611,279.3,685.6,8.1,8.8,56
2025_06_06,2817,117.32611,295.3,621.4,7.9,6.5,42
2025_06_06,2817,117.32611,863.8,264.6,13.6,13.2,137
2025_06_06,2817,117.32611,978.1,423.3,11.8,12.5,110
2025_06_06,2818,117.36776,895.8,688.7,13.5,9.9,121
2025_06_06,2818,117.36776,231.8,143.7,17.3,14.1,187
2025_06_06,2818,117.36776,460.4,49.5,11.3,10.6,87
2025_06_06,2818,117.36776,1215.9,522.9,13.2,10.5,138
2025_06_06,2818,117.36776,1150.7,608.1,11.6,10.9,112
2025_06_06,2818,117.36776,565.7,448.2,13.6,11.0,106
2025_06_06,2818,117.36776,295.0,621.5,7.5,6.6,48
2025_06_06,2818,117.36776,279.5,686.2,8.0,8.9,55
2025_06_06,2818,117.36776,978.1,423.2,11.7,12.1,109
2025_06_06,2818,117.36776,863.7,264.6,13.6,14.1,134
2025_06_06,2819,117.40941,460.7,50.1,11.4,10.5,80
2025_06_06,2819,117.40941,895.8,688.7,13.5,9.9,119
2025_06_06,2819,117.40941,232.1,143.7,17.3,14.0,184
2025_06_06,2819,117.40941,1216.3,523.0,14.2,11.1,149
2025_06_06,2819,117.40941,1150.8,608.1,11.5,10.9,112
2025_06_06,2819,117.40941,565.8,448.1,13.6,11.0,106
2025_06_06,2819,117.40941,977.9,423.3,11.9,11.9,109
2025_06_06,2819,117.40941,294.9,621.4,7.3,6.4,47
2025_06_06,2819,117.40941,279.7,686.2,8.3,9.2,58
2025_06_06,2819,117.40941,863.5,264.4,13.0,13.8,137
2025_06_06,2820,117.45106,895.9,688.8,13.7,10.0,121
2025_06_06,2820,117.45106,1216.2,522.9,14.2,11.2,148
2025_06_06,2820,117.45106,232.1,143.6,17.0,13.7,180
2025_06_06,2820,117.45106,566.1,448.5,13.2,10.6,100
2025_06_06,2820,117.45106,1150.8,607.9,11.3,11.1,109
2025_06_06,2820,117.45106,460.7,50.4,11.2,10.0,80
2025_06_06,2820,117.45106,279.6,686.4,8.0,8.8,51
2025_06_06,2820,117.45106,295.0,621.5,7.6,6.6,48
2025_06_06,2820,117.45106,977.8,423.5,11.7,12.0,105
2025_06_06,2820,117.45106,862.9,264.3,13.0,13.2,124
2025_06_06,2821,117.49271,895.8,688.8,13.8,10.0,121
2025_06_06,2821,117.49271,460.5,50.3,12.1,10.9,84
2025_06_06,2821,117.49271,1216.1,522.8,14.3,11.4,151
2025_06_06,2821,117.49271,232.3,143.5,16.8,13.4,173
2025_06_06,2821,117.49271,566.2,448.6,13.1,10.5,100
2025_06_06,2821,117.49271,1150.8,607.8,11.3,11.2,113
2025_06_06,2821,117.49271,977.6,423.7,11.9,12.4,116
2025_06_06,2821,117.49271,294.5,621.6,7.9,6.6,47
2025_06_06,2821,117.49271,279.7,686.5,8.5,9.8,54
2025_06_06,2821,117.49271,863.0,264.1,12.2,12.4,113
2025_06_06,2822,117.53436,895.8,688.8,13.8,10.0,123
2025_06_06,2822,117.53436,232.5,143.5,17.0,13.4,173
2025_06_06,2822,117.53436,1216.0,522.8,14.5,11.7,150
2025_06_06,2822,117.53436,460.4,50.8,11.7,10.6,87
2025_06_06,2822,117.53436,566.2,448.7,12.9,10.4,98
2025_06_06,2822,117.53436,1150.7,607.8,11.3,11.1,113
2025_06_06,2822,117.53436,294.5,621.7,7.7,6.4,47
2025_06_06,2822,117.53436,977.4,423.7,11.9,12.4,118
2025_06_06,2822,117.53436,279.7,686.3,8.5,10.0,57
2025_06_06,2822,117.53436,862.9,264.1,12.4,12.6,114
2025_06_06,2823,117.57601,460.4,50.7,11.5,11.1,87
2025_06_06,2823,117.57601,895.9,688.8,13.8,10.1,124
2025_06_06,2823,117.57601,1216.0,522.7,14.8,12.0,153
2025_06_06,2823,117.57601,232.6,143.5,17.0,13.4,175
2025_06_06,2823,117.57601,566.2,448.8,12.9,10.4,101
2025_06_06,2823,117.57601,1150.8,607.7,11.1,11.2,109
2025_06_06,2823,117.57601,977.4,423.9,12.2,12.3,117
2025_06_06,2823,117.57601,294.5,621.7,7.7,6.4,47
2025_06_06,2823,117.57601,279.7,686.3,8.5,10.0,57
2025_06_06,2823,117.57601,862.6,263.9,12.8,12.4,120
2025_06_06,2824,117.61766,460.4,50.7,11.7,12.0,97
2025_06_06,2824,117.61766,896.0,688.9,13.8,10.0,123
2025_06_06,2824,117.61766,1215.8,522.7,15.1,12.3,156
2025_06_06,2824,117.61766,232.7,143.2,16.9,13.5,173
2025_06_06,2824,117.61766,566.3,448.9,12.6,10.2,99
2025_06_06,2824,117.61766,1150.8,607.7,11.0,11.3,114
2025_06_06,2824,117.61766,977.2,424.1,12.3,12.3,119
2025_06_06,2824,117.61766,294.0,621.6,7.6,6.1,43
2025_06_06,2824,117.61766,279.8,686.4,8.5,10.1,57
2025_06_06,2824,117.61766,862.8,263.7,12.7,12.6,112
2025_06_06,2825,117.65931,896.0,688.9,13.8,9.9,122
2025_06_06,2825,117.65931,460.6,51.2,11.1,11.8,92
2025_06_06,2825,117.65931,1215.7,522.7,15.1,12.2,156
2025_06_06,2825,117.65931,233.0,143.1,16.7,13.4,174
2025_06_06,2825,117.65931,566.5,449.1,13.1,10.5,103
2025_06_06,2825,117.65931,1150.8,607.2,10.8,11.3,111
2025_06_06,2825,117.65931,293.9,621.7,8.0,6.2,45
2025_06_06,2825,117.65931,977.1,424.4,12.0,12.3,116
2025_06_06,2825,117.65931,862.3,263.6,12.6,12.4,112
2025_06_06,2825,117.65931,279.9,686.7,8.5,10.4,60
2025_06_06,2826,117.70096,460.6,51.0,11.1,11.8,89
2025_06_06,2826,117.70096,896.2,689.0,14.0,10.0,128
2025_06_06,2826,117.70096,1215.6,522.7,15.2,12.2,158
2025_06_06,2826,117.70096,566.6,449.1,13.1,10.6,101
2025_06_06,2826,117.70096,233.1,143.0,16.1,13.5,173
2025_06_06,2826,117.70096,1150.6,607.0,11.1,11.3,117
2025_06_06,2826,117.70096,861.9,263.0,12.3,12.0,106
2025_06_06,2826,117.70096,293.8,621.7,8.2,6.2,45
2025_06_06,2826,117.70096,977.1,424.8,12.2,12.0,115
2025_06_06,2826,117.70096,279.8,686.6,8.8,10.7,60
2025_06_06,2827,117.74261,896.2,689.0,14.0,10.0,127
2025_06_06,2827,117.74261,1215.4,522.6,14.9,11.9,150
2025_06_06,2827,117.74261,461.1,51.5,11.3,11.2,92
2025_06_06,2827,117.74261,1150.6,606.7,11.0,11.0,111
2025_06_06,2827,117.74261,233.5,142.9,16.4,13.5,177
2025_06_06,2827,117.74261,566.7,449.4,12.9,10.2,97
2025_06_06,2827,117.74261,862.0,262.9,12.2,12.1,105
2025_06_06,2827,117.74261,293.8,621.7,8.1,6.2,46
2025_06_06,2827,117.74261,977.2,424.8,12.2,12.2,117
2025_06_06,2827,117.74261,279.7,686.7,8.9,10.6,57
2025_06_06,2828,117.78426,233.6,142.8,16.7,13.4,177
2025_06_06,2828,117.78426,1215.3,522.4,15.2,12.2,155
2025_06_06,2828,117.78426,896.2,689.0,14.0,9.9,131
2025_06_06,2828,117.78426,460.8,51.6,11.5,10.7,92
2025_06_06,2828,117.78426,1150.8,606.8,11.0,11.3,113
2025_06_06,2828,117.78426,293.8,621.7,8.7,6.2,48
2025_06_06,2828,117.78426,861.8,262.8,12.4,12.0,104
2025_06_06,2828,117.78426,567.1,449.7,12.9,10.0,96
2025_06_06,2828,117.78426,977.0,425.2,12.3,12.3,115
2025_06_06,2828,117.78426,279.7,686.7,9.2,10.4,58
2025_06_06,2829,117.82591,233.5,142.8,17.1,13.4,179
2025_06_06,2829,117.82591,1215.2,522.4,15.0,12.0,156
2025_06_06,2829,117.82591,896.3,689.0,14.2,10.1,134
2025_06_06,2829,117.82591,1150.9,606.7,11.0,11.3,113
2025_06_06,2829,117.82591,461.1,52.0,11.2,10.9,95
2025_06_06,2829,117.82591,293.2,621.6,8.6,6.2,43
2025_06_06,2829,117.82591,567.2,449.7,13.2,10.3,101
2025_06_06,2829,117.82591,976.9,425.3,12.5,12.6,118
2025_06_06,2829,117.82591,861.7,262.8,12.7,12.3,110
2025_06_06,2829,117.82591,279.8,687.0,9.0,10.3,60
2025_06_06,2830,117.86756,233.6,142.8,16.8,13.5,175
2025_06_06,2830,117.86756,1214.9,522.4,14.9,12.1,155
2025_06_06,2830,117.86756,461.2,51.9,11.1,11.1,98
2025_06_06,2830,117.86756,1151.0,606.7,10.7,11.3,113
2025_06_06,2830,117.86756,896.4,689.1,14.2,10.1,130
2025_06_06,2830,117.86756,293.2,621.6,8.6,6.3,44
2025_06_06,2830,117.86756,976.7,425.6,12.8,12.8,119
2025_06_06,2830,117.86756,567.2,449.9,13.1,10.1,100
2025_06_06,2830,117.86756,279.7,686.9,9.1,10.7,63
2025_06_06,2830,117.86756,861.5,262.8,12.6,12.1,108
2025_06_06,2831,117.9092,233.7,142.9,16.5,13.7,172
2025_06_06,2831,117.9092,1151.0,606.5,10.6,11.3,109
2025_06_06,2831,117.9092,461.3,52.0,11.4,11.2,100
2025_06_06,2831,117.9092,1214.9,522.4,14.8,12.0,154
2025_06_06,2831,117.9092,896.4,689.2,14.3,10.2,131
2025_06_06,2831,117.9092,567.3,450.1,13.5,10.3,102
2025_06_06,2831,117.9092,293.2,621.7,8.5,6.1,42
2025_06_06,2831,117.9092,861.7,262.9,11.9,11.9,105
2025_06_06,2831,117.9092,976.9,425.5,12.6,12.9,119
2025_06_06,2831,117.9092,279.9,687.4,9.0,10.5,63
2025_06_06,2832,117.95085,233.9,142.8,16.8,13.5,173
2025_06_06,2832,117.95085,1151.1,606.4,10.7,11.5,109
2025_06_06,2832,117.95085,1214.5,522.3,14.6,11.9,157
2025_06_06,2832,117.95085,462.0,52.8,10.6,10.5,99
2025_06_06,2832,117.95085,896.6,689.2,14.4,10.3,134
2025_06_06,2832,117.95085,292.9,621.9,8.9,6.3,46
2025_06_06,2832,117.95085,567.4,450.2,13.6,10.4,100
2025_06_06,2832,117.95085,861.6,262.9,11.8,11.6,105
2025_06_06,2832,117.95085,279.8,687.7,9.3,10.7,68
2025_06_06,2832,117.95085,977.0,426.0,12.4,12.8,113
2025_06_06,2833,117.9925,234.0,142.6,16.4,13.4,169
2025_06_06,2833,117.9925,1214.4,522.4,14.4,11.8,156
2025_06_06,2833,117.9925,1151.2,606.3,10.6,11.5,108
2025_06_06,2833,117.9925,896.7,689.2,14.5,10.3,136
2025_06_06,2833,117.9925,461.9,52.7,10.6,10.9,101
2025_06_06,2833,117.9925,567.5,450.4,13.8,10.2,105
2025_06_06,2833,117.9925,292.9,621.9,8.9,6.5,46
2025_06_06,2833,117.9925,976.8,426.2,12.2,12.6,110
2025_06_06,2833,117.9925,279.9,687.8,9.2,10.8,66
2025_06_06,2833,117.9925,861.3,262.5,11.8,11.6,106
2025_06_06,2834,118.03415,234.0,142.6,16.6,13.4,168
2025_06_06,2834,118.03415,1213.9,522.4,13.8,11.5,150
2025_06_06,2834,118.03415,461.9,53.1,10.9,11.1,100
2025_06_06,2834,118.03415,1151.3,606.4,11.0,11.4,109
2025_06_06,2834,118.03415,897.1,689.2,14.6,10.6,140
2025_06_06,2834,118.03415,292.8,622.1,9.2,6.9,53
2025_06_06,2834,118.03415,568.0,450.5,13.3,10.0,104
2025_06_06,2834,118.03415,976.7,426.5,11.8,12.3,109
2025_06_06,2834,118.03415,861.1,262.3,12.0,11.9,110
2025_06_06,2834,118.03415,279.9,688.0,9.1,10.8,64
2025_06_06,2835,118.0758,234.0,142.7,16.5,13.4,166
2025_06_06,2835,118.0758,1213.8,522.4,13.9,11.5,151
2025_06_06,2835,118.0758,462.0,53.2,11.3,11.1,100
2025_06_06,2835,118.0758,1151.3,606.3,11.0,11.2,108
2025_06_06,2835,118.0758,897.1,689.2,14.6,10.5,141
2025_06_06,2835,118.0758,568.5,451.0,12.8,9.8,103
2025_06_06,2835,118.0758,292.7,622.1,9.1,6.8,55
2025_06_06,2835,118.0758,976.8,426.6,12.2,12.4,117
2025_06_06,2835,118.0758,860.7,262.2,12.3,12.0,111
2025_06_06,2835,118.0758,280.2,688.3,9.0,10.3,65
2025_06_06,2835,118.0758,565.9,432.3,13.4,10.6,103
2025_06_06,2836,118.11745,1213.6,522.4,13.4,11.2,145
2025_06_06,2836,118.11745,234.0,142.7,16.4,13.4,170
2025_06_06,2836,118.11745,897.5,689.2,14.6,10.6,133
2025_06_06,2836,118.11745,1151.3,606.2,11.1,11.3,110
2025_06_06,2836,118.11745,461.8,53.7,11.6,11.0,95
2025_06_06,2836,118.11745,569.0,451.2,12.3,9.6,99
2025_06_06,2836,118.11745,292.1,622.0,8.8,6.9,50
2025_06_06,2836,118.11745,860.5,262.1,12.5,12.4,108
2025_06_06,2836,118.11745,976.8,427.3,12.6,12.2,116
2025_06_06,2836,118.11745,280.1,687.9,9.4,11.2,71
2025_06_06,2836,118.11745,567.8,450.6,13.9,11.5,114
2025_06_06,2836,118.11745,565.6,432.2,13.1,10.3,95
2025_06_06,2837,118.1591,234.0,142.7,16.1,13.3,167
2025_06_06,2837,118.1591,1213.5,522.2,13.6,11.5,147
2025_06_06,2837,118.1591,461.9,53.6,11.6,11.8,110
2025_06_06,2837,118.1591,897.5,689.2,14.6,10.6,134
2025_06_06,2837,118.1591,569.1,451.3,12.7,9.9,104
2025_06_06,2837,118.1591,860.2,262.1,12.9,13.1,118
2025_06_06,2837,118.1591,1151.4,606.1,11.1,11.1,109
2025_06_06,2837,118.1591,292.1,622.0,8.8,6.9,52
2025_06_06,2837,118.1591,976.8,427.5,12.2,12.0,113
2025_06_06,2837,118.1591,280.1,688.0,9.5,11.1,72
2025_06_06,2837,118.1591,565.4,432.2,13.3,10.1,100
2025_06_06,2838,118.20075,1213.5,522.2,13.8,11.6,143
2025_06_06,2838,118.20075,898.1,689.2,14.0,10.4,124
2025_06_06,2838,118.20075,234.4,142.7,16.5,13.6,172
2025_06_06,2838,118.20075,569.0,451.4,13.5,10.5,112
2025_06_06,2838,118.20075,859.8,262.5,13.4,13.7,133
2025_06_06,2838,118.20075,462.2,53.7,11.1,12.1,107
2025_06_06,2838,118.20075,280.9,690.5,6.8,6.9,44
2025_06_06,2838,118.20075,1151.9,605.7,10.7,11.0,108
2025_06_06,2838,118.20075,291.6,622.2,8.6,6.6,46
2025_06_06,2838,118.20075,976.3,427.9,12.0,12.3,113
2025_06_06,2839,118.2424,898.1,689.3,14.0,10.4,126
2025_06_06,2839,118.2424,1213.3,522.3,14.0,11.7,143
2025_06_06,2839,118.2424,569.0,451.4,13.4,10.7,112
2025_06_06,2839,118.2424,234.4,142.6,16.4,13.7,171
2025_06_06,2839,118.2424,462.2,53.9,11.3,11.5,103
2025_06_06,2839,118.2424,859.8,262.2,13.3,13.7,127
2025_06_06,2839,118.2424,280.8,690.3,7.1,7.1,43
2025_06_06,2839,118.2424,1151.9,605.7,10.7,11.1,109
2025_06_06,2839,118.2424,291.4,622.1,8.4,6.6,45
2025_06_06,2839,118.2424,976.2,427.9,11.7,12.4,113
2025_06_06,2840,118.28405,898.2,689.3,14.0,10.4,125
2025_06_06,2840,118.28405,1213.2,522.2,14.0,11.8,143
2025_06_06,2840,118.28405,569.2,451.7,13.2,10.9,110
2025_06_06,2840,118.28405,234.5,142.8,16.2,13.8,168
2025_06_06,2840,118.28405,859.6,261.8,13.3,14.0,129
2025_06_06,2840,118.28405,280.7,690.1,7.3,7.2,47
2025_06_06,2840,118.28405,1151.9,605.8,10.7,11.1,107
2025_06_06,2840,118.28405,291.2,622.1,7.8,6.5,43
2025_06_06,2840,118.28405,462.6,54.1,10.4,10.8,104
2025_06_06,2840,118.28405,976.2,428.2,11.9,12.2,111
2025_06_06,2841,118.3257,898.5,689.5,14.2,10.6,129
2025_06_06,2841,118.3257,1213.1,522.1,14.2,12.0,150
2025_06_06,2841,118.3257,569.4,451.6,13.3,11.2,113
2025_06_06,2841,118.3257,234.6,142.6,16.1,13.8,165
2025_06_06,2841,118.3257,859.6,261.3,13.5,13.8,123
2025_06_06,2841,118.3257,280.8,690.3,6.8,7.1,47
2025_06_06,2841,118.3257,1151.9,605.7,10.5,11.1,107
2025_06_06,2841,118.3257,291.1,622.2,7.8,6.6,44
2025_06_06,2841,118.3257,462.7,54.0,10.5,10.7,109
2025_06_06,2841,118.3257,976.0,428.2,12.2,12.0,114
2025_06_06,2842,118.36735,898.5,689.6,14.4,10.7,133
2025_06_06,2842,118.36735,1213.0,522.1,13.9,11.8,140
2025_06_06,2842,118.36735,234.5,142.6,16.4,13.7,167
2025_06_06,2842,118.36735,569.8,452.1,13.0,10.5,107
2025_06_06,2842,118.36735,859.5,261.3,13.9,14.2,133
2025_06_06,2842,118.36735,280.9,690.9,6.7,7.3,47
2025_06_06,2842,118.36735,1151.9,605.7,10.7,11.1,107
2025_06_06,2842,118.36735,290.8,622.2,7.5,6.5,42
2025_06_06,2842,118.36735,975.6,428.4,12.1,11.6,108
2025_06_06,2842,118.36735,568.6,451.7,15.1,12.9,123
2025_06_06,2842,118.36735,463.4,54.5,10.6,10.4,98
2025_06_06,2842,118.36735,564.5,433.0,12.8,10.5,88
2025_06_06,2843,118.409,898.7,689.6,14.3,10.7,135
2025_06_06,2843,118.409,1212.8,522.1,14.1,11.8,143
2025_06_06,2843,118.409,569.9,452.1,13.3,10.6,108
2025_06_06,2843,118.409,234.4,142.5,16.4,13.4,165
2025_06_06,2843,118.409,859.4,261.3,13.9,14.1,122
2025_06_06,2843,118.409,1151.9,605.7,10.8,11.2,109
2025_06_06,2843,118.409,280.9,690.9,6.8,7.4,79
2025_06_06,2843,118.409,290.5,622.2,7.9,6.5,44
2025_06_06,2843,118.409,975.7,428.3,12.2,11.6,109
2025_06_06,2843,118.409,462.4,54.2,10.7,10.8,101
2025_06_06,2843,118.409,564.4,433.0,13.1,10.6,90
2025_06_06,2843,118.409,568.6,451.6,15.5,13.1,126
2025_06_06,2844,118.45065,898.7,689.7,14.4,10.8,136
2025_06_06,2844,118.45065,1212.7,522.0,13.8,11.8,144
2025_06_06,2844,118.45065,234.4,142.4,16.9,13.5,173
2025_06_06,2844,118.45065,569.8,452.3,13.7,10.9,113
2025_06_06,2844,118.45065,859.7,261.1,13.2,13.9,120
2025_06_06,2844,118.45065,1152.0,605.7,10.7,11.3,114
2025_06_06,2844,118.45065,290.3,622.2,8.2,6.6,45
2025_06_06,2844,118.45065,281.0,691.3,7.0,7.4,48
2025_06_06,2844,118.45065,462.3,54.4,11.5,10.8,104
2025_06_06,2844,118.45065,975.6,428.4,11.9,11.7,105
2025_06_06,2844,118.45065,564.1,433.2,13.2,10.6,90
2025_06_06,2844,118.45065,568.4,451.8,15.9,13.5,136
2025_06_06,2845,118.49229,898.7,689.7,14.5,10.7,135
2025_06_06,2845,118.49229,1212.5,522.1,13.9,11.8,144
2025_06_06,2845,118.49229,569.9,452.0,13.5,10.9,112
2025_06_06,2845,118.49229,234.7,142.5,16.5,13.3,161
2025_06_06,2845,118.49229,859.6,261.3,12.9,13.3,114
2025_06_06,2845,118.49229,1151.9,605.7,10.8,11.3,113
2025_06_06,2845,118.49229,290.3,622.2,8.1,6.6,46
2025_06_06,2845,118.49229,462.3,54.5,11.6,11.3,110
2025_06_06,2845,118.49229,280.9,691.3,7.2,7.4,50
2025_06_06,2845,118.49229,975.7,428.4,12.0,11.7,106
2025_06_06,2845,118.49229,568.7,451.6,15.8,13.5,129
2025_06_06,2845,118.49229,564.2,433.2,13.0,10.7,89
2025_06_06,2846,118.53394,898.7,689.7,14.4,10.7,135
2025_06_06,2846,118.53394,1212.4,522.1,13.7,11.9,144
2025_06_06,2846,118.53394,569.8,452.4,13.7,10.9,110
2025_06_06,2846,118.53394,234.9,142.5,16.6,13.3,162
2025_06_06,2846,118.53394,859.1,261.0,12.3,12.3,95
2025_06_06,2846,118.53394,462.3,54.6,11.7,12.0,114
2025_06_06,2846,118.53394,1151.9,605.6,10.8,11.2,109
2025_06_06,2846,118.53394,289.9,622.2,7.9,6.5,45
2025_06_06,2846,118.53394,280.8,691.6,7.8,7.7,54
2025_06_06,2846,118.53394,975.5,428.3,11.8,11.6,103
2025_06_06,2846,118.53394,563.9,433.3,13.4,11.0,94
2025_06_06,2846,118.53394,568.3,451.8,16.4,14.1,132
2025_06_06,2847,118.57559,898.8,689.8,14.2,10.4,131
2025_06_06,2847,118.57559,1212.0,522.0,13.8,11.9,143
2025_06_06,2847,118.57559,235.1,142.3,16.9,13.2,167
2025_06_06,2847,118.57559,570.0,452.3,13.3,10.9,105
2025_06_06,2847,118.57559,858.9,261.0,11.7,11.3,86
2025_06_06,2847,118.57559,280.9,691.6,7.9,8.2,56
2025_06_06,2847,118.57559,1151.8,605.7,10.7,11.4,114
2025_06_06,2847,118.57559,289.8,622.3,7.9,6.8,46
2025_06_06,2847,118.57559,462.5,55.0,11.5,11.7,115
2025_06_06,2847,118.57559,975.5,428.3,11.9,11.6,103
2025_06_06,2847,118.57559,568.4,451.8,16.1,14.0,129
2025_06_06,2847,118.57559,563.7,433.4,12.9,10.7,89
2025_06_06,2848,118.61724,898.8,689.8,14.4,10.5,133
2025_06_06,2848,118.61724,1212.0,522.0,13.9,11.9,146
2025_06_06,2848,118.61724,235.3,142.2,16.8,13.3,169
2025_06_06,2848,118.61724,569.9,452.2,13.4,10.9,108
2025_06_06,2848,118.61724,858.8,260.6,11.8,11.9,91
2025_06_06,2848,118.61724,281.2,692.4,7.4,7.3,45
2025_06_06,2848,118.61724,1151.9,605.7,10.6,11.5,113
2025_06_06,2848,118.61724,462.3,55.0,11.5,11.9,118
2025_06_06,2848,118.61724,289.8,622.3,7.9,6.8,46
2025_06_06,2848,118.61724,975.5,428.8,11.6,11.5,104
2025_06_06,2848,118.61724,568.3,451.6,15.8,13.7,128
2025_06_06,2848,118.61724,563.6,433.3,12.6,10.6,85
2025_06_06,2849,118.65889,898.9,689.9,14.4,10.6,135
2025_06_06,2849,118.65889,1211.6,522.0,14.0,12.0,144
2025_06_06,2849,118.65889,570.2,452.6,13.0,10.8,104
2025_06_06,2849,118.65889,235.5,142.0,16.6,13.2,164
2025_06_06,2849,118.65889,858.6,260.3,11.7,11.9,93
2025_06_06,2849,118.65889,281.3,692.3,7.5,7.6,47
2025_06_06,2849,118.65889,462.4,55.1,11.3,11.4,112
2025_06_06,2849,118.65889,1151.9,605.5,10.8,11.7,113
2025_06_06,2849,118.65889,289.6,622.3,8.1,6.9,44
2025_06_06,2849,118.65889,975.4,429.0,11.9,11.8,106
2025_06_06,2849,118.65889,568.5,451.9,15.8,14.0,126
2025_06_06,2849,118.65889,563.8,433.4,12.7,10.8,84
2025_06_06,2850,118.70054,898.9,689.9,14.3,10.6,135
2025_06_06,2850,118.70054,1211.5,521.9,13.9,12.0,142
2025_06_06,2850,118.70054,570.2,452.6,13.0,10.6,104
2025_06_06,2850,118.70054,235.6,141.8,16.6,13.3,170
2025_06_06,2850,118.70054,858.4,259.5,12.3,13.5,110
2025_06_06,2850,118.70054,281.2,692.3,7.6,7.6,49
2025_06_06,2850,118.70054,1152.0,605.5,10.8,11.7,112
2025_06_06,2850,118.70054,462.7,55.7,10.8,10.9,104
2025_06_06,2850,118.70054,289.5,622.4,8.1,6.8,45
2025_06_06,2850,118.70054,975.1,429.1,11.9,12.1,109
2025_06_06,2850,118.70054,563.6,433.5,12.6,10.6,80
2025_06_06,2850,118.70054,568.3,451.7,16.0,13.9,126
2025_06_06,2851,118.74219,898.9,689.9,14.3,10.6,134
2025_06_06,2851,118.74219,1211.4,521.9,14.1,12.1,144
2025_06_06,2851,118.74219,570.5,452.7,13.0,10.4,102
2025_06_06,2851,118.74219,235.7,141.5,16.3,13.4,160
2025_06_06,2851,118.74219,858.4,259.6,12.5,13.7,110
2025_06_06,2851,118.74219,281.2,692.3,7.6,7.4,48
2025_06_06,2851,118.74219,462.9,56.0,10.6,11.4,111
2025_06_06,2851,118.74219,1152.0,605.4,10.9,11.8,114
2025_06_06,2851,118.74219,289.3,622.4,8.1,6.7,44
2025_06_06,2851,118.74219,975.2,429.2,12.0,12.1,107
2025_06_06,2851,118.74219,563.4,433.7,12.6,10.6,87
2025_06_06,2852,118.78384,898.9,689.9,14.4,10.5,135
2025_06_06,2852,118.78384,1211.2,522.0,13.9,12.1,144
2025_06_06,2852,118.78384,570.5,452.9,13.0,10.4,105
2025_06_06,2852,118.78384,235.6,141.5,16.6,13.4,160
2025_06_06,2852,118.78384,858.3,259.7,12.4,13.6,107
2025_06_06,2852,118.78384,281.4,692.6,7.8,8.2,48
2025_06_06,2852,118.78384,463.3,56.4,10.8,11.6,109
2025_06_06,2852,118.78384,289.0,622.4,8.4,6.8,45
2025_06_06,2852,118.78384,1152.2,605.1,10.8,11.8,109
2025_06_06,2852,118.78384,563.2,433.6,12.4,10.2,87
2025_06_06,2852,118.78384,974.8,429.7,12.1,12.5,111
2025_06_06,2853,118.82549,899.0,690.0,14.4,10.7,133
2025_06_06,2853,118.82549,1211.1,522.0,14.0,12.1,146
2025_06_06,2853,118.82549,570.7,453.0,13.0,10.4,103
2025_06_06,2853,118.82549,235.8,141.5,16.5,13.7,160
2025_06_06,2853,118.82549,281.4,692.5,7.8,8.2,48
2025_06_06,2853,118.82549,858.2,259.6,12.5,13.2,112
2025_06_06,2853,118.82549,463.4,56.6,10.3,10.7,103
2025_06_06,2853,118.82549,289.0,622.3,8.4,6.7,43
2025_06_06,2853,118.82549,563.0,433.6,12.5,10.3,83
2025_06_06,2853,118.82549,1152.2,605.2,10.9,12.0,132
2025_06_06,2853,118.82549,974.7,429.9,11.7,12.1,107
2025_06_06,2854,118.86714,899.1,690.0,14.4,10.7,134
2025_06_06,2854,118.86714,1210.7,522.0,13.6,12.0,143
2025_06_06,2854,118.86714,570.9,453.3,12.8,10.3,103
2025_06_06,2854,118.86714,235.8,141.5,16.6,13.8,161
2025_06_06,2854,118.86714,858.1,259.9,12.4,13.0,112
2025_06_06,2854,118.86714,281.5,692.6,8.0,8.3,48
2025_06_06,2854,118.86714,463.4,56.9,10.2,10.9,103
2025_06_06,2854,118.86714,563.1,433.6,12.5,10.5,85
2025_06_06,2854,118.86714,1152.2,605.1,10.7,12.0,107
2025_06_06,2854,118.86714,288.9,622.4,8.8,7.1,45
2025_06_06,2854,118.86714,974.7,430.1,11.9,12.1,112
2025_06_06,2855,118.90879,899.1,690.1,14.5,10.7,136
2025_06_06,2855,118.90879,1210.7,522.0,13.5,11.9,141
2025_06_06,2855,118.90879,235.7,141.4,16.4,13.6,164
2025_06_06,2855,118.90879,571.0,453.4,12.9,10.7,106
2025_06_06,2855,118.90879,857.6,259.8,12.5,12.7,118
2025_06_06,2855,118.90879,281.4,692.3,8.3,8.7,54
2025_06_06,2855,118.90879,463.7,57.1,10.6,11.0,106
2025_06_06,2855,118.90879,1152.2,605.0,10.7,12.1,113
2025_06_06,2855,118.90879,974.6,430.3,12.1,11.8,110
2025_06_06,2855,118.90879,563.1,433.8,12.8,10.9,91
2025_06_06,2855,118.90879,288.5,622.5,8.6,6.9,46
2025_06_06,2856,118.95044,899.3,690.2,14.5,10.8,135
2025_06_06,2856,118.95044,1210.7,521.9,13.6,12.0,142
2025_06_06,2856,118.95044,571.1,453.5,13.1,10.7,109
2025_06_06,2856,118.95044,235.7,141.4,16.4,13.7,162
2025_06_06,2856,118.95044,463.4,57.2,11.2,11.4,111
2025_06_06,2856,118.95044,857.4,259.8,12.5,12.4,146
2025_06_06,2856,118.95044,1152.3,604.6,10.7,12.0,114
2025_06_06,2856,118.95044,281.5,692.3,8.3,8.7,53
2025_06_06,2856,118.95044,562.5,433.9,13.3,11.0,95
2025_06_06,2856,118.95044,974.4,430.7,12.3,12.1,116
2025_06_06,2856,118.95044,287.4,622.5,7.9,6.3,41
2025_06_06,2856,118.95044,124.9,226.7,12.1,12.9,111
2025_06_06,2857,118.99209,899.4,690.3,14.5,11.0,133
2025_06_06,2857,118.99209,1210.5,522.1,13.5,12.0,139
2025_06_06,2857,118.99209,571.1,453.6,12.9,10.9,106
2025_06_06,2857,118.99209,1152.4,604.1,11.0,11.3,113
2025_06_06,2857,118.99209,235.9,141.5,16.4,14.0,161
2025_06_06,2857,118.99209,463.6,57.2,10.8,11.9,110
2025_06_06,2857,118.99209,857.2,259.6,12.5,12.6,120
2025_06_06,2857,118.99209,281.1,691.6,9.1,10.3,68
2025_06_06,2857,118.99209,562.4,433.8,12.9,10.9,90
2025_06_06,2857,118.99209,974.4,431.0,12.4,12.2,117
2025_06_06,2857,118.99209,287.1,622.7,7.7,6.6,41
2025_06_06,2858,119.03374,899.5,690.4,14.2,10.7,126
2025_06_06,2858,119.03374,1210.4,522.0,13.7,11.8,137
2025_06_06,2858,119.03374,1152.4,603.7,10.7,11.4,113
2025_06_06,2858,119.03374,571.3,453.8,13.0,10.7,108
2025_06_06,2858,119.03374,235.9,141.5,16.3,13.8,161
2025_06_06,2858,119.03374,463.5,57.4,10.7,11.8,106
2025_06_06,2858,119.03374,857.2,259.8,12.6,13.4,126
2025_06_06,2858,119.03374,281.3,691.9,9.1,10.3,73
2025_06_06,2858,119.03374,562.5,433.8,12.9,10.7,89
2025_06_06,2858,119.03374,974.1,431.4,12.7,12.1,117
2025_06_06,2858,119.03374,286.9,622.9,7.2,6.9,40
2025_06_06,2859,119.07539,899.7,690.4,14.4,10.8,131
2025_06_06,2859,119.07539,1210.2,521.7,13.8,11.7,141
2025_06_06,2859,119.07539,1152.4,603.6,10.7,11.1,112
2025_06_06,2859,119.07539,571.3,454.0,13.2,10.8,109
2025_06_06,2859,119.07539,236.0,141.5,16.5,13.6,167
2025_06_06,2859,119.07539,463.6,57.5,10.7,11.9,109
2025_06_06,2859,119.07539,281.2,691.7,9.2,10.7,73
2025_06_06,2859,119.07539,857.2,259.9,12.4,13.3,128
2025_06_06,2859,119.07539,562.3,433.9,12.9,10.7,89
2025_06_06,2859,119.07539,974.0,431.5,13.0,12.1,119
2025_06_06,2859,119.07539,286.8,622.9,7.2,7.0,43
2025_06_06,2860,119.11703,899.8,690.4,14.4,10.8,130
2025_06_06,2860,119.11703,1210.1,521.8,13.8,11.7,145
2025_06_06,2860,119.11703,1152.5,603.6,11.0,11.5,119
2025_06_06,2860,119.11703,236.1,141.5,16.7,13.7,169
2025_06_06,2860,119.11703,571.5,454.2,13.3,11.0,112
2025_06_06,2860,119.11703,463.5,57.6,10.8,12.0,110
2025_06_06,2860,119.11703,281.2,692.2,8.9,10.0,66
2025_06_06,2860,119.11703,857.0,259.5,12.7,13.9,130
2025_06_06,2860,119.11703,562.3,433.7,12.8,10.6,91
2025_06_06,2860,119.11703,974.1,431.3,12.9,12.0,117
2025_06_06,2860,119.11703,286.8,623.1,7.2,7.1,42
2025_06_06,2861,119.15868,900.0,690.5,14.5,10.8,130
2025_06_06,2861,119.15868,1209.8,521.6,14.0,11.7,141
2025_06_06,2861,119.15868,1152.5,603.7,10.9,11.4,115
2025_06_06,2861,119.15868,236.1,141.5,16.5,13.6,164
2025_06_06,2861,119.15868,571.5,454.3,13.1,11.2,112
2025_06_06,2861,119.15868,463.6,57.8,11.3,12.4,118
2025_06_06,2861,119.15868,281.2,692.4,8.9,10.3,70
2025_06_06,2861,119.15868,856.6,259.0,12.2,13.2,120
2025_06_06,2861,119.15868,973.9,431.8,13.2,12.3,122
2025_06_06,2861,119.15868,562.1,433.7,12.7,10.7,92
2025_06_06,2861,119.15868,286.6,623.0,6.9,7.0,39
2025_06_06,2862,119.20033,900.1,690.7,14.5,10.6,129
2025_06_06,2862,119.20033,1209.8,521.7,14.0,11.8,141
2025_06_06,2862,119.20033,1152.7,603.6,11.2,11.6,119
2025_06_06,2862,119.20033,236.4,141.4,16.6,13.7,169
2025_06_06,2862,119.20033,571.7,454.3,13.3,11.3,110
2025_06_06,2862,119.20033,464.2,58.3,11.5,11.8,111
2025_06_06,2862,119.20033,281.2,692.4,9.2,10.4,71
2025_06_06,2862,119.20033,856.4,258.8,12.6,13.3,130
2025_06_06,2862,119.20033,973.7,431.9,13.4,12.3,123
2025_06_06,2862,119.20033,562.1,433.8,12.8,10.9,93
2025_06_06,2862,119.20033,286.4,623.1,7.3,7.3,44
2025_06_06,2863,119.24198,900.2,690.7,14.4,10.6,129
2025_06_06,2863,119.24198,1152.8,603.3,10.9,11.5,112
2025_06_06,2863,119.24198,1209.6,521.6,14.2,11.8,144
2025_06_06,2863,119.24198,236.4,141.2,16.2,13.6,167
2025_06_06,2863,119.24198,571.8,454.5,13.2,11.3,114
2025_06_06,2863,119.24198,281.2,692.4,9.1,10.5,71
2025_06_06,2863,119.24198,464.2,58.1,11.0,12.1,108
2025_06_06,2863,119.24198,855.9,258.6,12.8,13.6,160
2025_06_06,2863,119.24198,973.7,432.1,12.9,11.9,116
2025_06_06,2863,119.24198,286.4,623.1,7.1,7.3,41
2025_06_06,2863,119.24198,561.8,434.0,12.4,10.7,89
2025_06_06,2864,119.28363,900.3,690.9,14.4,10.5,131
2025_06_06,2864,119.28363,1152.8,603.4,10.8,11.6,111
2025_06_06,2864,119.28363,1209.6,521.6,14.1,11.9,145
2025_06_06,2864,119.28363,236.4,141.3,16.4,13.7,164
2025_06_06,2864,119.28363,464.3,58.4,11.1,12.0,104
2025_06_06,2864,119.28363,281.3,692.5,9.2,10.3,70
2025_06_06,2864,119.28363,572.1,454.8,13.5,11.3,113
2025_06_06,2864,119.28363,973.6,432.5,12.1,11.8,108
2025_06_06,2864,119.28363,855.5,258.4,12.8,13.1,135
2025_06_06,2864,119.28363,561.7,434.0,12.8,10.7,91
2025_06_06,2865,119.32528,900.4,690.9,14.4,10.4,132
2025_06_06,2865,119.32528,1152.8,603.4,10.8,11.5,137
2025_06_06,2865,119.32528,1209.5,521.6,14.2,11.9,146
2025_06_06,2865,119.32528,236.7,141.2,16.5,13.8,167
2025_06_06,2865,119.32528,281.6,693.4,9.0,9.7,67
2025_06_06,2865,119.32528,464.2,58.8,11.0,11.7,99
2025_06_06,2865,119.32528,572.3,454.9,13.3,11.3,114
2025_06_06,2865,119.32528,855.5,258.0,13.2,13.6,136
2025_06_06,2865,119.32528,973.6,432.7,12.2,11.7,112
2025_06_06,2865,119.32528,560.9,434.4,12.6,10.7,88
2025_06_06,2866,119.36693,900.5,690.9,14.5,10.3,133
2025_06_06,2866,119.36693,1153.0,603.5,11.1,11.3,110
2025_06_06,2866,119.36693,1209.3,521.6,14.2,11.7,143
2025_06_06,2866,119.36693,236.6,141.0,15.9,13.8,162
2025_06_06,2866,119.36693,281.6,693.5,8.9,9.7,65
2025_06_06,2866,119.36693,855.3,257.8,12.3,12.7,125
2025_06_06,2866,119.36693,464.1,58.9,11.3,12.1,104
2025_06_06,2866,119.36693,572.6,455.0,13.3,11.1,110
2025_06_06,2866,119.36693,973.6,432.7,11.9,11.7,105
2025_06_06,2866,119.36693,560.3,434.2,12.1,9.8,82
2025_06_06,2866,119.36693,285.7,623.2,7.5,7.1,43
2025_06_06,2867,119.40858,900.9,691.0,13.8,10.0,126
2025_06_06,2867,119.40858,1153.1,603.7,10.5,11.3,104
2025_06_06,2867,119.40858,236.7,140.8,16.4,14.1,165
2025_06_06,2867,119.40858,1209.1,521.5,14.1,12.0,145
2025_06_06,2867,119.40858,281.6,693.9,9.0,9.3,62
2025_06_06,2867,119.40858,855.3,257.5,12.3,13.1,136
2025_06_06,2867,119.40858,464.2,59.0,11.0,12.1,107
2025_06_06,2867,119.40858,573.2,455.9,12.8,11.3,111
2025_06_06,2867,119.40858,973.6,433.2,11.5,11.5,105
2025_06_06,2867,119.40858,560.3,434.5,12.5,10.5,84
2025_06_06,2867,119.40858,285.3,623.2,7.0,6.5,37
2025_06_06,2868,119.45023,900.9,691.0,14.0,10.1,129
2025_06_06,2868,119.45023,1153.1,603.7,10.7,11.5,104
2025_06_06,2868,119.45023,236.7,140.8,16.2,14.3,163
2025_06_06,2868,119.45023,1208.9,521.4,14.2,12.0,146
2025_06_06,2868,119.45023,281.6,694.1,9.0,9.4,61
2025_06_06,2868,119.45023,854.9,257.5,12.4,12.8,141
2025_06_06,2868,119.45023,464.0,58.6,11.9,12.4,101
2025_06_06,2868,119.45023,573.2,455.8,13.0,11.1,111
2025_06_06,2868,119.45023,973.7,433.1,11.4,11.4,104
2025_06_06,2868,119.45023,560.0,434.4,12.4,10.3,82
2025_06_06,2868,119.45023,285.0,623.2,7.1,6.6,38
2025_06_06,2869,119.49188,1153.1,603.7,10.8,11.4,104
2025_06_06,2869,119.49188,901.1,691.1,13.9,9.9,126
2025_06_06,2869,119.49188,236.8,140.8,16.6,14.0,169
2025_06_06,2869,119.49188,1208.7,521.5,14.3,12.1,145
2025_06_06,2869,119.49188,281.5,694.1,9.0,9.3,61
2025_06_06,2869,119.49188,854.5,257.3,12.1,12.1,132
2025_06_06,2869,119.49188,573.1,455.6,12.9,11.3,111
2025_06_06,2869,119.49188,464.2,59.3,11.0,11.4,89
2025_06_06,2869,119.49188,973.6,433.2,11.5,11.8,112
2025_06_06,2869,119.49188,560.0,434.2,12.2,10.4,85
2025_06_06,2869,119.49188,284.7,623.3,7.4,6.6,40
2025_06_06,2870,119.53353,1153.2,603.6,10.8,11.2,103
2025_06_06,2870,119.53353,901.2,691.1,13.9,10.0,127
2025_06_06,2870,119.53353,236.9,140.8,16.6,13.8,169
2025_06_06,2870,119.53353,1208.4,521.4,14.5,11.6,143
2025_06_06,2870,119.53353,281.6,694.6,8.9,9.0,61
2025_06_06,2870,119.53353,573.3,455.7,12.9,11.3,113
2025_06_06,2870,119.53353,464.3,59.3,11.2,11.4,92
2025_06_06,2870,119.53353,854.7,257.1,12.0,12.3,136
2025_06_06,2870,119.53353,559.7,434.1,12.3,10.6,86
2025_06_06,2870,119.53353,973.5,433.4,11.4,11.9,112
2025_06_06,2870,119.53353,284.6,623.3,7.6,6.6,40
2025_06_06,2871,119.57518,1153.2,603.3,10.6,11.4,102
2025_06_06,2871,119.57518,901.4,691.1,13.7,10.0,124
2025_06_06,2871,119.57518,236.9,140.7,16.6,14.1,165
2025_06_06,2871,119.57518,1208.3,521.2,14.5,11.6,142
2025_06_06,2871,119.57518,573.5,456.0,12.8,11.1,109
2025_06_06,2871,119.57518,281.6,694.7,8.9,9.1,61
2025_06_06,2871,119.57518,464.2,59.4,11.3,11.1,88
2025_06_06,2871,119.57518,854.6,257.0,12.1,12.2,133
2025_06_06,2871,119.57518,559.5,434.1,12.1,10.6,85
2025_06_06,2871,119.57518,973.4,433.6,11.8,12.2,114
2025_06_06,2871,119.57518,284.5,623.3,7.8,6.6,40
2025_06_06,2872,119.61683,1153.2,603.4,10.6,11.5,104
2025_06_06,2872,119.61683,901.4,691.0,13.8,10.0,130
2025_06_06,2872,119.61683,236.8,140.6,16.6,13.8,160
2025_06_06,2872,119.61683,573.7,456.1,12.7,11.1,113
2025_06_06,2872,119.61683,1208.0,521.1,14.7,11.8,150
2025_06_06,2872,119.61683,464.2,59.5,11.2,11.2,93
2025_06_06,2872,119.61683,854.4,256.8,11.8,12.3,124
2025_06_06,2872,119.61683,559.2,434.0,11.6,10.2,85
2025_06_06,2872,119.61683,281.5,694.9,9.1,9.4,63
2025_06_06,2872,119.61683,973.4,433.8,11.7,12.0,110
2025_06_06,2872,119.61683,283.9,623.3,7.9,6.7,38
2025_06_06,2873,119.65848,1153.3,603.4,10.6,11.4,102
2025_06_06,2873,119.65848,236.8,140.4,16.5,14.1,165
2025_06_06,2873,119.65848,901.7,691.1,13.7,10.0,129
2025_06_06,2873,119.65848,573.9,456.2,12.3,11.0,104
2025_06_06,2873,119.65848,1207.9,521.0,14.5,11.6,149
2025_06_06,2873,119.65848,464.5,60.2,10.7,10.8,88
2025_06_06,2873,119.65848,559.1,433.9,11.5,10.2,83
2025_06_06,2873,119.65848,281.8,694.7,9.4,10.1,64
2025_06_06,2873,119.65848,854.4,256.5,11.8,12.4,118
2025_06_06,2873,119.65848,973.2,434.0,11.8,12.1,112
2025_06_06,2873,119.65848,283.8,623.3,7.7,6.9,38
2025_06_06,2874,119.70012,1153.3,603.4,10.7,11.5,105
2025_06_06,2874,119.70012,901.7,691.1,13.7,9.9,127
2025_06_06,2874,119.70012,236.8,140.5,16.4,13.8,163
2025_06_06,2874,119.70012,573.9,456.2,12.2,11.0,103
2025_06_06,2874,119.70012,1207.8,521.0,14.5,11.7,150
2025_06_06,2874,119.70012,464.5,60.2,10.4,11.1,88
2025_06_06,2874,119.70012,558.8,434.2,11.5,10.0,78
2025_06_06,2874,119.70012,281.8,694.6,9.3,10.1,67
2025_06_06,2874,119.70012,854.4,256.4,11.9,12.4,118
2025_06_06,2874,119.70012,973.3,434.2,11.8,12.4,114
2025_06_06,2874,119.70012,283.5,623.3,7.3,6.6,36
2025_06_06,2875,119.74177,1153.3,603.4,10.8,11.5,104
2025_06_06,2875,119.74177,901.7,691.1,13.8,9.9,127
2025_06_06,2875,119.74177,236.9,140.3,16.5,13.9,163
2025_06_06,2875,119.74177,574.3,456.4,11.9,10.8,99
2025_06_06,2875,119.74177,1207.8,521.0,14.6,11.8,151
2025_06_06,2875,119.74177,464.7,60.5,10.4,11.7,88
2025_06_06,2875,119.74177,558.9,434.1,11.5,10.0,79
2025_06_06,2875,119.74177,854.3,256.3,12.1,12.5,121
2025_06_06,2875,119.74177,281.7,694.9,9.8,10.3,71
2025_06_06,2875,119.74177,973.5,434.0,12.3,12.5,121
2025_06_06,2876,119.78342,1153.5,603.0,10.7,11.3,102
2025_06_06,2876,119.78342,902.0,691.2,13.5,9.8,127
2025_06_06,2876,119.78342,574.5,456.6,11.6,10.8,99
2025_06_06,2876,119.78342,237.1,140.2,16.7,13.8,168
2025_06_06,2876,119.78342,1207.6,520.7,14.7,12.0,153
2025_06_06,2876,119.78342,558.9,434.1,11.4,9.9,81
2025_06_06,2876,119.78342,464.8,60.5,10.3,11.2,87
2025_06_06,2876,119.78342,973.4,434.0,12.1,12.1,143
2025_06_06,2876,119.78342,854.4,256.4,11.9,12.4,118
2025_06_06,2876,119.78342,281.7,694.9,9.7,10.4,70
2025_06_06,2877,119.82507,1153.5,603.0,10.8,11.3,104
2025_06_06,2877,119.82507,902.0,691.3,13.6,9.9,128
2025_06_06,2877,119.82507,237.2,140.2,16.7,14.3,169
2025_06_06,2877,119.82507,574.4,456.5,11.8,10.8,102
2025_06_06,2877,119.82507,1207.4,520.7,14.6,11.9,149
2025_06_06,2877,119.82507,464.9,60.9,10.8,11.0,93
2025_06_06,2877,119.82507,558.8,433.9,11.7,10.2,84
2025_06_06,2877,119.82507,973.4,433.9,12.3,12.1,122
2025_06_06,2877,119.82507,854.1,256.4,11.8,12.6,123
2025_06_06,2877,119.82507,281.7,694.9,9.8,10.4,69
2025_06_06,2878,119.86672,1153.5,602.9,10.9,11.3,104
2025_06_06,2878,119.86672,902.1,691.3,13.6,10.1,129
2025_06_06,2878,119.86672,464.9,61.0,10.6,10.9,95
2025_06_06,2878,119.86672,574.7,456.7,11.5,10.5,97
2025_06_06,2878,119.86672,237.2,140.1,16.5,14.2,160
2025_06_06,2878,119.86672,1207.2,520.6,14.7,11.9,152
2025_06_06,2878,119.86672,558.7,434.0,11.6,10.0,78
2025_06_06,2878,119.86672,973.3,434.5,12.2,11.9,115
2025_06_06,2878,119.86672,854.0,256.1,12.0,12.9,124
2025_06_06,2878,119.86672,281.6,694.9,9.9,10.4,70
2025_06_06,2879,119.90837,1153.6,602.8,11.2,11.6,113
2025_06_06,2879,119.90837,902.1,691.3,13.7,10.1,130
2025_06_06,2879,119.90837,465.0,61.2,10.7,10.4,97
2025_06_06,2879,119.90837,237.2,140.1,16.5,13.8,166
2025_06_06,2879,119.90837,574.7,456.9,11.5,10.7,98
2025_06_06,2879,119.90837,558.6,434.1,11.7,10.1,77
2025_06_06,2879,119.90837,1207.2,520.5,14.4,11.9,149
2025_06_06,2879,119.90837,853.7,256.0,11.7,12.8,123
2025_06_06,2879,119.90837,973.4,434.4,12.1,12.1,116
2025_06_06,2879,119.90837,281.5,695.2,9.8,10.6,71
2025_06_06,2880,119.95002,1153.6,602.7,11.1,11.5,113
2025_06_06,2880,119.95002,902.1,691.4,13.7,10.1,130
2025_06_06,2880,119.95002,558.4,434.3,11.6,10.2,82
2025_06_06,2880,119.95002,574.9,457.3,11.5,10.5,99
2025_06_06,2880,119.95002,237.1,140.0,16.3,13.8,160
2025_06_06,2880,119.95002,1207.0,520.5,14.5,12.0,155
2025_06_06,2880,119.95002,464.9,60.9,10.7,10.7,100
2025_06_06,2880,119.95002,853.6,256.0,11.8,12.6,121
2025_06_06,2880,119.95002,973.3,435.1,12.2,11.5,110
2025_06_06,2880,119.95002,281.5,695.1,9.9,10.9,73
2025_06_06,2881,119.99167,1153.6,602.6,11.3,11.6,116
2025_06_06,2881,119.99167,902.4,691.6,13.6,10.3,133
2025_06_06,2881,119.99167,465.0,61.3,10.3,10.6,97
2025_06_06,2881,119.99167,558.2,434.3,11.2,9.9,76
2025_06_06,2881,119.99167,574.9,457.3,11.6,10.6,98
2025_06_06,2881,119.99167,1206.9,520.4,14.4,12.0,156
2025_06_06,2881,119.99167,237.1,139.6,16.3,14.0,180
2025_06_06,2881,119.99167,973.3,435.1,12.4,11.7,109
2025_06_06,2881,119.99167,853.5,255.9,11.4,12.0,122
2025_06_06,2881,119.99167,281.5,695.0,9.8,10.8,74
2025_06_06,2881,119.99167,282.2,624.3,7.4,7.4,40
2025_06_06,2882,120.03332,1153.8,602.3,11.4,11.6,119
2025_06_06,2882,120.03332,902.5,691.6,13.5,10.4,133
2025_06_06,2882,120.03332,558.2,434.3,11.1,10.0,77
2025_06_06,2882,120.03332,465.2,61.5,10.8,10.3,97
2025_06_06,2882,120.03332,1206.9,520.3,14.5,12.0,157
2025_06_06,2882,120.03332,575.0,457.5,11.8,10.7,102
2025_06_06,2882,120.03332,237.3,139.6,16.4,14.4,165
2025_06_06,2882,120.03332,973.4,435.3,12.5,11.8,115
2025_06_06,2882,120.03332,853.1,255.7,11.7,12.6,124
2025_06_06,2882,120.03332,281.4,695.0,9.9,11.1,75
2025_06_06,2882,120.03332,281.7,623.5,7.6,7.1,40
2025_06_06,2883,120.07497,1153.8,602.3,11.4,11.6,121
2025_06_06,2883,120.07497,903.0,691.7,13.5,10.2,135
2025_06_06,2883,120.07497,465.1,61.9,10.8,10.1,94
2025_06_06,2883,120.07497,558.1,434.3,11.2,10.0,80
2025_06_06,2883,120.07497,1206.9,520.3,14.4,11.9,149
2025_06_06,2883,120.07497,853.2,255.3,11.8,13.0,129
2025_06_06,2883,120.07497,973.4,435.6,12.2,11.5,110
2025_06_06,2883,120.07497,575.2,457.5,11.4,10.7,99
2025_06_06,2883,120.07497,237.3,139.5,16.3,14.3,162
2025_06_06,2883,120.07497,281.5,694.9,10.0,11.3,78
2025_06_06,2883,120.07497,281.8,624.3,7.5,7.5,43
2025_06_06,2884,120.11662,1153.8,602.2,11.2,11.6,117
2025_06_06,2884,120.11662,903.0,691.7,13.4,10.2,134
2025_06_06,2884,120.11662,1206.8,520.2,14.5,12.0,150
2025_06_06,2884,120.11662,465.1,61.7,11.2,11.1,94
2025_06_06,2884,120.11662,557.8,434.5,11.3,9.8,81
2025_06_06,2884,120.11662,575.2,457.8,12.0,11.1,104
2025_06_06,2884,120.11662,853.3,255.0,11.6,12.3,125
2025_06_06,2884,120.11662,973.3,435.6,12.0,11.7,111
2025_06_06,2884,120.11662,281.9,695.9,9.5,10.4,70
2025_06_06,2884,120.11662,237.2,139.3,16.0,14.3,159
2025_06_06,2884,120.11662,281.8,624.2,7.6,7.6,43
2025_06_06,2885,120.15827,1153.8,602.0,11.1,11.9,114
2025_06_06,2885,120.15827,903.1,691.8,13.5,10.2,136
2025_06_06,2885,120.15827,1206.5,520.1,14.2,11.9,147
2025_06_06,2885,120.15827,465.2,62.2,10.6,10.7,91
2025_06_06,2885,120.15827,853.1,254.9,11.7,12.4,125
2025_06_06,2885,120.15827,557.5,434.6,11.4,10.0,82
2025_06_06,2885,120.15827,575.2,457.8,11.8,11.1,100
2025_06_06,2885,120.15827,973.2,435.7,12.2,12.1,112
2025_06_06,2885,120.15827,281.9,695.9,9.5,10.4,70
2025_06_06,2885,120.15827,237.4,139.1,16.0,13.9,161
2025_06_06,2885,120.15827,281.5,624.3,7.7,7.5,44
2025_06_06,2886,120.19992,1153.9,602.0,11.3,11.9,115
2025_06_06,2886,120.19992,903.3,691.8,13.7,10.2,137
2025_06_06,2886,120.19992,1206.5,520.2,14.4,12.0,147
2025_06_06,2886,120.19992,465.0,62.0,10.5,11.2,90
2025_06_06,2886,120.19992,853.1,254.7,11.9,12.5,128
2025_06_06,2886,120.19992,973.2,435.5,12.4,12.4,117
2025_06_06,2886,120.19992,575.3,458.1,12.1,11.3,104
2025_06_06,2886,120.19992,282.0,696.0,9.7,10.5,70
2025_06_06,2886,120.19992,237.4,139.0,16.1,13.9,164
2025_06_06,2886,120.19992,557.4,434.7,11.4,9.9,81
2025_06_06,2886,120.19992,281.5,624.3,7.8,7.4,46
2025_06_06,2887,120.24157,1154.5,602.0,11.7,11.9,117
2025_06_06,2887,120.24157,903.3,691.9,13.7,10.1,136
2025_06_06,2887,120.24157,465.1,62.0,10.4,11.4,93
2025_06_06,2887,120.24157,1206.5,520.2,14.4,11.9,148
2025_06_06,2887,120.24157,853.0,254.3,12.3,13.1,140
2025_06_06,2887,120.24157,575.4,458.1,12.1,11.1,103
2025_06_06,2887,120.24157,557.3,434.6,11.4,9.9,82
2025_06_06,2887,120.24157,282.0,696.0,9.5,10.4,70
2025_06_06,2887,120.24157,237.5,138.8,16.1,14.2,162
2025_06_06,2887,120.24157,973.1,435.9,12.1,12.0,112
2025_06_06,2887,120.24157,281.1,624.3,7.6,7.5,48
2025_06_06,2888,120.28322,1154.4,601.9,11.5,11.9,117
2025_06_06,2888,120.28322,903.5,691.9,13.7,10.1,136
2025_06_06,2888,120.28322,465.3,62.1,10.3,11.3,93
2025_06_06,2888,120.28322,1206.5,520.2,14.3,12.0,149
2025_06_06,2888,120.28322,575.4,458.2,12.5,11.1,106
2025_06_06,2888,120.28322,853.1,254.9,12.6,14.0,150
2025_06_06,2888,120.28322,237.6,138.8,16.3,14.6,162
2025_06_06,2888,120.28322,557.1,434.7,11.2,9.6,82
2025_06_06,2888,120.28322,282.0,696.1,9.2,10.3,66
2025_06_06,2888,120.28322,972.9,436.2,11.8,12.0,111
2025_06_06,2888,120.28322,280.7,624.3,7.5,7.4,48
2025_06_06,2889,120.32486,1154.5,601.9,11.7,11.9,117
2025_06_06,2889,120.32486,903.6,691.8,13.8,10.2,138
2025_06_06,2889,120.32486,465.4,62.3,10.3,11.3,97
2025_06_06,2889,120.32486,237.7,138.7,16.5,14.7,158
2025_06_06,2889,120.32486,1206.4,520.1,14.2,12.0,147
2025_06_06,2889,120.32486,557.1,434.7,12.0,10.0,83
2025_06_06,2889,120.32486,576.1,458.5,12.3,10.7,104
2025_06_06,2889,120.32486,852.9,254.5,13.1,14.0,157
2025_06_06,2889,120.32486,282.0,696.1,9.2,10.2,68
2025_06_06,2889,120.32486,972.8,436.2,11.6,11.9,104
2025_06_06,2889,120.32486,280.7,624.3,7.5,7.4,48
2025_06_06,2890,120.36651,1154.8,601.7,11.0,11.6,115
2025_06_06,2890,120.36651,903.8,692.0,13.7,10.4,139
2025_06_06,2890,120.36651,1206.2,520.1,14.1,12.0,146
2025_06_06,2890,120.36651,556.7,434.7,12.1,10.0,87
2025_06_06,2890,120.36651,465.2,62.4,10.4,11.2,91
2025_06_06,2890,120.36651,237.7,138.5,16.5,14.9,158
2025_06_06,2890,120.36651,576.3,458.6,11.9,10.6,105
2025_06_06,2890,120.36651,852.6,254.2,13.4,14.2,154
2025_06_06,2890,120.36651,282.1,696.5,9.4,10.1,69
2025_06_06,2890,120.36651,972.7,436.4,11.7,11.7,103
2025_06_06,2890,120.36651,280.4,624.4,7.7,7.4,49
2025_06_06,2891,120.40816,1155.1,601.6,11.3,11.7,119
2025_06_06,2891,120.40816,904.0,692.2,13.8,10.5,142
2025_06_06,2891,120.40816,237.8,138.3,16.6,14.6,158
2025_06_06,2891,120.40816,465.2,62.4,10.5,11.0,93
2025_06_06,2891,120.40816,556.7,434.9,12.1,9.9,87
2025_06_06,2891,120.40816,1206.1,520.0,14.4,11.9,143
2025_06_06,2891,120.40816,576.7,458.7,11.9,10.6,103
2025_06_06,2891,120.40816,852.4,253.9,13.2,14.0,151
2025_06_06,2891,120.40816,282.1,696.5,9.5,10.1,71
2025_06_06,2891,120.40816,972.7,436.5,11.9,12.0,103
2025_06_06,2891,120.40816,280.4,624.4,7.6,7.2,50
2025_06_06,2892,120.44981,1155.2,601.6,11.1,11.5,117
2025_06_06,2892,120.44981,904.3,692.3,13.7,10.5,141
2025_06_06,2892,120.44981,556.6,434.9,12.5,10.2,89
2025_06_06,2892,120.44981,465.4,62.4,10.4,10.9,95
2025_06_06,2892,120.44981,576.9,458.8,12.2,10.9,103
2025_06_06,2892,120.44981,1206.0,520.0,14.2,11.8,143
2025_06_06,2892,120.44981,237.8,138.3,16.6,14.4,159
2025_06_06,2892,120.44981,852.6,253.4,13.1,13.9,144
2025_06_06,2892,120.44981,282.1,697.7,9.5,9.9,62
2025_06_06,2892,120.44981,972.7,437.2,11.7,11.9,104
2025_06_06,2892,120.44981,280.3,624.4,7.7,7.2,51
2025_06_06,2893,120.49146,1155.3,601.5,11.3,11.5,116
2025_06_06,2893,120.49146,904.6,692.2,13.7,10.5,141
2025_06_06,2893,120.49146,577.0,459.0,12.4,11.0,101
2025_06_06,2893,120.49146,465.3,62.5,10.5,10.8,94
2025_06_06,2893,120.49146,556.5,434.8,12.3,9.9,90
2025_06_06,2893,120.49146,1206.1,520.0,14.4,11.9,142
2025_06_06,2893,120.49146,852.4,253.4,12.8,13.5,141
2025_06_06,2893,120.49146,282.1,697.7,9.5,9.7,61
2025_06_06,2893,120.49146,238.2,137.9,16.3,14.2,161
2025_06_06,2893,120.49146,972.5,437.7,11.6,11.6,104
2025_06_06,2893,120.49146,280.2,624.4,8.0,7.2,47
2025_06_06,2894,120.53311,1155.4,601.5,11.3,11.4,117
2025_06_06,2894,120.53311,904.9,692.3,13.5,10.5,138
2025_06_06,2894,120.53311,577.1,459.0,12.7,11.0,101
2025_06_06,2894,120.53311,556.4,434.9,12.4,10.0,90
2025_06_06,2894,120.53311,1206.0,519.9,14.1,11.7,140
2025_06_06,2894,120.53311,852.0,253.2,12.2,12.9,128
2025_06_06,2894,120.53311,465.4,62.7,10.6,10.9,100
2025_06_06,2894,120.53311,282.2,697.8,9.5,9.7,60
2025_06_06,2894,120.53311,238.0,137.8,16.4,14.3,162
2025_06_06,2894,120.53311,972.4,437.9,11.5,11.5,104
2025_06_06,2894,120.53311,280.1,624.4,8.3,7.2,51
2025_06_06,2895,120.57476,1155.5,601.4,11.1,11.3,117
2025_06_06,2895,120.57476,577.2,459.2,12.6,11.0,102
2025_06_06,2895,120.57476,905.2,692.3,13.4,10.4,133
2025_06_06,2895,120.57476,851.9,253.1,12.5,13.0,133
2025_06_06,2895,120.57476,1205.7,519.9,14.3,11.7,150
2025_06_06,2895,120.57476,465.5,62.5,10.5,11.3,100
2025_06_06,2895,120.57476,282.3,697.9,9.5,9.9,62
2025_06_06,2895,120.57476,556.5,435.1,13.0,10.3,93
2025_06_06,2895,120.57476,238.1,137.7,16.4,13.8,159
2025_06_06,2895,120.57476,972.5,437.9,11.5,11.9,106
2025_06_06,2895,120.57476,107.7,679.0,7.8,7.0,43
2025_06_06,2895,120.57476,279.3,624.5,8.1,7.1,50
2025_06_06,2896,120.61641,1155.6,601.4,10.6,11.1,108
2025_06_06,2896,120.61641,577.3,459.6,12.7,10.9,93
2025_06_06,2896,120.61641,905.4,692.5,13.0,10.1,128
2025_06_06,2896,120.61641,465.8,62.7,11.0,12.1,96
2025_06_06,2896,120.61641,1205.6,520.0,14.1,11.7,141
2025_06_06,2896,120.61641,851.8,252.4,12.2,12.9,126
2025_06_06,2896,120.61641,238.2,137.7,16.3,14.2,162
2025_06_06,2896,120.61641,282.3,699.1,8.8,8.6,49
2025_06_06,2896,120.61641,556.1,435.3,12.4,10.0,90
2025_06_06,2896,120.61641,972.7,438.1,12.0,12.1,115
2025_06_06,2897,120.65806,1155.6,601.3,10.4,11.1,105
2025_06_06,2897,120.65806,577.4,459.6,12.8,11.1,96
2025_06_06,2897,120.65806,905.5,692.5,13.2,10.1,127
2025_06_06,2897,120.65806,466.0,62.8,11.3,11.9,96
2025_06_06,2897,120.65806,1205.5,519.9,14.0,11.6,142
2025_06_06,2897,120.65806,238.3,137.6,16.8,14.1,166
2025_06_06,2897,120.65806,851.5,252.3,12.6,13.1,132
2025_06_06,2897,120.65806,282.3,699.5,8.7,8.4,49
2025_06_06,2897,120.65806,556.0,435.2,12.3,10.1,91
2025_06_06,2897,120.65806,972.7,438.0,12.1,12.1,114
2025_06_06,2898,120.69971,1155.6,601.1,10.5,11.2,106
2025_06_06,2898,120.69971,577.6,459.7,12.3,11.0,92
2025_06_06,2898,120.69971,905.6,692.4,13.2,10.2,127
2025_06_06,2898,120.69971,238.4,137.5,17.1,14.2,169
2025_06_06,2898,120.69971,1205.4,519.9,14.2,11.7,174
2025_06_06,2898,120.69971,555.7,435.1,12.1,9.9,86
2025_06_06,2898,120.69971,851.5,252.0,12.7,13.1,131
2025_06_06,2898,120.69971,466.2,63.1,10.7,10.9,95
2025_06_06,2898,120.69971,282.3,699.5,8.7,8.3,48
2025_06_06,2898,120.69971,972.6,438.4,12.4,11.9,132
2025_06_06,2898,120.69971,278.9,624.3,8.0,6.4,42
2025_06_06,2899,120.74136,1155.8,601.1,10.7,11.2,108
2025_06_06,2899,120.74136,577.8,459.6,12.5,11.3,94
2025_06_06,2899,120.74136,905.8,692.6,13.1,10.2,123
2025_06_06,2899,120.74136,238.5,137.4,17.1,14.3,172
2025_06_06,2899,120.74136,1205.3,519.8,14.2,11.6,140
2025_06_06,2899,120.74136,555.3,435.4,12.1,10.0,89
2025_06_06,2899,120.74136,466.2,63.2,11.2,11.3,99
2025_06_06,2899,120.74136,282.3,699.5,8.8,8.6,49
2025_06_06,2899,120.74136,851.6,251.9,12.0,12.6,118
2025_06_06,2899,120.74136,972.5,438.4,12.3,11.7,116
2025_06_06,2900,120.78301,1155.7,601.1,10.7,11.2,108
2025_06_06,2900,120.78301,906.0,692.7,12.8,10.1,145
2025_06_06,2900,120.78301,577.7,459.7,12.4,11.4,95
2025_06_06,2900,120.78301,238.3,137.1,16.5,13.9,168
2025_06_06,2900,120.78301,555.4,435.4,12.1,10.0,90
2025_06_06,2900,120.78301,1205.1,519.7,14.1,11.6,143
2025_06_06,2900,120.78301,466.2,63.1,11.3,12.0,112
2025_06_06,2900,120.78301,851.3,251.9,11.7,12.4,117
2025_06_06,2900,120.78301,282.3,699.5,9.2,9.0,52
2025_06_06,2900,120.78301,972.4,438.8,12.1,11.4,112
2025_06_06,2901,120.82466,1155.9,601.1,10.8,11.0,107
2025_06_06,2901,120.82466,906.0,692.7,13.0,10.3,123
2025_06_06,2901,120.82466,578.2,459.9,12.0,11.0,90
2025_06_06,2901,120.82466,238.4,137.1,16.6,13.9,161
2025_06_06,2901,120.82466,555.3,435.5,12.0,10.0,86
2025_06_06,2901,120.82466,1205.0,519.8,14.1,11.5,141
2025_06_06,2901,120.82466,466.2,63.2,11.6,12.6,116
2025_06_06,2901,120.82466,851.5,252.1,11.6,12.2,112
2025_06_06,2901,120.82466,282.3,699.7,9.7,9.3,54
2025_06_06,2901,120.82466,972.4,438.9,12.2,11.5,111
2025_06_06,2901,120.82466,278.3,624.3,7.9,6.3,49
2025_06_06,2902,120.86631,1156.0,601.0,10.6,10.9,106
2025_06_06,2902,120.86631,906.0,692.7,13.0,10.3,124
2025_06_06,2902,120.86631,578.4,460.2,12.0,10.8,88
2025_06_06,2902,120.86631,238.4,137.0,16.4,14.0,163
2025_06_06,2902,120.86631,555.1,435.5,11.7,9.8,84
2025_06_06,2902,120.86631,851.3,251.8,11.7,12.6,118
2025_06_06,2902,120.86631,1204.9,519.5,14.4,11.6,144
2025_06_06,2902,120.86631,466.3,63.7,11.2,12.0,113
2025_06_06,2902,120.86631,972.6,438.8,12.5,11.5,109
2025_06_06,2902,120.86631,282.2,699.9,9.9,9.1,56
2025_06_06,2902,120.86631,278.1,624.4,8.0,6.5,49
2025_06_06,2903,120.90796,906.3,692.8,13.0,10.3,124
2025_06_06,2903,120.90796,1155.9,601.0,10.7,11.0,108
2025_06_06,2903,120.90796,578.4,460.2,11.7,10.7,87
2025_06_06,2903,120.90796,238.5,137.0,16.8,13.8,162
2025_06_06,2903,120.90796,851.1,251.4,11.5,12.3,117
2025_06_06,2903,120.90796,555.0,435.4,11.9,9.9,87
2025_06_06,2903,120.90796,1204.7,519.6,14.5,11.6,144
2025_06_06,2903,120.90796,972.6,438.8,12.5,11.7,111
2025_06_06,2903,120.90796,282.2,699.8,10.2,9.5,59
2025_06_06,2903,120.90796,466.4,64.0,10.9,11.1,111
2025_06_06,2903,120.90796,277.2,624.4,7.6,6.3,51
2025_06_06,2904,120.9496,906.4,693.0,13.0,10.3,121
2025_06_06,2904,120.9496,1155.9,600.9,10.6,11.0,108
2025_06_06,2904,120.9496,578.6,460.4,11.8,10.8,92
2025_06_06,2904,120.9496,238.5,136.9,17.1,13.9,169
2025_06_06,2904,120.9496,555.0,435.4,11.8,9.9,85
2025_06_06,2904,120.9496,850.8,251.3,12.0,12.4,116
2025_06_06,2904,120.9496,1204.7,519.6,14.5,11.6,143
2025_06_06,2904,120.9496,972.7,438.7,12.6,11.6,110
2025_06_06,2904,120.9496,466.5,64.0,10.8,11.0,101
2025_06_06,2904,120.9496,282.2,699.7,10.0,9.3,55
2025_06_06,2904,120.9496,277.0,624.5,7.4,6.1,48
2025_06_06,2905,120.99125,906.4,693.0,13.2,10.5,123
2025_06_06,2905,120.99125,1156.0,600.9,10.7,10.9,108
2025_06_06,2905,120.99125,578.6,460.4,11.8,11.1,97
2025_06_06,2905,120.99125,554.9,435.2,11.6,9.9,86
2025_06_06,2905,120.99125,238.6,136.7,17.2,14.2,176
2025_06_06,2905,120.99125,850.9,251.1,12.0,12.7,119
2025_06_06,2905,120.99125,1204.5,519.6,14.4,11.6,143
2025_06_06,2905,120.99125,972.6,438.9,12.5,11.5,110
2025_06_06,2905,120.99125,466.7,64.2,10.3,10.3,92
2025_06_06,2905,120.99125,282.5,699.5,10.1,9.8,61
2025_06_06,2905,120.99125,729.5,540.0,11.6,8.9,72
2025_06_06,2905,120.99125,7.4,633.0,6.8,6.1,45
2025_06_06,2905,120.99125,277.0,624.4,7.6,6.2,49
2025_06_06,2906,121.0329,906.5,693.1,13.5,10.7,126
2025_06_06,2906,121.0329,1156.0,600.9,10.6,10.9,103
2025_06_06,2906,121.0329,579.0,460.7,11.1,10.8,91
2025_06_06,2906,121.0329,238.6,136.7,16.9,14.0,172
2025_06_06,2906,121.0329,850.9,250.9,11.6,12.2,110
2025_06_06,2906,121.0329,554.7,435.3,11.6,10.0,89
2025_06_06,2906,121.0329,1204.4,519.6,14.6,11.8,144
2025_06_06,2906,121.0329,972.5,439.1,12.5,11.2,107
2025_06_06,2906,121.0329,466.8,64.6,10.7,10.6,100
2025_06_06,2906,121.0329,282.5,699.6,10.3,10.0,62
2025_06_06,2906,121.0329,729.4,540.0,11.6,8.9,73
2025_06_06,2906,121.0329,7.4,633.0,6.8,6.1,46
2025_06_06,2907,121.07455,906.5,693.2,13.7,11.0,134
2025_06_06,2907,121.07455,1156.1,600.8,10.7,10.8,103
2025_06_06,2907,121.07455,579.1,460.8,11.2,11.0,92
2025_06_06,2907,121.07455,238.7,136.7,16.5,13.6,164
2025_06_06,2907,121.07455,850.8,250.9,11.8,12.3,112
2025_06_06,2907,121.07455,554.8,435.2,11.8,10.0,92
2025_06_06,2907,121.07455,1204.2,519.5,14.5,11.9,143
2025_06_06,2907,121.07455,466.8,64.8,10.2,10.7,99
2025_06_06,2907,121.07455,282.4,699.6,10.1,9.8,59
2025_06_06,2907,121.07455,972.4,439.8,12.3,11.1,104
2025_06_06,2907,121.07455,729.9,539.8,12.3,9.5,84
2025_06_06,2907,121.07455,7.4,633.0,6.8,6.1,46
2025_06_06,2908,121.1162,906.7,693.2,13.7,10.9,131
2025_06_06,2908,121.1162,1156.1,600.8,10.8,10.9,106
2025_06_06,2908,121.1162,579.4,461.2,10.9,10.7,84
2025_06_06,2908,121.1162,238.9,136.4,16.6,13.6,166
2025_06_06,2908,121.1162,850.8,250.7,12.0,12.6,119
2025_06_06,2908,121.1162,1204.2,519.5,14.5,11.9,140
2025_06_06,2908,121.1162,467.0,65.0,10.2,10.6,97
2025_06_06,2908,121.1162,554.7,435.3,11.8,9.9,91
2025_06_06,2908,121.1162,972.3,440.1,11.8,11.1,106
2025_06_06,2908,121.1162,282.3,699.9,10.0,9.9,56
2025_06_06,2908,121.1162,729.9,539.8,11.9,9.4,80
2025_06_06,2908,121.1162,276.8,624.6,8.5,6.9,57
2025_06_06,2909,121.15785,906.8,693.4,13.8,11.0,128
2025_06_06,2909,121.15785,1156.2,600.7,10.7,11.0,102
2025_06_06,2909,121.15785,239.0,136.5,16.5,13.5,163
2025_06_06,2909,121.15785,579.5,461.5,11.5,11.0,89
2025_06_06,2909,121.15785,851.0,250.7,12.1,12.7,127
2025_06_06,2909,121.15785,1204.1,519.4,14.3,12.0,141
2025_06_06,2909,121.15785,972.2,440.5,11.4,10.8,97
2025_06_06,2909,121.15785,466.9,65.4,10.0,10.6,92
2025_06_06,2909,121.15785,282.3,699.9,10.2,9.8,57
2025_06_06,2909,121.15785,554.5,435.4,12.1,10.2,92
2025_06_06,2909,121.15785,276.4,624.6,9.1,6.9,59
2025_06_06,2910,121.1995,906.8,693.5,13.8,11.0,128
2025_06_06,2910,121.1995,1156.2,600.5,10.7,11.0,103
2025_06_06,2910,121.1995,239.1,136.4,16.8,13.4,161
2025_06_06,2910,121.1995,850.9,250.7,12.2,12.6,127
2025_06_06,2910,121.1995,1204.0,519.2,14.3,11.8,140
2025_06_06,2910,121.1995,579.5,461.5,11.5,11.0,90
2025_06_06,2910,121.1995,972.1,440.5,11.3,10.8,100
2025_06_06,2910,121.1995,467.2,65.4,10.5,11.3,99
2025_06_06,2910,121.1995,282.3,700.0,10.1,10.2,58
2025_06_06,2910,121.1995,554.5,435.4,12.1,10.2,92
2025_06_06,2910,121.1995,276.5,624.8,9.3,7.2,61
2025_06_06,2911,121.24115,907.1,693.7,13.8,11.2,131
2025_06_06,2911,121.24115,1156.5,600.4,10.9,11.2,105
2025_06_06,2911,121.24115,239.0,136.3,16.6,13.4,163
2025_06_06,2911,121.24115,579.6,461.7,11.7,11.1,93
2025_06_06,2911,121.24115,1204.0,519.2,14.2,11.9,141
2025_06_06,2911,121.24115,850.8,250.7,12.3,12.7,121
2025_06_06,2911,121.24115,972.0,440.7,11.4,10.8,100
2025_06_06,2911,121.24115,467.4,65.7,10.2,10.5,89
2025_06_06,2911,121.24115,282.1,700.4,9.8,9.5,53
2025_06_06,2911,121.24115,554.4,435.3,12.3,10.1,94
2025_06_06,2912,121.2828,907.3,693.9,13.8,11.2,135
2025_06_06,2912,121.2828,1156.4,600.3,11.0,11.1,106
2025_06_06,2912,121.2828,239.1,136.3,16.6,13.5,162
2025_06_06,2912,121.2828,579.7,461.5,11.7,11.2,96
2025_06_06,2912,121.2828,850.4,250.5,12.0,12.2,121
2025_06_06,2912,121.2828,1204.0,519.2,14.4,12.0,143
2025_06_06,2912,121.2828,553.9,435.4,11.4,9.7,85
2025_06_06,2912,121.2828,972.0,441.0,11.3,10.8,100
2025_06_06,2912,121.2828,282.4,700.4,9.7,9.5,55
2025_06_06,2912,121.2828,467.5,65.8,10.2,10.8,92
2025_06_06,2913,121.32445,907.7,694.0,13.7,11.2,133
2025_06_06,2913,121.32445,1156.3,600.3,10.8,11.1,102
2025_06_06,2913,121.32445,239.2,136.3,17.1,13.7,166
2025_06_06,2913,121.32445,1204.0,519.2,14.3,12.1,142
2025_06_06,2913,121.32445,850.3,250.3,11.8,12.2,115
2025_06_06,2913,121.32445,580.0,461.7,11.8,11.2,100
2025_06_06,2913,121.32445,553.7,435.4,11.3,9.7,86
2025_06_06,2913,121.32445,972.0,441.5,11.3,11.1,103
2025_06_06,2913,121.32445,467.8,65.9,10.2,11.2,92
2025_06_06,2913,121.32445,282.3,700.8,9.9,9.7,55
2025_06_06,2913,121.32445,275.7,625.0,8.9,7.1,51
2025_06_06,2914,121.3661,907.7,694.2,13.8,11.3,134
2025_06_06,2914,121.3661,1156.3,600.3,10.8,11.2,106
2025_06_06,2914,121.3661,239.2,136.2,16.7,13.8,165
2025_06_06,2914,121.3661,1204.0,519.1,14.4,12.4,145
2025_06_06,2914,121.3661,580.1,461.9,11.9,11.5,103
2025_06_06,2914,121.3661,850.5,250.2,12.4,13.0,128
2025_06_06,2914,121.3661,467.9,66.0,10.0,11.0,88
2025_06_06,2914,121.3661,282.3,700.8,9.8,9.7,54
2025_06_06,2914,121.3661,553.7,435.5,11.5,10.0,89
2025_06_06,2914,121.3661,972.0,441.5,11.2,11.2,102
2025_06_06,2915,121.40775,907.9,694.3,13.5,11.1,131
2025_06_06,2915,121.40775,1156.4,600.0,11.0,11.2,105
2025_06_06,2915,121.40775,1203.8,519.1,14.6,12.4,147
2025_06_06,2915,121.40775,850.4,250.0,12.4,12.8,122
2025_06_06,2915,121.40775,239.2,136.1,17.0,13.8,170
2025_06_06,2915,121.40775,580.3,461.9,12.1,11.6,103
2025_06_06,2915,121.40775,282.4,701.1,10.1,9.6,58
2025_06_06,2915,121.40775,553.5,435.4,11.6,10.2,92
2025_06_06,2915,121.40775,468.0,66.1,10.2,10.9,89
2025_06_06,2915,121.40775,972.0,441.7,11.3,11.3,104
2025_06_06,2915,121.40775,275.6,625.0,8.6,6.7,49
2025_06_06,2916,121.4494,908.0,694.3,13.9,11.1,134
2025_06_06,2916,121.4494,1156.4,600.0,11.2,11.1,104
2025_06_06,2916,121.4494,1203.8,519.1,14.6,12.3,148
2025_06_06,2916,121.4494,239.5,135.5,16.9,13.8,169
2025_06_06,2916,121.4494,850.3,249.9,12.3,12.7,125
2025_06_06,2916,121.4494,467.9,66.2,10.3,11.1,93
2025_06_06,2916,121.4494,282.5,701.1,10.0,9.5,57
2025_06_06,2916,121.4494,580.4,462.1,12.3,11.9,107
2025_06_06,2916,121.4494,972.1,441.9,11.3,11.6,107
2025_06_06,2916,121.4494,553.3,435.7,11.9,10.7,100
2025_06_06,2916,121.4494,275.5,624.9,8.4,6.7,49
2025_06_06,2917,121.49105,908.2,694.5,13.8,11.1,135
2025_06_06,2917,121.49105,239.6,135.7,17.2,14.0,173
2025_06_06,2917,121.49105,1156.8,599.9,11.5,11.1,107
2025_06_06,2917,121.49105,1203.8,519.1,14.7,12.3,147
2025_06_06,2917,121.49105,850.2,249.2,12.8,12.9,125
2025_06_06,2917,121.49105,580.4,462.2,12.3,11.9,108
2025_06_06,2917,121.49105,282.5,701.1,9.9,9.5,58
2025_06_06,2917,121.49105,468.0,66.1,10.2,11.6,95
2025_06_06,2917,121.49105,972.0,442.0,11.8,11.7,107
2025_06_06,2917,121.49105,552.7,435.8,11.8,10.8,100
2025_06_06,2917,121.49105,275.2,625.0,7.9,6.4,44
2025_06_06,2918,121.53269,908.4,694.5,13.9,11.1,138
2025_06_06,2918,121.53269,1156.7,599.6,11.3,11.1,107
2025_06_06,2918,121.53269,239.6,135.7,17.1,13.8,174
2025_06_06,2918,121.53269,1203.6,519.1,14.7,12.2,145
2025_06_06,2918,121.53269,580.5,462.3,12.3,11.7,106
2025_06_06,2918,121.53269,282.5,701.2,10.0,9.8,59
2025_06_06,2918,121.53269,850.3,249.1,13.0,13.3,132
2025_06_06,2918,121.53269,468.0,66.3,10.4,11.7,98
2025_06_06,2918,121.53269,972.1,442.1,11.9,11.9,107
2025_06_06,2918,121.53269,552.8,435.8,11.8,10.8,100
2025_06_06,2918,121.53269,275.0,625.0,7.7,6.4,45
2025_06_06,2919,121.57434,908.5,694.7,14.1,11.2,133
2025_06_06,2919,121.57434,1156.7,599.5,11.4,11.2,108
2025_06_06,2919,121.57434,1203.5,519.0,14.8,12.1,147
2025_06_06,2919,121.57434,239.7,135.7,17.1,13.7,175
2025_06_06,2919,121.57434,850.3,248.9,12.7,13.0,129
2025_06_06,2919,121.57434,580.8,462.6,12.3,11.6,107
2025_06_06,2919,121.57434,468.1,66.5,10.7,12.0,99
2025_06_06,2919,121.57434,282.5,701.4,10.1,10.0,60
2025_06_06,2919,121.57434,972.2,442.0,11.7,12.0,107
2025_06_06,2919,121.57434,552.1,435.8,11.6,10.8,99
2025_06_06,2919,121.57434,274.7,625.2,7.8,6.4,45
2025_06_06,2920,121.61599,908.8,694.7,13.8,11.1,132
2025_06_06,2920,121.61599,1156.7,599.5,11.6,11.2,109
2025_06_06,2920,121.61599,1203.4,519.0,14.8,12.1,147
2025_06_06,2920,121.61599,240.1,135.5,17.4,14.0,177
2025_06_06,2920,121.61599,850.3,248.9,12.7,13.3,132
2025_06_06,2920,121.61599,581.0,462.9,12.3,11.5,111
2025_06_06,2920,121.61599,282.4,701.7,10.4,10.2,68
2025_06_06,2920,121.61599,972.3,442.3,11.6,11.8,103
2025_06_06,2920,121.61599,468.1,66.7,10.9,11.8,99
2025_06_06,2920,121.61599,552.0,435.8,11.5,10.8,100
2025_06_06,2920,121.61599,274.7,625.2,7.7,6.3,44
2025_06_06,2921,121.65764,908.8,694.9,13.9,10.9,131
2025_06_06,2921,121.65764,1156.9,599.5,11.7,11.2,112
2025_06_06,2921,121.65764,1203.3,519.0,14.6,12.1,147
2025_06_06,2921,121.65764,240.4,135.1,17.9,14.4,202
2025_06_06,2921,121.65764,850.2,248.6,12.8,13.6,131
2025_06_06,2921,121.65764,468.3,67.0,11.0,11.2,92
2025_06_06,2921,121.65764,581.3,463.0,12.0,11.0,105
2025_06_06,2921,121.65764,972.3,442.6,11.6,11.9,103
2025_06_06,2921,121.65764,282.5,701.9,10.4,10.2,65
2025_06_06,2921,121.65764,551.8,435.8,11.5,10.6,101
2025_06_06,2921,121.65764,274.4,625.3,7.8,6.5,43
2025_06_06,2922,121.69929,909.1,695.0,13.8,10.6,126
2025_06_06,2922,121.69929,1156.9,599.5,11.4,11.3,130
2025_06_06,2922,121.69929,1203.1,519.0,14.7,12.2,148
2025_06_06,2922,121.69929,240.3,135.1,17.8,14.3,188
2025_06_06,2922,121.69929,468.5,67.4,10.6,10.7,91
2025_06_06,2922,121.69929,850.2,248.6,12.9,13.6,135
2025_06_06,2922,121.69929,581.6,463.2,11.8,11.1,110
2025_06_06,2922,121.69929,551.7,436.1,11.8,10.8,101
2025_06_06,2922,121.69929,972.1,442.9,11.5,12.1,104
2025_06_06,2922,121.69929,282.8,702.1,10.5,10.4,70
2025_06_06,2922,121.69929,274.4,625.4,7.9,6.7,45
2025_06_06,2923,121.74094,909.3,695.0,13.8,10.7,133
2025_06_06,2923,121.74094,1157.0,599.5,11.4,11.4,110
2025_06_06,2923,121.74094,1203.1,519.0,14.7,12.2,147
2025_06_06,2923,121.74094,240.3,135.0,17.5,14.1,187
2025_06_06,2923,121.74094,972.2,442.8,11.9,12.1,105
2025_06_06,2923,121.74094,468.5,67.2,11.2,11.5,96
2025_06_06,2923,121.74094,850.0,248.6,12.6,13.1,133
2025_06_06,2923,121.74094,581.8,463.4,12.1,11.2,109
2025_06_06,2923,121.74094,551.6,436.1,11.9,10.7,102
2025_06_06,2923,121.74094,282.8,702.1,11.0,11.2,80
2025_06_06,2923,121.74094,274.0,625.5,8.3,6.9,49
2025_06_06,2924,121.78259,909.4,695.0,13.9,10.7,132
2025_06_06,2924,121.78259,1157.1,599.4,11.2,11.3,110
2025_06_06,2924,121.78259,1203.0,519.0,14.6,12.1,146
2025_06_06,2924,121.78259,240.4,135.0,17.3,14.0,212
2025_06_06,2924,121.78259,468.6,67.1,11.3,12.1,98
2025_06_06,2924,121.78259,972.3,442.8,12.2,11.9,108
2025_06_06,2924,121.78259,582.1,463.7,11.8,11.3,107
2025_06_06,2924,121.78259,551.4,436.1,11.6,10.8,98
2025_06_06,2924,121.78259,849.5,248.2,12.8,13.8,136
2025_06_06,2924,121.78259,282.7,702.1,11.1,11.4,78
2025_06_06,2924,121.78259,274.0,625.7,8.4,7.2,52
2025_06_06,2925,121.82424,909.7,695.3,13.8,10.5,129
2025_06_06,2925,121.82424,240.3,135.1,17.2,14.0,185
2025_06_06,2925,121.82424,1157.4,599.4,12.1,11.2,108
2025_06_06,2925,121.82424,468.7,67.5,11.1,12.8,102
2025_06_06,2925,121.82424,1202.9,518.8,14.3,11.7,138
2025_06_06,2925,121.82424,582.6,464.2,11.3,11.0,99
2025_06_06,2925,121.82424,972.2,443.5,11.7,11.3,108
2025_06_06,2925,121.82424,849.1,248.0,11.5,12.8,114
2025_06_06,2925,121.82424,282.7,703.1,10.4,10.3,64
2025_06_06,2925,121.82424,273.1,625.9,7.1,6.8,40
2025_06_06,2925,121.82424,551.5,436.0,11.7,10.8,102
2025_06_06,2926,121.86589,909.8,695.3,13.8,10.5,125
2025_06_06,2926,121.86589,1202.8,518.8,14.4,11.9,139
2025_06_06,2926,121.86589,1157.5,599.3,11.9,10.9,107
2025_06_06,2926,121.86589,240.4,134.8,17.0,13.6,181
2025_06_06,2926,121.86589,582.5,464.1,11.4,11.2,99
2025_06_06,2926,121.86589,468.7,67.3,11.0,12.5,99
2025_06_06,2926,121.86589,972.1,443.7,11.5,11.1,108
2025_06_06,2926,121.86589,282.6,703.0,10.6,10.3,65
2025_06_06,2926,121.86589,849.0,247.8,12.0,13.5,118
2025_06_06,2926,121.86589,551.3,435.9,11.4,10.4,95
2025_06_06,2926,121.86589,273.0,626.0,7.3,6.9,40
2025_06_06,2927,121.90754,910.1,695.3,13.7,10.6,122
2025_06_06,2927,121.90754,240.6,134.8,16.9,13.5,175
2025_06_06,2927,121.90754,1202.7,518.7,14.4,12.0,141
2025_06_06,2927,121.90754,1157.5,599.3,11.9,10.9,106
2025_06_06,2927,121.90754,582.8,464.4,11.5,10.9,101
2025_06_06,2927,121.90754,972.1,443.7,11.7,11.0,109
2025_06_06,2927,121.90754,468.9,67.8,10.7,11.6,92
2025_06_06,2927,121.90754,273.0,625.8,7.2,6.5,39
2025_06_06,2927,121.90754,282.7,703.1,10.4,9.9,62
2025_06_06,2927,121.90754,848.9,247.7,12.2,13.5,120
2025_06_06,2927,121.90754,551.3,436.1,11.5,10.4,94
2025_06_06,2928,121.94919,910.1,695.5,13.6,10.5,122
2025_06_06,2928,121.94919,1157.6,599.2,11.5,10.6,124
2025_06_06,2928,121.94919,240.6,134.7,17.1,13.7,176
2025_06_06,2928,121.94919,1202.5,518.7,14.3,11.9,138
2025_06_06,2928,121.94919,582.6,464.3,11.6,11.1,103
2025_06_06,2928,121.94919,469.1,68.3,11.3,12.0,99
2025_06_06,2928,121.94919,972.1,444.3,11.6,10.9,102
2025_06_06,2928,121.94919,551.2,436.0,11.3,10.5,93
2025_06_06,2928,121.94919,282.6,703.2,10.0,9.8,59
2025_06_06,2928,121.94919,848.9,247.5,12.0,13.2,119
2025_06_06,2928,121.94919,272.8,625.8,6.9,6.5,37
2025_06_06,2928,121.94919,733.8,540.0,12.5,9.9,102
2025_06_06,2929,121.99084,910.2,695.4,13.5,10.3,124
2025_06_06,2929,121.99084,240.6,134.5,17.3,13.8,180
2025_06_06,2929,121.99084,1157.5,599.4,11.4,10.8,100
2025_06_06,2929,121.99084,582.6,464.5,11.5,11.1,104
2025_06_06,2929,121.99084,1202.3,518.7,14.3,11.9,139
2025_06_06,2929,121.99084,468.9,68.3,11.2,11.9,100
2025_06_06,2929,121.99084,551.0,436.2,11.4,10.8,97
2025_06_06,2929,121.99084,849.0,247.7,12.2,13.3,120
2025_06_06,2929,121.99084,972.0,444.3,11.8,11.0,101
2025_06_06,2929,121.99084,282.7,703.3,10.2,10.0,60
2025_06_06,2929,121.99084,272.6,626.1,7.6,7.1,39
2025_06_06,2929,121.99084,732.6,540.4,12.5,10.2,118
2025_06_06,2930,122.03249,910.2,695.5,13.5,10.3,124
2025_06_06,2930,122.03249,240.6,134.4,17.0,14.1,178
2025_06_06,2930,122.03249,1157.6,599.3,11.3,10.8,98
2025_06_06,2930,122.03249,1202.2,518.7,14.4,12.0,140
2025_06_06,2930,122.03249,582.8,464.5,11.7,11.1,107
2025_06_06,2930,122.03249,550.9,436.1,11.5,10.6,99
2025_06_06,2930,122.03249,468.9,68.4,11.3,11.5,98
2025_06_06,2930,122.03249,972.1,444.5,12.3,11.3,106
2025_06_06,2930,122.03249,848.8,247.4,11.8,13.2,118
2025_06_06,2930,122.03249,283.1,703.8,9.8,9.9,59
2025_06_06,2930,122.03249,272.4,626.0,7.4,6.9,43
2025_06_06,2930,122.03249,732.8,540.5,12.3,9.7,109
2025_06_06,2931,122.07414,910.4,695.5,13.6,10.4,128
2025_06_06,2931,122.07414,240.9,134.3,16.7,13.7,172
2025_06_06,2931,122.07414,1157.6,599.2,11.4,10.8,98
2025_06_06,2931,122.07414,1202.0,518.6,14.3,11.9,139
2025_06_06,2931,122.07414,550.6,436.5,11.5,10.7,99
2025_06_06,2931,122.07414,582.9,464.6,11.5,11.2,109
2025_06_06,2931,122.07414,468.9,68.4,11.0,11.5,92
2025_06_06,2931,122.07414,972.2,444.7,12.0,11.1,103
2025_06_06,2931,122.07414,848.6,247.4,12.0,13.2,120
2025_06_06,2931,122.07414,283.0,704.1,9.6,9.8,63
2025_06_06,2931,122.07414,272.3,626.0,7.7,6.8,44
2025_06_06,2932,122.11579,241.0,134.2,16.6,13.6,172
2025_06_06,2932,122.11579,910.4,695.5,13.6,10.3,126
2025_06_06,2932,122.11579,1157.6,599.1,11.5,10.7,96
2025_06_06,2932,122.11579,283.1,704.7,9.0,8.8,54
2025_06_06,2932,122.11579,469.0,68.6,10.9,11.3,93
2025_06_06,2932,122.11579,1201.9,518.6,14.2,11.7,137
2025_06_06,2932,122.11579,582.9,464.7,11.5,11.3,106
2025_06_06,2932,122.11579,550.6,436.5,11.5,10.8,98
2025_06_06,2932,122.11579,848.2,247.1,11.8,12.7,114
2025_06_06,2932,122.11579,971.9,444.8,11.8,11.2,105
2025_06_06,2932,122.11579,271.4,626.1,7.9,6.6,44
2025_06_06,2933,122.15743,241.0,134.1,16.9,13.6,175
2025_06_06,2933,122.15743,1157.7,598.9,11.2,10.8,99
2025_06_06,2933,122.15743,910.6,695.6,13.9,10.4,154
2025_06_06,2933,122.15743,283.2,704.7,9.1,9.0,56
2025_06_06,2933,122.15743,1201.0,518.6,14.3,11.1,136
2025_06_06,2933,122.15743,469.4,68.7,10.9,11.4,97
2025_06_06,2933,122.15743,582.9,464.8,11.7,11.3,107
2025_06_06,2933,122.15743,972.0,444.9,12.1,11.2,108
2025_06_06,2933,122.15743,848.2,247.0,11.6,12.6,113
2025_06_06,2933,122.15743,550.2,436.6,11.5,10.5,96
2025_06_06,2933,122.15743,270.9,626.1,7.2,6.5,40
2025_06_06,2934,122.19908,241.0,134.2,16.4,13.5,171
2025_06_06,2934,122.19908,1157.9,598.8,11.0,10.7,97
2025_06_06,2934,122.19908,910.7,695.7,13.7,10.3,130
2025_06_06,2934,122.19908,469.5,69.0,10.6,11.1,97
2025_06_06,2934,122.19908,283.2,704.7,9.2,9.1,58
2025_06_06,2934,122.19908,1200.9,518.6,14.4,11.1,131
2025_06_06,2934,122.19908,271.0,626.2,7.4,6.8,41
2025_06_06,2934,122.19908,583.2,465.2,12.0,11.4,110
2025_06_06,2934,122.19908,848.2,246.9,11.6,12.6,115
2025_06_06,2934,122.19908,972.0,445.3,12.0,10.8,104
2025_06_06,2934,122.19908,550.2,436.6,11.6,10.8,97
2025_06_06,2935,122.24073,241.0,134.1,16.5,13.7,169
2025_06_06,2935,122.24073,1157.8,598.8,11.0,10.6,96
2025_06_06,2935,122.24073,910.7,695.7,13.6,10.3,129
2025_06_06,2935,122.24073,1200.5,518.4,14.3,11.1,134
2025_06_06,2935,122.24073,283.2,704.9,9.1,9.1,57
2025_06_06,2935,122.24073,469.4,69.5,11.2,11.3,96
2025_06_06,2935,122.24073,550.0,436.8,11.6,10.7,100
2025_06_06,2935,122.24073,583.2,465.2,11.9,11.4,111
2025_06_06,2935,122.24073,971.9,445.5,11.7,11.2,101
2025_06_06,2935,122.24073,848.2,246.3,11.5,12.4,112
2025_06_06,2935,122.24073,270.9,626.4,7.3,6.5,42
2025_06_06,2936,122.28238,241.0,133.9,16.7,13.6,169
2025_06_06,2936,122.28238,1157.8,598.8,11.0,10.6,96
2025_06_06,2936,122.28238,910.9,695.8,13.6,10.4,129
2025_06_06,2936,122.28238,1200.5,518.4,14.5,11.2,136
2025_06_06,2936,122.28238,283.3,704.9,9.0,9.0,57
2025_06_06,2936,122.28238,549.8,436.6,11.5,10.4,99
2025_06_06,2936,122.28238,469.3,69.6,10.9,11.1,93
2025_06_06,2936,122.28238,971.9,445.8,12.0,11.2,105
2025_06_06,2936,122.28238,270.8,626.3,7.1,6.6,41
2025_06_06,2936,122.28238,583.8,465.6,11.5,11.1,109
2025_06_06,2936,122.28238,848.2,246.4,11.5,12.3,116
2025_06_06,2937,122.32403,241.0,133.9,16.7,13.7,172
2025_06_06,2937,122.32403,1157.8,598.6,11.1,10.9,99
2025_06_06,2937,122.32403,911.0,695.8,13.7,10.4,128
2025_06_06,2937,122.32403,283.4,705.0,8.9,8.8,57
2025_06_06,2937,122.32403,1200.5,518.4,14.5,11.3,138
2025_06_06,2937,122.32403,469.2,69.6,10.7,11.4,97
2025_06_06,2937,122.32403,549.7,436.6,11.7,10.5,100
2025_06_06,2937,122.32403,971.8,445.9,11.9,11.4,105
2025_06_06,2937,122.32403,270.5,626.4,7.1,6.6,41
2025_06_06,2937,122.32403,583.8,465.7,11.6,11.2,110
2025_06_06,2937,122.32403,847.6,246.6,12.3,12.3,120
2025_06_06,2938,122.36568,241.0,133.7,16.6,13.8,173
2025_06_06,2938,122.36568,1157.9,598.6,11.1,11.0,99
2025_06_06,2938,122.36568,911.1,695.8,13.7,10.4,149
2025_06_06,2938,122.36568,1200.4,518.3,14.8,11.5,141
2025_06_06,2938,122.36568,469.3,69.7,10.9,11.6,98
2025_06_06,2938,122.36568,283.1,705.4,8.9,9.0,58
2025_06_06,2938,122.36568,549.6,436.7,11.8,10.3,101
2025_06_06,2938,122.36568,270.3,626.3,7.4,6.9,44
2025_06_06,2938,122.36568,583.8,465.9,11.9,11.2,110
2025_06_06,2938,122.36568,847.1,246.3,12.2,12.0,114
2025_06_06,2938,122.36568,971.9,445.9,11.8,11.1,100
2025_06_06,2939,122.40733,241.1,133.7,16.2,13.9,165
2025_06_06,2939,122.40733,1157.9,598.5,11.2,11.1,100
2025_06_06,2939,122.40733,1200.3,518.3,14.8,11.5,141
2025_06_06,2939,122.40733,911.2,695.8,13.7,10.5,132
2025_06_06,2939,122.40733,283.1,705.4,8.9,9.1,59
2025_06_06,2939,122.40733,549.4,437.0,11.8,10.1,98
2025_06_06,2939,122.40733,469.2,70.0,11.1,11.3,93
2025_06_06,2939,122.40733,583.7,466.0,12.3,11.5,113
2025_06_06,2939,122.40733,270.1,626.4,7.6,7.1,44
2025_06_06,2939,122.40733,847.2,246.3,12.3,12.3,113
2025_06_06,2939,122.40733,971.8,446.4,11.8,11.4,100
2025_06_06,2940,122.44898,241.2,133.6,16.8,13.7,163
2025_06_06,2940,122.44898,1157.9,598.5,11.2,11.1,98
2025_06_06,2940,122.44898,1200.2,518.2,14.6,11.5,141
2025_06_06,2940,122.44898,283.1,705.4,8.8,9.0,59
2025_06_06,2940,122.44898,911.5,696.1,13.1,10.5,127
2025_06_06,2940,122.44898,469.3,70.1,11.7,11.5,95
2025_06_06,2940,122.44898,584.0,466.6,12.2,10.9,108
2025_06_06,2940,122.44898,549.3,437.1,11.8,9.8,98
2025_06_06,2940,122.44898,269.4,626.5,8.2,7.1,47
2025_06_06,2940,122.44898,847.1,246.0,12.3,12.5,114
2025_06_06,2940,122.44898,971.6,447.1,11.4,11.2,98
2025_06_06,2941,122.49063,241.0,133.6,16.7,13.7,165
2025_06_06,2941,122.49063,1157.9,598.5,11.1,11.1,98
2025_06_06,2941,122.49063,1200.0,518.2,14.6,11.7,142
2025_06_06,2941,122.49063,911.8,696.2,13.1,10.6,127
2025_06_06,2941,122.49063,283.0,705.8,9.3,8.9,64
2025_06_06,2941,122.49063,469.6,70.2,11.5,11.6,98
2025_06_06,2941,122.49063,584.0,466.7,12.3,11.0,108
2025_06_06,2941,122.49063,549.1,437.3,11.8,9.8,98
2025_06_06,2941,122.49063,847.1,245.8,12.0,12.7,116
2025_06_06,2941,122.49063,971.3,446.6,11.4,11.4,99
2025_06_06,2941,122.49063,269.5,626.5,8.4,6.7,44
2025_06_06,2942,122.53228,241.1,133.4,16.6,13.6,169
2025_06_06,2942,122.53228,1157.9,598.5,11.0,11.1,101
2025_06_06,2942,122.53228,1200.1,518.2,14.7,11.8,143
2025_06_06,2942,122.53228,911.7,696.2,13.1,10.5,125
2025_06_06,2942,122.53228,282.9,705.8,9.7,9.1,67
2025_06_06,2942,122.53228,549.0,437.5,11.8,9.9,99
2025_06_06,2942,122.53228,469.7,70.4,11.2,11.0,94
2025_06_06,2942,122.53228,584.1,466.7,12.0,10.8,105
2025_06_06,2942,122.53228,847.2,245.8,12.7,13.2,126
2025_06_06,2942,122.53228,971.4,447.2,11.1,11.2,95
2025_06_06,2942,122.53228,269.1,626.5,8.6,6.9,47
2025_06_06,2943,122.57393,241.1,133.3,16.3,13.6,169
2025_06_06,2943,122.57393,1157.9,598.4,11.2,11.2,99
2025_06_06,2943,122.57393,1199.9,518.2,14.6,11.8,138
2025_06_06,2943,122.57393,548.5,437.4,12.4,10.5,104
2025_06_06,2943,122.57393,911.9,696.3,13.2,10.7,130
2025_06_06,2943,122.57393,469.8,70.5,11.2,10.9,96
2025_06_06,2943,122.57393,283.1,706.0,9.1,8.8,64
2025_06_06,2943,122.57393,584.4,467.0,11.9,10.7,105
2025_06_06,2943,122.57393,847.0,245.6,12.6,13.0,122
2025_06_06,2943,122.57393,971.4,447.6,11.4,11.4,100
2025_06_06,2943,122.57393,269.0,626.7,8.5,6.8,46
2025_06_06,2944,122.61558,241.0,133.4,15.9,13.4,166
2025_06_06,2944,122.61558,1158.2,598.3,11.1,11.3,101
2025_06_06,2944,122.61558,912.3,696.6,12.5,10.3,122
2025_06_06,2944,122.61558,1199.8,518.2,14.6,11.8,139
2025_06_06,2944,122.61558,548.4,437.3,12.5,10.5,106
2025_06_06,2944,122.61558,584.6,467.0,11.6,10.6,100
2025_06_06,2944,122.61558,469.7,70.5,11.5,10.8,97
2025_06_06,2944,122.61558,283.2,706.0,9.3,9.1,65
2025_06_06,2944,122.61558,846.9,245.6,12.6,13.0,121
2025_06_06,2944,122.61558,971.3,447.8,11.3,11.0,97
2025_06_06,2944,122.61558,268.5,626.9,8.1,6.7,43
2025_06_06,2945,122.65723,1158.2,598.3,11.1,11.3,101
2025_06_06,2945,122.65723,241.0,133.3,15.9,13.7,167
2025_06_06,2945,122.65723,1199.7,518.2,14.7,12.0,142
2025_06_06,2945,122.65723,912.4,696.7,12.5,10.4,123
2025_06_06,2945,122.65723,548.1,437.4,12.4,10.4,99
2025_06_06,2945,122.65723,469.8,70.6,11.4,11.5,101
2025_06_06,2945,122.65723,584.7,467.0,11.9,10.9,103
2025_06_06,2945,122.65723,846.4,245.4,12.2,12.9,139
2025_06_06,2945,122.65723,283.4,706.4,9.5,9.4,69
2025_06_06,2945,122.65723,971.1,448.2,10.9,11.0,99
2025_06_06,2946,122.69888,241.1,133.3,16.6,13.6,167
2025_06_06,2946,122.69888,1158.2,598.2,11.2,11.2,102
2025_06_06,2946,122.69888,1199.7,518.2,14.6,12.0,141
2025_06_06,2946,122.69888,912.5,696.7,12.9,10.8,129
2025_06_06,2946,122.69888,548.0,437.4,12.5,10.3,100
2025_06_06,2946,122.69888,584.9,467.2,11.8,10.7,100
2025_06_06,2946,122.69888,283.4,706.9,9.3,8.7,65
2025_06_06,2946,122.69888,469.9,70.8,11.0,11.4,94
2025_06_06,2946,122.69888,971.3,448.3,10.4,10.7,94
2025_06_06,2946,122.69888,846.5,245.2,11.8,12.9,111
2025_06_06,2947,122.74052,1158.2,598.0,11.1,11.3,105
2025_06_06,2947,122.74052,241.4,133.1,16.5,13.6,184
2025_06_06,2947,122.74052,1199.5,518.2,14.6,12.0,142
2025_06_06,2947,122.74052,585.1,467.3,12.0,10.8,99
2025_06_06,2947,122.74052,912.5,696.8,12.9,10.8,129
2025_06_06,2947,122.74052,971.3,448.4,10.6,11.0,98
2025_06_06,2947,122.74052,547.7,437.4,12.4,10.1,99
2025_06_06,2947,122.74052,283.4,707.3,9.5,8.8,69
2025_06_06,2947,122.74052,846.3,244.9,11.8,13.2,119
2025_06_06,2947,122.74052,470.2,71.2,10.3,11.7,88
2025_06_06,2947,122.74052,267.8,627.0,8.2,6.8,43
2025_06_06,2948,122.78217,1158.3,597.9,11.1,11.4,105
2025_06_06,2948,122.78217,585.3,467.2,11.8,10.6,99
2025_06_06,2948,122.78217,1199.4,518.1,14.3,11.8,140
2025_06_06,2948,122.78217,912.7,697.1,13.3,10.9,132
2025_06_06,2948,122.78217,971.3,448.4,10.6,11.0,97
2025_06_06,2948,122.78217,547.7,437.4,12.2,9.8,99
2025_06_06,2948,122.78217,241.5,133.2,16.3,13.5,165
2025_06_06,2948,122.78217,283.4,707.2,9.9,9.1,70
2025_06_06,2948,122.78217,846.4,245.0,12.2,13.4,124
2025_06_06,2948,122.78217,470.3,71.0,10.7,11.8,98
2025_06_06,2948,122.78217,267.7,627.0,8.5,7.0,43
2025_06_06,2949,122.82382,1158.4,597.8,10.9,11.3,104
2025_06_06,2949,122.82382,585.4,467.4,11.8,10.7,101
2025_06_06,2949,122.82382,1199.5,518.1,14.4,11.9,140
2025_06_06,2949,122.82382,912.7,697.1,13.3,10.8,131
2025_06_06,2949,122.82382,547.6,437.4,11.7,9.8,96
2025_06_06,2949,122.82382,283.7,707.9,9.7,8.4,62
2025_06_06,2949,122.82382,971.3,448.0,10.8,11.0,95
2025_06_06,2949,122.82382,845.9,244.0,11.4,12.6,108
2025_06_06,2949,122.82382,241.6,133.2,16.2,13.9,170
2025_06_06,2949,122.82382,470.7,71.0,10.6,11.5,97
2025_06_06,2949,122.82382,267.5,627.0,8.3,6.7,43
2025_06_06,2950,122.86547,1158.3,597.8,11.1,11.1,102
2025_06_06,2950,122.86547,585.6,467.7,11.8,10.7,103
2025_06_06,2950,122.86547,1199.4,518.1,14.4,11.8,141
2025_06_06,2950,122.86547,912.8,697.3,13.6,10.9,129
2025_06_06,2950,122.86547,547.6,437.4,11.9,9.9,97
2025_06_06,2950,122.86547,283.6,708.0,9.6,8.4,61
2025_06_06,2950,122.86547,971.3,448.0,10.9,11.2,98
2025_06_06,2950,122.86547,845.9,244.1,11.5,13.0,112
2025_06_06,2950,122.86547,241.7,133.1,16.9,14.2,171
2025_06_06,2950,122.86547,470.4,71.0,10.7,11.8,100
2025_06_06,2950,122.86547,267.1,627.2,8.1,6.4,43
2025_06_06,2951,122.90712,1158.4,597.8,11.0,11.1,104
2025_06_06,2951,122.90712,913.1,697.3,13.7,10.9,131
2025_06_06,2951,122.90712,1199.1,518.0,14.4,11.9,143
2025_06_06,2951,122.90712,585.8,467.8,11.8,11.0,102
2025_06_06,2951,122.90712,241.7,132.8,17.2,14.1,167
2025_06_06,2951,122.90712,547.8,437.2,11.8,10.0,96
2025_06_06,2951,122.90712,283.8,708.2,9.7,8.5,60
2025_06_06,2951,122.90712,845.8,243.9,12.0,13.3,116
2025_06_06,2951,122.90712,971.4,447.8,11.1,11.3,97
2025_06_06,2951,122.90712,470.5,71.5,10.7,12.0,98
2025_06_06,2951,122.90712,267.1,627.2,8.1,6.3,42
2025_06_06,2952,122.94877,1158.7,597.5,10.6,11.1,105
2025_06_06,2952,122.94877,913.3,697.3,13.9,10.8,136
2025_06_06,2952,122.94877,586.0,468.3,11.7,10.9,102
2025_06_06,2952,122.94877,1199.2,518.0,14.4,11.9,143
2025_06_06,2952,122.94877,241.6,132.8,16.9,13.9,165
2025_06_06,2952,122.94877,283.9,708.2,9.7,8.6,61
2025_06_06,2952,122.94877,547.6,437.4,12.0,10.1,99
2025_06_06,2952,122.94877,845.7,243.8,12.2,13.2,115
2025_06_06,2952,122.94877,470.5,71.8,10.5,11.8,98
2025_06_06,2952,122.94877,971.6,447.6,11.5,11.7,99
2025_06_06,2952,122.94877,267.1,627.2,8.1,6.4,46
2025_06_06,2953,122.99042,913.5,697.3,13.9,10.8,135
2025_06_06,2953,122.99042,1158.8,597.4,10.8,11.0,106
2025_06_06,2953,122.99042,241.7,132.6,16.6,14.1,165
2025_06_06,2953,122.99042,586.0,468.3,11.7,10.7,101
2025_06_06,2953,122.99042,1199.0,517.9,14.3,11.8,143
2025_06_06,2953,122.99042,547.6,437.3,12.0,10.0,98
2025_06_06,2953,122.99042,283.8,708.1,9.6,9.0,63
2025_06_06,2953,122.99042,845.6,243.6,12.1,13.2,111
2025_06_06,2953,122.99042,971.5,447.9,11.1,10.9,91
2025_06_06,2953,122.99042,470.7,71.6,10.6,12.3,102
2025_06_06,2953,122.99042,266.8,627.3,7.7,6.3,42
2025_06_06,2954,123.03207,914.0,697.7,13.6,10.9,123
2025_06_06,2954,123.03207,1199.4,518.0,14.7,12.1,146
2025_06_06,2954,123.03207,586.4,468.6,11.6,10.5,96
2025_06_06,2954,123.03207,1159.0,597.4,10.5,10.8,97
2025_06_06,2954,123.03207,241.8,132.3,17.1,14.3,170
2025_06_06,2954,123.03207,283.7,708.6,9.7,9.2,66
2025_06_06,2954,123.03207,547.3,437.4,11.7,10.3,96
2025_06_06,2954,123.03207,845.5,243.5,12.0,12.9,119
2025_06_06,2954,123.03207,971.2,448.2,12.3,11.0,105
2025_06_06,2954,123.03207,471.5,72.1,10.3,11.5,98
2025_06_06,2954,123.03207,266.8,627.5,7.8,6.4,44
2025_06_06,2955,123.07372,914.1,697.6,13.6,11.0,123
2025_06_06,2955,123.07372,1199.1,518.0,14.9,12.3,149
2025_06_06,2955,123.07372,586.3,468.7,11.6,10.5,96
2025_06_06,2955,123.07372,1159.1,597.2,10.5,10.8,96
2025_06_06,2955,123.07372,241.9,132.4,17.2,14.5,170
2025_06_06,2955,123.07372,845.3,243.4,12.2,12.9,111
2025_06_06,2955,123.07372,547.3,437.5,11.7,10.2,96
2025_06_06,2955,123.07372,283.8,709.0,9.9,9.2,64
2025_06_06,2955,123.07372,971.3,448.2,12.3,11.0,103
2025_06_06,2955,123.07372,471.5,72.0,10.6,12.0,106
2025_06_06,2955,123.07372,266.8,627.5,7.8,6.4,44
2025_06_06,2956,123.11537,914.3,697.6,13.5,11.0,122
2025_06_06,2956,123.11537,1199.0,518.1,14.7,12.2,144
2025_06_06,2956,123.11537,1158.8,597.1,10.8,10.7,100
2025_06_06,2956,123.11537,586.4,468.7,11.6,10.3,94
2025_06_06,2956,123.11537,241.9,132.5,17.2,14.3,164
2025_06_06,2956,123.11537,547.1,437.6,11.4,9.9,91
2025_06_06,2956,123.11537,845.3,243.3,12.4,12.7,120
2025_06_06,2956,123.11537,283.7,708.7,10.0,9.4,67
2025_06_06,2956,123.11537,971.5,448.6,12.1,10.8,100
2025_06_06,2956,123.11537,471.5,72.2,10.6,12.1,105
2025_06_06,2956,123.11537,266.3,627.7,7.9,6.6,47
2025_06_06,2957,123.15702,914.4,697.6,13.5,10.9,123
2025_06_06,2957,123.15702,1198.9,518.1,14.7,12.3,166
2025_06_06,2957,123.15702,1158.8,597.2,10.7,10.7,100
2025_06_06,2957,123.15702,586.5,469.1,11.6,10.3,97
2025_06_06,2957,123.15702,242.0,132.4,17.4,14.2,168
2025_06_06,2957,123.15702,547.0,437.6,11.7,10.0,94
2025_06_06,2957,123.15702,283.7,709.0,10.2,9.7,73
2025_06_06,2957,123.15702,845.2,243.3,12.5,13.0,116
2025_06_06,2957,123.15702,971.6,448.9,12.2,10.9,108
2025_06_06,2957,123.15702,472.0,72.7,11.0,11.5,107
2025_06_06,2957,123.15702,266.3,627.7,7.9,6.5,48
2025_06_06,2958,123.19867,914.5,697.6,13.5,11.0,126
2025_06_06,2958,123.19867,241.9,132.2,17.3,14.0,167
2025_06_06,2958,123.19867,1158.9,597.2,10.7,10.7,100
2025_06_06,2958,123.19867,586.6,469.1,11.5,10.3,99
2025_06_06,2958,123.19867,1198.7,518.1,14.5,12.2,143
2025_06_06,2958,123.19867,546.7,437.6,11.7,10.1,96
2025_06_06,2958,123.19867,844.9,243.0,12.6,12.9,116
2025_06_06,2958,123.19867,283.7,709.4,10.1,9.2,71
2025_06_06,2958,123.19867,971.4,449.3,11.7,11.1,101
2025_06_06,2958,123.19867,471.9,72.6,11.3,11.6,111
2025_06_06,2958,123.19867,471.0,71.3,12.1,13.1,126
2025_06_06,2958,123.19867,266.3,627.8,8.0,6.4,46
2025_06_06,2958,123.19867,113.2,682.3,6.1,5.8,41
2025_06_06,2959,123.24032,914.5,697.7,13.5,11.0,126
2025_06_06,2959,123.24032,242.0,132.1,17.2,14.2,165
2025_06_06,2959,123.24032,586.8,469.3,11.6,10.1,92
2025_06_06,2959,123.24032,1159.1,597.1,10.6,10.6,100
2025_06_06,2959,123.24032,1198.4,518.0,14.4,12.3,148
2025_06_06,2959,123.24032,844.8,243.0,12.3,13.0,115
2025_06_06,2959,123.24032,283.6,709.3,9.9,9.2,71
2025_06_06,2959,123.24032,546.6,437.7,12.1,10.3,95
2025_06_06,2959,123.24032,971.3,449.4,11.8,11.1,105
2025_06_06,2959,123.24032,471.5,72.4,11.3,12.4,115
2025_06_06,2959,123.24032,265.7,627.9,8.0,6.6,46
2025_06_06,2960,123.28197,914.5,697.6,13.5,10.9,126
2025_06_06,2960,123.28197,1159.0,597.0,10.5,10.7,97
2025_06_06,2960,123.28197,586.9,469.6,11.5,10.0,94
2025_06_06,2960,123.28197,242.0,132.1,17.1,14.2,164
2025_06_06,2960,123.28197,1198.3,517.9,14.4,12.3,148
2025_06_06,2960,123.28197,844.7,242.8,12.0,12.6,114
2025_06_06,2960,123.28197,283.6,709.2,10.0,9.3,73
2025_06_06,2960,123.28197,546.4,437.8,12.2,10.2,98
2025_06_06,2960,123.28197,971.2,449.5,12.1,11.1,104
2025_06_06,2960,123.28197,471.5,72.5,10.9,12.2,112
2025_06_06,2960,123.28197,265.6,628.0,8.0,6.6,47
2025_06_06,2961,123.32362,914.6,697.8,13.5,10.8,123
2025_06_06,2961,123.32362,1159.1,596.8,10.7,10.3,92
2025_06_06,2961,123.32362,587.2,469.7,11.4,10.0,92
2025_06_06,2961,123.32362,1198.1,518.0,14.3,12.2,148
2025_06_06,2961,123.32362,242.1,131.9,16.9,13.8,163
2025_06_06,2961,123.32362,283.5,709.4,9.9,9.4,72
2025_06_06,2961,123.32362,844.7,242.8,12.1,12.7,118
2025_06_06,2961,123.32362,546.3,437.8,12.3,10.3,97
2025_06_06,2961,123.32362,971.2,449.6,11.8,10.9,102
2025_06_06,2961,123.32362,471.5,72.9,11.2,11.8,113
2025_06_06,2961,123.32362,265.4,627.8,8.0,6.7,49
2025_06_06,2962,123.36526,914.6,697.8,13.7,10.9,125
2025_06_06,2962,123.36526,587.2,469.9,11.4,10.1,92
2025_06_06,2962,123.36526,1159.1,596.7,10.6,10.2,92
2025_06_06,2962,123.36526,242.1,131.8,16.9,13.8,165
2025_06_06,2962,123.36526,1198.0,517.9,14.5,12.2,148
2025_06_06,2962,123.36526,844.5,242.4,11.7,12.1,109
2025_06_06,2962,123.36526,283.5,709.3,10.3,9.6,74
2025_06_06,2962,123.36526,971.2,449.7,11.7,11.1,101
2025_06_06,2962,123.36526,471.5,73.3,11.1,11.1,107
2025_06_06,2962,123.36526,545.8,437.9,12.0,9.9,96
2025_06_06,2962,123.36526,265.2,627.9,8.4,6.8,49
2025_06_06,2963,123.40691,914.7,697.8,13.7,11.0,125
2025_06_06,2963,123.40691,1159.0,596.7,10.6,10.3,92
2025_06_06,2963,123.40691,587.3,469.8,11.3,10.3,93
2025_06_06,2963,123.40691,1197.9,517.8,14.2,12.0,141
2025_06_06,2963,123.40691,242.1,131.6,16.6,13.6,166
2025_06_06,2963,123.40691,844.5,242.2,11.9,12.4,117
2025_06_06,2963,123.40691,283.6,709.5,10.4,9.2,73
2025_06_06,2963,123.40691,472.1,73.7,10.7,10.5,95
2025_06_06,2963,123.40691,545.8,437.8,12.0,10.2,97
2025_06_06,2963,123.40691,971.2,450.0,11.8,11.5,109
2025_06_06,2963,123.40691,264.6,627.8,8.5,6.8,47
2025_06_06,2964,123.44856,914.7,697.9,13.7,11.0,126
2025_06_06,2964,123.44856,1159.1,596.6,10.4,10.5,92
2025_06_06,2964,123.44856,587.2,470.1,11.4,10.4,110
2025_06_06,2964,123.44856,242.1,131.6,17.2,13.7,167
2025_06_06,2964,123.44856,1197.5,517.7,13.9,11.8,142
2025_06_06,2964,123.44856,844.3,242.2,12.0,12.5,120
2025_06_06,2964,123.44856,283.5,709.5,10.4,9.4,73
2025_06_06,2964,123.44856,971.2,450.0,11.7,11.5,106
2025_06_06,2964,123.44856,472.2,73.6,10.7,10.4,98
2025_06_06,2964,123.44856,264.6,627.8,8.5,6.9,48
2025_06_06,2964,123.44856,545.0,438.1,12.1,10.2,94
2025_06_06,2965,123.49021,914.8,698.1,13.5,10.9,122
2025_06_06,2965,123.49021,1159.1,596.5,10.4,10.5,92
2025_06_06,2965,123.49021,587.2,470.0,11.6,10.8,99
2025_06_06,2965,123.49021,242.2,131.6,17.1,13.6,164
2025_06_06,2965,123.49021,1197.3,517.7,13.9,11.8,141
2025_06_06,2965,123.49021,844.3,242.2,12.3,12.7,118
2025_06_06,2965,123.49021,283.7,709.7,10.6,9.6,76
2025_06_06,2965,123.49021,970.8,450.5,11.6,11.6,107
2025_06_06,2965,123.49021,471.5,73.7,10.9,11.0,99
2025_06_06,2965,123.49021,264.5,628.0,8.4,7.0,49
2025_06_06,2965,123.49021,545.1,438.0,12.2,10.3,95
2025_06_06,2966,123.53186,914.9,698.1,13.6,11.0,123
2025_06_06,2966,123.53186,1159.2,596.5,10.3,10.5,92
2025_06_06,2966,123.53186,587.2,470.0,11.7,11.0,98
2025_06_06,2966,123.53186,1197.3,517.7,13.9,11.8,143
2025_06_06,2966,123.53186,844.3,242.0,12.1,12.6,118
2025_06_06,2966,123.53186,242.1,131.4,17.4,13.8,167
2025_06_06,2966,123.53186,283.7,709.7,10.7,9.7,78
2025_06_06,2966,123.53186,970.7,450.7,11.6,11.7,111
2025_06_06,2966,123.53186,471.6,73.9,10.7,11.3,101
2025_06_06,2966,123.53186,544.0,438.3,12.0,10.1,92
2025_06_06,2966,123.53186,263.6,628.3,8.4,6.6,47
2025_06_06,2967,123.57351,914.9,698.1,13.8,11.1,123
2025_06_06,2967,123.57351,1159.2,596.3,10.2,10.4,92
2025_06_06,2967,123.57351,1197.3,517.6,14.3,11.9,145
2025_06_06,2967,123.57351,587.3,470.2,11.8,10.9,98
2025_06_06,2967,123.57351,844.1,241.9,11.7,12.2,114
2025_06_06,2967,123.57351,242.2,131.6,17.4,13.6,168
2025_06_06,2967,123.57351,283.7,709.7,10.7,9.5,76
2025_06_06,2967,123.57351,970.6,451.0,11.7,11.6,109
2025_06_06,2967,123.57351,471.6,73.9,10.7,11.7,108
2025_06_06,2967,123.57351,544.0,438.2,12.3,10.4,98
2025_06_06,2967,123.57351,263.7,628.3,9.0,6.8,52
2025_06_06,2968,123.61516,915.0,698.2,13.9,11.1,129
2025_06_06,2968,123.61516,1159.2,596.3,10.3,10.5,93
2025_06_06,2968,123.61516,1197.1,517.6,14.2,11.8,145
2025_06_06,2968,123.61516,587.3,470.4,12.3,10.9,101
2025_06_06,2968,123.61516,844.1,241.9,11.8,12.1,110
2025_06_06,2968,123.61516,242.3,131.4,17.3,13.3,163
2025_06_06,2968,123.61516,283.8,709.9,10.7,9.6,72
2025_06_06,2968,123.61516,471.5,73.9,10.9,12.3,114
2025_06_06,2968,123.61516,543.5,438.6,12.3,10.3,92
2025_06_06,2968,123.61516,970.5,451.5,11.9,11.5,111
2025_06_06,2968,123.61516,263.3,628.3,8.4,6.4,47
2025_06_06,2969,123.65681,915.2,698.4,13.9,11.1,129
2025_06_06,2969,123.65681,1196.9,517.5,14.3,11.8,145
2025_06_06,2969,123.65681,1159.4,596.1,10.3,10.6,92
2025_06_06,2969,123.65681,587.4,470.5,12.2,10.7,98
2025_06_06,2969,123.65681,242.3,131.3,17.3,13.5,164
2025_06_06,2969,123.65681,844.1,241.8,12.0,12.1,109
2025_06_06,2969,123.65681,283.8,710.1,10.8,9.6,73
2025_06_06,2969,123.65681,471.6,74.0,10.7,12.2,108
2025_06_06,2969,123.65681,543.5,438.6,12.4,10.2,91
2025_06_06,2969,123.65681,970.8,451.7,12.3,11.5,118
2025_06_06,2969,123.65681,263.4,628.4,8.5,6.4,47
2025_06_06,2969,123.65681,114.0,682.4,6.4,6.1,41
2025_06_06,2970,123.69846,915.2,698.4,14.0,11.0,130
2025_06_06,2970,123.69846,1159.4,596.1,10.3,10.7,92
2025_06_06,2970,123.69846,1197.0,517.5,14.2,11.8,145
2025_06_06,2970,123.69846,242.5,131.1,17.4,13.7,168
2025_06_06,2970,123.69846,587.6,470.6,12.4,11.0,105
2025_06_06,2970,123.69846,843.9,241.7,12.2,12.8,115
2025_06_06,2970,123.69846,970.8,451.8,12.3,11.6,113
2025_06_06,2970,123.69846,543.2,438.6,11.9,10.0,89
2025_06_06,2970,123.69846,262.9,628.8,8.4,6.4,49
2025_06_06,2970,123.69846,283.8,710.1,10.7,9.6,73
2025_06_06,2970,123.69846,471.6,74.1,10.6,12.3,104
2025_06_06,2970,123.69846,114.0,682.5,6.4,5.9,43
2025_06_06,2971,123.74011,915.3,698.4,14.1,11.0,133
2025_06_06,2971,123.74011,1196.7,517.5,14.3,11.8,145
2025_06_06,2971,123.74011,1159.3,596.1,10.3,10.6,92
2025_06_06,2971,123.74011,242.5,131.0,17.1,13.8,167
2025_06_06,2971,123.74011,843.8,241.5,12.3,13.1,118
2025_06_06,2971,123.74011,587.8,470.8,12.4,11.0,107
2025_06_06,2971,123.74011,970.6,451.9,12.5,11.7,113
2025_06_06,2971,123.74011,543.0,438.6,12.0,10.0,91
2025_06_06,2971,123.74011,283.8,710.4,10.5,9.4,73
2025_06_06,2971,123.74011,262.9,628.7,8.3,6.4,50
2025_06_06,2971,123.74011,472.0,74.8,10.5,11.1,100
2025_06_06,2971,123.74011,221.4,2.8,10.7,5.7,44
2025_06_06,2972,123.78176,915.4,698.5,14.1,11.0,131
2025_06_06,2972,123.78176,1196.6,517.5,14.1,11.7,143
2025_06_06,2972,123.78176,1159.2,595.9,10.5,10.7,94
2025_06_06,2972,123.78176,242.7,130.6,16.9,13.9,164
2025_06_06,2972,123.78176,843.7,241.2,12.3,13.2,118
2025_06_06,2972,123.78176,970.4,452.2,12.4,11.4,114
2025_06_06,2972,123.78176,588.0,471.0,12.2,10.7,103
2025_06_06,2972,123.78176,543.0,438.5,12.0,9.9,92
2025_06_06,2972,123.78176,262.6,628.8,8.7,6.7,51
2025_06_06,2972,123.78176,472.1,74.8,10.6,11.1,100
2025_06_06,2972,123.78176,283.8,710.8,10.3,9.0,75
2025_06_06,2972,123.78176,221.3,2.9,11.0,5.9,46
2025_06_06,2973,123.82341,915.4,698.5,14.0,11.2,129
2025_06_06,2973,123.82341,1196.4,517.3,14.2,11.6,145
2025_06_06,2973,123.82341,1159.2,595.8,10.4,10.4,93
2025_06_06,2973,123.82341,242.6,130.5,16.9,14.0,165
2025_06_06,2973,123.82341,843.4,240.7,12.2,13.4,111
2025_06_06,2973,123.82341,588.2,471.1,12.4,10.8,108
2025_06_06,2973,123.82341,970.5,452.4,12.6,11.7,114
2025_06_06,2973,123.82341,542.9,438.7,11.7,9.8,87
2025_06_06,2973,123.82341,472.2,75.1,10.4,11.0,95
2025_06_06,2973,123.82341,283.8,710.8,10.3,9.1,75
2025_06_06,2973,123.82341,262.6,628.8,8.8,6.8,50
2025_06_06,2973,123.82341,221.3,3.1,11.1,6.2,50
2025_06_06,2974,123.86506,915.4,698.5,14.1,11.2,129
2025_06_06,2974,123.86506,1196.2,517.2,14.4,11.7,147
2025_06_06,2974,123.86506,1159.3,595.7,10.5,10.6,98
2025_06_06,2974,123.86506,242.4,130.5,17.3,13.9,166
2025_06_06,2974,123.86506,970.4,452.5,12.4,11.5,116
2025_06_06,2974,123.86506,843.1,240.2,12.2,13.2,111
2025_06_06,2974,123.86506,588.4,471.2,12.7,10.9,110
2025_06_06,2974,123.86506,542.8,438.7,12.1,10.1,89
2025_06_06,2974,123.86506,472.2,75.2,10.2,10.9,91
2025_06_06,2974,123.86506,283.7,710.7,10.1,8.9,76
2025_06_06,2974,123.86506,262.3,628.8,8.1,6.3,50
2025_06_06,2974,123.86506,221.3,3.2,11.0,6.4,53
2025_06_06,2975,123.90671,915.6,698.7,14.2,11.2,126
2025_06_06,2975,123.90671,1196.0,517.1,14.2,11.5,145
2025_06_06,2975,123.90671,1159.3,595.6,10.5,10.4,100
2025_06_06,2975,123.90671,242.5,130.3,17.2,14.0,164
2025_06_06,2975,123.90671,970.4,452.5,12.4,11.4,118
2025_06_06,2975,123.90671,542.9,438.7,12.2,10.2,89
2025_06_06,2975,123.90671,843.0,240.1,12.0,12.7,108
2025_06_06,2975,123.90671,472.2,75.3,10.6,10.7,95
2025_06_06,2975,123.90671,588.4,471.4,12.7,11.2,118
2025_06_06,2975,123.90671,261.8,629.0,8.5,6.5,52
2025_06_06,2975,123.90671,283.8,710.6,10.3,9.0,128
2025_06_06,2975,123.90671,221.4,3.5,11.1,7.0,59
2025_06_06,2976,123.94835,915.7,698.7,14.0,11.1,123
2025_06_06,2976,123.94835,1196.1,517.1,14.2,11.5,146
2025_06_06,2976,123.94835,242.7,130.2,17.1,14.5,167
2025_06_06,2976,123.94835,1159.2,595.6,10.5,10.5,100
2025_06_06,2976,123.94835,970.3,452.6,12.4,11.4,120
2025_06_06,2976,123.94835,542.7,438.7,11.9,10.0,91
2025_06_06,2976,123.94835,588.7,471.7,12.5,11.3,115
2025_06_06,2976,123.94835,842.7,239.9,12.3,12.9,107
2025_06_06,2976,123.94835,261.8,629.0,8.2,6.5,51
2025_06_06,2976,123.94835,472.0,75.4,10.6,11.1,99
2025_06_06,2976,123.94835,283.9,711.1,9.6,8.5,73
2025_06_06,2976,123.94835,221.5,3.6,11.1,7.3,60
2025_06_06,2977,123.99,916.0,699.1,13.7,10.9,122
2025_06_06,2977,123.99,242.6,130.3,17.5,14.4,170
2025_06_06,2977,123.99,1195.9,517.2,14.1,11.6,146
2025_06_06,2977,123.99,1159.3,595.6,10.4,10.4,98
2025_06_06,2977,123.99,970.2,452.8,12.1,11.2,115
2025_06_06,2977,123.99,588.8,471.9,12.4,11.2,110
2025_06_06,2977,123.99,542.4,439.0,12.0,10.1,92
2025_06_06,2977,123.99,842.4,239.2,12.2,13.0,108
2025_06_06,2977,123.99,472.0,75.8,10.9,11.4,96
2025_06_06,2977,123.99,283.8,711.0,9.6,8.5,71
2025_06_06,2977,123.99,261.0,629.2,8.2,6.5,48
2025_06_06,2977,123.99,221.3,3.9,11.3,7.9,67
2025_06_06,2978,124.03165,916.1,699.1,14.0,11.0,125
2025_06_06,2978,124.03165,243.0,129.9,17.2,14.8,177
2025_06_06,2978,124.03165,1195.8,517.2,14.0,11.5,144
2025_06_06,2978,124.03165,1159.2,595.5,10.4,10.3,94
2025_06_06,2978,124.03165,589.0,472.0,12.5,11.2,110
2025_06_06,2978,124.03165,542.4,439.0,11.9,10.2,95
2025_06_06,2978,124.03165,970.2,453.3,11.9,11.1,113
2025_06_06,2978,124.03165,842.5,239.2,12.3,13.3,110
2025_06_06,2978,124.03165,472.7,76.3,11.2,10.9,100
2025_06_06,2978,124.03165,283.8,711.0,9.7,8.6,78
2025_06_06,2978,124.03165,221.4,4.1,11.7,8.2,69
2025_06_06,2978,124.03165,260.9,629.2,8.1,6.5,46
2025_06_06,2978,124.03165,114.2,682.5,6.5,6.0,43
2025_06_06,2979,124.0733,916.0,699.3,13.8,10.8,123
2025_06_06,2979,124.0733,243.2,130.0,17.1,14.6,173
2025_06_06,2979,124.0733,1195.7,517.2,14.2,11.6,145
2025_06_06,2979,124.0733,1159.1,595.3,10.5,10.3,96
2025_06_06,2979,124.0733,589.1,472.1,12.7,11.3,111
2025_06_06,2979,124.0733,542.3,438.8,12.2,10.5,96
2025_06_06,2979,124.0733,842.4,239.2,12.0,13.1,106
2025_06_06,2979,124.0733,970.2,453.0,11.6,11.3,113
2025_06_06,2979,124.0733,472.4,76.3,10.6,10.7,97
2025_06_06,2979,124.0733,260.7,629.3,8.3,6.7,45
2025_06_06,2979,124.0733,221.4,4.1,11.3,8.3,74
2025_06_06,2979,124.0733,284.0,711.4,9.8,8.6,87
2025_06_06,2980,124.11495,916.2,699.4,14.1,10.9,128
2025_06_06,2980,124.11495,243.3,130.0,16.8,14.3,167
2025_06_06,2980,124.11495,1195.6,517.2,14.1,11.6,145
2025_06_06,2980,124.11495,1159.1,595.0,10.7,10.4,97
2025_06_06,2980,124.11495,589.2,472.2,12.6,11.1,111
2025_06_06,2980,124.11495,542.2,438.9,11.8,10.1,90
2025_06_06,2980,124.11495,970.2,453.4,11.8,11.3,118
2025_06_06,2980,124.11495,472.6,76.2,11.0,11.1,102
2025_06_06,2980,124.11495,842.3,239.3,12.0,13.2,109
2025_06_06,2980,124.11495,260.4,629.4,8.5,6.9,45
2025_06_06,2980,124.11495,221.6,4.2,11.0,8.4,76
2025_06_06,2980,124.11495,284.0,711.4,9.8,8.6,86
2025_06_06,2980,124.11495,114.2,682.6,6.6,6.0,43
2025_06_06,2981,124.1566,916.3,699.4,14.0,10.9,126
2025_06_06,2981,124.1566,243.3,129.8,16.9,14.2,165
2025_06_06,2981,124.1566,1195.1,517.1,14.1,11.7,144
2025_06_06,2981,124.1566,1159.0,595.0,10.9,10.5,97
2025_06_06,2981,124.1566,542.0,438.8,11.9,10.1,91
2025_06_06,2981,124.1566,589.4,472.5,12.2,10.9,111
2025_06_06,2981,124.1566,472.8,75.7,11.1,11.7,109
2025_06_06,2981,124.1566,969.9,453.7,11.5,11.0,111
2025_06_06,2981,124.1566,842.0,239.0,11.3,12.6,101
2025_06_06,2981,124.1566,260.3,629.6,9.2,7.3,50
2025_06_06,2981,124.1566,221.7,4.2,10.8,8.5,71
2025_06_06,2981,124.1566,284.2,713.0,10.1,9.0,86
2025_06_06,2982,124.19825,916.3,699.5,14.1,10.9,127
2025_06_06,2982,124.19825,243.1,129.6,17.0,14.2,169
2025_06_06,2982,124.19825,1195.2,517.1,14.0,11.6,143
2025_06_06,2982,124.19825,1159.1,595.0,10.8,10.6,99
2025_06_06,2982,124.19825,541.5,439.0,11.8,9.8,88
2025_06_06,2982,124.19825,970.0,453.6,11.8,11.3,114
2025_06_06,2982,124.19825,589.4,472.8,12.2,10.9,109
2025_06_06,2982,124.19825,472.8,75.8,11.2,11.8,112
2025_06_06,2982,124.19825,259.6,629.7,8.0,6.9,45
2025_06_06,2982,124.19825,841.8,239.0,12.0,13.0,107
2025_06_06,2982,124.19825,221.5,4.4,11.2,8.8,78
2025_06_06,2982,124.19825,284.3,713.1,9.8,8.9,84
2025_06_06,2982,124.19825,114.2,682.6,6.6,6.1,43
2025_06_06,2983,124.2399,916.7,699.7,13.7,10.7,121
2025_06_06,2983,124.2399,1194.9,517.0,14.0,11.7,142
2025_06_06,2983,124.2399,243.0,129.6,17.0,14.2,157
2025_06_06,2983,124.2399,1159.1,594.7,10.6,10.6,95
2025_06_06,2983,124.2399,221.5,4.6,11.5,9.2,75
2025_06_06,2983,124.2399,541.4,439.0,11.6,9.9,85
2025_06_06,2983,124.2399,589.5,473.1,12.4,11.0,111
2025_06_06,2983,124.2399,969.7,453.8,11.7,11.6,116
2025_06_06,2983,124.2399,472.3,75.9,11.4,11.8,112
2025_06_06,2983,124.2399,841.7,238.5,11.6,12.6,100
2025_06_06,2983,124.2399,259.7,629.6,8.0,6.6,44
2025_06_06,2983,124.2399,284.3,713.8,9.6,8.2,71
2025_06_06,2984,124.28155,916.7,699.8,13.8,10.8,124
2025_06_06,2984,124.28155,1194.8,517.0,13.8,11.6,141
2025_06_06,2984,124.28155,243.2,129.3,16.7,14.0,158
2025_06_06,2984,124.28155,1159.1,594.6,10.7,10.4,90
2025_06_06,2984,124.28155,221.6,4.8,11.4,9.6,82
2025_06_06,2984,124.28155,589.7,473.1,12.5,11.0,110
2025_06_06,2984,124.28155,541.4,439.0,11.6,9.7,85
2025_06_06,2984,124.28155,969.7,454.0,11.5,11.4,113
2025_06_06,2984,124.28155,472.4,76.3,11.0,11.9,111
2025_06_06,2984,124.28155,841.7,238.4,11.4,12.5,98
2025_06_06,2984,124.28155,284.3,714.0,9.3,8.1,67
2025_06_06,2984,124.28155,259.3,629.9,7.6,6.6,42
2025_06_06,2985,124.3232,916.8,699.8,13.8,10.8,122
2025_06_06,2985,124.3232,1194.7,517.0,13.9,11.5,143
2025_06_06,2985,124.3232,243.3,129.2,16.6,14.2,161
2025_06_06,2985,124.3232,1159.0,594.7,10.7,10.3,89
2025_06_06,2985,124.3232,969.7,453.9,11.6,11.3,115
2025_06_06,2985,124.3232,589.7,473.1,12.6,10.9,107
2025_06_06,2985,124.3232,541.1,439.0,11.6,9.4,84
2025_06_06,2985,124.3232,221.6,5.1,11.7,10.3,85
2025_06_06,2985,124.3232,472.3,76.7,10.5,11.4,99
2025_06_06,2985,124.3232,841.6,238.4,11.5,12.3,100
2025_06_06,2985,124.3232,284.3,714.0,9.3,8.1,67
2025_06_06,2985,124.3232,259.1,629.9,7.4,6.6,42
2025_06_06,2986,124.36485,916.8,699.8,14.0,10.9,122
2025_06_06,2986,124.36485,1194.5,516.9,13.7,11.3,142
2025_06_06,2986,124.36485,243.3,128.9,16.5,14.3,156
2025_06_06,2986,124.36485,1158.9,594.7,10.6,10.4,90
2025_06_06,2986,124.36485,221.5,5.4,11.9,10.6,87
2025_06_06,2986,124.36485,589.6,473.2,12.5,11.0,106
2025_06_06,2986,124.36485,540.8,439.1,11.7,9.3,83
2025_06_06,2986,124.36485,969.6,453.8,11.4,11.5,115
2025_06_06,2986,124.36485,472.3,77.2,10.4,11.1,103
2025_06_06,2986,124.36485,841.6,238.3,11.5,12.0,99
2025_06_06,2986,124.36485,284.2,713.8,9.7,8.5,70
2025_06_06,2986,124.36485,259.2,629.8,8.1,6.8,42
2025_06_06,2987,124.4065,916.9,699.8,14.1,10.8,123
2025_06_06,2987,124.4065,243.3,128.9,16.5,14.0,156
2025_06_06,2987,124.4065,1194.3,516.8,13.7,11.5,142
2025_06_06,2987,124.4065,221.4,5.5,11.9,11.0,88
2025_06_06,2987,124.4065,1158.8,594.4,10.7,10.6,92
2025_06_06,2987,124.4065,589.8,473.2,12.3,10.8,105
2025_06_06,2987,124.4065,540.6,439.0,12.0,9.4,90
2025_06_06,2987,124.4065,969.6,453.8,11.5,11.5,116
2025_06_06,2987,124.4065,472.4,77.5,10.1,11.3,99
2025_06_06,2987,124.4065,841.1,237.9,11.2,11.9,94
2025_06_06,2987,124.4065,259.2,629.8,8.1,6.7,42
2025_06_06,2987,124.4065,284.1,713.9,10.2,8.9,70
2025_06_06,2988,124.44815,916.9,699.9,14.1,10.8,123
2025_06_06,2988,124.44815,243.4,128.7,16.0,14.1,150
2025_06_06,2988,124.44815,221.3,5.5,11.8,11.0,93
2025_06_06,2988,124.44815,1194.0,516.7,13.9,11.5,145
2025_06_06,2988,124.44815,1158.8,594.4,10.8,10.5,92
2025_06_06,2988,124.44815,589.9,473.2,12.3,10.8,106
2025_06_06,2988,124.44815,540.3,439.0,12.0,9.5,88
2025_06_06,2988,124.44815,472.5,77.3,10.6,11.9,107
2025_06_06,2988,124.44815,969.4,454.1,11.6,11.5,117
2025_06_06,2988,124.44815,841.0,237.7,11.1,11.7,93
2025_06_06,2988,124.44815,258.6,629.9,8.2,6.7,48
2025_06_06,2988,124.44815,284.1,713.9,10.2,8.9,70
2025_06_06,2989,124.4898,917.0,699.8,14.0,10.8,122
2025_06_06,2989,124.4898,243.4,128.7,15.9,14.1,147
2025_06_06,2989,124.4898,221.1,5.5,11.7,10.9,93
2025_06_06,2989,124.4898,1158.8,594.3,10.8,10.6,92
2025_06_06,2989,124.4898,589.9,473.5,12.2,10.6,105
2025_06_06,2989,124.4898,472.9,77.4,10.7,11.9,102
2025_06_06,2989,124.4898,540.2,438.9,12.5,9.8,93
2025_06_06,2989,124.4898,969.4,454.1,12.0,11.5,120
2025_06_06,2989,124.4898,1193.9,516.5,14.1,11.4,144
2025_06_06,2989,124.4898,258.4,630.0,7.8,6.6,48
2025_06_06,2989,124.4898,841.0,237.6,11.2,12.0,92
2025_06_06,2989,124.4898,284.1,713.9,10.1,8.9,70
2025_06_06,2990,124.53145,917.3,699.9,13.8,10.7,122
2025_06_06,2990,124.53145,1158.6,594.1,10.7,10.8,99
2025_06_06,2990,124.53145,221.1,5.6,11.9,11.2,97
2025_06_06,2990,124.53145,243.4,128.5,16.0,13.7,149
2025_06_06,2990,124.53145,590.0,473.7,12.3,10.6,105
2025_06_06,2990,124.53145,473.0,77.5,10.7,12.4,100
2025_06_06,2990,124.53145,540.0,438.9,12.6,9.9,99
2025_06_06,2990,124.53145,969.4,454.3,12.2,11.5,123
2025_06_06,2990,124.53145,1193.7,516.4,14.0,11.4,140
2025_06_06,2990,124.53145,840.6,237.4,11.5,12.3,102
2025_06_06,2990,124.53145,258.2,629.9,8.0,6.6,48
2025_06_06,2990,124.53145,284.2,714.4,10.1,8.8,70
2025_06_06,2991,124.57309,917.3,699.9,13.8,10.7,123
2025_06_06,2991,124.57309,1158.6,594.1,10.8,10.8,100
2025_06_06,2991,124.57309,221.0,5.5,11.9,10.9,97
2025_06_06,2991,124.57309,243.7,128.5,16.0,13.7,150
2025_06_06,2991,124.57309,539.9,439.0,12.7,9.8,100
2025_06_06,2991,124.57309,590.0,473.8,12.3,10.5,104
2025_06_06,2991,124.57309,472.9,77.8,10.6,11.7,96
2025_06_06,2991,124.57309,1193.7,516.4,14.0,11.4,140
2025_06_06,2991,124.57309,969.4,454.7,12.5,11.8,127
2025_06_06,2991,124.57309,840.4,237.2,12.4,13.0,106
2025_06_06,2991,124.57309,258.1,630.0,7.9,6.7,47
2025_06_06,2991,124.57309,284.1,714.4,10.2,8.7,70
2025_06_06,2992,124.61474,917.4,700.1,13.9,10.9,127
2025_06_06,2992,124.61474,1158.6,594.1,10.7,10.7,100
2025_06_06,2992,124.61474,221.0,5.6,11.8,11.2,97
2025_06_06,2992,124.61474,243.7,128.4,16.0,13.7,149
2025_06_06,2992,124.61474,590.3,474.1,12.2,10.3,102
2025_06_06,2992,124.61474,539.6,439.2,12.5,9.6,96
2025_06_06,2992,124.61474,473.1,78.1,10.6,11.6,96
2025_06_06,2992,124.61474,1193.0,516.2,14.2,11.0,141
2025_06_06,2992,124.61474,840.2,236.8,12.1,13.0,130
2025_06_06,2992,124.61474,284.1,714.4,10.1,8.8,70
2025_06_06,2992,124.61474,969.3,455.3,12.3,12.1,122
2025_06_06,2992,124.61474,257.8,630.1,8.1,6.7,46
2025_06_06,2993,124.65639,917.4,700.2,13.8,10.8,124
2025_06_06,2993,124.65639,1158.7,594.0,10.8,10.7,100
2025_06_06,2993,124.65639,243.5,128.4,16.0,13.6,150
2025_06_06,2993,124.65639,220.9,5.7,11.8,11.4,101
2025_06_06,2993,124.65639,590.2,474.2,12.4,10.3,104
2025_06_06,2993,124.65639,1192.9,516.1,14.3,11.1,141
2025_06_06,2993,124.65639,539.4,439.2,12.9,9.8,100
2025_06_06,2993,124.65639,472.9,78.2,10.5,11.5,98
2025_06_06,2993,124.65639,840.2,236.7,11.8,12.7,106
2025_06_06,2993,124.65639,284.1,714.6,10.2,8.8,67
2025_06_06,2993,124.65639,969.2,455.7,12.5,12.2,120
2025_06_06,2993,124.65639,257.7,630.1,8.1,6.6,46
2025_06_06,2994,124.69804,917.5,700.2,13.8,10.8,122
2025_06_06,2994,124.69804,1158.6,593.9,10.9,10.9,101
2025_06_06,2994,124.69804,243.4,128.3,16.0,13.4,149
2025_06_06,2994,124.69804,221.0,5.9,12.0,11.5,107
2025_06_06,2994,124.69804,590.1,474.2,12.6,10.4,106
2025_06_06,2994,124.69804,1192.5,516.1,14.1,11.0,137
2025_06_06,2994,124.69804,472.8,78.4,10.3,10.8,95
2025_06_06,2994,124.69804,539.3,439.1,13.1,9.8,105
2025_06_06,2994,124.69804,840.0,236.4,12.0,12.7,105
2025_06_06,2994,124.69804,283.9,714.7,10.2,8.9,66
2025_06_06,2994,124.69804,969.3,456.0,12.6,11.9,120
2025_06_06,2994,124.69804,257.5,630.2,8.1,6.5,49
2025_06_06,2995,124.73969,917.5,700.4,14.0,11.0,122
2025_06_06,2995,124.73969,243.4,128.3,15.7,13.6,151
2025_06_06,2995,124.73969,1158.5,593.8,11.2,10.8,101
2025_06_06,2995,124.73969,220.9,6.0,11.8,11.5,105
2025_06_06,2995,124.73969,1192.4,516.1,13.8,10.8,133
2025_06_06,2995,124.73969,590.4,474.5,12.7,10.5,108
2025_06_06,2995,124.73969,472.9,78.5,9.9,10.3,93
2025_06_06,2995,124.73969,539.3,439.2,13.0,10.2,104
2025_06_06,2995,124.73969,283.9,714.6,10.2,9.0,67
2025_06_06,2995,124.73969,839.8,236.4,12.0,13.1,108
2025_06_06,2995,124.73969,969.3,456.4,12.5,11.8,121
2025_06_06,2995,124.73969,257.4,630.3,8.3,6.6,50
2025_06_06,2996,124.78134,917.7,700.4,13.9,11.0,123
2025_06_06,2996,124.78134,243.6,128.3,15.8,14.0,152
2025_06_06,2996,124.78134,1158.5,593.7,11.2,10.6,101
2025_06_06,2996,124.78134,220.9,5.9,12.0,11.7,107
2025_06_06,2996,124.78134,1192.1,516.1,14.0,10.8,135
2025_06_06,2996,124.78134,472.9,78.5,10.3,11.1,99
2025_06_06,2996,124.78134,539.3,439.2,13.0,10.2,99
2025_06_06,2996,124.78134,590.6,474.9,12.4,10.4,105
2025_06_06,2996,124.78134,284.2,715.2,9.9,8.6,59
2025_06_06,2996,124.78134,840.0,236.2,11.9,12.8,107
2025_06_06,2996,124.78134,969.2,456.6,12.4,11.9,115
2025_06_06,2996,124.78134,257.0,630.4,8.7,6.7,54
2025_06_06,2997,124.82299,917.8,700.7,14.2,11.2,132
2025_06_06,2997,124.82299,220.9,5.9,12.0,11.7,111
2025_06_06,2997,124.82299,243.6,128.2,16.0,13.5,153
2025_06_06,2997,124.82299,1158.5,593.7,11.4,10.6,101
2025_06_06,2997,124.82299,473.0,78.5,10.5,11.1,98
2025_06_06,2997,124.82299,1191.9,516.2,14.0,11.0,133
2025_06_06,2997,124.82299,590.7,474.9,12.6,10.9,109
2025_06_06,2997,124.82299,539.1,439.5,13.3,10.6,115
2025_06_06,2997,124.82299,284.1,715.3,9.9,8.6,59
2025_06_06,2997,124.82299,840.0,236.4,11.8,13.1,104
2025_06_06,2997,124.82299,969.2,456.6,12.1,11.8,113
2025_06_06,2997,124.82299,256.9,630.5,8.8,6.9,55
2025_06_06,2998,124.86464,917.9,700.7,14.3,11.3,130
2025_06_06,2998,124.86464,243.5,128.3,16.0,13.5,152
2025_06_06,2998,124.86464,220.8,5.9,12.2,11.7,106
2025_06_06,2998,124.86464,1158.6,593.6,11.3,10.7,103
2025_06_06,2998,124.86464,473.0,78.6,10.2,11.4,101
2025_06_06,2998,124.86464,1191.8,516.2,13.8,10.9,133
2025_06_06,2998,124.86464,590.8,475.2,12.5,11.1,105
2025_06_06,2998,124.86464,538.8,439.6,12.5,10.4,101
2025_06_06,2998,124.86464,839.5,236.0,11.8,13.7,107
2025_06_06,2998,124.86464,284.1,715.2,10.0,8.5,59
2025_06_06,2998,124.86464,968.9,456.9,11.9,11.8,109
2025_06_06,2998,124.86464,256.8,630.6,9.1,7.1,57
2025_06_06,2999,124.90629,917.9,700.8,14.3,11.5,132
2025_06_06,2999,124.90629,220.7,6.2,12.5,11.9,110
2025_06_06,2999,124.90629,243.5,128.1,16.1,13.4,153
2025_06_06,2999,124.90629,1158.5,593.5,11.4,10.5,102
2025_06_06,2999,124.90629,473.0,78.8,10.6,11.5,102
2025_06_06,2999,124.90629,1191.7,516.1,14.1,11.1,133
2025_06_06,2999,124.90629,590.8,475.3,12.7,11.0,107
2025_06_06,2999,124.90629,538.7,439.5,12.7,10.2,101
2025_06_06,2999,124.90629,284.1,715.2,10.2,8.4,57
2025_06_06,2999,124.90629,839.5,235.5,12.1,13.9,108
2025_06_06,2999,124.90629,968.9,457.0,11.6,11.7,106
2025_06_06,2999,124.90629,256.4,630.5,9.5,7.1,60
2025_06_06,3000,124.94794,918.0,700.9,14.2,11.4,133
2025_06_06,3000,124.94794,1158.7,593.2,11.3,10.6,101
2025_06_06,3000,124.94794,220.5,6.4,12.6,12.3,113
2025_06_06,3000,124.94794,1191.5,515.9,14.4,11.6,141
2025_06_06,3000,124.94794,243.6,127.9,16.5,13.5,156
2025_06_06,3000,124.94794,473.4,79.4,10.5,11.0,92
2025_06_06,3000,124.94794,538.6,439.4,12.7,10.0,99
2025_06_06,3000,124.94794,839.3,235.1,12.2,14.1,111
2025_06_06,3000,124.94794,591.0,475.5,12.6,10.8,106
2025_06_06,3000,124.94794,284.2,715.3,10.2,8.3,73
2025_06_06,3000,124.94794,968.7,457.0,11.7,11.9,106
2025_06_06,3000,124.94794,256.4,630.6,9.5,7.1,57
2025_06_06,3001,124.98959,918.0,700.9,14.4,11.4,133
2025_06_06,3001,124.98959,1158.6,593.1,11.1,10.6,100
2025_06_06,3001,124.98959,1191.4,515.9,14.7,11.7,142
2025_06_06,3001,124.98959,220.4,6.4,12.0,12.2,103
2025_06_06,3001,124.98959,243.6,127.8,16.5,13.4,157
2025_06_06,3001,124.98959,838.8,234.9,12.4,14.2,113
2025_06_06,3001,124.98959,473.6,79.6,10.7,10.5,89
2025_06_06,3001,124.98959,590.9,475.6,12.6,10.4,106
2025_06_06,3001,124.98959,538.3,439.4,12.7,9.9,97
2025_06_06,3001,124.98959,284.4,715.2,10.4,8.0,60
2025_06_06,3001,124.98959,968.6,456.9,12.0,11.7,107
2025_06_06,3001,124.98959,255.7,630.7,9.1,6.5,55
2025_06_06,3002,125.03124,918.2,701.1,14.2,11.3,136
2025_06_06,3002,125.03124,243.8,127.8,16.6,13.5,159
2025_06_06,3002,125.03124,1191.4,515.9,14.7,11.7,143
2025_06_06,3002,125.03124,1158.6,592.9,11.1,10.7,99
2025_06_06,3002,125.03124,220.6,6.6,12.3,12.5,114
2025_06_06,3002,125.03124,838.6,235.2,12.3,14.5,111
2025_06_06,3002,125.03124,473.8,79.7,11.2,10.8,93
2025_06_06,3002,125.03124,591.1,475.7,12.9,10.6,107
2025_06_06,3002,125.03124,537.9,439.5,12.5,9.8,99
2025_06_06,3002,125.03124,284.4,715.2,10.3,8.2,60
2025_06_06,3002,125.03124,968.6,457.1,11.8,11.8,130
2025_06_06,3002,125.03124,255.5,630.8,8.7,6.6,54
2025_06_06,3003,125.07289,1191.2,515.8,14.7,11.8,139
2025_06_06,3003,125.07289,1158.6,593.0,11.1,10.6,98
2025_06_06,3003,125.07289,918.3,701.2,14.4,11.5,138
2025_06_06,3003,125.07289,243.7,127.7,16.6,13.2,158
2025_06_06,3003,125.07289,838.4,234.9,12.3,14.4,113
2025_06_06,3003,125.07289,220.6,6.8,12.1,12.7,119
2025_06_06,3003,125.07289,473.4,79.4,10.8,10.7,97
2025_06_06,3003,125.07289,591.1,475.7,13.0,10.6,107
2025_06_06,3003,125.07289,968.6,457.3,12.0,12.1,113
2025_06_06,3003,125.07289,537.6,439.4,12.0,9.5,97
2025_06_06,3003,125.07289,254.6,631.0,8.0,6.3,51
2025_06_06,3003,125.07289,284.3,714.8,10.3,8.4,64
2025_06_06,3004,125.11454,918.4,701.2,14.3,11.4,136
2025_06_06,3004,125.11454,1191.1,515.9,14.4,11.6,137
2025_06_06,3004,125.11454,243.8,127.6,16.9,13.4,154
2025_06_06,3004,125.11454,838.0,234.2,11.9,13.3,107
2025_06_06,3004,125.11454,1158.7,592.7,11.0,10.6,99
2025_06_06,3004,125.11454,220.8,6.9,12.3,12.7,122
2025_06_06,3004,125.11454,473.7,79.8,11.5,10.9,103
2025_06_06,3004,125.11454,591.4,475.6,13.0,11.0,108
2025_06_06,3004,125.11454,968.7,457.4,11.9,12.0,115
2025_06_06,3004,125.11454,537.6,439.6,12.4,9.7,101
2025_06_06,3004,125.11454,254.7,631.0,8.1,6.3,51
2025_06_06,3004,125.11454,284.4,715.0,10.3,8.3,60
2025_06_06,3005,125.15618,1191.0,515.6,14.3,11.6,140
2025_06_06,3005,125.15618,918.5,701.4,14.1,11.3,132
2025_06_06,3005,125.15618,243.9,127.2,17.6,14.0,165
2025_06_06,3005,125.15618,838.0,234.4,11.7,13.1,102
2025_06_06,3005,125.15618,1158.6,592.5,11.0,10.8,100
2025_06_06,3005,125.15618,473.4,79.6,11.5,11.7,103
2025_06_06,3005,125.15618,591.9,476.1,13.1,11.1,109
2025_06_06,3005,125.15618,220.9,7.1,12.6,12.7,128
2025_06_06,3005,125.15618,968.7,457.5,12.0,12.0,115
2025_06_06,3005,125.15618,537.6,439.4,12.8,9.5,101
2025_06_06,3005,125.15618,254.6,631.0,8.1,6.4,53
2025_06_06,3005,125.15618,284.3,715.0,10.4,8.4,60
2025_06_06,3006,125.19783,1190.8,515.5,14.4,11.7,141
2025_06_06,3006,125.19783,918.6,701.5,14.4,11.4,137
2025_06_06,3006,125.19783,244.3,127.1,17.3,14.0,163
2025_06_06,3006,125.19783,837.9,234.3,11.6,13.0,110
2025_06_06,3006,125.19783,1158.6,592.5,10.9,10.7,100
2025_06_06,3006,125.19783,473.4,79.9,11.4,11.6,108
2025_06_06,3006,125.19783,592.1,476.4,12.5,10.8,105
2025_06_06,3006,125.19783,221.1,7.5,13.0,12.9,130
2025_06_06,3006,125.19783,968.8,457.5,12.1,12.3,111
2025_06_06,3006,125.19783,254.5,631.0,8.2,6.5,53
2025_06_06,3006,125.19783,537.5,439.5,13.0,9.8,105
2025_06_06,3006,125.19783,284.3,715.1,10.4,8.5,62
2025_06_06,3007,125.23948,1190.8,515.5,14.5,11.8,143
2025_06_06,3007,125.23948,243.9,127.1,17.5,14.1,164
2025_06_06,3007,125.23948,918.7,701.6,14.2,11.3,135
2025_06_06,3007,125.23948,1158.7,592.6,10.9,10.6,102
2025_06_06,3007,125.23948,473.3,80.1,11.0,11.6,108
2025_06_06,3007,125.23948,592.6,477.2,12.0,10.0,101
2025_06_06,3007,125.23948,837.9,234.3,11.6,13.0,108
2025_06_06,3007,125.23948,221.0,7.7,12.9,13.0,133
2025_06_06,3007,125.23948,968.7,457.7,11.8,12.1,110
2025_06_06,3007,125.23948,254.3,631.1,8.3,6.5,53
2025_06_06,3007,125.23948,537.3,439.5,12.5,9.1,103
2025_06_06,3007,125.23948,284.0,715.2,10.0,8.3,58
2025_06_06,3008,125.28113,1190.7,515.5,14.5,11.6,145
2025_06_06,3008,125.28113,919.0,701.5,14.4,11.5,135
2025_06_06,3008,125.28113,243.6,126.9,16.9,13.8,160
2025_06_06,3008,125.28113,837.8,234.0,11.3,12.6,104
2025_06_06,3008,125.28113,592.5,477.0,12.3,10.5,102
2025_06_06,3008,125.28113,1158.7,592.4,10.9,10.6,101
2025_06_06,3008,125.28113,473.6,80.0,11.3,11.3,108
2025_06_06,3008,125.28113,221.0,7.8,13.1,12.8,135
2025_06_06,3008,125.28113,254.0,631.2,8.7,6.7,51
2025_06_06,3008,125.28113,968.7,457.7,12.1,12.2,110
2025_06_06,3008,125.28113,283.7,715.4,9.8,8.0,52
2025_06_06,3008,125.28113,537.0,439.5,12.7,9.3,99
2025_06_06,3009,125.32278,1190.7,515.5,14.4,11.6,145
2025_06_06,3009,125.32278,919.0,701.6,14.5,11.4,135
2025_06_06,3009,125.32278,243.5,126.9,17.0,13.7,161
2025_06_06,3009,125.32278,837.7,233.8,11.0,12.2,103
2025_06_06,3009,125.32278,593.0,477.1,11.8,10.2,97
2025_06_06,3009,125.32278,221.0,8.0,13.0,12.7,136
2025_06_06,3009,125.32278,1158.4,592.2,10.8,10.3,100
2025_06_06,3009,125.32278,473.8,80.1,11.1,10.9,109
2025_06_06,3009,125.32278,968.6,458.0,12.1,12.1,109
2025_06_06,3009,125.32278,253.8,631.3,8.9,6.6,52
2025_06_06,3009,125.32278,283.6,715.5,10.0,7.9,51
2025_06_06,3009,125.32278,536.0,439.5,12.3,8.9,95
2025_06_06,3010,125.36443,1190.6,515.4,14.3,11.5,139
2025_06_06,3010,125.36443,243.6,127.0,16.8,13.6,162
2025_06_06,3010,125.36443,919.2,701.8,14.4,11.4,138
2025_06_06,3010,125.36443,837.5,233.6,11.2,12.4,108
2025_06_06,3010,125.36443,221.2,8.3,12.9,13.0,135
2025_06_06,3010,125.36443,592.8,477.3,11.6,10.1,96
2025_06_06,3010,125.36443,1158.4,592.2,10.9,10.4,99
2025_06_06,3010,125.36443,473.7,80.1,11.2,11.1,109
2025_06_06,3010,125.36443,968.6,458.5,11.9,12.2,109
2025_06_06,3010,125.36443,283.5,715.5,9.5,7.8,49
2025_06_06,3010,125.36443,253.0,631.2,7.5,6.5,42
2025_06_06,3010,125.36443,535.5,439.5,12.2,9.2,101
2025_06_06,3010,125.36443,253.0,632.4,7.6,7.2,44
2025_06_06,3011,125.40608,1190.4,515.4,14.1,11.5,138
2025_06_06,3011,125.40608,919.2,701.9,14.5,11.3,136
2025_06_06,3011,125.40608,221.1,8.6,12.7,13.0,131
2025_06_06,3011,125.40608,837.5,233.3,11.3,12.4,112
2025_06_06,3011,125.40608,592.9,477.2,12.1,10.5,104
2025_06_06,3011,125.40608,243.8,127.0,16.4,13.5,159
2025_06_06,3011,125.40608,1158.4,592.2,10.6,10.6,100
2025_06_06,3011,125.40608,473.7,80.5,11.1,11.0,111
2025_06_06,3011,125.40608,968.5,458.5,12.2,12.5,112
2025_06_06,3011,125.40608,283.5,715.5,9.5,7.8,50
2025_06_06,3011,125.40608,535.6,439.7,12.5,9.6,102
2025_06_06,3011,125.40608,252.8,631.3,7.3,6.5,40
2025_06_06,3011,125.40608,252.9,632.4,7.4,7.1,41
2025_06_06,3012,125.44773,1190.0,515.3,14.3,11.4,137
2025_06_06,3012,125.44773,592.6,477.6,12.3,10.7,102
2025_06_06,3012,125.44773,919.5,702.1,14.2,11.0,131
2025_06_06,3012,125.44773,221.0,8.8,12.9,13.2,132
2025_06_06,3012,125.44773,837.6,233.2,11.7,12.5,106
2025_06_06,3012,125.44773,474.3,81.1,11.2,10.3,97
2025_06_06,3012,125.44773,1158.6,592.1,11.0,10.8,101
2025_06_06,3012,125.44773,244.3,126.5,17.3,14.2,162
2025_06_06,3012,125.44773,535.2,439.7,12.2,9.9,95
2025_06_06,3012,125.44773,968.2,459.4,11.8,12.1,107
2025_06_06,3012,125.44773,252.4,631.5,7.4,6.9,41
2025_06_06,3013,125.48938,1190.0,515.4,14.3,11.2,135
2025_06_06,3013,125.48938,221.1,9.3,13.4,13.8,142
2025_06_06,3013,125.48938,592.7,477.6,12.0,10.8,100
2025_06_06,3013,125.48938,919.6,702.2,14.2,11.0,131
2025_06_06,3013,125.48938,474.1,81.3,11.1,10.6,103
2025_06_06,3013,125.48938,837.5,233.1,11.8,12.4,110
2025_06_06,3013,125.48938,1158.6,592.0,11.0,10.5,100
2025_06_06,3013,125.48938,244.5,126.4,17.3,14.4,171
2025_06_06,3013,125.48938,535.0,439.8,12.0,10.0,95
2025_06_06,3013,125.48938,968.3,459.7,11.2,11.7,106
2025_06_06,3013,125.48938,252.6,631.4,7.6,6.8,39
2025_06_06,3014,125.53103,1189.9,515.4,14.3,11.3,137
2025_06_06,3014,125.53103,919.7,702.3,14.3,10.8,131
2025_06_06,3014,125.53103,221.1,9.9,13.5,13.7,151
2025_06_06,3014,125.53103,592.8,477.8,12.0,10.6,103
2025_06_06,3014,125.53103,837.5,233.0,11.6,12.5,109
2025_06_06,3014,125.53103,473.8,81.4,10.9,10.8,104
2025_06_06,3014,125.53103,1158.6,591.7,10.9,10.6,102
2025_06_06,3014,125.53103,244.5,126.2,16.6,14.2,163
2025_06_06,3014,125.53103,534.9,439.8,12.0,10.0,98
2025_06_06,3014,125.53103,967.8,459.8,11.2,11.3,101
2025_06_06,3014,125.53103,252.4,631.5,7.7,7.1,44
2025_06_06,3015,125.57268,1189.7,515.4,14.3,11.4,138
2025_06_06,3015,125.57268,221.1,9.9,13.6,13.6,141
2025_06_06,3015,125.57268,592.8,477.8,12.3,10.7,107
2025_06_06,3015,125.57268,919.7,702.2,14.4,10.9,129
2025_06_06,3015,125.57268,473.9,81.8,10.5,10.5,99
2025_06_06,3015,125.57268,837.1,232.8,12.2,12.9,116
2025_06_06,3015,125.57268,1158.5,591.7,10.9,10.6,103
2025_06_06,3015,125.57268,244.4,126.1,16.5,14.2,164
2025_06_06,3015,125.57268,534.8,440.2,12.6,10.6,104
2025_06_06,3015,125.57268,967.7,459.6,11.1,11.3,100
2025_06_06,3015,125.57268,252.3,632.5,7.8,6.9,42
2025_06_06,3016,125.61433,1189.5,515.5,14.3,11.3,138
2025_06_06,3016,125.61433,221.3,10.3,13.3,13.3,126
2025_06_06,3016,125.61433,592.8,478.0,12.0,10.5,104
2025_06_06,3016,125.61433,919.7,702.2,14.4,11.0,130
2025_06_06,3016,125.61433,474.2,82.0,10.9,10.7,100
2025_06_06,3016,125.61433,1158.5,591.6,10.9,10.6,102
2025_06_06,3016,125.61433,837.2,233.4,12.2,13.8,120
2025_06_06,3016,125.61433,967.5,459.6,11.2,11.5,106
2025_06_06,3016,125.61433,244.3,125.9,16.1,14.1,163
2025_06_06,3016,125.61433,252.0,632.7,7.9,6.7,41
2025_06_06,3016,125.61433,534.6,439.8,12.4,10.0,104
2025_06_06,3017,125.65598,1189.3,515.5,14.0,11.1,138
2025_06_06,3017,125.65598,221.0,10.4,13.1,13.2,129
2025_06_06,3017,125.65598,919.9,702.2,14.6,11.0,133
2025_06_06,3017,125.65598,593.0,478.0,12.4,10.8,107
2025_06_06,3017,125.65598,474.6,82.4,10.8,10.5,96
2025_06_06,3017,125.65598,1158.5,591.6,10.9,10.7,102
2025_06_06,3017,125.65598,836.7,233.2,12.3,13.5,129
2025_06_06,3017,125.65598,244.4,125.7,15.8,14.1,164
2025_06_06,3017,125.65598,251.9,632.7,8.3,6.8,42
2025_06_06,3017,125.65598,967.3,460.0,11.2,11.3,103
2025_06_06,3017,125.65598,534.4,439.7,12.5,9.9,103
2025_06_06,3018,125.69763,1189.1,515.4,14.1,11.3,143
2025_06_06,3018,125.69763,220.9,10.7,13.1,13.3,124
2025_06_06,3018,125.69763,593.2,477.9,12.0,10.8,105
2025_06_06,3018,125.69763,920.1,702.2,14.7,11.2,133
2025_06_06,3018,125.69763,1158.5,591.5,10.9,10.9,102
2025_06_06,3018,125.69763,244.7,125.5,16.0,14.4,164
2025_06_06,3018,125.69763,474.5,82.1,10.9,10.6,97
2025_06_06,3018,125.69763,836.6,232.6,12.3,12.8,125
2025_06_06,3018,125.69763,967.3,460.2,11.2,11.2,103
2025_06_06,3018,125.69763,251.7,632.7,8.4,6.8,43
2025_06_06,3018,125.69763,534.4,439.7,12.4,10.0,102
2025_06_06,3019,125.73928,1189.0,515.5,14.1,11.1,142
2025_06_06,3019,125.73928,593.4,478.1,11.7,10.6,95
2025_06_06,3019,125.73928,221.0,10.7,13.4,13.1,122
2025_06_06,3019,125.73928,920.0,702.2,14.8,11.2,134
2025_06_06,3019,125.73928,1158.5,591.4,10.9,10.8,122
2025_06_06,3019,125.73928,474.6,82.0,11.3,10.9,100
2025_06_06,3019,125.73928,244.8,125.4,16.1,14.5,167
2025_06_06,3019,125.73928,836.3,232.7,12.9,13.1,129
2025_06_06,3019,125.73928,251.1,632.9,8.3,6.5,46
2025_06_06,3019,125.73928,967.3,460.4,11.4,11.4,105
2025_06_06,3019,125.73928,534.2,440.1,12.6,10.8,105
2025_06_06,3020,125.78092,1188.7,515.4,14.2,11.1,141
2025_06_06,3020,125.78092,220.9,11.0,13.1,13.6,128
2025_06_06,3020,125.78092,244.7,125.3,16.0,14.1,161
2025_06_06,3020,125.78092,593.4,478.1,11.8,10.7,98
2025_06_06,3020,125.78092,920.1,702.3,14.4,11.0,131
2025_06_06,3020,125.78092,474.4,82.3,11.3,11.1,104
2025_06_06,3020,125.78092,1158.5,591.3,11.0,10.8,123
2025_06_06,3020,125.78092,835.9,232.8,12.9,13.4,129
2025_06_06,3020,125.78092,251.1,632.9,8.3,6.5,46
2025_06_06,3020,125.78092,967.0,460.4,11.3,11.6,106
2025_06_06,3020,125.78092,534.1,440.2,12.7,10.6,105
2025_06_06,3021,125.82257,1188.7,515.2,14.1,11.1,137
2025_06_06,3021,125.82257,244.6,125.5,16.1,13.7,159
2025_06_06,3021,125.82257,593.5,478.4,11.8,10.7,103
2025_06_06,3021,125.82257,220.8,11.1,13.1,14.1,129
2025_06_06,3021,125.82257,920.2,702.3,14.5,10.9,126
2025_06_06,3021,125.82257,1158.5,591.3,11.2,10.8,99
2025_06_06,3021,125.82257,474.7,82.7,11.0,11.2,107
2025_06_06,3021,125.82257,836.0,232.3,12.7,12.9,123
2025_06_06,3021,125.82257,250.9,632.9,7.9,6.5,43
2025_06_06,3021,125.82257,967.3,460.7,11.7,11.5,111
2025_06_06,3021,125.82257,533.7,440.3,12.4,10.4,103
2025_06_06,3022,125.86422,1188.2,515.2,14.5,11.6,137
2025_06_06,3022,125.86422,244.6,125.4,15.8,13.9,158
2025_06_06,3022,125.86422,220.8,11.4,13.2,14.1,135
2025_06_06,3022,125.86422,920.2,702.3,14.6,10.9,129
2025_06_06,3022,125.86422,593.6,478.6,12.0,10.4,102
2025_06_06,3022,125.86422,1158.5,591.1,11.1,10.9,101
2025_06_06,3022,125.86422,474.5,82.9,10.8,11.1,104
2025_06_06,3022,125.86422,250.9,632.9,8.1,6.6,46
2025_06_06,3022,125.86422,836.2,231.5,11.5,12.3,106
2025_06_06,3022,125.86422,966.8,461.1,11.8,11.1,107
2025_06_06,3022,125.86422,533.6,440.3,12.6,10.3,106
2025_06_06,3023,125.90587,1188.1,515.1,14.4,11.3,133
2025_06_06,3023,125.90587,244.8,125.3,16.1,13.8,161
2025_06_06,3023,125.90587,220.8,11.7,13.0,13.7,134
2025_06_06,3023,125.90587,593.6,478.7,12.1,10.5,102
2025_06_06,3023,125.90587,920.3,702.5,14.6,11.1,132
2025_06_06,3023,125.90587,474.5,83.2,10.9,10.7,103
2025_06_06,3023,125.90587,1158.3,591.0,11.1,11.2,104
2025_06_06,3023,125.90587,250.5,633.1,8.0,6.7,44
2025_06_06,3023,125.90587,836.0,231.6,12.4,12.4,111
2025_06_06,3023,125.90587,966.5,461.6,11.8,11.4,106
2025_06_06,3023,125.90587,533.4,440.3,12.6,10.4,106
2025_06_06,3024,125.94752,1188.1,515.1,14.3,11.4,130
2025_06_06,3024,125.94752,244.8,125.3,16.4,13.9,159
2025_06_06,3024,125.94752,220.6,12.2,13.0,13.7,122
2025_06_06,3024,125.94752,920.5,702.4,14.9,11.0,134
2025_06_06,3024,125.94752,593.8,478.8,12.5,10.6,102
2025_06_06,3024,125.94752,474.6,83.7,10.5,10.0,99
2025_06_06,3024,125.94752,1158.3,591.0,11.1,11.2,105
2025_06_06,3024,125.94752,250.5,633.1,8.0,6.6,45
2025_06_06,3024,125.94752,835.5,230.9,11.3,11.9,103
2025_06_06,3024,125.94752,966.4,461.9,11.7,11.2,105
2025_06_06,3024,125.94752,533.4,440.3,12.5,10.1,106
2025_06_06,3025,125.98917,1187.7,515.2,14.6,11.6,135
2025_06_06,3025,125.98917,920.5,702.5,14.6,11.2,133
2025_06_06,3025,125.98917,220.7,12.3,13.1,13.8,124
2025_06_06,3025,125.98917,244.8,125.4,16.4,13.3,158
2025_06_06,3025,125.98917,594.0,478.9,12.6,10.7,105
2025_06_06,3025,125.98917,474.9,84.0,10.1,10.0,96
2025_06_06,3025,125.98917,1158.3,591.0,11.0,11.2,105
2025_06_06,3025,125.98917,250.4,633.1,7.9,6.7,48
2025_06_06,3025,125.98917,966.6,462.2,11.9,11.1,107
2025_06_06,3025,125.98917,533.1,440.3,12.4,10.4,99
2025_06_06,3025,125.98917,835.6,230.9,11.2,11.9,106
2025_06_06,3026,126.03082,1187.4,515.3,14.6,11.6,136
2025_06_06,3026,126.03082,920.6,702.7,14.4,11.0,130
2025_06_06,3026,126.03082,244.7,125.4,16.1,13.1,161
2025_06_06,3026,126.03082,220.8,12.5,12.7,13.6,124
2025_06_06,3026,126.03082,1158.3,590.9,11.2,11.0,108
2025_06_06,3026,126.03082,594.3,479.2,12.8,10.8,107
2025_06_06,3026,126.03082,474.6,83.8,10.6,10.0,99
2025_06_06,3026,126.03082,250.1,633.1,8.2,6.8,45
2025_06_06,3026,126.03082,533.1,440.3,12.6,10.4,101
2025_06_06,3026,126.03082,966.9,462.1,11.9,12.0,108
2025_06_06,3026,126.03082,835.4,230.5,11.2,11.8,107
2025_06_06,3027,126.07247,244.6,125.4,16.1,13.1,162
2025_06_06,3027,126.07247,920.6,702.7,14.6,11.0,133
2025_06_06,3027,126.07247,474.7,84.0,11.1,10.8,105
2025_06_06,3027,126.07247,1187.0,515.1,14.4,11.5,135
2025_06_06,3027,126.07247,220.9,12.8,13.0,14.0,132
2025_06_06,3027,126.07247,1158.3,590.9,11.1,11.0,109
2025_06_06,3027,126.07247,250.0,633.1,8.2,6.6,45
2025_06_06,3027,126.07247,594.3,479.4,12.7,10.9,108
2025_06_06,3027,126.07247,533.0,440.4,12.7,10.6,102
2025_06_06,3027,126.07247,835.3,230.6,11.6,12.2,112
2025_06_06,3027,126.07247,967.0,462.1,12.2,12.2,111
2025_06_06,3028,126.11412,920.9,703.0,14.1,10.7,127
2025_06_06,3028,126.11412,244.6,125.2,16.5,13.3,165
2025_06_06,3028,126.11412,475.0,83.9,12.1,11.8,117
2025_06_06,3028,126.11412,220.9,13.1,12.5,13.3,123
2025_06_06,3028,126.11412,1158.2,590.8,11.1,11.2,111
2025_06_06,3028,126.11412,1187.0,515.2,14.3,11.5,135
2025_06_06,3028,126.11412,250.0,633.2,8.2,6.5,44
2025_06_06,3028,126.11412,594.6,479.6,12.3,10.7,105
2025_06_06,3028,126.11412,835.2,230.7,11.8,12.4,114
2025_06_06,3028,126.11412,533.0,440.4,12.8,10.7,105
2025_06_06,3028,126.11412,966.4,462.5,11.6,11.3,106
2025_06_06,3029,126.15577,920.9,703.0,14.3,10.8,130
2025_06_06,3029,126.15577,244.8,125.4,16.4,13.1,159
2025_06_06,3029,126.15577,221.0,13.4,12.7,13.5,129
2025_06_06,3029,126.15577,1158.1,590.7,11.2,11.1,111
2025_06_06,3029,126.15577,1186.7,515.1,14.2,11.4,137
2025_06_06,3029,126.15577,474.7,84.0,11.9,11.4,119
2025_06_06,3029,126.15577,594.6,479.8,12.4,10.7,105
2025_06_06,3029,126.15577,249.9,633.3,8.4,6.5,46
2025_06_06,3029,126.15577,835.1,230.2,11.9,12.9,117
2025_06_06,3029,126.15577,532.8,440.5,12.6,10.5,99
2025_06_06,3029,126.15577,966.7,462.6,12.4,12.5,112
2025_06_06,3030,126.19742,921.0,703.1,14.1,10.7,128
2025_06_06,3030,126.19742,245.1,125.2,16.6,13.4,169
2025_06_06,3030,126.19742,221.2,13.3,12.6,13.4,130
2025_06_06,3030,126.19742,1158.2,590.6,11.1,11.1,110
2025_06_06,3030,126.19742,474.5,83.9,11.9,11.2,141
2025_06_06,3030,126.19742,594.7,479.7,12.6,10.6,108
2025_06_06,3030,126.19742,1186.6,515.1,14.4,11.5,140
2025_06_06,3030,126.19742,834.9,230.0,11.8,12.3,118
2025_06_06,3030,126.19742,249.4,633.3,7.9,6.4,44
2025_06_06,3030,126.19742,532.7,440.5,12.7,10.5,99
2025_06_06,3030,126.19742,966.9,462.8,12.3,12.3,112
2025_06_06,3031,126.23907,921.2,703.2,14.0,10.6,127
2025_06_06,3031,126.23907,1158.2,590.6,11.0,11.3,111
2025_06_06,3031,126.23907,245.2,124.8,16.8,13.7,168
2025_06_06,3031,126.23907,1186.5,515.0,14.1,11.2,136
2025_06_06,3031,126.23907,221.0,13.5,12.5,13.5,131
2025_06_06,3031,126.23907,474.5,84.0,12.0,11.8,117
2025_06_06,3031,126.23907,834.9,230.1,11.5,12.4,116
2025_06_06,3031,126.23907,594.9,479.9,12.6,10.4,106
2025_06_06,3031,126.23907,249.3,633.4,8.0,6.6,46
2025_06_06,3031,126.23907,532.6,440.3,13.2,10.6,104
2025_06_06,3031,126.23907,967.1,462.8,12.1,12.5,111
2025_06_06,3032,126.28072,921.3,703.3,14.0,10.6,128
2025_06_06,3032,126.28072,1186.5,514.9,14.1,11.2,134
2025_06_06,3032,126.28072,474.9,83.8,11.7,12.5,118
2025_06_06,3032,126.28072,245.2,124.6,16.8,13.8,170
2025_06_06,3032,126.28072,1158.3,590.5,11.0,11.4,113
2025_06_06,3032,126.28072,221.1,13.9,12.8,13.4,123
2025_06_06,3032,126.28072,834.9,230.1,11.6,12.3,114
2025_06_06,3032,126.28072,595.0,480.1,12.7,10.6,107
2025_06_06,3032,126.28072,249.2,633.5,8.3,6.7,47
2025_06_06,3032,126.28072,967.0,463.1,12.1,12.1,110
2025_06_06,3032,126.28072,532.5,440.5,13.1,11.1,103
2025_06_06,3033,126.32237,1186.5,514.8,14.1,11.3,136
2025_06_06,3033,126.32237,245.4,124.5,16.9,14.5,177
2025_06_06,3033,126.32237,921.6,703.5,14.2,10.7,134
2025_06_06,3033,126.32237,1158.4,590.4,10.8,11.3,112
2025_06_06,3033,126.32237,475.0,84.4,11.9,12.4,121
2025_06_06,3033,126.32237,221.2,14.3,12.7,13.6,128
2025_06_06,3033,126.32237,834.7,230.1,11.7,12.7,118
2025_06_06,3033,126.32237,595.2,480.3,12.6,10.8,109
2025_06_06,3033,126.32237,249.1,633.5,8.4,6.9,48
2025_06_06,3033,126.32237,532.0,440.7,12.9,11.2,103
2025_06_06,3033,126.32237,966.9,463.2,12.4,12.0,113
2025_06_06,3034,126.36401,1186.2,514.8,14.2,11.3,137
2025_06_06,3034,126.36401,245.1,124.7,16.6,13.8,173
2025_06_06,3034,126.36401,1158.4,590.4,10.7,11.2,112
2025_06_06,3034,126.36401,921.6,703.5,14.3,10.7,132
2025_06_06,3034,126.36401,475.0,84.5,11.7,12.1,115
2025_06_06,3034,126.36401,221.2,14.5,13.1,13.3,125
2025_06_06,3034,126.36401,834.4,229.6,11.4,12.7,116
2025_06_06,3034,126.36401,595.1,480.4,12.6,11.0,110
2025_06_06,3034,126.36401,531.8,440.8,12.5,10.9,101
2025_06_06,3034,126.36401,248.9,633.6,9.0,7.2,50
2025_06_06,3034,126.36401,966.7,463.3,12.1,11.6,111
2025_06_06,3035,126.40566,1186.0,514.8,14.1,11.3,138
2025_06_06,3035,126.40566,475.1,84.8,11.2,11.5,110
2025_06_06,3035,126.40566,245.1,124.5,16.6,14.0,173
2025_06_06,3035,126.40566,1158.4,590.1,10.7,11.1,107
2025_06_06,3035,126.40566,921.8,703.5,14.1,10.7,124
2025_06_06,3035,126.40566,834.2,229.5,11.7,13.0,149
2025_06_06,3035,126.40566,531.7,440.8,12.3,10.4,97
2025_06_06,3035,126.40566,221.2,15.1,13.3,13.9,133
2025_06_06,3035,126.40566,595.3,480.5,12.6,11.1,105
2025_06_06,3035,126.40566,966.6,463.0,11.8,11.6,108
2025_06_06,3035,126.40566,248.6,633.8,8.8,7.1,51
2025_06_06,3036,126.44731,1186.1,514.8,14.0,11.4,138
2025_06_06,3036,126.44731,922.1,703.6,13.9,10.6,126
2025_06_06,3036,126.44731,475.2,84.8,10.9,11.0,102
2025_06_06,3036,126.44731,245.1,124.5,16.6,13.8,170
2025_06_06,3036,126.44731,1158.4,590.1,10.6,11.1,105
2025_06_06,3036,126.44731,531.6,440.9,12.2,10.3,96
2025_06_06,3036,126.44731,834.1,229.4,11.8,13.1,121
2025_06_06,3036,126.44731,221.4,15.7,13.7,14.0,145
2025_06_06,3036,126.44731,595.5,480.8,12.2,10.9,103
2025_06_06,3036,126.44731,966.3,463.1,12.2,11.0,109
2025_06_06,3036,126.44731,248.6,633.7,8.8,7.0,52
2025_06_06,3037,126.48896,922.0,703.7,13.9,10.5,127
2025_06_06,3037,126.48896,245.1,124.3,16.3,13.9,165
2025_06_06,3037,126.48896,475.7,85.4,9.7,10.5,90
2025_06_06,3037,126.48896,1186.0,514.8,14.0,11.5,136
2025_06_06,3037,126.48896,1158.4,590.1,10.6,11.2,106
2025_06_06,3037,126.48896,531.2,440.9,11.8,10.0,95
2025_06_06,3037,126.48896,221.3,16.0,13.9,14.0,147
2025_06_06,3037,126.48896,834.1,229.4,12.3,13.3,128
2025_06_06,3037,126.48896,595.9,481.0,11.8,10.7,97
2025_06_06,3037,126.48896,966.2,463.2,12.3,11.0,109
2025_06_06,3037,126.48896,248.1,634.0,8.6,6.8,53
2025_06_06,3038,126.53061,922.1,703.7,14.1,10.4,125
2025_06_06,3038,126.53061,245.2,124.2,16.4,13.9,163
2025_06_06,3038,126.53061,475.7,85.4,9.8,10.8,92
2025_06_06,3038,126.53061,1186.0,514.7,14.0,11.5,138
2025_06_06,3038,126.53061,1158.6,589.9,10.6,11.3,108
2025_06_06,3038,126.53061,531.1,440.8,12.0,9.9,98
2025_06_06,3038,126.53061,221.2,16.1,14.0,14.4,150
2025_06_06,3038,126.53061,833.8,229.1,12.4,13.4,134
2025_06_06,3038,126.53061,596.0,481.2,12.0,10.5,98
2025_06_06,3038,126.53061,966.2,463.6,12.4,11.3,112
2025_06_06,3038,126.53061,248.0,633.9,8.4,6.5,52
2025_06_06,3039,126.57226,245.2,123.9,16.1,14.2,163
2025_06_06,3039,126.57226,922.2,703.8,13.7,10.4,126
2025_06_06,3039,126.57226,596.0,481.5,12.3,10.9,105
2025_06_06,3039,126.57226,475.8,85.6,10.4,11.3,94
2025_06_06,3039,126.57226,1158.6,589.7,10.5,11.2,108
2025_06_06,3039,126.57226,1185.8,514.7,14.1,11.5,139
2025_06_06,3039,126.57226,221.1,16.1,13.4,14.2,145
2025_06_06,3039,126.57226,530.9,440.8,12.1,9.8,100
2025_06_06,3039,126.57226,966.5,463.8,12.2,11.3,112
2025_06_06,3039,126.57226,833.8,229.0,12.2,13.2,127
2025_06_06,3039,126.57226,247.1,634.0,8.4,6.4,50
2025_06_06,3040,126.61391,922.3,703.9,13.9,10.4,128
2025_06_06,3040,126.61391,596.0,481.4,12.3,10.9,105
2025_06_06,3040,126.61391,245.3,123.9,15.6,13.9,164
2025_06_06,3040,126.61391,476.0,86.0,10.6,11.0,98
2025_06_06,3040,126.61391,1158.6,589.7,10.5,11.1,109
2025_06_06,3040,126.61391,221.1,16.5,13.0,13.5,132
2025_06_06,3040,126.61391,1185.8,514.7,14.1,11.4,138
2025_06_06,3040,126.61391,530.6,440.8,12.1,9.6,98
2025_06_06,3040,126.61391,966.3,464.3,11.7,11.4,112
2025_06_06,3040,126.61391,833.8,228.8,12.4,13.2,130
2025_06_06,3040,126.61391,247.0,634.0,8.5,6.7,52
2025_06_06,3041,126.65556,922.7,704.1,13.7,9.8,116
2025_06_06,3041,126.65556,221.1,16.9,13.3,13.6,125
2025_06_06,3041,126.65556,245.1,123.8,15.8,14.3,171
2025_06_06,3041,126.65556,1158.6,589.5,10.4,10.8,100
2025_06_06,3041,126.65556,596.5,482.2,12.3,10.6,101
2025_06_06,3041,126.65556,476.1,86.2,10.9,11.3,96
2025_06_06,3041,126.65556,1185.6,514.9,14.2,11.7,141
2025_06_06,3041,126.65556,530.6,441.0,12.2,9.9,100
2025_06_06,3041,126.65556,834.0,229.1,12.3,13.2,124
2025_06_06,3041,126.65556,966.3,464.3,11.9,11.4,111
2025_06_06,3041,126.65556,246.8,634.1,8.4,6.7,46
2025_06_06,3042,126.69721,922.7,704.2,13.9,10.0,121
2025_06_06,3042,126.69721,221.2,17.0,13.1,13.4,123
2025_06_06,3042,126.69721,245.2,123.7,16.0,14.1,173
2025_06_06,3042,126.69721,596.5,482.3,12.0,10.2,96
2025_06_06,3042,126.69721,1158.7,589.3,10.4,10.6,99
2025_06_06,3042,126.69721,476.1,86.3,11.4,11.2,102
2025_06_06,3042,126.69721,1185.3,514.8,14.4,11.8,138
2025_06_06,3042,126.69721,530.3,440.8,12.1,9.7,100
2025_06_06,3042,126.69721,833.9,229.1,11.9,13.2,121
2025_06_06,3042,126.69721,966.3,464.4,11.2,11.1,109
2025_06_06,3042,126.69721,246.9,634.3,8.3,6.6,67
2025_06_06,3043,126.73886,922.8,704.2,14.0,10.0,121
2025_06_06,3043,126.73886,245.1,123.6,15.7,14.1,172
2025_06_06,3043,126.73886,596.5,482.3,12.1,10.3,98
2025_06_06,3043,126.73886,221.4,17.1,13.3,13.5,134
2025_06_06,3043,126.73886,1158.7,589.3,10.4,10.6,99
2025_06_06,3043,126.73886,1185.3,514.8,14.3,11.8,136
2025_06_06,3043,126.73886,476.2,86.6,11.4,10.9,95
2025_06_06,3043,126.73886,530.2,440.9,12.3,9.7,104
2025_06_06,3043,126.73886,834.0,228.6,12.3,13.9,126
2025_06_06,3043,126.73886,966.2,464.7,11.2,11.1,109
2025_06_06,3043,126.73886,246.6,634.2,8.5,6.6,50
2025_06_06,3044,126.78051,922.9,704.4,14.0,10.1,127
2025_06_06,3044,126.78051,245.4,123.5,16.0,14.4,172
2025_06_06,3044,126.78051,221.3,17.3,13.3,13.8,131
2025_06_06,3044,126.78051,1158.7,589.3,10.5,10.7,98
2025_06_06,3044,126.78051,596.5,482.3,12.4,10.4,103
2025_06_06,3044,126.78051,476.3,86.5,11.3,10.7,95
2025_06_06,3044,126.78051,1184.7,514.7,14.2,11.3,139
2025_06_06,3044,126.78051,833.4,228.2,12.6,13.9,130
2025_06_06,3044,126.78051,530.0,440.9,12.4,9.7,104
2025_06_06,3044,126.78051,966.1,465.2,11.3,11.4,107
2025_06_06,3044,126.78051,246.6,634.3,8.3,6.5,47
2025_06_06,3045,126.82216,922.9,704.5,14.0,10.1,128
2025_06_06,3045,126.82216,245.5,123.6,16.1,14.3,174
2025_06_06,3045,126.82216,221.4,17.7,13.3,13.8,133
2025_06_06,3045,126.82216,1158.7,589.3,10.6,10.7,99
2025_06_06,3045,126.82216,596.6,482.3,12.3,10.5,104
2025_06_06,3045,126.82216,1184.6,514.7,14.1,11.2,141
2025_06_06,3045,126.82216,476.3,86.6,11.1,11.0,93
2025_06_06,3045,126.82216,833.3,228.0,13.0,13.6,129
2025_06_06,3045,126.82216,529.7,441.0,12.5,9.9,108
2025_06_06,3045,126.82216,966.1,465.5,11.1,11.5,107
2025_06_06,3045,126.82216,246.3,634.4,9.0,6.8,54
2025_06_06,3046,126.86381,922.9,704.6,13.9,10.2,126
2025_06_06,3046,126.86381,221.3,17.8,13.4,14.0,132
2025_06_06,3046,126.86381,1158.7,589.3,10.6,10.8,100
2025_06_06,3046,126.86381,245.5,123.6,16.2,14.3,177
2025_06_06,3046,126.86381,596.6,482.4,12.2,10.6,104
2025_06_06,3046,126.86381,1184.4,514.7,14.2,11.3,141
2025_06_06,3046,126.86381,833.3,227.8,12.1,13.1,117
2025_06_06,3046,126.86381,476.1,86.6,11.4,11.1,91
2025_06_06,3046,126.86381,529.4,441.0,12.8,10.0,114
2025_06_06,3046,126.86381,245.7,634.6,9.3,6.8,49
2025_06_06,3046,126.86381,966.1,465.8,10.8,11.1,108
2025_06_06,3047,126.90546,923.0,704.6,13.9,10.3,126
2025_06_06,3047,126.90546,245.7,123.7,16.2,14.3,175
2025_06_06,3047,126.90546,221.4,17.9,13.3,13.7,128
2025_06_06,3047,126.90546,1158.8,589.3,10.6,10.8,101
2025_06_06,3047,126.90546,1184.2,514.7,14.1,11.3,140
2025_06_06,3047,126.90546,596.6,482.6,12.6,10.6,112
2025_06_06,3047,126.90546,833.3,227.6,12.0,13.4,119
2025_06_06,3047,126.90546,476.2,86.9,11.1,10.6,93
2025_06_06,3047,126.90546,966.0,466.0,10.4,10.5,106
2025_06_06,3047,126.90546,529.5,441.0,13.0,9.9,115
2025_06_06,3047,126.90546,245.8,634.6,9.2,6.7,48
2025_06_06,3048,126.94711,923.0,704.7,14.0,10.4,129
2025_06_06,3048,126.94711,245.7,123.2,16.2,14.0,158
2025_06_06,3048,126.94711,1158.7,589.2,10.5,10.7,99
2025_06_06,3048,126.94711,221.4,18.3,13.1,13.6,130
2025_06_06,3048,126.94711,1184.1,514.7,14.3,11.4,143
2025_06_06,3048,126.94711,596.5,482.7,12.6,10.7,107
2025_06_06,3048,126.94711,833.3,227.6,11.9,13.6,118
2025_06_06,3048,126.94711,476.4,87.1,11.2,10.5,96
2025_06_06,3048,126.94711,966.1,466.4,10.6,11.1,113
2025_06_06,3048,126.94711,529.1,441.2,12.9,10.0,114
2025_06_06,3048,126.94711,245.7,634.6,9.1,6.6,46
2025_06_06,3049,126.98875,923.1,704.8,14.1,10.4,126
2025_06_06,3049,126.98875,245.7,123.0,16.3,14.0,156
2025_06_06,3049,126.98875,221.3,18.5,12.9,13.6,132
2025_06_06,3049,126.98875,1158.8,589.2,10.6,10.8,103
2025_06_06,3049,126.98875,1183.8,514.7,14.3,11.4,149
2025_06_06,3049,126.98875,596.8,483.1,12.4,10.3,99
2025_06_06,3049,126.98875,833.3,227.6,12.0,14.0,121
2025_06_06,3049,126.98875,476.4,87.2,11.1,10.9,96
2025_06_06,3049,126.98875,965.9,466.4,10.8,11.3,112
2025_06_06,3049,126.98875,529.0,441.3,13.0,10.2,116
2025_06_06,3049,126.98875,245.5,634.6,9.2,6.6,45
2025_06_06,3050,127.0304,923.2,704.9,14.0,10.5,125
2025_06_06,3050,127.0304,245.7,122.8,16.5,14.4,165
2025_06_06,3050,127.0304,1158.8,589.2,10.6,10.9,103
2025_06_06,3050,127.0304,596.9,483.2,12.5,10.2,102
2025_06_06,3050,127.0304,1183.6,514.7,14.1,11.3,148
2025_06_06,3050,127.0304,221.3,18.5,13.2,13.5,174
2025_06_06,3050,127.0304,832.9,226.9,11.9,13.3,112
2025_06_06,3050,127.0304,965.8,466.4,10.9,11.3,113
2025_06_06,3050,127.0304,528.5,441.3,13.7,9.9,118
2025_06_06,3050,127.0304,476.6,87.3,11.2,10.7,98
2025_06_06,3050,127.0304,245.3,634.7,9.3,6.8,43
2025_06_06,3051,127.07205,923.3,705.0,14.1,10.5,129
2025_06_06,3051,127.07205,1183.1,514.8,14.3,11.3,143
2025_06_06,3051,127.07205,1158.8,589.2,10.8,10.6,102
2025_06_06,3051,127.07205,245.7,122.8,16.5,14.5,162
2025_06_06,3051,127.07205,597.1,483.5,12.9,10.4,101
2025_06_06,3051,127.07205,965.5,467.0,11.2,11.1,109
2025_06_06,3051,127.07205,221.3,18.9,13.4,13.4,126
2025_06_06,3051,127.07205,832.7,226.8,12.0,13.1,109
2025_06_06,3051,127.07205,528.5,441.3,13.6,10.0,116
2025_06_06,3051,127.07205,476.7,87.9,10.7,10.7,93
2025_06_06,3051,127.07205,244.9,635.1,9.4,6.9,52
2025_06_06,3052,127.1137,923.4,705.1,13.9,10.3,125
2025_06_06,3052,127.1137,1182.7,514.9,14.1,11.1,138
2025_06_06,3052,127.1137,1158.7,589.1,10.8,10.4,100
2025_06_06,3052,127.1137,245.8,122.8,16.8,14.8,170
2025_06_06,3052,127.1137,596.9,483.6,12.8,10.3,98
2025_06_06,3052,127.1137,476.7,88.1,11.2,10.8,97
2025_06_06,3052,127.1137,965.5,466.8,11.4,11.5,111
2025_06_06,3052,127.1137,221.5,19.1,13.6,13.6,131
2025_06_06,3052,127.1137,528.0,441.3,13.7,10.0,113
2025_06_06,3052,127.1137,832.5,226.6,11.8,12.7,108
2025_06_06,3052,127.1137,244.7,635.1,9.4,6.8,52
2025_06_06,3053,127.15535,923.4,705.2,13.9,10.3,125
2025_06_06,3053,127.15535,1182.6,514.8,13.9,11.1,137
2025_06_06,3053,127.15535,1158.7,589.2,10.7,10.5,100
2025_06_06,3053,127.15535,597.2,483.9,12.7,10.6,94
2025_06_06,3053,127.15535,246.0,122.5,17.5,14.9,179
2025_06_06,3053,127.15535,965.5,466.9,11.4,11.7,103
2025_06_06,3053,127.15535,527.9,441.5,13.7,10.1,109
2025_06_06,3053,127.15535,221.4,19.1,13.6,14.2,134
2025_06_06,3053,127.15535,477.1,88.3,11.5,11.1,99
2025_06_06,3053,127.15535,831.8,226.4,11.3,12.4,114
2025_06_06,3053,127.15535,244.6,635.2,9.2,6.8,47
2025_06_06,3054,127.197,923.6,705.2,13.9,10.1,126
2025_06_06,3054,127.197,1182.5,514.7,13.8,11.2,137
2025_06_06,3054,127.197,246.0,122.5,17.3,14.6,174
2025_06_06,3054,127.197,1158.8,588.9,10.6,10.5,97
2025_06_06,3054,127.197,597.2,484.1,12.5,10.5,91
2025_06_06,3054,127.197,965.6,467.0,11.9,11.7,106
2025_06_06,3054,127.197,527.5,441.6,13.1,9.9,104
2025_06_06,3054,127.197,221.5,19.5,13.6,13.9,132
2025_06_06,3054,127.197,477.1,88.3,11.1,11.3,91
2025_06_06,3054,127.197,831.4,226.3,12.0,12.7,118
2025_06_06,3054,127.197,243.9,635.3,9.0,7.0,50
2025_06_06,3054,127.197,130.0,196.4,12.5,11.1,91
2025_06_06,3055,127.23865,923.6,705.2,13.9,10.1,126
2025_06_06,3055,127.23865,246.0,122.4,17.2,14.6,172
2025_06_06,3055,127.23865,1182.4,514.8,13.8,11.4,138
2025_06_06,3055,127.23865,1158.8,588.7,10.6,10.6,99
2025_06_06,3055,127.23865,597.1,484.1,12.5,10.3,91
2025_06_06,3055,127.23865,527.2,441.6,13.0,9.8,103
2025_06_06,3055,127.23865,965.6,466.9,12.5,12.0,113
2025_06_06,3055,127.23865,221.6,19.6,13.6,14.2,139
2025_06_06,3055,127.23865,476.9,88.3,11.6,11.5,96
2025_06_06,3055,127.23865,831.4,226.2,12.0,12.7,118
2025_06_06,3055,127.23865,130.2,195.7,12.0,10.3,80
2025_06_06,3055,127.23865,243.6,635.7,8.6,6.8,49
2025_06_06,3056,127.2803,923.6,705.2,13.9,10.1,126
2025_06_06,3056,127.2803,1182.2,514.8,13.7,11.3,135
2025_06_06,3056,127.2803,246.1,122.0,17.2,14.3,171
2025_06_06,3056,127.2803,1158.8,588.5,10.6,10.5,97
2025_06_06,3056,127.2803,476.9,88.5,11.3,11.8,95
2025_06_06,3056,127.2803,597.2,484.1,12.5,10.6,95
2025_06_06,3056,127.2803,965.6,467.1,12.5,12.0,114
2025_06_06,3056,127.2803,527.3,441.6,13.0,10.0,104
2025_06_06,3056,127.2803,221.6,19.8,13.4,14.1,135
2025_06_06,3056,127.2803,831.3,226.1,11.7,12.7,116
2025_06_06,3056,127.2803,243.4,635.5,8.6,6.7,48
2025_06_06,3057,127.32195,924.0,705.3,14.2,10.2,131
2025_06_06,3057,127.32195,1182.1,514.7,13.7,11.1,135
2025_06_06,3057,127.32195,1158.8,588.4,10.8,10.3,99
2025_06_06,3057,127.32195,245.8,121.8,16.9,14.1,167
2025_06_06,3057,127.32195,221.6,20.2,13.5,14.3,135
2025_06_06,3057,127.32195,477.1,88.4,11.3,11.8,93
2025_06_06,3057,127.32195,527.4,441.7,13.2,10.0,107
2025_06_06,3057,127.32195,597.2,484.4,12.7,10.6,98
2025_06_06,3057,127.32195,965.6,467.6,12.4,11.9,116
2025_06_06,3057,127.32195,243.3,635.5,8.4,6.5,48
2025_06_06,3057,127.32195,831.4,225.8,11.3,12.3,109
2025_06_06,3057,127.32195,130.1,196.1,12.9,11.3,102
2025_06_06,3057,127.32195,2.2,638.6,4.4,6.5,15
2025_06_06,3058,127.3636,924.1,705.4,14.1,10.2,129
2025_06_06,3058,127.3636,1182.1,514.7,13.8,11.1,135
2025_06_06,3058,127.3636,1158.7,588.3,10.8,10.5,99
2025_06_06,3058,127.3636,245.9,121.7,16.6,14.5,164
2025_06_06,3058,127.3636,221.5,20.5,13.5,14.1,138
2025_06_06,3058,127.3636,597.4,484.5,12.8,10.9,103
2025_06_06,3058,127.3636,477.1,88.5,11.2,11.7,100
2025_06_06,3058,127.3636,527.2,441.6,13.1,10.0,105
2025_06_06,3058,127.3636,965.6,467.6,12.3,11.5,115
2025_06_06,3058,127.3636,242.9,635.6,8.0,6.3,44
2025_06_06,3058,127.3636,831.3,225.6,11.1,11.8,103
2025_06_06,3058,127.3636,130.0,196.0,12.1,11.1,87
2025_06_06,3059,127.40525,924.3,705.4,14.2,10.4,134
2025_06_06,3059,127.40525,1182.0,514.5,13.7,11.0,134
2025_06_06,3059,127.40525,245.9,121.5,16.4,14.3,162
2025_06_06,3059,127.40525,1158.9,588.1,10.9,10.7,102
2025_06_06,3059,127.40525,221.3,20.7,13.1,13.9,128
2025_06_06,3059,127.40525,597.5,484.6,12.8,11.1,105
2025_06_06,3059,127.40525,242.9,635.8,8.2,6.4,44
2025_06_06,3059,127.40525,526.9,441.6,12.7,9.8,104
2025_06_06,3059,127.40525,477.2,88.6,11.5,12.3,103
2025_06_06,3059,127.40525,965.6,468.2,12.1,11.2,107
2025_06_06,3059,127.40525,831.2,225.6,10.9,11.6,98
2025_06_06,3059,127.40525,130.3,195.4,12.6,11.7,102
2025_06_06,3060,127.4469,924.4,705.5,14.2,10.4,134
2025_06_06,3060,127.4469,1182.1,514.6,13.7,11.0,133
2025_06_06,3060,127.4469,245.8,121.2,16.7,14.1,161
2025_06_06,3060,127.4469,1158.9,588.0,10.7,10.7,102
2025_06_06,3060,127.4469,221.3,20.6,12.8,13.2,125
2025_06_06,3060,127.4469,597.8,485.3,12.2,10.7,100
2025_06_06,3060,127.4469,477.1,88.7,11.2,11.7,97
2025_06_06,3060,127.4469,526.6,441.8,12.4,9.9,102
2025_06_06,3060,127.4469,965.6,468.1,12.1,11.3,108
2025_06_06,3060,127.4469,242.7,635.7,7.8,6.2,43
2025_06_06,3060,127.4469,831.1,225.5,11.2,12.2,104
2025_06_06,3061,127.48855,924.5,705.5,14.2,10.4,134
2025_06_06,3061,127.48855,1181.9,514.6,13.7,11.0,136
2025_06_06,3061,127.48855,245.9,121.3,16.8,14.1,169
2025_06_06,3061,127.48855,1158.9,588.0,10.7,10.7,100
2025_06_06,3061,127.48855,477.1,88.9,11.2,11.2,94
2025_06_06,3061,127.48855,221.2,20.9,13.0,13.4,122
2025_06_06,3061,127.48855,598.0,485.5,12.0,10.8,94
2025_06_06,3061,127.48855,965.7,468.6,11.9,11.2,107
2025_06_06,3061,127.48855,526.2,441.8,12.0,9.7,103
2025_06_06,3061,127.48855,242.5,635.9,7.9,6.3,46
2025_06_06,3061,127.48855,830.6,225.0,11.4,12.4,111
2025_06_06,3062,127.5302,924.8,705.6,14.0,10.5,133
2025_06_06,3062,127.5302,1181.8,514.6,13.6,10.9,135
2025_06_06,3062,127.5302,246.0,121.1,16.7,13.9,165
2025_06_06,3062,127.5302,1158.9,588.0,10.7,10.7,103
2025_06_06,3062,127.5302,477.3,88.9,12.0,11.5,101
2025_06_06,3062,127.5302,965.6,468.7,11.9,11.1,107
2025_06_06,3062,127.5302,598.1,485.4,12.5,10.9,98
2025_06_06,3062,127.5302,221.2,21.6,13.0,13.4,117
2025_06_06,3062,127.5302,526.1,441.9,12.1,9.6,100
2025_06_06,3062,127.5302,242.6,635.8,7.9,6.3,45
2025_06_06,3062,127.5302,830.7,225.0,11.6,12.6,113
2025_06_06,3063,127.57185,924.8,705.7,14.0,10.5,130
2025_06_06,3063,127.57185,1182.1,514.5,14.0,11.1,137
2025_06_06,3063,127.57185,1159.1,587.9,10.8,10.7,102
2025_06_06,3063,127.57185,246.2,121.1,17.1,14.0,167
2025_06_06,3063,127.57185,477.5,89.5,11.1,11.1,94
2025_06_06,3063,127.57185,526.0,441.8,12.5,9.7,108
2025_06_06,3063,127.57185,242.1,635.9,8.7,6.6,46
2025_06_06,3063,127.57185,598.2,485.5,12.3,10.8,96
2025_06_06,3063,127.57185,965.6,468.9,12.0,11.4,109
2025_06_06,3063,127.57185,221.1,21.9,13.1,13.3,120
2025_06_06,3063,127.57185,830.5,224.9,11.8,12.6,117
2025_06_06,3064,127.61349,925.0,705.7,14.2,10.5,134
2025_06_06,3064,127.61349,1181.9,514.6,14.1,11.1,138
2025_06_06,3064,127.61349,477.5,89.6,11.2,11.4,98
2025_06_06,3064,127.61349,246.2,120.9,16.9,13.8,171
2025_06_06,3064,127.61349,1159.2,587.8,11.0,10.8,106
2025_06_06,3064,127.61349,525.6,441.7,12.4,9.4,109
2025_06_06,3064,127.61349,598.1,485.7,12.7,11.0,108
2025_06_06,3064,127.61349,221.0,22.0,13.0,13.5,119
2025_06_06,3064,127.61349,965.5,469.0,12.1,11.7,113
2025_06_06,3064,127.61349,830.5,224.7,11.8,12.8,122
2025_06_06,3064,127.61349,241.9,636.4,8.1,6.2,39
2025_06_06,3065,127.65514,925.1,705.9,14.1,10.2,129
2025_06_06,3065,127.65514,1181.8,514.6,14.0,11.1,136
2025_06_06,3065,127.65514,477.6,89.9,11.3,11.2,100
2025_06_06,3065,127.65514,246.2,120.7,16.5,14.0,161
2025_06_06,3065,127.65514,1159.2,587.8,10.9,10.8,105
2025_06_06,3065,127.65514,525.6,441.7,13.2,9.7,116
2025_06_06,3065,127.65514,221.1,22.2,13.1,13.8,122
2025_06_06,3065,127.65514,965.5,469.2,12.2,11.8,112
2025_06_06,3065,127.65514,598.5,485.9,12.7,11.0,100
2025_06_06,3065,127.65514,830.4,224.9,11.7,13.0,124
2025_06_06,3065,127.65514,241.9,636.4,8.0,6.2,39
2025_06_06,3066,127.69679,925.4,706.1,14.0,10.3,127
2025_06_06,3066,127.69679,1181.9,514.7,14.1,11.1,136
2025_06_06,3066,127.69679,246.2,120.9,16.7,13.9,164
2025_06_06,3066,127.69679,477.6,90.1,11.6,11.3,100
2025_06_06,3066,127.69679,1159.2,587.8,10.9,10.9,108
2025_06_06,3066,127.69679,525.6,441.7,13.1,9.7,111
2025_06_06,3066,127.69679,598.5,486.0,12.8,10.9,100
2025_06_06,3066,127.69679,221.2,22.9,12.6,13.9,121
2025_06_06,3066,127.69679,965.5,469.4,12.2,11.5,105
2025_06_06,3066,127.69679,830.2,224.7,12.5,13.3,127
2025_06_06,3066,127.69679,241.5,636.5,7.7,6.0,35
2025_06_06,3067,127.73844,925.4,706.2,14.0,10.2,129
2025_06_06,3067,127.73844,477.7,90.4,11.6,11.1,98
2025_06_06,3067,127.73844,1181.9,514.7,14.1,11.2,136
2025_06_06,3067,127.73844,246.2,120.8,16.8,13.8,187
2025_06_06,3067,127.73844,1159.2,587.8,10.9,10.8,108
2025_06_06,3067,127.73844,525.4,441.8,13.1,9.4,109
2025_06_06,3067,127.73844,241.1,636.8,8.3,6.3,39
2025_06_06,3067,127.73844,965.6,469.7,12.3,11.4,106
2025_06_06,3067,127.73844,598.9,486.1,12.8,10.7,102
2025_06_06,3067,127.73844,221.1,23.1,12.6,13.7,116
2025_06_06,3067,127.73844,830.2,224.5,12.6,13.3,128
2025_06_06,3068,127.78009,925.6,706.2,14.0,10.3,125
2025_06_06,3068,127.78009,1181.7,514.9,14.0,11.2,139
2025_06_06,3068,127.78009,478.0,90.6,11.4,11.6,99
2025_06_06,3068,127.78009,246.3,120.6,16.7,13.7,159
2025_06_06,3068,127.78009,1159.2,587.7,10.9,10.8,109
2025_06_06,3068,127.78009,524.8,442.1,12.2,9.2,100
2025_06_06,3068,127.78009,965.5,469.8,12.5,11.5,110
2025_06_06,3068,127.78009,241.1,636.8,8.3,6.4,39
2025_06_06,3068,127.78009,598.9,486.4,12.7,10.6,96
2025_06_06,3068,127.78009,221.3,23.2,12.6,13.5,127
2025_06_06,3068,127.78009,830.3,224.4,12.4,13.3,132
2025_06_06,3069,127.82174,925.7,706.1,14.1,10.1,125
2025_06_06,3069,127.82174,1181.6,514.8,14.2,11.2,141
2025_06_06,3069,127.82174,246.4,120.6,16.4,13.7,155
2025_06_06,3069,127.82174,1159.3,587.6,10.8,10.6,101
2025_06_06,3069,127.82174,478.1,90.6,11.3,11.3,97
2025_06_06,3069,127.82174,965.6,469.8,12.7,11.3,111
2025_06_06,3069,127.82174,524.8,442.2,12.1,9.3,100
2025_06_06,3069,127.82174,221.2,23.4,12.4,13.3,123
2025_06_06,3069,127.82174,240.7,637.2,8.7,6.7,45
2025_06_06,3069,127.82174,598.9,486.4,12.7,10.8,98
2025_06_06,3069,127.82174,830.1,224.1,12.3,13.1,123
2025_06_06,3070,127.86339,926.1,706.6,13.6,10.0,122
2025_06_06,3070,127.86339,1181.6,514.8,14.1,11.2,136
2025_06_06,3070,127.86339,246.5,120.6,16.4,13.7,147
2025_06_06,3070,127.86339,1159.4,587.5,10.9,10.8,101
2025_06_06,3070,127.86339,478.4,91.1,11.0,10.9,88
2025_06_06,3070,127.86339,965.3,470.0,12.2,11.5,109
2025_06_06,3070,127.86339,525.1,442.1,13.0,9.7,105
2025_06_06,3070,127.86339,599.6,486.7,12.4,10.5,89
2025_06_06,3070,127.86339,221.6,24.0,13.3,13.1,117
2025_06_06,3070,127.86339,240.8,637.0,8.2,6.9,36
2025_06_06,3070,127.86339,830.0,223.2,12.3,12.5,119
2025_06_06,3071,127.90504,926.3,706.8,13.7,10.3,123
2025_06_06,3071,127.90504,1181.5,514.8,14.2,11.1,137
2025_06_06,3071,127.90504,246.5,120.5,16.2,13.8,149
2025_06_06,3071,127.90504,1159.4,587.5,10.8,10.7,99
2025_06_06,3071,127.90504,478.3,91.2,11.5,10.5,93
2025_06_06,3071,127.90504,965.3,470.4,12.4,11.2,106
2025_06_06,3071,127.90504,599.7,486.7,12.4,10.5,90
2025_06_06,3071,127.90504,525.1,442.2,12.8,10.5,106
2025_06_06,3071,127.90504,221.6,24.0,12.7,13.5,115
2025_06_06,3071,127.90504,240.7,637.0,7.9,7.0,37
2025_06_06,3071,127.90504,829.9,223.2,12.3,12.8,118
2025_06_06,3072,127.94669,926.4,706.9,13.7,10.2,122
2025_06_06,3072,127.94669,1181.4,514.8,14.0,11.0,132
2025_06_06,3072,127.94669,1159.3,587.3,10.7,10.5,96
2025_06_06,3072,127.94669,246.6,120.3,16.3,13.8,156
2025_06_06,3072,127.94669,478.5,91.4,10.9,10.6,89
2025_06_06,3072,127.94669,965.4,470.4,12.4,11.4,105
2025_06_06,3072,127.94669,221.6,24.3,13.3,13.6,123
2025_06_06,3072,127.94669,599.9,486.8,12.3,10.4,92
2025_06_06,3072,127.94669,524.6,442.3,12.6,10.2,101
2025_06_06,3072,127.94669,240.5,637.0,7.9,6.8,35
2025_06_06,3072,127.94669,829.9,223.3,12.4,12.9,124
2025_06_06,3073,127.98834,926.5,707.2,13.7,10.3,118
2025_06_06,3073,127.98834,1181.4,514.9,14.0,11.0,133
2025_06_06,3073,127.98834,1159.3,587.3,10.8,10.6,100
2025_06_06,3073,127.98834,246.8,120.1,16.5,13.8,158
2025_06_06,3073,127.98834,221.7,24.6,13.2,14.0,130
2025_06_06,3073,127.98834,599.8,486.8,12.5,10.5,95
2025_06_06,3073,127.98834,965.4,470.6,12.5,11.3,109
2025_06_06,3073,127.98834,524.4,442.2,12.8,10.2,102
2025_06_06,3073,127.98834,478.8,91.7,10.7,10.3,88
2025_06_06,3073,127.98834,240.5,637.1,7.9,6.8,35
2025_06_06,3073,127.98834,830.0,223.3,12.3,12.9,123
2025_06_06,3074,128.02999,926.7,707.1,13.6,10.4,121
2025_06_06,3074,128.02999,1181.3,514.9,14.0,11.1,135
2025_06_06,3074,128.02999,1159.3,587.3,10.9,10.5,101
2025_06_06,3074,128.02999,246.9,120.3,16.8,13.9,162
2025_06_06,3074,128.02999,524.3,442.3,12.6,9.8,101
2025_06_06,3074,128.02999,221.7,25.0,13.2,14.0,131
2025_06_06,3074,128.02999,600.1,487.0,12.4,10.3,90
2025_06_06,3074,128.02999,478.7,91.8,11.2,10.4,91
2025_06_06,3074,128.02999,965.4,470.7,12.5,11.2,108
2025_06_06,3074,128.02999,829.8,223.1,12.5,12.9,121
2025_06_06,3074,128.02999,240.4,637.2,8.2,7.1,36
2025_06_06,3075,128.07164,926.7,707.1,13.7,10.4,121
2025_06_06,3075,128.07164,1181.2,514.8,14.0,11.1,137
2025_06_06,3075,128.07164,221.6,25.2,13.3,14.2,132
2025_06_06,3075,128.07164,1159.4,587.3,10.7,10.5,102
2025_06_06,3075,128.07164,524.2,442.4,12.7,10.1,99
2025_06_06,3075,128.07164,246.9,120.3,16.7,13.9,157
2025_06_06,3075,128.07164,600.3,487.1,12.3,10.5,92
2025_06_06,3075,128.07164,478.7,92.1,11.1,10.8,95
2025_06_06,3075,128.07164,965.4,470.9,12.7,11.2,109
2025_06_06,3075,128.07164,829.8,223.0,12.3,12.9,122
2025_06_06,3075,128.07164,240.4,637.1,8.4,7.1,36
2025_06_06,3076,128.11329,927.0,707.2,13.8,10.4,121
2025_06_06,3076,128.11329,1181.3,514.8,14.0,11.1,137
2025_06_06,3076,128.11329,221.6,25.4,13.4,14.4,132
2025_06_06,3076,128.11329,1159.4,587.2,10.5,10.6,102
2025_06_06,3076,128.11329,600.4,487.1,12.8,10.8,96
2025_06_06,3076,128.11329,246.8,119.9,16.5,13.9,159
2025_06_06,3076,128.11329,524.1,442.6,12.8,10.3,101
2025_06_06,3076,128.11329,478.6,92.4,11.2,10.6,93
2025_06_06,3076,128.11329,965.4,471.2,13.0,11.3,111
2025_06_06,3076,128.11329,829.8,222.8,12.5,12.9,122
2025_06_06,3076,128.11329,240.4,637.1,8.7,7.2,36
2025_06_06,3077,128.15494,1181.2,514.8,13.9,11.1,135
2025_06_06,3077,128.15494,927.0,707.4,13.7,10.0,120
2025_06_06,3077,128.15494,221.5,25.5,13.2,14.7,132
2025_06_06,3077,128.15494,1160.0,587.1,10.5,10.5,100
2025_06_06,3077,128.15494,523.8,442.6,12.6,9.9,98
2025_06_06,3077,128.15494,600.3,487.2,13.2,10.8,98
2025_06_06,3077,128.15494,247.0,119.9,16.4,13.5,150
2025_06_06,3077,128.15494,478.7,92.6,11.3,10.7,93
2025_06_06,3077,128.15494,965.4,471.9,12.4,10.8,105
2025_06_06,3077,128.15494,829.6,222.7,12.3,12.8,121
2025_06_06,3077,128.15494,240.4,637.1,9.3,7.4,38
2025_06_06,3078,128.19658,927.1,707.1,13.9,10.1,118
2025_06_06,3078,128.19658,1181.0,514.7,14.1,11.2,139
2025_06_06,3078,128.19658,221.4,25.6,12.8,14.5,131
2025_06_06,3078,128.19658,523.7,442.5,12.8,9.7,101
2025_06_06,3078,128.19658,600.4,487.1,13.3,10.8,102
2025_06_06,3078,128.19658,1160.0,587.1,10.5,10.5,98
2025_06_06,3078,128.19658,478.8,92.8,11.6,11.0,98
2025_06_06,3078,128.19658,247.0,120.1,17.1,13.3,160
2025_06_06,3078,128.19658,965.2,472.1,12.2,10.8,102
2025_06_06,3078,128.19658,829.6,222.5,12.2,12.7,121
2025_06_06,3078,128.19658,239.6,637.3,8.8,6.9,36
2025_06_06,3079,128.23823,1180.9,514.7,14.3,11.2,139
2025_06_06,3079,128.23823,927.2,707.2,14.0,10.1,122
2025_06_06,3079,128.23823,523.6,442.4,12.7,10.0,102
2025_06_06,3079,128.23823,247.0,119.8,17.1,13.6,162
2025_06_06,3079,128.23823,221.5,25.7,12.9,14.5,129
2025_06_06,3079,128.23823,1160.0,587.0,10.6,10.6,100
2025_06_06,3079,128.23823,965.1,472.3,12.0,10.9,102
2025_06_06,3079,128.23823,600.7,487.4,13.2,10.9,102
2025_06_06,3079,128.23823,478.9,92.6,11.8,10.9,102
2025_06_06,3079,128.23823,829.6,222.3,12.2,13.0,120
2025_06_06,3079,128.23823,239.5,637.3,8.5,6.7,34
2025_06_06,3080,128.27988,1180.6,514.6,14.4,11.3,140
2025_06_06,3080,128.27988,927.5,707.3,14.0,10.0,123
2025_06_06,3080,128.27988,523.6,442.3,12.8,9.8,102
2025_06_06,3080,128.27988,1160.0,586.8,10.7,10.8,101
2025_06_06,3080,128.27988,221.5,26.1,13.2,14.6,125
2025_06_06,3080,128.27988,247.0,119.8,17.1,13.7,162
2025_06_06,3080,128.27988,478.8,92.5,12.2,11.2,100
2025_06_06,3080,128.27988,600.8,487.5,13.3,10.9,100
2025_06_06,3080,128.27988,965.0,472.4,11.9,10.8,102
2025_06_06,3080,128.27988,829.6,222.3,11.9,12.9,119
2025_06_06,3080,128.27988,239.6,637.6,9.1,6.7,40
2025_06_06,3081,128.32153,1180.6,514.5,14.4,11.3,139
2025_06_06,3081,128.32153,927.5,707.3,14.1,10.0,122
2025_06_06,3081,128.32153,523.4,442.2,12.9,9.9,99
2025_06_06,3081,128.32153,221.6,26.3,13.1,14.4,121
2025_06_06,3081,128.32153,1160.0,586.8,10.7,10.8,101
2025_06_06,3081,128.32153,247.0,119.2,16.9,14.0,160
2025_06_06,3081,128.32153,601.3,488.0,12.6,10.8,98
2025_06_06,3081,128.32153,478.8,92.7,11.9,11.4,106
2025_06_06,3081,128.32153,965.1,472.5,12.2,11.0,109
2025_06_06,3081,128.32153,829.4,221.4,12.3,13.1,117
2025_06_06,3081,128.32153,239.2,637.8,9.0,7.0,40
2025_06_06,3082,128.36318,1180.4,514.4,14.6,11.3,138
2025_06_06,3082,128.36318,927.5,707.4,14.1,10.0,122
2025_06_06,3082,128.36318,522.9,442.3,11.9,9.5,86
2025_06_06,3082,128.36318,247.2,119.2,16.6,14.3,162
2025_06_06,3082,128.36318,1160.1,586.7,10.6,10.8,101
2025_06_06,3082,128.36318,601.4,488.2,12.9,10.7,96
2025_06_06,3082,128.36318,478.8,92.4,11.5,11.5,104
2025_06_06,3082,128.36318,221.5,26.2,13.2,14.1,120
2025_06_06,3082,128.36318,965.2,472.6,12.3,11.3,111
2025_06_06,3082,128.36318,829.4,221.4,12.4,13.1,117
2025_06_06,3082,128.36318,239.2,637.9,9.1,7.1,40
2025_06_06,3083,128.40483,1180.2,514.4,14.8,11.5,138
2025_06_06,3083,128.40483,927.5,707.5,13.8,10.2,120
2025_06_06,3083,128.40483,522.6,442.4,11.9,9.5,85
2025_06_06,3083,128.40483,1160.1,586.6,10.6,10.8,100
2025_06_06,3083,128.40483,247.3,118.7,16.4,14.2,163
2025_06_06,3083,128.40483,479.1,93.0,10.9,10.7,95
2025_06_06,3083,128.40483,601.5,488.5,12.9,10.8,97
2025_06_06,3083,128.40483,221.3,26.2,12.7,13.8,115
2025_06_06,3083,128.40483,965.1,472.7,12.2,11.3,109
2025_06_06,3083,128.40483,829.3,221.4,12.5,13.5,126
2025_06_06,3083,128.40483,238.5,637.9,10.4,7.7,48
2025_06_06,3084,128.44648,1180.0,514.5,14.8,11.5,138
2025_06_06,3084,128.44648,927.5,707.5,13.8,10.2,117
2025_06_06,3084,128.44648,522.4,442.6,11.8,9.8,85
2025_06_06,3084,128.44648,1160.2,586.5,10.7,10.9,100
2025_06_06,3084,128.44648,601.8,488.7,12.3,10.7,91
2025_06_06,3084,128.44648,247.2,118.3,16.1,14.1,162
2025_06_06,3084,128.44648,479.0,93.2,10.3,10.6,94
2025_06_06,3084,128.44648,965.0,473.0,12.2,11.7,106
2025_06_06,3084,128.44648,221.5,26.4,12.5,14.1,112
2025_06_06,3084,128.44648,829.3,221.2,12.2,12.9,118
2025_06_06,3084,128.44648,237.6,638.4,8.9,6.9,36
2025_06_06,3085,128.48813,1179.9,514.4,14.7,11.6,137
2025_06_06,3085,128.48813,927.7,707.8,13.8,10.1,116
2025_06_06,3085,128.48813,522.5,442.5,12.0,10.1,86
2025_06_06,3085,128.48813,1160.2,586.3,10.8,11.0,103
2025_06_06,3085,128.48813,601.9,489.0,12.4,11.1,95
2025_06_06,3085,128.48813,828.7,220.7,11.1,12.6,107
2025_06_06,3085,128.48813,479.2,93.3,10.7,11.4,99
2025_06_06,3085,128.48813,247.0,118.4,16.0,13.9,160
2025_06_06,3085,128.48813,964.9,473.0,11.8,11.5,105
2025_06_06,3085,128.48813,221.5,26.8,12.1,13.7,118
2025_06_06,3085,128.48813,237.6,638.5,9.1,6.8,43
2025_06_06,3086,128.52978,1179.7,514.4,14.8,11.8,138
2025_06_06,3086,128.52978,927.9,707.8,14.2,9.8,119
2025_06_06,3086,128.52978,522.4,442.6,12.5,10.2,88
2025_06_06,3086,128.52978,1160.2,586.2,10.9,11.1,103
2025_06_06,3086,128.52978,601.9,489.2,12.8,11.4,101
2025_06_06,3086,128.52978,479.1,93.3,11.1,10.8,96
2025_06_06,3086,128.52978,247.0,118.1,17.0,14.0,165
2025_06_06,3086,128.52978,828.5,220.6,11.3,12.7,107
2025_06_06,3086,128.52978,964.9,473.2,11.7,11.6,104
2025_06_06,3086,128.52978,221.6,27.0,12.5,13.7,120
2025_06_06,3086,128.52978,237.6,638.6,9.2,6.9,44
2025_06_06,3087,128.57143,1179.6,514.4,14.9,12.0,142
2025_06_06,3087,128.57143,927.8,707.9,13.7,10.2,118
2025_06_06,3087,128.57143,1160.2,586.1,10.7,10.9,103
2025_06_06,3087,128.57143,522.2,442.6,12.5,10.2,89
2025_06_06,3087,128.57143,602.2,489.2,12.4,11.1,99
2025_06_06,3087,128.57143,247.0,117.9,17.0,13.6,165
2025_06_06,3087,128.57143,478.9,93.6,11.1,10.2,93
2025_06_06,3087,128.57143,828.5,220.5,11.5,12.9,110
2025_06_06,3087,128.57143,964.9,473.3,11.9,11.7,134
2025_06_06,3087,128.57143,221.6,27.5,12.6,14.0,119
2025_06_06,3087,128.57143,236.8,638.8,8.7,7.0,45
2025_06_06,3088,128.61308,927.8,708.0,14.0,10.4,123
2025_06_06,3088,128.61308,1179.3,514.4,15.0,11.9,148
2025_06_06,3088,128.61308,1160.3,586.1,10.8,10.8,103
2025_06_06,3088,128.61308,602.2,489.7,12.1,10.9,98
2025_06_06,3088,128.61308,521.9,442.7,12.5,10.3,90
2025_06_06,3088,128.61308,478.9,93.6,11.3,10.7,94
2025_06_06,3088,128.61308,246.9,117.7,17.1,14.0,167
2025_06_06,3088,128.61308,221.5,27.9,12.8,14.1,126
2025_06_06,3088,128.61308,828.3,220.2,11.9,12.8,110
2025_06_06,3088,128.61308,964.8,473.4,11.7,11.6,98
2025_06_06,3088,128.61308,236.6,638.7,8.4,7.1,44
2025_06_06,3089,128.65473,928.1,708.2,13.8,10.3,122
2025_06_06,3089,128.65473,1179.2,514.4,15.0,11.8,175
2025_06_06,3089,128.65473,1160.3,586.0,10.9,10.7,103
2025_06_06,3089,128.65473,602.1,489.8,12.1,10.6,96
2025_06_06,3089,128.65473,247.1,117.7,16.1,13.1,160
2025_06_06,3089,128.65473,478.8,93.7,11.4,10.7,98
2025_06_06,3089,128.65473,521.6,442.7,12.3,10.1,92
2025_06_06,3089,128.65473,964.8,473.5,11.9,11.7,107
2025_06_06,3089,128.65473,221.6,28.1,12.8,14.1,127
2025_06_06,3089,128.65473,828.3,220.3,11.8,13.0,114
2025_06_06,3089,128.65473,236.3,639.1,9.0,7.5,53
2025_06_06,3089,128.65473,803.9,718.0,6.7,4.1,21
2025_06_06,3090,128.69638,928.1,708.3,13.8,10.4,125
2025_06_06,3090,128.69638,1178.9,514.3,14.9,11.7,144
2025_06_06,3090,128.69638,602.3,490.1,11.9,10.6,96
2025_06_06,3090,128.69638,1160.3,585.9,11.1,10.9,103
2025_06_06,3090,128.69638,478.7,93.8,11.5,11.1,96
2025_06_06,3090,128.69638,247.0,117.7,16.4,13.3,158
2025_06_06,3090,128.69638,221.5,28.5,12.9,14.2,161
2025_06_06,3090,128.69638,965.0,473.6,12.0,11.9,114
2025_06_06,3090,128.69638,521.3,442.7,12.3,10.1,95
2025_06_06,3090,128.69638,827.8,220.1,12.0,13.4,119
2025_06_06,3090,128.69638,236.1,639.3,9.2,7.9,51
2025_06_06,3091,128.73803,928.2,708.6,13.8,10.4,126
2025_06_06,3091,128.73803,1160.3,585.8,11.0,10.8,103
2025_06_06,3091,128.73803,602.4,490.2,11.8,10.6,97
2025_06_06,3091,128.73803,1178.6,514.4,14.9,11.5,137
2025_06_06,3091,128.73803,964.9,473.9,11.8,11.8,112
2025_06_06,3091,128.73803,246.8,117.9,16.3,13.4,157
2025_06_06,3091,128.73803,478.9,94.2,10.9,10.9,98
2025_06_06,3091,128.73803,827.9,220.0,11.4,12.9,109
2025_06_06,3091,128.73803,221.6,28.9,13.0,14.6,130
2025_06_06,3091,128.73803,520.4,442.6,12.1,9.7,94
2025_06_06,3091,128.73803,235.5,639.5,9.1,7.6,47
2025_06_06,3092,128.77968,928.4,708.7,13.5,10.2,125
2025_06_06,3092,128.77968,602.4,490.3,12.0,10.8,101
2025_06_06,3092,128.77968,1178.6,514.4,14.8,11.5,138
2025_06_06,3092,128.77968,1160.3,585.8,11.0,10.8,103
2025_06_06,3092,128.77968,827.7,219.7,11.8,12.9,112
2025_06_06,3092,128.77968,246.8,117.8,16.3,13.4,160
2025_06_06,3092,128.77968,478.9,94.4,11.3,10.6,100
2025_06_06,3092,128.77968,221.6,29.2,13.0,14.4,128
2025_06_06,3092,128.77968,520.2,442.6,12.1,9.5,91
2025_06_06,3092,128.77968,964.7,474.3,11.5,11.6,108
2025_06_06,3092,128.77968,235.4,639.7,9.0,7.5,47
2025_06_06,3093,128.82132,928.6,708.7,13.8,10.4,132
2025_06_06,3093,128.82132,1160.4,585.7,11.0,10.7,103
2025_06_06,3093,128.82132,602.4,490.5,12.2,10.9,101
2025_06_06,3093,128.82132,827.8,219.3,11.4,12.1,109
2025_06_06,3093,128.82132,1178.3,514.4,14.9,11.5,137
2025_06_06,3093,128.82132,246.8,117.7,16.2,13.2,158
2025_06_06,3093,128.82132,478.9,94.7,10.8,10.9,95
2025_06_06,3093,128.82132,520.0,442.6,12.3,9.6,86
2025_06_06,3093,128.82132,221.6,29.1,13.2,14.8,130
2025_06_06,3093,128.82132,964.5,474.4,11.1,11.3,106
2025_06_06,3093,128.82132,235.4,640.3,9.1,7.5,47
2025_06_06,3094,128.86297,928.7,708.7,13.7,10.4,132
2025_06_06,3094,128.86297,602.4,490.8,12.2,11.0,101
2025_06_06,3094,128.86297,827.7,219.0,11.5,12.3,111
2025_06_06,3094,128.86297,1160.4,585.7,11.0,10.8,105
2025_06_06,3094,128.86297,1178.2,514.5,14.8,11.5,138
2025_06_06,3094,128.86297,247.2,117.4,16.0,13.1,160
2025_06_06,3094,128.86297,479.0,94.7,10.6,11.0,93
2025_06_06,3094,128.86297,519.9,442.6,12.5,9.7,91
2025_06_06,3094,128.86297,221.5,29.2,13.0,14.7,135
2025_06_06,3094,128.86297,964.6,474.6,11.1,11.3,107
2025_06_06,3095,128.90462,928.9,708.9,13.6,10.5,127
2025_06_06,3095,128.90462,827.6,218.9,11.6,12.7,113
2025_06_06,3095,128.90462,602.5,491.1,12.2,10.7,102
2025_06_06,3095,128.90462,1160.5,585.7,11.2,10.9,109
2025_06_06,3095,128.90462,247.2,117.6,16.0,13.2,162
2025_06_06,3095,128.90462,1178.0,514.5,15.0,11.6,141
2025_06_06,3095,128.90462,479.1,94.8,10.9,10.7,92
2025_06_06,3095,128.90462,519.7,442.7,12.4,9.8,90
2025_06_06,3095,128.90462,964.6,474.7,11.3,11.1,108
2025_06_06,3095,128.90462,221.5,29.0,13.2,14.6,128
2025_06_06,3095,128.90462,804.7,717.8,7.1,4.4,18
2025_06_06,3096,128.94627,929.0,708.8,13.9,10.7,127
2025_06_06,3096,128.94627,827.4,218.8,11.3,12.5,115
2025_06_06,3096,128.94627,602.6,491.4,12.3,10.8,98
2025_06_06,3096,128.94627,1160.6,585.5,11.4,10.9,111
2025_06_06,3096,128.94627,247.3,117.6,15.3,13.2,161
2025_06_06,3096,128.94627,1177.9,514.5,14.8,11.6,140
2025_06_06,3096,128.94627,479.2,94.8,11.1,10.8,93
2025_06_06,3096,128.94627,964.4,475.1,11.3,11.1,105
2025_06_06,3096,128.94627,221.5,29.2,13.2,14.0,124
2025_06_06,3096,128.94627,519.7,442.6,13.2,10.3,103
2025_06_06,3096,128.94627,804.8,717.9,6.9,4.3,18
2025_06_06,3097,128.98792,928.9,708.9,13.8,10.6,128
2025_06_06,3097,128.98792,827.1,218.5,11.2,12.1,113
2025_06_06,3097,128.98792,602.6,491.3,12.1,10.9,99
2025_06_06,3097,128.98792,1160.7,585.5,11.4,10.9,112
2025_06_06,3097,128.98792,247.3,117.5,16.3,13.7,165
2025_06_06,3097,128.98792,964.5,475.0,11.2,11.0,106
2025_06_06,3097,128.98792,1177.3,514.3,14.7,11.2,137
2025_06_06,3097,128.98792,519.4,442.6,13.2,10.2,99
2025_06_06,3097,128.98792,479.3,94.9,11.3,11.6,97
2025_06_06,3097,128.98792,221.4,29.2,13.1,14.2,120
2025_06_06,3098,129.02957,929.3,709.0,13.6,10.4,128
2025_06_06,3098,129.02957,827.0,218.4,11.2,11.9,108
2025_06_06,3098,129.02957,1160.7,585.4,11.7,11.1,112
2025_06_06,3098,129.02957,247.4,117.1,16.0,13.3,160
2025_06_06,3098,129.02957,602.7,491.5,12.1,10.9,99
2025_06_06,3098,129.02957,964.5,475.0,11.2,11.0,104
2025_06_06,3098,129.02957,1177.3,514.3,14.8,11.3,139
2025_06_06,3098,129.02957,519.6,442.5,13.7,10.3,101
2025_06_06,3098,129.02957,221.5,29.8,12.8,14.0,113
2025_06_06,3098,129.02957,479.3,95.0,11.4,11.3,101
2025_06_06,3099,129.07122,929.4,709.0,13.6,10.3,122
2025_06_06,3099,129.07122,827.1,218.3,11.7,12.7,118
2025_06_06,3099,129.07122,1160.9,585.4,11.4,10.8,106
2025_06_06,3099,129.07122,247.2,117.0,17.3,14.1,167
2025_06_06,3099,129.07122,602.8,491.6,12.0,10.5,97
2025_06_06,3099,129.07122,1177.5,514.5,15.0,11.8,147
2025_06_06,3099,129.07122,964.6,475.3,12.2,11.5,106
2025_06_06,3099,129.07122,479.3,95.1,11.4,11.3,89
2025_06_06,3099,129.07122,221.3,30.4,12.9,13.7,109
2025_06_06,3099,129.07122,519.3,442.5,13.6,10.4,93
2025_06_06,3100,129.11287,929.5,708.9,13.7,10.4,123
2025_06_06,3100,129.11287,247.2,116.9,17.8,14.2,173
2025_06_06,3100,129.11287,826.8,218.2,11.7,12.7,121
2025_06_06,3100,129.11287,1160.9,585.4,11.5,10.8,105
2025_06_06,3100,129.11287,603.1,491.8,11.8,10.4,92
2025_06_06,3100,129.11287,1177.4,514.5,14.9,11.8,149
2025_06_06,3100,129.11287,221.3,30.3,12.9,13.2,155
2025_06_06,3100,129.11287,964.3,475.7,11.6,11.1,100
2025_06_06,3100,129.11287,479.4,95.5,11.5,11.3,88
2025_06_06,3100,129.11287,519.1,442.6,13.5,10.5,92
2025_06_06,3101,129.15452,247.0,116.9,17.5,14.2,174
2025_06_06,3101,129.15452,929.6,709.0,14.0,10.4,123
2025_06_06,3101,129.15452,826.9,218.2,11.7,12.8,121
2025_06_06,3101,129.15452,1161.0,585.4,11.5,10.7,105
2025_06_06,3101,129.15452,603.0,491.9,11.7,10.4,95
2025_06_06,3101,129.15452,1176.9,514.4,14.8,11.5,139
2025_06_06,3101,129.15452,221.2,30.9,12.6,13.6,108
2025_06_06,3101,129.15452,479.5,95.9,11.3,10.8,85
2025_06_06,3101,129.15452,964.3,476.1,11.6,10.9,102
2025_06_06,3101,129.15452,519.2,442.6,13.6,10.9,96
2025_06_06,3102,129.19617,930.1,709.2,13.7,10.3,128
2025_06_06,3102,129.19617,247.0,116.9,17.4,13.9,174
2025_06_06,3102,129.19617,1161.1,585.4,11.5,10.8,107
2025_06_06,3102,129.19617,826.7,217.8,11.6,12.4,118
2025_06_06,3102,129.19617,603.1,491.9,12.0,10.5,101
2025_06_06,3102,129.19617,1176.7,514.5,14.4,11.6,136
2025_06_06,3102,129.19617,964.2,476.3,11.6,11.1,102
2025_06_06,3102,129.19617,221.2,31.4,12.5,14.1,111
2025_06_06,3102,129.19617,480.0,96.3,11.3,10.6,85
2025_06_06,3102,129.19617,233.3,640.4,8.3,7.3,54
2025_06_06,3103,129.23782,247.1,117.1,17.1,13.7,175
2025_06_06,3103,129.23782,930.1,709.2,13.8,10.3,128
2025_06_06,3103,129.23782,1161.2,585.3,11.7,10.7,131
2025_06_06,3103,129.23782,826.7,217.8,11.7,12.4,117
2025_06_06,3103,129.23782,603.2,492.1,11.6,10.5,100
2025_06_06,3103,129.23782,221.2,31.5,12.5,14.3,118
2025_06_06,3103,129.23782,964.2,476.5,11.8,11.1,101
2025_06_06,3103,129.23782,1176.7,514.4,14.4,11.5,135
2025_06_06,3103,129.23782,480.0,96.3,11.4,10.9,88
2025_06_06,3103,129.23782,233.1,640.7,7.7,6.7,47
2025_06_06,3104,129.27947,930.2,709.3,13.9,10.2,130
2025_06_06,3104,129.27947,247.0,117.1,16.5,13.5,164
2025_06_06,3104,129.27947,1161.1,585.2,11.8,10.7,108
2025_06_06,3104,129.27947,826.6,217.4,11.7,12.6,116
2025_06_06,3104,129.27947,603.4,492.0,11.8,10.6,97
2025_06_06,3104,129.27947,1176.5,514.4,14.5,11.6,135
2025_06_06,3104,129.27947,221.4,31.8,12.2,13.8,118
2025_06_06,3104,129.27947,964.1,476.8,11.6,11.0,101
2025_06_06,3104,129.27947,480.2,96.2,11.0,10.8,82
2025_06_06,3104,129.27947,233.0,640.7,7.4,6.6,45
2025_06_06,3105,129.32112,930.5,709.5,13.6,10.1,147
2025_06_06,3105,129.32112,1161.2,585.2,11.8,10.6,108
2025_06_06,3105,129.32112,247.2,117.2,16.0,13.3,163
2025_06_06,3105,129.32112,603.5,492.1,12.0,10.5,99
2025_06_06,3105,129.32112,826.7,217.3,11.9,12.6,117
2025_06_06,3105,129.32112,221.5,31.8,12.1,13.4,118
2025_06_06,3105,129.32112,1176.4,514.4,14.4,11.5,134
2025_06_06,3105,129.32112,964.2,476.9,11.7,11.3,98
2025_06_06,3105,129.32112,480.3,96.3,11.1,11.3,89
2025_06_06,3105,129.32112,232.8,640.9,7.5,6.4,45
2025_06_06,3106,129.36277,930.7,709.5,13.6,10.0,120
2025_06_06,3106,129.36277,1161.3,585.2,11.9,10.7,109
2025_06_06,3106,129.36277,603.5,492.3,12.2,10.5,100
2025_06_06,3106,129.36277,826.8,216.8,11.9,12.7,121
2025_06_06,3106,129.36277,221.5,32.3,12.1,13.9,123
2025_06_06,3106,129.36277,247.2,117.3,16.2,13.3,165
2025_06_06,3106,129.36277,1176.4,514.4,14.3,11.5,134
2025_06_06,3106,129.36277,480.5,96.6,10.9,10.9,88
2025_06_06,3106,129.36277,964.3,477.1,11.7,11.5,102
2025_06_06,3106,129.36277,232.8,641.0,7.5,6.2,44
2025_06_06,3106,129.36277,518.1,443.1,13.4,10.5,93
2025_06_06,3107,129.40441,930.7,709.5,13.6,10.1,121
2025_06_06,3107,129.40441,603.4,492.5,11.9,10.5,101
2025_06_06,3107,129.40441,1161.4,585.0,11.8,10.8,108
2025_06_06,3107,129.40441,247.4,117.0,16.0,13.4,166
2025_06_06,3107,129.40441,1176.0,514.3,14.3,11.6,135
2025_06_06,3107,129.40441,221.7,32.4,12.2,13.1,115
2025_06_06,3107,129.40441,826.7,216.8,11.8,12.9,120
2025_06_06,3107,129.40441,480.4,96.4,10.8,11.6,91
2025_06_06,3107,129.40441,964.3,477.2,11.9,11.7,105
2025_06_06,3107,129.40441,232.6,641.2,7.7,6.7,48
2025_06_06,3108,129.44606,930.8,709.6,13.7,10.3,123
2025_06_06,3108,129.44606,603.6,492.9,11.4,10.6,95
2025_06_06,3108,129.44606,1161.6,585.0,11.8,10.7,109
2025_06_06,3108,129.44606,1175.9,514.3,14.3,11.5,136
2025_06_06,3108,129.44606,247.6,116.9,16.1,13.3,164
2025_06_06,3108,129.44606,221.4,32.2,11.8,13.2,109
2025_06_06,3108,129.44606,480.3,96.3,11.4,12.0,97
2025_06_06,3108,129.44606,826.1,216.5,11.7,13.3,121
2025_06_06,3108,129.44606,964.3,477.8,11.8,11.2,101
2025_06_06,3108,129.44606,232.3,641.4,8.3,7.2,50
2025_06_06,3108,129.44606,517.8,443.2,13.0,10.9,96
2025_06_06,3109,129.48771,930.7,709.6,13.6,10.3,120
2025_06_06,3109,129.48771,603.7,493.0,11.5,10.9,100
2025_06_06,3109,129.48771,1161.5,584.8,12.0,11.0,115
2025_06_06,3109,129.48771,1175.9,514.3,14.4,11.6,139
2025_06_06,3109,129.48771,247.6,116.9,16.0,13.2,170
2025_06_06,3109,129.48771,480.2,96.3,11.4,12.1,101
2025_06_06,3109,129.48771,221.5,32.5,11.9,12.8,108
2025_06_06,3109,129.48771,826.0,216.3,11.4,13.3,116
2025_06_06,3109,129.48771,964.3,477.9,11.7,11.5,102
2025_06_06,3109,129.48771,232.2,641.7,8.1,6.8,44
2025_06_06,3109,129.48771,517.7,443.2,12.9,11.1,94
2025_06_06,3110,129.52936,931.0,709.7,13.5,10.0,119
2025_06_06,3110,129.52936,1175.7,514.3,14.5,11.6,143
2025_06_06,3110,129.52936,247.6,116.8,15.8,13.2,169
2025_06_06,3110,129.52936,604.0,493.2,11.4,10.5,98
2025_06_06,3110,129.52936,1161.7,584.6,11.8,10.8,137
2025_06_06,3110,129.52936,221.6,32.6,12.1,12.8,114
2025_06_06,3110,129.52936,480.4,96.2,11.5,12.2,101
2025_06_06,3110,129.52936,825.9,216.1,11.3,13.5,121
2025_06_06,3110,129.52936,964.3,478.0,11.8,11.4,101
2025_06_06,3110,129.52936,232.1,642.0,8.5,7.1,52
2025_06_06,3110,129.52936,517.3,443.4,12.6,10.6,90
2025_06_06,3111,129.57101,931.1,709.8,13.6,10.1,120
2025_06_06,3111,129.57101,1175.3,514.3,14.4,11.8,142
2025_06_06,3111,129.57101,480.6,97.1,11.0,11.6,96
2025_06_06,3111,129.57101,247.6,116.4,15.9,13.5,167
2025_06_06,3111,129.57101,1161.7,584.6,11.7,10.8,116
2025_06_06,3111,129.57101,221.5,32.7,11.9,12.8,162
2025_06_06,3111,129.57101,604.0,493.4,11.0,10.5,96
2025_06_06,3111,129.57101,825.7,215.8,11.5,13.5,121
2025_06_06,3111,129.57101,517.1,443.6,12.4,10.5,91
2025_06_06,3111,129.57101,964.1,478.5,11.9,11.2,102
2025_06_06,3111,129.57101,232.0,641.8,9.0,7.2,55
2025_06_06,3112,129.61266,931.3,709.8,14.1,10.3,124
2025_06_06,3112,129.61266,480.7,97.3,11.1,11.5,88
2025_06_06,3112,129.61266,1175.0,514.2,14.3,11.8,143
2025_06_06,3112,129.61266,247.4,115.9,16.1,13.7,173
2025_06_06,3112,129.61266,1161.7,584.1,11.4,10.9,115
2025_06_06,3112,129.61266,221.5,33.0,12.0,13.4,124
2025_06_06,3112,129.61266,604.0,493.4,11.2,10.7,95
2025_06_06,3112,129.61266,825.6,215.6,11.9,13.4,128
2025_06_06,3112,129.61266,516.9,443.5,12.4,10.5,95
2025_06_06,3112,129.61266,964.0,478.6,11.5,11.0,102
2025_06_06,3112,129.61266,231.3,641.8,8.6,7.0,54
2025_06_06,3113,129.65431,931.3,709.9,14.0,10.2,121
2025_06_06,3113,129.65431,480.7,97.3,11.2,11.3,85
2025_06_06,3113,129.65431,1175.0,514.2,14.3,11.9,143
2025_06_06,3113,129.65431,247.6,115.8,15.7,13.4,172
2025_06_06,3113,129.65431,1161.8,584.1,11.4,10.9,113
2025_06_06,3113,129.65431,516.9,443.5,12.5,10.5,95
2025_06_06,3113,129.65431,221.6,33.1,12.3,13.0,124
2025_06_06,3113,129.65431,825.6,215.5,11.6,13.2,124
2025_06_06,3113,129.65431,604.1,493.7,10.9,10.4,93
2025_06_06,3113,129.65431,964.1,478.5,11.6,11.0,102
2025_06_06,3113,129.65431,231.2,642.0,8.5,7.1,51
2025_06_06,3114,129.69596,931.5,710.0,14.0,10.2,123
2025_06_06,3114,129.69596,247.3,115.3,16.2,13.9,178
2025_06_06,3114,129.69596,1174.9,514.1,14.2,11.8,142
2025_06_06,3114,129.69596,480.7,97.4,11.1,11.1,86
2025_06_06,3114,129.69596,516.7,443.4,12.3,10.0,93
2025_06_06,3114,129.69596,1161.9,583.9,11.5,11.0,115
2025_06_06,3114,129.69596,221.6,33.4,12.6,13.4,129
2025_06_06,3114,129.69596,825.5,215.2,11.8,13.3,127
2025_06_06,3114,129.69596,604.2,493.6,11.0,10.6,93
2025_06_06,3114,129.69596,964.1,478.7,11.6,10.9,101
2025_06_06,3115,129.73761,931.7,710.1,13.8,10.1,122
2025_06_06,3115,129.73761,247.4,115.3,16.7,13.9,179
2025_06_06,3115,129.73761,1174.9,514.0,14.3,11.8,153
2025_06_06,3115,129.73761,516.5,443.4,12.6,10.0,97
2025_06_06,3115,129.73761,480.8,97.9,10.5,10.8,77
2025_06_06,3115,129.73761,1162.0,583.9,11.4,11.0,114
2025_06_06,3115,129.73761,221.5,33.6,12.9,13.5,129
2025_06_06,3115,129.73761,604.3,493.8,11.2,10.7,97
2025_06_06,3115,129.73761,825.6,215.0,11.7,13.5,122
2025_06_06,3115,129.73761,964.1,478.9,11.8,10.8,102
2025_06_06,3116,129.77926,931.9,710.1,13.9,10.2,126
2025_06_06,3116,129.77926,247.5,115.0,16.9,14.2,187
2025_06_06,3116,129.77926,480.9,98.0,10.6,10.6,87
2025_06_06,3116,129.77926,1174.7,514.1,14.1,11.7,145
2025_06_06,3116,129.77926,1162.1,583.7,11.6,10.9,115
2025_06_06,3116,129.77926,221.5,34.0,12.9,13.6,131
2025_06_06,3116,129.77926,516.6,443.2,13.4,10.8,104
2025_06_06,3116,129.77926,825.3,214.7,11.8,13.4,124
2025_06_06,3116,129.77926,604.3,493.8,11.3,10.7,97
2025_06_06,3116,129.77926,964.1,478.8,11.7,10.8,104
2025_06_06,3117,129.82091,931.9,710.1,13.7,10.0,129
2025_06_06,3117,129.82091,480.9,98.0,11.1,10.3,88
2025_06_06,3117,129.82091,1174.6,514.1,14.0,11.7,147
2025_06_06,3117,129.82091,221.5,34.4,13.0,13.6,133
2025_06_06,3117,129.82091,247.4,114.8,16.2,14.0,181
2025_06_06,3117,129.82091,1162.3,583.6,11.4,10.9,109
2025_06_06,3117,129.82091,516.4,443.2,13.6,10.9,104
2025_06_06,3117,129.82091,825.3,214.5,11.9,13.5,130
2025_06_06,3117,129.82091,604.5,493.9,11.6,11.0,98
2025_06_06,3117,129.82091,964.1,478.9,11.8,11.0,104
2025_06_06,3118,129.86256,932.0,710.2,13.7,9.9,124
2025_06_06,3118,129.86256,1174.5,514.1,14.0,11.6,148
2025_06_06,3118,129.86256,480.9,97.9,10.5,10.4,87
2025_06_06,3118,129.86256,1162.4,583.4,11.4,10.8,108
2025_06_06,3118,129.86256,221.4,34.5,13.1,13.6,134
2025_06_06,3118,129.86256,516.1,443.3,13.6,10.7,103
2025_06_06,3118,129.86256,247.5,114.6,15.9,13.7,173
2025_06_06,3118,129.86256,825.0,214.3,12.0,13.3,129
2025_06_06,3118,129.86256,604.5,494.1,11.6,11.0,96
2025_06_06,3118,129.86256,964.1,478.9,11.6,10.8,103
2025_06_06,3119,129.90421,932.3,710.3,13.2,9.6,119
2025_06_06,3119,129.90421,1174.6,513.9,14.2,11.3,144
2025_06_06,3119,129.90421,481.0,97.9,10.7,10.0,87
2025_06_06,3119,129.90421,1162.6,583.3,11.7,10.7,110
2025_06_06,3119,129.90421,515.9,443.1,13.4,10.7,125
2025_06_06,3119,129.90421,221.5,34.6,12.6,13.5,127
2025_06_06,3119,129.90421,825.1,214.1,12.1,13.2,134
2025_06_06,3119,129.90421,604.7,494.3,11.7,10.7,99
2025_06_06,3119,129.90421,247.4,114.5,15.5,13.8,175
2025_06_06,3119,129.90421,963.9,479.8,11.0,10.9,103
2025_06_06,3120,129.94586,932.5,710.3,13.3,9.5,118
2025_06_06,3120,129.94586,481.3,98.0,11.5,11.0,91
2025_06_06,3120,129.94586,1174.6,514.0,14.4,11.0,143
2025_06_06,3120,129.94586,1162.9,583.2,11.8,10.5,111
2025_06_06,3120,129.94586,515.6,443.1,13.6,10.5,101
2025_06_06,3120,129.94586,221.5,34.8,12.5,14.2,132
2025_06_06,3120,129.94586,247.5,114.3,15.9,13.7,185
2025_06_06,3120,129.94586,825.0,213.7,12.2,13.2,135
2025_06_06,3120,129.94586,604.8,494.6,12.3,10.8,106
2025_06_06,3120,129.94586,964.0,479.8,11.0,10.7,98
2025_06_06,3121,129.98751,932.5,710.3,13.3,9.4,118
2025_06_06,3121,129.98751,481.3,98.2,11.5,10.7,90
2025_06_06,3121,129.98751,1174.4,514.1,14.6,11.1,142
2025_06_06,3121,129.98751,515.4,443.2,13.4,10.2,99
2025_06_06,3121,129.98751,221.7,35.0,12.5,14.2,132
2025_06_06,3121,129.98751,1162.9,583.2,11.8,10.5,109
2025_06_06,3121,129.98751,247.7,114.0,16.2,13.8,190
2025_06_06,3121,129.98751,824.9,213.7,11.9,13.2,135
2025_06_06,3121,129.98751,604.8,494.8,12.5,10.7,108
2025_06_06,3121,129.98751,963.9,479.9,10.8,10.4,92
2025_06_06,3122,130.02915,932.9,710.3,13.3,9.6,118
2025_06_06,3122,130.02915,481.3,98.6,11.5,10.8,85
2025_06_06,3122,130.02915,1174.4,514.0,14.8,11.0,146
2025_06_06,3122,130.02915,1163.0,583.1,11.8,10.4,108
2025_06_06,3122,130.02915,221.7,34.7,13.1,14.2,135
2025_06_06,3122,130.02915,824.8,213.6,12.3,13.4,133
2025_06_06,3122,130.02915,515.6,443.1,13.4,10.6,100
2025_06_06,3122,130.02915,247.7,113.7,17.0,14.1,188
2025_06_06,3122,130.02915,604.8,494.7,12.4,10.8,103
2025_06_06,3122,130.02915,964.2,479.7,11.0,10.5,94
2025_06_06,3123,130.0708,932.8,710.3,13.4,9.5,119
2025_06_06,3123,130.0708,481.4,98.9,11.4,10.4,90
2025_06_06,3123,130.0708,1174.2,514.0,15.3,11.2,147
2025_06_06,3123,130.0708,1163.1,583.0,11.6,10.4,106
2025_06_06,3123,130.0708,247.6,113.6,16.5,13.9,178
2025_06_06,3123,130.0708,221.7,35.1,13.0,14.0,130
2025_06_06,3123,130.0708,604.8,494.8,12.5,10.9,103
2025_06_06,3123,130.0708,824.7,213.5,12.2,13.6,137
2025_06_06,3123,130.0708,964.1,479.8,10.9,10.6,96
2025_06_06,3123,130.0708,515.5,443.0,13.5,10.7,103
2025_06_06,3124,130.11245,932.9,710.3,13.4,9.6,121
2025_06_06,3124,130.11245,247.6,113.4,16.7,13.9,178
2025_06_06,3124,130.11245,1163.1,582.9,11.6,10.4,107
2025_06_06,3124,130.11245,481.6,99.0,11.7,10.4,94
2025_06_06,3124,130.11245,1174.2,514.0,15.1,11.2,149
2025_06_06,3124,130.11245,221.7,35.3,12.6,14.1,127
2025_06_06,3124,130.11245,604.9,494.9,12.5,10.9,104
2025_06_06,3124,130.11245,824.8,213.6,12.1,13.8,136
2025_06_06,3124,130.11245,964.0,480.1,10.8,10.7,97
2025_06_06,3124,130.11245,515.4,443.2,13.4,10.5,103
2025_06_06,3124,130.11245,229.0,642.4,8.8,7.1,49
2025_06_06,3125,130.1541,933.1,710.3,13.2,9.5,121
2025_06_06,3125,130.1541,247.4,113.5,16.7,13.9,181
2025_06_06,3125,130.1541,481.5,99.0,11.7,10.8,94
2025_06_06,3125,130.1541,1174.2,514.0,14.7,11.3,144
2025_06_06,3125,130.1541,1163.3,582.7,11.5,10.7,106
2025_06_06,3125,130.1541,221.8,35.5,12.7,13.6,123
2025_06_06,3125,130.1541,605.1,495.0,12.8,10.7,107
2025_06_06,3125,130.1541,824.7,212.8,11.8,13.6,128
2025_06_06,3125,130.1541,964.0,480.2,10.7,10.7,100
2025_06_06,3125,130.1541,515.4,443.1,13.3,10.7,100
2025_06_06,3125,130.1541,228.7,642.4,8.5,7.1,47
2025_06_06,3126,130.19575,933.2,710.3,13.2,9.6,121
2025_06_06,3126,130.19575,247.3,113.5,16.9,14.1,184
2025_06_06,3126,130.19575,481.5,99.1,11.5,10.4,93
2025_06_06,3126,130.19575,1163.3,582.7,11.5,10.5,105
2025_06_06,3126,130.19575,1174.1,513.9,14.8,11.1,144
2025_06_06,3126,130.19575,515.3,443.0,13.5,10.6,100
2025_06_06,3126,130.19575,605.4,495.0,12.6,10.5,104
2025_06_06,3126,130.19575,221.9,35.8,13.1,14.4,126
2025_06_06,3126,130.19575,824.7,212.7,11.6,13.2,126
2025_06_06,3126,130.19575,963.9,480.5,10.6,10.6,99
2025_06_06,3127,130.2374,933.3,710.4,13.1,9.4,116
2025_06_06,3127,130.2374,247.5,113.4,17.1,13.9,182
2025_06_06,3127,130.2374,481.8,99.4,11.0,10.4,91
2025_06_06,3127,130.2374,514.7,443.0,13.2,10.3,100
2025_06_06,3127,130.2374,1174.0,513.6,15.0,11.2,152
2025_06_06,3127,130.2374,1163.3,582.7,11.5,10.7,109
2025_06_06,3127,130.2374,963.9,480.7,10.5,10.5,99
2025_06_06,3127,130.2374,605.3,495.0,12.8,11.0,109
2025_06_06,3127,130.2374,824.7,212.2,11.4,12.8,120
2025_06_06,3127,130.2374,221.9,35.7,13.0,14.7,129
2025_06_06,3127,130.2374,228.4,642.5,8.8,7.2,47
2025_06_06,3128,130.27905,933.7,710.6,12.9,9.3,121
2025_06_06,3128,130.27905,514.5,442.7,13.7,10.6,109
2025_06_06,3128,130.27905,481.7,99.7,11.1,10.5,91
2025_06_06,3128,130.27905,247.7,113.0,16.6,13.2,167
2025_06_06,3128,130.27905,1173.8,513.5,14.6,11.4,151
2025_06_06,3128,130.27905,1163.6,582.4,11.7,10.6,108
2025_06_06,3128,130.27905,964.0,480.6,11.2,11.0,100
2025_06_06,3128,130.27905,605.7,495.7,12.4,10.6,99
2025_06_06,3128,130.27905,222.2,35.9,13.8,14.4,122
2025_06_06,3128,130.27905,824.9,212.0,11.3,13.1,114
2025_06_06,3129,130.3207,934.0,710.5,13.0,9.5,123
2025_06_06,3129,130.3207,514.6,442.7,14.0,10.6,112
2025_06_06,3129,130.3207,481.6,99.8,11.2,10.6,92
2025_06_06,3129,130.3207,247.7,112.9,16.8,13.5,175
2025_06_06,3129,130.3207,1163.5,582.3,11.5,10.8,130
2025_06_06,3129,130.3207,1173.8,513.5,14.8,11.4,154
2025_06_06,3129,130.3207,222.2,36.2,13.5,14.1,124
2025_06_06,3129,130.3207,963.9,480.6,11.2,10.9,100
2025_06_06,3129,130.3207,605.8,495.6,12.1,10.6,98
2025_06_06,3129,130.3207,824.7,211.9,11.1,12.9,107
2025_06_06,3130,130.36235,934.0,710.6,13.1,9.5,125
2025_06_06,3130,130.36235,247.6,112.6,16.5,13.1,168
2025_06_06,3130,130.36235,481.9,99.5,11.3,10.9,95
2025_06_06,3130,130.36235,514.4,442.8,14.1,10.4,114
2025_06_06,3130,130.36235,1173.7,513.4,14.6,11.4,153
2025_06_06,3130,130.36235,1163.6,582.3,11.5,10.8,107
2025_06_06,3130,130.36235,221.9,36.1,12.9,14.3,129
2025_06_06,3130,130.36235,605.6,495.5,12.0,10.6,93
2025_06_06,3130,130.36235,964.0,480.9,11.3,11.3,103
2025_06_06,3130,130.36235,824.4,211.6,11.2,13.0,106
2025_06_06,3131,130.404,934.1,710.5,13.4,9.7,124
2025_06_06,3131,130.404,247.5,112.7,16.3,13.1,164
2025_06_06,3131,130.404,481.7,99.4,11.3,11.1,97
2025_06_06,3131,130.404,1173.6,513.4,14.5,11.3,151
2025_06_06,3131,130.404,1163.6,582.2,11.5,10.7,106
2025_06_06,3131,130.404,222.0,37.0,12.2,13.1,125
2025_06_06,3131,130.404,513.9,442.9,13.5,10.6,109
2025_06_06,3131,130.404,963.9,481.2,11.2,11.4,101
2025_06_06,3131,130.404,605.4,495.2,11.8,10.7,91
2025_06_06,3131,130.404,824.3,211.5,11.4,13.2,115
2025_06_06,3132,130.44565,934.3,710.5,13.6,9.8,123
2025_06_06,3132,130.44565,481.8,99.3,11.8,11.0,107
2025_06_06,3132,130.44565,1163.9,582.3,11.9,10.8,109
2025_06_06,3132,130.44565,247.4,112.5,16.3,13.2,172
2025_06_06,3132,130.44565,1173.5,513.4,14.8,11.6,157
2025_06_06,3132,130.44565,222.0,37.2,12.4,13.2,128
2025_06_06,3132,130.44565,964.1,481.3,11.3,11.5,100
2025_06_06,3132,130.44565,605.7,495.5,11.7,10.8,94
2025_06_06,3132,130.44565,513.7,443.0,12.9,10.5,105
2025_06_06,3132,130.44565,823.8,210.8,10.9,13.0,109
2025_06_06,3133,130.4873,934.3,710.6,13.3,9.6,115
2025_06_06,3133,130.4873,482.3,99.2,12.0,11.5,114
2025_06_06,3133,130.4873,247.5,112.6,15.9,13.3,162
2025_06_06,3133,130.4873,1164.0,582.2,11.6,10.7,106
2025_06_06,3133,130.4873,1173.4,513.5,14.8,11.6,155
2025_06_06,3133,130.4873,222.1,37.4,12.3,13.4,128
2025_06_06,3133,130.4873,605.8,495.7,11.4,10.7,96
2025_06_06,3133,130.4873,964.1,481.2,11.5,11.5,103
2025_06_06,3133,130.4873,823.5,210.7,11.3,12.9,109
2025_06_06,3133,130.4873,513.4,443.1,12.4,10.4,100
2025_06_06,3134,130.52895,934.3,710.6,13.5,9.4,114
2025_06_06,3134,130.52895,1164.1,582.1,11.3,10.7,105
2025_06_06,3134,130.52895,1173.1,513.5,14.2,11.5,151
2025_06_06,3134,130.52895,482.4,99.7,11.8,11.4,120
2025_06_06,3134,130.52895,247.5,112.4,16.0,13.2,165
2025_06_06,3134,130.52895,606.1,496.3,11.2,10.4,96
2025_06_06,3134,130.52895,222.3,37.7,12.4,12.9,126
2025_06_06,3134,130.52895,823.4,210.3,11.3,12.4,106
2025_06_06,3134,130.52895,964.0,481.5,11.2,11.6,104
2025_06_06,3134,130.52895,512.9,443.2,12.1,10.2,97
2025_06_06,3135,130.5706,934.5,710.5,13.8,9.5,117
2025_06_06,3135,130.5706,1164.1,582.1,11.4,10.7,105
2025_06_06,3135,130.5706,606.1,496.8,11.1,10.2,94
2025_06_06,3135,130.5706,1173.0,513.5,14.2,11.3,147
2025_06_06,3135,130.5706,247.5,112.3,16.1,13.1,163
2025_06_06,3135,130.5706,222.3,37.8,12.4,13.0,121
2025_06_06,3135,130.5706,823.1,210.1,11.4,12.5,130
2025_06_06,3135,130.5706,482.7,99.6,12.4,11.5,128
2025_06_06,3135,130.5706,964.0,481.4,11.2,11.4,99
2025_06_06,3135,130.5706,512.9,443.0,12.4,10.2,100
2025_06_06,3135,130.5706,226.4,643.2,7.4,7.3,41
2025_06_06,3136,130.61224,934.6,710.6,13.7,9.6,122
2025_06_06,3136,130.61224,1164.2,581.9,11.6,10.8,107
2025_06_06,3136,130.61224,606.2,496.8,11.5,10.4,96
2025_06_06,3136,130.61224,482.6,100.5,11.6,10.6,94
2025_06_06,3136,130.61224,1172.9,513.4,14.2,11.5,150
2025_06_06,3136,130.61224,247.3,112.1,16.0,13.3,164
2025_06_06,3136,130.61224,823.0,210.2,11.5,12.4,107
2025_06_06,3136,130.61224,222.5,38.1,12.4,13.1,114
2025_06_06,3136,130.61224,964.0,481.4,11.4,11.7,103
2025_06_06,3136,130.61224,512.9,443.1,12.3,10.2,100
2025_06_06,3136,130.61224,226.6,643.2,7.5,7.4,43
2025_06_06,3137,130.65389,934.9,710.8,13.6,9.4,116
2025_06_06,3137,130.65389,1164.2,581.8,11.6,10.7,107
2025_06_06,3137,130.65389,247.7,112.1,16.9,13.4,171
2025_06_06,3137,130.65389,482.8,100.4,11.7,11.4,98
2025_06_06,3137,130.65389,1172.9,513.4,14.3,11.6,151
2025_06_06,3137,130.65389,606.4,497.1,11.6,10.4,98
2025_06_06,3137,130.65389,823.0,209.8,11.5,12.2,107
2025_06_06,3137,130.65389,222.1,37.7,12.7,13.8,116
2025_06_06,3137,130.65389,964.1,481.8,11.6,12.1,108
2025_06_06,3137,130.65389,512.5,442.9,13.0,9.9,102
2025_06_06,3137,130.65389,226.4,643.5,7.0,7.1,43
2025_06_06,3138,130.69554,934.9,710.7,13.6,9.5,117
2025_06_06,3138,130.69554,1164.2,581.8,11.6,10.9,108
2025_06_06,3138,130.69554,483.0,100.6,10.9,11.3,95
2025_06_06,3138,130.69554,247.6,111.6,17.1,13.7,175
2025_06_06,3138,130.69554,1172.9,513.4,14.2,11.6,151
2025_06_06,3138,130.69554,606.5,497.5,10.7,9.9,91
2025_06_06,3138,130.69554,822.7,209.6,11.7,12.3,108
2025_06_06,3138,130.69554,512.3,442.9,12.9,9.9,101
2025_06_06,3138,130.69554,222.0,37.8,12.8,14.1,124
2025_06_06,3138,130.69554,964.1,482.1,11.5,12.1,107
2025_06_06,3138,130.69554,226.3,643.6,7.0,7.3,43
2025_06_06,3139,130.73719,935.0,710.8,13.7,9.5,118
2025_06_06,3139,130.73719,482.9,100.7,10.9,11.2,93
2025_06_06,3139,130.73719,1164.3,581.8,11.9,11.0,111
2025_06_06,3139,130.73719,606.6,497.7,10.7,9.8,91
2025_06_06,3139,130.73719,1172.9,513.4,14.2,11.7,150
2025_06_06,3139,130.73719,248.0,111.7,16.3,13.7,174
2025_06_06,3139,130.73719,822.8,209.5,11.8,12.5,107
2025_06_06,3139,130.73719,222.2,38.3,12.7,14.3,125
2025_06_06,3139,130.73719,512.1,442.9,13.2,10.0,104
2025_06_06,3139,130.73719,964.2,482.3,11.7,12.2,112
2025_06_06,3139,130.73719,225.9,644.0,6.9,7.2,43
2025_06_06,3140,130.77884,935.2,710.7,13.8,9.5,119
2025_06_06,3140,130.77884,482.9,100.5,10.8,11.0,94
2025_06_06,3140,130.77884,606.8,497.9,11.1,9.9,93
2025_06_06,3140,130.77884,1172.8,513.3,14.2,11.8,150
2025_06_06,3140,130.77884,1164.8,581.6,11.6,10.5,111
2025_06_06,3140,130.77884,247.8,111.5,15.7,13.9,171
2025_06_06,3140,130.77884,822.7,209.2,11.7,12.7,112
2025_06_06,3140,130.77884,511.9,443.0,13.2,10.4,106
2025_06_06,3140,130.77884,222.6,38.6,12.5,14.4,124
2025_06_06,3140,130.77884,964.1,482.6,11.5,11.9,106
2025_06_06,3140,130.77884,225.9,643.9,7.1,7.1,46
2025_06_06,3141,130.82049,935.4,710.7,13.9,9.6,119
2025_06_06,3141,130.82049,483.0,100.4,11.0,10.9,95
2025_06_06,3141,130.82049,606.8,497.9,11.1,10.1,95
2025_06_06,3141,130.82049,1172.7,513.4,14.1,11.8,148
2025_06_06,3141,130.82049,1164.7,581.5,11.7,10.5,110
2025_06_06,3141,130.82049,248.0,111.3,16.4,14.1,179
2025_06_06,3141,130.82049,822.5,208.8,12.1,12.7,113
2025_06_06,3141,130.82049,511.8,442.9,13.4,10.5,107
2025_06_06,3141,130.82049,222.9,39.1,12.7,14.5,164
2025_06_06,3141,130.82049,964.0,482.8,11.1,11.7,104
2025_06_06,3141,130.82049,225.7,644.2,7.1,7.0,44
2025_06_06,3142,130.86214,935.5,710.7,14.1,9.6,125
2025_06_06,3142,130.86214,483.1,100.8,11.5,11.0,99
2025_06_06,3142,130.86214,606.9,498.4,10.6,9.6,85
2025_06_06,3142,130.86214,1172.5,513.4,14.6,11.9,155
2025_06_06,3142,130.86214,1164.7,581.4,11.7,10.5,109
2025_06_06,3142,130.86214,248.2,111.2,16.6,14.1,178
2025_06_06,3142,130.86214,511.6,442.8,13.5,10.1,104
2025_06_06,3142,130.86214,222.8,39.1,13.2,14.5,135
2025_06_06,3142,130.86214,822.6,208.7,11.9,12.2,110
2025_06_06,3142,130.86214,964.0,482.7,11.4,11.8,104
2025_06_06,3142,130.86214,225.5,644.3,7.5,7.2,45
2025_06_06,3143,130.90379,935.7,711.0,14.0,9.5,125
2025_06_06,3143,130.90379,483.0,100.8,11.5,11.1,99
2025_06_06,3143,130.90379,607.0,498.6,11.1,10.1,93
2025_06_06,3143,130.90379,1172.4,513.3,14.7,11.8,156
2025_06_06,3143,130.90379,1165.1,581.3,11.8,10.2,108
2025_06_06,3143,130.90379,248.4,110.7,16.4,14.1,182
2025_06_06,3143,130.90379,222.8,39.3,12.9,14.6,128
2025_06_06,3143,130.90379,511.6,442.8,13.7,10.2,109
2025_06_06,3143,130.90379,822.6,208.6,11.5,12.5,112
2025_06_06,3143,130.90379,964.1,483.0,11.5,12.1,107
2025_06_06,3143,130.90379,225.4,644.3,7.8,7.5,46
2025_06_06,3144,130.94544,935.9,711.0,14.1,9.6,128
2025_06_06,3144,130.94544,483.1,101.1,11.8,11.1,104
2025_06_06,3144,130.94544,607.0,498.8,10.9,10.2,94
2025_06_06,3144,130.94544,1172.0,513.4,15.0,11.8,161
2025_06_06,3144,130.94544,1165.1,581.1,11.9,10.3,111
2025_06_06,3144,130.94544,248.3,110.4,16.4,13.7,174
2025_06_06,3144,130.94544,511.4,442.8,13.9,9.7,111
2025_06_06,3144,130.94544,822.3,208.4,11.6,12.6,112
2025_06_06,3144,130.94544,964.2,482.8,11.5,12.2,109
2025_06_06,3144,130.94544,222.8,39.4,12.9,14.1,123
2025_06_06,3144,130.94544,225.2,644.5,8.1,7.6,44
2025_06_06,3145,130.98709,607.1,498.6,11.6,10.5,98
2025_06_06,3145,130.98709,936.2,711.2,13.9,9.4,125
2025_06_06,3145,130.98709,483.2,101.4,10.7,11.1,103
2025_06_06,3145,130.98709,1172.0,513.4,15.0,11.8,161
2025_06_06,3145,130.98709,1165.1,580.9,11.7,10.0,104
2025_06_06,3145,130.98709,248.2,110.4,16.6,13.6,173
2025_06_06,3145,130.98709,964.0,483.3,11.5,11.7,111
2025_06_06,3145,130.98709,511.0,442.9,13.5,9.6,105
2025_06_06,3145,130.98709,822.3,208.3,11.8,13.0,117
2025_06_06,3145,130.98709,222.9,39.8,12.9,13.4,156
2025_06_06,3145,130.98709,225.1,644.7,7.9,7.5,44
2025_06_06,3146,131.02874,607.2,499.1,11.6,10.2,96
2025_06_06,3146,131.02874,483.4,101.6,11.4,11.0,103
2025_06_06,3146,131.02874,1171.9,513.4,15.0,11.8,160
2025_06_06,3146,131.02874,1165.3,580.8,11.8,10.3,107
2025_06_06,3146,131.02874,248.3,110.3,16.8,14.0,182
2025_06_06,3146,131.02874,936.3,711.3,13.8,9.4,127
2025_06_06,3146,131.02874,510.9,442.8,13.5,9.4,97
2025_06_06,3146,131.02874,963.9,483.4,11.6,11.7,110
2025_06_06,3146,131.02874,223.2,40.2,12.8,13.7,118
2025_06_06,3146,131.02874,822.3,208.1,11.8,13.1,119
2025_06_06,3146,131.02874,225.0,644.7,8.1,7.5,42
2025_06_06,3147,131.07039,1165.4,580.9,11.8,10.4,108
2025_06_06,3147,131.07039,607.2,499.3,12.0,10.4,95
2025_06_06,3147,131.07039,483.3,101.6,11.2,11.2,101
2025_06_06,3147,131.07039,1171.8,513.4,15.0,11.7,158
2025_06_06,3147,131.07039,248.1,110.4,16.9,14.0,179
2025_06_06,3147,131.07039,936.3,711.4,13.4,9.6,134
2025_06_06,3147,131.07039,963.6,484.1,11.0,10.9,105
2025_06_06,3147,131.07039,510.7,442.9,13.4,9.3,99
2025_06_06,3147,131.07039,223.3,40.4,12.9,13.8,122
2025_06_06,3147,131.07039,822.4,208.1,11.7,13.1,118
2025_06_06,3147,131.07039,224.6,645.1,8.1,7.4,43
2025_06_06,3148,131.11204,1165.5,580.8,11.7,10.3,111
2025_06_06,3148,131.11204,1171.5,513.4,14.9,11.5,156
2025_06_06,3148,131.11204,483.6,101.8,11.5,11.0,103
2025_06_06,3148,131.11204,607.4,499.7,11.5,10.2,95
2025_06_06,3148,131.11204,936.3,711.4,13.6,9.6,136
2025_06_06,3148,131.11204,248.1,110.5,16.4,13.4,207
2025_06_06,3148,131.11204,963.7,484.3,10.8,10.8,103
2025_06_06,3148,131.11204,510.7,442.9,13.1,9.5,97
2025_06_06,3148,131.11204,822.1,207.9,11.4,12.9,114
2025_06_06,3148,131.11204,223.6,40.7,12.9,13.3,120
2025_06_06,3148,131.11204,224.6,645.1,7.9,7.2,41
2025_06_06,3149,131.15369,1165.5,580.8,11.7,10.4,113
2025_06_06,3149,131.15369,1171.5,513.4,14.9,11.4,156
2025_06_06,3149,131.15369,483.7,102.0,11.9,11.2,105
2025_06_06,3149,131.15369,936.4,711.3,13.8,9.5,137
2025_06_06,3149,131.15369,963.7,484.7,11.0,10.6,106
2025_06_06,3149,131.15369,607.6,499.7,12.1,10.6,103
2025_06_06,3149,131.15369,510.5,443.0,13.5,9.9,100
2025_06_06,3149,131.15369,223.9,41.0,12.4,13.0,120
2025_06_06,3149,131.15369,248.3,110.4,16.0,13.5,169
2025_06_06,3149,131.15369,822.0,207.9,11.5,12.9,115
2025_06_06,3149,131.15369,224.6,645.0,7.7,7.1,39
2025_06_06,3150,131.19534,1165.7,580.8,11.9,10.5,116
2025_06_06,3150,131.19534,1171.5,513.4,15.0,11.5,156
2025_06_06,3150,131.19534,483.8,102.2,12.0,11.3,109
2025_06_06,3150,131.19534,963.8,485.3,11.1,10.6,108
2025_06_06,3150,131.19534,224.0,41.4,11.9,12.8,117
2025_06_06,3150,131.19534,936.7,711.6,13.6,9.3,138
2025_06_06,3150,131.19534,607.9,499.7,12.5,11.0,109
2025_06_06,3150,131.19534,248.5,110.3,15.1,13.8,163
2025_06_06,3150,131.19534,822.0,207.8,11.4,12.9,113
2025_06_06,3150,131.19534,510.4,443.0,13.5,10.1,98
2025_06_06,3150,131.19534,224.6,645.1,7.4,7.1,39
2025_06_06,3151,131.23698,1165.8,580.8,11.8,10.6,115
2025_06_06,3151,131.23698,1171.2,513.6,14.8,11.7,155
2025_06_06,3151,131.23698,483.9,102.4,11.6,11.0,106
2025_06_06,3151,131.23698,224.0,41.7,12.0,13.2,117
2025_06_06,3151,131.23698,607.9,499.6,12.6,11.0,103
2025_06_06,3151,131.23698,963.9,485.5,11.2,10.7,111
2025_06_06,3151,131.23698,936.8,711.6,13.5,9.4,135
2025_06_06,3151,131.23698,822.0,207.6,11.5,12.7,112
2025_06_06,3151,131.23698,248.8,110.1,14.7,13.4,156
2025_06_06,3151,131.23698,224.5,645.2,7.6,7.1,41
2025_06_06,3151,131.23698,510.1,443.2,13.2,10.2,98
2025_06_06,3152,131.27863,1165.8,580.8,11.9,10.7,115
2025_06_06,3152,131.27863,1171.2,513.7,14.8,11.6,154
2025_06_06,3152,131.27863,483.9,102.4,11.5,11.4,107
2025_06_06,3152,131.27863,608.0,499.7,12.5,11.0,100
2025_06_06,3152,131.27863,964.0,485.8,11.0,10.6,107
2025_06_06,3152,131.27863,224.1,41.7,11.5,13.4,115
2025_06_06,3152,131.27863,937.2,711.7,13.6,9.6,140
2025_06_06,3152,131.27863,822.0,207.6,11.4,13.1,110
2025_06_06,3152,131.27863,248.9,110.2,14.7,13.7,157
2025_06_06,3152,131.27863,510.2,443.2,13.2,10.0,97
2025_06_06,3152,131.27863,224.4,645.4,7.7,7.2,40
2025_06_06,3153,131.32028,1166.0,580.7,11.5,10.5,110
2025_06_06,3153,131.32028,1171.3,513.6,14.8,11.6,154
2025_06_06,3153,131.32028,608.0,500.4,12.7,10.4,97
2025_06_06,3153,131.32028,964.2,486.0,11.2,10.9,107
2025_06_06,3153,131.32028,249.0,110.0,15.4,13.5,156
2025_06_06,3153,131.32028,484.0,102.6,11.6,11.1,107
2025_06_06,3153,131.32028,224.3,42.0,12.0,13.4,119
2025_06_06,3153,131.32028,822.1,207.5,11.3,13.3,110
2025_06_06,3153,131.32028,937.3,711.8,13.5,9.7,141
2025_06_06,3153,131.32028,224.4,645.5,7.6,7.0,42
2025_06_06,3153,131.32028,510.5,443.3,13.3,10.6,99
2025_06_06,3154,131.36193,1166.3,580.6,12.0,10.7,114
2025_06_06,3154,131.36193,608.1,500.4,12.4,10.5,99
2025_06_06,3154,131.36193,1171.1,513.7,14.5,11.6,155
2025_06_06,3154,131.36193,964.3,485.8,11.6,11.4,114
2025_06_06,3154,131.36193,224.1,42.1,12.3,13.6,120
2025_06_06,3154,131.36193,249.3,110.0,14.9,13.7,161
2025_06_06,3154,131.36193,822.1,207.2,11.4,13.4,112
2025_06_06,3154,131.36193,484.3,103.1,11.7,11.1,108
2025_06_06,3154,131.36193,937.4,711.9,13.4,9.7,142
2025_06_06,3154,131.36193,224.4,645.6,7.7,7.1,47
2025_06_06,3154,131.36193,510.4,443.4,12.9,10.6,97
2025_06_06,3155,131.40358,608.2,500.6,12.7,10.9,103
2025_06_06,3155,131.40358,1166.3,580.6,12.1,10.7,114
2025_06_06,3155,131.40358,1170.9,513.8,14.7,11.7,157
2025_06_06,3155,131.40358,224.0,42.3,12.8,13.7,123
2025_06_06,3155,131.40358,964.3,485.9,11.9,11.7,117
2025_06_06,3155,131.40358,822.2,207.1,11.6,13.3,113
2025_06_06,3155,131.40358,937.5,712.3,13.1,9.3,136
2025_06_06,3155,131.40358,484.4,103.2,11.8,10.7,105
2025_06_06,3155,131.40358,249.3,109.8,15.4,13.6,162
2025_06_06,3155,131.40358,510.3,443.4,13.2,10.8,100
2025_06_06,3155,131.40358,223.5,645.8,7.9,6.9,49
2025_06_06,3156,131.44523,608.5,500.9,12.2,10.7,104
2025_06_06,3156,131.44523,1166.4,580.6,11.8,10.7,113
2025_06_06,3156,131.44523,1170.7,513.8,14.7,11.7,151
2025_06_06,3156,131.44523,224.4,42.6,13.1,13.8,131
2025_06_06,3156,131.44523,937.7,712.4,13.2,9.4,137
2025_06_06,3156,131.44523,964.1,486.1,11.7,11.4,110
2025_06_06,3156,131.44523,822.1,206.9,11.8,13.0,114
2025_06_06,3156,131.44523,484.3,103.2,12.0,10.9,109
2025_06_06,3156,131.44523,249.3,109.6,15.6,13.5,163
2025_06_06,3156,131.44523,510.1,443.5,12.9,10.6,99
2025_06_06,3156,131.44523,223.3,646.1,8.0,7.2,49
2025_06_06,3157,131.48688,608.7,501.1,12.1,10.8,104
2025_06_06,3157,131.48688,1166.6,580.6,11.4,10.7,114
2025_06_06,3157,131.48688,1170.7,514.0,14.9,11.7,148
2025_06_06,3157,131.48688,822.0,206.6,11.7,12.5,111
2025_06_06,3157,131.48688,937.9,712.5,13.5,9.5,141
2025_06_06,3157,131.48688,224.6,42.7,13.2,13.2,117
2025_06_06,3157,131.48688,964.0,486.5,11.1,11.0,100
2025_06_06,3157,131.48688,249.4,109.3,15.8,13.5,170
2025_06_06,3157,131.48688,484.2,103.3,11.7,11.3,93
2025_06_06,3157,131.48688,509.7,443.7,12.6,10.0,96
2025_06_06,3157,131.48688,223.0,646.7,8.4,7.3,45
2025_06_06,3158,131.52853,608.7,501.1,12.0,11.2,104
2025_06_06,3158,131.52853,1170.6,514.1,14.8,11.6,149
2025_06_06,3158,131.52853,1166.8,580.6,11.5,10.7,115
2025_06_06,3158,131.52853,938.4,712.6,13.4,9.6,138
2025_06_06,3158,131.52853,821.9,206.5,11.8,12.6,116
2025_06_06,3158,131.52853,249.3,109.3,15.9,13.6,171
2025_06_06,3158,131.52853,964.1,486.6,11.4,11.3,103
2025_06_06,3158,131.52853,484.4,103.8,11.3,11.3,94
2025_06_06,3158,131.52853,224.6,43.2,13.4,13.4,129
2025_06_06,3158,131.52853,509.7,443.8,12.5,10.1,98
2025_06_06,3158,131.52853,223.0,646.7,8.2,7.4,44
2025_06_06,3159,131.57018,1170.6,514.1,14.8,11.6,151
2025_06_06,3159,131.57018,608.7,501.4,11.7,11.3,104
2025_06_06,3159,131.57018,1166.9,580.5,11.4,10.6,113
2025_06_06,3159,131.57018,938.5,712.7,13.4,9.5,138
2025_06_06,3159,131.57018,822.0,206.4,11.7,12.8,117
2025_06_06,3159,131.57018,249.2,109.3,15.6,13.4,168
2025_06_06,3159,131.57018,224.6,43.6,13.0,13.2,123
2025_06_06,3159,131.57018,484.6,103.7,11.5,11.5,107
2025_06_06,3159,131.57018,509.6,443.8,12.6,10.1,98
2025_06_06,3159,131.57018,223.0,646.8,7.8,7.3,44
2025_06_06,3159,131.57018,964.1,486.8,11.5,11.2,102
2025_06_06,3160,131.61183,938.5,712.9,13.4,9.7,137
2025_06_06,3160,131.61183,1170.4,514.1,14.9,11.5,149
2025_06_06,3160,131.61183,608.8,501.8,11.3,10.6,96
2025_06_06,3160,131.61183,821.8,206.1,12.0,12.6,113
2025_06_06,3160,131.61183,1167.1,580.6,12.0,10.6,115
2025_06_06,3160,131.61183,249.2,109.4,15.8,13.2,163
2025_06_06,3160,131.61183,484.9,104.1,11.4,11.6,110
2025_06_06,3160,131.61183,509.4,443.9,12.8,10.4,100
2025_06_06,3160,131.61183,224.8,43.9,12.7,13.0,125
2025_06_06,3160,131.61183,964.2,486.8,11.7,11.2,103
2025_06_06,3160,131.61183,223.0,646.8,7.7,7.3,44
2025_06_06,3161,131.65348,938.6,712.9,13.7,9.8,138
2025_06_06,3161,131.65348,608.9,501.8,11.5,10.6,95
2025_06_06,3161,131.65348,1170.2,514.2,15.1,11.7,156
2025_06_06,3161,131.65348,821.7,206.1,11.9,12.6,111
2025_06_06,3161,131.65348,485.1,104.5,11.3,11.1,112
2025_06_06,3161,131.65348,1167.1,580.6,12.0,10.5,116
2025_06_06,3161,131.65348,249.0,109.4,15.2,13.3,164
2025_06_06,3161,131.65348,224.7,44.0,12.5,13.6,129
2025_06_06,3161,131.65348,964.3,487.1,11.9,11.2,106
2025_06_06,3161,131.65348,509.4,443.9,13.0,10.4,98
2025_06_06,3161,131.65348,223.0,646.8,7.9,7.3,45
2025_06_06,3162,131.69513,938.7,712.9,13.7,9.8,141
2025_06_06,3162,131.69513,609.1,502.2,11.7,10.4,94
2025_06_06,3162,131.69513,1170.1,514.2,15.0,11.7,156
2025_06_06,3162,131.69513,485.1,104.6,11.9,11.0,112
2025_06_06,3162,131.69513,821.5,206.2,12.0,12.7,108
2025_06_06,3162,131.69513,249.2,109.2,14.6,13.7,167
2025_06_06,3162,131.69513,1167.2,580.6,11.8,10.5,116
2025_06_06,3162,131.69513,509.1,444.1,13.3,10.4,101
2025_06_06,3162,131.69513,224.9,44.1,12.3,13.2,127
2025_06_06,3162,131.69513,964.3,487.3,11.9,10.9,110
2025_06_06,3162,131.69513,222.8,647.1,7.8,7.3,45
2025_06_06,3163,131.73678,938.7,713.0,13.9,10.0,142
2025_06_06,3163,131.73678,609.3,502.4,11.4,10.5,92
2025_06_06,3163,131.73678,1170.1,514.2,14.9,11.6,153
2025_06_06,3163,131.73678,485.2,104.8,12.1,10.9,109
2025_06_06,3163,131.73678,1167.2,580.6,11.8,10.5,116
2025_06_06,3163,131.73678,509.0,444.0,13.1,10.2,100
2025_06_06,3163,131.73678,821.3,206.1,12.0,12.9,113
2025_06_06,3163,131.73678,249.4,109.1,15.2,13.7,171
2025_06_06,3163,131.73678,225.0,44.4,12.4,13.4,132
2025_06_06,3163,131.73678,964.1,487.8,11.3,10.9,108
2025_06_06,3163,131.73678,222.6,647.3,7.8,7.4,45
2025_06_06,3164,131.77843,939.0,713.3,14.2,10.2,143
2025_06_06,3164,131.77843,609.3,502.4,11.4,10.7,95
2025_06_06,3164,131.77843,485.3,104.9,12.3,11.0,110
2025_06_06,3164,131.77843,1170.0,514.2,14.9,11.5,142
2025_06_06,3164,131.77843,509.1,444.1,12.9,10.4,100
2025_06_06,3164,131.77843,1167.4,580.6,11.8,10.5,116
2025_06_06,3164,131.77843,821.2,205.9,12.2,12.9,112
2025_06_06,3164,131.77843,224.9,44.9,12.8,13.8,139
2025_06_06,3164,131.77843,964.0,488.1,11.0,10.6,102
2025_06_06,3164,131.77843,249.6,108.9,15.3,13.6,171
2025_06_06,3164,131.77843,222.2,647.4,8.4,7.6,47
2025_06_06,3165,131.82007,939.1,713.3,14.1,10.1,140
2025_06_06,3165,131.82007,609.4,502.5,11.4,10.9,101
2025_06_06,3165,131.82007,485.5,105.0,12.3,11.4,112
2025_06_06,3165,131.82007,249.8,108.7,15.8,13.5,168
2025_06_06,3165,131.82007,821.1,205.9,12.1,12.9,111
2025_06_06,3165,131.82007,508.8,444.1,12.8,10.6,96
2025_06_06,3165,131.82007,1170.0,514.3,14.9,11.6,146
2025_06_06,3165,131.82007,1167.4,580.6,11.9,10.6,115
2025_06_06,3165,131.82007,963.9,488.3,10.9,10.5,99
2025_06_06,3165,131.82007,225.0,45.2,12.7,14.0,142
2025_06_06,3165,131.82007,222.0,647.4,8.8,7.7,48
2025_06_06,3166,131.86172,939.4,713.4,13.9,10.1,133
2025_06_06,3166,131.86172,485.7,105.2,11.9,11.5,109
2025_06_06,3166,131.86172,609.5,502.7,11.4,10.8,98
2025_06_06,3166,131.86172,1170.1,514.3,14.8,11.6,144
2025_06_06,3166,131.86172,821.0,205.6,12.2,12.9,115
2025_06_06,3166,131.86172,508.8,444.1,12.7,10.4,100
2025_06_06,3166,131.86172,964.0,488.5,10.7,10.5,99
2025_06_06,3166,131.86172,1167.4,580.5,11.9,10.5,116
2025_06_06,3166,131.86172,249.9,108.7,15.3,13.3,163
2025_06_06,3166,131.86172,225.0,45.3,12.4,13.9,142
2025_06_06,3167,131.90337,939.5,713.4,14.1,10.1,133
2025_06_06,3167,131.90337,485.8,105.5,11.6,11.5,106
2025_06_06,3167,131.90337,820.9,205.5,12.2,12.9,114
2025_06_06,3167,131.90337,1167.9,580.6,11.6,10.5,116
2025_06_06,3167,131.90337,964.2,489.0,10.5,10.3,94
2025_06_06,3167,131.90337,1170.0,514.4,15.0,11.7,144
2025_06_06,3167,131.90337,250.0,108.9,15.1,12.8,165
2025_06_06,3167,131.90337,609.8,503.0,11.8,10.7,107
2025_06_06,3167,131.90337,508.8,444.1,13.0,10.7,101
2025_06_06,3167,131.90337,225.1,45.7,12.8,13.6,132
2025_06_06,3168,131.94502,939.6,713.5,14.0,10.0,134
2025_06_06,3168,131.94502,486.0,105.7,11.6,11.1,106
2025_06_06,3168,131.94502,820.9,205.4,11.9,12.9,112
2025_06_06,3168,131.94502,964.1,489.2,11.0,10.7,95
2025_06_06,3168,131.94502,1167.9,580.6,11.5,10.7,117
2025_06_06,3168,131.94502,249.8,109.0,15.1,13.3,169
2025_06_06,3168,131.94502,1169.8,514.5,14.9,12.0,144
2025_06_06,3168,131.94502,508.3,444.5,12.2,10.0,95
2025_06_06,3168,131.94502,225.2,46.1,12.6,13.7,130
2025_06_06,3168,131.94502,609.9,503.2,11.3,10.8,107
2025_06_06,3168,131.94502,221.7,647.8,8.3,7.8,51
2025_06_06,3169,131.98667,939.7,713.5,14.1,10.0,136
2025_06_06,3169,131.98667,485.9,106.1,12.0,10.6,110
2025_06_06,3169,131.98667,820.9,205.2,12.1,13.0,116
2025_06_06,3169,131.98667,1167.9,580.6,11.6,10.7,117
2025_06_06,3169,131.98667,964.1,489.2,11.0,10.7,96
2025_06_06,3169,131.98667,249.9,108.9,14.3,13.9,161
2025_06_06,3169,131.98667,1169.8,514.5,14.8,11.9,144
2025_06_06,3169,131.98667,508.3,444.4,12.4,10.2,99
2025_06_06,3169,131.98667,225.2,46.4,12.6,14.1,133
2025_06_06,3169,131.98667,609.9,503.3,11.3,10.5,106
2025_06_06,3170,132.02832,940.0,713.4,14.1,10.0,140
2025_06_06,3170,132.02832,485.9,106.2,12.1,11.1,113
2025_06_06,3170,132.02832,820.9,205.1,12.0,13.1,118
2025_06_06,3170,132.02832,1168.0,580.5,11.6,10.6,118
2025_06_06,3170,132.02832,964.0,489.2,11.2,11.0,99
2025_06_06,3170,132.02832,249.8,108.9,14.2,14.1,164
2025_06_06,3170,132.02832,1169.8,514.6,14.8,11.9,144
2025_06_06,3170,132.02832,225.3,46.7,12.2,13.6,125
2025_06_06,3170,132.02832,508.3,444.3,12.9,10.5,102
2025_06_06,3170,132.02832,609.9,504.1,11.4,10.7,106
2025_06_06,3171,132.06997,940.3,713.6,13.9,9.9,135
2025_06_06,3171,132.06997,1168.2,580.6,11.8,10.7,118
2025_06_06,3171,132.06997,820.8,205.0,12.0,12.9,117
2025_06_06,3171,132.06997,486.0,106.4,12.4,11.2,111
2025_06_06,3171,132.06997,964.1,489.1,11.4,11.2,102
2025_06_06,3171,132.06997,1169.7,514.7,14.8,12.1,147
2025_06_06,3171,132.06997,249.7,108.9,15.3,13.6,173
2025_06_06,3171,132.06997,225.4,46.9,12.8,13.4,125
2025_06_06,3171,132.06997,610.0,504.4,11.6,10.9,112
2025_06_06,3171,132.06997,507.9,444.5,12.0,10.3,93
2025_06_06,3172,132.11162,940.4,713.7,14.1,10.0,136
2025_06_06,3172,132.11162,820.8,204.9,11.8,13.1,118
2025_06_06,3172,132.11162,1168.2,580.6,11.6,10.7,118
2025_06_06,3172,132.11162,485.9,106.3,12.4,11.3,111
2025_06_06,3172,132.11162,249.6,109.0,15.2,13.8,170
2025_06_06,3172,132.11162,964.1,489.3,11.0,10.9,102
2025_06_06,3172,132.11162,1169.0,514.7,14.9,11.9,152
2025_06_06,3172,132.11162,610.1,504.6,11.8,10.9,108
2025_06_06,3172,132.11162,225.4,47.1,12.2,14.0,130
2025_06_06,3172,132.11162,507.4,444.5,12.0,10.4,88
2025_06_06,3172,132.11162,221.4,648.7,8.2,7.3,50
2025_06_06,3173,132.15327,940.7,713.9,13.9,10.0,137
2025_06_06,3173,132.15327,1168.3,580.7,11.8,10.7,119
2025_06_06,3173,132.15327,820.9,204.8,11.8,13.1,117
2025_06_06,3173,132.15327,486.1,106.5,12.4,11.0,112
2025_06_06,3173,132.15327,964.2,489.4,11.2,11.2,106
2025_06_06,3173,132.15327,1168.9,514.6,14.9,11.8,149
2025_06_06,3173,132.15327,249.9,108.9,15.1,14.3,178
2025_06_06,3173,132.15327,225.9,47.6,12.3,14.1,130
2025_06_06,3173,132.15327,610.6,505.1,11.2,10.4,105
2025_06_06,3173,132.15327,507.7,444.6,12.1,10.6,92
2025_06_06,3173,132.15327,221.4,648.7,8.5,7.5,55
2025_06_06,3174,132.19492,940.7,713.9,13.8,10.0,135
2025_06_06,3174,132.19492,1168.6,580.6,11.3,10.5,112
2025_06_06,3174,132.19492,821.0,204.8,12.0,13.4,119
2025_06_06,3174,132.19492,610.7,505.6,11.2,10.2,105
2025_06_06,3174,132.19492,486.4,107.5,11.1,10.3,95
2025_06_06,3174,132.19492,964.3,489.7,11.7,11.3,113
2025_06_06,3174,132.19492,250.5,108.6,14.9,14.1,169
2025_06_06,3174,132.19492,1168.7,514.6,14.7,12.0,147
2025_06_06,3174,132.19492,225.8,47.9,12.3,14.1,130
2025_06_06,3174,132.19492,221.1,649.1,7.7,7.3,49
2025_06_06,3174,132.19492,507.6,444.7,12.2,10.3,92
2025_06_06,3175,132.23657,940.9,714.1,13.8,10.0,131
2025_06_06,3175,132.23657,1168.6,580.3,11.3,10.5,112
2025_06_06,3175,132.23657,820.9,204.9,12.1,13.4,126
2025_06_06,3175,132.23657,486.5,107.6,11.1,10.5,101
2025_06_06,3175,132.23657,610.5,505.7,11.7,10.7,111
2025_06_06,3175,132.23657,1168.3,514.8,14.7,12.0,151
2025_06_06,3175,132.23657,250.5,108.7,14.9,13.4,163
2025_06_06,3175,132.23657,964.3,489.9,11.4,11.4,111
2025_06_06,3175,132.23657,225.9,48.1,12.3,13.2,124
2025_06_06,3175,132.23657,220.9,649.4,7.7,7.3,48
2025_06_06,3175,132.23657,507.5,444.9,12.0,10.1,92
2025_06_06,3176,132.27822,940.9,714.2,13.9,9.9,131
2025_06_06,3176,132.27822,1168.6,580.2,11.3,10.5,112
2025_06_06,3176,132.27822,610.6,506.3,11.3,10.3,100
2025_06_06,3176,132.27822,820.9,204.9,12.1,13.8,125
2025_06_06,3176,132.27822,1168.3,514.9,14.8,11.9,151
2025_06_06,3176,132.27822,486.6,107.9,11.2,10.6,104
2025_06_06,3176,132.27822,250.8,108.7,14.7,13.1,162
2025_06_06,3176,132.27822,964.2,490.5,11.2,11.2,109
2025_06_06,3176,132.27822,225.9,48.1,11.7,12.9,120
2025_06_06,3176,132.27822,220.9,649.7,7.3,7.2,46
2025_06_06,3176,132.27822,507.5,444.9,12.1,10.5,94
2025_06_06,3177,132.31987,941.2,714.3,14.0,9.7,126
2025_06_06,3177,132.31987,1168.7,580.0,11.4,10.4,113
2025_06_06,3177,132.31987,486.5,107.8,11.4,11.0,103
2025_06_06,3177,132.31987,610.8,506.7,11.4,10.4,103
2025_06_06,3177,132.31987,1168.0,515.0,14.5,11.7,146
2025_06_06,3177,132.31987,820.7,204.1,11.8,13.2,116
2025_06_06,3177,132.31987,251.1,108.4,15.0,13.0,165
2025_06_06,3177,132.31987,220.8,649.6,7.3,7.1,44
2025_06_06,3177,132.31987,964.2,490.7,11.3,11.5,110
2025_06_06,3177,132.31987,226.1,48.3,11.9,13.2,124
2025_06_06,3177,132.31987,507.5,444.9,11.9,10.4,89
2025_06_06,3178,132.36152,941.2,714.4,14.0,9.7,124
2025_06_06,3178,132.36152,1168.7,580.0,11.5,10.4,114
2025_06_06,3178,132.36152,1167.4,515.1,13.8,11.7,147
2025_06_06,3178,132.36152,610.8,507.2,11.5,10.5,104
2025_06_06,3178,132.36152,486.5,108.1,11.5,10.9,104
2025_06_06,3178,132.36152,820.6,204.0,11.6,13.2,112
2025_06_06,3178,132.36152,251.2,108.2,14.6,13.2,161
2025_06_06,3178,132.36152,964.4,490.9,11.5,11.7,110
2025_06_06,3178,132.36152,226.4,48.6,12.2,12.5,119
2025_06_06,3178,132.36152,220.8,650.1,8.5,7.9,52
2025_06_06,3178,132.36152,133.5,174.7,13.2,10.6,104
2025_06_06,3178,132.36152,507.3,445.0,12.1,10.6,87
2025_06_06,3179,132.40317,941.3,714.6,13.9,9.5,121
2025_06_06,3179,132.40317,1169.1,579.8,11.4,10.3,113
2025_06_06,3179,132.40317,610.6,507.0,11.4,10.7,103
2025_06_06,3179,132.40317,1167.4,515.1,14.0,11.8,149
2025_06_06,3179,132.40317,486.9,108.4,11.3,10.7,103
2025_06_06,3179,132.40317,820.6,203.7,11.7,13.2,115
2025_06_06,3179,132.40317,251.4,108.2,14.7,13.7,163
2025_06_06,3179,132.40317,226.7,48.8,12.4,12.8,120
2025_06_06,3179,132.40317,964.4,491.1,11.4,11.6,109
2025_06_06,3179,132.40317,220.3,650.8,8.2,7.6,47
2025_06_06,3179,132.40317,133.5,174.7,13.2,10.2,98
2025_06_06,3180,132.44481,941.6,714.6,14.1,9.6,124
2025_06_06,3180,132.44481,1169.0,579.8,11.5,10.4,115
2025_06_06,3180,132.44481,610.8,507.2,11.2,10.4,101
2025_06_06,3180,132.44481,1167.0,515.2,13.6,11.8,146
2025_06_06,3180,132.44481,820.6,203.2,11.9,12.3,111
2025_06_06,3180,132.44481,486.9,108.7,11.6,10.2,103
2025_06_06,3180,132.44481,964.3,491.5,11.1,11.1,101
2025_06_06,3180,132.44481,251.4,108.4,14.9,14.3,167
2025_06_06,3180,132.44481,227.1,49.2,12.2,12.8,120
2025_06_06,3180,132.44481,220.3,650.8,8.1,7.5,47
2025_06_06,3181,132.48646,941.6,714.6,14.3,9.8,125
2025_06_06,3181,132.48646,1169.0,579.7,11.3,10.3,111
2025_06_06,3181,132.48646,611.0,507.4,11.2,10.3,100
2025_06_06,3181,132.48646,1166.9,515.2,13.4,11.9,144
2025_06_06,3181,132.48646,820.3,203.0,11.9,12.5,108
2025_06_06,3181,132.48646,487.1,108.9,11.8,10.1,101
2025_06_06,3181,132.48646,964.1,491.9,10.6,10.6,99
2025_06_06,3181,132.48646,227.3,49.6,12.6,13.2,126
2025_06_06,3181,132.48646,251.5,108.3,15.2,14.2,165
2025_06_06,3181,132.48646,220.4,650.7,8.3,7.6,51
2025_06_06,3181,132.48646,507.2,444.9,12.0,10.1,85
2025_06_06,3181,132.48646,133.6,174.5,13.4,10.5,101
2025_06_06,3182,132.52811,941.8,714.6,14.3,10.0,122
2025_06_06,3182,132.52811,1169.1,579.7,11.2,10.3,113
2025_06_06,3182,132.52811,611.0,507.2,11.1,10.5,102
2025_06_06,3182,132.52811,1166.6,515.2,13.3,11.8,144
2025_06_06,3182,132.52811,820.3,202.7,11.7,12.4,107
2025_06_06,3182,132.52811,487.2,108.5,11.9,10.9,107
2025_06_06,3182,132.52811,964.0,492.3,10.9,10.7,100
2025_06_06,3182,132.52811,227.2,49.8,12.7,13.5,128
2025_06_06,3182,132.52811,251.2,108.0,14.0,14.9,164
2025_06_06,3182,132.52811,220.4,650.8,8.4,7.6,53
2025_06_06,3182,132.52811,506.7,445.1,11.5,10.1,85
2025_06_06,3183,132.56976,941.9,714.7,14.4,10.0,121
2025_06_06,3183,132.56976,1169.2,579.8,11.1,10.4,111
2025_06_06,3183,132.56976,1167.0,515.1,14.0,11.9,150
2025_06_06,3183,132.56976,820.2,202.7,11.4,12.6,105
2025_06_06,3183,132.56976,611.3,507.0,11.4,11.2,105
2025_06_06,3183,132.56976,964.0,492.7,10.6,10.4,98
2025_06_06,3183,132.56976,227.1,50.2,13.0,14.3,129
2025_06_06,3183,132.56976,487.5,109.0,11.9,10.9,104
2025_06_06,3183,132.56976,251.1,108.0,14.0,14.5,165
2025_06_06,3183,132.56976,506.7,445.1,11.5,10.3,87
2025_06_06,3183,132.56976,220.1,650.8,8.5,7.9,51
2025_06_06,3184,132.61141,942.2,714.8,14.1,9.6,117
2025_06_06,3184,132.61141,1169.2,579.8,11.3,10.5,113
2025_06_06,3184,132.61141,1166.9,515.1,14.0,11.9,153
2025_06_06,3184,132.61141,819.9,202.5,11.9,12.5,111
2025_06_06,3184,132.61141,611.4,507.3,11.4,11.0,104
2025_06_06,3184,132.61141,964.1,492.7,11.0,10.6,100
2025_06_06,3184,132.61141,487.8,109.0,11.3,11.1,103
2025_06_06,3184,132.61141,227.0,50.2,12.7,14.3,127
2025_06_06,3184,132.61141,251.1,107.7,14.2,14.5,164
2025_06_06,3184,132.61141,506.7,445.1,11.4,10.6,88
2025_06_06,3184,132.61141,220.2,650.8,8.5,7.8,52
2025_06_06,3185,132.65306,942.3,714.8,14.2,9.6,117
2025_06_06,3185,132.65306,1169.3,579.6,11.5,10.7,117
2025_06_06,3185,132.65306,1166.6,515.1,13.8,11.8,151
2025_06_06,3185,132.65306,819.9,202.5,11.6,12.3,109
2025_06_06,3185,132.65306,611.5,507.5,11.6,10.9,106
2025_06_06,3185,132.65306,964.1,492.9,11.0,10.4,99
2025_06_06,3185,132.65306,227.4,50.8,12.6,14.0,129
2025_06_06,3185,132.65306,487.9,108.9,11.6,11.6,105
2025_06_06,3185,132.65306,251.3,107.6,14.6,13.9,164
2025_06_06,3185,132.65306,506.7,445.3,11.3,10.3,87
2025_06_06,3186,132.69471,942.5,715.0,13.9,9.3,107
2025_06_06,3186,132.69471,1169.9,579.8,11.2,10.3,106
2025_06_06,3186,132.69471,227.3,51.0,12.6,13.5,124
2025_06_06,3186,132.69471,820.0,202.5,12.3,12.7,117
2025_06_06,3186,132.69471,1166.7,515.3,14.3,11.7,147
2025_06_06,3186,132.69471,611.3,508.3,10.7,10.0,88
2025_06_06,3186,132.69471,487.9,109.7,12.0,12.0,112
2025_06_06,3186,132.69471,964.3,492.9,12.0,11.1,114
2025_06_06,3186,132.69471,251.6,107.3,15.3,13.7,169
2025_06_06,3186,132.69471,506.9,445.5,11.8,10.3,86
2025_06_06,3186,132.69471,219.3,651.7,7.2,7.2,44
2025_06_06,3187,132.73636,942.7,715.0,14.1,9.5,112
2025_06_06,3187,132.73636,1169.9,579.7,11.3,10.3,107
2025_06_06,3187,132.73636,1166.7,515.3,14.4,11.9,145
2025_06_06,3187,132.73636,227.5,51.3,12.7,13.1,119
2025_06_06,3187,132.73636,819.9,202.4,12.5,12.7,117
2025_06_06,3187,132.73636,611.5,507.6,11.2,11.1,99
2025_06_06,3187,132.73636,964.4,492.9,12.3,11.5,116
2025_06_06,3187,132.73636,487.9,109.8,12.0,11.6,108
2025_06_06,3187,132.73636,506.5,445.5,11.8,10.2,88
2025_06_06,3187,132.73636,251.8,107.3,15.2,13.9,173
2025_06_06,3187,132.73636,219.5,651.8,7.3,7.4,42
2025_06_06,3188,132.77801,942.8,715.0,14.3,9.5,112
2025_06_06,3188,132.77801,1169.9,579.7,11.2,10.3,109
2025_06_06,3188,132.77801,819.8,202.5,12.4,12.8,119
2025_06_06,3188,132.77801,1166.7,515.3,14.4,11.9,147
2025_06_06,3188,132.77801,227.7,51.5,12.2,13.2,120
2025_06_06,3188,132.77801,611.7,508.0,11.3,10.9,101
2025_06_06,3188,132.77801,487.9,110.3,11.9,11.2,110
2025_06_06,3188,132.77801,964.5,492.9,12.3,11.8,113
2025_06_06,3188,132.77801,506.2,445.5,11.8,10.2,90
2025_06_06,3188,132.77801,251.8,107.0,15.2,14.2,169
2025_06_06,3188,132.77801,219.4,651.8,7.3,7.3,38
2025_06_06,3189,132.81966,943.1,715.1,14.3,9.5,112
2025_06_06,3189,132.81966,1170.1,579.7,11.1,10.3,106
2025_06_06,3189,132.81966,1166.6,515.4,14.5,12.0,147
2025_06_06,3189,132.81966,612.0,508.4,11.6,10.4,104
2025_06_06,3189,132.81966,819.6,202.3,12.8,12.8,121
2025_06_06,3189,132.81966,488.3,110.5,11.0,11.4,102
2025_06_06,3189,132.81966,964.5,493.3,12.2,11.8,114
2025_06_06,3189,132.81966,506.1,445.5,12.0,10.0,88
2025_06_06,3189,132.81966,227.5,51.8,12.5,14.2,130
2025_06_06,3189,132.81966,252.1,106.8,15.4,14.6,169
2025_06_06,3189,132.81966,219.4,651.9,7.5,7.3,40
2025_06_06,3190,132.86131,943.1,715.1,14.3,9.5,111
2025_06_06,3190,132.86131,1170.3,579.7,11.3,10.3,111
2025_06_06,3190,132.86131,1166.6,515.5,14.4,12.0,146
2025_06_06,3190,132.86131,819.5,202.1,12.8,12.7,119
2025_06_06,3190,132.86131,612.5,508.4,11.9,10.6,112
2025_06_06,3190,132.86131,488.3,110.8,11.1,11.5,104
2025_06_06,3190,132.86131,227.4,52.3,13.0,14.4,134
2025_06_06,3190,132.86131,964.5,493.4,12.3,11.8,116
2025_06_06,3190,132.86131,505.9,445.4,11.3,9.8,82
2025_06_06,3190,132.86131,252.2,107.1,14.8,14.3,167
2025_06_06,3190,132.86131,219.4,651.9,7.2,7.2,40
2025_06_06,3191,132.90296,943.2,715.1,14.4,9.7,113
2025_06_06,3191,132.90296,1170.3,579.7,11.0,10.2,109
2025_06_06,3191,132.90296,819.0,201.9,12.6,12.4,118
2025_06_06,3191,132.90296,1166.6,515.5,14.3,11.9,141
2025_06_06,3191,132.90296,612.2,509.1,12.1,10.0,105
2025_06_06,3191,132.90296,488.5,111.2,11.1,10.9,104
2025_06_06,3191,132.90296,227.5,53.0,12.7,13.8,131
2025_06_06,3191,132.90296,505.6,445.4,11.6,10.1,87
2025_06_06,3191,132.90296,252.1,107.1,14.7,14.6,161
2025_06_06,3191,132.90296,964.4,493.8,12.2,11.7,115
2025_06_06,3191,132.90296,219.2,652.1,7.3,7.3,41
2025_06_06,3192,132.94461,943.2,715.2,14.4,9.6,116
2025_06_06,3192,132.94461,1170.4,579.7,11.0,10.3,111
2025_06_06,3192,132.94461,819.1,201.8,12.5,12.5,114
2025_06_06,3192,132.94461,1166.5,515.7,14.3,11.7,142
2025_06_06,3192,132.94461,612.1,509.3,12.2,10.1,109
2025_06_06,3192,132.94461,505.3,445.5,11.5,9.9,89
2025_06_06,3192,132.94461,227.5,52.9,12.9,13.5,135
2025_06_06,3192,132.94461,488.7,111.6,11.2,10.5,101
2025_06_06,3192,132.94461,252.2,107.1,14.6,14.9,166
2025_06_06,3192,132.94461,964.3,494.0,12.1,11.6,115
2025_06_06,3192,132.94461,219.2,652.1,7.3,7.2,42
2025_06_06,3193,132.98626,943.3,715.1,14.5,9.7,116
2025_06_06,3193,132.98626,1170.4,579.7,11.1,10.3,111
2025_06_06,3193,132.98626,818.9,201.3,12.6,12.2,111
2025_06_06,3193,132.98626,1166.5,515.7,14.5,11.7,142
2025_06_06,3193,132.98626,612.1,509.6,12.2,10.1,106
2025_06_06,3193,132.98626,505.5,445.4,11.3,9.8,88
2025_06_06,3193,132.98626,227.7,53.3,12.6,13.6,132
2025_06_06,3193,132.98626,488.6,111.9,11.5,10.5,109
2025_06_06,3193,132.98626,252.3,107.2,14.9,15.1,169
2025_06_06,3193,132.98626,219.0,652.2,7.2,7.3,43
2025_06_06,3193,132.98626,964.3,494.3,12.1,11.4,119
2025_06_06,3194,133.02791,943.4,715.2,14.6,9.6,116
2025_06_06,3194,133.02791,1170.3,579.4,11.4,10.5,113
2025_06_06,3194,133.02791,1166.2,515.7,14.7,11.7,142
2025_06_06,3194,133.02791,818.8,200.9,12.4,11.9,107
2025_06_06,3194,133.02791,612.1,509.6,12.3,10.4,109
2025_06_06,3194,133.02791,505.1,445.3,11.4,9.6,88
2025_06_06,3194,133.02791,227.9,53.5,12.5,12.8,171
2025_06_06,3194,133.02791,252.3,106.9,14.7,14.3,166
2025_06_06,3194,133.02791,488.6,112.0,11.8,10.4,108
2025_06_06,3194,133.02791,964.4,494.5,12.1,11.2,114
2025_06_06,3194,133.02791,218.7,652.8,7.4,7.5,43
2025_06_06,3195,133.06955,1170.4,579.4,11.6,10.5,114
2025_06_06,3195,133.06955,943.6,715.3,14.6,9.5,114
2025_06_06,3195,133.06955,1166.2,515.6,14.9,11.6,142
2025_06_06,3195,133.06955,818.7,200.8,12.5,12.2,113
2025_06_06,3195,133.06955,252.4,106.7,14.6,14.3,161
2025_06_06,3195,133.06955,612.1,510.2,12.0,10.5,106
2025_06_06,3195,133.06955,505.1,445.2,11.2,9.5,83
2025_06_06,3195,133.06955,228.0,53.8,12.7,13.0,130
2025_06_06,3195,133.06955,964.4,494.6,12.4,11.2,116
2025_06_06,3195,133.06955,488.9,112.0,12.2,10.5,111
2025_06_06,3195,133.06955,218.8,652.8,7.2,7.6,42
2025_06_06,3196,133.1112,1170.6,579.4,11.8,10.5,114
2025_06_06,3196,133.1112,943.7,715.2,14.7,9.6,114
2025_06_06,3196,133.1112,1166.2,515.6,14.9,11.5,142
2025_06_06,3196,133.1112,818.7,200.6,12.3,12.3,135
2025_06_06,3196,133.1112,612.2,510.1,11.8,10.6,107
2025_06_06,3196,133.1112,505.2,445.2,11.2,9.5,83
2025_06_06,3196,133.1112,489.1,112.2,11.4,10.4,104
2025_06_06,3196,133.1112,228.0,54.0,12.7,13.2,134
2025_06_06,3196,133.1112,964.3,494.7,12.3,11.3,116
2025_06_06,3196,133.1112,252.4,106.6,14.1,14.3,155
2025_06_06,3196,133.1112,218.9,652.8,7.1,7.3,41
2025_06_06,3197,133.15285,1170.7,579.5,11.7,10.5,115
2025_06_06,3197,133.15285,943.9,715.1,14.5,9.7,113
2025_06_06,3197,133.15285,1166.1,515.6,14.9,11.6,144
2025_06_06,3197,133.15285,818.7,200.6,12.4,12.3,135
2025_06_06,3197,133.15285,612.1,510.1,12.2,11.2,113
2025_06_06,3197,133.15285,252.3,106.7,14.3,14.3,155
2025_06_06,3197,133.15285,489.2,112.3,11.1,11.0,107
2025_06_06,3197,133.15285,228.3,54.3,13.2,12.9,129
2025_06_06,3197,133.15285,505.2,445.4,11.2,9.6,85
2025_06_06,3197,133.15285,964.3,494.9,12.1,11.0,116
2025_06_06,3197,133.15285,218.8,653.0,7.0,7.2,40
2025_06_06,3198,133.1945,1170.8,579.2,11.6,10.6,114
2025_06_06,3198,133.1945,944.0,715.1,14.6,9.8,116
2025_06_06,3198,133.1945,1166.0,515.6,14.7,11.7,146
2025_06_06,3198,133.1945,252.5,106.4,14.4,13.6,149
2025_06_06,3198,133.1945,612.2,510.3,12.3,11.0,112
2025_06_06,3198,133.1945,818.6,200.3,12.4,12.4,116
2025_06_06,3198,133.1945,505.1,445.5,11.3,9.5,82
2025_06_06,3198,133.1945,488.9,112.2,10.8,10.1,103
2025_06_06,3198,133.1945,228.2,54.6,13.7,13.0,130
2025_06_06,3198,133.1945,964.2,495.0,11.9,10.8,114
2025_06_06,3198,133.1945,218.8,653.0,7.0,7.1,40
2025_06_06,3199,133.23615,1170.8,579.3,11.7,10.7,116
2025_06_06,3199,133.23615,252.6,106.4,14.7,13.6,157
2025_06_06,3199,133.23615,1166.0,515.6,14.7,11.7,146
2025_06_06,3199,133.23615,944.2,715.1,14.5,9.9,114
2025_06_06,3199,133.23615,818.7,200.3,12.5,12.6,116
2025_06_06,3199,133.23615,612.2,510.7,12.2,10.7,114
2025_06_06,3199,133.23615,489.2,112.2,11.8,10.1,117
2025_06_06,3199,133.23615,504.8,445.6,11.3,9.5,82
2025_06_06,3199,133.23615,228.6,54.7,13.2,12.7,123
2025_06_06,3199,133.23615,964.1,495.1,11.9,10.7,110
2025_06_06,3199,133.23615,218.6,653.7,7.1,7.2,42
2025_06_06,3200,133.2778,1170.9,579.3,11.3,10.6,113
2025_06_06,3200,133.2778,252.6,106.4,14.8,13.6,160
2025_06_06,3200,133.2778,1165.9,515.6,14.8,11.6,146
2025_06_06,3200,133.2778,944.2,715.1,14.6,9.7,114
2025_06_06,3200,133.2778,489.2,112.8,11.0,10.4,113
2025_06_06,3200,133.2778,818.6,200.3,12.9,12.5,118
2025_06_06,3200,133.2778,612.4,510.8,12.4,10.8,113
2025_06_06,3200,133.2778,228.8,54.9,13.2,12.9,124
2025_06_06,3200,133.2778,504.8,445.6,11.3,9.8,82
2025_06_06,3200,133.2778,964.0,495.8,11.2,10.6,105
2025_06_06,3200,133.2778,218.4,653.7,7.2,7.2,42
2025_06_06,3201,133.31945,1170.8,579.2,11.2,10.8,116
2025_06_06,3201,133.31945,252.7,106.1,15.0,13.6,164
2025_06_06,3201,133.31945,1165.8,515.7,14.7,11.6,144
2025_06_06,3201,133.31945,944.4,715.1,14.7,9.8,114
2025_06_06,3201,133.31945,489.1,112.7,10.7,10.7,115
2025_06_06,3201,133.31945,818.7,200.2,13.3,12.8,124
2025_06_06,3201,133.31945,228.9,55.0,13.2,12.6,126
2025_06_06,3201,133.31945,964.0,495.9,11.5,10.6,101
2025_06_06,3201,133.31945,612.4,511.1,12.6,10.6,114
2025_06_06,3201,133.31945,504.8,445.6,11.5,9.7,84
2025_06_06,3201,133.31945,218.3,653.7,7.2,7.3,44
2025_06_06,3202,133.3611,1170.9,579.1,11.2,10.8,114
2025_06_06,3202,133.3611,252.8,106.0,15.2,13.6,163
2025_06_06,3202,133.3611,1165.8,515.7,14.7,11.5,142
2025_06_06,3202,133.3611,944.5,715.1,14.8,9.9,114
2025_06_06,3202,133.3611,489.2,112.9,11.1,10.9,114
2025_06_06,3202,133.3611,818.6,199.9,13.2,12.9,123
2025_06_06,3202,133.3611,964.1,496.2,11.8,10.7,105
2025_06_06,3202,133.3611,228.8,55.2,12.9,12.5,119
2025_06_06,3202,133.3611,612.3,510.9,13.2,11.3,121
2025_06_06,3202,133.3611,504.4,445.9,11.9,10.1,85
2025_06_06,3202,133.3611,218.3,653.8,7.5,7.3,47
2025_06_06,3203,133.40275,1170.9,579.0,11.4,10.9,116
2025_06_06,3203,133.40275,1165.4,515.8,14.2,11.4,140
2025_06_06,3203,133.40275,252.8,105.7,14.9,14.0,163
2025_06_06,3203,133.40275,489.2,113.2,11.0,11.3,114
2025_06_06,3203,133.40275,944.6,715.1,14.7,9.8,113
2025_06_06,3203,133.40275,818.6,199.9,13.2,13.0,123
2025_06_06,3203,133.40275,963.9,496.1,11.6,10.7,103
2025_06_06,3203,133.40275,612.2,511.1,12.5,10.9,118
2025_06_06,3203,133.40275,229.1,55.6,13.1,12.7,153
2025_06_06,3203,133.40275,504.3,446.0,11.9,10.4,90
2025_06_06,3203,133.40275,218.0,654.1,7.2,7.2,46
2025_06_06,3203,133.40275,128.5,686.8,7.1,5.6,36
2025_06_06,3204,133.4444,1170.9,579.0,11.3,10.9,116
2025_06_06,3204,133.4444,252.8,105.5,15.1,13.9,161
2025_06_06,3204,133.4444,1165.2,516.1,14.3,11.5,141
2025_06_06,3204,133.4444,489.3,113.3,11.3,11.2,116
2025_06_06,3204,133.4444,944.7,715.1,14.7,9.8,113
2025_06_06,3204,133.4444,818.3,199.9,13.4,13.6,131
2025_06_06,3204,133.4444,963.8,496.3,11.5,10.7,103
2025_06_06,3204,133.4444,229.4,56.0,13.2,12.4,114
2025_06_06,3204,133.4444,612.2,511.3,12.6,10.8,115
2025_06_06,3204,133.4444,504.4,446.0,11.8,10.2,89
2025_06_06,3204,133.4444,218.1,654.1,7.2,7.3,44
2025_06_06,3205,133.48605,1170.9,578.8,10.9,10.8,107
2025_06_06,3205,133.48605,489.3,113.5,11.5,11.3,117
2025_06_06,3205,133.48605,1165.0,516.0,14.6,11.8,145
2025_06_06,3205,133.48605,944.8,715.1,14.9,9.8,115
2025_06_06,3205,133.48605,818.3,199.8,13.1,13.4,129
2025_06_06,3205,133.48605,253.0,105.5,15.1,14.1,164
2025_06_06,3205,133.48605,229.5,56.0,12.9,12.5,149
2025_06_06,3205,133.48605,963.8,496.5,11.3,10.7,101
2025_06_06,3205,133.48605,612.3,511.6,12.1,10.9,111
2025_06_06,3205,133.48605,504.2,445.9,12.0,10.1,88
2025_06_06,3205,133.48605,218.2,654.0,7.1,7.3,45
2025_06_06,3206,133.5277,1171.0,578.8,11.4,11.0,113
2025_06_06,3206,133.5277,489.5,113.8,11.7,10.9,116
2025_06_06,3206,133.5277,1165.1,516.0,14.6,11.4,146
2025_06_06,3206,133.5277,963.8,496.8,11.2,10.7,101
2025_06_06,3206,133.5277,229.6,56.4,12.8,12.4,107
2025_06_06,3206,133.5277,817.8,199.4,12.5,12.4,116
2025_06_06,3206,133.5277,944.9,715.1,15.1,9.8,114
2025_06_06,3206,133.5277,252.8,105.5,14.5,13.9,158
2025_06_06,3206,133.5277,504.3,445.9,12.0,10.0,88
2025_06_06,3206,133.5277,612.4,511.8,12.5,10.8,111
2025_06_06,3206,133.5277,217.9,654.2,7.1,7.1,44
2025_06_06,3207,133.56935,1171.0,578.7,11.4,11.2,112
2025_06_06,3207,133.56935,489.9,114.1,10.8,11.4,104
2025_06_06,3207,133.56935,1165.0,515.9,14.6,11.2,145
2025_06_06,3207,133.56935,252.9,105.5,14.8,14.0,162
2025_06_06,3207,133.56935,945.0,715.2,15.0,9.7,111
2025_06_06,3207,133.56935,229.7,56.6,12.7,12.5,110
2025_06_06,3207,133.56935,817.8,199.3,12.8,12.4,116
2025_06_06,3207,133.56935,963.7,497.0,11.3,10.9,104
2025_06_06,3207,133.56935,612.7,511.7,12.9,11.0,110
2025_06_06,3207,133.56935,504.0,446.0,11.9,9.8,86
2025_06_06,3207,133.56935,217.8,654.3,6.9,7.1,42
2025_06_06,3208,133.611,1171.1,578.5,11.2,11.0,109
2025_06_06,3208,133.611,490.0,114.2,10.4,11.5,105
2025_06_06,3208,133.611,252.9,105.3,14.4,13.6,152
2025_06_06,3208,133.611,1164.6,515.9,14.8,11.2,150
2025_06_06,3208,133.611,945.3,715.3,14.4,9.4,103
2025_06_06,3208,133.611,817.9,199.0,12.6,12.0,115
2025_06_06,3208,133.611,229.9,56.8,13.5,12.2,114
2025_06_06,3208,133.611,963.7,496.9,11.3,11.0,104
2025_06_06,3208,133.611,612.9,512.0,12.6,11.3,107
2025_06_06,3208,133.611,504.1,446.0,11.8,10.0,87
2025_06_06,3208,133.611,217.8,654.3,6.9,7.3,43
2025_06_06,3209,133.65264,1171.2,578.5,11.3,11.0,110
2025_06_06,3209,133.65264,945.4,715.3,14.5,9.3,104
2025_06_06,3209,133.65264,490.0,114.2,10.6,11.6,104
2025_06_06,3209,133.65264,252.8,105.2,14.2,13.8,152
2025_06_06,3209,133.65264,229.7,57.1,12.9,12.9,114
2025_06_06,3209,133.65264,817.6,198.7,11.7,11.9,111
2025_06_06,3209,133.65264,1164.4,515.9,14.7,11.2,147
2025_06_06,3209,133.65264,612.9,512.2,12.8,11.1,110
2025_06_06,3209,133.65264,963.9,497.1,11.8,11.4,110
2025_06_06,3209,133.65264,504.1,446.1,12.2,10.1,91
2025_06_06,3209,133.65264,217.7,654.3,7.1,7.4,45
2025_06_06,3210,133.69429,1171.4,578.2,11.4,11.0,109
2025_06_06,3210,133.69429,945.5,715.2,14.8,9.5,105
2025_06_06,3210,133.69429,252.7,105.1,14.3,13.7,157
2025_06_06,3210,133.69429,490.0,114.1,10.7,11.9,106
2025_06_06,3210,133.69429,1164.2,515.9,14.7,11.5,148
2025_06_06,3210,133.69429,817.5,198.6,11.8,11.8,112
2025_06_06,3210,133.69429,229.7,57.2,13.3,13.1,117
2025_06_06,3210,133.69429,612.9,512.1,12.9,11.2,114
2025_06_06,3210,133.69429,963.8,497.3,11.7,11.6,111
2025_06_06,3210,133.69429,503.9,446.1,12.2,10.1,91
2025_06_06,3210,133.69429,217.6,654.6,7.1,7.4,46
2025_06_06,3211,133.73594,1171.3,578.2,11.3,11.0,109
2025_06_06,3211,133.73594,252.7,105.0,14.5,13.7,155
2025_06_06,3211,133.73594,945.5,715.2,14.9,9.5,105
2025_06_06,3211,133.73594,490.1,114.6,10.7,11.6,107
2025_06_06,3211,133.73594,229.8,57.3,12.9,13.1,115
2025_06_06,3211,133.73594,1164.2,515.9,14.7,11.5,149
2025_06_06,3211,133.73594,817.4,198.5,12.0,12.1,111
2025_06_06,3211,133.73594,612.9,512.0,12.7,11.2,111
2025_06_06,3211,133.73594,503.6,446.1,12.1,10.3,94
2025_06_06,3211,133.73594,963.9,497.6,11.5,11.5,106
2025_06_06,3211,133.73594,217.7,654.9,7.3,7.5,50
2025_06_06,3212,133.77759,945.6,715.2,14.8,9.6,105
2025_06_06,3212,133.77759,1171.3,578.2,11.4,10.8,109
2025_06_06,3212,133.77759,252.6,104.9,14.8,13.5,159
2025_06_06,3212,133.77759,1163.9,515.9,14.9,11.4,149
2025_06_06,3212,133.77759,490.3,114.8,10.7,11.3,104
2025_06_06,3212,133.77759,230.0,57.4,13.3,13.3,120
2025_06_06,3212,133.77759,817.3,198.4,11.9,12.0,111
2025_06_06,3212,133.77759,612.9,512.3,12.6,11.2,112
2025_06_06,3212,133.77759,503.0,446.3,11.6,10.0,94
2025_06_06,3212,133.77759,963.8,497.9,11.4,11.5,109
2025_06_06,3213,133.81924,1171.6,578.2,11.2,10.4,105
2025_06_06,3213,133.81924,945.7,715.3,14.8,9.4,100
2025_06_06,3213,133.81924,252.6,104.8,14.8,13.2,156
2025_06_06,3213,133.81924,490.3,115.3,10.9,11.2,107
2025_06_06,3213,133.81924,230.0,57.4,13.7,12.9,125
2025_06_06,3213,133.81924,817.2,198.4,12.2,12.4,116
2025_06_06,3213,133.81924,1163.7,516.0,14.9,11.1,140
2025_06_06,3213,133.81924,612.9,512.3,12.6,11.5,114
2025_06_06,3213,133.81924,502.7,446.4,11.8,10.2,92
2025_06_06,3213,133.81924,963.8,498.5,10.9,10.7,104
2025_06_06,3214,133.86089,252.6,104.8,14.7,13.6,158
2025_06_06,3214,133.86089,1171.6,578.2,11.2,10.4,106
2025_06_06,3214,133.86089,945.7,715.3,14.7,9.5,102
2025_06_06,3214,133.86089,229.9,57.9,13.5,12.8,127
2025_06_06,3214,133.86089,490.4,115.4,11.2,11.5,108
2025_06_06,3214,133.86089,817.1,198.1,12.0,12.4,115
2025_06_06,3214,133.86089,612.8,512.9,12.3,11.2,111
2025_06_06,3214,133.86089,963.8,498.5,10.9,11.0,106
2025_06_06,3214,133.86089,1163.4,516.1,14.9,11.3,143
2025_06_06,3214,133.86089,502.4,446.2,11.8,9.9,86
2025_06_06,3215,133.90254,946.0,715.3,14.8,9.4,99
2025_06_06,3215,133.90254,253.1,104.5,14.3,14.2,159
2025_06_06,3215,133.90254,1171.7,577.9,10.8,10.8,98
2025_06_06,3215,133.90254,230.1,57.9,13.6,13.4,129
2025_06_06,3215,133.90254,612.9,513.1,12.7,11.2,115
2025_06_06,3215,133.90254,817.1,198.0,12.3,12.9,119
2025_06_06,3215,133.90254,1163.1,516.1,14.4,11.5,144
2025_06_06,3215,133.90254,490.7,115.3,11.3,11.7,111
2025_06_06,3215,133.90254,963.6,498.7,10.7,11.2,102
2025_06_06,3215,133.90254,502.2,446.4,11.4,9.7,83
2025_06_06,3216,133.94419,253.2,104.2,14.7,14.3,187
2025_06_06,3216,133.94419,1171.8,577.9,11.0,10.7,100
2025_06_06,3216,133.94419,946.1,715.3,14.6,9.4,99
2025_06_06,3216,133.94419,612.8,513.4,12.3,11.0,113
2025_06_06,3216,133.94419,229.9,58.4,13.1,13.1,124
2025_06_06,3216,133.94419,1162.9,516.1,14.5,11.3,136
2025_06_06,3216,133.94419,490.9,115.6,11.8,11.2,117
2025_06_06,3216,133.94419,816.9,198.0,12.3,12.7,122
2025_06_06,3216,133.94419,963.5,498.9,10.8,11.1,127
2025_06_06,3216,133.94419,501.9,446.4,11.6,9.9,84
2025_06_06,3217,133.98584,612.8,513.7,12.3,10.7,113
2025_06_06,3217,133.98584,253.2,103.7,14.8,13.8,154
2025_06_06,3217,133.98584,946.1,715.3,14.6,9.4,99
2025_06_06,3217,133.98584,1171.7,577.4,11.1,11.0,104
2025_06_06,3217,133.98584,230.1,58.4,12.9,13.4,122
2025_06_06,3217,133.98584,1162.6,516.1,14.6,11.3,140
2025_06_06,3217,133.98584,490.9,115.7,11.7,11.2,114
2025_06_06,3217,133.98584,963.4,499.2,10.9,10.9,93
2025_06_06,3217,133.98584,816.5,197.8,12.4,12.7,121
2025_06_06,3217,133.98584,501.7,446.5,11.8,10.0,83
2025_06_06,3218,134.02749,612.7,513.9,11.6,10.2,105
2025_06_06,3218,134.02749,946.2,715.3,14.8,9.3,99
2025_06_06,3218,134.02749,1171.8,577.5,11.1,11.0,104
2025_06_06,3218,134.02749,253.1,103.6,14.8,13.8,155
2025_06_06,3218,134.02749,1162.5,516.1,14.8,11.4,146
2025_06_06,3218,134.02749,490.8,116.0,12.4,10.6,109
2025_06_06,3218,134.02749,230.0,58.7,12.6,13.3,123
2025_06_06,3218,134.02749,963.5,499.2,11.1,10.9,95
2025_06_06,3218,134.02749,816.4,197.7,12.1,12.3,119
2025_06_06,3218,134.02749,501.7,446.6,11.6,10.2,82
2025_06_06,3219,134.06914,612.7,514.1,11.6,10.4,103
2025_06_06,3219,134.06914,946.2,715.3,14.8,9.3,100
2025_06_06,3219,134.06914,1171.8,577.5,11.3,10.9,105
2025_06_06,3219,134.06914,1162.4,516.0,14.7,11.3,145
2025_06_06,3219,134.06914,963.5,499.2,11.2,10.8,95
2025_06_06,3219,134.06914,490.9,116.1,11.7,10.5,107
2025_06_06,3219,134.06914,252.9,103.4,15.0,13.3,157
2025_06_06,3219,134.06914,816.4,197.6,12.2,12.6,119
2025_06_06,3219,134.06914,230.1,58.9,13.1,12.8,127
2025_06_06,3219,134.06914,501.4,446.5,11.7,10.2,99
2025_06_06,3220,134.11079,612.8,513.7,12.1,11.0,107
2025_06_06,3220,134.11079,946.5,715.3,15.2,9.3,105
2025_06_06,3220,134.11079,1171.9,577.4,11.1,10.9,105
2025_06_06,3220,134.11079,1162.2,516.0,14.9,11.3,147
2025_06_06,3220,134.11079,963.5,499.4,11.6,11.0,101
2025_06_06,3220,134.11079,490.9,116.3,11.3,11.3,109
2025_06_06,3220,134.11079,252.9,103.1,15.0,13.5,155
2025_06_06,3220,134.11079,230.6,59.4,13.2,13.8,133
2025_06_06,3220,134.11079,816.2,197.3,12.1,12.9,116
2025_06_06,3220,134.11079,501.5,446.4,12.0,10.2,88
2025_06_06,3220,134.11079,216.6,656.3,7.4,7.0,40
2025_06_06,3221,134.15244,612.8,514.0,12.3,11.4,108
2025_06_06,3221,134.15244,946.5,715.4,15.0,9.3,103
2025_06_06,3221,134.15244,1171.9,577.3,11.0,10.8,106
2025_06_06,3221,134.15244,1162.1,515.9,14.6,11.5,143
2025_06_06,3221,134.15244,963.5,499.4,11.6,10.8,103
2025_06_06,3221,134.15244,491.0,116.2,11.0,11.2,107
2025_06_06,3221,134.15244,230.4,59.5,13.7,13.6,138
2025_06_06,3221,134.15244,253.1,103.1,15.0,13.4,158
2025_06_06,3221,134.15244,501.2,446.1,12.1,10.1,87
2025_06_06,3221,134.15244,816.1,197.2,12.1,13.2,113
2025_06_06,3221,134.15244,216.6,656.5,7.5,6.9,39
2025_06_06,3222,134.19409,946.7,715.4,15.1,9.3,101
2025_06_06,3222,134.19409,1172.0,577.4,10.9,10.8,105
2025_06_06,3222,134.19409,612.8,514.4,11.8,11.0,105
2025_06_06,3222,134.19409,1162.1,516.0,14.6,11.3,136
2025_06_06,3222,134.19409,963.5,499.6,12.0,11.1,108
2025_06_06,3222,134.19409,491.0,116.5,10.9,11.4,111
2025_06_06,3222,134.19409,230.5,59.8,14.4,13.1,134
2025_06_06,3222,134.19409,253.3,103.1,15.6,13.2,150
2025_06_06,3222,134.19409,816.0,196.8,12.6,13.4,116
2025_06_06,3222,134.19409,501.4,446.0,12.2,10.3,90
2025_06_06,3222,134.19409,216.1,656.8,7.4,6.9,42
2025_06_06,3223,134.23574,946.6,715.4,15.1,9.2,99
2025_06_06,3223,134.23574,1172.0,577.3,11.1,10.8,105
2025_06_06,3223,134.23574,612.9,514.3,12.2,11.4,111
2025_06_06,3223,134.23574,963.5,499.7,11.9,10.8,106
2025_06_06,3223,134.23574,1161.9,516.0,14.7,11.2,139
2025_06_06,3223,134.23574,253.3,102.8,14.9,13.5,153
2025_06_06,3223,134.23574,491.1,116.5,10.7,11.8,109
2025_06_06,3223,134.23574,230.5,60.1,13.6,13.8,132
2025_06_06,3223,134.23574,815.5,196.4,12.2,13.1,108
2025_06_06,3223,134.23574,501.2,446.0,12.2,10.3,89
2025_06_06,3224,134.27738,946.9,715.4,15.0,9.2,99
2025_06_06,3224,134.27738,1172.0,577.3,11.1,10.8,106
2025_06_06,3224,134.27738,612.8,514.7,12.0,11.4,111
2025_06_06,3224,134.27738,963.4,500.0,11.6,10.6,104
2025_06_06,3224,134.27738,491.0,116.6,11.0,12.0,116
2025_06_06,3224,134.27738,1161.6,515.9,14.9,11.5,139
2025_06_06,3224,134.27738,253.3,103.0,15.1,13.4,153
2025_06_06,3224,134.27738,230.5,60.4,14.3,13.8,136
2025_06_06,3224,134.27738,815.4,196.1,12.1,13.2,118
2025_06_06,3224,134.27738,501.3,446.1,12.0,10.5,89
2025_06_06,3225,134.31903,946.9,715.4,15.3,9.3,100
2025_06_06,3225,134.31903,1172.1,577.3,11.2,10.8,106
2025_06_06,3225,134.31903,963.2,500.1,11.6,10.7,104
2025_06_06,3225,134.31903,491.1,117.1,10.4,11.3,105
2025_06_06,3225,134.31903,612.7,515.0,12.2,11.4,115
2025_06_06,3225,134.31903,253.3,103.0,15.3,13.1,157
2025_06_06,3225,134.31903,1161.6,516.0,15.0,11.4,141
2025_06_06,3225,134.31903,230.7,60.8,14.7,13.5,133
2025_06_06,3225,134.31903,815.2,195.8,12.8,12.9,120
2025_06_06,3225,134.31903,501.2,446.2,12.1,10.2,88
2025_06_06,3225,134.31903,215.9,656.9,7.3,7.0,42
2025_06_06,3226,134.36068,947.4,715.5,14.9,9.1,96
2025_06_06,3226,134.36068,1172.3,577.1,11.3,10.8,104
2025_06_06,3226,134.36068,963.3,500.5,11.5,10.6,100
2025_06_06,3226,134.36068,491.2,117.4,10.7,11.9,106
2025_06_06,3226,134.36068,612.7,515.3,12.2,11.4,113
2025_06_06,3226,134.36068,1161.6,516.1,15.1,11.5,145
2025_06_06,3226,134.36068,253.5,103.0,15.6,13.1,158
2025_06_06,3226,134.36068,815.0,195.6,12.7,12.6,118
2025_06_06,3226,134.36068,230.8,60.8,14.2,12.9,128
2025_06_06,3226,134.36068,501.0,446.2,12.0,10.4,86
2025_06_06,3226,134.36068,130.2,686.6,5.6,5.3,29
2025_06_06,3226,134.36068,215.9,656.9,7.3,6.9,42
2025_06_06,3227,134.40233,1172.2,577.0,11.1,10.8,104
2025_06_06,3227,134.40233,947.5,715.5,15.1,9.1,98
2025_06_06,3227,134.40233,491.2,117.7,10.9,11.8,106
2025_06_06,3227,134.40233,963.3,500.7,11.6,10.8,100
2025_06_06,3227,134.40233,253.4,102.7,15.4,12.9,154
2025_06_06,3227,134.40233,612.7,516.0,11.0,10.6,97
2025_06_06,3227,134.40233,1161.7,516.0,14.7,11.4,142
2025_06_06,3227,134.40233,814.9,195.3,12.6,12.9,126
2025_06_06,3227,134.40233,231.2,61.1,13.9,13.0,129
2025_06_06,3227,134.40233,501.0,446.2,12.0,10.7,86
2025_06_06,3227,134.40233,130.1,686.6,5.5,5.2,30
2025_06_06,3227,134.40233,488.5,224.4,9.4,10.1,111
2025_06_06,3228,134.44398,1172.2,577.0,11.0,10.8,103
2025_06_06,3228,134.44398,253.3,102.6,15.6,13.1,157
2025_06_06,3228,134.44398,947.6,715.5,15.2,9.0,97
2025_06_06,3228,134.44398,963.4,500.8,11.8,11.0,103
2025_06_06,3228,134.44398,491.3,117.9,11.7,11.4,110
2025_06_06,3228,134.44398,612.5,516.3,10.5,10.3,93
2025_06_06,3228,134.44398,814.8,195.2,12.6,12.9,121
2025_06_06,3228,134.44398,230.9,61.0,14.3,12.8,132
2025_06_06,3228,134.44398,1161.3,516.0,14.8,11.8,142
2025_06_06,3228,134.44398,130.1,686.6,5.7,5.3,29
2025_06_06,3228,134.44398,500.7,445.9,11.6,10.6,85
2025_06_06,3229,134.48563,1172.2,577.0,11.0,10.8,103
2025_06_06,3229,134.48563,947.7,715.5,15.2,9.0,102
2025_06_06,3229,134.48563,491.5,117.9,11.2,11.4,104
2025_06_06,3229,134.48563,963.3,500.9,11.7,11.1,103
2025_06_06,3229,134.48563,253.2,102.4,15.5,13.5,159
2025_06_06,3229,134.48563,612.5,516.5,11.8,10.3,101
2025_06_06,3229,134.48563,814.6,195.0,12.3,12.8,117
2025_06_06,3229,134.48563,231.3,61.5,13.3,13.0,132
2025_06_06,3229,134.48563,1161.2,516.0,14.7,11.5,142
2025_06_06,3229,134.48563,215.6,657.8,7.2,6.9,42
2025_06_06,3229,134.48563,500.7,445.8,11.0,10.3,80
2025_06_06,3230,134.52728,1172.3,577.0,11.0,10.8,103
2025_06_06,3230,134.52728,947.8,715.6,15.1,8.9,100
2025_06_06,3230,134.52728,491.6,118.0,11.0,11.7,108
2025_06_06,3230,134.52728,612.5,516.9,11.3,10.0,97
2025_06_06,3230,134.52728,253.3,102.2,15.9,13.8,166
2025_06_06,3230,134.52728,231.3,61.5,14.1,12.7,137
2025_06_06,3230,134.52728,814.5,195.0,12.5,12.0,115
2025_06_06,3230,134.52728,963.2,501.3,11.7,11.0,110
2025_06_06,3230,134.52728,1160.8,515.9,14.7,11.4,142
2025_06_06,3230,134.52728,500.4,445.9,10.9,10.5,84
2025_06_06,3231,134.56893,491.5,118.0,11.2,11.6,107
2025_06_06,3231,134.56893,948.1,715.6,15.0,8.9,94
2025_06_06,3231,134.56893,1172.4,576.7,11.2,10.7,105
2025_06_06,3231,134.56893,612.5,516.8,11.5,10.5,99
2025_06_06,3231,134.56893,253.3,102.0,16.0,13.9,166
2025_06_06,3231,134.56893,814.5,195.0,12.4,12.4,112
2025_06_06,3231,134.56893,963.2,501.3,11.6,10.9,111
2025_06_06,3231,134.56893,231.5,61.6,13.5,12.5,132
2025_06_06,3231,134.56893,1160.8,515.9,14.5,11.5,141
2025_06_06,3231,134.56893,500.2,445.9,10.7,10.3,75
2025_06_06,3232,134.61058,491.6,118.0,11.0,11.9,102
2025_06_06,3232,134.61058,253.3,101.7,16.0,14.2,168
2025_06_06,3232,134.61058,948.3,715.5,15.1,8.9,94
2025_06_06,3232,134.61058,1172.4,576.7,11.2,10.7,105
2025_06_06,3232,134.61058,612.6,517.1,11.7,10.5,106
2025_06_06,3232,134.61058,814.5,194.7,12.8,12.0,114
2025_06_06,3232,134.61058,231.6,61.6,12.7,12.8,129
2025_06_06,3232,134.61058,500.0,445.8,10.6,10.2,74
2025_06_06,3232,134.61058,1160.6,515.9,14.2,11.5,139
2025_06_06,3232,134.61058,963.1,501.8,11.6,10.6,105
2025_06_06,3232,134.61058,215.4,658.1,7.6,7.0,42
2025_06_06,3233,134.65223,612.6,517.2,11.9,10.9,107
2025_06_06,3233,134.65223,253.3,101.8,16.0,14.2,169
2025_06_06,3233,134.65223,491.7,118.2,11.2,11.9,102
2025_06_06,3233,134.65223,948.3,715.6,15.0,8.9,94
2025_06_06,3233,134.65223,1172.4,576.6,11.4,10.7,107
2025_06_06,3233,134.65223,231.6,61.7,13.4,12.6,131
2025_06_06,3233,134.65223,814.3,194.4,12.8,12.2,117
2025_06_06,3233,134.65223,499.9,446.0,10.8,10.3,76
2025_06_06,3233,134.65223,1160.0,516.1,13.9,11.6,137
2025_06_06,3233,134.65223,963.2,501.6,11.9,10.7,108
2025_06_06,3234,134.69388,612.7,517.2,11.9,10.7,102
2025_06_06,3234,134.69388,491.7,118.2,11.5,12.2,102
2025_06_06,3234,134.69388,948.7,715.6,14.9,8.8,96
2025_06_06,3234,134.69388,1172.4,576.6,11.5,10.6,108
2025_06_06,3234,134.69388,253.0,102.0,15.4,13.9,163
2025_06_06,3234,134.69388,814.3,194.5,12.8,12.5,116
2025_06_06,3234,134.69388,231.6,61.9,12.4,12.9,133
2025_06_06,3234,134.69388,963.1,501.8,12.0,10.7,111
2025_06_06,3234,134.69388,1159.9,516.1,14.0,11.7,142
2025_06_06,3234,134.69388,499.7,446.1,10.5,9.7,71
2025_06_06,3235,134.73553,253.3,101.9,15.0,13.5,155
2025_06_06,3235,134.73553,612.7,517.6,11.7,10.4,100
2025_06_06,3235,134.73553,948.6,715.6,15.0,8.8,96
2025_06_06,3235,134.73553,491.7,118.3,11.8,12.1,105
2025_06_06,3235,134.73553,1172.5,576.5,11.6,10.6,108
2025_06_06,3235,134.73553,814.2,194.3,12.7,12.6,119
2025_06_06,3235,134.73553,231.8,62.1,12.9,13.0,137
2025_06_06,3235,134.73553,963.1,502.0,11.8,10.8,110
2025_06_06,3235,134.73553,1159.6,516.4,13.9,11.8,139
2025_06_06,3235,134.73553,499.4,446.1,11.1,10.2,77
2025_06_06,3236,134.77718,253.4,101.7,15.2,13.6,160
2025_06_06,3236,134.77718,948.7,715.6,14.9,8.8,96
2025_06_06,3236,134.77718,612.5,517.5,11.5,10.7,97
2025_06_06,3236,134.77718,814.1,194.2,12.5,12.4,116
2025_06_06,3236,134.77718,491.8,118.4,11.7,11.9,108
2025_06_06,3236,134.77718,1172.5,576.4,11.6,10.7,109
2025_06_06,3236,134.77718,232.2,62.3,12.5,13.6,141
2025_06_06,3236,134.77718,1159.4,516.4,14.0,12.1,145
2025_06_06,3236,134.77718,963.1,502.3,11.8,10.8,109
2025_06_06,3236,134.77718,499.4,446.1,10.9,10.0,77
2025_06_06,3237,134.81883,253.6,101.6,15.2,13.3,155
2025_06_06,3237,134.81883,612.4,517.8,11.5,10.8,99
2025_06_06,3237,134.81883,948.8,715.5,14.9,9.0,97
2025_06_06,3237,134.81883,813.9,193.9,12.6,12.4,122
2025_06_06,3237,134.81883,1159.6,516.2,14.4,11.6,142
2025_06_06,3237,134.81883,499.1,445.9,11.1,10.0,82
2025_06_06,3237,134.81883,1172.5,576.2,11.7,10.7,111
2025_06_06,3237,134.81883,492.1,118.7,12.0,11.6,109
2025_06_06,3237,134.81883,232.3,63.2,13.3,14.3,149
2025_06_06,3237,134.81883,962.9,502.6,11.3,10.9,106
2025_06_06,3237,134.81883,214.6,658.6,7.6,7.4,47
2025_06_06,3238,134.86047,253.7,101.6,15.2,13.4,154
2025_06_06,3238,134.86047,813.8,193.8,12.6,12.3,119
2025_06_06,3238,134.86047,612.5,517.9,11.5,10.7,99
2025_06_06,3238,134.86047,949.0,715.6,15.2,8.9,96
2025_06_06,3238,134.86047,1159.3,516.5,14.2,11.7,134
2025_06_06,3238,134.86047,499.0,446.1,11.2,10.2,83
2025_06_06,3238,134.86047,1172.5,576.1,11.7,10.8,110
2025_06_06,3238,134.86047,962.9,502.7,11.2,10.7,102
2025_06_06,3238,134.86047,492.2,118.9,12.6,11.3,109
2025_06_06,3238,134.86047,232.3,62.8,12.6,13.5,139
2025_06_06,3238,134.86047,214.6,658.7,7.8,7.4,47
2025_06_06,3239,134.90212,253.5,101.5,14.5,13.2,158
2025_06_06,3239,134.90212,813.5,193.4,12.4,12.1,120
2025_06_06,3239,134.90212,612.4,518.0,11.4,10.5,100
2025_06_06,3239,134.90212,949.1,715.6,15.0,8.8,96
2025_06_06,3239,134.90212,1159.3,516.3,14.6,11.6,137
2025_06_06,3239,134.90212,498.9,445.9,11.3,10.2,82
2025_06_06,3239,134.90212,962.8,502.7,11.3,10.7,103
2025_06_06,3239,134.90212,1172.6,575.7,11.7,10.9,113
2025_06_06,3239,134.90212,492.1,119.1,12.6,11.3,108
2025_06_06,3239,134.90212,232.1,62.8,12.9,13.4,145
2025_06_06,3239,134.90212,214.5,658.7,7.8,7.4,48
2025_06_06,3240,134.94377,253.5,101.4,14.3,13.5,158
2025_06_06,3240,134.94377,612.5,518.2,11.7,10.6,99
2025_06_06,3240,134.94377,813.5,193.5,12.2,12.5,122
2025_06_06,3240,134.94377,1159.1,516.3,14.6,11.8,139
2025_06_06,3240,134.94377,949.4,715.6,15.1,8.7,92
2025_06_06,3240,134.94377,498.7,445.9,11.1,10.3,79
2025_06_06,3240,134.94377,962.8,502.8,11.5,10.8,103
2025_06_06,3240,134.94377,1172.7,575.9,12.0,10.8,114
2025_06_06,3240,134.94377,492.3,119.2,12.7,11.8,110
2025_06_06,3240,134.94377,232.0,63.1,12.5,12.7,132
2025_06_06,3241,134.98542,253.5,101.2,14.5,13.7,150
2025_06_06,3241,134.98542,949.6,715.8,14.4,8.4,87
2025_06_06,3241,134.98542,813.5,193.3,12.3,12.2,121
2025_06_06,3241,134.98542,612.4,518.3,11.7,10.2,95
2025_06_06,3241,134.98542,1158.9,516.1,14.4,11.6,138
2025_06_06,3241,134.98542,962.7,502.8,11.5,10.8,103
2025_06_06,3241,134.98542,1172.5,575.5,11.8,11.2,116
2025_06_06,3241,134.98542,232.2,63.3,12.7,12.4,130
2025_06_06,3241,134.98542,492.7,119.8,12.3,11.8,113
2025_06_06,3241,134.98542,498.6,446.0,11.4,10.3,78
2025_06_06,3242,135.02707,253.5,100.9,14.4,14.1,155
2025_06_06,3242,135.02707,612.5,518.0,11.9,10.5,99
2025_06_06,3242,135.02707,1158.8,516.2,14.5,11.7,139
2025_06_06,3242,135.02707,949.8,715.8,14.2,8.4,85
2025_06_06,3242,135.02707,813.4,193.0,12.5,12.7,126
2025_06_06,3242,135.02707,232.1,63.7,13.5,12.8,139
2025_06_06,3242,135.02707,1172.7,575.3,11.9,11.3,118
2025_06_06,3242,135.02707,492.7,119.8,12.5,11.7,116
2025_06_06,3242,135.02707,962.8,502.9,11.7,11.2,105
2025_06_06,3242,135.02707,498.4,446.1,11.6,10.2,76
2025_08_08,1005,33.53353,2021.2,430.2,40.8,43.7,1412
2025_08_08,1006,33.5669,2020.0,430.3,42.0,42.8,1502
2025_08_08,1007,33.60027,2018.5,428.3,41.2,43.2,1448
2025_08_08,1007,33.60027,3446.7,287.1,22.7,26.6,607
2025_08_08,1007,33.60027,3254.0,2132.7,22.7,22.2,434
2025_08_08,1007,33.60027,2502.2,506.5,41.9,37.3,1008
2025_08_08,1008,33.63363,3447.4,286.3,22.4,27.0,574
2025_08_08,1008,33.63363,2019.0,425.0,40.0,40.0,1264
2025_08_08,1008,33.63363,2500.0,505.5,42.0,36.4,1001
2025_08_08,1008,33.63363,3253.8,2132.7,23.9,23.7,438
2025_08_08,1009,33.667,2496.8,503.2,40.2,31.8,878
2025_08_08,1011,33.73373,3101.5,1969.4,34.8,38.9,999
2025_08_08,1011,33.73373,2020.2,430.7,35.8,41.5,1211
2025_08_08,1011,33.73373,2497.5,504.6,38.7,30.9,882
2025_08_08,1012,33.7671,3102.1,1967.9,36.5,40.0,991
2025_08_08,1012,33.7671,2020.6,429.8,35.1,43.4,1253
2025_08_08,1012,33.7671,2498.7,503.1,36.5,30.9,810
2025_08_08,1013,33.80047,2498.2,502.3,35.3,32.0,805
2025_08_08,1013,33.80047,3102.8,1970.0,33.8,34.9,925
2025_08_08,1014,33.83383,2499.0,501.7,35.6,32.5,807
2025_08_08,1015,33.8672,2019.7,428.9,42.4,44.9,1408
2025_08_08,1017,33.93393,1850.5,107.7,31.2,31.7,826
2025_08_08,1018,33.9673,2019.5,428.4,41.0,40.3,1215
2025_08_08,1018,33.9673,1851.2,105.0,32.4,33.1,861
2025_08_08,1019,34.00067,1854.9,108.6,42.0,43.2,1036
2025_08_08,1019,34.00067,3101.6,1968.8,36.8,37.5,1055
2025_08_08,1020,34.03403,1852.4,110.2,40.4,43.4,1050
2025_08_08,1020,34.03403,2018.7,426.7,41.2,39.6,1282
2025_08_08,1020,34.03403,3449.1,283.5,22.3,28.8,624
2025_08_08,1020,34.03403,3101.0,1967.4,35.9,34.7,993
2025_08_08,1021,34.0674,1853.7,111.5,41.0,44.5,1150
2025_08_08,1021,34.0674,2018.5,425.6,41.2,39.4,1253
2025_08_08,1021,34.0674,3102.0,1965.1,37.2,34.5,972
2025_08_08,1021,34.0674,3449.5,282.7,23.8,30.3,641
2025_08_08,1022,34.10077,1852.5,109.9,40.1,44.5,1105
2025_08_08,1022,34.10077,3103.1,1964.5,38.1,37.7,1073
2025_08_08,1022,34.10077,2018.3,425.8,39.3,39.7,1234
2025_08_08,1022,34.10077,3450.0,282.5,21.6,27.6,621
2025_08_08,1023,34.13413,1852.9,105.0,43.2,45.3,1174
2025_08_08,1023,34.13413,3112.3,1972.0,39.3,42.3,1151
2025_08_08,1023,34.13413,3454.9,278.3,21.9,25.7,549
2025_08_08,1023,34.13413,2017.2,423.8,39.5,44.4,1330
2025_08_08,1024,34.1675,2016.7,420.8,45.5,47.5,1516
2025_08_08,1024,34.1675,1850.1,98.2,41.3,41.8,1183
2025_08_08,1024,34.1675,3110.7,1973.8,36.9,39.9,1106
2025_08_08,1025,34.20087,2017.1,420.3,44.4,47.7,1467
2025_08_08,1025,34.20087,3108.8,1972.8,40.5,43.4,1206
2025_08_08,1025,34.20087,1853.5,96.0,47.9,42.7,1242
2025_08_08,1026,34.23423,1849.5,92.8,42.2,41.1,1082
2025_08_08,1026,34.23423,3108.0,1970.6,41.1,44.6,1173
2025_08_08,1026,34.23423,2018.7,420.8,45.6,48.2,1456
2025_08_08,1027,34.2676,3112.6,1974.1,41.0,43.9,1241
2025_08_08,1027,34.2676,1847.0,92.5,37.4,35.4,1009
2025_08_08,1028,34.30097,3112.2,1974.8,41.3,41.7,1186
2025_08_08,1029,34.33433,3112.5,1974.0,38.9,40.2,1052
2025_08_08,1030,34.3677,1847.4,92.3,45.2,38.9,1336
2025_08_08,1030,34.3677,3111.1,1973.8,38.9,40.1,1009
2025_08_08,1031,34.40107,3078.4,1950.4,36.3,37.3,986
2025_08_08,1032,34.43443,3065.4,1942.1,33.6,36.7,945
2025_08_08,1032,34.43443,1849.8,119.9,41.9,41.9,1138
2025_08_08,1033,34.4678,3064.1,1942.4,35.8,36.9,928
2025_08_08,1033,34.4678,1849.2,122.5,41.7,41.7,1142
2025_08_08,1033,34.4678,3409.8,296.6,20.7,25.4,536
2025_08_08,1034,34.50117,1847.6,122.9,38.6,40.7,998
2025_08_08,1034,34.50117,3063.1,1941.4,36.3,35.9,904
2025_08_08,1034,34.50117,3410.1,295.9,20.3,25.2,538
2025_08_08,1035,34.53453,1847.2,123.1,36.1,39.2,955
2025_08_08,1035,34.53453,3410.7,295.2,20.2,24.7,504
2025_08_08,1036,34.5679,1848.1,123.9,36.1,38.8,949
2025_08_08,1036,34.5679,3410.2,295.0,20.3,24.5,477
2025_08_08,1037,34.60127,1848.4,121.9,37.2,39.1,890
2025_08_08,1038,34.63463,1848.2,123.2,36.0,35.3,860
2025_08_08,1040,34.70137,3062.8,1941.7,34.8,34.6,938
2025_08_08,1041,34.73473,3062.9,1940.8,33.1,33.8,927
2025_08_08,1042,34.7681,3063.2,1940.5,31.8,32.4,899
2025_08_08,1043,34.80147,3063.8,1940.2,29.9,31.9,898
2025_08_08,1044,34.83483,3063.2,1937.8,32.3,34.7,941
2025_08_08,1044,34.83483,1843.3,123.1,33.3,36.5,1000
2025_08_08,1045,34.8682,3063.5,1937.3,34.9,36.4,927
2025_08_08,1045,34.8682,1843.4,123.6,33.4,34.7,999
2025_08_08,1046,34.90157,3063.7,1937.6,34.5,35.2,963
2025_08_08,1046,34.90157,1843.7,123.9,32.4,36.3,1037
2025_08_08,1046,34.90157,2473.6,512.6,36.8,36.2,1088
2025_08_08,1047,34.93493,3061.5,1935.9,35.6,36.0,957
2025_08_08,1047,34.93493,2474.2,512.4,36.7,35.6,1133
2025_08_08,1048,34.9683,3069.8,1941.4,35.7,35.1,906
2025_08_08,1049,35.00167,2009.9,439.6,39.9,48.1,1455
2025_08_08,1049,35.00167,3421.1,283.3,21.7,26.2,583
2025_08_08,1050,35.03504,2479.0,505.7,39.5,37.3,1170
2025_08_08,1050,35.03504,3422.2,281.3,20.7,24.9,626
2025_08_08,1051,35.0684,3102.9,1970.9,37.3,39.1,1102
2025_08_08,1052,35.10177,3147.9,2004.8,49.9,50.5,1529
2025_08_08,1052,35.10177,2509.2,468.5,46.1,54.8,1818
2025_08_08,1053,35.13514,576.4,2097.2,76.0,74.4,4112
2025_08_08,1054,35.1685,3155.4,2008.4,47.6,54.3,1607
2025_08_08,1054,35.1685,1012.2,1777.2,75.6,70.3,3825
2025_08_08,1055,35.20187,3156.7,2011.8,43.8,47.5,1278
2025_08_08,1056,35.23524,3156.1,2010.7,41.3,44.0,1315
2025_08_08,1057,35.2686,3156.6,2010.5,44.3,47.4,1395
2025_08_08,1058,35.30197,3154.9,2008.2,46.8,48.4,1556
2025_08_08,1064,35.50217,3134.0,1989.4,49.0,48.6,1454
2025_08_08,1065,35.53554,1836.2,54.0,42.8,44.8,1352
2025_08_08,1065,35.53554,3132.6,1990.6,47.1,45.9,1375
2025_08_08,1066,35.5689,3132.1,1991.6,45.7,46.6,1367
2025_08_08,1069,35.669,3251.6,2124.8,27.3,27.4,537
2025_08_08,1069,35.669,3098.9,1962.6,34.4,35.4,927
2025_08_08,1070,35.70237,3059.6,1935.6,33.1,34.7,945
2025_08_08,1070,35.70237,1834.8,92.8,34.6,31.6,857
2025_08_08,1071,35.73574,3059.2,1934.6,33.5,33.3,902
2025_08_08,1072,35.7691,3054.5,1931.1,34.0,33.7,972
2025_08_08,1072,35.7691,1836.5,108.6,34.4,36.0,980
2025_08_08,1073,35.80247,1833.9,108.9,34.3,35.9,878
2025_08_08,1073,35.80247,2752.7,1226.1,28.0,29.1,656
2025_08_08,1074,35.83584,3055.7,1930.1,35.4,35.7,993
2025_08_08,1075,35.8692,1833.7,106.1,33.0,32.0,819
2025_08_08,1075,35.8692,2004.6,435.5,41.4,44.3,1303
2025_08_08,1075,35.8692,3410.6,278.0,20.5,26.8,496
2025_08_08,1076,35.90257,2004.1,435.0,40.6,42.7,1237
2025_08_08,1076,35.90257,3410.6,278.1,20.1,26.1,550
2025_08_08,1082,36.10277,3343.2,1903.6,36.4,36.3,1029
2025_08_08,1083,36.13614,3344.6,1903.0,39.1,40.1,1226
2025_08_08,1085,36.20287,1836.6,107.5,33.4,34.1,970
2025_08_08,1088,36.30297,2458.7,506.6,31.1,25.4,627
2025_08_08,1088,36.30297,3052.9,1927.2,32.6,35.2,947
2025_08_08,1089,36.33634,3053.0,1927.0,31.8,36.0,920
2025_08_08,1089,36.33634,1833.1,103.7,33.3,33.4,945
2025_08_08,1090,36.3697,1833.3,103.8,34.0,34.8,966
2025_08_08,1090,36.3697,3053.6,1927.8,31.3,34.8,891
2025_08_08,1091,36.40307,1833.5,102.0,35.1,34.2,1005
2025_08_08,1091,36.40307,3053.3,1926.4,32.6,36.4,884
2025_08_08,1092,36.43644,1832.5,101.7,34.7,36.7,954
2025_08_08,1092,36.43644,3343.7,1909.1,29.8,28.0,587
2025_08_08,1092,36.43644,3052.8,1925.3,33.1,34.2,846
2025_08_08,1093,36.4698,3052.1,1924.3,33.5,33.7,932
2025_08_08,1093,36.4698,1831.8,101.1,35.4,36.4,999
2025_08_08,1094,36.50317,3051.4,1924.3,35.5,33.2,942
2025_08_08,1095,36.53654,3051.7,1923.9,34.1,33.4,882
2025_08_08,1095,36.53654,3409.8,270.6,20.7,24.6,480
2025_08_08,1096,36.5699,3050.8,1923.9,36.0,34.4,962
2025_08_08,1096,36.5699,3409.6,270.0,21.2,24.7,468
2025_08_08,1097,36.60327,3050.3,1923.4,34.5,34.5,963
2025_08_08,1098,36.63664,3050.1,1922.3,32.2,31.6,900
2025_08_08,1098,36.63664,656.3,1900.5,47.1,41.0,1378
2025_08_08,1099,36.67,3051.1,1923.5,30.5,32.1,932
2025_08_08,1103,36.80347,3348.4,1908.1,31.9,33.1,839
2025_08_08,1104,36.83684,3050.1,1920.4,39.5,38.8,1184
2025_08_08,1105,36.8702,3050.9,1920.0,38.6,34.8,1132
2025_08_08,1106,36.90357,3410.4,268.1,20.1,26.5,533
2025_08_08,1108,36.9703,3410.3,265.9,19.6,23.8,454
2025_08_08,1110,37.03704,1831.0,101.4,35.3,38.8,1169
2025_08_08,1111,37.0704,3049.7,1917.3,39.3,38.1,1037
2025_08_08,1111,37.0704,1832.3,100.4,35.1,38.7,1109
2025_08_08,1112,37.10377,1832.6,99.4,35.1,39.6,990
2025_08_08,1112,37.10377,3049.2,1916.5,37.8,35.1,965
2025_08_08,1113,37.13714,3048.1,1916.4,38.1,36.4,1000
2025_08_08,1113,37.13714,1832.0,99.1,34.1,36.3,881
2025_08_08,1114,37.1705,1831.8,98.6,31.6,33.1,809
2025_08_08,1114,37.1705,3046.2,1917.1,37.0,35.1,988
2025_08_08,1114,37.1705,2001.9,424.8,39.8,43.4,1312
2025_08_08,1115,37.20387,1831.2,98.1,33.1,33.2,811
2025_08_08,1115,37.20387,3046.0,1916.9,35.2,33.1,882
2025_08_08,1116,37.23724,3045.2,1916.5,32.8,33.0,877
2025_08_08,1116,37.23724,1830.9,96.2,33.7,34.4,750
2025_08_08,1116,37.23724,3410.6,266.1,19.9,26.1,535
2025_08_08,1117,37.2706,3043.7,1916.7,36.6,33.8,949
2025_08_08,1117,37.2706,1830.2,95.3,35.7,35.6,726
2025_08_08,1117,37.2706,3410.7,264.7,19.0,24.3,464
2025_08_08,1118,37.30397,3043.9,1916.1,35.3,33.2,967
2025_08_08,1118,37.30397,3410.7,262.7,19.0,24.0,441
2025_08_08,1119,37.33734,3044.0,1915.8,35.5,34.2,993
2025_08_08,1119,37.33734,1830.9,94.2,32.3,32.0,668
2025_08_08,1119,37.33734,3410.7,262.4,18.9,23.4,448
2025_08_08,1120,37.3707,3043.5,1915.1,35.1,34.3,1031
2025_08_08,1120,37.3707,2760.8,1210.4,25.1,26.1,503
2025_08_08,1121,37.40407,3045.4,1915.7,31.5,32.7,977
2025_08_08,1121,37.40407,1831.5,95.3,32.7,32.5,841
2025_08_08,1122,37.43744,3047.6,1916.5,33.3,34.0,944
2025_08_08,1123,37.4708,3046.7,1916.1,27.9,31.8,868
2025_08_08,1124,37.50417,3045.8,1916.8,30.2,36.6,974
2025_08_08,1125,37.53754,1833.5,95.6,37.1,36.2,1068
2025_08_08,1125,37.53754,661.3,1652.7,34.5,31.5,698
2025_08_08,1126,37.5709,3044.6,1913.6,33.0,37.1,1046
2025_08_08,1126,37.5709,359.6,2104.4,45.7,36.5,1117
2025_08_08,1129,37.671,682.2,2141.3,41.8,37.4,1403
2025_08_08,1130,37.70437,682.3,2139.1,43.8,38.3,1489
2025_08_08,1130,37.70437,1833.2,92.0,40.9,37.7,1294
2025_08_08,1133,37.80447,2762.0,1206.6,25.3,29.1,572
2025_08_08,1134,37.83784,3409.5,258.7,21.3,25.3,477
2025_08_08,1138,37.9713,3040.3,1909.9,29.5,29.7,751
2025_08_08,1139,38.00467,3040.4,1909.6,30.8,29.7,772
2025_08_08,1140,38.03804,3039.6,1909.5,29.2,29.0,774
2025_08_08,1140,38.03804,3348.2,1916.3,26.4,28.6,654
2025_08_08,1140,38.03804,2761.9,1208.0,27.4,28.8,562
2025_08_08,1141,38.0714,3039.5,1909.1,31.6,32.5,859
2025_08_08,1142,38.10477,3038.8,1908.1,32.2,34.5,890
2025_08_08,1142,38.10477,2761.5,1206.8,31.0,29.0,675
2025_08_08,1142,38.10477,1828.9,90.6,32.9,30.7,718
2025_08_08,1143,38.13814,3038.2,1907.6,32.0,34.1,892
2025_08_08,1143,38.13814,2761.2,1207.1,29.7,30.8,890
2025_08_08,1144,38.1715,3037.8,1907.0,33.9,36.1,973
2025_08_08,1144,38.1715,2760.9,1206.6,30.2,32.7,755
2025_08_08,1145,38.20487,3037.5,1906.5,34.9,36.8,1035
2025_08_08,1145,38.20487,1828.5,93.3,36.6,36.0,905
2025_08_08,1146,38.23824,3037.2,1906.4,35.1,37.1,1044
2025_08_08,1146,38.23824,1827.5,92.5,38.9,38.9,1083
2025_08_08,1147,38.2716,1825.9,91.0,40.5,38.2,1097
2025_08_08,1147,38.2716,3036.6,1905.3,36.3,37.5,1063
2025_08_08,1148,38.30497,1826.6,89.9,38.4,38.5,963
2025_08_08,1151,38.40507,1998.7,432.5,38.9,43.6,1282
2025_08_08,1154,38.50517,3031.4,1903.1,33.4,37.0,991
2025_08_08,1154,38.50517,3345.9,1919.9,32.8,30.8,755
2025_08_08,1155,38.53854,3343.8,1919.4,35.7,32.2,848
2025_08_08,1155,38.53854,3405.3,254.0,18.7,24.5,440
2025_08_08,1156,38.57191,3343.5,1919.0,31.3,30.6,760
2025_08_08,1158,38.63864,1829.4,85.7,42.3,38.5,920
2025_08_08,1162,38.77211,3031.0,1901.8,30.6,32.1,812
2025_08_08,1163,38.80547,3030.5,1901.0,31.5,33.3,881
2025_08_08,1164,38.83884,3030.2,1901.4,33.2,33.9,882
2025_08_08,1164,38.83884,1827.1,86.4,38.0,37.0,971
2025_08_08,1165,38.87221,3029.8,1900.9,33.5,34.8,970
2025_08_08,1165,38.87221,1827.6,86.8,40.7,39.4,1027
2025_08_08,1166,38.90557,3029.3,1900.2,33.9,34.9,985
2025_08_08,1166,38.90557,1826.0,86.3,37.7,36.5,954
2025_08_08,1167,38.93894,3028.5,1899.5,34.6,35.5,1020
2025_08_08,1167,38.93894,1825.2,85.9,39.9,36.5,960
2025_08_08,1168,38.97231,3027.6,1898.4,36.5,37.2,1052
2025_08_08,1168,38.97231,1824.7,85.0,38.6,35.0,949
2025_08_08,1169,39.00567,3026.6,1897.9,35.5,36.8,1013
2025_08_08,1169,39.00567,3344.8,1921.8,25.2,27.4,590
2025_08_08,1169,39.00567,2761.1,1196.6,25.6,23.6,478
2025_08_08,1170,39.03904,3026.4,1896.9,34.7,35.1,1010
2025_08_08,1170,39.03904,2762.2,1196.4,26.5,23.8,470
2025_08_08,1170,39.03904,3402.4,251.7,17.8,22.6,440
2025_08_08,1170,39.03904,3343.5,1921.2,23.7,26.4,549
2025_08_08,1170,39.03904,1826.2,82.0,32.4,30.6,818
2025_08_08,1171,39.07241,3026.7,1895.7,36.3,36.8,1038
2025_08_08,1171,39.07241,1825.1,84.1,35.1,34.4,821
2025_08_08,1171,39.07241,3401.3,251.7,18.4,24.0,442
2025_08_08,1172,39.10577,3027.4,1897.7,35.0,37.4,1010
2025_08_08,1172,39.10577,3401.3,251.5,18.4,24.2,440
2025_08_08,1173,39.13914,3027.1,1895.3,32.9,33.7,884
2025_08_08,1175,39.20587,2432.1,501.5,30.3,26.1,740
2025_08_08,1176,39.23924,2432.0,501.9,31.4,26.5,784
2025_08_08,1177,39.27261,2431.2,501.4,32.9,27.4,814
2025_08_08,1178,39.30597,2430.6,501.0,33.6,28.5,838
2025_08_08,1178,39.30597,3345.2,1925.1,28.9,29.4,766
2025_08_08,1178,39.30597,1994.7,428.6,37.5,40.5,1176
2025_08_08,1179,39.33934,1994.7,428.6,38.2,45.1,1351
2025_08_08,1179,39.33934,3344.3,1923.9,30.7,30.9,725
2025_08_08,1180,39.37271,3026.8,1895.2,37.3,37.3,1072
2025_08_08,1180,39.37271,2430.2,497.5,33.5,29.4,826
2025_08_08,1181,39.40607,3022.1,1894.2,31.1,34.2,966
2025_08_08,1181,39.40607,2430.0,496.8,32.3,29.1,780
2025_08_08,1182,39.43944,3021.5,1894.4,31.8,34.9,973
2025_08_08,1183,39.47281,3021.1,1894.1,31.8,33.0,939
2025_08_08,1184,39.50617,3020.6,1893.3,30.7,30.7,885
2025_08_08,1185,39.53954,2761.0,1193.8,28.5,28.3,578
2025_08_08,1185,39.53954,2429.0,498.1,30.6,24.7,703
2025_08_08,1185,39.53954,3020.2,1892.4,31.8,31.4,852
2025_08_08,1186,39.57291,3020.2,1892.0,31.4,31.0,814
2025_08_08,1186,39.57291,2429.5,498.9,30.5,25.2,718
2025_08_08,1187,39.60627,2429.4,499.5,31.2,25.4,726
2025_08_08,1187,39.60627,3020.6,1891.8,29.2,31.1,806
2025_08_08,1187,39.60627,2761.5,1194.0,28.1,29.6,584
2025_08_08,1188,39.63964,2762.5,1193.2,27.2,28.3,579
2025_08_08,1188,39.63964,3021.7,1891.6,27.8,29.4,773
2025_08_08,1188,39.63964,2428.9,499.0,31.1,26.5,760
2025_08_08,1189,39.67301,2428.3,499.6,29.1,26.4,749
2025_08_08,1189,39.67301,2762.2,1192.6,26.6,27.6,533
2025_08_08,1189,39.67301,3022.2,1892.0,28.1,28.7,740
2025_08_08,1190,39.70637,3022.7,1891.9,28.0,27.2,728
2025_08_08,1190,39.70637,2762.8,1192.9,25.9,26.2,474
2025_08_08,1190,39.70637,2427.9,499.5,28.6,26.8,718
2025_08_08,1191,39.73974,2762.9,1192.9,25.2,26.0,458
2025_08_08,1191,39.73974,3399.2,243.7,17.7,20.2,469
2025_08_08,1191,39.73974,3022.4,1891.7,26.4,26.0,707
2025_08_08,1192,39.77311,3022.2,1891.0,28.7,27.3,795
2025_08_08,1193,39.80647,2427.8,499.6,29.2,25.5,764
2025_08_08,1193,39.80647,1820.0,75.6,34.1,32.3,780
2025_08_08,1193,39.80647,3022.1,1889.9,28.5,28.6,805
2025_08_08,1193,39.80647,3345.5,1928.5,29.2,29.3,725
2025_08_08,1194,39.83984,3021.4,1889.9,30.5,30.0,859
2025_08_08,1194,39.83984,3345.4,1926.8,31.6,33.8,779
2025_08_08,1194,39.83984,2428.8,499.6,29.5,25.8,769
2025_08_08,1194,39.83984,1820.0,74.8,31.7,30.7,752
2025_08_08,1195,39.87321,3021.1,1889.8,32.2,32.2,961
2025_08_08,1195,39.87321,2428.7,499.0,30.0,25.7,742
2025_08_08,1195,39.87321,594.9,1985.0,39.7,35.3,914
2025_08_08,1195,39.87321,3345.9,1927.2,32.8,33.2,854
2025_08_08,1196,39.90657,3020.2,1889.1,32.6,33.1,1013
2025_08_08,1196,39.90657,2428.4,498.0,30.4,27.5,718
2025_08_08,1196,39.90657,2760.1,1192.0,30.3,29.6,619
2025_08_08,1197,39.93994,3020.1,1889.2,33.4,34.1,1037
2025_08_08,1197,39.93994,3347.5,1923.8,38.2,36.7,1007
2025_08_08,1197,39.93994,2427.5,498.0,30.7,27.4,756
2025_08_08,1197,39.93994,2761.5,1191.2,29.6,29.3,631
2025_08_08,1198,39.97331,3020.0,1889.3,34.8,36.6,1108
2025_08_08,1198,39.97331,3346.2,1923.2,36.3,35.7,975
2025_08_08,1198,39.97331,3399.8,243.4,19.8,22.7,561
2025_08_08,1199,40.00667,3020.0,1888.9,35.9,37.9,1156
2025_08_08,1199,40.00667,3345.9,1923.2,35.3,35.8,935
2025_08_08,1199,40.00667,3398.7,242.7,20.1,23.0,547
2025_08_08,1199,40.00667,2762.6,1189.9,26.9,25.5,551
2025_08_08,1200,40.04004,3019.1,1888.4,35.8,37.6,1157
2025_08_08,1200,40.04004,2761.8,1189.7,26.6,25.3,590
2025_08_08,1201,40.07341,3018.1,1887.1,37.8,39.7,1179
2025_08_08,1201,40.07341,3399.9,242.9,21.9,26.9,590
2025_08_08,1202,40.10677,3399.7,242.3,21.6,26.5,577
2025_08_08,1202,40.10677,1992.4,421.3,40.2,44.1,1409
2025_08_08,1204,40.17351,3019.8,1890.8,33.7,37.2,1071
2025_08_08,1205,40.20687,3019.7,1890.5,32.5,34.6,1094
2025_08_08,1206,40.24024,3020.1,1889.4,31.5,31.8,1292
2025_08_08,1207,40.27361,3019.8,1889.4,31.6,31.7,895
2025_08_08,1211,40.40707,2764.2,1187.9,25.6,25.1,595
2025_08_08,1212,40.44044,2764.2,1187.2,26.8,26.3,589
2025_08_08,1213,40.47381,2763.5,1186.6,26.5,25.7,624
2025_08_08,1213,40.47381,2424.4,497.2,31.0,29.0,744
2025_08_08,1214,40.50717,2422.2,497.6,29.5,27.2,751
2025_08_08,1214,40.50717,3016.9,1883.0,31.1,32.2,814
2025_08_08,1214,40.50717,2763.5,1186.2,27.8,26.9,598
2025_08_08,1215,40.54054,3016.7,1880.4,32.9,37.0,853
2025_08_08,1215,40.54054,2421.9,497.5,28.3,26.7,706
2025_08_08,1215,40.54054,3398.9,238.7,20.4,23.8,485
2025_08_08,1216,40.57391,3016.5,1878.8,35.3,39.0,900
2025_08_08,1216,40.57391,2421.6,496.8,27.9,25.6,734
2025_08_08,1217,40.60727,3016.6,1881.1,33.2,34.9,868
2025_08_08,1218,40.64064,3016.6,1882.2,31.0,31.0,873
2025_08_08,1219,40.67401,3017.0,1881.1,32.6,33.4,903
2025_08_08,1219,40.67401,3345.9,1928.9,24.5,24.5,523
2025_08_08,1219,40.67401,3396.7,237.7,23.9,27.2,741
2025_08_08,1220,40.70737,3017.0,1881.1,35.0,34.6,925
2025_08_08,1221,40.74074,3016.6,1879.8,34.8,33.0,896
2025_08_08,1221,40.74074,1989.9,421.1,36.7,48.0,1552
2025_08_08,1222,40.77411,3015.6,1879.1,34.8,32.2,911
2025_08_08,1222,40.77411,1819.0,70.9,31.1,34.9,860
2025_08_08,1222,40.77411,1988.9,421.8,36.3,43.2,1334
2025_08_08,1222,40.77411,3399.2,237.8,18.8,23.6,550
2025_08_08,1223,40.80747,3399.3,237.6,18.7,22.6,519
2025_08_08,1223,40.80747,3015.4,1879.2,35.4,32.8,960
2025_08_08,1223,40.80747,3346.9,1933.7,29.1,32.3,808
2025_08_08,1223,40.80747,1820.5,69.0,30.2,33.6,817
2025_08_08,1224,40.84084,3014.4,1878.7,34.7,33.6,921
2025_08_08,1224,40.84084,3399.5,237.1,18.0,21.9,482
2025_08_08,1224,40.84084,1819.2,68.3,31.3,34.8,907
2025_08_08,1225,40.87421,1990.5,418.6,42.7,43.7,1336
2025_08_08,1225,40.87421,3399.7,236.5,17.8,21.6,488
2025_08_08,1226,40.90757,3346.5,1932.9,30.2,31.9,798
2025_08_08,1226,40.90757,3398.9,235.2,18.3,22.3,478
2025_08_08,1226,40.90757,2419.1,495.3,28.8,24.4,607
2025_08_08,1226,40.90757,1989.1,418.5,40.1,40.3,1232
2025_08_08,1227,40.94094,2419.6,494.6,30.1,26.6,707
2025_08_08,1227,40.94094,3347.6,1932.7,29.0,30.7,733
2025_08_08,1228,40.97431,3015.8,1878.6,36.3,36.5,953
2025_08_08,1228,40.97431,2419.2,494.7,28.9,25.4,691
2025_08_08,1228,40.97431,2767.3,1181.4,23.5,25.3,520
2025_08_08,1229,41.00767,3015.6,1879.3,34.5,34.2,939
2025_08_08,1229,41.00767,2418.5,494.7,30.1,26.2,713
2025_08_08,1229,41.00767,2766.8,1180.8,24.2,25.5,527
2025_08_08,1230,41.04104,2418.4,494.0,32.0,28.1,790
2025_08_08,1230,41.04104,3016.2,1879.3,33.7,32.9,940
2025_08_08,1230,41.04104,2767.1,1181.1,24.3,26.2,559
2025_08_08,1230,41.04104,11.6,2123.2,23.2,37.7,769
2025_08_08,1231,41.07441,3014.7,1878.9,35.0,33.6,961
2025_08_08,1231,41.07441,2418.1,493.9,33.1,32.1,864
2025_08_08,1231,41.07441,1989.6,415.6,40.0,43.8,1243
2025_08_08,1232,41.10777,3014.4,1878.4,36.5,34.9,1003
2025_08_08,1233,41.14114,3013.3,1877.5,35.1,32.8,975
2025_08_08,1234,41.17451,3011.2,1877.3,34.9,32.8,975
2025_08_08,1235,41.20787,3009.7,1877.2,34.8,32.6,966
2025_08_08,1239,41.34134,2766.8,1179.4,28.9,31.6,681
2025_08_08,1240,41.37471,2416.6,495.9,26.7,23.2,676
2025_08_08,1240,41.37471,3011.6,1875.0,29.9,30.5,768
2025_08_08,1241,41.40807,2415.7,495.0,27.4,24.9,656
2025_08_08,1242,41.44144,3347.8,1935.7,27.8,27.9,771
2025_08_08,1243,41.47481,3011.7,1875.9,33.0,32.1,825
2025_08_08,1243,41.47481,3346.8,1935.1,29.0,30.5,805
2025_08_08,1243,41.47481,1983.9,412.9,43.8,44.6,1702
2025_08_08,1243,41.47481,1816.9,64.9,30.4,31.8,839
2025_08_08,1244,41.50817,3010.9,1876.1,32.7,31.7,832
2025_08_08,1244,41.50817,1984.1,412.8,43.6,43.9,1768
2025_08_08,1244,41.50817,3346.8,1932.1,32.9,38.4,1009
2025_08_08,1244,41.50817,1816.2,64.9,29.6,31.0,790
2025_08_08,1245,41.54154,3009.6,1875.2,32.5,31.7,865
2025_08_08,1245,41.54154,1816.8,64.2,29.3,30.4,753
2025_08_08,1245,41.54154,1984.6,411.9,40.2,41.3,1479
2025_08_08,1246,41.57491,3008.8,1875.0,32.9,32.3,877
2025_08_08,1246,41.57491,1984.5,410.9,46.2,46.9,1751
2025_08_08,1246,41.57491,1816.0,63.3,27.6,29.9,762
2025_08_08,1246,41.57491,2768.4,1177.7,25.7,25.3,574
2025_08_08,1247,41.60827,3008.7,1874.1,33.2,33.0,919
2025_08_08,1247,41.60827,2411.0,495.1,33.3,26.9,899
2025_08_08,1247,41.60827,2767.9,1176.9,25.3,26.1,541
2025_08_08,1248,41.64164,2411.1,495.5,35.1,30.8,886
2025_08_08,1248,41.64164,3008.9,1873.5,33.4,33.4,933
2025_08_08,1248,41.64164,2768.4,1176.7,26.6,26.5,762
2025_08_08,1248,41.64164,3398.6,228.3,19.6,22.3,430
2025_08_08,1249,41.67501,3008.5,1873.2,34.4,34.0,963
2025_08_08,1249,41.67501,2410.3,494.4,32.8,29.7,865
2025_08_08,1249,41.67501,3397.9,227.3,18.8,21.4,410
2025_08_08,1249,41.67501,2768.1,1177.2,26.1,27.7,606
2025_08_08,1249,41.67501,1816.1,60.3,28.9,31.0,759
2025_08_08,1250,41.70838,3007.9,1872.0,34.2,33.6,985
2025_08_08,1250,41.70838,2409.6,493.2,32.3,27.1,779
2025_08_08,1250,41.70838,1815.6,61.1,31.0,32.9,893
2025_08_08,1250,41.70838,3396.7,225.7,19.8,22.6,428
2025_08_08,1251,41.74174,3008.6,1871.8,32.7,32.9,977
2025_08_08,1251,41.74174,1813.5,60.3,33.3,34.0,900
2025_08_08,1251,41.74174,3396.4,225.3,20.3,23.3,426
2025_08_08,1252,41.77511,3008.6,1871.7,34.4,33.2,953
2025_08_08,1252,41.77511,1812.5,59.6,35.4,34.2,977
2025_08_08,1252,41.77511,3396.3,225.4,19.2,22.2,416
2025_08_08,1252,41.77511,2410.8,492.7,29.5,25.1,660
2025_08_08,1253,41.80848,3008.5,1872.4,33.9,32.8,931
2025_08_08,1253,41.80848,1812.2,57.8,35.3,33.2,985
2025_08_08,1254,41.84184,3009.2,1872.4,33.7,32.0,889
2025_08_08,1256,41.90858,3007.7,1871.4,33.7,29.7,863
2025_08_08,1257,41.94194,3007.5,1871.2,33.1,31.2,922
2025_08_08,1257,41.94194,3349.8,1944.1,25.2,26.3,633
2025_08_08,1258,41.97531,3007.5,1871.2,32.6,30.9,913
2025_08_08,1258,41.97531,3349.2,1942.5,27.4,26.6,650
2025_08_08,1259,42.00868,3007.8,1871.6,32.5,34.4,911
2025_08_08,1259,42.00868,3349.0,1942.4,26.8,25.9,582
2025_08_08,1259,42.00868,2408.2,493.2,29.0,26.0,709
2025_08_08,1260,42.04204,3007.1,1870.8,31.8,32.6,854
2025_08_08,1260,42.04204,2408.9,492.7,29.7,25.5,688
2025_08_08,1260,42.04204,1984.7,414.4,38.3,46.7,1468
2025_08_08,1260,42.04204,3350.4,1942.7,24.0,25.1,539
2025_08_08,1261,42.07541,3007.6,1870.6,32.0,32.6,880
2025_08_08,1261,42.07541,2408.4,492.0,29.9,25.8,681
2025_08_08,1261,42.07541,3351.4,1942.7,24.6,25.7,546
2025_08_08,1262,42.10878,3007.5,1870.5,33.1,32.7,892
2025_08_08,1262,42.10878,3351.3,1942.4,26.1,26.4,574
2025_08_08,1263,42.14214,3006.9,1869.6,32.7,32.2,892
2025_08_08,1263,42.14214,3350.1,1942.0,28.8,28.1,615
2025_08_08,1263,42.14214,1982.3,414.5,44.4,52.6,1786
2025_08_08,1263,42.14214,2770.2,1172.0,28.4,31.0,669
2025_08_08,1264,42.17551,3006.0,1868.7,33.6,33.5,940
2025_08_08,1264,42.17551,2771.1,1171.6,28.1,30.3,654
2025_08_08,1264,42.17551,1985.1,418.2,52.3,47.1,1991
2025_08_08,1265,42.20888,3006.6,1867.7,34.2,33.9,947
2025_08_08,1265,42.20888,2407.0,490.9,30.2,26.8,773
2025_08_08,1265,42.20888,3348.7,1947.1,28.0,30.9,751
2025_08_08,1265,42.20888,2770.1,1171.0,28.1,29.6,644
2025_08_08,1266,42.24224,3006.3,1867.2,34.1,33.5,948
2025_08_08,1266,42.24224,2406.3,490.9,30.6,27.5,777
2025_08_08,1267,42.27561,3006.2,1867.0,34.4,33.2,904
2025_08_08,1268,42.30898,3006.1,1867.6,34.5,32.8,883
2025_08_08,1269,42.34234,3006.0,1867.8,34.0,32.1,882
2025_08_08,1270,42.37571,3006.0,1867.4,33.6,31.0,864
2025_08_08,1270,42.37571,1811.2,52.9,33.4,37.1,897
2025_08_08,1271,42.40908,1811.4,51.7,33.9,36.8,821
2025_08_08,1271,42.40908,3006.3,1867.5,33.7,29.8,873
2025_08_08,1273,42.47581,3006.7,1867.4,36.0,33.2,990
2025_08_08,1273,42.47581,2405.1,490.9,30.7,26.0,628
2025_08_08,1274,42.50918,3006.5,1867.2,35.8,35.1,1036
2025_08_08,1274,42.50918,1812.1,51.6,29.9,31.4,731
2025_08_08,1275,42.54254,3005.6,1865.8,38.5,36.6,1149
2025_08_08,1275,42.54254,2405.0,490.2,30.2,26.8,616
2025_08_08,1276,42.57591,1810.9,52.7,34.7,34.2,885
2025_08_08,1276,42.57591,3005.4,1865.5,38.5,36.6,1158
2025_08_08,1277,42.60928,1810.0,52.4,35.0,34.8,921
2025_08_08,1277,42.60928,3004.3,1866.1,37.1,34.3,1046
2025_08_08,1277,42.60928,1981.3,404.1,42.4,46.4,1477
2025_08_08,1278,42.64264,1810.3,52.6,36.2,36.5,1044
2025_08_08,1278,42.64264,3004.1,1867.0,35.8,34.1,1103
2025_08_08,1278,42.64264,3351.8,1948.6,27.8,28.1,656
2025_08_08,1279,42.67601,3004.8,1865.2,35.1,32.4,1031
2025_08_08,1279,42.67601,1809.6,53.2,38.1,38.5,1101
2025_08_08,1279,42.67601,3352.3,1949.1,26.3,27.9,669
2025_08_08,1280,42.70938,3004.8,1864.8,34.4,32.3,951
2025_08_08,1280,42.70938,1808.3,53.2,37.5,38.4,1129
2025_08_08,1280,42.70938,3353.1,1948.5,27.3,28.8,679
2025_08_08,1281,42.74274,3005.0,1865.3,35.0,33.2,989
2025_08_08,1281,42.74274,1806.7,52.2,37.1,38.1,1157
2025_08_08,1281,42.74274,3353.5,1948.2,29.4,29.4,688
2025_08_08,1282,42.77611,3004.8,1864.5,34.2,33.6,945
2025_08_08,1282,42.77611,1806.6,50.7,37.5,39.2,1147
2025_08_08,1283,42.80948,3005.1,1864.1,34.5,34.6,961
2025_08_08,1283,42.80948,1805.6,48.8,36.4,38.8,1108
2025_08_08,1283,42.80948,2400.5,490.8,32.4,26.9,791
2025_08_08,1283,42.80948,1978.8,402.0,42.6,50.2,1500
2025_08_08,1284,42.84284,3004.5,1864.6,34.1,33.5,942
2025_08_08,1284,42.84284,3396.5,213.4,21.9,26.4,575
2025_08_08,1285,42.87621,3003.9,1863.5,31.1,31.7,856
2025_08_08,1286,42.90958,3396.7,212.0,20.6,25.2,551
2025_08_08,1286,42.90958,3004.5,1863.1,30.8,30.8,834
2025_08_08,1287,42.94294,3396.8,211.0,20.8,24.9,554
2025_08_08,1287,42.94294,3004.2,1863.3,32.6,32.8,834
2025_08_08,1288,42.97631,3003.3,1862.0,34.7,35.2,880
2025_08_08,1288,42.97631,3396.8,210.3,19.9,23.2,502
2025_08_08,1289,43.00968,2399.9,487.3,32.7,27.6,750
2025_08_08,1289,43.00968,1978.4,400.6,37.4,41.2,1354
2025_08_08,1289,43.00968,3002.7,1863.2,34.7,36.6,1038
2025_08_08,1290,43.04304,1978.1,403.2,37.7,41.6,1345
2025_08_08,1290,43.04304,2398.7,487.2,32.2,28.0,763
2025_08_08,1290,43.04304,3000.9,1862.2,34.1,34.1,932
2025_08_08,1291,43.07641,1978.7,403.1,41.8,48.0,1554
2025_08_08,1291,43.07641,3001.2,1861.9,34.0,35.7,965
2025_08_08,1291,43.07641,2399.7,485.9,38.5,33.5,1020
2025_08_08,1291,43.07641,573.5,1723.2,42.5,34.9,968
2025_08_08,1292,43.10978,1978.3,402.9,40.1,45.8,1465
2025_08_08,1292,43.10978,3001.0,1861.6,34.1,35.7,962
2025_08_08,1293,43.14314,1977.6,402.9,38.4,46.6,1378
2025_08_08,1293,43.14314,2397.0,487.8,30.9,27.4,782
2025_08_08,1294,43.17651,1977.8,401.2,37.0,43.3,1166
2025_08_08,1294,43.17651,2397.3,487.8,30.9,26.3,766
2025_08_08,1294,43.17651,3002.4,1862.6,30.3,29.6,880
2025_08_08,1295,43.20988,3002.1,1861.9,31.6,29.6,848
2025_08_08,1295,43.20988,2397.1,487.3,29.8,25.8,765
2025_08_08,1295,43.20988,1977.7,400.9,36.4,44.3,1268
2025_08_08,1296,43.24324,3001.8,1861.2,32.1,30.7,871
2025_08_08,1296,43.24324,2396.8,486.7,30.8,26.8,788
2025_08_08,1296,43.24324,1978.0,400.5,40.2,50.7,1559
2025_08_08,1297,43.27661,3002.0,1859.7,32.6,31.6,873
2025_08_08,1297,43.27661,2396.1,486.7,30.6,25.4,729
2025_08_08,1297,43.27661,1977.1,397.7,41.2,51.2,1690
2025_08_08,1298,43.30998,3001.4,1858.3,33.5,33.9,925
2025_08_08,1298,43.30998,2395.9,486.5,30.5,25.6,731
2025_08_08,1298,43.30998,1804.6,41.3,29.6,33.7,774
2025_08_08,1299,43.34334,3000.5,1856.8,34.4,35.8,943
2025_08_08,1299,43.34334,1804.2,42.3,30.5,33.2,788
2025_08_08,1299,43.34334,2395.7,487.4,29.9,24.8,759
2025_08_08,1300,43.37671,2999.7,1855.5,34.3,36.3,948
2025_08_08,1300,43.37671,3353.3,1956.0,28.3,27.8,743
2025_08_08,1300,43.37671,1804.7,41.0,32.5,35.1,920
2025_08_08,1300,43.37671,2395.6,488.0,30.3,24.2,756
2025_08_08,1301,43.41008,3354.6,1955.3,29.0,30.5,770
2025_08_08,1301,43.41008,3396.0,208.1,20.5,24.7,534
2025_08_08,1301,43.41008,2395.7,487.7,29.0,25.3,729
2025_08_08,1301,43.41008,1804.2,41.8,32.2,35.1,1450
2025_08_08,1301,43.41008,2998.7,1855.8,34.2,33.8,882
2025_08_08,1302,43.44344,3395.7,206.2,21.2,25.7,606
2025_08_08,1302,43.44344,2395.1,487.6,28.2,23.4,687
2025_08_08,1302,43.44344,1804.2,40.6,31.2,34.4,950
2025_08_08,1303,43.47681,3395.9,205.8,21.5,25.3,606
2025_08_08,1303,43.47681,1804.7,40.9,30.1,33.4,964
2025_08_08,1303,43.47681,3355.5,1953.7,26.8,30.8,695
2025_08_08,1304,43.51018,1805.3,40.5,30.4,32.7,956
2025_08_08,1304,43.51018,3395.1,204.7,21.7,26.2,603
2025_08_08,1304,43.51018,3356.3,1954.0,28.1,30.2,706
2025_08_08,1304,43.51018,2995.9,1855.3,35.1,32.7,1009
2025_08_08,1305,43.54354,1805.2,40.5,30.9,33.5,917
2025_08_08,1305,43.54354,3356.4,1952.8,28.2,30.8,685
2025_08_08,1305,43.54354,2995.7,1856.2,36.1,35.5,1066
2025_08_08,1305,43.54354,3394.6,203.3,20.7,25.9,538
2025_08_08,1306,43.57691,2996.0,1856.0,36.1,36.9,1118
2025_08_08,1306,43.57691,3356.3,1952.2,28.4,31.0,702
2025_08_08,1312,43.77711,2998.2,1854.2,34.6,34.3,935
2025_08_08,1313,43.81048,2995.8,1853.7,34.2,34.5,961
2025_08_08,1314,43.84384,1975.1,398.4,41.9,45.5,1303
2025_08_08,1314,43.84384,2997.3,1853.4,37.4,32.7,958
2025_08_08,1315,43.87721,1974.4,397.2,38.9,43.7,1165
2025_08_08,1315,43.87721,2995.6,1852.4,35.5,32.1,873
2025_08_08,1316,43.91058,2993.5,1852.3,34.2,32.2,869
2025_08_08,1316,43.91058,3394.8,200.6,20.0,23.1,459
2025_08_08,1317,43.94394,3353.9,1956.5,28.4,29.2,635
2025_08_08,1317,43.94394,2991.5,1853.9,36.5,34.5,967
2025_08_08,1317,43.94394,1801.3,40.6,33.7,39.3,1047
2025_08_08,1317,43.94394,3394.9,200.1,20.8,23.0,469
2025_08_08,1318,43.97731,1801.6,40.1,33.4,37.5,1054
2025_08_08,1318,43.97731,3354.8,1956.7,26.3,29.2,626
2025_08_08,1318,43.97731,2991.0,1853.3,38.9,37.0,1032
2025_08_08,1319,44.01068,1801.4,40.4,33.8,37.6,1093
2025_08_08,1319,44.01068,2991.2,1852.7,39.2,38.4,1059
2025_08_08,1320,44.04404,2991.7,1854.0,36.9,36.6,1020
2025_08_08,1321,44.07741,2993.0,1854.2,33.8,35.9,1016
2025_08_08,1322,44.11078,2991.8,1853.4,34.5,35.4,1019
2025_08_08,1323,44.14414,2991.6,1851.7,35.4,34.1,932
2025_08_08,1324,44.17751,2992.0,1851.3,32.9,32.1,893
2025_08_08,1324,44.17751,1803.1,33.5,27.0,32.8,718
2025_08_08,1325,44.21088,1802.3,32.6,24.6,30.8,678
2025_08_08,1325,44.21088,2992.1,1850.5,31.0,30.4,845
2025_08_08,1326,44.24424,1802.8,31.2,25.0,30.4,777
2025_08_08,1328,44.31098,3394.3,198.5,19.2,21.8,428
2025_08_08,1329,44.34434,3393.8,199.1,18.6,22.3,437
2025_08_08,1330,44.37771,1802.0,35.8,30.5,37.8,998
2025_08_08,1331,44.41108,1801.8,37.8,33.9,41.5,1113
2025_08_08,1332,44.44444,1801.2,36.4,35.9,44.8,1218
2025_08_08,1333,44.47781,1800.1,33.8,35.2,42.4,1190
2025_08_08,1333,44.47781,2992.0,1848.0,32.5,31.4,795
2025_08_08,1334,44.51118,1798.3,32.0,34.8,40.3,1127
2025_08_08,1335,44.54454,1798.2,29.4,34.1,37.4,1040
2025_08_08,1335,44.54454,2990.1,1844.7,33.8,30.3,827
2025_08_08,1336,44.57791,2989.0,1844.4,35.1,31.6,905
2025_08_08,1336,44.57791,1798.0,29.0,34.8,37.1,986
2025_08_08,1337,44.61128,2988.3,1844.3,34.0,32.0,867
2025_08_08,1337,44.61128,1796.5,28.6,34.6,36.6,986
2025_08_08,1338,44.64464,2988.8,1846.9,35.3,37.9,1042
2025_08_08,1338,44.64464,1796.9,28.7,33.1,35.6,932
2025_08_08,1339,44.67801,2988.3,1846.9,34.6,36.6,1057
2025_08_08,1339,44.67801,81.0,1932.6,42.3,41.7,1206
2025_08_08,1340,44.71138,2987.8,1846.5,33.0,35.9,1033
2025_08_08,1340,44.71138,2382.8,485.2,27.9,22.2,807
2025_08_08,1341,44.74474,2382.7,483.9,31.0,25.2,930
2025_08_08,1341,44.74474,116.5,2050.2,51.6,44.1,1323
2025_08_08,1342,44.77811,2986.6,1845.1,34.0,34.9,960
2025_08_08,1342,44.77811,3393.1,193.3,20.8,26.9,555
2025_08_08,1342,44.77811,1972.9,389.9,35.3,46.9,1399
2025_08_08,1342,44.77811,1257.4,1859.2,36.8,32.5,727
2025_08_08,1343,44.81148,3392.6,192.8,22.2,26.4,555
2025_08_08,1343,44.81148,2987.4,1843.2,32.8,34.4,911
2025_08_08,1344,44.84484,3393.0,191.3,20.3,25.1,535
2025_08_08,1344,44.84484,2987.9,1842.9,31.2,32.4,861
2025_08_08,1345,44.87821,3392.5,190.3,21.1,24.6,526
2025_08_08,1345,44.87821,2988.7,1842.9,30.5,32.4,833
2025_08_08,1346,44.91158,2988.4,1842.5,31.5,32.5,810
2025_08_08,1347,44.94494,2987.8,1841.7,31.2,32.7,1053
2025_08_08,1348,44.97831,2987.1,1841.4,31.4,32.3,813
2025_08_08,1349,45.01168,2986.1,1842.5,31.4,32.8,849
2025_08_08,1350,45.04505,2986.7,1843.1,29.1,32.5,818
2025_08_08,1350,45.04505,1803.6,26.6,31.4,33.0,771
2025_08_08,1350,45.04505,1975.6,388.1,38.6,46.8,1708
2025_08_08,1351,45.07841,1803.5,25.9,31.6,34.5,806
2025_08_08,1352,45.11178,1802.4,25.4,29.2,33.3,741
2025_08_08,1353,45.14515,1977.5,385.8,46.0,52.3,1824
2025_08_08,1353,45.14515,1800.1,25.0,29.8,36.5,773
2025_08_08,1354,45.17851,2987.7,1842.4,30.8,30.6,789
2025_08_08,1354,45.17851,1799.6,24.2,28.8,34.8,730
2025_08_08,1355,45.21188,2986.3,1842.3,32.9,32.3,884
2025_08_08,1355,45.21188,2726.3,1891.0,33.5,35.0,974
2025_08_08,1355,45.21188,1799.8,23.0,29.1,33.1,699
2025_08_08,1355,45.21188,2377.5,482.2,28.5,21.6,698
2025_08_08,1356,45.24525,2985.6,1840.9,32.0,32.4,893
2025_08_08,1356,45.24525,1798.7,21.4,24.6,29.2,595
2025_08_08,1357,45.27861,2985.0,1839.2,32.8,34.8,964
2025_08_08,1357,45.27861,1798.6,20.3,24.4,27.5,663
2025_08_08,1358,45.31198,2984.2,1839.8,33.4,34.3,959
2025_08_08,1359,45.34535,2984.5,1839.6,32.7,33.6,985
2025_08_08,1360,45.37871,2984.2,1839.4,33.5,33.2,970
2025_08_08,1360,45.37871,3394.2,185.0,18.6,21.8,415
2025_08_08,1361,45.41208,2983.7,1838.5,34.5,34.4,998
2025_08_08,1362,45.44545,2983.4,1835.7,33.9,36.1,989
2025_08_08,1362,45.44545,2374.9,480.0,34.2,29.2,905
2025_08_08,1363,45.47881,2982.9,1835.0,35.7,36.6,950
2025_08_08,1363,45.47881,2374.9,477.5,35.3,33.9,1011
2025_08_08,1364,45.51218,2982.9,1835.6,36.0,34.6,950
2025_08_08,1364,45.51218,2375.3,476.0,35.0,37.0,1032
2025_08_08,1365,45.54555,2982.9,1836.4,36.9,34.1,880
2025_08_08,1365,45.54555,2375.0,476.2,34.9,37.2,1126
2025_08_08,1366,45.57891,2982.8,1836.1,33.9,31.9,837
2025_08_08,1367,45.61228,2983.7,1837.6,31.9,29.9,799
2025_08_08,1369,45.67901,2984.7,1835.6,29.8,32.8,818
2025_08_08,1370,45.71238,2984.2,1835.6,29.5,33.4,857
2025_08_08,1371,45.74575,2984.1,1834.7,30.2,34.5,868
2025_08_08,1371,45.74575,2721.5,1888.1,32.4,33.2,790
2025_08_08,1372,45.77911,2721.4,1887.5,32.2,31.4,799
2025_08_08,1372,45.77911,2984.1,1834.1,31.0,34.2,905
2025_08_08,1372,45.77911,1974.2,384.4,37.3,44.8,1209
2025_08_08,1374,45.84585,2982.9,1834.8,32.6,34.4,1016
2025_08_08,1375,45.87921,2982.5,1835.7,33.0,34.1,1005
2025_08_08,1375,45.87921,2721.3,1886.1,28.0,28.0,663
2025_08_08,1376,45.91258,2982.3,1834.6,34.1,38.1,1036
2025_08_08,1377,45.94595,2982.5,1832.0,35.3,39.9,1017
2025_08_08,1377,45.94595,58.8,2145.3,30.6,29.4,601
2025_08_08,1378,45.97931,2981.5,1831.1,35.2,38.8,1049
2025_08_08,1378,45.97931,1975.7,380.5,39.5,45.7,1197
2025_08_08,1379,46.01268,2979.6,1829.1,35.0,38.6,1223
2025_08_08,1379,46.01268,1975.5,382.8,38.3,46.6,1245
2025_08_08,1380,46.04605,2978.1,1829.8,33.4,35.5,995
2025_08_08,1381,46.07941,2978.7,1828.7,34.8,36.8,939
2025_08_08,1382,46.11278,2979.9,1828.6,32.4,35.6,871
2025_08_08,1383,46.14615,2980.1,1829.3,32.8,34.0,859
2025_08_08,1384,46.17951,2980.4,1828.7,32.6,33.8,844
2025_08_08,1385,46.21288,2980.7,1826.9,33.4,34.6,823
2025_08_08,1386,46.24625,2979.9,1827.1,31.0,32.2,763
2025_08_08,1387,46.27961,2979.2,1826.9,32.1,31.3,761
2025_08_08,1388,46.31298,2979.1,1826.7,33.3,32.0,849
2025_08_08,1390,46.37971,2978.9,1826.9,34.4,34.1,957
2025_08_08,1394,46.51318,2976.6,1825.6,37.9,40.0,1118
2025_08_08,1395,46.54655,2975.6,1825.1,36.6,38.7,1088
2025_08_08,1395,46.54655,2716.5,1878.4,32.2,32.2,798
2025_08_08,1396,46.57991,2975.2,1824.0,36.7,36.9,995
2025_08_08,1396,46.57991,2367.0,481.0,32.3,30.4,840
2025_08_08,1397,46.61328,1972.9,374.0,43.4,46.6,1237
2025_08_08,1397,46.61328,2715.8,1877.4,32.1,32.4,706
2025_08_08,1398,46.64665,2715.0,1876.0,31.1,31.4,698
2025_08_08,1403,46.81348,1977.1,375.8,40.1,43.9,1171
2025_08_08,1403,46.81348,2972.3,1818.4,31.3,35.3,788
2025_08_08,1404,46.84685,1977.1,374.5,39.0,44.0,1188
2025_08_08,1404,46.84685,2974.1,1820.4,30.6,32.4,785
2025_08_08,1405,46.88021,2973.9,1820.5,29.5,30.8,749
2025_08_08,1405,46.88021,1976.4,373.3,37.7,44.0,1164
2025_08_08,1405,46.88021,3388.1,173.8,24.7,27.2,684
2025_08_08,1406,46.91358,1975.9,373.5,39.1,46.2,1276
2025_08_08,1406,46.91358,2973.2,1819.3,27.3,28.2,717
2025_08_08,1408,46.98031,2971.9,1820.1,32.3,34.9,902
2025_08_08,1409,47.01368,1971.2,371.0,44.2,49.7,1528
2025_08_08,1409,47.01368,2972.3,1820.2,32.3,35.6,981
2025_08_08,1410,47.04705,2971.8,1818.8,32.1,34.6,955
2025_08_08,1410,47.04705,19.3,2114.7,38.2,35.7,1148
2025_08_08,1411,47.08041,2970.4,1817.5,34.6,35.6,971
2025_08_08,1411,47.08041,20.1,2112.4,40.2,39.8,1306
2025_08_08,1412,47.11378,2971.0,1816.8,33.2,34.6,928
2025_08_08,1413,47.14715,2970.4,1816.2,31.8,34.6,925
2025_08_08,1414,47.18051,2970.0,1815.3,33.6,36.9,999
2025_08_08,1415,47.21388,2969.2,1814.6,37.0,38.5,1078
2025_08_08,1416,47.24725,2968.3,1812.1,38.7,41.9,1175
2025_08_08,1417,47.28061,2967.5,1809.0,37.6,42.8,1175
2025_08_08,1418,47.31398,2967.0,1809.6,36.3,40.8,1103
2025_08_08,1418,47.31398,2357.3,475.7,36.6,34.8,938
2025_08_08,1419,47.34735,2966.1,1812.3,34.7,36.8,957
2025_08_08,1419,47.34735,2357.0,475.5,36.0,33.8,928
2025_08_08,1420,47.38071,2965.0,1811.8,35.8,35.9,973
2025_08_08,1421,47.41408,2966.5,1812.0,33.1,32.8,912
2025_08_08,1422,47.44745,3389.8,166.7,20.6,26.2,619
2025_08_08,1422,47.44745,2967.4,1813.6,30.4,29.8,782
2025_08_08,1423,47.48081,2967.6,1813.2,31.1,30.1,789
2025_08_08,1423,47.48081,3388.4,166.2,20.6,25.9,581
2025_08_08,1424,47.51418,3387.6,165.0,21.5,25.0,578
2025_08_08,1424,47.51418,2966.8,1812.4,31.2,30.3,757
2025_08_08,1425,47.54755,3387.8,163.8,19.7,22.0,539
2025_08_08,1425,47.54755,2966.0,1812.0,30.1,32.1,789
2025_08_08,1426,47.58091,2966.2,1812.7,31.2,35.0,859
2025_08_08,1426,47.58091,1973.9,371.0,41.8,45.7,1475
2025_08_08,1427,47.61428,1973.9,371.3,46.1,47.1,1557
2025_08_08,1427,47.61428,3388.8,163.3,18.3,21.0,462
2025_08_08,1428,47.64765,1974.0,371.0,41.5,44.1,1425
2025_08_08,1429,47.68101,1974.7,368.1,41.2,45.0,1414
2025_08_08,1429,47.68101,2965.0,1811.8,32.2,34.2,951
2025_08_08,1430,47.71438,1974.9,366.8,38.0,44.0,1340
2025_08_08,1431,47.74775,1974.8,364.2,35.7,43.1,1192
2025_08_08,1432,47.78111,2353.6,481.6,32.6,27.4,834
2025_08_08,1433,47.81448,3388.8,165.4,21.8,26.2,620
2025_08_08,1433,47.81448,2709.0,1865.8,35.5,33.9,922
2025_08_08,1435,47.88121,3387.1,161.7,20.3,25.5,547
2025_08_08,1436,47.91458,3386.9,158.9,19.0,23.0,560
2025_08_08,1437,47.94795,3387.0,157.6,19.0,22.8,515
2025_08_08,1438,47.98131,3386.1,158.1,20.8,24.5,550
2025_08_08,1440,48.04805,2352.0,472.6,33.6,37.1,899
2025_08_08,1442,48.11478,2962.2,1806.2,32.9,33.2,923
2025_08_08,1443,48.14815,2962.6,1805.9,34.0,33.7,956
2025_08_08,1443,48.14815,2703.4,1865.2,34.9,32.7,814
2025_08_08,1444,48.18151,2962.5,1805.2,33.9,33.8,955
2025_08_08,1445,48.21488,2961.7,1804.1,34.4,33.9,942
2025_08_08,1446,48.24825,2961.7,1804.7,32.4,34.1,944
2025_08_08,1447,48.28161,2960.8,1804.9,32.7,34.6,975
2025_08_08,1447,48.28161,2701.8,1862.3,30.6,29.7,699
2025_08_08,1448,48.31498,2960.6,1803.4,34.3,35.4,959
2025_08_08,1448,48.31498,2702.7,1861.7,31.2,29.9,713
2025_08_08,1449,48.34835,2959.1,1803.1,33.8,34.8,913
2025_08_08,1450,48.38172,3386.3,157.0,19.6,22.4,530
2025_08_08,1450,48.38172,2348.8,477.6,29.7,25.1,762
2025_08_08,1451,48.41508,2348.1,477.9,30.3,25.9,735
2025_08_08,1452,48.44845,2347.6,477.5,29.1,25.6,685
2025_08_08,1453,48.48182,2346.8,477.4,29.5,25.5,688
2025_08_08,1454,48.51518,2347.0,476.6,29.7,25.6,681
2025_08_08,1455,48.54855,2346.9,476.6,31.3,27.0,697
2025_08_08,1456,48.58192,2957.6,1798.8,36.4,39.3,905
2025_08_08,1456,48.58192,2347.1,477.8,30.0,25.0,692
2025_08_08,1457,48.61528,2958.0,1798.9,36.7,38.6,913
2025_08_08,1457,48.61528,2345.7,478.6,31.9,26.5,733
2025_08_08,1457,48.61528,2699.8,1858.2,29.1,29.0,694
2025_08_08,1457,48.61528,3387.2,156.9,20.8,24.8,571
2025_08_08,1458,48.64865,2957.4,1800.0,34.1,35.4,874
2025_08_08,1458,48.64865,3386.6,157.2,19.8,22.8,516
2025_08_08,1458,48.64865,1974.1,354.7,38.9,43.9,1275
2025_08_08,1459,48.68202,2957.3,1799.9,34.3,35.7,919
2025_08_08,1459,48.68202,3386.4,156.3,20.6,23.3,480
2025_08_08,1459,48.68202,1974.8,357.9,41.0,49.7,1415
2025_08_08,1460,48.71538,2957.0,1799.9,32.4,33.9,858
2025_08_08,1460,48.71538,3386.4,156.2,19.3,22.5,506
2025_08_08,1461,48.74875,2957.5,1797.8,32.2,33.5,839
2025_08_08,1462,48.78212,2957.0,1798.1,31.7,33.2,852
2025_08_08,1463,48.81548,2956.8,1798.0,31.2,32.1,858
2025_08_08,1464,48.84885,2956.6,1798.2,33.2,32.2,891
2025_08_08,1465,48.88222,2955.2,1797.5,31.2,31.0,868
2025_08_08,1466,48.91558,2343.8,476.8,33.9,30.6,763
2025_08_08,1467,48.94895,2344.0,475.0,33.5,33.2,760
2025_08_08,1468,48.98232,2343.1,475.2,30.7,30.3,686
2025_08_08,1468,48.98232,2798.1,1118.8,27.3,26.7,591
2025_08_08,1468,48.98232,2700.6,1859.2,33.8,33.5,814
2025_08_08,1469,49.01568,2343.3,475.2,30.3,28.0,662
2025_08_08,1469,49.01568,2701.6,1857.8,33.4,33.8,824
2025_08_08,1469,49.01568,2797.6,1118.3,25.6,27.2,601
2025_08_08,1470,49.04905,2702.6,1856.4,35.5,33.5,847
2025_08_08,1470,49.04905,2343.3,475.6,30.2,25.1,631
2025_08_08,1470,49.04905,22.0,1781.6,40.5,39.1,1415
2025_08_08,1470,49.04905,2797.9,1117.2,25.2,25.9,608
2025_08_08,1471,49.08242,2701.7,1854.8,37.7,35.1,850
2025_08_08,1475,49.21588,2696.3,1852.0,29.3,29.9,704
2025_08_08,1475,49.21588,2340.2,479.2,29.7,26.4,782
2025_08_08,1476,49.24925,2952.5,1796.2,31.5,31.8,807
2025_08_08,1476,49.24925,2696.2,1851.5,30.4,29.7,707
2025_08_08,1476,49.24925,2339.6,478.2,31.5,28.0,764
2025_08_08,1477,49.28262,2695.4,1852.3,32.0,29.9,702
2025_08_08,1477,49.28262,2952.6,1796.3,31.3,32.4,846
2025_08_08,1478,49.31598,2951.1,1794.9,29.0,32.6,814
2025_08_08,1478,49.31598,2340.7,478.3,32.7,28.6,771
2025_08_08,1478,49.31598,2695.3,1851.6,31.5,31.2,725
2025_08_08,1479,49.34935,2952.8,1794.1,32.2,35.4,836
2025_08_08,1479,49.34935,2340.0,477.6,34.0,28.5,785
2025_08_08,1480,49.38272,2950.8,1793.3,31.0,34.6,830
2025_08_08,1480,49.38272,2339.6,477.0,32.5,27.6,758
2025_08_08,1480,49.38272,2695.8,1852.8,30.6,32.2,761
2025_08_08,1481,49.41608,2949.7,1792.4,30.9,34.5,807
2025_08_08,1481,49.41608,2339.7,475.6,34.1,27.3,740
2025_08_08,1482,49.44945,2949.0,1792.3,31.0,33.1,837
2025_08_08,1482,49.44945,2339.2,475.7,34.2,28.5,773
2025_08_08,1482,49.44945,1971.5,351.8,35.4,42.5,1360
2025_08_08,1483,49.48282,2948.2,1791.1,32.5,34.5,856
2025_08_08,1483,49.48282,2339.4,475.3,34.6,29.4,780
2025_08_08,1483,49.48282,1972.4,350.5,35.2,43.8,1381
2025_08_08,1483,49.48282,2694.0,1848.5,29.3,29.6,741
2025_08_08,1484,49.51618,2340.3,475.2,36.3,30.9,825
2025_08_08,1484,49.51618,2947.9,1791.5,31.7,32.4,885
2025_08_08,1484,49.51618,1972.3,349.4,40.3,47.6,1524
2025_08_08,1485,49.54955,1972.6,349.4,38.4,46.8,1492
2025_08_08,1485,49.54955,2945.8,1791.6,34.3,34.8,1010
2025_08_08,1485,49.54955,2338.2,477.8,33.0,29.0,774
2025_08_08,1486,49.58292,1972.4,351.0,40.9,47.8,1563
2025_08_08,1486,49.58292,2944.6,1790.9,35.2,35.1,1009
2025_08_08,1486,49.58292,2336.8,478.9,31.4,26.3,775
2025_08_08,1487,49.61628,2943.2,1790.5,36.6,33.3,981
2025_08_08,1487,49.61628,1972.9,352.1,40.6,49.2,1557
2025_08_08,1487,49.61628,2335.2,478.2,31.5,26.4,827
2025_08_08,1488,49.64965,2943.1,1790.2,36.1,33.2,1020
2025_08_08,1488,49.64965,2335.6,477.9,32.4,27.6,836
2025_08_08,1489,49.68302,2334.8,477.5,32.4,27.3,806
2025_08_08,1493,49.81648,3383.1,143.8,18.2,24.3,463
2025_08_08,1493,49.81648,2694.5,1848.3,34.7,34.4,943
2025_08_08,1494,49.84985,2333.5,475.1,33.9,28.6,778
2025_08_08,1494,49.84985,2694.2,1845.5,34.0,34.5,877
2025_08_08,1494,49.84985,3382.7,143.0,17.8,23.2,413
2025_08_08,1495,49.88322,1965.3,347.0,37.5,47.3,1553
2025_08_08,1495,49.88322,2333.5,476.4,31.1,25.8,717
2025_08_08,1496,49.91658,1967.0,347.2,41.4,49.3,1689
2025_08_08,1496,49.91658,2944.8,1787.4,34.7,35.6,964
2025_08_08,1498,49.98332,2692.2,1842.7,31.3,29.3,725
2025_08_08,1498,49.98332,2944.2,1786.0,31.2,34.5,1083
2025_08_08,1500,50.05005,2330.8,477.8,28.8,26.5,667
2025_08_08,1500,50.05005,975.2,1886.3,56.9,47.7,2000
2025_08_08,1501,50.08342,2331.6,476.9,32.0,29.8,728
2025_08_08,1502,50.11678,2330.8,477.2,32.5,30.6,721
2025_08_08,1503,50.15015,2330.7,477.5,29.4,26.9,705
2025_08_08,1503,50.15015,1973.3,342.6,34.0,39.1,1134
2025_08_08,1503,50.15015,2940.2,1786.1,35.7,36.9,979
2025_08_08,1504,50.18352,2329.9,476.9,28.7,25.4,698
2025_08_08,1504,50.18352,2940.2,1785.0,34.6,36.7,931
2025_08_08,1505,50.21688,2330.0,476.6,28.0,25.7,689
2025_08_08,1505,50.21688,2939.7,1785.8,35.2,37.6,962
2025_08_08,1506,50.25025,2330.2,476.2,27.6,24.4,669
2025_08_08,1506,50.25025,2692.6,1844.3,32.9,31.1,742
2025_08_08,1507,50.28362,2693.0,1844.5,31.5,29.3,720
2025_08_08,1508,50.31698,2939.9,1785.5,33.1,36.1,952
2025_08_08,1509,50.35035,2693.1,1845.8,29.1,30.2,770
2025_08_08,1510,50.38372,2693.2,1844.8,30.6,30.8,793
2025_08_08,1510,50.38372,2940.4,1781.5,35.1,39.6,992
2025_08_08,1510,50.38372,3382.2,140.1,21.3,24.6,540
2025_08_08,1511,50.41708,2940.8,1781.1,34.8,38.1,1032
2025_08_08,1511,50.41708,2691.9,1844.2,29.5,32.1,798
2025_08_08,1512,50.45045,2941.7,1780.3,33.9,37.5,942
2025_08_08,1512,50.45045,3381.1,138.6,20.4,22.9,484
2025_08_08,1512,50.45045,1970.6,344.9,45.2,49.3,1722
2025_08_08,1512,50.45045,2690.2,1842.4,29.5,34.2,893
2025_08_08,1513,50.48382,2941.0,1780.4,35.2,35.8,943
2025_08_08,1513,50.48382,1970.6,344.5,46.7,49.7,1677
2025_08_08,1514,50.51718,2941.5,1778.6,39.3,38.2,1070
2025_08_08,1514,50.51718,3382.0,138.3,24.0,26.2,667
2025_08_08,1515,50.55055,2942.7,1776.8,40.6,38.6,1074
2025_08_08,1515,50.55055,1972.4,343.3,46.4,51.1,1588
2025_08_08,1515,50.55055,2327.7,477.7,31.0,26.3,777
2025_08_08,1516,50.58392,1972.9,343.5,44.2,47.5,1535
2025_08_08,1516,50.58392,2804.6,1108.5,28.0,26.7,581
2025_08_08,1516,50.58392,2941.3,1776.8,40.7,38.4,1054
2025_08_08,1516,50.58392,2324.6,477.6,30.1,26.1,813
2025_08_08,1517,50.61728,2940.3,1779.1,38.4,39.7,1061
2025_08_08,1517,50.61728,1973.4,343.0,45.1,45.9,1546
2025_08_08,1517,50.61728,2804.7,1108.3,27.7,26.4,579
2025_08_08,1517,50.61728,2326.1,476.2,34.2,28.8,886
2025_08_08,1518,50.65065,1971.9,342.7,44.0,44.5,1551
2025_08_08,1518,50.65065,2805.0,1108.0,26.9,27.1,574
2025_08_08,1518,50.65065,2938.8,1780.4,35.6,37.3,994
2025_08_08,1518,50.65065,2325.3,476.5,35.9,31.5,935
2025_08_08,1519,50.68402,2804.9,1107.5,26.4,27.4,560
2025_08_08,1519,50.68402,1973.3,341.7,39.6,41.2,1354
2025_08_08,1519,50.68402,2938.5,1780.1,31.9,33.6,905
2025_08_08,1520,50.71738,2938.9,1780.7,31.4,33.4,924
2025_08_08,1520,50.71738,2804.8,1106.7,26.8,27.9,592
2025_08_08,1520,50.71738,2323.5,475.2,30.0,28.5,807
2025_08_08,1521,50.75075,2939.1,1781.0,31.5,34.6,952
2025_08_08,1521,50.75075,1974.9,342.7,38.3,42.5,1426
2025_08_08,1522,50.78412,2938.2,1781.3,29.1,33.5,852
2025_08_08,1523,50.81748,3380.2,135.8,19.5,23.4,477
2025_08_08,1524,50.85085,3380.4,135.1,20.8,24.7,501
2025_08_08,1524,50.85085,2689.1,1838.7,27.2,27.8,682
2025_08_08,1525,50.88422,3379.2,134.1,21.7,26.1,507
2025_08_08,1525,50.88422,2689.1,1838.9,28.4,30.3,758
2025_08_08,1526,50.91758,3379.6,133.7,20.9,25.2,503
2025_08_08,1526,50.91758,2936.3,1778.9,33.0,36.9,944
2025_08_08,1527,50.95095,3379.7,133.4,19.5,24.7,463
2025_08_08,1527,50.95095,2320.9,476.8,30.1,26.8,777
2025_08_08,1527,50.95095,2936.2,1778.2,34.2,36.2,951
2025_08_08,1527,50.95095,1970.6,342.6,37.5,45.8,1422
2025_08_08,1528,50.98432,1970.1,341.7,39.2,44.6,1348
2025_08_08,1528,50.98432,2320.5,476.6,30.4,27.3,788
2025_08_08,1528,50.98432,2936.5,1777.1,38.8,38.3,1061
2025_08_08,1528,50.98432,3380.0,132.5,16.2,22.0,434
2025_08_08,1529,51.01768,2319.8,476.1,29.8,28.1,817
2025_08_08,1529,51.01768,3380.2,131.5,16.9,21.2,416
2025_08_08,1529,51.01768,2937.4,1776.7,38.3,38.3,1084
2025_08_08,1530,51.05105,2321.0,475.9,28.9,28.5,788
2025_08_08,1530,51.05105,1971.0,342.8,36.8,43.7,1228
2025_08_08,1531,51.08442,1969.7,342.7,38.9,45.6,1346
2025_08_08,1531,51.08442,2321.5,476.2,28.2,28.4,718
2025_08_08,1531,51.08442,2938.5,1772.1,35.9,36.2,974
2025_08_08,1532,51.11778,2938.3,1772.5,36.0,35.5,910
2025_08_08,1532,51.11778,2321.6,475.4,28.6,27.5,737
2025_08_08,1532,51.11778,1969.7,342.5,41.9,46.2,1478
2025_08_08,1533,51.15115,2936.4,1773.7,32.1,33.1,849
2025_08_08,1533,51.15115,2321.0,473.9,29.2,29.5,765
2025_08_08,1533,51.15115,1970.6,340.9,43.1,47.4,1520
2025_08_08,1534,51.18452,2935.4,1773.6,32.1,32.1,842
2025_08_08,1534,51.18452,2320.5,474.5,28.2,25.9,680
2025_08_08,1535,51.21788,2934.7,1773.4,33.0,33.2,865
2025_08_08,1535,51.21788,3380.9,131.7,17.8,21.2,466
2025_08_08,1535,51.21788,1970.4,337.9,35.8,42.2,1228
2025_08_08,1536,51.25125,1971.6,337.8,34.4,41.3,1165
2025_08_08,1536,51.25125,2934.1,1772.4,32.4,32.3,858
2025_08_08,1536,51.25125,3381.2,131.9,19.5,21.1,495
2025_08_08,1536,51.25125,2809.0,1101.3,29.1,29.5,643
2025_08_08,1537,51.28462,1972.7,337.7,35.2,41.5,1184
2025_08_08,1537,51.28462,2934.5,1771.3,32.8,31.9,876
2025_08_08,1537,51.28462,3381.0,131.6,21.3,23.0,533
2025_08_08,1538,51.31798,2933.2,1771.7,32.2,31.7,900
2025_08_08,1538,51.31798,1973.4,335.6,36.7,44.2,1188
2025_08_08,1538,51.31798,3380.2,131.6,21.7,26.1,579
2025_08_08,1538,51.31798,2319.5,474.4,29.9,27.7,659
2025_08_08,1539,51.35135,2933.0,1771.3,33.7,33.8,972
2025_08_08,1539,51.35135,3380.5,131.1,21.2,25.7,574
2025_08_08,1539,51.35135,2318.4,475.6,28.3,23.6,645
2025_08_08,1540,51.38472,2932.4,1770.8,33.8,35.0,1028
2025_08_08,1540,51.38472,3379.7,130.3,22.3,26.6,604
2025_08_08,1540,51.38472,2317.4,476.2,27.1,22.4,627
2025_08_08,1541,51.41808,3379.4,129.5,22.3,27.2,642
2025_08_08,1541,51.41808,2932.2,1770.4,34.4,34.9,1091
2025_08_08,1542,51.45145,2931.8,1768.7,36.9,37.9,1195
2025_08_08,1542,51.45145,3379.1,128.5,20.6,25.9,561
2025_08_08,1542,51.45145,2317.8,475.7,27.9,25.0,710
2025_08_08,1543,51.48482,2931.2,1768.6,38.1,36.4,1132
2025_08_08,1543,51.48482,3379.6,126.1,18.7,21.3,492
2025_08_08,1543,51.48482,2318.8,476.3,29.4,26.1,737
2025_08_08,1544,51.51818,2931.4,1766.6,37.6,39.9,1145
2025_08_08,1544,51.51818,2319.5,475.8,31.2,28.2,763
2025_08_08,1544,51.51818,3380.4,127.2,17.1,20.4,412
2025_08_08,1544,51.51818,2809.9,1100.7,26.2,27.8,581
2025_08_08,1545,51.55155,2932.8,1768.5,35.4,39.6,1093
2025_08_08,1545,51.55155,328.5,2116.6,39.1,39.5,1318
2025_08_08,1545,51.55155,2318.8,475.0,34.3,31.1,863
2025_08_08,1546,51.58492,2318.4,473.9,37.2,34.9,934
2025_08_08,1546,51.58492,2933.1,1771.1,33.0,37.5,1283
2025_08_08,1547,51.61828,2318.5,473.7,36.9,34.8,951
2025_08_08,1547,51.61828,2809.9,1099.9,25.5,25.8,603
2025_08_08,1548,51.65165,1966.4,337.5,43.9,48.9,1665
2025_08_08,1548,51.65165,2934.8,1770.6,33.5,34.9,939
2025_08_08,1548,51.65165,2319.0,471.7,37.3,37.7,954
2025_08_08,1548,51.65165,2810.4,1099.9,26.0,24.6,594
2025_08_08,1549,51.68502,1966.0,336.5,39.3,44.5,1335
2025_08_08,1549,51.68502,2689.6,1831.8,27.5,29.5,700
2025_08_08,1549,51.68502,2934.9,1769.2,31.5,33.7,911
2025_08_08,1549,51.68502,2318.8,470.6,38.9,37.9,892
2025_08_08,1550,51.71839,2934.8,1769.3,31.2,33.4,882
2025_08_08,1550,51.71839,1966.1,333.0,41.7,46.9,1349
2025_08_08,1550,51.71839,2689.5,1831.0,27.7,29.6,673
2025_08_08,1551,51.75175,1969.5,332.7,40.0,45.8,1244
2025_08_08,1551,51.75175,2689.2,1830.4,23.7,26.8,615
2025_08_08,1551,51.75175,2933.9,1768.8,27.4,28.9,740
2025_08_08,1552,51.78512,1971.2,331.2,41.3,45.4,1240
2025_08_08,1552,51.78512,2689.1,1830.4,24.2,28.0,637
2025_08_08,1553,51.81849,1971.4,328.5,39.0,43.6,1179
2025_08_08,1553,51.81849,2934.5,1770.3,35.1,34.8,990
2025_08_08,1554,51.85185,1972.1,329.3,36.1,41.6,1107
2025_08_08,1554,51.85185,2933.3,1769.7,33.1,35.6,979
2025_08_08,1555,51.88522,1972.8,328.0,34.4,40.9,1064
2025_08_08,1555,51.88522,2932.5,1768.2,32.2,35.8,982
2025_08_08,1555,51.88522,2317.4,476.3,29.8,26.4,678
2025_08_08,1555,51.88522,3380.8,123.6,20.2,22.5,469
2025_08_08,1556,51.91859,2931.4,1768.9,32.7,33.9,958
2025_08_08,1556,51.91859,2316.9,475.8,28.9,27.6,649
2025_08_08,1556,51.91859,3381.3,123.4,18.6,21.9,460
2025_08_08,1557,51.95195,2931.7,1768.6,32.3,33.2,903
2025_08_08,1557,51.95195,2316.6,474.7,30.6,30.7,667
2025_08_08,1557,51.95195,1975.7,327.1,37.7,38.8,1093
2025_08_08,1557,51.95195,3381.0,123.4,18.3,21.9,500
2025_08_08,1558,51.98532,2931.7,1768.0,32.5,32.6,850
2025_08_08,1558,51.98532,2315.5,475.4,30.3,26.1,675
2025_08_08,1558,51.98532,1976.5,326.1,34.1,36.9,999
2025_08_08,1558,51.98532,3380.9,123.3,18.4,23.0,534
2025_08_08,1559,52.01869,2932.0,1767.9,34.1,34.0,854
2025_08_08,1559,52.01869,3381.2,123.8,18.5,24.0,561
2025_08_08,1559,52.01869,2315.1,475.8,29.6,25.0,683
2025_08_08,1560,52.05205,2931.5,1768.2,30.7,31.5,814
2025_08_08,1560,52.05205,3381.6,124.0,19.8,25.5,618
2025_08_08,1560,52.05205,2313.9,476.5,27.9,22.0,701
2025_08_08,1561,52.08542,2931.4,1766.6,31.7,31.7,828
2025_08_08,1561,52.08542,1975.8,334.3,43.7,45.3,1322
2025_08_08,1561,52.08542,3381.7,123.0,20.4,26.2,559
2025_08_08,1562,52.11879,2932.0,1765.1,31.5,32.1,845
2025_08_08,1562,52.11879,1975.7,334.1,40.5,44.0,1289
2025_08_08,1562,52.11879,2314.4,477.1,28.2,24.8,695
2025_08_08,1562,52.11879,3381.4,123.5,18.8,22.7,510
2025_08_08,1563,52.15215,1976.3,334.0,40.3,43.7,1343
2025_08_08,1563,52.15215,2931.0,1764.1,33.9,33.2,877
2025_08_08,1563,52.15215,3381.3,124.4,18.8,24.0,513
2025_08_08,1564,52.18552,1975.3,332.8,37.2,41.2,1320
2025_08_08,1564,52.18552,2930.4,1764.0,33.6,31.5,882
2025_08_08,1564,52.18552,3381.1,124.0,18.3,22.2,443
2025_08_08,1565,52.21889,1975.6,331.2,36.9,40.7,1255
2025_08_08,1565,52.21889,2930.0,1763.8,32.4,30.4,877
2025_08_08,1565,52.21889,2312.2,476.8,30.0,25.2,731
2025_08_08,1565,52.21889,3381.1,123.5,18.1,20.5,412
2025_08_08,1566,52.25225,1975.2,330.2,38.6,44.5,1293
2025_08_08,1566,52.25225,2929.5,1763.7,33.2,31.6,877
2025_08_08,1566,52.25225,2312.2,476.1,31.1,26.7,703
2025_08_08,1567,52.28562,1975.5,331.2,40.9,45.1,1238
2025_08_08,1567,52.28562,2928.7,1763.0,32.4,33.4,902
2025_08_08,1568,52.31899,2928.2,1761.3,32.9,35.7,944
2025_08_08,1568,52.31899,1975.2,330.2,39.0,42.4,1223
2025_08_08,1569,52.35235,2927.9,1760.3,33.8,36.6,932
2025_08_08,1569,52.35235,2693.7,1823.9,35.4,30.5,731
2025_08_08,1569,52.35235,2816.3,1095.6,27.6,28.5,578
2025_08_08,1570,52.38572,2928.0,1759.9,34.4,36.9,990
2025_08_08,1570,52.38572,2816.1,1095.0,26.9,28.4,539
2025_08_08,1570,52.38572,2311.4,475.9,31.5,25.6,822
2025_08_08,1571,52.41909,2927.9,1759.5,36.3,37.0,984
2025_08_08,1571,52.41909,2815.9,1095.1,26.6,27.7,574
2025_08_08,1571,52.41909,2692.3,1824.1,30.4,28.3,674
2025_08_08,1571,52.41909,2311.5,477.3,29.2,24.3,739
2025_08_08,1572,52.45245,2312.1,477.0,29.3,25.6,759
2025_08_08,1572,52.45245,2690.5,1824.1,27.6,27.5,668
2025_08_08,1572,52.45245,2929.8,1761.2,37.7,39.4,1017
2025_08_08,1572,52.45245,2815.6,1095.5,29.2,28.3,587
2025_08_08,1573,52.48582,2930.4,1760.8,35.3,37.4,965
2025_08_08,1573,52.48582,2311.8,476.7,30.0,27.4,783
2025_08_08,1573,52.48582,2689.8,1822.7,26.1,27.4,643
2025_08_08,1573,52.48582,3381.4,118.8,18.9,22.6,480
2025_08_08,1573,52.48582,2815.8,1094.8,28.3,26.6,580
2025_08_08,1574,52.51919,2931.0,1761.2,32.9,34.6,904
2025_08_08,1574,52.51919,2311.3,476.6,29.3,26.5,723
2025_08_08,1574,52.51919,2690.3,1823.5,28.1,29.4,670
2025_08_08,1574,52.51919,3381.6,118.2,19.3,24.1,487
2025_08_08,1575,52.55255,2930.5,1760.5,33.4,34.0,962
2025_08_08,1575,52.55255,2690.2,1822.9,30.7,29.9,687
2025_08_08,1575,52.55255,2310.5,476.1,28.6,25.1,712
2025_08_08,1575,52.55255,3381.7,117.4,19.4,22.3,524
2025_08_08,1576,52.58592,2929.5,1760.7,35.1,36.6,1022
2025_08_08,1576,52.58592,2689.7,1822.1,27.8,28.0,701
2025_08_08,1576,52.58592,2311.1,475.1,29.1,26.0,691
2025_08_08,1576,52.58592,3381.8,117.3,19.6,23.0,515
2025_08_08,1576,52.58592,2818.7,1095.7,25.8,27.5,515
2025_08_08,1577,52.61929,2929.6,1760.3,38.0,38.0,1127
2025_08_08,1577,52.61929,2689.9,1821.6,31.1,30.0,798
2025_08_08,1577,52.61929,2311.6,475.9,31.0,24.9,714
2025_08_08,1577,52.61929,3381.7,116.9,19.4,22.5,487
2025_08_08,1578,52.65265,2929.2,1760.0,35.4,36.5,1058
2025_08_08,1578,52.65265,2689.3,1822.6,32.9,31.8,885
2025_08_08,1579,52.68602,2928.7,1759.5,32.0,34.9,971
2025_08_08,1579,52.68602,2688.3,1821.2,29.4,28.0,808
2025_08_08,1580,52.71939,2928.3,1758.8,33.5,35.4,917
2025_08_08,1581,52.75275,2928.8,1758.2,31.3,34.7,922
2025_08_08,1582,52.78612,2928.0,1757.4,33.0,35.0,953
2025_08_08,1583,52.81949,1975.2,325.2,38.9,43.3,1189
2025_08_08,1583,52.81949,2927.9,1756.2,33.5,34.2,865
2025_08_08,1584,52.85285,1974.7,326.7,36.3,43.1,1246
2025_08_08,1585,52.88622,1976.1,326.7,37.6,46.1,1350
2025_08_08,1586,52.91959,1976.0,324.3,37.2,45.1,1260
2025_08_08,1586,52.91959,2928.2,1756.4,33.9,34.2,875
2025_08_08,1586,52.91959,2310.2,477.4,29.6,25.3,754
2025_08_08,1586,52.91959,3382.0,115.1,20.0,23.6,479
2025_08_08,1587,52.95295,1977.2,324.8,36.5,44.1,1287
2025_08_08,1587,52.95295,2927.7,1755.8,33.7,32.9,827
2025_08_08,1587,52.95295,2310.1,479.6,30.4,26.2,796
2025_08_08,1587,52.95295,3382.0,114.8,20.1,22.7,441
2025_08_08,1588,52.98632,1976.9,323.9,38.4,44.5,1297
2025_08_08,1588,52.98632,2309.2,479.8,31.6,28.5,869
2025_08_08,1588,52.98632,2928.3,1755.1,32.2,30.3,820
2025_08_08,1588,52.98632,3382.2,114.9,20.4,22.9,447
2025_08_08,1589,53.01969,1977.4,322.8,37.3,46.4,1335
2025_08_08,1589,53.01969,2309.5,480.5,31.8,29.0,890
2025_08_08,1589,53.01969,2927.1,1755.5,32.4,31.2,857
2025_08_08,1589,53.01969,3382.0,114.6,20.0,21.2,397
2025_08_08,1590,53.05305,1977.2,320.6,34.0,42.8,1193
2025_08_08,1590,53.05305,2923.9,1754.5,33.2,31.5,866
2025_08_08,1590,53.05305,2309.1,478.1,32.1,27.5,860
2025_08_08,1590,53.05305,2691.4,1818.1,29.6,29.2,744
2025_08_08,1591,53.08642,2690.5,1818.4,29.7,28.4,727
2025_08_08,1591,53.08642,2924.2,1753.9,32.8,32.1,974
2025_08_08,1592,53.11979,2925.0,1754.0,35.4,34.6,1112
2025_08_08,1592,53.11979,2690.8,1818.8,30.4,29.3,884
2025_08_08,1593,53.15315,2690.5,1818.5,30.8,28.9,743
2025_08_08,1593,53.15315,2924.1,1754.1,34.7,34.8,1072
2025_08_08,1593,53.15315,3381.6,112.8,19.2,22.3,452
2025_08_08,1594,53.18652,2926.0,1754.4,34.0,35.6,1011
2025_08_08,1594,53.18652,2690.3,1817.3,29.4,28.7,717
2025_08_08,1595,53.21989,2307.9,476.2,32.2,27.2,679
2025_08_08,1595,53.21989,3381.5,112.3,19.0,22.7,462
2025_08_08,1595,53.21989,2691.0,1815.6,30.0,29.1,714
2025_08_08,1595,53.21989,3384.9,111.8,22.2,22.8,468
2025_08_08,1596,53.25325,2308.0,475.7,30.7,23.8,634
2025_08_08,1596,53.25325,3381.6,111.6,19.3,22.5,457
2025_08_08,1596,53.25325,2690.6,1816.6,27.9,29.0,708
2025_08_08,1596,53.25325,3385.0,111.0,22.1,22.3,459
2025_08_08,1597,53.28662,2307.6,475.8,28.6,22.2,596
2025_08_08,1597,53.28662,3381.8,111.3,19.6,22.2,429
2025_08_08,1597,53.28662,2690.3,1814.9,27.5,28.6,685
2025_08_08,1597,53.28662,2926.9,1754.2,30.9,32.6,846
2025_08_08,1598,53.31999,1976.4,323.1,42.0,52.5,1631
2025_08_08,1598,53.31999,2308.0,476.0,28.6,22.9,653
2025_08_08,1598,53.31999,3385.2,109.9,21.7,21.9,402
2025_08_08,1598,53.31999,3382.7,107.1,15.7,22.4,377
2025_08_08,1599,53.35335,1975.3,322.1,47.3,59.0,1714
2025_08_08,1599,53.35335,2926.2,1752.2,32.9,34.0,933
2025_08_08,1599,53.35335,3385.4,110.4,21.1,21.4,402
2025_08_08,1600,53.38672,1976.7,321.2,40.8,52.8,1503
2025_08_08,1600,53.38672,2925.0,1752.0,35.1,35.1,1009
2025_08_08,1601,53.42009,2307.8,477.3,30.0,25.8,737
2025_08_08,1602,53.45345,2307.5,477.5,31.5,27.0,759
2025_08_08,1603,53.48682,2306.9,477.3,32.0,25.1,755
2025_08_08,1603,53.48682,1977.1,323.1,32.9,41.5,1058
2025_08_08,1603,53.48682,2692.5,1816.4,30.5,30.2,732
2025_08_08,1604,53.52019,2307.1,477.9,33.9,25.5,826
2025_08_08,1604,53.52019,1976.9,320.0,35.2,43.2,1132
2025_08_15,152,5.07174,2526.7,1601.5,19.9,18.2,338
2025_08_15,152,5.07174,3344.0,1998.6,27.6,30.2,763
2025_08_15,152,5.07174,526.6,869.7,30.9,22.3,644
2025_08_15,152,5.07174,933.2,1207.6,21.8,17.4,348
2025_08_15,152,5.07174,2431.9,699.0,20.7,20.2,494
2025_08_15,152,5.07174,2690.3,426.8,19.6,17.6,512
2025_08_15,152,5.07174,2297.1,2134.4,19.4,20.7,330
2025_08_15,153,5.10511,2526.7,1600.9,19.0,17.3,306
2025_08_15,153,5.10511,525.9,869.7,31.3,22.2,657
2025_08_15,153,5.10511,3343.7,1998.5,27.2,30.3,783
2025_08_15,153,5.10511,2432.4,698.9,20.2,20.1,427
2025_08_15,153,5.10511,2690.8,426.5,20.5,18.7,495
2025_08_15,153,5.10511,2297.1,2134.2,19.7,20.4,328
2025_08_15,153,5.10511,933.2,1206.9,20.9,16.4,331
2025_08_15,153,5.10511,727.5,6.1,16.8,12.1,243
2025_08_15,154,5.13847,2527.1,1601.1,19.2,17.2,303
2025_08_15,154,5.13847,526.0,869.4,31.5,22.2,643
2025_08_15,154,5.13847,3343.8,1999.2,27.4,29.8,762
2025_08_15,154,5.13847,2690.8,425.6,21.5,20.2,554
2025_08_15,154,5.13847,2297.1,2133.9,19.5,19.9,331
2025_08_15,154,5.13847,933.3,1206.4,20.3,16.0,328
2025_08_15,154,5.13847,2432.6,699.6,18.0,18.8,394
2025_08_15,154,5.13847,2297.4,2137.3,19.2,21.3,329
2025_08_15,155,5.17184,2527.4,1601.1,19.0,17.2,295
2025_08_15,155,5.17184,525.6,869.3,31.5,21.8,659
2025_08_15,155,5.17184,3343.8,1999.3,26.4,28.7,713
2025_08_15,155,5.17184,2689.8,424.0,20.8,18.2,537
2025_08_15,155,5.17184,2296.8,2134.0,19.7,20.0,332
2025_08_15,155,5.17184,933.4,1206.1,22.1,16.8,354
2025_08_15,155,5.17184,2431.4,699.9,20.8,19.1,407
2025_08_15,156,5.20521,2527.9,1601.0,18.9,17.4,278
2025_08_15,156,5.20521,525.4,869.3,31.5,21.5,659
2025_08_15,156,5.20521,3344.2,1999.3,26.2,28.9,871
2025_08_15,156,5.20521,934.4,1205.8,24.0,18.6,403
2025_08_15,156,5.20521,2297.7,2134.0,19.2,20.0,326
2025_08_15,156,5.20521,2689.5,423.5,21.3,17.6,493
2025_08_15,156,5.20521,2297.9,2137.5,18.8,21.1,326
2025_08_15,157,5.23857,2528.6,1600.7,19.0,18.1,277
2025_08_15,157,5.23857,525.4,869.3,30.6,21.2,654
2025_08_15,157,5.23857,3344.8,1999.2,27.2,28.1,698
2025_08_15,157,5.23857,934.4,1206.1,24.2,18.5,432
2025_08_15,157,5.23857,2690.5,423.6,19.3,15.3,435
2025_08_15,157,5.23857,2298.0,2134.5,19.7,21.0,327
2025_08_15,158,5.27194,2529.0,1600.5,18.8,18.7,289
2025_08_15,158,5.27194,525.2,869.2,30.1,21.1,649
2025_08_15,158,5.27194,3345.6,1999.3,26.7,27.9,712
2025_08_15,158,5.27194,933.8,1206.2,23.8,18.5,422
2025_08_15,158,5.27194,2691.1,423.8,17.9,14.0,444
2025_08_15,158,5.27194,2297.9,2134.6,20.5,21.2,345
2025_08_15,159,5.30531,2529.2,1600.5,19.8,19.0,307
2025_08_15,159,5.30531,524.9,869.1,29.5,21.3,645
2025_08_15,159,5.30531,3346.6,1999.6,27.9,28.2,740
2025_08_15,159,5.30531,934.4,1206.4,22.2,17.4,375
2025_08_15,159,5.30531,2691.7,424.3,16.7,12.8,412
2025_08_15,159,5.30531,2298.9,2137.7,20.9,20.7,351
2025_08_15,160,5.33867,2529.4,1600.4,19.4,19.3,313
2025_08_15,160,5.33867,524.5,869.2,29.3,21.7,635
2025_08_15,160,5.33867,3347.3,1999.8,27.9,27.8,734
2025_08_15,160,5.33867,2691.7,425.0,16.8,14.2,439
2025_08_15,160,5.33867,2299.3,2134.5,19.8,21.0,337
2025_08_15,160,5.33867,934.6,1206.1,21.2,16.6,344
2025_08_15,161,5.37204,2528.9,1600.5,20.9,20.2,346
2025_08_15,161,5.37204,524.4,869.6,29.2,21.5,625
2025_08_15,161,5.37204,3347.8,2000.3,26.8,28.3,732
2025_08_15,161,5.37204,2691.6,426.0,17.0,14.9,442
2025_08_15,161,5.37204,2299.9,2134.5,20.5,21.0,335
2025_08_15,161,5.37204,934.6,1204.6,21.2,15.8,301
2025_08_15,162,5.40541,2529.1,1600.4,21.4,20.4,343
2025_08_15,162,5.40541,524.1,869.8,28.6,21.3,616
2025_08_15,162,5.40541,3347.8,2001.1,26.9,27.4,726
2025_08_15,162,5.40541,2691.9,427.5,16.5,15.1,376
2025_08_15,162,5.40541,2300.2,2137.9,19.5,20.2,337
2025_08_15,162,5.40541,937.1,1204.7,22.0,17.7,325
2025_08_15,163,5.43877,523.8,869.9,29.5,22.0,633
2025_08_15,163,5.43877,2529.2,1600.5,21.3,20.4,342
2025_08_15,163,5.43877,3347.8,2000.8,27.2,28.4,718
2025_08_15,163,5.43877,934.9,1205.2,21.9,17.3,358
2025_08_15,163,5.43877,2692.1,428.0,16.4,16.1,341
2025_08_15,163,5.43877,2300.4,2138.0,19.6,20.0,344
2025_08_15,164,5.47214,2529.1,1599.9,20.3,19.1,331
2025_08_15,164,5.47214,523.5,870.1,30.0,21.9,657
2025_08_15,164,5.47214,3347.7,2000.8,26.8,28.7,700
2025_08_15,164,5.47214,2300.2,2138.2,19.9,19.6,334
2025_08_15,164,5.47214,934.8,1204.9,21.7,16.8,343
2025_08_15,165,5.50551,523.1,869.5,30.5,22.4,674
2025_08_15,165,5.50551,2529.1,1599.3,20.1,18.0,301
2025_08_15,165,5.50551,2301.0,2138.4,19.5,19.2,331
2025_08_15,165,5.50551,3347.3,2000.7,27.0,29.4,709
2025_08_15,165,5.50551,937.4,1204.1,21.4,18.5,374
2025_08_15,165,5.50551,2300.8,2134.9,19.6,21.8,353
2025_08_15,166,5.53887,522.5,869.4,31.1,23.0,695
2025_08_15,166,5.53887,2529.5,1599.5,21.6,18.5,335
2025_08_15,166,5.53887,3346.9,2000.9,27.4,30.1,687
2025_08_15,166,5.53887,938.0,1204.1,20.5,17.9,349
2025_08_15,166,5.53887,2301.2,2138.2,20.6,19.6,330
2025_08_15,166,5.53887,2694.5,428.9,13.8,17.7,299
2025_08_15,166,5.53887,2301.0,2134.7,20.6,21.4,346
2025_08_15,167,5.57224,522.3,869.3,31.0,22.7,697
2025_08_15,167,5.57224,2530.3,1599.5,21.7,18.7,368
2025_08_15,167,5.57224,938.4,1204.3,20.5,18.9,366
2025_08_15,167,5.57224,3347.2,2000.8,25.9,28.8,671
2025_08_15,167,5.57224,2301.5,2138.4,19.5,19.1,300
2025_08_15,167,5.57224,2301.3,2134.5,19.5,21.1,320
2025_08_15,168,5.60561,522.0,869.4,31.4,22.8,697
2025_08_15,168,5.60561,2530.3,1599.4,22.7,19.4,388
2025_08_15,168,5.60561,3347.2,2000.5,26.2,28.8,642
2025_08_15,168,5.60561,938.6,1204.3,20.3,17.6,349
2025_08_15,168,5.60561,2301.5,2138.6,19.1,18.8,297
2025_08_15,169,5.63897,2530.1,1599.8,22.2,19.6,395
2025_08_15,169,5.63897,522.2,869.0,31.1,22.3,702
2025_08_15,169,5.63897,2425.8,701.6,28.5,33.8,837
2025_08_15,169,5.63897,3347.2,2001.0,25.9,28.7,668
2025_08_15,169,5.63897,938.5,1204.0,20.6,17.3,329
2025_08_15,170,5.67234,2530.5,1600.0,21.2,20.2,397
2025_08_15,170,5.67234,522.1,868.7,31.0,22.0,698
2025_08_15,170,5.67234,3346.7,2001.6,25.9,28.9,690
2025_08_15,170,5.67234,2425.4,701.7,26.6,32.4,808
2025_08_15,170,5.67234,938.5,1204.9,19.9,16.9,337
2025_08_15,171,5.70571,2530.8,1600.1,20.0,20.0,370
2025_08_15,171,5.70571,521.9,868.6,30.8,21.5,658
2025_08_15,171,5.70571,3346.4,2002.1,27.4,29.5,733
2025_08_15,171,5.70571,2425.2,701.4,29.2,33.8,862
2025_08_15,171,5.70571,938.8,1205.4,19.8,16.4,307
2025_08_15,171,5.70571,2302.9,2138.6,21.7,18.7,310
2025_08_15,172,5.73907,2530.9,1599.6,19.5,19.8,348
2025_08_15,172,5.73907,521.0,868.5,29.5,21.2,641
2025_08_15,172,5.73907,3347.0,2002.4,27.3,29.5,726
2025_08_15,172,5.73907,2425.5,701.9,28.7,32.6,788
2025_08_15,172,5.73907,938.8,1206.2,20.9,17.0,312
2025_08_15,172,5.73907,2304.9,2138.8,22.2,18.3,318
2025_08_15,173,5.77244,2531.0,1599.4,19.5,19.4,349
2025_08_15,173,5.77244,520.9,868.7,28.9,20.9,617
2025_08_15,173,5.77244,3347.3,2003.2,26.0,28.4,719
2025_08_15,173,5.77244,2426.0,701.0,28.2,30.3,679
2025_08_15,173,5.77244,2304.8,2138.7,22.5,18.6,339
2025_08_15,173,5.77244,939.4,1206.7,21.4,17.4,329
2025_08_15,174,5.80581,2531.0,1599.0,19.2,19.2,339
2025_08_15,174,5.80581,520.1,869.2,28.0,20.2,613
2025_08_15,174,5.80581,2425.9,700.7,25.0,23.3,532
2025_08_15,174,5.80581,3347.2,2003.1,25.5,28.6,685
2025_08_15,174,5.80581,2304.9,2138.4,22.7,19.2,349
2025_08_15,174,5.80581,939.8,1206.7,21.4,16.8,324
2025_08_15,175,5.83917,2531.4,1599.0,19.5,18.9,344
2025_08_15,175,5.83917,519.4,869.3,28.1,20.3,589
2025_08_15,175,5.83917,2304.7,2138.1,23.7,19.8,352
2025_08_15,175,5.83917,3347.4,2003.9,26.5,27.7,712
2025_08_15,175,5.83917,940.1,1206.9,22.1,18.0,356
2025_08_15,176,5.87254,2531.3,1598.8,19.7,18.5,329
2025_08_15,176,5.87254,519.0,869.5,27.7,20.0,591
2025_08_15,176,5.87254,939.3,1208.0,22.1,18.0,363
2025_08_15,176,5.87254,2305.1,2138.2,23.2,19.6,334
2025_08_15,176,5.87254,3346.9,2003.7,26.0,27.0,710
2025_08_15,177,5.90591,2531.2,1598.4,18.8,17.7,311
2025_08_15,177,5.90591,518.5,869.7,27.2,19.5,577
2025_08_15,177,5.90591,2305.4,2138.4,21.4,19.2,336
2025_08_15,177,5.90591,939.6,1207.9,21.9,18.1,358
2025_08_15,177,5.90591,2694.1,428.2,18.3,16.8,478
2025_08_15,177,5.90591,3346.5,2005.0,25.7,26.3,674
2025_08_15,178,5.93927,2531.2,1598.1,18.7,17.2,301
2025_08_15,178,5.93927,518.3,870.1,26.7,19.5,573
2025_08_15,178,5.93927,2693.7,426.7,17.5,14.5,393
2025_08_15,178,5.93927,2305.7,2138.2,21.2,19.7,331
2025_08_15,178,5.93927,939.8,1208.2,20.9,17.4,318
2025_08_15,178,5.93927,3346.6,2005.0,26.7,26.5,673
2025_08_15,179,5.97264,2531.1,1598.0,18.9,16.9,308
2025_08_15,179,5.97264,517.9,869.9,27.6,19.6,712
2025_08_15,179,5.97264,2693.3,426.3,17.6,15.5,394
2025_08_15,179,5.97264,2305.8,2138.0,21.2,20.0,322
2025_08_15,179,5.97264,3347.9,2004.4,24.4,25.3,613
2025_08_15,179,5.97264,940.2,1208.4,20.6,17.5,289
2025_08_15,180,6.00601,2531.5,1597.9,19.1,16.8,309
2025_08_15,180,6.00601,517.4,870.1,27.8,19.9,627
2025_08_15,180,6.00601,2694.4,426.5,16.0,14.2,378
2025_08_15,180,6.00601,2306.6,2138.2,19.9,19.7,343
2025_08_15,180,6.00601,940.5,1208.5,19.7,17.2,301
2025_08_15,180,6.00601,2306.7,2134.6,20.0,21.1,363
2025_08_15,180,6.00601,3348.2,2003.5,25.6,26.5,648
2025_08_15,180,6.00601,2420.6,703.9,17.2,16.0,344
2025_08_15,181,6.03937,2531.7,1598.0,18.6,17.3,304
2025_08_15,181,6.03937,517.2,870.3,29.3,20.8,655
2025_08_15,181,6.03937,2695.6,426.7,16.0,14.5,329
2025_08_15,181,6.03937,3349.1,2002.4,26.8,29.1,637
2025_08_15,181,6.03937,2307.0,2138.1,20.0,19.9,340
2025_08_15,181,6.03937,2421.9,705.2,20.1,18.9,386
2025_08_15,181,6.03937,941.5,1208.6,22.0,18.5,351
2025_08_15,182,6.07274,2532.1,1598.0,18.4,17.9,309
2025_08_15,182,6.07274,517.2,869.9,30.2,21.8,684
2025_08_15,182,6.07274,2696.5,427.1,16.1,14.7,318
2025_08_15,182,6.07274,3349.3,2002.9,26.8,28.1,663
2025_08_15,182,6.07274,941.7,1208.5,21.8,18.6,368
2025_08_15,182,6.07274,2307.3,2134.5,20.1,21.0,360
2025_08_15,182,6.07274,2422.6,705.5,21.2,18.7,441
2025_08_15,183,6.10611,2532.7,1597.5,19.0,18.0,338
2025_08_15,183,6.10611,516.8,869.2,31.2,23.0,728
2025_08_15,183,6.10611,3349.5,2004.0,27.2,27.7,686
2025_08_15,183,6.10611,2696.7,427.6,15.8,15.4,344
2025_08_15,183,6.10611,2422.8,706.0,21.7,21.1,552
2025_08_15,183,6.10611,941.1,1208.3,21.3,18.2,353
2025_08_15,183,6.10611,2307.3,2134.6,20.2,21.2,362
2025_08_15,184,6.13947,2532.8,1597.2,19.1,18.4,345
2025_08_15,184,6.13947,3349.6,2004.1,26.6,28.0,735
2025_08_15,184,6.13947,516.7,868.6,31.6,23.1,765
2025_08_15,184,6.13947,2696.4,427.8,16.4,15.7,299
2025_08_15,184,6.13947,2307.2,2138.0,20.1,20.0,346
2025_08_15,184,6.13947,941.1,1207.6,20.9,19.1,341
2025_08_15,185,6.17284,2532.8,1597.1,19.0,18.6,328
2025_08_15,185,6.17284,516.0,868.1,31.6,23.3,768
2025_08_15,185,6.17284,3350.2,2004.3,26.1,28.5,732
2025_08_15,185,6.17284,941.9,1205.7,21.1,20.1,393
2025_08_15,185,6.17284,2696.6,428.3,16.1,16.7,336
2025_08_15,185,6.17284,2307.6,2138.1,19.9,19.8,326
2025_08_15,185,6.17284,2422.9,708.4,22.3,21.8,564
2025_08_15,186,6.20621,2532.8,1597.0,18.7,18.6,308
2025_08_15,186,6.20621,515.6,867.3,30.9,23.1,873
2025_08_15,186,6.20621,943.1,1204.8,21.9,19.5,413
2025_08_15,186,6.20621,3350.0,2004.2,26.0,28.8,735
2025_08_15,186,6.20621,2696.7,428.8,16.4,17.7,370
2025_08_15,186,6.20621,2308.1,2138.4,18.8,19.2,305
2025_08_15,186,6.20621,2308.1,2134.6,18.8,21.1,328
2025_08_15,187,6.23957,2532.5,1597.2,18.3,18.9,323
2025_08_15,187,6.23957,514.8,867.3,31.1,23.2,724
2025_08_15,187,6.23957,942.4,1204.6,21.9,18.9,411
2025_08_15,187,6.23957,2697.1,429.1,16.0,18.2,352
2025_08_15,187,6.23957,2308.5,2138.4,18.1,19.2,280
2025_08_15,187,6.23957,3350.7,2004.1,25.9,29.6,684
2025_08_15,187,6.23957,2308.5,2134.4,18.1,20.8,300
2025_08_15,188,6.27294,2533.0,1596.8,19.0,18.5,329
2025_08_15,188,6.27294,514.5,866.8,31.2,22.8,698
2025_08_15,188,6.27294,942.9,1204.3,21.9,19.1,424
2025_08_15,188,6.27294,2697.4,429.4,15.9,18.8,380
2025_08_15,188,6.27294,2308.7,2138.3,18.0,19.3,287
2025_08_15,188,6.27294,2308.7,2134.2,17.9,20.4,310
2025_08_15,188,6.27294,3351.1,2004.3,26.4,29.6,673
2025_08_15,188,6.27294,1106.9,1791.5,18.2,12.0,224
2025_08_15,189,6.30631,2533.1,1596.3,19.3,18.4,342
2025_08_15,189,6.30631,513.8,866.3,32.2,22.8,695
2025_08_15,189,6.30631,2697.2,429.4,15.1,18.8,435
2025_08_15,189,6.30631,2309.3,2138.3,18.0,19.4,297
2025_08_15,189,6.30631,2309.2,2134.3,18.1,20.5,308
2025_08_15,189,6.30631,3350.8,2005.0,28.5,30.5,724
2025_08_15,189,6.30631,944.6,1203.4,20.3,17.6,382
2025_08_15,189,6.30631,3704.2,965.2,24.7,21.6,662
2025_08_15,189,6.30631,2697.3,434.0,15.6,20.0,424
2025_08_15,190,6.33967,2533.5,1596.1,19.4,18.5,343
2025_08_15,190,6.33967,513.3,866.6,31.7,22.1,670
2025_08_15,190,6.33967,2309.5,2138.4,17.6,19.3,294
2025_08_15,190,6.33967,2309.4,2134.1,17.8,20.2,309
2025_08_15,190,6.33967,3351.6,2004.1,29.7,30.2,678
2025_08_15,190,6.33967,2697.7,429.6,16.2,19.2,489
2025_08_15,190,6.33967,2697.8,434.1,17.2,19.9,494
2025_08_15,191,6.37304,2533.5,1595.9,19.5,18.9,343
2025_08_15,191,6.37304,513.1,867.0,31.0,21.8,648
2025_08_15,191,6.37304,2310.2,2138.5,17.7,19.1,296
2025_08_15,191,6.37304,3351.9,2005.0,29.6,30.0,630
2025_08_15,191,6.37304,2310.2,2134.2,17.8,20.3,318
2025_08_15,192,6.40641,2533.6,1595.4,21.2,19.2,364
2025_08_15,192,6.40641,513.2,866.7,30.1,21.4,627
2025_08_15,192,6.40641,3351.7,2005.2,30.5,29.7,616
2025_08_15,192,6.40641,2309.7,2138.3,19.1,19.5,321
2025_08_15,192,6.40641,2309.7,2134.2,19.3,20.4,334
2025_08_15,192,6.40641,2699.2,434.2,16.6,19.6,382
2025_08_15,192,6.40641,2699.2,430.0,15.8,19.9,392
2025_08_15,192,6.40641,945.2,1203.3,22.5,17.6,387
2025_08_15,193,6.43977,2534.1,1595.1,21.4,19.2,349
2025_08_15,193,6.43977,513.0,867.2,29.6,21.0,598
2025_08_15,193,6.43977,3351.9,2004.5,30.4,28.5,621
2025_08_15,193,6.43977,2309.8,2138.2,18.9,19.6,318
2025_08_15,193,6.43977,2309.7,2134.2,19.2,20.5,336
2025_08_15,193,6.43977,945.5,1203.1,22.6,17.8,385
2025_08_15,193,6.43977,2699.1,434.4,16.6,19.2,424
2025_08_15,194,6.47314,2534.1,1594.8,22.0,19.6,360
2025_08_15,194,6.47314,512.5,867.4,28.9,20.5,583
2025_08_15,194,6.47314,945.3,1203.7,22.7,17.7,397
2025_08_15,194,6.47314,3351.1,2004.3,27.8,27.8,609
2025_08_15,194,6.47314,2310.1,2138.4,18.4,19.1,303
2025_08_15,194,6.47314,2310.1,2134.3,18.6,20.6,329
2025_08_15,194,6.47314,2421.2,705.3,27.0,24.5,616
2025_08_15,194,6.47314,2699.5,434.4,17.3,19.2,458
2025_08_15,195,6.50651,2534.2,1594.7,22.5,19.8,366
2025_08_15,195,6.50651,513.2,867.4,29.1,21.1,593
2025_08_15,195,6.50651,945.9,1205.0,21.6,17.4,390
2025_08_15,195,6.50651,2310.5,2138.5,18.7,19.0,305
2025_08_15,195,6.50651,3350.7,2004.9,27.4,27.7,614
2025_08_15,195,6.50651,2310.4,2134.5,18.7,20.9,333
2025_08_15,195,6.50651,2699.2,434.5,16.9,18.9,472
2025_08_15,196,6.53987,2534.2,1594.3,22.5,19.8,370
2025_08_15,196,6.53987,512.9,867.9,28.6,20.3,595
2025_08_15,196,6.53987,2310.8,2138.6,18.3,18.8,317
2025_08_15,196,6.53987,945.5,1204.9,21.7,17.9,409
2025_08_15,196,6.53987,3349.9,2005.3,25.2,26.0,586
2025_08_15,196,6.53987,2698.8,434.6,17.3,18.8,483
2025_08_15,197,6.57324,2534.3,1594.3,20.6,19.1,349
2025_08_15,197,6.57324,512.6,868.2,28.5,20.2,590
2025_08_15,197,6.57324,2311.7,2138.4,18.6,19.2,317
2025_08_15,197,6.57324,3349.6,2006.1,25.1,24.4,569
2025_08_15,197,6.57324,2311.6,2134.4,18.8,20.9,341
2025_08_15,197,6.57324,946.8,1205.1,20.2,17.4,382
2025_08_15,197,6.57324,2698.3,434.8,18.1,18.4,460
2025_08_15,198,6.60661,2533.9,1594.5,20.2,18.9,345
2025_08_15,198,6.60661,512.4,868.4,27.6,19.9,596
2025_08_15,198,6.60661,2312.3,2138.5,19.4,19.1,334
2025_08_15,198,6.60661,3349.1,2006.6,23.5,24.0,565
2025_08_15,198,6.60661,2698.4,434.7,17.2,18.7,501
2025_08_15,198,6.60661,2312.1,2134.6,19.5,21.2,355
2025_08_15,198,6.60661,2698.8,429.8,16.6,19.7,526
2025_08_15,199,6.63997,2534.4,1594.7,20.6,18.8,341
2025_08_15,199,6.63997,512.7,868.1,27.2,19.9,597
2025_08_15,199,6.63997,2312.9,2138.3,20.0,19.5,359
2025_08_15,199,6.63997,3348.8,2006.5,23.7,24.9,553
2025_08_15,199,6.63997,947.6,1206.3,19.8,17.2,344
2025_08_15,199,6.63997,2312.7,2134.7,20.1,21.5,377
2025_08_15,199,6.63997,2698.8,434.5,16.3,18.9,607
2025_08_15,199,6.63997,2698.9,429.6,16.2,19.2,627
2025_08_15,200,6.67334,2534.3,1594.7,19.6,18.2,333
2025_08_15,200,6.67334,512.1,868.2,27.0,20.3,615
2025_08_15,200,6.67334,3349.3,2006.8,23.5,24.6,540
2025_08_15,200,6.67334,2313.1,2138.1,20.4,19.9,355
2025_08_15,200,6.67334,2699.1,434.6,15.4,18.8,541
2025_08_15,200,6.67334,947.6,1207.3,18.9,17.3,336
2025_08_15,200,6.67334,2699.2,430.0,15.5,20.1,588
2025_08_15,200,6.67334,719.6,6.2,29.0,12.3,353
2025_08_15,200,6.67334,2701.7,432.7,20.7,13.9,542
2025_08_15,201,6.70671,511.3,868.1,27.6,21.0,654
2025_08_15,201,6.70671,2534.1,1595.1,18.7,18.0,327
2025_08_15,201,6.70671,3348.8,2005.4,25.3,27.6,645
2025_08_15,201,6.70671,2312.6,2137.8,21.2,20.4,359
2025_08_15,201,6.70671,948.5,1207.5,19.1,16.8,351
2025_08_15,201,6.70671,721.3,6.6,28.2,13.2,380
2025_08_15,201,6.70671,2700.0,435.0,16.1,18.0,482
2025_08_15,201,6.70671,2417.7,706.3,18.1,15.8,429
2025_08_15,201,6.70671,2702.1,433.3,19.9,14.0,483
2025_08_15,202,6.74007,510.3,867.8,28.3,21.9,681
2025_08_15,202,6.74007,2534.2,1595.2,18.1,17.8,325
2025_08_15,202,6.74007,3349.5,2003.2,27.9,29.1,714
2025_08_15,202,6.74007,2312.6,2134.4,21.1,20.8,386
2025_08_15,202,6.74007,719.5,7.2,28.5,14.4,410
2025_08_15,202,6.74007,2700.4,435.3,15.2,17.5,476
2025_08_15,202,6.74007,948.2,1208.4,19.8,17.5,369
2025_08_15,202,6.74007,2702.5,433.6,19.1,13.6,468
2025_08_15,202,6.74007,2416.4,708.4,18.8,15.6,324
2025_08_15,203,6.77344,509.7,867.6,30.0,22.8,731
2025_08_15,203,6.77344,2534.4,1594.7,18.7,18.8,354
2025_08_15,203,6.77344,3349.8,2004.0,29.8,31.4,812
2025_08_15,203,6.77344,2700.9,434.9,17.5,18.3,443
2025_08_15,203,6.77344,2312.7,2134.2,21.4,20.4,363
2025_08_15,203,6.77344,719.3,7.5,29.5,14.9,432
2025_08_15,203,6.77344,2416.0,708.5,20.5,17.4,369
2025_08_15,203,6.77344,948.5,1208.0,20.2,18.8,398
2025_08_15,204,6.80681,509.1,868.1,31.0,24.0,770
2025_08_15,204,6.80681,2534.8,1593.5,19.2,19.6,393
2025_08_15,204,6.80681,3350.3,2004.7,31.0,32.3,871
2025_08_15,204,6.80681,2701.2,434.3,17.7,19.4,449
2025_08_15,204,6.80681,718.2,8.0,30.9,16.0,466
2025_08_15,204,6.80681,2313.4,2138.0,19.9,20.0,326
2025_08_15,204,6.80681,2417.1,708.6,21.5,18.0,458
2025_08_15,204,6.80681,2313.2,2134.3,20.2,20.6,344
2025_08_15,204,6.80681,3706.9,971.3,25.0,25.9,717
2025_08_15,205,6.84017,2534.6,1593.3,20.1,20.0,400
2025_08_15,205,6.84017,508.8,868.3,31.2,23.9,772
2025_08_15,205,6.84017,3351.0,2006.4,29.8,34.2,908
2025_08_15,205,6.84017,3707.2,971.8,26.5,25.6,678
2025_08_15,205,6.84017,2417.7,707.5,23.5,22.1,458
2025_08_15,205,6.84017,2701.5,434.0,19.2,20.1,850
2025_08_15,205,6.84017,2313.5,2138.1,19.0,19.7,322
2025_08_15,205,6.84017,948.0,1206.9,22.9,19.1,428
2025_08_15,205,6.84017,2313.2,2134.1,19.5,20.2,345
2025_08_15,205,6.84017,715.6,8.0,29.3,15.9,472
2025_08_15,206,6.87354,2534.7,1592.9,20.7,20.0,406
2025_08_15,206,6.87354,508.3,868.2,31.8,23.7,760
2025_08_15,206,6.87354,3351.8,2007.0,29.3,33.0,851
2025_08_15,206,6.87354,2418.1,708.0,23.9,22.7,558
2025_08_15,206,6.87354,948.6,1207.1,24.4,19.6,464
2025_08_15,206,6.87354,3706.4,972.0,26.4,26.1,702
2025_08_15,206,6.87354,2702.0,432.8,20.2,16.4,409
2025_08_15,206,6.87354,2313.9,2138.3,18.1,19.4,318
2025_08_15,206,6.87354,2313.6,2134.0,18.5,20.0,337
2025_08_15,207,6.90691,2534.4,1592.6,21.2,19.6,413
2025_08_15,207,6.90691,507.8,866.5,32.3,22.5,763
2025_08_15,207,6.90691,2418.1,708.1,24.5,24.4,571
2025_08_15,207,6.90691,3352.2,2007.2,29.1,32.3,780
2025_08_15,207,6.90691,948.6,1207.6,23.9,19.5,442
2025_08_15,207,6.90691,2701.7,432.5,20.9,17.5,405
2025_08_15,207,6.90691,2314.0,2134.2,19.6,20.5,353
2025_08_15,207,6.90691,2314.2,2137.9,19.3,20.2,337
2025_08_15,208,6.94027,2534.5,1592.5,21.9,19.9,401
2025_08_15,208,6.94027,2417.4,709.5,25.8,25.3,647
2025_08_15,208,6.94027,507.7,866.0,32.6,22.7,734
2025_08_15,208,6.94027,3351.9,2007.0,27.8,30.6,682
2025_08_15,208,6.94027,949.1,1208.0,22.9,19.1,414
2025_08_15,208,6.94027,2314.6,2137.8,20.7,20.3,342
2025_08_15,208,6.94027,2700.9,429.8,18.9,19.6,446
2025_08_15,208,6.94027,3706.1,975.0,23.7,23.5,624
2025_08_15,208,6.94027,2701.1,433.5,18.7,21.1,441
2025_08_15,209,6.97364,2534.3,1592.5,21.4,19.7,397
2025_08_15,209,6.97364,2416.3,710.7,25.8,25.3,640
2025_08_15,209,6.97364,507.2,865.8,32.2,22.6,686
2025_08_15,209,6.97364,3352.2,2007.2,27.6,28.9,629
2025_08_15,209,6.97364,949.0,1208.8,21.2,19.0,405
2025_08_15,209,6.97364,2314.9,2137.9,20.1,20.1,355
2025_08_15,209,6.97364,2702.5,431.5,19.2,14.8,377
2025_08_15,210,7.00701,2534.9,1592.4,21.2,18.7,390
2025_08_15,210,7.00701,2416.5,711.1,27.2,26.1,604
2025_08_15,210,7.00701,506.4,866.2,32.5,22.3,675
2025_08_15,210,7.00701,3352.1,2006.8,27.2,27.9,545
2025_08_15,210,7.00701,2314.9,2138.3,20.3,19.4,348
2025_08_15,210,7.00701,2702.3,430.7,19.5,14.8,421
2025_08_15,211,7.04037,2535.1,1592.1,20.6,18.2,358
2025_08_15,211,7.04037,506.4,866.5,29.3,21.2,643
2025_08_15,211,7.04037,2315.4,2138.0,21.0,20.0,372
2025_08_15,211,7.04037,3352.3,2007.0,25.7,26.7,509
2025_08_15,211,7.04037,2699.7,428.8,16.2,17.6,376
2025_08_15,211,7.04037,2416.2,709.8,26.7,25.0,653
2025_08_15,211,7.04037,2702.0,430.2,20.1,14.4,381
2025_08_15,212,7.07374,2535.1,1591.9,20.3,18.1,347
2025_08_15,212,7.07374,506.4,866.7,28.5,20.8,640
2025_08_15,212,7.07374,3352.1,2007.1,24.4,24.4,477
2025_08_15,212,7.07374,2316.2,2138.0,21.0,20.0,366
2025_08_15,212,7.07374,2699.3,429.0,17.0,18.0,381
2025_08_15,212,7.07374,2701.6,430.0,20.9,15.4,385
2025_08_15,213,7.10711,2535.3,1591.9,20.3,18.0,355
2025_08_15,213,7.10711,506.8,867.0,28.1,20.7,627
2025_08_15,213,7.10711,3351.8,2007.7,24.5,23.7,484
2025_08_15,213,7.10711,951.6,1203.4,23.2,22.1,516
2025_08_15,213,7.10711,2316.3,2138.2,20.7,19.6,346
2025_08_15,213,7.10711,2702.1,430.9,20.0,14.6,356
2025_08_15,213,7.10711,2700.5,429.2,16.9,18.3,352
2025_08_15,214,7.14047,951.4,1204.1,23.4,22.2,545
2025_08_15,214,7.14047,506.1,867.4,27.5,20.3,592
2025_08_15,214,7.14047,2535.2,1592.2,19.3,17.6,340
2025_08_15,214,7.14047,3351.5,2008.0,24.3,24.1,491
2025_08_15,214,7.14047,2316.7,2138.1,20.1,19.9,346
2025_08_15,214,7.14047,2701.9,431.8,20.4,15.4,346
2025_08_15,214,7.14047,2700.7,429.8,17.6,19.7,350
2025_08_15,214,7.14047,2414.0,709.7,23.0,21.2,474
2025_08_15,214,7.14047,2700.7,433.8,17.6,20.5,344
2025_08_15,215,7.17384,950.8,1204.3,23.1,22.0,533
2025_08_15,215,7.17384,2535.1,1592.3,19.9,17.5,337
2025_08_15,215,7.17384,505.6,867.1,28.9,21.1,622
2025_08_15,215,7.17384,3351.0,2008.0,24.2,23.4,485
2025_08_15,215,7.17384,2317.1,2138.1,19.4,19.8,339
2025_08_15,215,7.17384,2413.3,708.6,22.6,20.8,486
2025_08_15,215,7.17384,2702.4,432.8,19.4,15.6,357
2025_08_15,215,7.17384,711.0,6.1,24.4,12.1,321
2025_08_15,216,7.20721,2535.4,1592.3,20.0,17.9,341
2025_08_15,216,7.20721,950.6,1204.5,22.2,20.0,475
2025_08_15,216,7.20721,3351.4,2009.0,25.1,24.4,515
2025_08_15,216,7.20721,504.5,867.1,28.6,21.1,611
2025_08_15,216,7.20721,2317.7,2138.1,19.1,19.8,318
2025_08_15,216,7.20721,2413.5,709.5,24.8,21.5,470
2025_08_15,216,7.20721,2317.5,2134.7,19.5,21.3,335
2025_08_15,216,7.20721,708.9,6.0,21.5,12.1,310
2025_08_15,216,7.20721,2702.1,433.4,20.1,15.6,352
2025_08_15,217,7.24057,2535.7,1592.4,20.1,18.2,341
2025_08_15,217,7.24057,3351.1,2008.9,25.8,25.2,529
2025_08_15,217,7.24057,503.8,867.2,29.5,21.7,619
2025_08_15,217,7.24057,950.6,1205.0,22.5,20.3,556
2025_08_15,217,7.24057,2317.5,2138.2,18.8,19.6,293
2025_08_15,217,7.24057,2413.1,709.2,25.5,22.0,589
2025_08_15,217,7.24057,2702.0,433.6,20.4,16.8,345
2025_08_15,217,7.24057,2317.3,2134.6,19.2,21.2,313
2025_08_15,218,7.27394,2536.1,1592.4,20.4,19.0,354
2025_08_15,218,7.27394,3351.1,2009.6,26.6,25.7,584
2025_08_15,218,7.27394,502.5,867.2,30.3,22.3,635
2025_08_15,218,7.27394,2318.0,2138.0,18.5,20.1,297
2025_08_15,218,7.27394,951.2,1203.7,21.4,17.0,380
2025_08_15,218,7.27394,2414.9,708.4,23.7,21.9,527
2025_08_15,218,7.27394,2701.9,433.5,20.6,16.3,339
2025_08_15,219,7.30731,2536.0,1592.2,20.6,19.9,373
2025_08_15,219,7.30731,3351.1,2009.2,26.5,26.4,630
2025_08_15,219,7.30731,502.3,867.6,29.3,22.0,627
2025_08_15,219,7.30731,2318.1,2137.9,19.0,20.2,317
2025_08_15,219,7.30731,2701.8,433.5,20.7,16.1,348
2025_08_15,220,7.34067,2536.3,1592.0,21.3,19.8,381
2025_08_15,220,7.34067,3351.8,2009.7,29.2,29.3,707
2025_08_15,220,7.34067,502.3,867.6,29.5,22.0,658
2025_08_15,220,7.34067,2318.1,2138.2,19.2,19.7,321
2025_08_15,220,7.34067,2702.1,433.9,20.1,16.4,374
2025_08_15,221,7.37404,2536.5,1591.7,22.3,20.0,375
2025_08_15,221,7.37404,502.0,867.3,30.0,22.7,672
2025_08_15,221,7.37404,3352.2,2010.8,29.8,31.0,785
2025_08_15,221,7.37404,2318.0,2138.2,19.2,19.7,326
2025_08_15,221,7.37404,2702.3,434.4,19.7,15.5,377
2025_08_15,222,7.40741,2536.7,1591.2,22.3,20.3,367
2025_08_15,222,7.40741,502.2,867.2,30.8,22.8,688
2025_08_15,222,7.40741,3352.2,2011.0,30.2,31.4,808
2025_08_15,222,7.40741,2317.9,2138.4,19.6,19.2,329
2025_08_15,222,7.40741,2702.1,435.1,20.0,15.5,346
2025_08_15,222,7.40741,3703.8,975.1,24.8,25.7,667
2025_08_15,223,7.44077,2536.7,1591.2,23.2,20.7,375
2025_08_15,223,7.44077,502.2,867.3,31.0,23.0,700
2025_08_15,223,7.44077,3353.0,2011.9,30.1,32.1,809
2025_08_15,223,7.44077,2318.3,2138.6,18.9,18.8,318
2025_08_15,223,7.44077,2702.6,435.5,18.9,15.4,353
2025_08_15,224,7.47414,2536.7,1591.1,23.4,20.5,382
2025_08_15,224,7.47414,502.4,867.3,31.1,22.7,698
2025_08_15,224,7.47414,3353.0,2012.7,30.2,31.2,774
2025_08_15,224,7.47414,2318.5,2138.2,20.0,19.7,318
2025_08_15,224,7.47414,2703.0,435.7,18.2,15.6,389
2025_08_15,224,7.47414,2412.3,710.5,25.0,22.4,514
2025_08_15,224,7.47414,710.2,6.0,26.4,12.1,372
2025_08_15,225,7.50751,2536.9,1590.7,22.7,20.0,388
2025_08_15,225,7.50751,502.2,867.4,31.3,23.0,694
2025_08_15,225,7.50751,3353.5,2012.8,29.9,30.5,719
2025_08_15,225,7.50751,2319.3,2138.4,18.7,19.2,309
2025_08_15,225,7.50751,2702.7,436.2,18.8,15.1,375
2025_08_15,225,7.50751,2319.1,2134.8,18.9,21.7,333
2025_08_15,226,7.54087,2537.1,1590.9,22.4,19.4,378
2025_08_15,226,7.54087,501.9,867.6,31.9,22.9,691
2025_08_15,226,7.54087,2319.6,2138.3,19.6,19.5,319
2025_08_15,226,7.54087,2411.9,711.6,25.7,22.2,526
2025_08_15,226,7.54087,2702.2,436.2,17.3,16.1,362
2025_08_15,226,7.54087,3353.8,2012.5,29.0,29.9,656
2025_08_15,227,7.57424,2537.2,1591.0,21.7,19.3,383
2025_08_15,227,7.57424,501.3,867.5,31.8,22.7,699
2025_08_15,227,7.57424,2319.7,2138.3,19.0,19.3,310
2025_08_15,227,7.57424,2702.3,436.7,17.2,16.4,418
2025_08_15,227,7.57424,3354.4,2011.7,29.0,25.9,548
2025_08_15,227,7.57424,2409.0,710.9,25.4,22.2,528
2025_08_15,227,7.57424,708.2,6.0,25.5,12.1,372
2025_08_15,228,7.60761,501.1,868.3,30.4,22.9,661
2025_08_15,228,7.60761,2537.3,1590.7,21.0,19.2,359
2025_08_15,228,7.60761,2702.4,437.1,16.6,16.7,527
2025_08_15,228,7.60761,2320.3,2138.3,20.3,19.4,336
2025_08_15,228,7.60761,953.6,1210.3,19.5,18.7,353
2025_08_15,228,7.60761,2409.0,710.1,26.4,20.9,451
2025_08_15,228,7.60761,707.8,6.1,25.0,12.2,370
2025_08_15,228,7.60761,3353.0,2011.0,28.8,23.8,538
2025_08_15,229,7.64097,2537.6,1590.1,20.7,18.6,361
2025_08_15,229,7.64097,500.7,868.4,30.5,22.5,645
2025_08_15,229,7.64097,2703.1,436.9,16.6,16.4,461
2025_08_15,229,7.64097,954.0,1211.2,19.8,19.9,365
2025_08_15,229,7.64097,2320.6,2138.5,20.1,18.9,322
2025_08_15,229,7.64097,3294.0,8.2,19.3,16.4,253
2025_08_15,229,7.64097,3352.5,2010.5,26.2,22.9,513
2025_08_15,229,7.64097,707.6,6.1,24.9,12.1,366
2025_08_15,230,7.67434,2537.4,1589.6,20.7,18.3,359
2025_08_15,230,7.67434,500.2,868.5,29.9,23.2,639
2025_08_15,230,7.67434,954.4,1211.8,20.5,20.1,387
2025_08_15,230,7.67434,2321.2,2138.5,20.5,19.1,337
2025_08_15,230,7.67434,2704.3,437.0,16.8,15.8,496
2025_08_15,230,7.67434,3352.2,2010.4,27.4,23.4,558
2025_08_15,230,7.67434,3293.8,8.5,19.3,17.0,269
2025_08_15,230,7.67434,707.1,6.1,25.3,12.2,372
2025_08_15,231,7.70771,499.9,868.4,29.8,23.0,639
2025_08_15,231,7.70771,2537.6,1589.3,20.5,18.0,354
2025_08_15,231,7.70771,955.4,1212.4,21.1,21.2,443
2025_08_15,231,7.70771,2322.8,2138.4,21.0,19.1,365
2025_08_15,231,7.70771,3352.6,2010.2,26.0,25.4,578
2025_08_15,231,7.70771,2704.4,436.6,16.9,15.6,587
2025_08_15,231,7.70771,3293.7,8.6,19.3,17.2,264
2025_08_15,231,7.70771,706.2,6.2,25.0,12.4,363
2025_08_15,231,7.70771,2407.4,711.6,21.5,17.7,408
2025_08_15,232,7.74107,2537.5,1589.5,20.5,17.8,362
2025_08_15,232,7.74107,499.3,868.6,29.6,22.5,631
2025_08_15,232,7.74107,955.8,1212.6,22.6,22.2,482
2025_08_15,232,7.74107,3352.4,2011.2,26.2,26.5,631
2025_08_15,232,7.74107,2322.7,2138.5,20.3,19.0,352
2025_08_15,232,7.74107,3293.6,8.4,19.1,16.9,270
2025_08_15,232,7.74107,3703.9,980.9,23.1,25.7,598
2025_08_15,232,7.74107,706.2,6.2,25.5,12.5,394
2025_08_15,233,7.77444,2537.7,1589.4,20.2,18.0,367
2025_08_15,233,7.77444,498.8,868.7,28.8,21.9,622
2025_08_15,233,7.77444,3352.6,2011.8,27.2,28.9,685
2025_08_15,233,7.77444,956.4,1209.3,21.7,20.3,452
2025_08_15,233,7.77444,2406.5,713.0,21.6,19.2,397
2025_08_15,233,7.77444,2322.1,2138.5,20.2,18.9,353
2025_08_15,233,7.77444,706.2,6.8,27.8,13.6,399
2025_08_15,233,7.77444,3704.1,981.7,22.9,25.7,634
2025_08_15,233,7.77444,2704.3,435.1,16.4,14.8,560
2025_08_15,233,7.77444,3292.7,8.3,18.2,16.7,264
2025_08_15,234,7.80781,2537.8,1589.8,20.4,18.5,383
2025_08_15,234,7.80781,498.7,868.5,28.2,21.1,618
2025_08_15,234,7.80781,3352.2,2012.7,27.7,29.8,720
2025_08_15,234,7.80781,957.5,1207.9,21.9,19.5,406
2025_08_15,234,7.80781,2321.8,2138.6,20.8,18.8,335
2025_08_15,234,7.80781,2406.9,713.3,22.3,19.3,391
2025_08_15,234,7.80781,2704.4,434.3,15.8,15.5,553
2025_08_15,234,7.80781,3704.3,982.4,22.2,25.5,589
2025_08_15,234,7.80781,705.1,6.8,26.9,13.6,400
2025_08_15,234,7.80781,3292.4,8.4,17.9,16.7,268
2025_08_15,235,7.84117,2537.9,1589.9,20.1,19.1,395
2025_08_15,235,7.84117,498.7,867.7,28.2,21.3,650
2025_08_15,235,7.84117,3352.2,2012.4,28.4,30.4,724
2025_08_15,235,7.84117,2704.6,434.9,17.0,16.5,566
2025_08_15,235,7.84117,957.9,1207.3,19.9,18.4,358
2025_08_15,235,7.84117,2321.8,2138.6,21.0,18.9,346
2025_08_15,235,7.84117,2406.0,713.9,22.7,19.3,451
2025_08_15,235,7.84117,704.4,6.8,25.2,13.7,412
2025_08_15,235,7.84117,3705.2,983.4,20.9,23.9,592
2025_08_15,236,7.87454,2538.0,1590.0,20.2,19.6,399
2025_08_15,236,7.87454,498.6,867.3,27.9,21.8,661
2025_08_15,236,7.87454,957.3,1207.4,21.4,18.5,362
2025_08_15,236,7.87454,3352.3,2013.2,29.2,30.6,746
2025_08_15,236,7.87454,2704.1,435.5,18.0,17.4,437
2025_08_15,236,7.87454,2322.2,2138.5,21.6,19.0,369
2025_08_15,236,7.87454,704.2,7.2,25.6,14.3,420
2025_08_15,236,7.87454,2405.4,714.1,23.3,19.6,443
2025_08_15,236,7.87454,3292.3,8.6,17.9,17.1,258
2025_08_15,237,7.90791,2538.1,1589.9,21.1,20.1,395
2025_08_15,237,7.90791,498.2,866.8,27.4,21.3,671
2025_08_15,237,7.90791,957.6,1206.8,23.4,18.8,396
2025_08_15,237,7.90791,3352.7,2013.2,30.7,30.4,748
2025_08_15,237,7.90791,2704.2,435.6,20.3,19.3,417
2025_08_15,237,7.90791,2322.1,2138.8,21.0,18.4,345
2025_08_15,237,7.90791,705.2,7.4,25.3,14.8,405
2025_08_15,237,7.90791,3292.6,9.1,18.6,18.3,274
2025_08_15,238,7.94127,2538.5,1589.7,20.8,19.7,401
2025_08_15,238,7.94127,497.9,866.8,27.6,21.2,632
2025_08_15,238,7.94127,3352.8,2013.6,30.3,29.8,740
2025_08_15,238,7.94127,2704.8,436.0,19.2,19.2,437
2025_08_15,238,7.94127,2408.7,715.3,21.4,20.7,584
2025_08_15,238,7.94127,2322.8,2139.0,20.3,18.0,330
2025_08_15,238,7.94127,957.9,1207.2,24.2,18.9,387
2025_08_15,238,7.94127,703.6,7.1,23.9,14.2,397
2025_08_15,238,7.94127,3292.3,9.4,19.2,18.8,297
2025_08_15,239,7.97464,2538.1,1589.6,21.1,19.3,386
2025_08_15,239,7.97464,497.7,867.0,27.5,20.8,613
2025_08_15,239,7.97464,2705.4,436.5,19.3,19.6,441
2025_08_15,239,7.97464,3352.7,2013.8,30.6,29.6,743
2025_08_15,239,7.97464,2323.1,2139.2,19.5,17.7,330
2025_08_15,239,7.97464,2409.4,714.9,18.1,17.8,476
2025_08_15,239,7.97464,957.9,1206.7,24.1,18.3,335
2025_08_15,239,7.97464,3292.9,9.7,19.9,19.4,304
2025_08_15,239,7.97464,704.4,7.3,26.1,14.5,417
2025_08_15,240,8.00801,2538.5,1588.7,21.0,18.3,360
2025_08_15,240,8.00801,497.5,867.1,29.5,21.1,622
2025_08_15,240,8.00801,2705.6,436.6,20.7,18.5,450
2025_08_15,240,8.00801,3352.3,2014.0,29.9,28.0,715
2025_08_15,240,8.00801,2323.8,2139.2,20.2,17.6,321
2025_08_15,240,8.00801,3292.9,10.1,21.1,20.2,338
2025_08_15,240,8.00801,960.8,1207.1,23.6,17.9,317
2025_08_15,240,8.00801,705.0,7.0,27.3,13.9,412
2025_08_15,241,8.04137,497.2,867.7,30.2,21.9,644
2025_08_15,241,8.04137,2538.8,1588.7,20.7,18.3,356
2025_08_15,241,8.04137,3352.3,2014.4,28.5,27.0,660
2025_08_15,241,8.04137,2705.8,436.7,21.2,19.3,435
2025_08_15,241,8.04137,2324.5,2139.4,20.0,17.4,338
2025_08_15,241,8.04137,2407.4,716.9,21.9,19.4,607
2025_08_15,241,8.04137,3292.5,10.5,21.3,21.0,339
2025_08_15,241,8.04137,960.8,1207.3,23.5,18.8,354
2025_08_15,242,8.07474,496.6,868.2,31.1,22.5,646
2025_08_15,242,8.07474,2538.7,1588.5,20.6,18.3,342
2025_08_15,242,8.07474,2704.6,436.3,21.8,20.2,447
2025_08_15,242,8.07474,3351.9,2014.4,28.3,26.6,631
2025_08_15,242,8.07474,2324.7,2139.1,20.1,17.9,339
2025_08_15,242,8.07474,3292.6,10.5,21.2,21.0,342
2025_08_15,242,8.07474,958.8,1207.5,22.1,17.4,339
2025_08_15,243,8.10811,495.8,868.2,31.0,22.1,641
2025_08_15,243,8.10811,2539.1,1588.5,20.5,17.7,334
2025_08_15,243,8.10811,2704.5,436.3,22.4,20.4,421
2025_08_15,243,8.10811,2324.7,2139.3,19.8,17.5,325
2025_08_15,243,8.10811,3352.1,2015.2,27.1,26.3,599
2025_08_15,243,8.10811,2403.6,716.2,25.0,24.6,718
2025_08_15,243,8.10811,3292.2,10.6,21.4,21.2,360
2025_08_15,243,8.10811,958.9,1207.3,22.0,17.4,292
2025_08_15,244,8.14147,495.0,868.4,30.9,21.9,635
2025_08_15,244,8.14147,2539.2,1588.8,20.6,17.6,309
2025_08_15,244,8.14147,2704.9,436.8,20.9,18.1,401
2025_08_15,244,8.14147,2324.6,2139.2,19.6,17.6,322
2025_08_15,244,8.14147,3352.2,2015.1,27.0,25.9,582
2025_08_15,244,8.14147,3292.0,10.4,20.8,20.7,356
2025_08_15,244,8.14147,958.6,1207.5,21.2,17.0,315
2025_08_15,245,8.17484,2539.4,1589.2,19.3,17.2,312
2025_08_15,245,8.17484,494.7,868.4,30.4,21.3,622
2025_08_15,245,8.17484,2324.9,2139.1,20.1,17.7,331
2025_08_15,245,8.17484,2402.7,715.6,25.3,25.9,699
2025_08_15,245,8.17484,2704.7,436.3,19.5,16.2,340
2025_08_15,245,8.17484,3352.8,2014.7,28.8,26.8,600
2025_08_15,245,8.17484,3291.8,9.7,19.9,19.4,335
2025_08_15,245,8.17484,958.4,1208.0,20.9,16.5,301
2025_08_15,245,8.17484,699.3,7.0,29.2,14.0,429
2025_08_15,246,8.20821,2539.5,1589.0,19.2,17.5,324
2025_08_15,246,8.20821,494.0,868.7,30.1,21.3,620
2025_08_15,246,8.20821,2704.4,436.6,17.5,15.4,335
2025_08_15,246,8.20821,2325.5,2139.0,20.6,18.0,322
2025_08_15,246,8.20821,2402.6,716.6,25.1,26.2,621
2025_08_15,246,8.20821,3352.9,2014.5,28.6,27.6,598
2025_08_15,246,8.20821,958.0,1208.3,20.3,16.6,293
2025_08_15,246,8.20821,3291.9,9.9,20.0,19.8,319
2025_08_15,246,8.20821,699.4,7.2,28.3,14.3,408
2025_08_15,247,8.24157,2539.6,1588.6,20.3,18.8,346
2025_08_15,247,8.24157,494.1,868.9,29.2,21.1,601
2025_08_15,247,8.24157,2703.8,437.1,17.1,14.7,323
2025_08_15,247,8.24157,958.1,1208.9,20.4,16.9,296
2025_08_15,247,8.24157,3353.3,2014.7,27.7,27.4,611
2025_08_15,247,8.24157,3291.8,9.9,20.0,19.7,326
2025_08_15,247,8.24157,2326.0,2139.3,20.0,17.5,333
2025_08_15,247,8.24157,2401.8,716.3,25.0,27.3,668
2025_08_15,247,8.24157,699.8,6.8,27.7,13.6,422
2025_08_15,248,8.27494,2539.3,1588.6,20.8,20.0,390
2025_08_15,248,8.27494,494.1,869.2,28.1,20.3,561
2025_08_15,248,8.27494,2703.3,437.8,16.2,14.7,299
2025_08_15,248,8.27494,3353.9,2014.6,27.4,28.2,641
2025_08_15,248,8.27494,3291.5,10.0,20.7,20.0,340
2025_08_15,248,8.27494,958.3,1210.4,20.6,16.7,294
2025_08_15,248,8.27494,2326.5,2139.3,21.0,17.5,336
2025_08_15,248,8.27494,2402.0,715.3,24.7,24.9,611
2025_08_15,249,8.30831,2540.1,1588.6,21.7,20.1,395
2025_08_15,249,8.30831,494.6,869.2,26.6,19.7,532
2025_08_15,249,8.30831,3354.2,2014.7,27.7,28.8,673
2025_08_15,249,8.30831,3291.5,10.4,20.6,20.9,354
2025_08_15,249,8.30831,2703.4,437.9,16.2,14.9,330
2025_08_15,249,8.30831,958.2,1210.9,20.5,16.2,314
2025_08_15,249,8.30831,2326.5,2139.3,21.0,17.4,335
2025_08_15,250,8.34168,2540.8,1588.3,21.3,20.6,398
2025_08_15,250,8.34168,494.6,869.0,26.3,19.6,519
2025_08_15,250,8.34168,2703.1,439.1,16.9,15.2,308
2025_08_15,250,8.34168,3354.8,2014.9,26.6,27.0,636
2025_08_15,250,8.34168,3290.7,10.7,20.9,21.5,364
2025_08_15,250,8.34168,2326.9,2139.3,21.7,17.5,341
2025_08_15,250,8.34168,958.6,1212.0,21.3,16.4,331
2025_08_15,251,8.37504,2540.8,1588.2,21.8,21.2,401
2025_08_15,251,8.37504,494.9,869.0,26.5,20.3,530
2025_08_15,251,8.37504,2704.1,439.7,16.7,15.9,283
2025_08_15,251,8.37504,3355.2,2016.8,27.6,26.9,647
2025_08_15,251,8.37504,961.7,1211.9,21.1,18.6,540
2025_08_15,251,8.37504,3290.4,10.6,19.9,21.3,360
2025_08_15,251,8.37504,2326.8,2139.3,21.6,17.6,346
2025_08_15,251,8.37504,700.6,6.1,24.1,12.1,337
2025_08_15,252,8.40841,2541.0,1587.6,22.9,20.5,411
2025_08_15,252,8.40841,494.3,869.1,27.1,21.1,557
2025_08_15,252,8.40841,2704.4,440.5,16.3,15.6,319
2025_08_15,252,8.40841,3355.3,2017.2,27.4,26.9,645
2025_08_15,252,8.40841,962.4,1211.2,20.8,19.6,374
2025_08_15,252,8.40841,3289.9,11.1,20.8,22.3,365
2025_08_15,252,8.40841,2329.2,2139.3,21.7,17.5,323
2025_08_15,252,8.40841,700.9,6.1,23.1,12.2,330
2025_08_15,253,8.44178,494.1,869.1,27.9,22.2,616
2025_08_15,253,8.44178,962.6,1209.9,22.8,21.9,491
2025_08_15,253,8.44178,2541.3,1586.2,23.8,19.7,398
2025_08_15,253,8.44178,2704.5,440.9,18.4,18.2,327
2025_08_15,253,8.44178,3289.9,11.4,21.0,22.8,365
2025_08_15,253,8.44178,3354.7,2017.7,28.5,27.7,665
2025_08_15,253,8.44178,2329.4,2139.2,21.2,17.6,331
2025_08_15,253,8.44178,701.2,6.3,23.2,12.5,350
2025_08_15,254,8.47514,493.8,869.1,29.3,23.0,657
2025_08_15,254,8.47514,962.9,1209.3,24.2,21.2,451
2025_08_15,254,8.47514,2541.8,1586.2,23.3,19.8,396
2025_08_15,254,8.47514,2705.6,441.5,18.8,19.3,348
2025_08_15,254,8.47514,699.8,7.0,23.8,14.0,367
2025_08_15,254,8.47514,3289.6,11.6,21.1,22.5,380
2025_08_15,254,8.47514,2329.2,2139.1,21.8,17.8,590
2025_08_15,254,8.47514,3354.5,2017.8,28.5,28.0,683
2025_08_15,255,8.50851,493.4,868.9,30.6,23.6,710
2025_08_15,255,8.50851,2707.0,440.5,20.4,22.5,435
2025_08_15,255,8.50851,962.9,1209.9,23.3,20.1,438
2025_08_15,255,8.50851,2541.7,1586.2,23.3,19.7,401
2025_08_15,255,8.50851,3289.7,11.8,21.1,23.0,379
2025_08_15,255,8.50851,699.4,7.9,24.2,15.8,413
2025_08_15,255,8.50851,2329.4,2139.0,21.4,18.0,322
2025_08_15,255,8.50851,3355.2,2018.3,28.2,28.2,622
2025_08_15,256,8.54188,492.8,868.8,31.3,24.1,731
2025_08_15,256,8.54188,2706.8,441.2,22.0,23.4,481
2025_08_15,256,8.54188,963.8,1209.0,22.8,18.9,385
2025_08_15,256,8.54188,2542.1,1586.3,22.7,19.5,382
2025_08_15,256,8.54188,699.2,8.1,25.3,16.2,446
2025_08_15,256,8.54188,2329.7,2139.0,21.0,18.1,345
2025_08_15,256,8.54188,3289.4,12.2,21.8,23.0,417
2025_08_15,257,8.57524,492.3,868.9,31.0,23.7,724
2025_08_15,257,8.57524,2707.3,441.8,21.7,24.2,514
2025_08_15,257,8.57524,965.7,1207.9,19.9,16.3,307
2025_08_15,257,8.57524,699.0,8.7,25.5,17.3,436
2025_08_15,257,8.57524,2542.2,1586.5,22.3,18.9,366
2025_08_15,257,8.57524,2329.8,2139.0,21.0,18.1,338
2025_08_15,257,8.57524,3289.4,12.6,21.6,22.9,427
2025_08_15,258,8.60861,491.8,869.0,30.1,23.3,664
2025_08_15,258,8.60861,965.9,1208.4,19.2,16.1,275
2025_08_15,258,8.60861,698.9,8.9,26.6,17.8,478
2025_08_15,258,8.60861,2542.0,1586.8,22.1,18.5,356
2025_08_15,258,8.60861,2330.0,2139.0,20.9,18.1,342
2025_08_15,258,8.60861,3289.4,12.9,21.5,23.6,443
2025_08_15,258,8.60861,2708.4,441.3,19.2,20.4,440
2025_08_15,259,8.64198,491.3,869.2,29.3,22.8,667
2025_08_15,259,8.64198,2541.8,1586.9,21.6,18.2,335
2025_08_15,259,8.64198,699.1,9.2,28.9,18.3,515
2025_08_15,259,8.64198,2330.3,2139.0,20.2,18.0,331
2025_08_15,259,8.64198,966.0,1208.7,18.7,16.1,290
2025_08_15,259,8.64198,3289.2,12.8,21.8,22.9,438
2025_08_15,259,8.64198,2708.9,439.0,17.0,15.9,373
2025_08_15,260,8.67534,491.3,869.2,28.9,22.4,668
2025_08_15,260,8.67534,699.2,9.4,31.6,18.8,589
2025_08_15,260,8.67534,2542.5,1586.9,21.8,18.3,343
2025_08_15,260,8.67534,2330.3,2139.0,20.1,18.1,343
2025_08_15,260,8.67534,3289.0,13.3,22.2,24.1,459
2025_08_15,260,8.67534,966.4,1209.1,18.6,16.6,316
2025_08_15,260,8.67534,3353.9,2015.4,27.8,27.6,698
2025_08_15,260,8.67534,2709.5,439.6,17.4,16.4,348
2025_08_15,261,8.70871,491.6,868.1,28.2,21.5,664
2025_08_15,261,8.70871,2542.5,1586.9,21.5,18.3,338
2025_08_15,261,8.70871,699.0,9.5,30.9,19.0,588
2025_08_15,261,8.70871,967.3,1209.0,19.5,17.3,333
2025_08_15,261,8.70871,2330.3,2138.6,20.0,18.8,322
2025_08_15,261,8.70871,3287.3,13.9,22.6,24.6,456
2025_08_15,261,8.70871,3354.2,2016.8,28.2,28.2,886
2025_08_15,261,8.70871,2401.9,718.4,24.3,20.9,544
2025_08_15,261,8.70871,2709.2,439.4,17.6,16.1,354
2025_08_15,261,8.70871,2330.2,2134.7,20.2,21.5,339
2025_08_15,262,8.74208,492.2,867.5,28.7,21.8,646
2025_08_15,262,8.74208,698.6,9.5,31.2,19.1,635
2025_08_15,262,8.74208,2542.5,1586.7,21.1,18.5,334
2025_08_15,262,8.74208,2330.4,2138.6,20.6,18.9,331
2025_08_15,262,8.74208,3288.9,13.8,22.6,25.0,458
2025_08_15,262,8.74208,3353.7,2015.2,27.5,28.1,686
2025_08_15,262,8.74208,968.7,1209.6,19.4,16.5,359
2025_08_15,262,8.74208,2709.7,439.5,17.7,15.6,403
2025_08_15,262,8.74208,2401.0,718.6,25.9,21.8,646
2025_08_15,262,8.74208,2330.3,2134.8,20.7,21.5,348
2025_08_15,263,8.77544,492.4,867.7,28.6,21.7,655
2025_08_15,263,8.77544,697.5,9.9,31.8,19.8,612
2025_08_15,263,8.77544,2542.5,1586.7,21.0,18.6,362
2025_08_15,263,8.77544,2330.7,2138.8,20.7,18.5,328
2025_08_15,263,8.77544,2710.3,439.8,17.0,16.2,368
2025_08_15,263,8.77544,3287.1,14.1,22.3,23.4,475
2025_08_15,263,8.77544,968.9,1210.1,19.9,17.0,337
2025_08_15,263,8.77544,3354.1,2016.7,27.8,29.4,700
2025_08_15,264,8.80881,491.7,867.6,29.5,22.2,665
2025_08_15,264,8.80881,696.0,9.6,32.9,19.2,616
2025_08_15,264,8.80881,2709.2,439.7,17.7,16.7,350
2025_08_15,264,8.80881,2331.5,2138.8,19.7,18.4,319
2025_08_15,264,8.80881,969.6,1211.0,20.7,18.5,363
2025_08_15,264,8.80881,3354.2,2016.2,28.4,27.8,688
2025_08_15,264,8.80881,2542.8,1586.4,21.7,19.2,361
2025_08_15,264,8.80881,3287.0,13.9,22.1,24.2,458
2025_08_15,265,8.84218,491.9,867.5,30.1,22.2,654
2025_08_15,265,8.84218,969.9,1211.1,22.5,19.1,429
2025_08_15,265,8.84218,695.3,9.2,31.5,18.5,550
2025_08_15,265,8.84218,2332.0,2138.7,19.4,18.6,290
2025_08_15,265,8.84218,2708.8,439.5,18.1,16.8,411
2025_08_15,265,8.84218,3287.0,14.4,22.2,23.5,445
2025_08_15,265,8.84218,2544.9,1585.9,22.3,20.1,387
2025_08_15,265,8.84218,3354.1,2015.0,27.9,27.4,626
2025_08_15,266,8.87554,491.5,867.9,29.7,22.1,641
2025_08_15,266,8.87554,969.1,1211.1,23.1,20.4,473
2025_08_15,266,8.87554,694.7,8.8,30.9,17.7,511
2025_08_15,266,8.87554,2708.7,439.0,18.4,17.8,369
2025_08_15,266,8.87554,2545.5,1585.6,21.4,20.7,417
2025_08_15,266,8.87554,2332.4,2138.7,19.4,18.6,313
2025_08_15,266,8.87554,3354.4,2016.6,28.7,26.9,611
2025_08_15,266,8.87554,3286.9,14.4,22.0,24.1,440
2025_08_15,266,8.87554,2395.1,718.0,29.2,25.6,775
2025_08_15,267,8.90891,491.0,868.3,30.1,21.8,627
2025_08_15,267,8.90891,2708.6,439.7,17.6,17.2,350
2025_08_15,267,8.90891,968.9,1211.1,23.3,20.5,486
2025_08_15,267,8.90891,695.0,8.7,28.8,17.4,476
2025_08_15,267,8.90891,2332.7,2138.6,19.7,18.7,317
2025_08_15,267,8.90891,2545.4,1585.4,21.8,21.2,451
2025_08_15,267,8.90891,2394.0,720.8,29.9,26.1,698
2025_08_15,267,8.90891,3354.8,2016.5,26.6,26.6,566
2025_08_15,267,8.90891,3287.0,14.8,22.0,24.1,437
2025_08_15,267,8.90891,2543.7,1582.9,23.4,21.9,469
2025_08_15,268,8.94228,490.8,868.1,29.7,21.7,623
2025_08_15,268,8.94228,2708.9,440.2,17.8,16.9,315
2025_08_15,268,8.94228,967.6,1210.6,23.9,20.5,436
2025_08_15,268,8.94228,3354.7,2016.7,26.7,26.3,543
2025_08_15,268,8.94228,695.4,8.5,26.9,17.0,437
2025_08_15,268,8.94228,2545.3,1585.4,22.0,21.2,455
2025_08_15,268,8.94228,2333.0,2138.9,19.2,18.3,305
2025_08_15,268,8.94228,3287.0,15.1,22.2,24.5,442
2025_08_15,268,8.94228,3702.9,989.0,22.8,25.9,610
2025_08_15,268,8.94228,2393.8,721.7,25.7,24.8,661
2025_08_15,269,8.97564,490.4,868.2,29.7,21.4,611
2025_08_15,269,8.97564,3354.2,2016.9,27.6,27.0,600
2025_08_15,269,8.97564,2709.5,440.8,18.1,18.1,320
2025_08_15,269,8.97564,967.5,1210.1,23.1,19.8,391
2025_08_15,269,8.97564,2545.3,1582.3,21.7,20.6,414
2025_08_15,269,8.97564,695.6,8.1,27.5,16.2,419
2025_08_15,269,8.97564,2333.5,2139.1,19.3,17.9,304
2025_08_15,269,8.97564,3704.9,989.6,23.7,26.0,523
2025_08_15,269,8.97564,3287.0,15.6,22.2,25.3,457
2025_08_15,270,9.00901,489.9,868.4,29.5,21.1,603
2025_08_15,270,9.00901,2710.3,440.9,18.2,18.3,319
2025_08_15,270,9.00901,3354.2,2017.6,27.3,26.1,615
2025_08_15,270,9.00901,2334.2,2139.2,19.5,17.6,284
2025_08_15,270,9.00901,2545.3,1581.6,21.9,19.2,377
2025_08_15,270,9.00901,695.4,7.9,27.8,15.8,435
2025_08_15,270,9.00901,3287.0,16.2,22.4,25.7,474
2025_08_15,270,9.00901,967.1,1209.9,21.9,18.7,350
2025_08_15,270,9.00901,3704.4,991.2,23.4,26.0,575
2025_08_15,271,9.04238,489.7,868.6,29.9,21.3,609
2025_08_15,271,9.04238,3353.8,2017.8,27.5,27.8,627
2025_08_15,271,9.04238,2711.3,441.2,18.2,18.9,323
2025_08_15,271,9.04238,2545.4,1581.7,21.5,19.3,354
2025_08_15,271,9.04238,2334.5,2139.0,19.4,18.1,308
2025_08_15,271,9.04238,695.1,8.2,28.5,16.4,445
2025_08_15,271,9.04238,3704.5,992.5,23.3,25.5,575
2025_08_15,271,9.04238,967.0,1209.7,23.0,19.1,387
2025_08_15,271,9.04238,3286.8,17.2,21.9,26.4,457
2025_08_15,271,9.04238,2545.4,1585.2,21.7,21.6,358
2025_08_15,272,9.07574,489.3,868.8,29.5,21.1,606
2025_08_15,272,9.07574,3354.2,2017.9,28.4,28.0,687
2025_08_15,272,9.07574,2711.9,441.9,19.1,20.4,351
2025_08_15,272,9.07574,2545.3,1582.0,22.0,20.0,380
2025_08_15,272,9.07574,2335.6,2139.2,18.2,17.6,295
2025_08_15,272,9.07574,694.8,8.4,29.0,16.7,486
2025_08_15,272,9.07574,3286.9,17.1,22.2,26.9,454
2025_08_15,272,9.07574,968.8,1209.6,21.4,18.1,367
2025_08_15,273,9.10911,488.8,869.3,28.5,20.5,580
2025_08_15,273,9.10911,3354.7,2018.2,27.5,28.8,694
2025_08_15,273,9.10911,2711.9,441.9,17.7,19.9,351
2025_08_15,273,9.10911,2545.4,1582.0,21.5,20.1,366
2025_08_15,273,9.10911,2335.8,2139.1,18.9,17.9,317
2025_08_15,273,9.10911,3286.7,17.4,21.8,27.1,456
2025_08_15,273,9.10911,694.1,8.7,29.0,17.4,507
2025_08_15,273,9.10911,2397.4,717.6,27.3,23.6,647
2025_08_15,273,9.10911,970.2,1209.5,20.2,17.4,349
2025_08_15,274,9.14248,488.7,869.9,28.3,20.3,580
2025_08_15,274,9.14248,3355.3,2018.4,28.0,29.8,699
2025_08_15,274,9.14248,2545.9,1582.0,20.7,20.1,363
2025_08_15,274,9.14248,693.9,8.9,29.7,17.7,527
2025_08_15,274,9.14248,3286.4,17.2,21.6,25.2,422
2025_08_15,274,9.14248,2336.4,2139.1,19.2,17.9,332
2025_08_15,274,9.14248,2711.5,442.1,17.1,20.2,340
2025_08_15,274,9.14248,971.5,1210.2,20.2,17.4,341
2025_08_15,274,9.14248,2397.2,718.4,28.8,22.2,564
2025_08_15,275,9.17584,488.2,869.7,27.7,19.8,573
2025_08_15,275,9.17584,3356.3,2018.3,27.8,29.5,683
2025_08_15,275,9.17584,2546.1,1582.1,20.3,20.3,354
2025_08_15,275,9.17584,693.4,8.8,29.6,17.7,516
2025_08_15,275,9.17584,3286.2,17.1,21.0,24.3,355
2025_08_15,275,9.17584,2337.0,2139.1,19.5,17.8,331
2025_08_15,275,9.17584,2710.0,443.0,20.0,18.7,331
2025_08_15,275,9.17584,972.5,1210.8,19.3,17.4,315
2025_08_15,276,9.20921,488.4,869.7,27.8,20.3,583
2025_08_15,276,9.20921,3356.6,2018.5,26.8,29.5,666
2025_08_15,276,9.20921,2546.3,1582.3,20.0,20.5,355
2025_08_15,276,9.20921,972.5,1211.4,19.5,17.1,329
2025_08_15,276,9.20921,693.6,8.4,29.6,16.9,501
2025_08_15,276,9.20921,3286.2,16.9,21.1,24.2,361
2025_08_15,276,9.20921,2337.0,2139.2,19.5,17.7,331
2025_08_15,276,9.20921,2710.0,442.6,20.0,18.7,342
2025_08_15,276,9.20921,2945.8,1412.4,14.4,16.8,371
2025_08_15,276,9.20921,3833.9,1496.4,12.1,16.4,205
2025_08_15,277,9.24258,489.5,869.2,29.1,21.4,642
2025_08_15,277,9.24258,3356.6,2018.9,27.6,29.4,637
2025_08_15,277,9.24258,972.1,1212.3,19.5,16.9,351
2025_08_15,277,9.24258,2546.4,1582.2,20.2,20.3,358
2025_08_15,277,9.24258,692.5,8.3,27.5,16.6,448
2025_08_15,277,9.24258,3285.9,17.0,20.6,23.9,406
2025_08_15,277,9.24258,2337.4,2139.1,19.8,17.9,316
2025_08_15,277,9.24258,2711.3,442.1,18.4,20.4,321
2025_08_15,277,9.24258,3833.8,1501.1,12.4,16.9,220
2025_08_15,278,9.27594,489.9,868.7,29.4,22.4,654
2025_08_15,278,9.27594,971.7,1212.6,19.5,17.6,338
2025_08_15,278,9.27594,3356.7,2018.7,26.9,27.3,574
2025_08_15,278,9.27594,2546.6,1582.3,19.6,20.6,359
2025_08_15,278,9.27594,2337.0,2139.1,19.8,17.9,317
2025_08_15,278,9.27594,3832.9,1504.2,14.2,17.1,237
2025_08_15,278,9.27594,692.9,8.1,26.9,16.2,435
2025_08_15,278,9.27594,3285.9,18.1,20.2,23.5,357
2025_08_15,278,9.27594,2710.2,442.6,20.3,16.9,306
2025_08_15,279,9.30931,489.7,868.8,29.8,22.9,673
2025_08_15,279,9.30931,971.9,1213.1,19.6,18.1,348
2025_08_15,279,9.30931,3357.0,2019.1,27.8,26.8,571
2025_08_15,279,9.30931,2547.0,1582.5,19.5,20.9,359
2025_08_15,279,9.30931,2337.4,2139.1,19.4,17.8,319
2025_08_15,279,9.30931,693.0,8.3,26.4,16.6,466
2025_08_15,279,9.30931,2709.9,442.5,19.7,16.2,349
2025_08_15,279,9.30931,3285.9,17.9,19.9,22.7,311
2025_08_15,279,9.30931,2713.5,442.6,21.0,16.0,333
2025_08_15,280,9.34268,489.3,868.5,29.6,22.9,694
2025_08_15,280,9.34268,971.8,1212.9,20.7,18.9,373
2025_08_15,280,9.34268,3356.9,2019.8,27.2,26.3,573
2025_08_15,280,9.34268,2337.6,2139.2,19.7,17.7,316
2025_08_15,280,9.34268,2547.2,1582.6,20.0,21.2,358
2025_08_15,280,9.34268,692.7,8.4,25.3,16.8,489
2025_08_15,280,9.34268,2709.8,442.6,19.6,15.0,352
2025_08_15,280,9.34268,3285.9,18.3,19.9,22.7,311
2025_08_15,280,9.34268,2713.5,442.6,21.0,15.2,337
2025_08_15,281,9.37604,488.7,869.0,29.5,22.8,696
2025_08_15,281,9.37604,972.6,1212.9,22.8,20.2,394
2025_08_15,281,9.37604,692.3,8.7,26.1,17.4,480
2025_08_15,281,9.37604,2338.4,2139.3,19.3,17.5,306
2025_08_15,281,9.37604,2547.4,1582.5,20.7,21.1,366
2025_08_15,281,9.37604,3356.7,2020.7,26.2,26.5,549
2025_08_15,281,9.37604,3285.9,18.8,20.3,24.4,355
2025_08_15,281,9.37604,2710.0,443.0,20.0,15.5,347
2025_08_15,281,9.37604,2711.8,441.2,16.6,18.6,324
2025_08_15,281,9.37604,2713.9,443.0,20.3,15.8,320
2025_08_15,281,9.37604,3833.1,1515.3,13.9,19.8,288
2025_08_15,282,9.40941,487.7,869.5,30.1,23.0,689
2025_08_15,282,9.40941,973.5,1211.6,23.2,20.8,437
2025_08_15,282,9.40941,692.2,9.0,26.5,18.0,520
2025_08_15,282,9.40941,2547.7,1582.2,20.8,20.5,377
2025_08_15,282,9.40941,2339.1,2139.4,18.8,17.3,300
2025_08_15,282,9.40941,2712.1,441.7,17.5,19.7,363
2025_08_15,282,9.40941,3285.9,19.6,20.7,25.4,378
2025_08_15,282,9.40941,3356.9,2020.3,25.6,27.0,552
2025_08_15,283,9.44278,487.6,869.4,29.4,23.2,683
2025_08_15,283,9.44278,2548.3,1581.9,20.1,19.7,366
2025_08_15,283,9.44278,975.4,1210.8,20.9,19.0,362
2025_08_15,283,9.44278,693.0,9.0,26.0,18.0,530
2025_08_15,283,9.44278,2339.8,2139.5,19.2,17.1,305
2025_08_15,283,9.44278,3285.5,20.3,21.2,26.3,407
2025_08_15,283,9.44278,2714.1,442.7,19.9,19.6,386
2025_08_15,283,9.44278,3356.9,2020.3,27.5,28.5,599
2025_08_15,283,9.44278,1468.7,606.7,15.5,15.5,243
2025_08_15,284,9.47614,487.3,869.5,29.9,22.7,679
2025_08_15,284,9.47614,975.9,1210.3,20.6,19.0,361
2025_08_15,284,9.47614,2548.5,1581.8,21.3,19.6,367
2025_08_15,284,9.47614,693.1,9.6,26.7,19.2,557
2025_08_15,284,9.47614,2340.0,2139.3,19.7,17.6,312
2025_08_15,284,9.47614,3285.1,20.7,21.0,26.1,405
2025_08_15,284,9.47614,2714.0,443.8,19.9,19.1,390
2025_08_15,284,9.47614,3357.3,2020.3,27.1,30.2,634
2025_08_15,285,9.50951,487.3,869.6,28.8,22.6,654
2025_08_15,285,9.50951,976.3,1210.2,21.9,19.4,377
2025_08_15,285,9.50951,2548.6,1581.8,20.7,19.6,380
2025_08_15,285,9.50951,692.3,9.9,29.1,19.7,603
2025_08_15,285,9.50951,2340.4,2139.0,20.2,18.1,327
2025_08_15,285,9.50951,3284.7,20.9,20.5,25.6,396
2025_08_15,285,9.50951,2713.6,444.1,20.8,18.7,390
2025_08_15,286,9.54288,487.8,869.1,28.0,21.3,620
2025_08_15,286,9.54288,2548.5,1581.7,22.2,19.4,389
2025_08_15,286,9.54288,975.9,1209.8,22.5,18.9,379
2025_08_15,286,9.54288,3284.2,21.2,21.4,24.6,383
2025_08_15,286,9.54288,692.1,10.3,30.5,20.6,643
2025_08_15,286,9.54288,2714.2,444.8,19.7,18.8,354
2025_08_15,286,9.54288,2340.5,2138.7,20.6,18.6,340
2025_08_15,286,9.54288,3357.5,2019.4,25.7,30.0,700
2025_08_15,287,9.57624,487.6,868.7,28.5,20.7,607
2025_08_15,287,9.57624,2548.8,1581.7,20.6,19.4,382
2025_08_15,287,9.57624,3283.7,21.3,20.9,24.0,368
2025_08_15,287,9.57624,691.8,10.6,31.4,21.1,658
2025_08_15,287,9.57624,2714.3,445.7,19.6,19.7,413
2025_08_15,287,9.57624,976.9,1209.7,22.1,18.0,357
2025_08_15,287,9.57624,2340.8,2138.7,20.6,18.7,323
2025_08_15,287,9.57624,3357.8,2020.1,25.3,30.7,690
2025_08_15,288,9.60961,487.7,868.8,28.3,20.8,615
2025_08_15,288,9.60961,2549.1,1581.5,19.8,19.0,356
2025_08_15,288,9.60961,691.5,10.9,31.5,21.8,673
2025_08_15,288,9.60961,3283.9,21.9,20.6,23.7,366
2025_08_15,288,9.60961,2715.1,446.5,17.9,18.7,411
2025_08_15,288,9.60961,2341.2,2138.9,19.8,18.2,312
2025_08_15,288,9.60961,978.1,1210.2,22.4,18.0,357
2025_08_15,288,9.60961,3357.5,2019.2,26.1,30.1,682
2025_08_15,289,9.64298,487.6,868.7,27.8,20.2,599
2025_08_15,289,9.64298,690.8,11.2,31.1,22.0,697
2025_08_15,289,9.64298,2549.2,1580.8,19.4,17.6,340
2025_08_15,289,9.64298,3283.5,22.3,20.5,23.4,358
2025_08_15,289,9.64298,2714.9,447.1,18.9,19.9,401
2025_08_15,289,9.64298,2341.4,2139.3,19.1,17.5,296
2025_08_15,289,9.64298,3357.4,2019.7,26.7,28.7,653
2025_08_15,289,9.64298,978.7,1210.7,21.2,17.6,342
2025_08_15,290,9.67634,487.4,868.8,28.4,20.3,609
2025_08_15,290,9.67634,690.5,11.4,31.2,22.6,713
2025_08_15,290,9.67634,2549.3,1580.7,19.7,17.4,332
2025_08_15,290,9.67634,2714.7,446.7,19.4,20.1,411
2025_08_15,290,9.67634,3283.3,22.8,21.5,24.3,361
2025_08_15,290,9.67634,2341.6,2139.3,19.3,17.4,304
2025_08_15,290,9.67634,978.8,1211.6,21.9,17.3,383
2025_08_15,290,9.67634,3357.4,2019.5,27.4,30.2,654
2025_08_15,291,9.70971,487.3,869.2,27.8,20.4,608
2025_08_15,291,9.70971,690.3,11.5,30.9,23.0,716
2025_08_15,291,9.70971,2549.8,1580.4,20.0,16.8,329
2025_08_15,291,9.70971,2341.7,2139.7,18.9,16.8,293
2025_08_15,291,9.70971,3283.1,22.9,21.4,24.5,343
2025_08_15,291,9.70971,979.6,1212.1,21.5,18.1,414
2025_08_15,291,9.70971,2714.8,445.9,20.0,17.9,363
2025_08_15,291,9.70971,3356.9,2020.4,28.9,31.1,622
2025_08_15,292,9.74308,486.9,869.8,28.0,20.9,614
2025_08_15,292,9.74308,2550.0,1580.2,20.6,17.0,352
2025_08_15,292,9.74308,690.2,12.0,31.6,23.9,726
2025_08_15,292,9.74308,2714.6,444.4,19.8,17.6,386
2025_08_15,292,9.74308,979.3,1212.0,22.9,19.8,430
2025_08_15,292,9.74308,3282.8,24.4,21.4,23.9,364
2025_08_15,292,9.74308,2342.2,2139.7,18.8,16.7,302
2025_08_15,292,9.74308,3357.7,2020.8,28.3,30.8,632
2025_08_15,293,9.77644,486.5,870.2,28.4,21.0,602
2025_08_15,293,9.77644,2549.9,1580.0,20.8,17.1,366
2025_08_15,293,9.77644,979.8,1212.4,22.7,19.8,446
2025_08_15,293,9.77644,690.3,11.5,32.1,23.0,728
2025_08_15,293,9.77644,2714.7,444.1,19.0,16.5,366
2025_08_15,293,9.77644,3283.2,24.5,21.1,24.1,364
2025_08_15,293,9.77644,3357.1,2021.3,27.5,29.3,613
2025_08_15,293,9.77644,2342.8,2139.8,17.9,16.5,291
2025_08_15,294,9.80981,485.6,870.7,28.0,21.4,596
2025_08_15,294,9.80981,2550.2,1580.2,21.7,17.5,398
2025_08_15,294,9.80981,979.0,1211.9,23.6,19.9,437
2025_08_15,294,9.80981,690.7,10.2,29.9,20.4,655
2025_08_15,294,9.80981,2714.6,445.3,19.0,17.0,373
2025_08_15,294,9.80981,2343.5,2139.4,19.4,17.3,306
2025_08_15,294,9.80981,3282.8,24.7,21.6,25.3,380
2025_08_15,294,9.80981,3357.5,2021.6,27.4,29.5,586
2025_08_15,295,9.84318,485.2,870.8,27.8,21.3,599
2025_08_15,295,9.84318,2550.4,1580.6,22.7,18.8,409
2025_08_15,295,9.84318,691.4,9.9,28.6,19.8,611
2025_08_15,295,9.84318,978.4,1211.9,23.7,19.4,416
2025_08_15,295,9.84318,2714.1,445.9,19.9,19.2,442
2025_08_15,295,9.84318,3283.0,25.0,21.8,25.7,402
2025_08_15,295,9.84318,2344.1,2139.3,20.4,17.6,312
2025_08_15,295,9.84318,3356.6,2021.6,27.1,28.1,576
2025_08_15,295,9.84318,2388.3,721.9,25.5,22.8,796
2025_08_15,295,9.84318,2713.2,443.1,18.0,22.2,435
2025_08_15,296,9.87654,485.1,871.0,28.6,21.8,632
2025_08_15,296,9.87654,2550.6,1581.3,22.9,19.6,427
2025_08_15,296,9.87654,690.8,10.0,29.0,20.1,631
2025_08_15,296,9.87654,978.9,1212.3,23.6,19.5,412
2025_08_15,296,9.87654,2714.3,446.6,20.0,21.3,390
2025_08_15,296,9.87654,3282.7,25.4,22.1,26.6,420
2025_08_15,296,9.87654,2344.4,2139.3,21.0,17.7,311
2025_08_15,296,9.87654,3356.4,2021.4,26.7,28.0,588
2025_08_15,297,9.90991,484.8,871.0,29.0,22.0,625
2025_08_15,297,9.90991,2550.5,1581.0,21.8,18.8,393
2025_08_15,297,9.90991,690.1,10.6,29.9,21.2,630
2025_08_15,297,9.90991,979.4,1213.1,22.6,19.8,409
2025_08_15,297,9.90991,2714.3,447.1,20.1,21.4,361
2025_08_15,297,9.90991,3283.1,25.6,22.7,27.3,448
2025_08_15,297,9.90991,3356.5,2021.7,26.0,29.5,599
2025_08_15,297,9.90991,2344.5,2139.3,20.4,17.7,306
2025_08_15,298,9.94328,484.4,870.8,29.7,22.0,650
2025_08_15,298,9.94328,2550.9,1580.0,22.4,18.3,356
2025_08_15,298,9.94328,689.3,11.2,30.8,22.3,681
2025_08_15,298,9.94328,3356.2,2021.7,25.3,26.8,564
2025_08_15,298,9.94328,2714.9,446.7,18.5,21.2,351
2025_08_15,298,9.94328,3282.4,25.5,22.7,27.4,454
2025_08_15,298,9.94328,979.5,1213.1,22.6,19.7,423
2025_08_15,298,9.94328,2344.9,2139.3,21.6,17.9,334
2025_08_15,299,9.97664,484.4,870.8,30.7,22.4,678
2025_08_15,299,9.97664,2551.1,1579.7,21.9,17.8,355
2025_08_15,299,9.97664,688.1,11.1,30.3,22.2,668
2025_08_15,299,9.97664,2714.8,447.1,19.2,21.5,370
2025_08_15,299,9.97664,3356.4,2021.2,25.8,27.5,602
2025_08_15,299,9.97664,3282.1,25.6,22.8,27.2,458
2025_08_15,299,9.97664,2345.0,2139.1,20.9,18.1,349
2025_08_15,299,9.97664,980.0,1213.5,20.9,18.4,391
2025_08_15,300,10.01001,484.7,870.7,31.6,22.6,705
2025_08_15,300,10.01001,687.9,11.0,30.9,22.0,686
2025_08_15,300,10.01001,2551.4,1579.8,20.9,17.2,334
2025_08_15,300,10.01001,3281.4,26.0,23.0,26.4,456
2025_08_15,300,10.01001,3356.0,2022.1,27.0,26.6,602
2025_08_15,300,10.01001,2714.5,447.1,19.4,20.9,382
2025_08_15,300,10.01001,2345.5,2139.0,19.7,18.1,342
2025_08_15,300,10.01001,981.1,1213.4,19.9,17.3,357
2025_08_15,301,10.04338,484.5,870.4,30.9,21.9,683
2025_08_15,301,10.04338,2551.5,1579.7,19.6,17.4,337
2025_08_15,301,10.04338,687.5,10.8,29.3,21.7,664
2025_08_15,301,10.04338,3280.6,26.3,21.7,27.4,465
2025_08_15,301,10.04338,2714.8,446.9,18.8,20.6,351
2025_08_15,301,10.04338,3356.2,2022.5,27.0,27.5,575
2025_08_15,301,10.04338,2345.8,2138.8,20.2,18.5,337
2025_08_15,301,10.04338,981.8,1213.7,20.0,17.2,369
2025_08_15,302,10.07674,484.4,870.3,30.6,21.6,671
2025_08_15,302,10.07674,2551.7,1579.8,19.4,17.1,341
2025_08_15,302,10.07674,686.6,10.5,29.3,20.9,653
2025_08_15,302,10.07674,3280.4,26.7,21.8,26.2,451
2025_08_15,302,10.07674,2715.0,447.1,18.3,19.1,344
2025_08_15,302,10.07674,3356.9,2023.7,26.3,29.4,591
2025_08_15,302,10.07674,2346.2,2138.8,20.2,18.5,327
2025_08_15,302,10.07674,981.5,1213.9,19.0,16.1,338
2025_08_15,303,10.11011,484.0,870.1,30.4,21.0,634
2025_08_15,303,10.11011,2551.8,1579.8,18.8,16.8,327
2025_08_15,303,10.11011,3279.9,27.2,21.3,26.0,453
2025_08_15,303,10.11011,686.6,10.1,29.8,20.2,626
2025_08_15,303,10.11011,2715.4,447.4,17.4,17.6,362
2025_08_15,303,10.11011,3357.0,2025.1,25.0,28.0,576
2025_08_15,303,10.11011,2346.9,2138.7,20.7,18.6,338
2025_08_15,303,10.11011,981.7,1214.3,19.6,17.0,375
2025_08_15,304,10.14348,483.9,870.3,29.9,20.9,627
2025_08_15,304,10.14348,2551.6,1579.8,19.5,17.0,333
2025_08_15,304,10.14348,3279.7,27.4,21.7,24.8,431
2025_08_15,304,10.14348,686.5,10.2,29.8,20.4,625
2025_08_15,304,10.14348,2715.8,448.7,16.9,17.0,335
2025_08_15,304,10.14348,3357.5,2025.4,25.1,27.3,549
2025_08_15,304,10.14348,985.4,1214.0,21.6,17.9,413
2025_08_15,304,10.14348,2346.9,2139.0,19.9,18.1,328
2025_08_15,305,10.17684,483.7,870.3,30.0,21.1,636
2025_08_15,305,10.17684,2551.5,1579.9,18.7,16.4,319
2025_08_15,305,10.17684,3279.4,27.6,21.3,24.2,428
2025_08_15,305,10.17684,686.5,10.2,29.7,20.3,617
2025_08_15,305,10.17684,985.2,1214.1,21.8,18.3,432
2025_08_15,305,10.17684,2346.3,2139.1,19.8,17.8,323
2025_08_15,305,10.17684,3357.2,2026.2,26.0,27.1,567
2025_08_15,305,10.17684,2716.1,449.2,16.4,16.0,399
2025_08_15,305,10.17684,3701.7,1002.6,25.4,23.5,556
2025_08_15,306,10.21021,483.6,870.6,29.6,21.1,645
2025_08_15,306,10.21021,2551.8,1579.9,18.9,16.8,328
2025_08_15,306,10.21021,3279.2,27.4,20.8,23.8,417
2025_08_15,306,10.21021,686.0,10.5,29.0,20.9,610
2025_08_15,306,10.21021,2346.4,2139.2,19.8,17.5,331
2025_08_15,306,10.21021,985.0,1214.6,22.8,19.5,468
2025_08_15,306,10.21021,3703.0,1003.6,24.2,23.5,557
2025_08_15,306,10.21021,2716.3,450.0,16.3,15.8,436
2025_08_15,306,10.21021,3357.7,2027.1,25.5,27.4,590
2025_08_15,307,10.24358,2551.9,1579.5,19.7,17.2,348
2025_08_15,307,10.24358,483.7,870.8,29.8,21.9,651
2025_08_15,307,10.24358,3279.2,27.9,21.0,24.2,410
2025_08_15,307,10.24358,685.7,11.8,27.1,19.6,594
2025_08_15,307,10.24358,985.2,1214.4,23.3,19.9,458
2025_08_15,307,10.24358,2346.9,2139.3,20.1,17.5,318
2025_08_15,307,10.24358,3358.1,2026.8,25.3,26.9,574
2025_08_15,308,10.27694,2552.8,1579.2,20.5,17.6,352
2025_08_15,308,10.27694,483.5,870.7,28.8,22.1,654
2025_08_15,308,10.27694,3279.3,27.9,21.1,24.4,415
2025_08_15,308,10.27694,986.1,1214.1,22.6,19.0,440
2025_08_15,308,10.27694,685.4,11.8,26.0,18.5,579
2025_08_15,308,10.27694,2346.7,2139.1,21.3,17.9,314
2025_08_15,308,10.27694,3357.7,2026.5,26.6,27.9,599
2025_08_15,308,10.27694,2716.8,450.5,16.3,15.9,425
2025_08_15,309,10.31031,2553.3,1579.0,21.8,18.5,358
2025_08_15,309,10.31031,483.5,871.1,29.3,22.3,663
2025_08_15,309,10.31031,3278.9,28.6,20.9,24.5,431
2025_08_15,309,10.31031,986.9,1214.0,21.1,17.9,420
2025_08_15,309,10.31031,2347.6,2139.2,21.1,17.7,309
2025_08_15,309,10.31031,685.8,12.1,27.0,19.0,636
2025_08_15,309,10.31031,3357.7,2024.9,27.1,28.6,660
2025_08_15,309,10.31031,2717.0,451.3,16.7,16.1,419
2025_08_15,310,10.34368,483.3,870.9,28.3,22.0,647
2025_08_15,310,10.34368,2553.5,1579.1,21.8,18.5,371
2025_08_15,310,10.34368,3278.7,29.0,21.2,24.7,444
2025_08_15,310,10.34368,987.1,1213.7,20.9,18.5,409
2025_08_15,310,10.34368,685.6,13.1,27.8,19.3,633
2025_08_15,310,10.34368,2348.1,2139.2,21.3,17.9,319
2025_08_15,310,10.34368,3357.2,2023.5,27.5,30.5,693
2025_08_15,310,10.34368,2716.0,451.2,17.1,16.6,506
2025_08_15,311,10.37704,483.1,871.0,29.0,21.8,656
2025_08_15,311,10.37704,2553.4,1578.9,21.3,18.6,361
2025_08_15,311,10.37704,3278.4,29.3,21.3,25.0,440
2025_08_15,311,10.37704,987.5,1212.8,20.7,19.0,389
2025_08_15,311,10.37704,685.8,14.0,28.9,19.4,646
2025_08_15,311,10.37704,2348.7,2139.4,21.3,17.5,316
2025_08_15,311,10.37704,3356.8,2023.5,28.1,29.5,715
2025_08_15,311,10.37704,2716.3,452.3,16.6,16.8,474
2025_08_15,312,10.41041,482.6,871.0,29.1,22.0,635
2025_08_15,312,10.41041,2553.3,1577.9,20.5,17.3,357
2025_08_15,312,10.41041,987.7,1212.7,21.1,19.3,391
2025_08_15,312,10.41041,3278.3,29.7,21.6,24.6,450
2025_08_15,312,10.41041,685.9,14.3,28.6,19.4,616
2025_08_15,312,10.41041,2715.7,452.6,16.9,17.5,439
2025_08_15,312,10.41041,3356.4,2024.4,28.4,29.1,666
2025_08_15,312,10.41041,2349.0,2139.7,20.9,16.8,302
2025_08_15,313,10.44378,482.5,871.0,28.8,21.7,622
2025_08_15,313,10.44378,2554.1,1577.4,19.5,16.9,340
2025_08_15,313,10.44378,987.7,1213.0,22.4,20.1,432
2025_08_15,313,10.44378,3278.2,30.3,22.0,25.2,453
2025_08_15,313,10.44378,686.1,14.7,28.1,19.7,527
2025_08_15,313,10.44378,3356.4,2024.3,29.1,30.3,689
2025_08_15,313,10.44378,2715.5,452.3,17.4,18.3,458
2025_08_15,313,10.44378,2349.8,2139.6,22.2,16.9,304
2025_08_15,314,10.47714,482.0,871.3,29.2,21.6,635
2025_08_15,314,10.47714,2554.9,1577.5,19.8,16.6,312
2025_08_15,314,10.47714,987.3,1212.8,22.0,19.3,418
2025_08_15,314,10.47714,3278.1,31.0,22.1,25.3,462
2025_08_15,314,10.47714,685.7,15.2,28.5,19.9,491
2025_08_15,314,10.47714,3356.7,2025.2,28.9,30.0,648
2025_08_15,314,10.47714,2714.8,451.4,19.0,20.1,511
2025_08_15,314,10.47714,2350.4,2139.9,20.8,16.5,306
2025_08_15,315,10.51051,482.2,871.5,27.9,20.8,612
2025_08_15,315,10.51051,2555.7,1577.3,19.2,16.4,310
2025_08_15,315,10.51051,987.5,1213.7,21.7,19.5,434
2025_08_15,315,10.51051,3278.0,31.6,22.9,26.1,486
2025_08_15,315,10.51051,686.1,15.8,29.4,20.8,572
2025_08_15,315,10.51051,3356.9,2025.3,28.9,29.0,643
2025_08_15,315,10.51051,2350.7,2139.2,21.4,17.7,359
2025_08_15,316,10.54388,2556.0,1577.4,19.8,16.9,314
2025_08_15,316,10.54388,481.5,871.6,27.2,20.2,572
2025_08_15,316,10.54388,685.8,16.5,29.7,22.1,603
2025_08_15,316,10.54388,987.6,1214.0,21.1,19.4,382
2025_08_15,316,10.54388,3278.0,32.0,22.9,26.4,494
2025_08_15,316,10.54388,3357.8,2025.1,28.6,28.5,611
2025_08_15,316,10.54388,2353.1,2138.7,21.9,18.6,342
2025_08_15,316,10.54388,2717.1,451.5,22.0,21.7,433
2025_08_15,317,10.57724,481.5,871.8,26.6,19.9,567
2025_08_15,317,10.57724,2556.4,1577.6,19.9,16.6,326
2025_08_15,317,10.57724,685.9,16.1,30.0,23.0,671
2025_08_15,317,10.57724,3278.1,32.1,22.5,25.2,473
2025_08_15,317,10.57724,3357.0,2025.2,28.0,27.4,603
2025_08_15,317,10.57724,2717.0,450.6,20.9,21.5,419
2025_08_15,317,10.57724,988.1,1213.2,20.0,17.8,363
2025_08_15,317,10.57724,2352.9,2138.7,22.4,18.6,363
2025_08_15,318,10.61061,2556.8,1577.8,20.2,17.1,360
2025_08_15,318,10.61061,481.1,871.8,26.8,20.0,564
2025_08_15,318,10.61061,685.3,15.8,30.5,24.0,738
2025_08_15,318,10.61061,2716.5,449.2,18.6,18.3,377
2025_08_15,318,10.61061,3277.6,32.3,22.2,25.0,465
2025_08_15,318,10.61061,2352.7,2138.6,22.9,18.9,388
2025_08_15,318,10.61061,3357.8,2025.5,26.8,26.2,547
2025_08_15,318,10.61061,987.9,1213.1,21.0,17.4,380
2025_08_15,319,10.64398,481.3,871.5,26.1,20.4,549
2025_08_15,319,10.64398,2556.8,1577.8,20.2,17.5,367
2025_08_15,319,10.64398,684.7,15.4,31.3,24.9,795
2025_08_15,319,10.64398,2716.7,447.8,17.1,16.4,339
2025_08_15,319,10.64398,3277.3,32.5,21.8,25.4,455
2025_08_15,319,10.64398,2351.1,2138.7,23.2,18.7,388
2025_08_15,319,10.64398,3357.7,2025.4,25.7,26.1,501
2025_08_15,320,10.67734,481.5,871.2,27.3,21.7,594
2025_08_15,320,10.67734,2556.9,1578.1,19.8,17.0,369
2025_08_15,320,10.67734,684.2,15.8,31.0,24.5,796
2025_08_15,320,10.67734,2716.8,448.7,16.2,15.9,311
2025_08_15,320,10.67734,3277.0,32.9,21.8,25.4,439
2025_08_15,320,10.67734,2352.9,2138.9,22.3,18.2,357
2025_08_15,320,10.67734,3358.0,2026.3,25.4,25.2,520
2025_08_15,321,10.71071,481.9,870.9,28.8,22.4,641
2025_08_15,321,10.71071,2556.6,1577.8,20.4,17.3,376
2025_08_15,321,10.71071,684.5,16.0,30.5,24.1,771
2025_08_15,321,10.71071,2716.9,449.2,15.9,16.1,324
2025_08_15,321,10.71071,3277.0,33.2,22.3,25.1,438
2025_08_15,321,10.71071,3357.7,2026.3,25.3,25.6,508
2025_08_15,321,10.71071,2353.6,2139.0,21.0,18.0,345
2025_08_15,321,10.71071,990.3,1214.1,20.0,17.5,339
2025_08_15,322,10.74408,482.0,870.9,29.8,22.6,678
2025_08_15,322,10.74408,2556.5,1577.6,20.3,17.2,361
2025_08_15,322,10.74408,684.7,15.6,30.5,23.7,783
2025_08_15,322,10.74408,2717.4,450.5,16.4,16.5,318
2025_08_15,322,10.74408,3277.3,33.3,22.0,24.7,463
2025_08_15,322,10.74408,991.6,1214.6,19.6,17.7,381
2025_08_15,322,10.74408,3357.8,2026.3,26.4,27.3,538
2025_08_15,322,10.74408,2353.9,2139.3,20.4,17.5,318
2025_08_15,323,10.77744,481.5,871.1,30.2,22.8,691
2025_08_15,323,10.77744,2556.4,1577.2,21.1,16.9,353
2025_08_15,323,10.77744,3277.1,33.7,21.7,24.6,460
2025_08_15,323,10.77744,2717.6,452.0,17.9,17.1,297
2025_08_15,323,10.77744,991.5,1214.3,21.8,19.1,414
2025_08_15,323,10.77744,684.8,13.7,29.6,21.3,686
2025_08_15,323,10.77744,3357.6,2026.1,25.4,26.5,556
2025_08_15,323,10.77744,2354.1,2139.3,19.9,17.4,303
2025_08_15,324,10.81081,481.4,871.0,29.9,22.5,686
2025_08_15,324,10.81081,2556.5,1577.0,21.5,17.3,366
2025_08_15,324,10.81081,991.5,1215.3,21.7,19.6,403
2025_08_15,324,10.81081,2718.3,452.5,16.9,17.2,263
2025_08_15,324,10.81081,3277.4,34.0,21.9,25.5,450
2025_08_15,324,10.81081,684.5,13.2,29.9,20.4,701
2025_08_15,324,10.81081,2354.7,2139.6,18.6,16.9,285
2025_08_15,324,10.81081,3357.7,2026.0,25.1,27.2,588
2025_08_15,325,10.84418,2557.1,1576.7,21.6,17.5,352
2025_08_15,325,10.84418,481.2,871.3,29.7,22.6,680
2025_08_15,325,10.84418,990.8,1215.9,23.7,20.3,419
2025_08_15,325,10.84418,3277.5,34.4,22.1,25.6,463
2025_08_15,325,10.84418,2719.3,453.7,18.3,19.5,265
2025_08_15,325,10.84418,684.1,13.2,29.6,20.5,683
2025_08_15,325,10.84418,2354.8,2139.5,18.6,17.0,279
2025_08_15,325,10.84418,3358.3,2026.2,24.3,27.1,580
2025_08_15,326,10.87754,2557.2,1576.4,21.3,17.5,358
2025_08_15,326,10.87754,991.0,1216.7,23.0,19.7,397
2025_08_15,326,10.87754,480.9,871.7,30.0,21.9,668
2025_08_15,326,10.87754,3277.4,35.1,22.3,25.7,466
2025_08_15,326,10.87754,683.6,13.5,30.7,21.3,701
2025_08_15,326,10.87754,2720.0,454.0,17.7,20.0,253
2025_08_15,326,10.87754,3358.2,2027.4,24.6,26.5,573
2025_08_15,326,10.87754,2355.1,2139.7,18.0,16.7,282
2025_08_15,326,10.87754,2720.0,457.3,17.0,21.3,250
2025_08_15,327,10.91091,2557.9,1576.3,21.5,17.7,365
2025_08_15,327,10.91091,990.8,1217.0,23.2,20.1,435
2025_08_15,327,10.91091,3276.9,35.3,22.3,26.7,488
2025_08_15,327,10.91091,481.0,871.9,29.1,21.5,629
2025_08_15,327,10.91091,682.6,13.4,30.3,22.1,650
2025_08_15,327,10.91091,3358.2,2027.8,24.5,25.8,559
2025_08_15,327,10.91091,2355.5,2139.9,17.6,16.3,264
2025_08_15,327,10.91091,2720.2,454.2,17.8,20.4,298
2025_08_15,327,10.91091,2720.1,457.7,17.4,20.5,296
2025_08_15,328,10.94428,2557.9,1575.9,21.9,18.3,370
2025_08_15,328,10.94428,3276.8,36.0,22.4,27.3,487
2025_08_15,328,10.94428,681.8,13.5,29.9,22.4,611
2025_08_15,328,10.94428,480.8,871.9,28.9,20.6,604
2025_08_15,328,10.94428,991.0,1216.3,24.2,19.5,395
2025_08_15,328,10.94428,2355.7,2139.8,17.9,16.4,268
2025_08_15,328,10.94428,2720.0,454.0,18.1,20.0,355
2025_08_15,328,10.94428,3358.6,2027.8,25.3,26.4,571
2025_08_15,328,10.94428,2720.1,457.3,17.4,21.3,342
2025_08_15,328,10.94428,2377.8,728.7,26.7,23.1,647
2025_08_15,329,10.97764,2558.4,1575.8,22.9,18.5,380
2025_08_15,329,10.97764,680.9,13.5,29.0,22.1,630
2025_08_15,329,10.97764,3276.4,36.6,22.3,27.5,514
2025_08_15,329,10.97764,480.7,871.8,28.5,20.1,581
2025_08_15,329,10.97764,993.5,1215.6,21.0,17.8,471
2025_08_15,329,10.97764,2356.1,2140.0,18.4,16.1,280
2025_08_15,329,10.97764,3361.1,2028.1,26.1,26.9,586
2025_08_15,329,10.97764,2720.5,454.3,17.0,20.5,376
2025_08_15,330,11.01101,680.7,13.4,28.2,21.3,608
2025_08_15,330,11.01101,2558.5,1575.9,22.7,18.0,381
2025_08_15,330,11.01101,3276.4,36.9,22.1,26.5,526
2025_08_15,330,11.01101,480.8,872.2,27.9,19.2,550
2025_08_15,330,11.01101,2356.3,2139.6,19.5,16.9,289
2025_08_15,330,11.01101,3361.0,2028.7,26.7,27.8,605
2025_08_15,330,11.01101,993.7,1215.9,19.4,16.9,295
2025_08_15,330,11.01101,2719.1,453.6,17.1,19.3,367
2025_08_15,331,11.04438,680.3,14.1,27.7,21.0,574
2025_08_15,331,11.04438,2558.9,1575.9,22.3,18.2,374
2025_08_15,331,11.04438,3275.7,37.5,22.2,28.1,481
2025_08_15,331,11.04438,480.3,872.5,27.7,19.6,535
2025_08_15,331,11.04438,3361.5,2029.4,27.1,29.7,640
2025_08_15,331,11.04438,2355.9,2139.3,19.4,17.4,294
2025_08_15,331,11.04438,994.2,1215.4,21.2,18.9,341
2025_08_15,331,11.04438,2719.1,454.4,17.8,20.8,392
2025_08_15,332,11.07774,2559.0,1576.0,22.1,18.3,368
2025_08_15,332,11.07774,680.3,13.8,28.1,20.9,590
2025_08_15,332,11.07774,3275.7,37.5,22.1,28.1,504
2025_08_15,332,11.07774,994.1,1214.4,21.1,19.4,390
2025_08_15,332,11.07774,478.7,872.9,27.7,19.4,524
2025_08_15,332,11.07774,3361.6,2030.2,26.7,30.1,639
2025_08_15,332,11.07774,2356.1,2139.5,19.4,17.1,293
2025_08_15,333,11.11111,2559.7,1575.9,21.6,18.2,361
2025_08_15,333,11.11111,680.1,14.0,29.2,21.3,618
2025_08_15,333,11.11111,995.4,1214.6,21.9,19.9,393
2025_08_15,333,11.11111,3275.6,37.2,21.6,26.8,474
2025_08_15,333,11.11111,478.9,873.0,28.2,20.0,521
2025_08_15,333,11.11111,3361.3,2031.0,25.9,29.4,646
2025_08_15,333,11.11111,2356.0,2139.7,20.5,16.7,308
2025_08_15,334,11.14448,2559.7,1575.6,21.8,18.3,371
2025_08_15,334,11.14448,679.9,14.8,30.0,20.7,620
2025_08_15,334,11.14448,3275.4,37.0,21.9,26.0,457
2025_08_15,334,11.14448,996.4,1214.8,21.0,19.6,398
2025_08_15,334,11.14448,478.5,872.9,28.6,20.3,555
2025_08_15,334,11.14448,2356.7,2139.7,21.1,16.9,325
2025_08_15,334,11.14448,3361.1,2031.0,25.5,29.0,595
2025_08_15,335,11.17784,2559.7,1575.5,21.0,18.1,371
2025_08_15,335,11.17784,679.6,15.1,31.0,21.7,628
2025_08_15,335,11.17784,996.9,1214.4,21.3,19.5,410
2025_08_15,335,11.17784,3275.2,37.3,21.3,25.7,437
2025_08_15,335,11.17784,478.5,872.6,29.2,20.6,582
2025_08_15,335,11.17784,2358.2,2139.5,20.5,17.3,339
2025_08_15,335,11.17784,3359.0,2029.7,24.7,26.5,542
2025_08_15,336,11.21121,2559.8,1575.3,20.9,17.6,368
2025_08_15,336,11.21121,478.4,871.7,29.9,21.9,633
2025_08_15,336,11.21121,679.6,15.4,31.9,22.2,687
2025_08_15,336,11.21121,997.3,1214.4,21.2,19.2,396
2025_08_15,336,11.21121,3275.5,37.6,21.3,25.2,445
2025_08_15,336,11.21121,2358.5,2139.6,21.9,17.8,387
2025_08_15,336,11.21121,3358.8,2028.9,24.2,23.9,481
2025_08_15,337,11.24458,478.3,871.6,30.7,22.3,670
2025_08_15,337,11.24458,2560.3,1575.4,21.5,17.6,352
2025_08_15,337,11.24458,998.2,1214.0,20.1,17.9,353
2025_08_15,337,11.24458,679.4,15.4,33.1,22.4,686
2025_08_15,337,11.24458,2358.9,2139.4,22.5,18.1,392
2025_08_15,337,11.24458,3275.5,37.7,20.3,24.0,440
2025_08_15,337,11.24458,3358.5,2029.0,24.6,24.2,510
2025_08_15,338,11.27794,478.0,871.7,31.1,23.3,690
2025_08_15,338,11.27794,2560.5,1575.4,21.6,17.6,352
2025_08_15,338,11.27794,997.6,1214.6,20.1,17.5,330
2025_08_15,338,11.27794,679.2,15.2,32.2,22.4,662
2025_08_15,338,11.27794,2359.2,2139.2,22.5,18.2,357
2025_08_15,338,11.27794,3275.5,38.0,20.4,24.9,442
2025_08_15,338,11.27794,3358.3,2028.8,24.5,23.7,484
2025_08_15,339,11.31131,477.5,871.9,31.6,22.9,694
2025_08_15,339,11.31131,2561.1,1575.4,21.7,17.4,352
2025_08_15,339,11.31131,679.1,15.8,33.2,22.6,694
2025_08_15,339,11.31131,997.9,1214.6,19.6,17.4,320
2025_08_15,339,11.31131,2359.5,2138.8,21.8,18.6,339
2025_08_15,339,11.31131,3358.3,2029.4,24.3,24.1,500
2025_08_15,339,11.31131,3275.3,38.1,20.3,24.3,413
2025_08_15,340,11.34468,2560.9,1575.2,21.3,16.7,349
2025_08_15,340,11.34468,477.0,871.6,31.2,22.4,672
2025_08_15,340,11.34468,679.2,15.9,32.5,22.2,625
2025_08_15,340,11.34468,998.0,1215.2,19.3,16.7,330
2025_08_15,340,11.34468,2359.5,2138.8,21.7,18.7,337
2025_08_15,340,11.34468,3275.1,38.2,20.4,24.5,398
2025_08_15,340,11.34468,3358.6,2029.5,24.7,25.3,560
2025_08_15,340,11.34468,2721.8,458.5,16.2,19.1,335
2025_08_15,341,11.37804,476.4,871.6,30.1,21.9,631
2025_08_15,341,11.37804,2561.3,1575.1,20.9,16.8,343
2025_08_15,341,11.37804,678.7,16.8,32.2,21.4,597
2025_08_15,341,11.37804,998.9,1215.4,20.0,17.2,341
2025_08_15,341,11.37804,3274.7,38.4,21.0,24.6,408
2025_08_15,341,11.37804,2359.9,2139.3,20.4,17.8,336
2025_08_15,341,11.37804,3359.0,2029.7,26.3,27.4,616
2025_08_15,341,11.37804,2721.7,458.3,17.2,19.4,350
2025_08_15,342,11.41141,2561.2,1575.1,20.6,16.3,334
2025_08_15,342,11.41141,475.9,871.4,28.8,21.0,586
2025_08_15,342,11.41141,678.5,16.9,29.9,20.5,479
2025_08_15,342,11.41141,999.4,1216.3,20.1,17.1,325
2025_08_15,342,11.41141,2359.9,2139.2,19.5,17.7,327
2025_08_15,342,11.41141,3361.4,2029.2,27.9,30.3,675
2025_08_15,342,11.41141,3274.3,38.9,20.8,24.9,394
2025_08_15,342,11.41141,2721.7,458.1,18.0,19.8,334
2025_08_15,343,11.44478,475.5,871.7,28.9,21.2,574
2025_08_15,343,11.44478,678.2,17.1,28.7,19.9,469
2025_08_15,343,11.44478,2561.7,1575.1,21.0,16.5,344
2025_08_15,343,11.44478,999.9,1217.0,19.8,17.0,320
2025_08_15,343,11.44478,2360.0,2139.0,19.8,18.0,315
2025_08_15,343,11.44478,2721.5,457.7,18.5,20.6,385
2025_08_15,343,11.44478,3361.3,2029.7,28.8,31.7,701
2025_08_15,343,11.44478,3274.2,39.3,21.0,26.0,411
2025_08_15,344,11.47814,2562.2,1575.2,20.8,16.7,350
2025_08_15,344,11.47814,678.5,16.8,27.9,20.5,438
2025_08_15,344,11.47814,1000.4,1216.6,20.5,18.7,364
2025_08_15,344,11.47814,475.6,872.1,28.4,21.2,550
2025_08_15,344,11.47814,2719.3,454.0,14.4,20.1,302
2025_08_15,344,11.47814,2360.4,2139.1,19.6,17.9,308
2025_08_15,344,11.47814,3361.1,2030.0,29.4,32.5,731
2025_08_15,344,11.47814,2719.8,457.8,14.7,20.5,305
2025_08_15,344,11.47814,3274.4,39.6,20.8,25.5,427
2025_08_15,345,11.51151,2563.2,1574.7,21.2,17.7,362
2025_08_15,345,11.51151,678.8,17.1,27.2,20.0,432
2025_08_15,345,11.51151,1001.0,1217.1,20.7,19.6,377
2025_08_15,345,11.51151,476.0,871.8,28.6,20.7,560
2025_08_15,345,11.51151,2361.1,2139.2,19.6,17.6,288
2025_08_15,345,11.51151,2721.0,457.8,16.7,20.4,307
2025_08_15,345,11.51151,3360.9,2030.4,28.6,34.2,793
2025_08_15,345,11.51151,3274.3,40.3,20.6,25.0,439
2025_08_15,346,11.54488,678.7,17.9,27.9,20.4,439
2025_08_15,346,11.54488,2563.2,1574.4,21.6,18.2,377
2025_08_15,346,11.54488,475.9,871.9,28.0,20.3,541
2025_08_15,346,11.54488,1000.9,1217.1,20.3,19.3,367
2025_08_15,346,11.54488,3274.7,41.3,21.8,25.9,469
2025_08_15,346,11.54488,2722.2,457.7,18.1,20.5,301
2025_08_15,346,11.54488,2361.4,2139.6,19.0,16.9,278
2025_08_15,346,11.54488,3360.9,2029.9,27.4,32.5,741
2025_08_15,347,11.57824,678.6,18.0,28.9,20.6,419
2025_08_15,347,11.57824,2563.9,1574.3,21.7,18.4,384
2025_08_15,347,11.57824,3274.6,41.6,21.9,25.8,486
2025_08_15,347,11.57824,1001.1,1217.6,20.4,18.7,347
2025_08_15,347,11.57824,476.3,872.1,27.2,19.8,524
2025_08_15,347,11.57824,2361.7,2139.8,18.8,16.6,276
2025_08_15,347,11.57824,2722.5,457.9,18.8,20.2,299
2025_08_15,347,11.57824,3361.5,2029.7,27.1,30.2,681
2025_08_15,348,11.61161,678.1,17.9,30.5,21.4,459
2025_08_15,348,11.61161,2563.8,1574.5,21.9,18.4,391
2025_08_15,348,11.61161,3274.8,41.8,22.9,26.4,501
2025_08_15,348,11.61161,1000.6,1218.0,20.5,18.8,338
2025_08_15,348,11.61161,476.1,872.2,27.0,20.1,522
2025_08_15,348,11.61161,2722.9,458.5,18.0,19.0,275
2025_08_15,348,11.61161,2362.5,2139.9,19.2,16.4,269
2025_08_15,348,11.61161,3361.8,2029.5,26.9,28.7,652
2025_08_15,349,11.64498,677.5,18.3,31.6,22.4,528
2025_08_15,349,11.64498,2564.2,1574.6,21.8,17.9,376
2025_08_15,349,11.64498,3274.6,42.0,22.9,25.7,513
2025_08_15,349,11.64498,476.0,873.1,27.3,20.8,527
2025_08_15,349,11.64498,2723.6,458.5,18.0,19.0,311
2025_08_15,349,11.64498,2362.8,2140.0,18.9,16.2,264
2025_08_15,349,11.64498,3361.9,2029.3,27.1,28.3,628
2025_08_15,349,11.64498,1000.1,1218.1,20.3,18.6,288
2025_08_15,350,11.67835,677.2,17.6,32.1,23.7,644
2025_08_15,350,11.67835,2563.9,1574.0,20.4,17.1,356
2025_08_15,350,11.67835,475.6,873.1,26.6,20.6,519
2025_08_15,350,11.67835,3274.1,41.9,23.1,25.1,490
2025_08_15,350,11.67835,2723.5,459.1,18.2,18.1,285
2025_08_15,350,11.67835,2363.5,2140.0,19.2,16.3,277
2025_08_15,350,11.67835,3361.6,2029.4,26.3,27.7,585
2025_08_15,350,11.67835,1000.0,1217.0,20.0,18.2,310
2025_08_15,351,11.71171,676.7,17.0,32.7,23.9,629
2025_08_15,351,11.71171,2564.1,1573.4,20.5,16.5,332
2025_08_15,351,11.71171,475.6,873.6,27.0,21.1,538
2025_08_15,351,11.71171,3274.1,42.2,22.6,24.5,482
2025_08_15,351,11.71171,1001.6,1215.7,22.7,20.9,413
2025_08_15,351,11.71171,2723.3,458.7,17.8,18.7,320
2025_08_15,351,11.71171,3361.3,2029.3,24.8,26.3,543
2025_08_15,351,11.71171,2364.0,2140.0,18.8,16.2,277
2025_08_15,351,11.71171,2372.1,729.2,24.3,23.3,723
2025_08_15,352,11.74508,676.5,17.2,32.6,23.7,703
2025_08_15,352,11.74508,475.4,873.6,27.4,21.7,568
2025_08_15,352,11.74508,3273.8,42.6,22.6,24.0,454
2025_08_15,352,11.74508,2564.6,1573.1,20.3,16.4,318
2025_08_15,352,11.74508,1003.4,1215.3,21.9,20.2,410
2025_08_15,352,11.74508,3360.9,2029.8,23.8,26.0,525
2025_08_15,352,11.74508,2722.7,458.6,16.7,18.8,278
2025_08_15,352,11.74508,2364.2,2140.0,18.7,16.4,284
2025_08_15,352,11.74508,2722.7,455.0,16.7,22.0,297
2025_08_15,353,11.77845,676.0,16.8,31.9,23.4,764
2025_08_15,353,11.77845,475.1,873.8,28.2,22.4,612
2025_08_15,353,11.77845,3273.5,43.2,22.0,23.4,416
2025_08_15,353,11.77845,2564.8,1573.7,20.3,16.9,325
2025_08_15,353,11.77845,1002.8,1215.6,20.8,19.6,546
2025_08_15,353,11.77845,2722.4,458.6,15.6,18.8,247
2025_08_15,353,11.77845,3361.0,2030.0,24.0,26.4,542
2025_08_15,353,11.77845,2364.9,2140.1,19.4,17.0,273
2025_08_15,354,11.81181,675.8,15.6,31.3,23.0,722
2025_08_15,354,11.81181,474.9,874.0,29.5,22.9,646
2025_08_15,354,11.81181,1002.6,1216.5,21.2,19.1,415
2025_08_15,354,11.81181,2565.1,1573.8,20.8,17.4,329
2025_08_15,354,11.81181,3273.2,43.5,22.1,23.3,413
2025_08_15,354,11.81181,3361.1,2031.0,23.5,25.1,528
2025_08_15,354,11.81181,2722.5,458.8,15.9,18.5,249
2025_08_15,354,11.81181,2364.9,2139.6,19.1,17.1,293
2025_08_15,355,11.84518,474.3,874.0,31.4,24.2,713
2025_08_15,355,11.84518,675.3,15.8,29.6,22.1,685
2025_08_15,355,11.84518,1002.2,1217.0,22.1,20.0,416
2025_08_15,355,11.84518,3361.4,2032.2,22.5,23.5,498
2025_08_15,355,11.84518,2566.0,1573.8,20.2,17.3,333
2025_08_15,355,11.84518,2722.5,459.0,16.5,18.1,274
2025_08_15,355,11.84518,3273.4,44.2,21.3,22.8,441
2025_08_15,355,11.84518,2365.6,2139.4,18.7,17.5,283
2025_08_15,356,11.87855,473.6,873.8,31.8,24.3,750
2025_08_15,356,11.87855,674.9,15.9,28.7,21.4,597
2025_08_15,356,11.87855,3361.9,2032.7,23.2,23.1,490
2025_08_15,356,11.87855,2723.0,459.6,17.3,18.1,317
2025_08_15,356,11.87855,2566.0,1573.3,20.2,17.4,340
2025_08_15,356,11.87855,1001.6,1217.1,22.2,19.6,369
2025_08_15,356,11.87855,3273.3,44.7,21.8,24.2,446
2025_08_15,356,11.87855,2365.7,2139.6,18.4,17.0,282
2025_08_15,357,11.91191,674.4,15.9,27.5,20.7,534
2025_08_15,357,11.91191,473.8,873.7,32.2,24.0,739
2025_08_15,357,11.91191,2723.6,460.1,18.2,17.8,330
2025_08_15,357,11.91191,3362.6,2034.0,23.4,23.5,502
2025_08_15,357,11.91191,2566.1,1573.1,20.4,17.5,362
2025_08_15,357,11.91191,3273.5,45.5,21.9,24.6,460
2025_08_15,357,11.91191,2366.2,2139.7,18.8,16.7,291
2025_08_15,357,11.91191,1001.7,1217.3,21.7,18.5,351
2025_08_15,358,11.94528,674.3,15.8,27.4,20.3,521
2025_08_15,358,11.94528,473.5,873.4,32.6,23.7,733
2025_08_15,358,11.94528,3362.9,2034.9,22.8,23.2,481
2025_08_15,358,11.94528,2724.3,461.1,19.6,18.7,355
2025_08_15,358,11.94528,2566.0,1573.5,20.1,17.5,367
2025_08_15,358,11.94528,3273.8,45.5,21.9,25.8,483
2025_08_15,358,11.94528,2366.6,2139.7,18.6,16.6,284
2025_08_15,359,11.97865,673.7,16.4,27.2,20.4,380
2025_08_15,359,11.97865,473.6,873.3,31.9,23.3,722
2025_08_15,359,11.97865,2725.0,461.7,20.8,20.1,393
2025_08_15,359,11.97865,2566.2,1573.6,20.7,17.6,388
2025_08_15,359,11.97865,3363.1,2035.5,23.4,25.3,516
2025_08_15,359,11.97865,2367.0,2139.8,19.2,16.5,302
2025_08_15,359,11.97865,3273.6,46.0,21.2,25.5,451
2025_08_15,360,12.01201,673.6,16.5,27.6,20.1,352
2025_08_15,360,12.01201,473.0,873.0,30.8,22.4,682
2025_08_15,360,12.01201,2566.3,1573.7,20.7,17.7,419
2025_08_15,360,12.01201,3273.5,46.3,22.1,25.7,494
2025_08_15,360,12.01201,2367.8,2139.7,19.4,16.6,320
2025_08_15,360,12.01201,2724.9,461.3,20.8,18.9,413
2025_08_15,360,12.01201,1005.9,1215.8,19.9,16.7,345
2025_08_15,360,12.01201,3362.6,2035.3,23.4,26.6,554
2025_08_15,361,12.04538,673.6,17.1,28.5,21.0,396
2025_08_15,361,12.04538,473.1,872.4,28.8,21.3,609
2025_08_15,361,12.04538,2566.4,1573.8,20.8,17.5,405
2025_08_15,361,12.04538,2367.6,2139.8,19.1,16.4,311
2025_08_15,361,12.04538,1006.4,1216.3,20.9,17.6,373
2025_08_15,361,12.04538,3273.4,46.8,21.5,25.9,486
2025_08_15,361,12.04538,2725.8,462.2,22.4,20.9,449
2025_08_15,362,12.07875,471.9,872.5,27.1,20.2,550
2025_08_15,362,12.07875,672.9,17.7,30.2,22.0,448
2025_08_15,362,12.07875,2566.4,1573.7,20.9,17.5,394
2025_08_15,362,12.07875,2367.9,2139.8,20.0,16.6,323
2025_08_15,362,12.07875,3273.3,47.0,21.7,25.9,494
2025_08_15,362,12.07875,1006.5,1216.5,20.9,17.6,361
2025_08_15,363,12.11211,471.5,872.8,26.8,20.6,550
2025_08_15,363,12.11211,672.9,17.8,31.4,22.3,476
2025_08_15,363,12.11211,2566.4,1573.7,20.7,17.5,389
2025_08_15,363,12.11211,2367.9,2139.8,20.1,16.6,336
2025_08_15,363,12.11211,1006.8,1217.1,21.7,18.1,388
2025_08_15,363,12.11211,3273.1,47.2,21.8,25.8,502
2025_08_15,364,12.14548,470.8,873.0,27.0,20.5,539
2025_08_15,364,12.14548,672.8,18.0,31.1,21.5,450
2025_08_15,364,12.14548,2566.4,1573.7,20.8,17.5,373
2025_08_15,364,12.14548,2368.1,2139.7,19.5,16.8,322
2025_08_15,364,12.14548,1006.7,1218.0,21.4,17.6,360
2025_08_15,364,12.14548,2368.5,730.9,23.9,21.0,527
2025_08_15,364,12.14548,3272.2,48.4,22.5,25.7,488
2025_08_15,364,12.14548,3709.5,1021.6,27.1,26.8,823
2025_08_15,365,12.17885,470.6,873.3,26.6,20.6,537
2025_08_15,365,12.17885,672.4,18.9,32.0,22.6,513
2025_08_15,365,12.17885,1006.5,1218.6,21.9,18.0,365
2025_08_15,365,12.17885,2368.4,2139.9,19.8,16.6,325
2025_08_15,365,12.17885,2566.8,1573.7,21.5,17.8,377
2025_08_15,365,12.17885,3272.4,47.2,21.4,24.6,491
2025_08_15,365,12.17885,3362.2,2031.1,26.6,30.2,649
2025_08_15,365,12.17885,2368.2,731.5,23.3,20.2,515
2025_08_15,366,12.21221,470.7,873.2,27.7,20.8,556
2025_08_15,366,12.21221,672.2,19.1,31.9,22.0,507
2025_08_15,366,12.21221,2367.8,731.2,22.6,19.5,525
2025_08_15,366,12.21221,2569.1,1572.7,22.0,18.4,399
2025_08_15,366,12.21221,3362.3,2031.5,28.1,28.5,669
2025_08_15,366,12.21221,3272.0,48.5,22.4,24.4,461
2025_08_15,366,12.21221,2369.2,2139.9,19.2,16.6,321
2025_08_15,366,12.21221,1006.7,1218.9,21.6,17.7,341
2025_08_15,366,12.21221,2725.8,460.7,17.9,16.1,416
2025_08_15,367,12.24558,470.6,873.4,28.3,21.1,585
2025_08_15,367,12.24558,671.9,18.9,32.2,22.5,504
2025_08_15,367,12.24558,2366.2,733.0,24.2,19.8,606
2025_08_15,367,12.24558,2569.4,1572.0,21.3,17.5,404
2025_08_15,367,12.24558,2725.9,462.2,16.8,15.8,355
2025_08_15,367,12.24558,3362.8,2031.9,28.1,28.6,645
2025_08_15,367,12.24558,3271.5,48.4,20.7,23.9,426
2025_08_15,367,12.24558,1008.9,1220.0,22.7,19.1,351
2025_08_15,367,12.24558,2369.5,2139.6,18.8,17.0,316
2025_08_15,368,12.27895,470.5,873.2,28.3,21.1,619
2025_08_15,368,12.27895,671.0,18.5,32.9,22.4,552
2025_08_15,368,12.27895,2569.4,1571.6,21.5,18.0,409
2025_08_15,368,12.27895,2364.9,733.9,24.1,19.8,578
2025_08_15,368,12.27895,2726.4,462.4,17.4,17.2,374
2025_08_15,368,12.27895,3363.1,2032.7,28.8,29.3,666
2025_08_15,368,12.27895,3271.6,48.6,21.7,23.9,428
2025_08_15,368,12.27895,2370.0,2139.8,19.1,16.8,304
2025_08_15,368,12.27895,1009.1,1220.0,21.9,16.8,280
2025_08_15,369,12.31231,469.9,873.4,29.4,21.4,636
2025_08_15,369,12.31231,669.9,17.5,32.4,24.2,697
2025_08_15,369,12.31231,2364.4,735.8,25.6,21.4,550
2025_08_15,369,12.31231,2569.3,1571.5,21.9,18.5,429
2025_08_15,369,12.31231,3363.2,2032.7,28.7,29.4,703
2025_08_15,369,12.31231,2725.8,462.2,17.5,17.0,368
2025_08_15,369,12.31231,3271.5,48.5,20.7,23.5,415
2025_08_15,369,12.31231,2370.4,2139.8,19.8,16.9,316
2025_08_15,369,12.31231,1009.4,1219.2,21.8,17.2,287
2025_08_15,370,12.34568,468.9,873.5,29.5,21.4,638
2025_08_15,370,12.34568,669.3,17.0,31.8,23.9,685
2025_08_15,370,12.34568,2569.3,1571.4,21.8,18.6,420
2025_08_15,370,12.34568,2370.6,2140.9,20.9,17.8,368
2025_08_15,370,12.34568,3271.2,48.6,20.1,23.4,408
2025_08_15,370,12.34568,2725.0,462.2,17.4,17.1,388
2025_08_15,370,12.34568,3363.2,2032.0,28.2,27.1,655
2025_08_15,370,12.34568,2363.4,735.2,20.8,18.5,504
2025_08_15,370,12.34568,1009.5,1219.0,21.4,17.3,343
2025_08_15,371,12.37905,468.5,873.7,29.4,21.8,617
2025_08_15,371,12.37905,668.9,16.9,31.8,24.0,695
2025_08_15,371,12.37905,2370.7,2140.8,20.4,17.3,401
2025_08_15,371,12.37905,3271.1,48.7,20.0,23.5,401
2025_08_15,371,12.37905,2725.7,462.1,17.4,16.7,384
2025_08_15,371,12.37905,2569.0,1571.4,22.2,18.2,408
2025_08_15,371,12.37905,3362.5,2032.4,27.3,26.3,629
2025_08_15,371,12.37905,1009.7,1218.8,21.5,18.2,322
2025_08_15,372,12.41241,468.2,873.8,29.2,21.9,605
2025_08_15,372,12.41241,668.6,16.8,31.0,23.1,606
2025_08_15,372,12.41241,2726.8,461.6,18.2,17.0,359
2025_08_15,372,12.41241,3271.1,48.9,20.8,24.2,415
2025_08_15,372,12.41241,1009.8,1218.3,22.9,18.7,334
2025_08_15,372,12.41241,2370.9,2140.9,20.8,17.0,399
2025_08_15,372,12.41241,2569.0,1571.2,22.2,17.8,378
2025_08_15,372,12.41241,3362.1,2032.8,27.2,25.9,574
2025_08_15,372,12.41241,2362.7,734.1,21.2,19.4,549
2025_08_15,373,12.44578,467.9,874.0,28.1,21.7,587
2025_08_15,373,12.44578,668.6,17.0,30.4,23.3,515
2025_08_15,373,12.44578,2569.4,1571.2,21.4,17.0,385
2025_08_15,373,12.44578,1009.7,1218.2,24.1,19.8,410
2025_08_15,373,12.44578,3271.6,49.3,20.2,24.8,422
2025_08_15,373,12.44578,2371.5,2140.5,20.0,16.4,356
2025_08_15,373,12.44578,3362.1,2032.9,25.5,24.9,545
2025_08_15,373,12.44578,2727.8,461.4,17.2,15.7,358
2025_08_15,374,12.47915,467.6,874.0,27.5,21.4,572
2025_08_15,374,12.47915,668.8,16.9,30.1,22.6,470
2025_08_15,374,12.47915,2569.7,1571.1,21.1,17.3,373
2025_08_15,374,12.47915,1009.5,1218.5,24.0,20.2,440
2025_08_15,374,12.47915,3271.8,49.4,20.6,24.6,437
2025_08_15,374,12.47915,2372.0,2140.5,19.3,16.1,349
2025_08_15,374,12.47915,3361.3,2033.4,24.4,22.9,482
2025_08_15,374,12.47915,2728.9,461.0,17.4,16.3,358
2025_08_15,375,12.51251,467.2,874.0,27.7,21.5,580
2025_08_15,375,12.51251,668.6,17.2,29.6,22.0,435
2025_08_15,375,12.51251,2570.1,1571.0,20.1,16.4,361
2025_08_15,375,12.51251,1009.5,1219.0,23.8,20.1,419
2025_08_15,375,12.51251,3271.8,49.5,21.0,25.7,447
2025_08_15,375,12.51251,3361.3,2034.4,23.9,22.5,426
2025_08_15,375,12.51251,2372.1,2140.0,19.0,16.1,309
2025_08_15,375,12.51251,2728.7,461.4,18.5,16.7,344
2025_08_15,375,12.51251,2365.7,733.6,20.9,17.1,438
2025_08_15,376,12.54588,466.5,874.2,27.2,21.7,572
2025_08_15,376,12.54588,667.9,17.0,28.7,21.8,412
2025_08_15,376,12.54588,2570.3,1571.1,20.1,16.5,356
2025_08_15,376,12.54588,2728.5,462.2,18.9,17.1,340
2025_08_15,376,12.54588,3271.9,49.9,21.3,25.6,453
2025_08_15,376,12.54588,3361.4,2035.0,24.8,23.6,450
2025_08_15,376,12.54588,1009.5,1219.1,22.8,20.2,408
2025_08_15,376,12.54588,2372.5,2140.3,18.8,15.6,308
2025_08_15,376,12.54588,2366.6,734.2,21.0,18.0,470
2025_08_15,377,12.57925,466.1,874.3,28.2,22.1,591
2025_08_15,377,12.57925,2570.7,1571.5,19.8,16.8,359
2025_08_15,377,12.57925,667.7,16.1,28.2,20.8,399
2025_08_15,377,12.57925,2729.0,463.0,19.6,17.8,374
2025_08_15,377,12.57925,3271.9,50.0,21.6,26.4,474
2025_08_15,377,12.57925,3361.7,2035.6,24.3,23.7,446
2025_08_15,377,12.57925,1009.4,1218.5,21.9,18.9,363
2025_08_15,377,12.57925,2365.2,735.2,24.5,19.5,489
2025_08_15,377,12.57925,2372.5,2140.8,18.8,14.9,272
2025_08_15,378,12.61261,465.8,873.9,28.5,22.3,621
2025_08_15,378,12.61261,2571.1,1571.5,19.8,16.9,368
2025_08_15,378,12.61261,667.0,16.0,28.1,20.8,373
2025_08_15,378,12.61261,2729.1,464.0,20.3,18.8,364
2025_08_15,378,12.61261,3271.7,50.2,21.9,25.6,485
2025_08_15,378,12.61261,3362.1,2036.1,23.7,25.0,467
2025_08_15,378,12.61261,1010.3,1217.6,20.6,17.8,327
2025_08_15,378,12.61261,2365.6,734.3,24.8,20.6,507
2025_08_15,378,12.61261,2372.7,2141.6,18.8,15.6,339
2025_08_15,379,12.64598,465.7,873.8,29.2,22.4,644
2025_08_15,379,12.64598,2571.5,1571.7,20.2,17.0,385
2025_08_15,379,12.64598,666.6,16.0,27.2,20.3,401
2025_08_15,379,12.64598,3362.7,2036.1,23.2,25.5,498
2025_08_15,379,12.64598,2728.2,463.7,18.8,17.2,349
2025_08_15,379,12.64598,3271.5,50.4,21.7,24.6,471
2025_08_15,379,12.64598,1010.5,1217.4,20.0,17.3,303
2025_08_15,379,12.64598,2373.4,2142.6,19.0,16.8,391
2025_08_15,380,12.67935,465.3,873.8,29.9,22.9,682
2025_08_15,380,12.67935,2572.2,1571.6,20.8,17.4,409
2025_08_15,380,12.67935,666.1,16.4,27.6,20.2,406
2025_08_15,380,12.67935,3363.4,2036.1,24.8,26.7,546
2025_08_15,380,12.67935,3271.3,50.8,22.1,25.1,450
2025_08_15,380,12.67935,2727.8,464.3,19.1,17.3,351
2025_08_15,380,12.67935,1010.4,1217.8,20.7,18.0,323
2025_08_15,380,12.67935,2373.8,2142.4,20.7,17.6,431
2025_08_15,380,12.67935,2364.9,737.1,23.3,19.1,486
2025_08_15,381,12.71271,465.2,873.7,29.8,22.8,690
2025_08_15,381,12.71271,2572.6,1571.5,21.1,18.3,439
2025_08_15,381,12.71271,665.3,16.8,27.9,21.1,446
2025_08_15,381,12.71271,3363.7,2036.2,25.7,28.0,590
2025_08_15,381,12.71271,3271.3,51.1,22.0,24.8,429
2025_08_15,381,12.71271,1010.7,1218.1,20.7,18.0,292
2025_08_15,381,12.71271,2374.0,2142.5,21.1,18.1,452
2025_08_15,381,12.71271,2728.2,463.5,19.0,15.3,403
2025_08_15,382,12.74608,465.0,873.6,30.8,23.2,698
2025_08_15,382,12.74608,664.7,17.2,28.4,21.8,464
2025_08_15,382,12.74608,3364.4,2035.9,26.7,28.7,638
2025_08_15,382,12.74608,2572.6,1571.7,21.7,18.2,437
2025_08_15,382,12.74608,3271.1,51.4,22.1,24.1,418
2025_08_15,382,12.74608,1011.2,1219.1,20.8,18.5,320
2025_08_15,382,12.74608,2729.2,463.7,17.9,15.8,398
2025_08_15,382,12.74608,2374.3,2141.5,21.4,18.0,447
2025_08_15,383,12.77945,465.1,873.7,30.2,22.9,682
2025_08_15,383,12.77945,664.8,17.5,28.8,22.1,480
2025_08_15,383,12.77945,2572.2,1571.3,21.9,17.9,430
2025_08_15,383,12.77945,2729.6,463.5,19.1,17.4,393
2025_08_15,383,12.77945,3365.1,2036.6,27.7,29.7,686
2025_08_15,383,12.77945,3271.0,51.7,21.4,23.5,414
2025_08_15,383,12.77945,1012.1,1218.9,21.8,18.6,344
2025_08_15,383,12.77945,2374.8,2140.6,21.7,17.6,439
2025_08_15,384,12.81281,464.8,873.5,29.4,22.1,640
2025_08_15,384,12.81281,664.5,17.5,29.9,22.7,529
2025_08_15,384,12.81281,2729.4,463.9,19.0,17.5,370
2025_08_15,384,12.81281,2571.9,1570.7,21.0,17.5,406
2025_08_15,384,12.81281,3365.7,2037.3,28.7,29.5,697
2025_08_15,384,12.81281,3271.2,51.9,21.7,24.2,424
2025_08_15,384,12.81281,1012.5,1219.3,23.1,19.1,370
2025_08_15,384,12.81281,2374.9,2140.4,21.9,17.2,392
2025_08_15,385,12.84618,464.1,873.4,28.6,21.5,617
2025_08_15,385,12.84618,664.3,17.9,30.3,23.2,541
2025_08_15,385,12.84618,2729.4,463.5,20.3,19.0,386
2025_08_15,385,12.84618,2571.9,1570.5,20.6,17.7,409
2025_08_15,385,12.84618,1012.9,1219.0,22.5,19.0,361
2025_08_15,385,12.84618,3271.1,52.5,21.8,24.7,425
2025_08_15,385,12.84618,3366.2,2037.8,29.5,29.3,646
2025_08_15,385,12.84618,2377.2,2140.6,21.7,16.2,387
2025_08_15,386,12.87955,463.7,873.8,28.1,21.4,602
2025_08_15,386,12.87955,663.7,17.9,30.9,23.6,540
2025_08_15,386,12.87955,2572.3,1570.7,20.5,17.5,384
2025_08_15,386,12.87955,3271.0,52.7,20.8,23.8,428
2025_08_15,386,12.87955,2729.3,462.6,19.1,17.5,370
2025_08_15,386,12.87955,1013.1,1219.1,22.7,19.3,386
2025_08_15,386,12.87955,2377.2,2140.5,21.6,16.0,355
2025_08_15,386,12.87955,3366.5,2038.5,30.5,29.8,677
2025_08_15,387,12.91291,462.8,874.3,28.6,21.6,622
2025_08_15,387,12.91291,2572.7,1570.4,20.0,17.2,367
2025_08_15,387,12.91291,663.4,17.8,32.0,23.5,574
2025_08_15,387,12.91291,3270.9,52.9,21.0,23.7,431
2025_08_15,387,12.91291,1013.2,1219.3,21.8,18.7,389
2025_08_15,387,12.91291,2377.5,2140.5,21.0,15.8,359
2025_08_15,387,12.91291,2729.0,461.6,17.1,14.2,301
2025_08_15,387,12.91291,3367.5,2040.1,29.7,29.7,652
2025_08_15,388,12.94628,462.4,875.0,29.5,22.4,622
2025_08_15,388,12.94628,663.2,17.6,30.7,23.1,553
2025_08_15,388,12.94628,2573.0,1570.5,20.0,16.7,363
2025_08_15,388,12.94628,3270.7,53.2,21.0,23.7,435
2025_08_15,388,12.94628,1014.6,1218.9,19.3,18.3,341
2025_08_15,388,12.94628,2378.0,2140.6,20.0,15.2,304
2025_08_15,388,12.94628,2730.2,462.3,16.3,13.5,303
2025_08_15,388,12.94628,3367.7,2039.3,29.7,29.2,604
2025_08_15,389,12.97965,461.7,875.0,29.6,22.2,620
2025_08_15,389,12.97965,2573.1,1570.6,19.8,16.9,373
2025_08_15,389,12.97965,663.1,17.0,30.9,23.2,533
2025_08_15,389,12.97965,3270.4,53.3,20.9,23.5,425
2025_08_15,389,12.97965,1014.3,1218.9,18.4,18.1,289
2025_08_15,389,12.97965,2378.4,2140.9,19.3,14.6,287
2025_08_15,389,12.97965,2730.0,462.6,16.2,13.7,290
2025_08_15,390,13.01301,461.3,874.9,29.5,21.9,611
2025_08_15,390,13.01301,2573.0,1570.7,20.9,17.5,393
2025_08_15,390,13.01301,662.9,17.0,30.1,22.0,478
2025_08_15,390,13.01301,3270.0,53.3,20.5,23.2,415
2025_08_15,390,13.01301,2730.3,463.2,17.0,14.0,322
2025_08_15,390,13.01301,2378.4,2141.2,19.3,14.0,306
2025_08_15,390,13.01301,1015.3,1218.4,17.4,18.6,291
2025_08_15,391,13.04638,460.9,875.2,30.0,22.5,654
2025_08_15,391,13.04638,2573.7,1570.7,20.6,18.2,417
2025_08_15,391,13.04638,662.5,17.3,29.7,22.3,478
2025_08_15,391,13.04638,3269.4,53.6,20.8,25.5,455
2025_08_15,391,13.04638,1015.3,1218.9,18.4,18.8,306
2025_08_15,391,13.04638,3714.1,1026.2,28.8,25.4,758
2025_08_15,391,13.04638,2378.3,2141.1,19.4,14.1,329
2025_08_15,391,13.04638,2730.7,464.2,17.1,14.1,311
2025_08_15,392,13.07975,460.7,875.2,29.9,22.3,647
2025_08_15,392,13.07975,2574.4,1570.4,20.3,18.2,384
2025_08_15,392,13.07975,662.2,17.5,29.0,22.0,480
2025_08_15,392,13.07975,3269.4,54.0,20.9,25.5,453
2025_08_15,392,13.07975,1015.2,1219.0,19.2,18.7,316
2025_08_15,392,13.07975,2730.4,464.5,17.0,14.6,308
2025_08_15,392,13.07975,2378.0,2140.8,20.0,14.8,337
2025_08_15,393,13.11311,460.5,874.9,30.5,22.7,636
2025_08_15,393,13.11311,2574.7,1570.4,21.1,17.8,375
2025_08_15,393,13.11311,661.7,17.7,28.1,21.9,451
2025_08_15,393,13.11311,2731.2,465.5,17.3,15.9,318
2025_08_15,393,13.11311,1015.0,1219.1,19.0,18.2,301
2025_08_15,393,13.11311,3269.0,54.2,21.1,26.2,470
2025_08_15,393,13.11311,2378.1,2141.2,19.9,14.8,344
2025_08_15,393,13.11311,3365.1,2037.3,26.2,26.0,556
2025_08_15,394,13.14648,460.7,874.9,30.6,22.3,624
2025_08_15,394,13.14648,2574.7,1570.0,20.8,17.1,374
2025_08_15,394,13.14648,661.2,17.8,27.4,21.5,456
2025_08_15,394,13.14648,3269.0,54.9,21.7,25.7,473
2025_08_15,394,13.14648,1014.5,1219.9,18.7,18.2,322
2025_08_15,394,13.14648,2732.2,466.6,16.8,14.6,291
2025_08_15,394,13.14648,2377.9,2141.5,20.5,15.3,384
2025_08_15,394,13.14648,3365.4,2037.5,27.9,26.2,595
2025_08_15,395,13.17985,460.3,874.5,30.3,21.7,625
2025_08_15,395,13.17985,2574.2,1570.0,20.2,17.0,357
2025_08_15,395,13.17985,660.2,17.9,27.7,21.2,435
2025_08_15,395,13.17985,3268.6,55.6,21.4,25.7,477
2025_08_15,395,13.17985,1014.2,1220.8,19.8,18.2,335
2025_08_15,395,13.17985,2732.1,467.2,16.8,15.7,306
2025_08_15,395,13.17985,2377.9,2142.2,21.6,16.3,409
2025_08_15,395,13.17985,3365.1,2038.2,25.6,26.2,589
2025_08_15,396,13.21321,460.2,874.6,30.1,21.9,641
2025_08_15,396,13.21321,2574.2,1570.1,20.5,17.0,358
2025_08_15,396,13.21321,659.5,18.0,28.3,21.1,438
2025_08_15,396,13.21321,3268.6,56.0,21.5,25.3,463
2025_08_15,396,13.21321,1014.4,1221.7,20.6,19.5,357
2025_08_15,396,13.21321,2378.6,2143.0,20.9,16.8,424
2025_08_15,396,13.21321,2732.5,468.0,17.1,15.4,370
2025_08_15,396,13.21321,3365.6,2038.9,27.6,28.0,630
2025_08_15,397,13.24658,459.9,874.7,30.0,21.8,610
2025_08_15,397,13.24658,659.0,18.0,28.6,21.0,422
2025_08_15,397,13.24658,2574.1,1569.7,20.3,16.8,361
2025_08_15,397,13.24658,3268.7,56.0,21.1,24.6,450
2025_08_15,397,13.24658,3366.9,2039.0,28.8,28.3,660
2025_08_15,397,13.24658,1014.4,1221.6,21.2,19.3,363
2025_08_15,397,13.24658,2732.8,467.7,17.9,17.3,386
2025_08_15,397,13.24658,2379.2,2143.4,20.4,16.9,434
2025_08_15,398,13.27995,459.2,874.7,29.4,21.3,592
2025_08_15,398,13.27995,2573.9,1569.5,20.5,16.7,346
2025_08_15,398,13.27995,658.9,18.2,28.5,20.9,433
2025_08_15,398,13.27995,3269.1,56.7,21.9,24.0,434
2025_08_15,398,13.27995,2733.2,467.5,18.7,19.4,431
2025_08_15,398,13.27995,2379.8,2143.7,19.6,16.7,440
2025_08_15,398,13.27995,3367.5,2040.2,29.1,29.0,682
2025_08_15,398,13.27995,1014.6,1222.1,21.3,20.1,373
2025_08_15,399,13.31331,458.6,875.1,29.4,21.7,594
2025_08_15,399,13.31331,658.3,18.3,28.6,20.9,453
2025_08_15,399,13.31331,2574.2,1569.6,20.6,16.8,342
2025_08_15,399,13.31331,3269.4,56.7,20.6,23.3,427
2025_08_15,399,13.31331,2733.2,466.6,19.3,20.1,421
2025_08_15,399,13.31331,2380.0,2143.8,19.4,16.7,414
2025_08_15,399,13.31331,3367.6,2040.6,29.4,29.9,656
2025_08_15,399,13.31331,1014.7,1221.8,20.0,19.6,344
2025_08_15,399,13.31331,1014.7,1225.4,20.5,21.2,359
2025_08_15,400,13.34668,457.9,875.1,29.2,21.3,608
2025_08_15,400,13.34668,658.4,18.1,29.0,21.1,457
2025_08_15,400,13.34668,2574.5,1569.3,19.8,16.8,331
2025_08_15,400,13.34668,2732.1,464.4,20.0,19.7,393
2025_08_15,400,13.34668,3269.4,56.9,20.9,22.6,421
2025_08_15,400,13.34668,2380.0,2143.3,18.0,15.7,397
2025_08_15,400,13.34668,3367.6,2040.9,30.4,30.8,682
2025_08_15,400,13.34668,1016.0,1221.3,18.5,18.7,318
2025_08_15,401,13.38005,457.1,875.4,29.4,21.6,603
2025_08_15,401,13.38005,657.5,17.8,29.7,21.9,504
2025_08_15,401,13.38005,2575.0,1569.1,19.8,16.8,320
2025_08_15,401,13.38005,2732.1,464.0,19.3,17.3,386
2025_08_15,401,13.38005,3269.2,57.3,20.1,22.3,393
2025_08_15,401,13.38005,2380.4,2143.0,18.9,16.0,435
2025_08_15,401,13.38005,3367.2,2041.1,30.0,30.5,692
2025_08_15,401,13.38005,1016.8,1222.0,19.0,20.0,310
2025_08_15,401,13.38005,1016.7,1225.9,19.2,20.2,319
2025_08_15,402,13.41341,2575.9,1569.5,19.9,16.7,325
2025_08_15,402,13.41341,656.8,17.5,30.6,22.0,512
2025_08_15,402,13.41341,456.5,875.7,29.8,21.9,610
2025_08_15,402,13.41341,2380.8,2143.7,19.2,16.7,464
2025_08_15,402,13.41341,2732.4,463.4,18.1,15.9,374
2025_08_15,402,13.41341,3269.3,57.4,20.0,22.9,419
2025_08_15,402,13.41341,3366.6,2041.1,28.4,29.7,692
2025_08_15,402,13.41341,1017.4,1226.4,18.8,19.1,293
2025_08_15,403,13.44678,656.1,17.3,31.3,23.0,546
2025_08_15,403,13.44678,2576.4,1569.5,19.8,17.1,340
2025_08_15,403,13.44678,2381.3,2143.4,19.7,17.2,472
2025_08_15,403,13.44678,456.0,875.7,29.9,21.9,600
2025_08_15,403,13.44678,3269.2,57.6,20.1,23.0,401
2025_08_15,403,13.44678,2732.3,464.4,19.5,16.6,365
2025_08_15,403,13.44678,3366.2,2041.1,26.9,28.6,649
2025_08_15,403,13.44678,1017.8,1226.7,19.2,18.7,292
2025_08_15,403,13.44678,2356.4,735.5,29.4,27.5,806
2025_08_15,404,13.48015,655.1,17.0,31.4,23.1,555
2025_08_15,404,13.48015,2576.8,1569.5,20.4,17.4,350
2025_08_15,404,13.48015,2732.3,465.6,19.2,17.4,385
2025_08_15,404,13.48015,455.1,875.9,29.9,21.4,601
2025_08_15,404,13.48015,2381.7,2143.5,20.2,17.6,478
2025_08_15,404,13.48015,3269.3,57.9,20.3,23.3,421
2025_08_15,404,13.48015,2356.9,735.7,29.7,25.6,783
2025_08_15,404,13.48015,1017.6,1226.1,21.3,19.8,324
2025_08_15,404,13.48015,3366.2,2040.9,26.0,27.7,621
2025_08_15,405,13.51351,654.4,16.6,31.8,23.4,617
2025_08_15,405,13.51351,2576.9,1569.5,20.4,17.0,359
2025_08_15,405,13.51351,454.8,876.3,29.5,21.6,622
2025_08_15,405,13.51351,3269.2,57.8,20.7,24.1,428
2025_08_15,405,13.51351,2732.3,465.3,18.2,16.0,390
2025_08_15,405,13.51351,2382.4,2143.6,20.7,17.7,481
2025_08_15,405,13.51351,1017.4,1220.7,26.1,23.9,532
2025_08_15,405,13.51351,3365.9,2039.0,25.9,26.5,623
2025_08_15,406,13.54688,654.0,16.4,30.7,22.9,577
2025_08_15,406,13.54688,2577.3,1569.3,21.1,17.9,351
2025_08_15,406,13.54688,1018.2,1219.4,24.9,23.3,543
2025_08_15,406,13.54688,3269.0,58.2,21.6,25.2,455
2025_08_15,406,13.54688,456.1,875.8,30.0,22.8,645
2025_08_15,406,13.54688,2382.7,2143.3,20.1,17.8,465
2025_08_15,406,13.54688,2733.1,465.9,18.2,15.2,376
2025_08_15,406,13.54688,3366.7,2038.8,24.8,26.8,625
2025_08_15,407,13.58025,653.4,16.4,31.0,21.9,508
2025_08_15,407,13.58025,1018.9,1219.3,22.2,21.4,464
2025_08_15,407,13.58025,2577.8,1569.4,21.5,18.3,357
2025_08_15,407,13.58025,456.0,875.4,30.4,22.8,660
2025_08_15,407,13.58025,2382.5,2142.5,20.7,17.7,460
2025_08_15,407,13.58025,3268.9,58.5,21.9,26.0,455
2025_08_15,407,13.58025,2732.7,466.6,17.6,14.8,331
2025_08_15,407,13.58025,3367.3,2038.9,25.5,26.6,628
2025_08_15,408,13.61361,653.3,16.5,30.2,21.1,471
2025_08_15,408,13.61361,2577.4,1568.8,20.6,16.9,330
2025_08_15,408,13.61361,1018.7,1219.9,22.6,21.1,431
2025_08_15,408,13.61361,455.8,875.1,30.8,23.1,695
2025_08_15,408,13.61361,3269.0,58.9,22.6,25.3,466
2025_08_15,408,13.61361,2382.8,2141.7,20.1,16.4,454
2025_08_15,408,13.61361,2733.0,466.5,18.0,15.1,305
2025_08_15,408,13.61361,3367.4,2038.9,25.4,26.4,622
2025_08_15,409,13.64698,652.9,17.1,29.1,21.2,475
2025_08_15,409,13.64698,2577.3,1568.7,20.2,16.4,331
2025_08_15,409,13.64698,454.4,875.2,31.3,22.7,702
2025_08_15,409,13.64698,3268.4,59.1,23.3,26.4,479
2025_08_15,409,13.64698,1018.4,1218.3,21.0,18.7,319
2025_08_15,409,13.64698,2383.1,2142.4,20.2,16.5,448
2025_08_15,409,13.64698,3367.5,2039.2,25.2,26.2,623
2025_08_15,409,13.64698,2733.3,466.9,18.6,14.3,293
2025_08_15,409,13.64698,2737.3,466.8,21.5,14.7,279
2025_08_15,410,13.68035,652.8,17.2,29.1,20.4,487
2025_08_15,410,13.68035,2577.1,1568.6,20.6,16.6,333
2025_08_15,410,13.68035,453.8,874.9,32.0,22.2,710
2025_08_15,410,13.68035,3268.6,58.9,23.8,27.1,487
2025_08_15,410,13.68035,2733.3,467.3,18.6,14.9,282
2025_08_15,410,13.68035,1018.7,1217.3,19.6,16.6,286
2025_08_15,410,13.68035,2383.8,2142.6,19.4,16.1,441
2025_08_15,410,13.68035,3368.5,2041.0,27.3,27.5,673
2025_08_15,411,13.71371,2577.4,1568.3,21.2,16.9,334
2025_08_15,411,13.71371,653.6,17.3,27.4,20.1,431
2025_08_15,411,13.71371,453.3,875.0,31.9,22.2,718
2025_08_15,411,13.71371,3268.6,58.9,24.0,26.8,503
2025_08_15,411,13.71371,3369.3,2041.5,27.5,28.0,636
2025_08_15,411,13.71371,2733.3,467.4,18.7,15.1,329
2025_08_15,411,13.71371,2383.7,2142.8,19.6,16.5,451
2025_08_15,411,13.71371,1019.9,1217.2,20.0,16.0,272
2025_08_15,412,13.74708,2577.9,1568.2,21.4,17.4,326
2025_08_15,412,13.74708,653.5,17.7,27.6,19.5,413
2025_08_15,412,13.74708,452.9,875.4,31.8,22.5,719
2025_08_15,412,13.74708,3268.5,58.8,23.4,27.4,499
2025_08_15,412,13.74708,3369.2,2041.8,28.2,28.7,663
2025_08_15,412,13.74708,2733.8,467.6,19.8,17.0,355
2025_08_15,412,13.74708,2384.4,2143.3,19.2,16.3,455
2025_08_15,412,13.74708,1020.0,1218.5,20.2,17.3,312
2025_08_15,413,13.78045,2578.2,1568.2,21.3,17.7,319
2025_08_15,413,13.78045,653.8,17.6,26.7,19.7,393
2025_08_15,413,13.78045,452.5,875.3,31.7,22.5,708
2025_08_15,413,13.78045,3369.7,2043.0,27.0,28.4,648
2025_08_15,413,13.78045,3268.7,58.9,23.3,26.1,478
2025_08_15,413,13.78045,2385.1,2143.8,18.8,16.5,454
2025_08_15,413,13.78045,2733.8,467.0,19.7,15.9,375
2025_08_15,413,13.78045,1020.7,1219.5,19.2,16.6,289
2025_08_15,413,13.78045,2737.4,467.0,21.1,15.7,354
2025_08_15,414,13.81381,2578.5,1568.2,21.7,18.1,319
2025_08_15,414,13.81381,653.3,17.9,27.0,20.1,429
2025_08_15,414,13.81381,452.2,875.4,31.0,22.5,696
2025_08_15,414,13.81381,3268.5,58.9,22.0,25.4,438
2025_08_15,414,13.81381,3369.4,2043.4,27.0,28.2,683
2025_08_15,414,13.81381,2385.3,2144.5,18.8,16.1,441
2025_08_15,414,13.81381,2733.9,467.4,19.8,15.3,382
2025_08_15,414,13.81381,2737.7,467.4,20.6,15.1,358
2025_08_15,415,13.84718,2578.8,1568.4,21.8,18.1,320
2025_08_15,415,13.84718,651.9,17.9,28.3,20.5,450
2025_08_15,415,13.84718,451.8,875.6,30.7,22.2,675
2025_08_15,415,13.84718,3268.3,59.4,22.0,25.3,458
2025_08_15,415,13.84718,3369.5,2043.9,27.3,27.9,644
2025_08_15,415,13.84718,2385.9,2145.4,18.3,16.2,438
2025_08_15,415,13.84718,2734.1,467.9,20.3,15.4,352
2025_08_15,415,13.84718,1020.9,1220.7,18.9,17.5,287
2025_08_15,416,13.88055,651.4,17.8,29.4,21.7,516
2025_08_15,416,13.88055,2579.3,1568.4,21.4,17.7,321
2025_08_15,416,13.88055,451.3,875.6,29.9,22.4,657
2025_08_15,416,13.88055,3268.1,60.1,20.9,24.8,442
2025_08_15,416,13.88055,2734.4,467.5,20.7,15.4,367
2025_08_15,416,13.88055,3369.4,2044.5,27.2,28.2,611
2025_08_15,416,13.88055,1020.5,1221.1,18.9,18.2,301
2025_08_15,416,13.88055,2385.9,2145.6,17.9,16.4,433
2025_08_15,417,13.91391,650.6,17.8,29.8,22.2,558
2025_08_15,417,13.91391,2579.6,1568.3,21.4,17.5,322
2025_08_15,417,13.91391,451.1,875.8,29.8,22.1,642
2025_08_15,417,13.91391,3268.0,60.0,20.2,23.5,416
2025_08_15,417,13.91391,2738.0,468.4,19.9,15.1,347
2025_08_15,417,13.91391,1020.9,1221.7,19.6,19.4,316
2025_08_15,417,13.91391,2386.0,2146.0,19.2,16.8,432
2025_08_15,417,13.91391,3369.7,2044.7,27.8,28.7,611
2025_08_15,417,13.91391,1021.0,1225.5,19.5,21.0,323
2025_08_15,418,13.94728,650.3,18.2,29.9,23.0,583
2025_08_15,418,13.94728,2579.7,1568.4,20.8,17.1,326
2025_08_15,418,13.94728,450.9,875.8,29.1,22.1,622
2025_08_15,418,13.94728,3268.0,60.5,20.9,23.6,431
2025_08_15,418,13.94728,2738.6,469.0,18.8,14.1,328
2025_08_15,418,13.94728,1021.3,1225.9,20.3,20.1,326
2025_08_15,418,13.94728,2386.3,2145.8,19.8,17.2,465
2025_08_15,418,13.94728,1021.2,1222.3,20.4,20.6,331
2025_08_15,418,13.94728,3369.0,2043.9,27.3,30.1,635
2025_08_15,418,13.94728,2734.6,469.1,21.1,14.1,358
2025_08_15,419,13.98065,649.5,18.2,31.6,23.6,619
2025_08_15,419,13.98065,450.5,875.8,28.6,21.6,638
2025_08_15,419,13.98065,2579.5,1568.4,20.8,16.3,318
2025_08_15,419,13.98065,3268.2,60.9,20.5,23.5,412
2025_08_15,419,13.98065,2738.9,468.8,18.1,14.4,304
2025_08_15,419,13.98065,2386.3,2145.4,20.0,17.5,482
2025_08_15,419,13.98065,1021.4,1226.1,20.4,19.8,321
2025_08_15,419,13.98065,3370.1,2043.9,27.0,30.0,625
2025_08_15,419,13.98065,1021.4,1222.4,20.5,20.8,325
2025_08_15,420,14.01401,450.4,875.7,28.3,21.0,603
2025_08_15,420,14.01401,649.2,17.9,32.9,23.6,626
2025_08_15,420,14.01401,2580.0,1568.6,20.7,16.2,308
2025_08_15,420,14.01401,3268.2,61.4,21.8,23.4,390
2025_08_15,420,14.01401,3370.4,2044.3,27.5,30.3,635
2025_08_15,420,14.01401,2386.9,2145.2,20.8,17.7,508
2025_08_15,420,14.01401,2738.5,468.2,18.9,15.5,339
2025_08_15,420,14.01401,1022.1,1226.1,20.6,19.9,329
2025_08_15,420,14.01401,1022.0,1222.6,20.9,21.2,333
2025_08_15,420,14.01401,2734.6,468.2,21.2,16.2,394
2025_08_15,421,14.04738,450.1,876.1,28.1,21.3,617
2025_08_15,421,14.04738,2580.8,1568.6,21.1,16.9,329
2025_08_15,421,14.04738,648.4,17.6,33.9,23.9,618
2025_08_15,421,14.04738,3268.0,61.8,20.0,23.5,392
2025_08_15,421,14.04738,2387.9,2145.7,21.7,18.1,515
2025_08_15,421,14.04738,2738.9,469.3,18.3,15.8,352
2025_08_15,421,14.04738,1022.6,1225.6,21.7,20.8,426
2025_08_15,421,14.04738,3370.4,2044.6,27.2,31.3,622
2025_08_15,422,14.08075,2581.0,1568.7,22.0,17.6,337
2025_08_15,422,14.08075,449.5,876.2,28.4,21.3,636
2025_08_15,422,14.08075,648.3,16.9,35.0,23.5,594
2025_08_15,422,14.08075,3268.3,62.4,20.0,23.7,424
2025_08_15,422,14.08075,3370.5,2045.9,27.6,32.0,701
2025_08_15,422,14.08075,1022.4,1225.7,22.0,20.7,438
2025_08_15,422,14.08075,2388.1,2146.3,21.9,18.7,497
2025_08_15,422,14.08075,2738.1,469.7,19.9,15.5,364
2025_08_15,422,14.08075,2734.7,469.7,21.3,16.3,405
2025_08_15,423,14.11411,2581.5,1568.6,22.2,17.6,330
2025_08_15,423,14.11411,449.4,876.4,28.5,21.0,637
2025_08_15,423,14.11411,647.4,16.2,32.8,23.2,587
2025_08_15,423,14.11411,3268.0,62.8,19.4,23.4,411
2025_08_15,423,14.11411,3371.2,2046.2,27.4,31.9,632
2025_08_15,423,14.11411,1022.3,1225.4,23.9,22.0,473
2025_08_15,423,14.11411,2389.4,2146.5,20.3,17.4,427
2025_08_15,423,14.11411,2737.4,469.9,21.3,16.1,428
2025_08_15,424,14.14748,2581.6,1568.6,22.0,17.6,340
2025_08_15,424,14.14748,449.4,876.5,29.3,21.7,667
2025_08_15,424,14.14748,646.4,15.9,30.5,22.3,625
2025_08_15,424,14.14748,3268.0,62.8,20.1,24.2,420
2025_08_15,424,14.14748,1022.5,1225.7,22.8,21.3,440
2025_08_15,424,14.14748,2738.2,470.1,20.0,16.3,377
2025_08_15,424,14.14748,2389.7,2146.7,19.0,16.5,377
2025_08_15,424,14.14748,3371.3,2046.5,27.2,31.4,642
2025_08_15,425,14.18085,2581.8,1568.6,22.2,17.9,357
2025_08_15,425,14.18085,449.6,876.6,29.6,22.0,683
2025_08_15,425,14.18085,645.7,15.5,29.9,21.9,644
2025_08_15,425,14.18085,3268.5,63.1,20.9,24.9,432
2025_08_15,425,14.18085,2389.8,2146.8,19.2,17.1,358
2025_08_15,425,14.18085,3371.3,2047.1,27.4,30.8,645
2025_08_15,425,14.18085,1023.1,1225.8,21.1,20.5,396
2025_08_15,425,14.18085,2351.5,735.9,29.6,28.4,735
2025_08_15,425,14.18085,2738.3,469.1,20.5,17.3,399
2025_08_15,426,14.21421,2581.7,1568.4,20.9,17.4,337
2025_08_15,426,14.21421,448.9,876.6,30.9,22.4,698
2025_08_15,426,14.21421,645.7,15.5,30.2,22.0,641
2025_08_15,426,14.21421,3268.3,63.4,21.2,25.4,451
2025_08_15,426,14.21421,3371.4,2047.5,26.5,30.1,636
2025_08_15,426,14.21421,2389.5,2145.9,18.6,15.7,353
2025_08_15,426,14.21421,2349.5,737.2,31.5,29.0,805
2025_08_15,426,14.21421,2738.3,467.7,20.2,16.0,399
2025_08_15,426,14.21421,1022.3,1222.1,20.1,20.2,349
2025_08_15,426,14.21421,1022.5,1225.7,20.2,20.6,355
2025_08_15,427,14.24758,2582.2,1568.2,21.1,17.2,339
2025_08_15,427,14.24758,448.7,876.5,31.4,23.0,724
2025_08_15,427,14.24758,645.7,16.1,30.2,22.1,641
2025_08_15,427,14.24758,3268.3,63.2,21.1,25.6,485
2025_08_15,427,14.24758,3372.1,2047.6,25.7,29.2,601
2025_08_15,427,14.24758,2389.6,2146.0,19.0,15.6,363
2025_08_15,427,14.24758,2350.0,738.4,29.5,27.5,805
2025_08_15,427,14.24758,1023.1,1226.0,20.0,20.0,345
2025_08_15,427,14.24758,1023.0,1222.2,20.4,20.4,348
2025_08_15,428,14.28095,2582.1,1568.2,21.7,17.7,342
2025_08_15,428,14.28095,447.8,876.8,31.7,23.4,741
2025_08_15,428,14.28095,645.1,16.4,30.2,21.6,578
2025_08_15,428,14.28095,3268.4,63.4,21.1,26.2,505
2025_08_15,428,14.28095,3371.6,2048.0,26.7,29.4,610
2025_08_15,428,14.28095,2390.1,2146.7,19.4,16.1,376
2025_08_15,428,14.28095,2347.6,737.1,30.3,28.5,834
2025_08_15,428,14.28095,1023.3,1221.8,19.0,19.6,326
2025_08_15,428,14.28095,1023.4,1225.8,18.7,20.3,321
2025_08_15,428,14.28095,2740.1,467.8,16.6,14.7,319
2025_08_15,429,14.31431,2582.6,1568.0,21.6,17.8,343
2025_08_15,429,14.31431,446.7,876.5,31.6,23.6,740
2025_08_15,429,14.31431,645.0,16.9,30.2,21.9,536
2025_08_15,429,14.31431,3268.2,63.9,21.2,26.4,520
2025_08_15,429,14.31431,3371.8,2046.5,25.5,29.0,579
2025_08_15,429,14.31431,2390.2,2146.8,19.1,16.1,384
2025_08_15,429,14.31431,1023.5,1221.8,18.9,19.7,345
2025_08_15,429,14.31431,1023.5,1225.8,18.7,20.4,338
2025_08_15,430,14.34768,2583.3,1568.3,21.3,17.6,344
2025_08_15,430,14.34768,445.0,876.8,32.5,24.1,760
2025_08_15,430,14.34768,644.2,17.5,29.6,21.2,514
2025_08_15,430,14.34768,3267.9,64.2,21.2,25.7,499
2025_08_15,430,14.34768,2390.6,2147.5,19.6,16.2,402
2025_08_15,430,14.34768,3372.6,2046.4,25.6,30.9,580
2025_08_15,430,14.34768,1024.1,1226.1,18.3,19.9,327
2025_08_15,430,14.34768,1024.2,1222.0,18.7,19.9,327
2025_08_15,431,14.38105,2583.7,1568.1,21.2,17.7,354
2025_08_15,431,14.38105,444.0,876.6,31.8,23.8,763
2025_08_15,431,14.38105,643.4,17.9,28.5,20.8,502
2025_08_15,431,14.38105,3268.0,64.7,21.8,25.8,499
2025_08_15,431,14.38105,2391.0,2148.0,19.5,16.9,391
2025_08_15,431,14.38105,3372.6,2045.9,25.6,30.9,582
2025_08_15,431,14.38105,1024.7,1226.0,17.6,20.0,294
2025_08_15,431,14.38105,1024.7,1222.0,18.0,20.0,305
2025_08_15,431,14.38105,2740.7,468.0,15.9,13.2,380
2025_08_15,432,14.41441,2584.1,1568.2,21.0,17.5,339
2025_08_15,432,14.41441,443.3,877.0,32.1,23.9,756
2025_08_15,432,14.41441,642.6,18.3,28.4,20.7,478
2025_08_15,432,14.41441,3267.7,65.2,21.6,24.6,473
2025_08_15,432,14.41441,2391.8,2147.7,20.3,17.6,394
2025_08_15,432,14.41441,2740.4,468.6,16.1,13.8,283
2025_08_15,432,14.41441,3372.4,2047.7,25.6,30.4,608
2025_08_15,432,14.41441,1024.8,1226.7,18.3,18.6,294
2025_08_15,433,14.44778,2584.2,1568.2,21.0,17.1,341
2025_08_15,433,14.44778,442.6,876.6,31.5,23.6,720
2025_08_15,433,14.44778,641.8,18.6,28.2,20.9,459
2025_08_15,433,14.44778,3267.4,65.2,21.4,24.0,436
2025_08_15,433,14.44778,3372.5,2047.8,25.4,30.6,622
2025_08_15,433,14.44778,2393.0,2147.4,20.3,18.0,404
2025_08_15,433,14.44778,2741.0,469.6,16.5,14.2,268
2025_08_15,433,14.44778,1024.8,1227.0,19.2,18.0,293
2025_08_15,434,14.48115,2584.3,1568.3,20.8,16.5,336
2025_08_15,434,14.48115,442.7,876.2,29.9,22.3,651
2025_08_15,434,14.48115,641.5,18.5,28.4,20.6,474
2025_08_15,434,14.48115,3267.3,64.9,20.8,23.1,421
2025_08_15,434,14.48115,2740.3,469.8,17.6,15.0,282
2025_08_15,434,14.48115,3371.4,2047.5,27.9,31.3,725
2025_08_15,434,14.48115,1025.3,1227.3,18.5,17.3,285
2025_08_15,434,14.48115,2392.7,2147.4,20.8,18.0,405
2025_08_15,435,14.51451,2584.8,1568.5,20.4,15.8,322
2025_08_15,435,14.51451,442.4,875.6,28.9,21.4,598
2025_08_15,435,14.51451,641.0,18.5,28.0,21.3,479
2025_08_15,435,14.51451,3267.0,65.1,20.5,23.5,383
2025_08_15,435,14.51451,2739.9,470.1,17.1,16.1,272
2025_08_15,435,14.51451,2393.1,2147.6,20.5,17.5,380
2025_08_15,435,14.51451,1026.0,1226.8,19.6,18.4,342
2025_08_15,435,14.51451,3371.0,2047.5,28.2,31.7,809
2025_08_15,435,14.51451,3777.5,1255.8,16.7,17.1,231
2025_08_15,436,14.54788,2584.9,1568.5,20.5,16.1,322
2025_08_15,436,14.54788,641.5,18.5,28.8,21.2,503
2025_08_15,436,14.54788,442.8,875.2,28.7,21.2,602
2025_08_15,436,14.54788,3267.1,65.3,21.1,23.9,384
2025_08_15,436,14.54788,2393.1,2148.0,20.5,17.5,359
2025_08_15,436,14.54788,1025.1,1222.9,24.1,22.3,544
2025_08_15,436,14.54788,2739.9,470.4,16.3,14.0,232
2025_08_15,436,14.54788,3371.2,2048.1,30.9,32.5,891
2025_08_15,437,14.58125,2585.2,1568.5,20.5,16.2,327
2025_08_15,437,14.58125,641.5,18.3,29.3,21.5,522
2025_08_15,437,14.58125,443.7,875.2,29.8,21.8,610
2025_08_15,437,14.58125,1025.5,1223.0,24.3,22.1,491
2025_08_15,437,14.58125,2393.5,2148.4,20.9,17.6,351
2025_08_15,437,14.58125,3266.8,64.8,19.7,23.2,367
2025_08_15,437,14.58125,2739.4,470.7,17.4,14.7,225
2025_08_15,437,14.58125,3372.6,2047.6,31.2,32.1,847
2025_08_15,438,14.61461,2585.6,1568.2,20.6,16.2,324
2025_08_15,438,14.61461,641.4,17.9,29.9,21.8,530
2025_08_15,438,14.61461,443.3,875.7,29.3,21.5,604
2025_08_15,438,14.61461,2739.6,471.9,17.0,15.6,227
2025_08_15,438,14.61461,2394.0,2148.4,20.0,16.7,332
2025_08_15,438,14.61461,1026.0,1223.1,23.6,22.3,502
2025_08_15,438,14.61461,3267.3,64.7,19.8,23.7,400
2025_08_15,438,14.61461,3372.5,2047.9,30.8,30.3,844
2025_08_15,439,14.64798,2585.5,1568.2,20.9,16.9,328
2025_08_15,439,14.64798,640.7,17.7,30.2,22.7,576
2025_08_15,439,14.64798,443.6,876.1,29.4,21.8,635
2025_08_15,439,14.64798,2739.2,471.9,18.6,17.5,264
2025_08_15,439,14.64798,2394.0,2148.3,19.0,16.3,319
2025_08_15,439,14.64798,1025.9,1224.8,24.1,22.6,470
2025_08_15,439,14.64798,3267.4,64.7,20.4,25.0,436
2025_08_15,439,14.64798,3372.7,2048.9,28.7,28.0,762
2025_08_15,440,14.68135,640.7,17.9,31.6,23.2,616
2025_08_15,440,14.68135,2585.6,1568.3,21.0,17.1,325
2025_08_15,440,14.68135,442.7,876.5,29.1,21.9,629
2025_08_15,440,14.68135,2740.3,471.5,18.4,17.8,306
2025_08_15,440,14.68135,2394.2,2148.6,19.6,15.8,314
2025_08_15,440,14.68135,1025.4,1225.3,24.7,21.6,638
2025_08_15,440,14.68135,3267.4,65.3,20.7,25.0,474
2025_08_15,440,14.68135,3372.8,2048.6,27.8,28.1,711
2025_08_15,441,14.71471,640.0,17.7,31.5,23.3,649
2025_08_15,441,14.71471,2586.1,1568.2,21.6,17.3,319
2025_08_15,441,14.71471,442.4,876.8,29.2,22.1,636
2025_08_15,441,14.71471,2741.4,471.9,19.5,19.2,342
2025_08_15,441,14.71471,3373.2,2049.5,26.1,27.7,645
2025_08_15,441,14.71471,2394.5,2148.8,19.3,15.5,306
2025_08_15,441,14.71471,3267.4,66.3,20.6,25.2,495
2025_08_15,441,14.71471,1022.8,1221.1,19.4,18.2,294
2025_08_15,442,14.74808,639.2,17.8,31.6,23.8,651
2025_08_15,442,14.74808,441.4,877.0,28.8,22.3,642
2025_08_15,442,14.74808,2586.6,1567.8,22.1,17.8,326
2025_08_15,442,14.74808,3373.0,2050.2,24.9,26.7,605
2025_08_15,442,14.74808,2741.7,472.3,20.6,19.4,373
2025_08_15,442,14.74808,3267.3,66.9,20.3,25.0,475
2025_08_15,442,14.74808,2394.5,2149.1,19.9,16.2,320
2025_08_15,442,14.74808,1022.6,1220.9,19.3,17.8,273
2025_08_15,443,14.78145,2586.6,1567.7,22.2,18.0,344
2025_08_15,443,14.78145,639.0,17.4,32.3,24.7,746
2025_08_15,443,14.78145,440.1,877.0,29.9,22.5,657
2025_08_15,443,14.78145,2742.5,472.1,19.3,18.2,390
2025_08_15,443,14.78145,3267.1,67.1,19.8,25.3,491
2025_08_15,443,14.78145,3373.8,2050.3,25.0,26.6,536
2025_08_15,443,14.78145,2394.7,2149.0,19.5,16.2,330
2025_08_15,443,14.78145,1023.9,1220.7,17.9,17.4,261
2025_08_15,444,14.81481,2586.9,1567.8,22.1,17.9,334
2025_08_15,444,14.81481,637.9,16.5,30.5,24.7,782
2025_08_15,444,14.81481,439.6,877.6,29.8,22.6,665
2025_08_15,444,14.81481,3267.2,67.8,20.2,25.4,507
2025_08_15,444,14.81481,3373.7,2050.0,25.9,27.3,532
2025_08_15,444,14.81481,2744.8,470.5,16.2,16.2,361
2025_08_15,444,14.81481,2394.4,2149.2,19.1,16.2,320
2025_08_15,445,14.84818,2587.0,1568.1,21.2,17.5,329
2025_08_15,445,14.84818,438.3,878.3,30.7,22.8,696
2025_08_15,445,14.84818,637.8,14.7,31.7,24.1,783
2025_08_15,445,14.84818,3267.1,68.2,19.7,25.5,504
2025_08_15,445,14.84818,3373.8,2049.5,25.6,27.4,456
2025_08_15,445,14.84818,2394.6,2149.4,19.0,16.5,321
2025_08_15,445,14.84818,1025.1,1221.4,17.6,18.8,260
2025_08_15,445,14.84818,1025.0,1226.0,17.2,19.9,250
2025_08_15,446,14.88155,2587.5,1568.2,21.1,17.5,339
2025_08_15,446,14.88155,438.0,878.8,30.9,23.0,699
2025_08_15,446,14.88155,637.0,14.8,30.5,23.4,721
2025_08_15,446,14.88155,3266.7,68.3,19.3,24.5,494
2025_08_15,446,14.88155,1026.6,1226.3,19.3,19.4,285
2025_08_15,446,14.88155,2394.9,2149.6,19.4,16.9,345
2025_08_15,446,14.88155,3373.1,2048.6,27.2,30.5,523
2025_08_15,446,14.88155,1026.6,1222.1,19.7,20.2,300
2025_08_15,447,14.91491,2587.9,1568.3,21.1,17.4,342
2025_08_15,447,14.91491,437.8,878.7,30.9,23.1,691
2025_08_15,447,14.91491,636.8,15.0,30.1,22.7,685
2025_08_15,447,14.91491,3266.7,68.6,19.2,23.9,459
2025_08_15,447,14.91491,2744.2,469.7,15.6,15.2,346
2025_08_15,447,14.91491,1027.2,1226.5,20.0,19.1,337
2025_08_15,447,14.91491,2395.4,2149.6,19.7,17.3,337
2025_08_15,447,14.91491,3373.1,2049.7,24.7,28.5,519
2025_08_15,447,14.91491,1027.2,1222.6,20.3,21.3,357
2025_08_15,448,14.94828,2588.4,1568.4,22.0,17.8,355
2025_08_15,448,14.94828,437.6,879.1,30.7,23.0,676
2025_08_15,448,14.94828,636.2,15.7,29.3,22.0,609
2025_08_15,448,14.94828,2745.2,470.4,15.2,14.1,296
2025_08_15,448,14.94828,1027.0,1227.2,19.6,17.5,311
2025_08_15,448,14.94828,2396.1,2150.1,20.6,17.9,333
2025_08_15,448,14.94828,3266.4,68.9,19.4,23.9,462
2025_08_15,448,14.94828,3373.3,2051.2,24.2,27.8,532
2025_08_15,449,14.98165,2589.0,1568.0,21.4,17.5,336
2025_08_15,449,14.98165,437.4,879.1,30.0,22.6,661
2025_08_15,449,14.98165,636.0,16.1,28.9,21.8,532
2025_08_15,449,14.98165,2744.1,471.1,16.7,15.4,331
2025_08_15,449,14.98165,2396.4,2149.9,21.1,18.0,338
2025_08_15,449,14.98165,1027.5,1227.4,21.0,17.4,334
2025_08_15,449,14.98165,3266.5,68.5,19.4,24.1,416
2025_08_15,449,14.98165,3375.3,2052.1,23.8,28.0,514
2025_08_15,450,15.01502,2589.0,1567.6,21.7,17.1,339
2025_08_15,450,15.01502,436.7,878.6,28.8,21.2,630
2025_08_15,450,15.01502,635.3,16.7,28.3,20.8,459
2025_08_15,450,15.01502,2744.7,471.5,15.7,14.1,288
2025_08_15,450,15.01502,3266.3,68.9,19.9,23.5,429
2025_08_15,450,15.01502,1028.7,1227.9,24.0,17.6,374
2025_08_15,450,15.01502,2396.8,2150.3,21.3,17.6,323
2025_08_15,451,15.04838,2588.6,1567.3,21.9,17.1,346
2025_08_15,451,15.04838,436.5,878.1,28.6,20.8,599
2025_08_15,451,15.04838,634.8,17.1,28.0,20.9,435
2025_08_15,451,15.04838,2745.3,471.6,15.1,13.7,298
2025_08_15,451,15.04838,1029.2,1228.6,24.9,18.7,426
2025_08_15,451,15.04838,2397.1,2150.4,21.7,17.9,323
2025_08_15,451,15.04838,3266.4,69.4,19.6,24.9,441
2025_08_15,451,15.04838,3376.7,2054.6,22.0,28.9,477
2025_08_15,452,15.08175,2588.7,1567.0,21.6,16.8,343
2025_08_15,452,15.08175,436.2,878.0,28.4,19.9,591
2025_08_15,452,15.08175,634.2,17.4,27.4,20.4,426
2025_08_15,452,15.08175,2745.1,471.8,14.3,13.2,306
2025_08_15,452,15.08175,1030.3,1229.0,23.5,17.2,380
2025_08_15,452,15.08175,2397.8,2150.2,20.5,16.8,314
2025_08_15,452,15.08175,3266.6,69.5,19.3,24.7,456
2025_08_15,453,15.11512,2588.6,1567.1,21.9,17.0,366
2025_08_15,453,15.11512,435.4,877.7,28.0,19.8,584
2025_08_15,453,15.11512,633.7,17.4,27.6,20.3,399
2025_08_15,453,15.11512,2742.9,472.0,15.7,14.8,302
2025_08_15,453,15.11512,1030.1,1229.4,23.3,17.4,398
2025_08_15,453,15.11512,2398.2,2150.3,20.8,16.8,322
2025_08_15,453,15.11512,3376.9,2052.7,24.6,31.3,630
2025_08_15,453,15.11512,3266.6,69.8,19.8,25.3,493
2025_08_15,454,15.14848,2588.3,1567.7,21.1,16.9,342
2025_08_15,454,15.14848,435.2,877.8,27.4,20.0,558
2025_08_15,454,15.14848,633.5,17.7,27.0,20.1,396
2025_08_15,454,15.14848,1030.8,1230.0,22.5,17.5,386
2025_08_15,454,15.14848,2398.3,2150.3,20.8,16.6,312
2025_08_15,454,15.14848,3376.8,2054.1,24.1,32.6,651
2025_08_15,454,15.14848,3266.7,70.3,19.9,25.7,503
2025_08_15,455,15.18185,2588.6,1567.9,20.7,16.9,347
2025_08_15,455,15.18185,434.5,878.1,27.8,21.0,571
2025_08_15,455,15.18185,632.8,18.1,26.9,19.5,404
2025_08_15,455,15.18185,1031.0,1230.5,22.2,17.1,352
2025_08_15,455,15.18185,2398.1,2149.8,20.5,16.2,313
2025_08_15,455,15.18185,3266.4,70.7,20.3,25.9,469
2025_08_15,455,15.18185,2742.1,472.5,16.4,14.4,320
2025_08_15,455,15.18185,3834.0,884.3,12.1,17.4,169
2025_08_15,456,15.21522,2589.1,1567.9,20.9,16.7,349
2025_08_15,456,15.21522,434.1,877.8,29.3,22.7,635
2025_08_15,456,15.21522,632.5,18.7,27.2,19.5,427
2025_08_15,456,15.21522,2743.1,472.4,15.1,14.8,326
2025_08_15,456,15.21522,3266.4,71.0,20.7,25.9,481
2025_08_15,456,15.21522,2398.2,2150.2,20.8,16.3,295
2025_08_15,456,15.21522,1030.9,1230.9,21.9,17.3,340
2025_08_15,457,15.24858,434.3,877.9,29.7,23.4,662
2025_08_15,457,15.24858,2589.4,1568.1,21.0,16.3,325
2025_08_15,457,15.24858,632.2,19.0,28.3,19.8,447
2025_08_15,457,15.24858,2743.1,473.2,15.8,15.5,303
2025_08_15,457,15.24858,3266.3,72.9,20.1,25.1,465
2025_08_15,457,15.24858,2398.5,2150.4,21.1,15.9,299
2025_08_15,457,15.24858,1031.1,1231.6,22.3,17.6,334
2025_08_15,458,15.28195,2589.7,1568.2,21.3,16.3,335
2025_08_15,458,15.28195,433.6,878.0,30.9,24.1,708
2025_08_15,458,15.28195,632.1,19.3,29.0,20.1,464
2025_08_15,458,15.28195,2744.0,473.1,16.1,15.2,300
2025_08_15,458,15.28195,3266.3,73.2,20.8,25.6,480
2025_08_15,458,15.28195,2398.7,2150.7,21.4,16.3,311
2025_08_15,458,15.28195,1030.5,1231.6,21.0,16.4,338
2025_08_15,459,15.31532,2590.2,1568.1,21.0,16.2,343
2025_08_15,459,15.31532,433.1,878.2,32.0,24.7,724
2025_08_15,459,15.31532,631.5,18.9,29.5,20.3,496
2025_08_15,459,15.31532,2744.6,472.6,17.5,16.6,353
2025_08_15,459,15.31532,3266.2,73.2,20.3,24.4,456
2025_08_15,459,15.31532,2398.7,2150.8,21.5,16.3,294
2025_08_15,459,15.31532,1030.0,1229.7,20.1,15.3,329
2025_08_15,459,15.31532,3376.5,2053.0,31.7,33.9,721
2025_08_15,460,15.34868,630.5,18.8,30.8,21.4,562
2025_08_15,460,15.34868,2590.3,1567.9,21.4,16.2,326
2025_08_15,460,15.34868,431.9,878.1,32.0,23.7,732
2025_08_15,460,15.34868,2745.7,472.5,16.5,15.4,313
2025_08_15,460,15.34868,3266.4,71.3,19.6,22.8,426
2025_08_15,460,15.34868,2398.7,2151.2,21.4,16.2,291
2025_08_15,460,15.34868,1031.0,1227.2,22.4,19.0,427
2025_08_15,461,15.38205,629.7,18.2,32.2,23.7,669
2025_08_15,461,15.38205,431.8,878.1,31.1,23.3,699
2025_08_15,461,15.38205,2590.7,1568.1,21.5,16.2,342
2025_08_15,461,15.38205,2747.5,472.8,16.5,16.3,363
2025_08_15,461,15.38205,3266.4,71.1,19.3,22.4,532
2025_08_15,461,15.38205,1031.1,1227.3,22.7,18.9,544
2025_08_15,461,15.38205,2398.4,2151.4,20.9,15.5,284
2025_08_15,462,15.41542,628.6,18.2,33.2,24.8,732
2025_08_15,462,15.41542,2747.3,472.0,18.2,18.5,382
2025_08_15,462,15.41542,430.3,878.1,30.7,22.5,655
2025_08_15,462,15.41542,2590.8,1567.9,21.7,16.3,328
2025_08_15,462,15.41542,1030.5,1227.3,24.1,18.7,413
2025_08_15,462,15.41542,3266.3,71.4,19.6,22.9,421
2025_08_15,462,15.41542,3373.6,2049.4,24.8,26.6,565
2025_08_15,462,15.41542,2401.5,2152.1,21.0,15.3,272
2025_08_15,463,15.44878,627.5,18.8,33.6,25.0,713
2025_08_15,463,15.44878,3373.3,2049.9,25.3,28.1,593
2025_08_15,463,15.44878,2747.1,472.0,16.6,17.5,324
2025_08_15,463,15.44878,430.3,878.2,31.0,22.0,656
2025_08_15,463,15.44878,2590.9,1567.9,22.3,16.5,334
2025_08_15,463,15.44878,1030.3,1227.2,24.0,18.3,389
2025_08_15,463,15.44878,2332.0,737.2,26.0,22.1,622
2025_08_15,463,15.44878,2401.4,2152.3,21.2,15.4,271
2025_08_15,463,15.44878,3266.5,73.0,19.2,22.3,421
2025_08_15,464,15.48215,626.3,19.5,34.2,25.1,727
2025_08_15,464,15.48215,2746.6,471.8,17.6,17.3,323
2025_08_15,464,15.48215,3373.8,2051.9,25.5,28.6,604
2025_08_15,464,15.48215,430.4,877.6,29.4,20.0,598
2025_08_15,464,15.48215,2591.1,1567.7,22.7,16.9,349
2025_08_15,464,15.48215,2401.6,2152.2,20.9,15.6,287
2025_08_15,464,15.48215,2333.2,737.8,25.5,21.2,545
2025_08_15,464,15.48215,1030.0,1227.2,23.6,17.9,367
2025_08_15,464,15.48215,3266.6,73.3,19.0,22.2,415
2025_08_15,465,15.51552,626.0,19.1,32.7,24.3,651
2025_08_15,465,15.51552,3374.2,2052.5,26.5,29.0,640
2025_08_15,465,15.51552,2746.1,470.9,19.1,18.1,369
2025_08_15,465,15.51552,430.7,877.8,28.9,20.2,574
2025_08_15,465,15.51552,2331.8,738.3,25.4,21.2,563
2025_08_15,465,15.51552,2401.9,2152.0,20.3,16.1,302
2025_08_15,465,15.51552,2592.9,1567.4,22.3,16.6,336
2025_08_15,465,15.51552,3266.5,73.8,19.2,23.3,438
2025_08_15,465,15.51552,1033.1,1227.6,22.5,17.7,348
2025_08_15,466,15.54888,626.2,17.8,31.8,24.5,626
2025_08_15,466,15.54888,3375.2,2053.4,27.8,30.3,685
2025_08_15,466,15.54888,430.1,878.2,29.2,20.3,553
2025_08_15,466,15.54888,2745.8,470.6,17.2,16.8,310
2025_08_15,466,15.54888,2402.2,2151.8,20.1,16.4,317
2025_08_15,466,15.54888,2332.1,739.3,24.3,23.3,598
2025_08_15,466,15.54888,2592.8,1567.3,22.6,16.4,349
2025_08_15,466,15.54888,3266.5,74.6,19.2,23.1,451
2025_08_15,466,15.54888,1033.6,1227.9,22.0,18.0,340
2025_08_15,467,15.58225,627.4,15.5,30.8,22.1,671
2025_08_15,467,15.58225,3376.2,2054.8,29.3,29.2,716
2025_08_15,467,15.58225,429.9,878.9,29.3,20.7,568
2025_08_15,467,15.58225,2745.4,470.2,16.6,15.2,278
2025_08_15,467,15.58225,2402.7,2151.9,20.0,16.2,317
2025_08_15,467,15.58225,3266.5,75.5,19.2,23.3,440
2025_08_15,467,15.58225,2591.1,1567.5,22.3,16.4,358
2025_08_15,467,15.58225,1034.1,1228.3,20.3,16.2,308
2025_08_15,467,15.58225,2332.1,738.7,23.0,22.3,551
2025_08_15,468,15.61562,627.6,15.0,29.3,22.1,644
2025_08_15,468,15.61562,3376.4,2055.8,29.8,29.3,740
2025_08_15,468,15.61562,429.3,879.0,29.4,20.8,561
2025_08_15,468,15.61562,2745.8,471.6,16.0,14.3,239
2025_08_15,468,15.61562,2403.6,2152.1,20.3,15.8,311
2025_08_15,468,15.61562,3266.2,75.9,19.6,23.3,421
2025_08_15,468,15.61562,2592.9,1567.1,22.4,16.2,355
2025_08_15,468,15.61562,2249.3,2099.1,15.3,13.2,334
2025_08_15,469,15.64898,627.3,15.5,28.8,22.0,596
2025_08_15,469,15.64898,3377.2,2056.9,29.2,28.9,720
2025_08_15,469,15.64898,429.1,879.3,29.8,21.7,586
2025_08_15,469,15.64898,2745.9,472.1,15.4,15.3,254
2025_08_15,469,15.64898,2593.2,1566.7,22.0,15.5,359
2025_08_15,469,15.64898,3266.2,76.4,19.8,23.8,423
2025_08_15,469,15.64898,2404.3,2152.1,19.9,15.7,311
2025_08_15,469,15.64898,2333.3,737.3,19.9,21.2,565
2025_08_15,470,15.68235,626.7,16.0,28.0,22.0,615
2025_08_15,470,15.68235,428.5,879.5,30.1,21.8,603
2025_08_15,470,15.68235,2593.3,1567.3,21.8,16.1,356
2025_08_15,470,15.68235,3377.5,2056.3,29.3,30.8,688
2025_08_15,470,15.68235,3266.3,76.4,19.5,23.5,396
2025_08_15,470,15.68235,2404.5,2152.4,20.0,15.1,302
2025_08_15,470,15.68235,2747.1,472.8,15.5,14.9,249
2025_08_15,470,15.68235,2333.3,735.9,21.6,19.9,567
2025_08_15,470,15.68235,1030.8,1230.4,21.7,15.9,306
2025_08_15,471,15.71572,625.7,16.4,27.7,22.0,479
2025_08_15,471,15.71572,427.5,879.4,30.3,22.3,628
2025_08_15,471,15.71572,2593.6,1567.4,21.3,15.9,335
2025_08_15,471,15.71572,2747.5,473.8,14.0,14.7,212
2025_08_15,471,15.71572,3266.3,76.7,19.6,23.7,406
2025_08_15,471,15.71572,2404.2,2152.5,19.7,15.0,288
2025_08_15,471,15.71572,3377.4,2056.5,28.5,31.9,677
2025_08_15,471,15.71572,1033.6,1230.8,21.4,16.6,307
2025_08_15,471,15.71572,2331.8,736.9,19.7,18.7,637
2025_08_15,472,15.74908,2593.9,1567.7,22.1,16.6,354
2025_08_15,472,15.74908,625.2,16.9,28.4,22.6,475
2025_08_15,472,15.74908,427.6,879.5,29.5,21.9,631
2025_08_15,472,15.74908,3266.1,76.6,19.9,24.0,407
2025_08_15,472,15.74908,2331.2,738.4,20.9,19.6,1215
2025_08_15,472,15.74908,2748.0,474.4,14.0,14.1,190
2025_08_15,472,15.74908,2404.1,2152.4,19.9,15.1,285
2025_08_15,472,15.74908,1030.8,1230.8,21.7,17.4,346
2025_08_15,473,15.78245,2594.4,1567.6,22.4,16.5,348
2025_08_15,473,15.78245,426.7,879.5,29.5,22.2,630
2025_08_15,473,15.78245,624.5,17.3,28.8,22.5,466
2025_08_15,473,15.78245,3266.1,76.4,19.8,23.2,396
2025_08_15,473,15.78245,2404.3,2152.7,19.4,14.5,276
2025_08_15,473,15.78245,1030.8,1229.0,21.8,18.9,374
2025_08_15,473,15.78245,2331.7,738.2,21.2,18.4,628
2025_08_15,474,15.81582,2594.4,1567.6,23.6,17.0,336
2025_08_15,474,15.81582,426.4,879.9,29.0,22.1,616
2025_08_15,474,15.81582,624.1,17.6,29.6,22.5,462
2025_08_15,474,15.81582,3266.2,76.3,19.5,22.9,410
2025_08_15,474,15.81582,2404.0,2152.8,19.1,14.4,256
2025_08_15,474,15.81582,1033.5,1229.6,21.6,19.7,391
2025_08_15,475,15.84918,2594.8,1567.2,23.1,16.2,324
2025_08_15,475,15.84918,425.6,880.0,28.4,21.8,599
2025_08_15,475,15.84918,623.1,18.2,29.9,22.5,473
2025_08_15,475,15.84918,2748.0,474.5,16.1,15.4,251
2025_08_15,475,15.84918,1033.8,1230.1,21.7,19.4,390
2025_08_15,475,15.84918,3266.0,77.2,20.1,22.8,406
2025_08_15,475,15.84918,2404.7,2152.8,19.1,14.3,248
2025_08_15,476,15.88255,425.1,880.2,28.8,22.1,597
2025_08_15,476,15.88255,2595.2,1567.4,22.5,16.1,332
2025_08_15,476,15.88255,622.7,18.8,29.9,22.0,475
2025_08_15,476,15.88255,2747.6,473.1,17.5,17.1,306
2025_08_15,476,15.88255,1034.0,1230.6,21.9,19.6,381
2025_08_15,476,15.88255,3265.6,78.3,20.8,23.3,421
2025_08_15,476,15.88255,2405.0,2153.0,18.7,14.0,252
2025_08_15,477,15.91592,424.8,880.4,28.7,21.8,594
2025_08_15,477,15.91592,622.1,19.3,30.1,21.9,449
2025_08_15,477,15.91592,2595.0,1567.5,24.5,16.6,361
2025_08_15,477,15.91592,1034.2,1230.3,22.5,19.7,370
2025_08_15,477,15.91592,2747.1,473.6,17.7,15.6,265
2025_08_15,477,15.91592,2405.5,2153.1,18.8,13.9,297
2025_08_15,477,15.91592,3265.3,79.1,21.4,23.1,432
2025_08_15,478,15.94928,2594.6,1567.4,25.1,17.5,388
2025_08_15,478,15.94928,424.8,880.7,28.8,21.8,603
2025_08_15,478,15.94928,622.0,19.6,29.5,21.8,465
2025_08_15,478,15.94928,2748.0,474.1,16.8,15.6,266
2025_08_15,478,15.94928,1034.4,1230.8,21.5,18.8,362
2025_08_15,478,15.94928,3265.3,79.4,21.5,23.4,438
2025_08_15,478,15.94928,2405.8,2153.0,19.2,14.0,253
2025_08_15,479,15.98265,424.4,880.8,28.9,22.0,620
2025_08_15,479,15.98265,2595.0,1567.8,25.0,17.6,403
2025_08_15,479,15.98265,621.5,19.4,29.2,21.2,421
2025_08_15,479,15.98265,3265.3,79.4,21.5,23.6,432
2025_08_15,479,15.98265,2749.2,473.9,17.0,15.8,264
2025_08_15,479,15.98265,1035.1,1229.9,21.6,18.0,323
2025_08_15,480,16.01602,2595.4,1567.5,23.2,17.3,405
2025_08_15,480,16.01602,423.6,881.0,29.0,22.0,614
2025_08_15,480,16.01602,621.2,19.2,28.2,20.2,402
2025_08_15,480,16.01602,2405.9,2153.0,20.2,14.1,279
2025_08_15,480,16.01602,3265.4,79.6,21.4,23.1,434
2025_08_15,480,16.01602,1036.3,1229.8,19.7,16.8,278
2025_08_15,481,16.04938,2595.5,1567.6,22.5,17.5,407
2025_08_15,481,16.04938,423.4,881.2,29.4,23.0,649
2025_08_15,481,16.04938,621.0,19.3,27.8,20.1,402
2025_08_15,481,16.04938,2406.2,2152.9,20.2,14.2,262
2025_08_15,481,16.04938,3265.8,79.5,20.4,24.0,410
2025_08_15,481,16.04938,2750.5,473.5,17.3,16.8,384
2025_08_15,482,16.08275,2595.9,1567.9,22.5,18.3,429
2025_08_15,482,16.08275,422.9,881.2,29.7,23.1,667
2025_08_15,482,16.08275,620.4,19.4,29.1,20.5,418
2025_08_15,482,16.08275,2406.4,2153.0,20.5,14.0,258
2025_08_15,482,16.08275,3266.0,79.7,20.0,23.4,397
2025_08_15,482,16.08275,2750.7,473.9,17.1,16.2,371
2025_08_15,482,16.08275,1035.5,1230.8,20.3,17.4,305
2025_08_15,482,16.08275,3381.2,2059.7,27.4,33.5,701
2025_08_15,482,16.08275,3827.3,885.4,24.6,28.4,533
2025_08_15,483,16.11612,2596.2,1567.6,21.8,17.6,420
2025_08_15,483,16.11612,421.9,881.0,30.9,23.8,683
2025_08_15,483,16.11612,619.9,18.8,29.3,20.8,443
2025_08_15,483,16.11612,2406.4,2152.7,20.6,14.7,269
2025_08_15,483,16.11612,2751.1,474.5,16.8,15.4,349
2025_08_15,483,16.11612,3265.9,79.6,20.1,23.6,380
2025_08_15,484,16.14948,2596.3,1567.9,21.5,17.3,411
2025_08_15,484,16.14948,421.0,881.0,31.2,23.5,683
2025_08_15,484,16.14948,619.6,17.5,31.3,22.2,482
2025_08_15,484,16.14948,2406.1,2152.4,21.4,15.2,281
2025_08_15,484,16.14948,3266.3,79.9,19.5,23.3,381
2025_08_15,484,16.14948,1036.5,1232.6,21.1,17.9,294
2025_08_15,484,16.14948,2750.5,474.3,16.3,15.9,348
2025_08_15,485,16.18285,2596.5,1568.2,21.4,17.1,407
2025_08_15,485,16.18285,618.4,17.7,32.4,23.2,590
2025_08_15,485,16.18285,420.2,881.1,31.2,23.0,671
2025_08_15,485,16.18285,2406.2,2152.8,21.1,14.3,282
2025_08_15,485,16.18285,3266.3,80.1,19.4,22.9,418
2025_08_15,485,16.18285,1036.8,1233.4,21.8,17.8,306
2025_08_15,485,16.18285,2748.7,473.8,17.2,16.3,315
2025_08_15,486,16.21622,2597.1,1568.2,20.5,16.9,381
2025_08_15,486,16.21622,419.9,880.8,29.6,22.4,646
2025_08_15,486,16.21622,617.8,17.7,33.3,24.5,708
2025_08_15,486,16.21622,1036.1,1233.8,22.1,18.1,325
2025_08_15,486,16.21622,3266.5,80.6,19.2,22.6,400
2025_08_15,486,16.21622,2407.0,2153.0,21.0,13.9,260
2025_08_15,487,16.24958,617.1,18.3,33.6,25.2,805
2025_08_15,487,16.24958,2597.9,1567.9,20.7,17.0,368
2025_08_15,487,16.24958,419.3,880.9,29.7,22.6,631
2025_08_15,487,16.24958,3266.5,80.8,19.3,23.4,398
2025_08_15,487,16.24958,1035.9,1234.9,22.1,18.8,352
2025_08_15,487,16.24958,2407.4,2153.1,21.8,13.8,255
2025_08_15,487,16.24958,3384.6,2061.1,33.8,30.7,824
2025_08_15,488,16.28295,615.4,18.8,32.4,25.2,685
2025_08_15,488,16.28295,2598.2,1567.5,22.2,17.2,369
2025_08_15,488,16.28295,418.7,880.2,29.1,21.9,609
2025_08_15,488,16.28295,1035.3,1235.9,22.3,18.9,339
2025_08_15,488,16.28295,3266.4,81.0,19.2,23.3,386
2025_08_15,488,16.28295,2408.6,2153.4,20.9,13.3,236
2025_08_15,488,16.28295,3380.3,2060.2,28.9,30.5,775
2025_08_15,489,16.31632,2598.5,1567.7,21.3,16.8,355
2025_08_15,489,16.31632,613.9,18.6,32.1,24.1,631
2025_08_15,489,16.31632,418.1,879.7,28.9,21.7,583
2025_08_15,489,16.31632,1034.3,1235.3,22.3,18.9,345
2025_08_15,489,16.31632,3266.1,81.8,20.0,23.7,439
2025_08_15,489,16.31632,2408.7,2153.4,21.1,13.2,238
2025_08_15,490,16.34968,2598.9,1568.1,20.8,16.4,351
2025_08_15,490,16.34968,613.5,18.1,31.3,23.2,638
2025_08_15,490,16.34968,417.4,879.2,28.9,20.9,571
2025_08_15,490,16.34968,3265.9,81.7,20.7,24.0,434
2025_08_15,490,16.34968,1034.1,1234.5,20.9,16.6,315
2025_08_15,490,16.34968,2408.5,2153.7,20.6,12.7,230
2025_08_15,490,16.34968,3379.8,2059.4,28.5,29.6,713
2025_08_15,491,16.38305,2598.8,1568.0,21.4,16.5,348
2025_08_15,491,16.38305,416.8,879.4,30.8,22.2,638
2025_08_15,491,16.38305,613.7,16.9,29.1,21.6,561
2025_08_15,491,16.38305,3265.7,81.6,21.0,23.2,425
2025_08_15,491,16.38305,1034.1,1234.0,21.4,16.4,325
2025_08_15,491,16.38305,2408.7,2153.9,20.1,12.1,212
2025_08_15,491,16.38305,3380.3,2060.1,28.6,28.6,709
2025_08_15,491,16.38305,2751.1,474.9,18.7,17.0,435
2025_08_15,492,16.41642,2598.8,1567.9,20.9,16.6,340
2025_08_15,492,16.41642,416.9,880.1,31.2,22.4,643
2025_08_15,492,16.41642,614.0,15.8,27.8,19.9,436
2025_08_15,492,16.41642,1034.9,1234.8,20.0,16.4,288
2025_08_15,492,16.41642,3265.7,81.9,20.9,23.5,409
2025_08_15,492,16.41642,3380.5,2060.6,26.7,27.2,649
2025_08_15,492,16.41642,2752.1,474.4,18.8,17.5,435
2025_08_15,492,16.41642,2408.7,2153.9,19.8,12.1,209
2025_08_15,493,16.44978,2598.6,1568.0,20.8,16.8,346
2025_08_15,493,16.44978,416.3,880.6,31.9,22.4,658
2025_08_15,493,16.44978,613.8,16.5,28.4,20.8,441
2025_08_15,493,16.44978,1035.0,1234.4,19.4,16.9,290
2025_08_15,493,16.44978,3265.6,81.8,20.9,23.5,440
2025_08_15,493,16.44978,2752.1,475.0,18.8,17.6,368
2025_08_15,493,16.44978,3381.3,2061.3,27.3,27.5,640
2025_08_15,493,16.44978,2409.3,2153.9,20.3,12.1,207
2025_08_15,494,16.48315,2598.4,1568.2,21.2,16.9,366
2025_08_15,494,16.48315,415.9,881.1,32.9,22.9,666
2025_08_15,494,16.48315,613.4,16.9,28.0,20.7,374
2025_08_15,494,16.48315,2751.2,474.5,19.1,19.8,404
2025_08_15,494,16.48315,1035.5,1235.1,19.5,17.7,286
2025_08_15,494,16.48315,3265.7,82.2,20.7,23.6,439
2025_08_15,494,16.48315,2410.2,2154.0,20.6,12.1,209
2025_08_15,495,16.51652,2599.0,1568.2,20.3,16.8,348
2025_08_15,495,16.51652,415.2,881.3,32.9,22.8,659
2025_08_15,495,16.51652,612.9,17.4,27.7,20.8,407
2025_08_15,495,16.51652,1036.7,1233.4,20.7,19.6,351
2025_08_15,495,16.51652,3265.6,82.7,20.9,24.2,444
2025_08_15,495,16.51652,2789.9,229.1,23.3,20.8,479
2025_08_15,495,16.51652,2751.1,473.6,18.7,17.1,287
2025_08_15,495,16.51652,2410.7,2154.0,20.9,12.1,200
2025_08_15,496,16.54988,2599.6,1568.3,21.1,16.9,361
2025_08_15,496,16.54988,414.6,881.3,31.8,22.7,638
2025_08_15,496,16.54988,612.3,17.8,27.3,20.7,403
2025_08_15,496,16.54988,1037.1,1232.9,22.6,20.5,395
2025_08_15,496,16.54988,3265.8,83.1,20.4,24.2,440
2025_08_15,496,16.54988,3383.0,2065.8,26.4,27.0,596
2025_08_15,497,16.58325,2600.2,1568.4,20.5,16.5,348
2025_08_15,497,16.58325,611.2,18.1,27.3,20.8,414
2025_08_15,497,16.58325,414.1,881.4,31.7,22.4,621
2025_08_15,497,16.58325,1037.0,1232.6,23.3,20.7,427
2025_08_15,497,16.58325,3265.9,83.5,20.3,24.7,433
2025_08_15,497,16.58325,2411.1,2153.9,21.3,12.2,214
2025_08_15,498,16.61662,610.7,18.3,27.8,20.9,424
2025_08_15,498,16.61662,2600.7,1568.6,22.6,17.5,360
2025_08_15,498,16.61662,413.1,881.3,31.0,21.9,615
2025_08_15,498,16.61662,1036.9,1233.1,24.5,21.0,453
2025_08_15,498,16.61662,3266.2,84.0,20.2,24.3,433
2025_08_15,498,16.61662,2752.2,473.9,17.5,14.8,268
2025_08_15,498,16.61662,2411.7,2153.9,21.2,12.2,192
2025_08_15,499,16.64998,610.3,18.2,28.1,21.7,469
2025_08_15,499,16.64998,412.6,881.0,29.7,21.5,579
2025_08_15,499,16.64998,2601.3,1568.6,22.1,17.4,361
2025_08_15,499,16.64998,3266.3,84.4,20.2,24.6,443
2025_08_15,499,16.64998,1037.5,1232.7,24.6,21.1,442
2025_08_15,499,16.64998,2752.9,474.2,16.9,14.9,251
2025_08_15,499,16.64998,3386.3,2067.8,27.0,27.7,578
2025_08_15,500,16.68335,609.9,18.4,29.1,21.9,471
2025_08_15,500,16.68335,2602.1,1568.5,20.4,16.8,338
2025_08_15,500,16.68335,411.7,881.3,29.3,21.1,589
2025_08_15,500,16.68335,1037.3,1231.8,23.3,19.2,376
2025_08_15,500,16.68335,2752.0,474.4,17.8,16.0,269
2025_08_15,500,16.68335,3266.3,85.1,20.0,24.5,398
2025_08_15,500,16.68335,3385.1,2068.3,25.2,25.9,531
2025_08_15,500,16.68335,2412.2,2153.9,21.7,12.1,184
2025_08_15,501,16.71672,411.4,881.0,28.1,20.4,559
2025_08_15,501,16.71672,2603.0,1568.3,20.3,16.8,360
2025_08_15,501,16.71672,609.5,18.6,29.9,22.2,497
2025_08_15,501,16.71672,3266.6,85.2,19.3,23.9,401
2025_08_15,501,16.71672,1038.9,1232.3,21.1,18.5,330
2025_08_15,501,16.71672,2751.8,474.4,16.2,14.5,239
2025_08_15,501,16.71672,2412.6,2154.0,20.9,12.0,192
2025_08_15,502,16.75008,2603.4,1568.1,20.7,17.0,384
2025_08_15,502,16.75008,609.1,18.2,30.4,22.8,526
2025_08_15,502,16.75008,410.9,881.3,27.8,20.3,539
2025_08_15,502,16.75008,3266.5,84.8,19.6,23.8,419
2025_08_15,502,16.75008,2752.1,474.3,15.9,15.3,241
2025_08_15,502,16.75008,3385.1,2069.4,23.8,25.5,536
2025_08_15,502,16.75008,1039.5,1233.5,19.5,17.0,242
2025_08_15,503,16.78345,410.8,881.6,27.2,19.6,527
2025_08_15,503,16.78345,608.8,17.9,30.7,23.4,592
2025_08_15,503,16.78345,2603.6,1568.6,21.5,17.0,400
2025_08_15,503,16.78345,3266.6,84.7,19.4,23.9,412
2025_08_15,503,16.78345,2752.7,474.5,16.5,15.7,240
2025_08_15,503,16.78345,3386.0,2070.7,24.4,27.7,541
2025_08_15,503,16.78345,2248.2,2095.4,14.8,11.8,262
2025_08_15,503,16.78345,1040.4,1234.3,18.9,16.2,247
2025_08_15,503,16.78345,2413.3,2154.0,20.2,12.0,182
2025_08_15,504,16.81682,607.9,17.6,31.9,23.9,704
2025_08_15,504,16.81682,2603.8,1568.4,21.5,16.7,391
2025_08_15,504,16.81682,410.4,881.9,27.9,19.6,547
2025_08_15,504,16.81682,3266.4,84.7,19.3,23.3,413
2025_08_15,504,16.81682,3387.7,2070.4,27.9,32.4,713
2025_08_15,504,16.81682,1040.5,1234.6,18.8,16.0,251
2025_08_15,504,16.81682,2752.8,475.2,15.7,14.7,278
2025_08_15,505,16.85018,410.2,882.2,27.1,19.7,540
2025_08_15,505,16.85018,607.5,17.3,31.5,23.8,703
2025_08_15,505,16.85018,2603.2,1568.6,22.9,17.0,398
2025_08_15,505,16.85018,3266.5,84.8,19.1,22.8,404
2025_08_15,505,16.85018,1041.8,1234.9,20.8,17.1,312
2025_08_15,505,16.85018,2752.8,474.9,15.9,16.4,419
2025_08_15,505,16.85018,2318.3,741.9,26.4,26.2,553
2025_08_15,505,16.85018,3387.4,2069.5,29.8,35.2,845
2025_08_15,505,16.85018,2414.1,2154.0,19.9,12.1,182
2025_08_15,506,16.88355,606.3,17.2,30.8,23.4,632
2025_08_15,506,16.88355,409.9,882.4,27.8,20.5,574
2025_08_15,506,16.88355,2603.5,1568.7,23.6,17.8,399
2025_08_15,506,16.88355,3266.3,85.2,19.4,23.2,415
2025_08_15,506,16.88355,2753.0,474.7,16.4,17.3,297
2025_08_15,506,16.88355,1041.4,1235.4,20.3,16.9,286
2025_08_15,506,16.88355,3389.3,2070.0,33.5,36.9,947
2025_08_15,507,16.91692,606.2,16.9,30.5,22.7,601
2025_08_15,507,16.91692,2603.6,1568.2,22.8,16.7,373
2025_08_15,507,16.91692,410.1,882.7,28.7,20.9,600
2025_08_15,507,16.91692,3266.5,85.3,19.1,23.2,419
2025_08_15,507,16.91692,2754.8,474.2,18.2,18.2,326
2025_08_15,507,16.91692,1042.3,1236.7,20.4,16.5,256
2025_08_15,507,16.91692,3391.8,2070.0,36.3,37.8,1059
2025_08_15,508,16.95028,605.6,17.1,30.0,21.9,508
2025_08_15,508,16.95028,2604.3,1567.8,20.9,15.9,345
2025_08_15,508,16.95028,409.3,882.4,30.3,22.0,632
2025_08_15,508,16.95028,3266.3,85.6,19.4,23.0,414
2025_08_15,508,16.95028,2755.3,473.9,18.2,16.7,322
2025_08_15,508,16.95028,1041.2,1236.8,19.6,16.5,268
2025_08_15,509,16.98365,2604.5,1567.4,21.5,16.4,345
2025_08_15,509,16.98365,605.3,17.2,29.5,21.1,466
2025_08_15,509,16.98365,409.1,882.5,31.1,22.8,662
2025_08_15,509,16.98365,3266.3,86.3,19.5,23.3,436
2025_08_15,509,16.98365,1040.2,1238.0,19.0,16.3,269
2025_08_15,509,16.98365,2756.8,474.3,19.4,17.8,322
2025_08_15,509,16.98365,3390.2,2070.8,32.6,36.4,879
2025_08_15,510,17.01702,2605.2,1567.5,21.1,16.4,335
2025_08_15,510,17.01702,604.4,17.3,29.7,21.0,422
2025_08_15,510,17.01702,408.2,882.4,32.9,23.7,709
2025_08_15,510,17.01702,1039.9,1239.0,18.1,15.4,243
2025_08_15,510,17.01702,3266.1,86.3,19.9,23.4,417
2025_08_15,510,17.01702,2757.8,474.8,19.3,18.4,313
2025_08_15,510,17.01702,3387.8,2067.3,28.1,29.8,654
2025_08_15,511,17.05038,2605.6,1567.8,20.6,16.8,354
2025_08_15,511,17.05038,604.0,17.1,28.7,20.5,423
2025_08_15,511,17.05038,407.4,882.4,33.1,24.3,740
2025_08_15,511,17.05038,3266.4,86.4,19.4,25.0,431
2025_08_15,511,17.05038,1039.1,1239.5,19.3,16.2,251
2025_08_15,511,17.05038,3387.8,2066.2,29.3,26.4,592
2025_08_15,511,17.05038,2759.5,474.5,17.8,17.1,301
2025_08_15,512,17.08375,2606.5,1568.0,21.4,17.0,356
2025_08_15,512,17.08375,603.6,17.3,29.3,20.7,406
2025_08_15,512,17.08375,406.4,882.1,33.6,24.0,727
2025_08_15,512,17.08375,3266.2,87.0,19.9,25.9,444
2025_08_15,512,17.08375,1038.1,1240.2,20.9,17.9,287
2025_08_15,512,17.08375,3387.2,2065.8,29.4,25.8,595
2025_08_15,512,17.08375,2318.4,738.0,24.3,21.0,441
2025_08_15,513,17.11712,2606.1,1568.3,21.1,16.6,349
2025_08_15,513,17.11712,603.1,17.3,28.8,20.7,386
2025_08_15,513,17.11712,405.1,882.1,32.7,24.0,724
2025_08_15,513,17.11712,3266.3,87.7,20.9,27.2,453
2025_08_15,513,17.11712,1037.5,1240.6,22.2,18.9,313
2025_08_15,513,17.11712,2318.2,738.6,24.9,21.8,472
2025_08_15,513,17.11712,3386.8,2065.9,28.3,25.1,597
2025_08_15,514,17.15048,2606.2,1568.4,21.4,16.8,348
2025_08_15,514,17.15048,601.9,17.4,28.9,21.1,405
2025_08_15,514,17.15048,404.2,882.0,32.5,23.7,728
2025_08_15,514,17.15048,3266.4,87.9,22.2,27.0,467
2025_08_15,514,17.15048,2317.0,739.1,26.6,21.9,525
2025_08_15,514,17.15048,3386.5,2066.4,28.0,25.6,584
2025_08_15,514,17.15048,1037.4,1240.1,24.4,20.3,378
2025_08_15,515,17.18385,2606.4,1568.5,21.1,16.7,359
2025_08_15,515,17.18385,601.3,16.9,29.3,21.4,415
2025_08_15,515,17.18385,403.8,882.0,30.8,23.6,686
2025_08_15,515,17.18385,3266.5,87.9,20.5,26.3,454
2025_08_15,515,17.18385,3386.1,2067.2,26.7,25.6,584
2025_08_15,515,17.18385,1039.4,1239.8,26.1,21.8,431
2025_08_15,515,17.18385,2316.6,738.0,28.7,22.9,542
2025_08_15,516,17.21722,2606.7,1568.6,20.6,16.7,367
2025_08_15,516,17.21722,403.5,881.0,29.0,22.4,605
2025_08_15,516,17.21722,600.8,17.1,30.3,22.0,454
2025_08_15,516,17.21722,3266.8,88.5,22.2,27.3,483
2025_08_15,516,17.21722,1040.2,1238.8,25.5,22.8,436
2025_08_15,516,17.21722,2316.0,739.5,28.8,22.2,583
2025_08_15,516,17.21722,3386.4,2067.5,26.9,26.5,585
2025_08_15,517,17.25058,2607.0,1568.5,20.4,16.9,368
2025_08_15,517,17.25058,402.8,880.7,27.8,21.7,562
2025_08_15,517,17.25058,599.7,16.6,31.1,23.1,534
2025_08_15,517,17.25058,3266.9,88.7,21.7,27.8,477
2025_08_15,517,17.25058,1039.5,1237.9,26.1,23.7,522
2025_08_15,517,17.25058,3387.4,2068.5,27.9,27.6,595
2025_08_15,517,17.25058,2315.1,739.9,26.2,20.9,478
2025_08_15,518,17.28395,2607.7,1568.4,19.6,16.4,359
2025_08_15,518,17.28395,598.7,16.1,32.7,23.8,731
2025_08_15,518,17.28395,402.7,880.6,27.9,21.1,566
2025_08_15,518,17.28395,3267.3,88.8,20.7,27.0,477
2025_08_15,518,17.28395,1039.3,1237.9,28.0,24.3,547
2025_08_15,518,17.28395,3387.5,2068.7,27.9,28.5,601
2025_08_15,518,17.28395,2313.8,739.3,23.9,20.3,480
2025_08_15,519,17.31732,2607.9,1568.0,20.1,16.7,380
2025_08_15,519,17.31732,598.3,15.6,33.0,24.8,805
2025_08_15,519,17.31732,402.9,880.3,29.5,21.9,616
2025_08_15,519,17.31732,3267.8,88.2,21.3,26.8,457
2025_08_15,519,17.31732,3387.7,2069.2,27.1,28.0,587
2025_08_15,519,17.31732,1039.1,1238.0,28.3,24.1,536
2025_08_15,519,17.31732,2313.6,739.1,22.5,19.9,426
2025_08_15,519,17.31732,2757.2,474.8,14.0,13.3,259
2025_08_15,520,17.35068,2608.4,1567.9,19.6,17.1,368
2025_08_15,520,17.35068,597.5,15.6,32.1,25.0,788
2025_08_15,520,17.35068,402.5,880.1,30.2,22.0,627
2025_08_15,520,17.35068,3387.5,2070.6,26.5,27.8,577
2025_08_15,520,17.35068,3267.7,87.9,20.8,25.6,454
2025_08_15,520,17.35068,2314.2,738.8,22.7,18.3,439
2025_08_15,521,17.38405,2608.2,1567.9,19.8,17.2,381
2025_08_15,521,17.38405,596.8,15.5,31.9,24.8,799
2025_08_15,521,17.38405,401.9,880.4,29.1,21.8,625
2025_08_15,521,17.38405,3387.1,2071.4,25.0,28.0,583
2025_08_15,521,17.38405,3267.6,87.9,19.8,24.9,410
2025_08_15,521,17.38405,1040.6,1234.3,21.0,18.7,333
2025_08_15,521,17.38405,2313.9,739.6,22.6,20.0,458
2025_08_15,522,17.41742,2608.1,1567.9,20.2,17.6,388
2025_08_15,522,17.41742,596.7,15.5,31.0,23.9,739
2025_08_15,522,17.41742,401.6,880.4,29.0,21.4,636
2025_08_15,522,17.41742,3267.5,88.1,19.3,24.2,405
2025_08_15,522,17.41742,3387.2,2072.6,24.3,28.3,593
2025_08_15,522,17.41742,2314.5,739.4,22.3,19.3,448
2025_08_15,522,17.41742,1040.9,1234.5,20.4,18.3,310
2025_08_15,523,17.45078,2608.2,1567.6,20.3,17.4,378
2025_08_15,523,17.45078,401.1,880.7,29.6,21.7,646
2025_08_15,523,17.45078,595.8,15.5,30.7,23.3,605
2025_08_15,523,17.45078,3267.1,88.2,19.1,23.6,378
2025_08_15,523,17.45078,3388.4,2074.2,24.2,27.8,556
2025_08_15,523,17.45078,2756.1,476.6,15.7,15.8,343
2025_08_15,523,17.45078,2314.3,738.9,23.1,19.0,375
2025_08_15,523,17.45078,1041.6,1235.3,21.7,18.9,345
2025_08_15,524,17.48415,2608.7,1568.1,21.6,17.4,381
2025_08_15,524,17.48415,400.6,881.1,29.8,21.8,647
2025_08_15,524,17.48415,596.2,14.8,30.3,22.4,509
2025_08_15,524,17.48415,3267.0,88.5,18.4,23.0,370
2025_08_15,524,17.48415,1041.2,1235.4,21.0,18.1,313
2025_08_15,524,17.48415,2315.1,738.9,24.1,20.5,409
2025_08_15,524,17.48415,3388.2,2075.2,25.0,27.9,588
2025_08_15,524,17.48415,2755.2,475.3,18.1,18.3,351
2025_08_15,525,17.51752,2609.1,1568.2,21.0,16.7,362
2025_08_15,525,17.51752,399.7,881.5,29.3,21.8,611
2025_08_15,525,17.51752,595.8,15.1,30.1,21.5,513
2025_08_15,525,17.51752,3266.7,89.0,18.8,22.5,383
2025_08_15,525,17.51752,2314.9,739.0,23.1,21.1,455
2025_08_15,525,17.51752,3389.5,2077.0,25.5,26.7,584
2025_08_15,525,17.51752,1041.8,1236.3,20.6,17.6,319
2025_08_15,525,17.51752,2755.9,474.8,19.5,18.3,353
2025_08_15,526,17.55088,2609.2,1568.4,21.1,17.0,362
2025_08_15,526,17.55088,399.4,881.8,29.5,22.0,624
2025_08_15,526,17.55088,595.8,15.1,29.6,21.0,426
2025_08_15,526,17.55088,3266.8,89.5,18.7,22.9,397
2025_08_15,526,17.55088,1041.8,1236.5,21.6,17.9,333
2025_08_15,526,17.55088,2314.4,740.3,22.8,21.1,518
2025_08_15,526,17.55088,2757.6,474.6,21.5,18.9,343
2025_08_15,527,17.58425,2609.8,1568.0,20.7,16.5,369
2025_08_15,527,17.58425,398.9,882.2,29.2,22.0,634
2025_08_15,527,17.58425,3266.6,89.6,19.1,22.7,402
2025_08_15,527,17.58425,595.1,15.2,28.7,20.5,420
2025_08_15,527,17.58425,2758.5,474.1,19.7,20.3,347
2025_08_15,527,17.58425,1042.3,1237.3,21.8,17.7,330
2025_08_15,527,17.58425,2315.1,739.4,23.7,22.2,527
2025_08_15,527,17.58425,3391.6,2078.2,28.5,27.3,765
2025_08_15,528,17.61762,2610.3,1567.7,20.3,16.2,345
2025_08_15,528,17.61762,398.2,882.4,30.0,22.0,627
2025_08_15,528,17.61762,594.7,15.8,28.6,20.2,436
2025_08_15,528,17.61762,3266.5,90.2,19.6,23.5,412
2025_08_15,528,17.61762,2758.4,473.7,19.1,21.5,323
2025_08_15,528,17.61762,1043.7,1238.1,22.2,18.2,342
2025_08_15,528,17.61762,2314.5,741.5,24.9,21.5,499
2025_08_15,529,17.65098,2610.7,1567.8,20.1,16.0,335
2025_08_15,529,17.65098,397.3,882.3,30.0,21.9,635
2025_08_15,529,17.65098,593.8,16.0,28.5,20.8,439
2025_08_15,529,17.65098,3266.6,90.3,18.9,22.8,395
2025_08_15,529,17.65098,2757.8,470.8,19.7,17.1,280
2025_08_15,529,17.65098,1044.6,1238.2,20.9,17.3,321
2025_08_15,529,17.65098,2313.1,741.2,26.6,24.7,556
2025_08_15,530,17.68435,2611.6,1567.9,18.9,15.1,315
2025_08_15,530,17.68435,396.7,882.8,29.8,21.8,620
2025_08_15,530,17.68435,593.1,16.6,28.2,21.1,480
2025_08_15,530,17.68435,3266.6,91.0,19.1,23.4,394
2025_08_15,530,17.68435,2313.9,741.8,26.8,24.6,536
2025_08_15,530,17.68435,2758.0,471.5,20.0,17.1,246
2025_08_15,531,17.71772,396.1,882.9,29.5,21.3,602
2025_08_15,531,17.71772,2611.9,1568.4,18.5,14.7,318
2025_08_15,531,17.71772,592.5,16.6,28.8,21.6,504
2025_08_15,531,17.71772,3266.4,91.3,20.3,23.9,402
2025_08_15,531,17.71772,2759.6,473.0,17.3,18.4,227
2025_08_15,531,17.71772,1044.0,1240.0,20.6,17.6,308
2025_08_15,531,17.71772,2313.2,742.6,28.8,26.3,689
2025_08_15,532,17.75108,2612.0,1568.5,18.7,15.0,313
2025_08_15,532,17.75108,592.0,17.0,29.6,22.1,666
2025_08_15,532,17.75108,395.5,883.0,29.4,21.0,599
2025_08_15,532,17.75108,3266.7,91.9,20.6,24.6,402
2025_08_15,532,17.75108,2760.5,474.2,15.8,17.9,218
2025_08_15,532,17.75108,2314.3,741.3,29.3,26.1,627
2025_08_15,532,17.75108,1043.8,1240.7,21.7,18.1,336
2025_08_15,533,17.78445,2612.4,1568.4,19.1,15.5,333
2025_08_15,533,17.78445,591.5,17.4,29.8,22.6,733
2025_08_15,533,17.78445,395.0,883.4,28.8,20.8,586
2025_08_15,533,17.78445,3266.8,91.9,21.1,24.8,427
2025_08_15,533,17.78445,2760.7,474.8,15.7,17.1,230
2025_08_15,533,17.78445,1043.2,1241.6,20.7,18.0,319
2025_08_15,533,17.78445,2313.9,740.0,29.0,22.9,595
2025_08_15,534,17.81782,591.2,17.3,30.4,23.5,760
2025_08_15,534,17.81782,394.6,883.2,28.8,20.8,561
2025_08_15,534,17.81782,2612.6,1568.5,19.7,15.7,333
2025_08_15,534,17.81782,3266.9,92.5,20.8,24.7,420
2025_08_15,534,17.81782,2759.7,474.6,15.1,15.2,236
2025_08_15,534,17.81782,1043.5,1242.1,19.9,17.1,316
2025_08_15,535,17.85118,590.7,17.0,31.0,24.5,732
2025_08_15,535,17.85118,393.9,883.3,28.2,20.1,569
2025_08_15,535,17.85118,2613.9,1568.2,20.1,15.8,333
2025_08_15,535,17.85118,3267.2,92.6,20.4,24.7,433
2025_08_15,535,17.85118,2760.4,475.2,14.6,15.1,237
2025_08_15,535,17.85118,1043.9,1242.6,19.7,16.9,287
2025_08_15,536,17.88455,590.9,17.0,31.5,24.0,710
2025_08_15,536,17.88455,394.1,883.2,27.7,20.5,575
2025_08_15,536,17.88455,3267.3,93.2,19.8,24.0,436
2025_08_15,536,17.88455,2614.8,1568.2,21.9,16.9,378
2025_08_15,536,17.88455,1044.5,1243.4,20.2,17.1,324
2025_08_15,536,17.88455,2760.3,476.1,14.8,15.4,243
2025_08_15,537,17.91792,590.3,16.7,31.7,24.1,676
2025_08_15,537,17.91792,393.7,883.1,28.1,20.9,601
2025_08_15,537,17.91792,2614.2,1568.2,23.2,17.7,406
2025_08_15,537,17.91792,3267.4,93.4,19.6,23.9,423
2025_08_15,537,17.91792,1044.9,1243.7,19.4,16.7,347
2025_08_15,537,17.91792,2760.2,475.8,15.8,16.1,269
2025_08_15,538,17.95128,393.7,883.1,28.0,21.2,613
2025_08_15,538,17.95128,589.7,17.0,31.2,23.7,628
2025_08_15,538,17.95128,2614.1,1568.5,23.3,17.8,422
2025_08_15,538,17.95128,3267.1,93.8,19.4,24.3,439
2025_08_15,538,17.95128,2759.8,476.3,16.4,15.6,358
2025_08_15,538,17.95128,1045.3,1244.1,19.6,17.9,340
2025_08_15,539,17.98465,393.0,882.7,28.6,21.8,658
2025_08_15,539,17.98465,589.1,16.9,30.4,22.8,582
2025_08_15,539,17.98465,2614.1,1568.0,22.6,16.5,381
2025_08_15,539,17.98465,3267.1,94.0,18.7,24.3,425
2025_08_15,539,17.98465,2760.3,477.3,16.0,15.4,333
2025_08_15,539,17.98465,1045.2,1242.8,20.2,19.8,351
2025_08_15,539,17.98465,3392.2,2077.0,34.7,33.1,922
2025_08_15,540,18.01802,392.4,882.3,28.9,22.0,686
2025_08_15,540,18.01802,588.4,16.5,30.3,22.5,518
2025_08_15,540,18.01802,1044.8,1242.7,20.6,20.8,406
2025_08_15,540,18.01802,3266.9,94.2,19.2,24.5,572
2025_08_15,540,18.01802,2614.8,1567.6,21.7,15.2,337
2025_08_15,540,18.01802,2760.2,476.6,15.8,13.9,344
2025_08_15,541,18.05138,391.3,882.1,30.3,23.3,718
2025_08_15,541,18.05138,588.1,16.3,29.5,22.4,531
2025_08_15,541,18.05138,1044.0,1242.6,22.3,21.6,405
2025_08_15,541,18.05138,3266.8,94.7,19.0,25.2,441
2025_08_15,541,18.05138,2614.7,1567.5,21.5,15.3,345
2025_08_15,541,18.05138,2761.1,476.6,18.2,16.8,342
2025_08_15,542,18.08475,390.5,882.3,31.6,23.4,735
2025_08_15,542,18.08475,587.3,16.4,29.1,22.3,551
2025_08_15,542,18.08475,1043.7,1242.2,22.4,19.6,393
2025_08_15,542,18.08475,2614.6,1567.8,21.1,15.1,328
2025_08_15,542,18.08475,3267.0,94.8,18.8,25.3,467
2025_08_15,542,18.08475,2307.0,738.2,24.5,18.6,499
2025_08_15,543,18.11812,389.9,882.4,31.2,23.4,712
2025_08_15,543,18.11812,587.2,16.1,29.7,22.1,572
2025_08_15,543,18.11812,2614.6,1568.1,21.2,15.3,327
2025_08_15,543,18.11812,3267.1,94.7,19.5,26.2,475
2025_08_15,543,18.11812,2308.2,739.3,24.3,18.9,478
2025_08_15,543,18.11812,1046.1,1241.0,22.7,18.4,404
2025_08_15,543,18.11812,3389.1,2075.4,30.9,31.1,822
2025_08_15,543,18.11812,2761.4,475.7,18.5,18.2,388
2025_08_15,544,18.15148,389.9,882.4,31.2,23.6,695
2025_08_15,544,18.15148,586.9,15.9,29.6,22.2,665
2025_08_15,544,18.15148,2306.8,741.1,25.1,20.2,505
2025_08_15,544,18.15148,2615.0,1568.9,22.0,16.2,354
2025_08_15,544,18.15148,1046.9,1242.8,21.7,17.8,379
2025_08_15,544,18.15148,3267.3,94.6,20.7,26.5,498
2025_08_15,544,18.15148,3389.9,2075.9,28.6,30.3,761
2025_08_15,545,18.18485,389.0,882.9,30.4,23.1,665
2025_08_15,545,18.18485,586.5,15.5,29.9,22.6,696
2025_08_15,545,18.18485,2306.4,741.2,24.8,22.6,494
2025_08_15,545,18.18485,2615.1,1569.5,22.1,16.4,352
2025_08_15,545,18.18485,3267.4,94.9,20.4,25.7,506
2025_08_15,545,18.18485,2762.4,475.8,15.6,16.6,318
2025_08_15,545,18.18485,1046.4,1242.8,22.5,18.3,386
2025_08_15,545,18.18485,3390.0,2077.4,28.9,28.8,809
2025_08_15,546,18.21822,388.6,883.1,29.9,22.6,631
2025_08_15,546,18.21822,586.0,15.9,30.2,22.8,713
2025_08_15,546,18.21822,2306.7,742.4,25.0,22.2,531
2025_08_15,546,18.21822,3389.6,2075.5,27.9,29.4,741
2025_08_15,546,18.21822,2761.9,476.3,15.8,17.2,283
2025_08_15,546,18.21822,3267.3,95.1,20.7,25.4,486
2025_08_15,546,18.21822,2615.1,1570.0,22.2,16.4,357
2025_08_15,546,18.21822,1045.5,1242.0,21.8,19.3,403
2025_08_15,547,18.25158,388.1,883.0,28.7,21.5,595
2025_08_15,547,18.25158,585.8,15.8,30.2,23.0,731
2025_08_15,547,18.25158,2762.2,477.0,16.0,18.0,270
2025_08_15,547,18.25158,2306.4,742.4,24.0,23.0,529
2025_08_15,547,18.25158,2617.1,1570.1,21.8,16.3,342
2025_08_15,547,18.25158,3267.7,95.2,21.0,25.3,463
2025_08_15,547,18.25158,3390.1,2075.8,28.4,29.8,726
2025_08_15,547,18.25158,1044.8,1242.0,23.0,19.9,432
2025_08_15,548,18.28495,585.5,16.2,30.7,22.9,721
2025_08_15,548,18.28495,388.4,882.5,27.3,20.1,576
2025_08_15,548,18.28495,2617.7,1570.2,20.7,16.4,333
2025_08_15,548,18.28495,2306.2,742.0,24.9,25.3,583
2025_08_15,548,18.28495,2762.8,476.9,15.8,16.9,302
2025_08_15,548,18.28495,3268.0,96.8,21.7,24.3,458
2025_08_15,548,18.28495,1045.0,1242.1,23.1,20.0,415
2025_08_15,548,18.28495,3392.1,2077.7,28.8,29.3,712
2025_08_15,549,18.31832,584.9,15.9,31.0,23.0,704
2025_08_15,549,18.31832,388.7,882.3,27.1,20.1,571
2025_08_15,549,18.31832,2618.0,1569.9,20.3,16.8,332
2025_08_15,549,18.31832,3267.7,97.0,22.2,23.4,440
2025_08_15,549,18.31832,2305.3,742.2,24.2,25.8,576
2025_08_15,549,18.31832,1044.4,1241.6,22.6,18.6,373
2025_08_15,549,18.31832,2763.8,476.7,17.7,17.6,291
2025_08_15,549,18.31832,3393.1,2079.7,29.9,31.1,738
2025_08_15,550,18.35169,584.2,16.1,30.5,22.6,698
2025_08_15,550,18.35169,2618.1,1569.7,20.3,17.4,338
2025_08_15,550,18.35169,389.0,882.5,27.4,20.1,566
2025_08_15,550,18.35169,3267.3,97.4,21.8,23.2,466
2025_08_15,550,18.35169,2764.0,475.9,17.7,17.1,301
2025_08_15,550,18.35169,3392.2,2080.0,31.4,30.9,765
2025_08_15,550,18.35169,2305.5,742.8,23.8,24.4,524
2025_08_15,550,18.35169,1045.8,1242.6,21.9,18.8,390
2025_08_15,551,18.38505,2618.1,1569.8,21.3,18.0,362
2025_08_15,551,18.38505,583.7,16.4,30.5,22.0,651
2025_08_15,551,18.38505,389.0,882.6,28.3,20.1,589
2025_08_15,551,18.38505,3266.9,97.8,19.5,22.2,437
2025_08_15,551,18.38505,2764.6,476.1,17.4,16.5,288
2025_08_15,551,18.38505,2306.2,742.4,22.8,21.1,467
2025_08_15,551,18.38505,3392.7,2080.5,31.1,32.8,791
2025_08_15,551,18.38505,1047.8,1242.1,21.8,19.8,408
2025_08_15,552,18.41842,2618.1,1569.6,21.1,18.1,362
2025_08_15,552,18.41842,388.8,882.8,28.1,20.0,586
2025_08_15,552,18.41842,583.3,16.5,30.1,21.6,600
2025_08_15,552,18.41842,3266.7,98.5,20.7,21.7,409
2025_08_15,552,18.41842,2764.6,475.5,19.0,18.1,302
2025_08_15,552,18.41842,1048.9,1242.2,21.7,20.3,392
2025_08_15,553,18.45179,2618.3,1569.4,20.5,17.5,351
2025_08_15,553,18.45179,388.3,883.1,29.2,20.3,602
2025_08_15,553,18.45179,582.6,16.7,29.5,21.1,515
2025_08_15,553,18.45179,3266.3,98.9,20.4,21.2,392
2025_08_15,553,18.45179,2764.4,476.1,17.8,17.6,301
2025_08_15,553,18.45179,1048.6,1242.9,22.3,21.3,428
2025_08_15,554,18.48515,2618.4,1569.1,21.4,17.2,352
2025_08_15,554,18.48515,388.1,883.1,29.2,20.4,607
2025_08_15,554,18.48515,582.5,16.7,29.8,21.3,510
2025_08_15,554,18.48515,3266.8,98.8,20.1,21.7,510
2025_08_15,554,18.48515,1049.3,1243.0,22.6,20.7,397
2025_08_15,554,18.48515,2764.9,475.2,16.4,17.3,277
2025_08_15,555,18.51852,2619.1,1569.0,20.5,16.7,343
2025_08_15,555,18.51852,387.3,883.4,29.7,20.7,612
2025_08_15,555,18.51852,581.7,16.8,29.8,21.0,514
2025_08_15,555,18.51852,3266.8,99.2,20.0,21.6,374
2025_08_15,555,18.51852,1048.4,1242.0,23.0,20.4,423
2025_08_15,555,18.51852,2764.2,474.4,16.0,16.5,247
2025_08_15,555,18.51852,2306.2,741.7,25.1,21.6,524
2025_08_15,556,18.55189,2619.6,1569.4,20.1,16.7,347
2025_08_15,556,18.55189,387.1,883.7,29.9,20.8,624
2025_08_15,556,18.55189,581.8,17.3,30.0,21.0,502
2025_08_15,556,18.55189,3267.7,99.6,20.8,22.6,405
2025_08_15,556,18.55189,1048.8,1241.5,22.7,19.9,419
2025_08_15,556,18.55189,2764.7,474.5,15.1,16.5,222
2025_08_15,556,18.55189,2305.5,741.9,24.2,20.7,449
2025_08_15,557,18.58525,2620.2,1569.3,19.5,16.2,339
2025_08_15,557,18.58525,581.0,17.7,30.5,21.1,519
2025_08_15,557,18.58525,386.6,883.9,30.1,21.0,622
2025_08_15,557,18.58525,3267.6,100.0,20.3,22.9,403
2025_08_15,557,18.58525,2305.9,740.1,25.0,21.4,471
2025_08_15,557,18.58525,2764.8,475.2,14.7,15.7,242
2025_08_15,557,18.58525,1048.2,1242.0,22.2,18.6,381
2025_08_15,558,18.61862,2620.5,1569.1,19.4,16.1,321
2025_08_15,558,18.61862,580.6,17.9,29.6,21.2,512
2025_08_15,558,18.61862,386.0,884.2,30.4,21.5,634
2025_08_15,558,18.61862,3268.6,100.0,20.1,23.8,414
2025_08_15,558,18.61862,2765.5,475.7,14.6,15.9,257
2025_08_15,558,18.61862,2304.8,740.7,24.0,20.0,447
2025_08_15,558,18.61862,1048.1,1243.1,22.2,18.9,383
2025_08_15,559,18.65199,2621.7,1568.9,17.9,15.2,286
2025_08_15,559,18.65199,579.9,18.0,30.3,21.8,526
2025_08_15,559,18.65199,385.7,884.4,30.1,21.4,626
2025_08_15,559,18.65199,3268.7,100.3,20.3,24.5,450
2025_08_15,559,18.65199,2305.3,742.0,22.8,20.1,450
2025_08_15,559,18.65199,2766.5,476.5,14.0,15.4,276
2025_08_15,559,18.65199,1049.0,1243.9,21.5,18.5,396
2025_08_15,560,18.68535,2621.9,1568.4,18.2,15.1,270
2025_08_15,560,18.68535,579.5,18.0,30.3,22.3,548
2025_08_15,560,18.68535,3269.3,100.6,20.3,24.3,431
2025_08_15,560,18.68535,384.9,884.9,30.3,21.7,620
2025_08_15,560,18.68535,2766.7,476.6,15.1,15.9,267
2025_08_15,560,18.68535,2305.3,741.6,24.7,19.6,507
2025_08_15,561,18.71872,2622.5,1568.4,17.4,14.6,280
2025_08_15,561,18.71872,578.9,18.0,30.5,22.5,592
2025_08_15,561,18.71872,3269.2,100.7,21.1,24.3,452
2025_08_15,561,18.71872,384.3,885.1,30.4,21.7,610
2025_08_15,561,18.71872,2766.8,477.2,15.9,18.4,297
2025_08_15,561,18.71872,2304.7,741.8,25.9,20.9,536
2025_08_15,562,18.75209,2623.2,1568.5,17.8,14.9,289
2025_08_15,562,18.75209,578.9,18.1,31.0,23.3,654
2025_08_15,562,18.75209,3269.3,101.3,21.1,24.0,449
2025_08_15,562,18.75209,383.9,884.9,30.3,21.9,606
2025_08_15,562,18.75209,2766.8,477.5,16.6,19.1,292
2025_08_15,563,18.78545,579.0,17.8,30.8,23.3,685
2025_08_15,563,18.78545,2623.4,1568.7,18.0,15.0,284
2025_08_15,563,18.78545,3269.3,101.7,22.5,24.6,449
2025_08_15,563,18.78545,383.3,884.8,30.7,21.7,616
2025_08_15,563,18.78545,2767.5,478.4,16.2,20.8,293
2025_08_15,563,18.78545,2302.7,742.9,25.0,22.0,492
2025_08_15,563,18.78545,2768.0,481.7,15.9,20.6,300
2025_08_15,564,18.81882,2623.5,1568.8,19.0,15.5,293
2025_08_15,564,18.81882,578.5,17.7,30.9,23.3,696
2025_08_15,564,18.81882,3269.2,102.3,22.5,23.9,448
2025_08_15,564,18.81882,383.9,884.6,29.7,21.1,602
2025_08_15,564,18.81882,2768.2,482.0,15.7,20.1,314
2025_08_15,564,18.81882,2301.8,743.1,25.2,22.6,468
2025_08_15,565,18.85219,578.6,17.8,30.5,23.5,685
2025_08_15,565,18.85219,2623.7,1568.7,19.5,15.6,298
2025_08_15,565,18.85219,3269.0,102.4,21.5,23.8,444
2025_08_15,565,18.85219,382.9,884.4,29.8,21.4,584
2025_08_15,565,18.85219,2301.1,742.9,24.9,23.1,472
2025_08_15,565,18.85219,2767.9,481.8,15.9,20.4,296
2025_08_15,565,18.85219,1051.5,1250.1,20.2,19.9,333
2025_08_15,565,18.85219,2246.2,2114.9,19.6,18.3,406
2025_08_15,566,18.88555,578.3,17.6,30.6,23.1,632
2025_08_15,566,18.88555,2624.7,1568.7,20.3,16.0,320
2025_08_15,566,18.88555,3269.0,103.0,21.0,23.5,443
2025_08_15,566,18.88555,384.0,884.2,28.6,20.7,593
2025_08_15,566,18.88555,2768.4,482.1,14.8,19.9,293
2025_08_15,566,18.88555,2301.1,742.3,26.1,22.0,460
2025_08_15,566,18.88555,1052.9,1249.4,22.3,21.2,413
2025_08_15,567,18.91892,2625.1,1568.5,20.7,16.3,316
2025_08_15,567,18.91892,577.9,17.5,30.5,22.6,607
2025_08_15,567,18.91892,3268.8,103.1,22.1,23.5,427
2025_08_15,567,18.91892,383.1,883.6,28.3,20.3,587
2025_08_15,567,18.91892,1053.5,1246.7,24.2,21.7,544
2025_08_15,567,18.91892,2301.9,739.6,27.2,25.5,540
2025_08_15,567,18.91892,2768.1,481.4,15.5,21.1,315
2025_08_15,568,18.95229,2625.4,1568.2,20.5,16.9,337
2025_08_15,568,18.95229,578.3,17.1,30.6,22.4,614
2025_08_15,568,18.95229,3268.9,103.3,20.9,23.8,415
2025_08_15,568,18.95229,383.0,883.0,28.3,20.2,579
2025_08_15,568,18.95229,2767.0,478.3,17.4,21.4,304
2025_08_15,568,18.95229,1053.8,1246.5,25.4,23.0,594
2025_08_15,568,18.95229,2302.5,740.7,25.8,24.1,794
2025_08_15,569,18.98565,2625.2,1568.2,20.8,17.1,344
2025_08_15,569,18.98565,577.9,16.8,29.7,21.8,587
2025_08_15,569,18.98565,3268.9,103.6,21.5,24.1,459
2025_08_15,569,18.98565,382.4,882.9,27.9,20.4,591
2025_08_15,569,18.98565,1053.3,1246.6,26.6,24.1,621
2025_08_15,569,18.98565,2767.6,478.1,16.3,20.4,300
2025_08_15,569,18.98565,2302.0,741.8,24.8,24.4,582
2025_08_15,570,19.01902,2625.7,1568.5,20.0,16.4,346
2025_08_15,570,19.01902,577.7,16.7,30.0,22.0,556
2025_08_15,570,19.01902,3269.0,103.6,23.4,24.1,490
2025_08_15,570,19.01902,382.0,883.1,27.6,20.4,605
2025_08_15,570,19.01902,2768.9,476.7,18.6,20.9,325
2025_08_15,570,19.01902,1053.9,1246.6,24.9,23.4,570
2025_08_15,570,19.01902,2301.4,744.9,25.3,24.4,620
2025_08_15,571,19.05239,2626.4,1568.7,19.0,15.8,358
2025_08_15,571,19.05239,577.9,16.6,29.2,22.3,596
2025_08_15,571,19.05239,3269.3,104.2,22.5,25.2,459
2025_08_15,571,19.05239,381.8,883.0,28.2,21.5,617
2025_08_15,571,19.05239,2769.8,475.9,19.2,21.0,333
2025_08_15,571,19.05239,2301.0,743.1,25.5,25.2,658
2025_08_15,571,19.05239,1057.0,1246.5,22.5,21.4,483
2025_08_15,572,19.08575,577.8,16.6,29.5,22.5,626
2025_08_15,572,19.08575,2627.5,1569.1,17.9,15.3,340
2025_08_15,572,19.08575,3269.4,104.1,22.4,24.8,463
2025_08_15,572,19.08575,381.4,883.4,28.5,22.0,626
2025_08_15,572,19.08575,2300.6,745.0,25.0,26.0,654
2025_08_15,572,19.08575,2769.7,475.5,17.1,18.0,286
2025_08_15,573,19.11912,2627.9,1569.2,18.0,15.5,335
2025_08_15,573,19.11912,577.5,16.4,29.9,22.9,656
2025_08_15,573,19.11912,3269.8,104.4,22.4,24.6,471
2025_08_15,573,19.11912,381.2,883.7,28.9,22.7,632
2025_08_15,573,19.11912,2299.9,743.1,26.9,26.2,666
2025_08_15,574,19.15249,2628.2,1569.4,18.6,16.0,354
2025_08_15,574,19.15249,3269.9,105.1,22.9,24.0,455
2025_08_15,574,19.15249,380.9,883.8,29.7,22.7,641
2025_08_15,574,19.15249,576.8,16.3,31.2,23.6,654
2025_08_15,574,19.15249,2299.7,742.1,25.7,23.1,563
2025_08_15,574,19.15249,3399.2,2082.2,32.8,28.2,772
2025_08_15,574,19.15249,2770.0,475.1,15.7,15.1,235
2025_08_15,575,19.18585,2628.5,1569.5,19.3,16.6,367
2025_08_15,575,19.18585,3270.0,106.0,22.7,23.0,435
2025_08_15,575,19.18585,380.9,884.1,29.6,23.1,655
2025_08_15,575,19.18585,576.2,16.4,31.3,23.6,627
2025_08_15,575,19.18585,3400.0,2085.3,34.0,31.2,804
2025_08_15,575,19.18585,2299.8,742.4,25.6,23.2,557
2025_08_15,575,19.18585,2770.3,475.9,16.5,16.0,304
2025_08_15,576,19.21922,2628.9,1569.5,19.5,16.8,364
2025_08_15,576,19.21922,3270.3,106.0,22.6,23.0,439
2025_08_15,576,19.21922,380.9,884.0,30.6,23.0,645
2025_08_15,576,19.21922,576.0,16.6,32.1,23.8,626
2025_08_15,576,19.21922,2771.2,475.9,17.0,16.4,317
2025_08_15,576,19.21922,3399.8,2085.5,32.9,31.6,788
2025_08_15,577,19.25259,2629.5,1569.5,18.4,16.7,347
2025_08_15,577,19.25259,380.7,884.2,29.8,22.8,648
2025_08_15,577,19.25259,3270.2,105.9,22.0,22.7,422
2025_08_15,577,19.25259,575.3,16.9,32.6,23.3,609
2025_08_15,577,19.25259,2771.9,476.2,16.2,16.5,319
2025_08_15,578,19.28595,2629.7,1569.4,19.1,16.8,349
2025_08_15,578,19.28595,3270.1,106.0,21.9,22.8,414
2025_08_15,578,19.28595,380.6,883.9,30.1,22.0,623
2025_08_15,578,19.28595,575.0,16.9,32.4,23.2,599
2025_08_15,578,19.28595,2772.4,476.7,16.6,17.4,317
2025_08_15,579,19.31932,2629.7,1569.3,19.8,17.0,370
2025_08_15,579,19.31932,574.3,17.1,32.0,23.2,596
2025_08_15,579,19.31932,381.0,883.7,29.2,21.7,617
2025_08_15,579,19.31932,3270.2,106.0,21.0,23.2,432
2025_08_15,579,19.31932,2772.7,477.0,16.4,18.0,317
2025_08_15,580,19.35269,2629.8,1569.2,20.3,17.3,371
2025_08_15,580,19.35269,574.1,17.3,31.4,22.6,550
2025_08_15,580,19.35269,381.1,883.8,28.7,21.0,598
2025_08_15,580,19.35269,3270.5,106.6,21.4,23.5,420
2025_08_15,580,19.35269,2772.9,477.3,16.9,18.6,314
2025_08_15,580,19.35269,1057.7,1249.4,21.0,21.2,338
2025_08_15,581,19.38605,2629.4,1569.1,20.2,17.2,363
2025_08_15,581,19.38605,573.4,17.6,31.4,22.3,509
2025_08_15,581,19.38605,380.7,883.7,28.8,20.8,592
2025_08_15,581,19.38605,3270.1,107.2,21.8,23.1,440
2025_08_15,581,19.38605,1057.3,1249.6,22.0,20.8,344
2025_08_15,581,19.38605,1055.1,1246.4,22.4,20.9,362
2025_08_15,582,19.41942,2629.7,1568.7,20.4,17.2,359
2025_08_15,582,19.41942,573.2,17.7,30.2,21.8,482
2025_08_15,582,19.41942,3269.9,107.9,22.9,23.3,458
2025_08_15,582,19.41942,380.6,883.7,29.5,20.6,593
2025_08_15,582,19.41942,1057.1,1249.4,22.9,21.2,409
2025_08_15,582,19.41942,1055.3,1246.9,23.0,21.8,419
2025_08_15,583,19.45279,2630.1,1568.6,19.1,16.5,343
2025_08_15,583,19.45279,572.8,17.6,29.6,21.5,451
2025_08_15,583,19.45279,380.0,884.0,29.5,20.6,588
2025_08_15,583,19.45279,3270.3,107.8,22.9,24.0,476
2025_08_15,583,19.45279,1057.3,1249.6,22.5,21.0,394
2025_08_15,583,19.45279,2298.9,742.6,21.9,21.6,513
2025_08_15,584,19.48615,2630.6,1568.2,19.1,16.2,322
2025_08_15,584,19.48615,572.2,17.9,29.3,21.1,460
2025_08_15,584,19.48615,3269.8,108.2,23.7,23.5,467
2025_08_15,584,19.48615,379.6,884.2,29.7,20.2,582
2025_08_15,584,19.48615,2299.5,742.4,23.1,22.0,515
2025_08_15,584,19.48615,1057.4,1249.5,22.3,21.2,419
2025_08_15,585,19.51952,2630.7,1568.1,18.9,16.2,301
2025_08_15,585,19.51952,3269.7,108.4,23.9,23.3,470
2025_08_15,585,19.51952,571.9,18.1,29.7,21.1,452
2025_08_15,585,19.51952,379.0,884.2,30.1,20.6,611
2025_08_15,585,19.51952,1057.7,1249.9,22.1,20.5,445
2025_08_15,585,19.51952,2298.9,742.6,22.1,21.4,528
2025_08_15,586,19.55289,2631.3,1568.1,19.5,16.3,316
2025_08_15,586,19.55289,3269.7,108.7,23.4,23.2,466
2025_08_15,586,19.55289,571.8,18.6,30.0,21.4,467
2025_08_15,586,19.55289,378.7,884.5,29.0,20.2,585
2025_08_15,586,19.55289,1058.6,1249.4,21.6,21.4,479
2025_08_15,586,19.55289,2299.2,743.0,23.8,22.0,550
2025_08_15,587,19.58625,2631.8,1568.0,19.0,15.9,307
2025_08_15,587,19.58625,3269.8,109.6,23.8,23.5,491
2025_08_15,587,19.58625,571.4,18.4,30.5,21.8,500
2025_08_15,587,19.58625,378.4,884.6,29.0,20.4,583
2025_08_15,587,19.58625,2299.9,745.8,25.4,21.4,554
2025_08_15,587,19.58625,1060.9,1246.5,20.6,21.0,460
2025_08_15,587,19.58625,3559.6,1336.1,39.1,33.5,1096
2025_08_15,588,19.61962,2632.9,1567.9,19.0,15.5,293
2025_08_15,588,19.61962,3270.0,110.2,24.1,23.0,486
2025_08_15,588,19.61962,571.7,18.0,32.0,22.7,550
2025_08_15,588,19.61962,378.0,884.6,28.7,20.7,570
2025_08_15,588,19.61962,2299.9,746.0,24.6,21.2,572
2025_08_15,588,19.61962,1061.3,1249.3,21.5,21.4,446
2025_08_15,589,19.65299,2633.3,1568.0,18.8,15.2,289
2025_08_15,589,19.65299,571.3,17.3,32.9,24.1,641
2025_08_15,589,19.65299,3269.9,110.8,24.6,22.7,459
2025_08_15,589,19.65299,377.4,885.0,29.0,20.8,571
2025_08_15,589,19.65299,1061.0,1249.4,22.1,21.4,439
2025_08_15,589,19.65299,2299.6,746.4,25.1,20.4,539
2025_08_15,589,19.65299,2772.7,483.0,12.9,18.0,399
2025_08_15,590,19.68635,571.1,17.2,32.5,24.6,739
2025_08_15,590,19.68635,2633.7,1568.0,18.8,15.3,287
2025_08_15,590,19.68635,377.0,885.2,28.4,21.3,569
2025_08_15,590,19.68635,3270.3,111.6,24.0,22.6,446
2025_08_15,590,19.68635,1060.4,1250.0,21.6,20.1,419
2025_08_15,590,19.68635,2773.5,483.0,13.7,17.9,434
2025_08_15,591,19.71972,570.7,17.5,32.6,24.8,741
2025_08_15,591,19.71972,2634.2,1567.7,19.1,15.1,294
2025_08_15,591,19.71972,376.8,885.0,28.6,21.1,565
2025_08_15,591,19.71972,3270.6,111.7,23.7,22.8,439
2025_08_15,591,19.71972,1061.4,1250.0,21.7,20.2,408
2025_08_15,591,19.71972,2774.2,482.5,14.1,19.0,409
2025_08_15,592,19.75309,570.1,17.8,32.2,24.6,710
2025_08_15,592,19.75309,376.4,884.9,29.5,21.7,581
2025_08_15,592,19.75309,3270.7,111.0,22.2,22.1,414
2025_08_15,592,19.75309,2634.6,1567.7,19.3,15.5,309
2025_08_15,592,19.75309,2775.4,482.4,16.2,19.5,381
2025_08_15,592,19.75309,1062.1,1250.2,19.9,19.7,307
2025_08_15,592,19.75309,1062.1,1246.8,18.7,21.6,301
2025_08_15,593,19.78645,570.0,18.1,31.9,24.2,640
2025_08_15,593,19.78645,376.2,884.8,29.9,21.6,606
2025_08_15,593,19.78645,3270.7,110.8,22.5,22.3,422
2025_08_15,593,19.78645,2635.0,1567.8,20.0,15.8,316
2025_08_15,593,19.78645,2775.5,481.0,19.9,24.4,483
2025_08_15,593,19.78645,2299.5,745.0,25.6,24.4,621
2025_08_15,593,19.78645,1061.9,1250.6,20.0,18.9,284
2025_08_15,594,19.81982,569.4,18.2,30.7,23.3,598
2025_08_15,594,19.81982,3270.5,110.6,21.0,22.5,424
2025_08_15,594,19.81982,376.0,884.5,29.6,21.7,619
2025_08_15,594,19.81982,2634.7,1567.9,21.2,16.3,339
2025_08_15,594,19.81982,2777.3,478.4,23.9,26.5,529
2025_08_15,594,19.81982,2297.9,745.1,24.2,22.0,573
2025_08_15,594,19.81982,1062.1,1250.7,18.9,18.7,259
2025_08_15,595,19.85319,569.3,17.8,29.7,22.4,501
2025_08_15,595,19.85319,3270.5,110.9,21.8,23.5,435
2025_08_15,595,19.85319,375.2,884.6,30.1,21.9,638
2025_08_15,595,19.85319,2634.8,1568.2,21.3,16.5,343
2025_08_15,595,19.85319,2777.1,478.6,23.4,25.4,502
2025_08_15,595,19.85319,1062.6,1251.4,19.1,17.4,279
2025_08_15,596,19.88655,569.5,17.9,28.8,21.7,455
2025_08_15,596,19.88655,2634.6,1568.2,20.6,16.2,325
2025_08_15,596,19.88655,374.9,884.2,30.2,22.2,635
2025_08_15,596,19.88655,3270.6,111.2,22.2,23.7,438
2025_08_15,596,19.88655,2779.0,478.5,19.2,22.5,424
2025_08_15,596,19.88655,2293.9,742.7,23.6,21.7,549
2025_08_15,596,19.88655,1062.7,1251.2,19.1,17.9,273
2025_08_15,597,19.91992,2635.1,1568.1,20.7,16.7,336
2025_08_15,597,19.91992,3270.4,112.2,23.0,24.1,456
2025_08_15,597,19.91992,569.2,17.4,28.1,20.6,431
2025_08_15,597,19.91992,374.8,884.4,30.6,22.4,647
2025_08_15,597,19.91992,2779.1,477.7,17.9,20.9,354
2025_08_15,597,19.91992,1063.0,1251.1,18.9,17.9,299
2025_08_15,597,19.91992,2293.6,742.9,21.2,21.9,541
2025_08_15,598,19.95329,3270.4,112.5,23.8,23.5,464
2025_08_15,598,19.95329,2636.4,1568.1,20.5,16.3,313
2025_08_15,598,19.95329,569.7,17.4,28.1,20.4,434
2025_08_15,598,19.95329,374.8,884.8,29.4,21.9,637
2025_08_15,598,19.95329,2777.8,475.4,14.7,15.0,227
2025_08_15,598,19.95329,2293.1,742.9,23.5,23.0,534
2025_08_15,598,19.95329,1063.2,1250.8,20.4,18.9,311
2025_08_15,599,19.98665,3270.9,112.7,22.9,23.1,446
2025_08_15,599,19.98665,569.9,17.5,28.3,20.9,460
2025_08_15,599,19.98665,374.5,884.8,29.5,21.9,628
2025_08_15,599,19.98665,2636.9,1568.2,21.2,16.6,334
2025_08_15,599,19.98665,1064.6,1250.7,22.8,19.8,378
2025_08_15,599,19.98665,2294.5,742.1,26.0,25.5,610
2025_08_15,599,19.98665,2777.3,475.3,14.7,14.8,235
2025_08_15,600,20.02002,3270.6,113.5,23.5,23.0,474
2025_08_15,600,20.02002,569.3,18.0,28.4,21.3,482
2025_08_15,600,20.02002,374.3,885.0,29.4,21.6,618
2025_08_15,600,20.02002,2637.7,1568.3,22.1,16.7,335
2025_08_15,600,20.02002,1064.7,1251.4,24.2,21.2,429
2025_08_15,600,20.02002,2777.0,476.1,14.7,16.3,291
2025_08_15,600,20.02002,2294.0,741.7,28.6,27.2,716
2025_08_15,601,20.05339,569.4,18.2,29.3,22.1,496
2025_08_15,601,20.05339,374.4,885.0,29.2,22.2,606
2025_08_15,601,20.05339,3271.0,114.2,22.9,24.2,449
2025_08_15,601,20.05339,2295.7,740.4,29.1,26.2,748
2025_08_15,601,20.05339,2637.9,1568.5,20.4,16.7,328
2025_08_15,601,20.05339,1063.7,1251.2,24.1,21.3,404
2025_08_15,601,20.05339,3402.0,2089.5,29.8,26.8,692
2025_08_15,601,20.05339,2777.2,476.8,14.8,17.6,264
2025_08_15,602,20.08675,568.8,18.4,30.0,23.0,534
2025_08_15,602,20.08675,373.9,885.1,28.4,21.6,565
2025_08_15,602,20.08675,2295.9,740.1,27.5,24.3,728
2025_08_15,602,20.08675,2637.8,1569.0,22.5,17.3,334
2025_08_15,602,20.08675,1062.7,1251.6,22.6,20.5,387
2025_08_15,602,20.08675,3271.1,114.9,22.2,24.0,435
2025_08_15,602,20.08675,2776.8,477.2,15.0,18.3,271
2025_08_15,602,20.08675,3402.0,2089.4,29.3,25.9,686
2025_08_15,603,20.12012,568.6,18.7,30.7,23.3,603
2025_08_15,603,20.12012,373.9,885.1,28.4,21.8,589
2025_08_15,603,20.12012,2295.5,740.7,26.8,24.2,691
2025_08_15,603,20.12012,2638.1,1569.0,22.9,17.6,342
2025_08_15,603,20.12012,1061.6,1251.5,22.4,20.0,378
2025_08_15,603,20.12012,3271.6,115.3,22.6,23.1,419
2025_08_15,603,20.12012,2776.8,478.0,15.7,19.9,301
2025_08_15,603,20.12012,3401.7,2089.6,28.7,25.7,652
2025_08_15,603,20.12012,2776.9,481.7,15.6,20.6,313
2025_08_15,604,20.15349,568.0,19.1,31.4,23.5,627
2025_08_15,604,20.15349,374.0,884.8,28.6,21.8,586
2025_08_15,604,20.15349,2294.6,741.9,25.8,23.2,631
2025_08_15,604,20.15349,2638.5,1568.9,22.1,17.1,338
2025_08_15,604,20.15349,1753.1,532.8,13.1,12.9,223
2025_08_15,604,20.15349,3271.7,115.2,23.1,22.1,413
2025_08_15,604,20.15349,1060.9,1250.6,24.1,21.0,372
2025_08_15,604,20.15349,2777.2,482.3,15.0,19.4,315
2025_08_15,604,20.15349,3402.0,2090.5,28.7,25.6,672
2025_08_15,604,20.15349,2777.2,478.4,15.1,20.7,299
2025_08_15,605,20.18685,567.6,19.4,31.5,23.9,647
2025_08_15,605,20.18685,374.1,884.7,27.9,21.7,569
2025_08_15,605,20.18685,2638.3,1568.9,21.4,16.6,331
2025_08_15,605,20.18685,2293.8,742.0,26.9,24.4,662
2025_08_15,605,20.18685,2777.2,482.5,16.5,19.0,308
2025_08_15,605,20.18685,3271.3,115.0,23.7,22.6,406
2025_08_15,605,20.18685,1062.6,1250.0,21.1,20.2,327
2025_08_15,606,20.22022,566.8,19.8,31.8,23.7,666
2025_08_15,606,20.22022,373.9,884.9,28.1,21.9,575
2025_08_15,606,20.22022,2638.3,1568.9,20.7,15.9,323
2025_08_15,606,20.22022,2291.4,742.6,22.9,21.7,528
2025_08_15,606,20.22022,3271.3,115.4,23.4,22.2,403
2025_08_15,606,20.22022,2777.9,482.9,16.0,18.3,326
2025_08_15,606,20.22022,1064.9,1249.7,20.9,20.6,337
2025_08_15,607,20.25359,566.4,19.8,31.3,23.5,637
2025_08_15,607,20.25359,373.3,885.2,29.5,22.3,625
2025_08_15,607,20.25359,2638.2,1568.7,20.8,16.0,322
2025_08_15,607,20.25359,3271.3,115.6,22.9,22.8,420
2025_08_15,607,20.25359,2778.9,483.1,17.4,18.3,403
2025_08_15,607,20.25359,1065.7,1250.2,19.3,19.6,313
2025_08_15,607,20.25359,2290.6,742.5,21.3,21.2,490
2025_08_15,607,20.25359,3403.9,2090.8,29.2,28.9,750
2025_08_15,608,20.28695,565.5,19.7,30.9,22.8,573
2025_08_15,608,20.28695,373.1,885.3,29.5,22.4,633
2025_08_15,608,20.28695,2638.4,1568.7,20.9,16.2,330
2025_08_15,608,20.28695,1065.8,1250.2,20.2,19.7,360
2025_08_15,608,20.28695,3271.2,116.2,22.3,23.6,428
2025_08_15,608,20.28695,2779.8,483.9,19.2,19.5,474
2025_08_15,608,20.28695,3404.8,2092.0,30.0,31.0,800
2025_08_15,609,20.32032,565.1,19.3,30.8,22.4,549
2025_08_15,609,20.32032,2638.4,1568.5,20.8,16.1,310
2025_08_15,609,20.32032,3271.3,116.9,23.3,23.8,445
2025_08_15,609,20.32032,372.4,885.6,32.1,23.3,672
2025_08_15,609,20.32032,1066.5,1250.3,20.6,19.5,381
2025_08_15,609,20.32032,2780.7,484.3,20.6,21.1,510
2025_08_15,609,20.32032,3405.0,2092.2,30.9,31.3,812
2025_08_15,610,20.35369,2638.2,1568.7,20.5,16.1,310
2025_08_15,610,20.35369,564.5,18.9,31.0,22.2,534
2025_08_15,610,20.35369,1066.5,1251.0,21.8,20.0,401
2025_08_15,610,20.35369,372.2,885.7,32.1,23.0,658
2025_08_15,610,20.35369,3271.8,117.7,24.0,24.7,457
2025_08_15,610,20.35369,2781.3,484.9,21.7,22.5,572
2025_08_15,611,20.38705,2638.2,1568.7,20.5,16.1,305
2025_08_15,611,20.38705,564.1,18.7,31.0,21.5,511
2025_08_15,611,20.38705,371.9,886.2,31.8,22.9,693
2025_08_15,611,20.38705,1066.8,1251.6,23.3,20.3,443
2025_08_15,611,20.38705,3271.5,118.1,24.9,25.3,466
2025_08_15,611,20.38705,2782.0,485.4,22.1,21.9,591
2025_08_15,612,20.42042,564.3,18.9,30.7,21.3,492
2025_08_15,612,20.42042,371.5,886.3,31.5,22.9,681
2025_08_15,612,20.42042,2638.3,1568.6,20.5,15.7,290
2025_08_15,612,20.42042,1066.3,1251.5,24.1,19.8,424
2025_08_15,612,20.42042,3271.8,118.7,24.9,25.2,481
2025_08_15,612,20.42042,3409.0,2093.4,26.5,28.4,737
2025_08_15,613,20.45379,564.0,19.0,30.5,21.1,497
2025_08_15,613,20.45379,371.4,886.3,31.1,22.7,646
2025_08_15,613,20.45379,2638.4,1568.6,20.8,15.9,300
2025_08_15,613,20.45379,1066.6,1251.6,24.9,20.0,415
2025_08_15,613,20.45379,3271.8,119.1,21.7,25.3,486
2025_08_15,613,20.45379,3409.4,2094.9,26.0,27.8,722
2025_08_15,614,20.48715,563.6,19.3,29.3,21.2,486
2025_08_15,614,20.48715,371.0,886.6,30.7,22.4,618
2025_08_15,614,20.48715,1067.0,1252.5,21.9,17.5,356
2025_08_15,614,20.48715,2638.7,1568.6,21.4,16.2,321
2025_08_15,614,20.48715,3271.6,119.3,23.3,25.7,501
2025_08_15,614,20.48715,2780.0,483.2,16.1,17.6,386
2025_08_15,615,20.52052,563.6,19.8,28.8,21.1,490
2025_08_15,615,20.52052,370.7,886.5,30.5,22.1,595
2025_08_15,615,20.52052,1067.6,1252.9,22.2,17.8,333
2025_08_15,615,20.52052,3271.5,119.4,22.1,25.5,486
2025_08_15,615,20.52052,2641.1,1568.8,21.8,16.1,320
2025_08_15,615,20.52052,2779.7,483.1,15.4,17.8,313
2025_08_15,616,20.55389,563.2,20.6,29.6,20.9,490
2025_08_15,616,20.55389,3271.2,121.2,21.6,23.9,473
2025_08_15,616,20.55389,370.1,886.5,29.0,21.4,560
2025_08_15,616,20.55389,1067.7,1252.5,20.0,16.5,273
2025_08_15,616,20.55389,2640.9,1568.6,22.3,16.7,324
2025_08_15,616,20.55389,2779.7,483.3,15.4,17.6,306
2025_08_15,617,20.58725,562.7,21.2,28.7,20.9,475
2025_08_15,617,20.58725,369.8,886.8,28.7,21.7,529
2025_08_15,617,20.58725,3271.0,121.3,22.0,23.2,463
2025_08_15,617,20.58725,2640.9,1568.9,22.4,17.3,331
2025_08_15,617,20.58725,1068.3,1252.3,19.9,17.3,277
2025_08_15,617,20.58725,2779.8,483.6,15.7,17.1,292
2025_08_15,617,20.58725,2293.1,746.6,24.5,19.1,497
2025_08_15,618,20.62062,562.2,21.6,29.2,21.2,493
2025_08_15,618,20.62062,369.2,886.9,28.3,21.9,525
2025_08_15,618,20.62062,1068.3,1252.7,19.6,17.2,315
2025_08_15,618,20.62062,3270.6,121.1,21.7,22.4,436
2025_08_15,618,20.62062,2780.3,483.6,16.7,17.1,284
2025_08_15,618,20.62062,2640.8,1569.0,22.9,17.6,337
2025_08_15,618,20.62062,2293.5,746.4,25.2,21.2,570
2025_08_15,619,20.65399,561.5,21.9,28.9,21.4,498
2025_08_15,619,20.65399,368.7,887.1,29.1,22.3,520
2025_08_15,619,20.65399,3270.6,121.1,21.1,22.8,422
2025_08_15,619,20.65399,2780.4,483.2,17.1,17.9,325
2025_08_15,619,20.65399,2641.1,1569.2,22.3,17.2,352
2025_08_15,619,20.65399,1068.1,1253.5,19.0,17.0,261
2025_08_15,619,20.65399,2293.3,746.5,26.1,24.8,773
2025_08_15,620,20.68735,560.6,22.1,29.4,22.0,512
2025_08_15,620,20.68735,1068.2,1254.7,18.9,17.3,273
2025_08_15,620,20.68735,368.1,887.2,29.3,22.4,557
2025_08_15,620,20.68735,3270.5,121.3,20.3,23.7,411
2025_08_15,620,20.68735,2780.3,483.4,16.8,17.5,322
2025_08_15,620,20.68735,2641.1,1569.6,22.3,17.1,364
2025_08_15,621,20.72072,560.0,22.0,30.9,22.9,567
2025_08_15,621,20.72072,3270.6,121.4,19.6,23.8,416
2025_08_15,621,20.72072,1069.1,1254.9,19.7,17.9,340
2025_08_15,621,20.72072,2780.2,483.3,16.6,17.8,315
2025_08_15,621,20.72072,367.8,887.4,30.0,22.8,602
2025_08_15,621,20.72072,2641.3,1569.8,21.7,16.3,343
2025_08_15,622,20.75409,558.9,21.9,33.0,24.2,637
2025_08_15,622,20.75409,3270.6,122.1,21.1,23.4,428
2025_08_15,622,20.75409,2641.4,1569.7,21.9,16.0,354
2025_08_15,622,20.75409,1069.8,1256.6,20.1,18.7,363
2025_08_15,622,20.75409,2779.9,483.5,15.9,17.3,335
2025_08_15,622,20.75409,367.1,887.6,31.2,23.3,627
2025_08_15,622,20.75409,3647.9,1306.2,31.4,29.5,778
2025_08_15,623,20.78745,558.6,22.1,34.2,24.8,682
2025_08_15,623,20.78745,2641.6,1570.0,21.9,16.1,354
2025_08_15,623,20.78745,3270.9,122.7,20.1,23.9,451
2025_08_15,623,20.78745,2779.8,483.4,15.9,17.5,363
2025_08_15,623,20.78745,1070.2,1256.6,20.7,18.9,364
2025_08_15,623,20.78745,367.0,887.7,31.7,23.5,663
2025_08_15,624,20.82082,2642.0,1570.7,21.9,16.4,369
2025_08_15,624,20.82082,558.2,22.1,34.4,25.4,696
2025_08_15,624,20.82082,3270.9,123.7,21.1,24.3,470
2025_08_15,624,20.82082,1070.6,1257.7,22.6,19.9,422
2025_08_15,624,20.82082,2779.8,483.6,15.7,17.0,330
2025_08_15,624,20.82082,367.0,888.6,32.1,23.4,662
2025_08_15,625,20.85419,558.4,22.3,33.9,24.7,695
2025_08_15,625,20.85419,2642.0,1571.0,22.5,16.9,379
2025_08_15,625,20.85419,1070.7,1257.4,23.6,20.5,441
2025_08_15,625,20.85419,3270.7,124.4,21.4,23.8,484
2025_08_15,625,20.85419,2779.7,483.8,15.4,16.6,295
2025_08_15,625,20.85419,366.5,888.7,31.8,23.5,660
2025_08_15,626,20.88755,2642.7,1571.2,23.2,17.3,391
2025_08_15,626,20.88755,558.4,22.6,33.0,24.0,656
2025_08_15,626,20.88755,3270.7,125.3,22.5,22.9,475
2025_08_15,626,20.88755,1071.3,1257.7,22.3,19.6,421
2025_08_15,626,20.88755,2779.9,483.8,15.9,17.0,320
2025_08_15,626,20.88755,366.2,888.7,32.4,23.7,665
2025_08_15,627,20.92092,558.7,22.5,32.2,24.0,642
2025_08_15,627,20.92092,2642.9,1571.4,22.5,16.5,389
2025_08_15,627,20.92092,3270.9,125.9,22.9,22.3,466
2025_08_15,627,20.92092,1072.1,1256.9,22.0,19.2,366
2025_08_15,627,20.92092,2781.1,483.4,18.3,18.7,335
2025_08_15,627,20.92092,365.5,887.5,30.4,23.0,616
2025_08_15,628,20.95429,558.7,22.6,31.7,23.3,598
2025_08_15,628,20.95429,2642.9,1571.6,23.2,16.5,396
2025_08_15,628,20.95429,3270.9,126.3,22.6,22.0,445
2025_08_15,628,20.95429,1071.6,1258.1,22.9,20.3,409
2025_08_15,628,20.95429,2781.8,483.7,19.5,18.7,323
2025_08_15,628,20.95429,365.7,887.5,31.0,23.2,621
2025_08_15,629,20.98765,558.0,22.3,30.2,22.3,535
2025_08_15,629,20.98765,3270.8,126.8,22.7,21.8,464
2025_08_15,629,20.98765,2643.2,1571.7,22.2,16.0,396
2025_08_15,629,20.98765,1071.1,1257.1,23.6,20.7,447
2025_08_15,629,20.98765,2782.0,484.1,20.0,18.8,352
2025_08_15,629,20.98765,365.5,887.6,30.6,23.4,622
2025_08_15,630,21.02102,3270.7,127.1,22.5,21.0,442
2025_08_15,630,21.02102,557.2,22.5,28.7,21.2,473
2025_08_15,630,21.02102,2643.9,1572.0,22.2,15.6,396
2025_08_15,630,21.02102,1071.4,1256.9,22.0,19.1,402
2025_08_15,630,21.02102,365.6,888.6,30.7,23.2,619
2025_08_15,630,21.02102,2782.0,484.7,20.1,18.8,359
2025_08_15,631,21.05439,557.5,22.8,28.7,21.7,492
2025_08_15,631,21.05439,3270.5,127.7,22.5,22.5,452
2025_08_15,631,21.05439,2644.4,1572.3,22.2,15.8,398
2025_08_15,631,21.05439,365.2,889.0,29.9,23.1,626
2025_08_15,631,21.05439,2782.0,484.7,20.0,18.6,362
2025_08_15,631,21.05439,1071.5,1257.1,24.3,20.1,407
2025_08_15,631,21.05439,3408.7,2096.6,28.1,28.5,668
2025_08_15,632,21.08775,3270.6,128.1,22.5,22.9,455
2025_08_15,632,21.08775,2644.8,1572.4,22.1,16.0,388
2025_08_15,632,21.08775,557.3,23.1,29.5,22.4,512
2025_08_15,632,21.08775,365.1,889.1,29.5,22.7,615
2025_08_15,632,21.08775,1072.6,1257.5,23.0,19.2,416
2025_08_15,632,21.08775,2782.0,485.3,19.9,18.7,356
2025_08_15,632,21.08775,3408.7,2097.2,28.7,29.0,650
2025_08_15,633,21.12112,3270.4,128.5,22.3,22.8,453
2025_08_15,633,21.12112,2644.7,1572.7,22.7,16.3,381
2025_08_15,633,21.12112,364.6,889.2,29.5,22.3,598
2025_08_15,633,21.12112,1073.3,1257.8,22.2,19.0,386
2025_08_15,633,21.12112,556.6,23.3,29.3,22.6,511
2025_08_15,633,21.12112,2781.5,486.2,19.1,18.7,372
2025_08_15,633,21.12112,3407.0,2097.6,28.5,28.8,629
2025_08_15,634,21.15449,3270.6,128.8,22.3,21.4,415
2025_08_15,634,21.15449,2644.8,1572.8,22.0,16.2,379
2025_08_15,634,21.15449,364.7,889.6,29.0,21.9,588
2025_08_15,634,21.15449,1073.1,1258.1,23.0,20.3,424
2025_08_15,634,21.15449,2781.1,487.1,18.3,17.2,308
2025_08_15,634,21.15449,556.5,24.7,29.9,22.8,544
2025_08_15,634,21.15449,3406.8,2098.4,27.5,28.5,611
2025_08_15,635,21.18785,3270.1,129.2,22.0,21.5,425
2025_08_15,635,21.18785,2645.0,1573.4,21.0,15.9,378
2025_08_15,635,21.18785,364.4,889.9,29.2,22.0,585
2025_08_15,635,21.18785,1073.2,1257.7,23.2,19.4,416
2025_08_15,635,21.18785,556.4,24.9,30.2,23.0,572
2025_08_15,635,21.18785,2781.1,487.8,18.3,16.1,335
2025_08_15,635,21.18785,3406.6,2099.7,25.9,28.3,579
2025_08_15,636,21.22122,3270.8,130.1,22.5,21.9,428
2025_08_15,636,21.22122,2644.9,1573.5,22.1,16.4,382
2025_08_15,636,21.22122,364.0,890.3,28.5,21.6,571
2025_08_15,636,21.22122,1072.4,1257.1,21.3,18.4,361
2025_08_15,636,21.22122,556.3,24.9,30.5,23.5,609
2025_08_15,636,21.22122,2780.7,488.4,17.4,16.1,334
2025_08_15,636,21.22122,3406.3,2100.8,26.3,27.2,555
2025_08_15,637,21.25459,363.7,890.4,28.2,21.3,555
2025_08_15,637,21.25459,2645.2,1573.2,22.8,16.9,375
2025_08_15,637,21.25459,3270.4,130.3,23.1,22.5,440
2025_08_15,637,21.25459,555.7,25.3,30.9,23.8,636
2025_08_15,637,21.25459,1071.9,1257.5,21.6,18.4,351
2025_08_15,637,21.25459,2283.0,749.1,23.8,19.1,451
2025_08_15,637,21.25459,2780.7,489.2,17.3,16.0,346
2025_08_15,637,21.25459,3406.5,2101.4,26.3,28.2,579
2025_08_15,638,21.28795,2645.0,1572.8,22.5,17.3,377
2025_08_15,638,21.28795,555.9,25.4,31.1,24.3,658
2025_08_15,638,21.28795,363.6,890.6,28.0,21.2,535
2025_08_15,638,21.28795,3270.6,131.1,23.4,23.9,460
2025_08_15,638,21.28795,1072.3,1257.9,20.5,17.5,341
2025_08_15,638,21.28795,2282.5,750.2,23.7,19.0,446
2025_08_15,638,21.28795,2780.5,489.6,17.1,16.7,330
2025_08_15,638,21.28795,3406.8,2101.8,26.3,28.1,618
2025_08_15,639,21.32132,2645.4,1572.7,23.0,17.5,384
2025_08_15,639,21.32132,555.4,25.3,31.8,24.3,664
2025_08_15,639,21.32132,363.7,891.1,28.0,20.3,521
2025_08_15,639,21.32132,3270.1,131.2,24.2,24.1,446
2025_08_15,639,21.32132,1072.7,1258.3,20.1,17.1,323
2025_08_15,639,21.32132,2283.3,749.9,21.8,19.7,404
2025_08_15,639,21.32132,2780.3,489.5,16.7,16.8,348
2025_08_15,639,21.32132,3408.7,2103.0,26.0,27.8,702
2025_08_15,640,21.35469,2645.4,1573.0,22.2,17.7,385
2025_08_15,640,21.35469,555.2,25.5,32.7,24.9,688
2025_08_15,640,21.35469,363.1,891.9,27.6,20.0,506
2025_08_15,640,21.35469,3270.5,131.9,24.1,24.3,460
2025_08_15,640,21.35469,1073.0,1259.1,20.3,17.8,298
2025_08_15,640,21.35469,2282.6,751.2,20.7,19.8,402
2025_08_15,640,21.35469,2780.8,490.3,17.7,16.5,327
2025_08_15,640,21.35469,3408.9,2103.6,27.1,28.0,798
2025_08_15,641,21.38805,2645.6,1572.9,22.2,17.4,382
2025_08_15,641,21.38805,363.1,892.3,28.0,20.2,519
2025_08_15,641,21.38805,554.3,25.4,32.8,24.4,652
2025_08_15,641,21.38805,3270.2,131.8,22.6,24.8,472
2025_08_15,641,21.38805,1073.3,1259.6,19.8,17.7,316
2025_08_15,641,21.38805,2283.1,751.3,20.5,21.7,456
2025_08_15,641,21.38805,2781.2,490.2,18.4,17.5,349
2025_08_15,641,21.38805,3409.3,2103.8,27.7,28.9,734
2025_08_15,642,21.42142,2645.6,1573.7,22.1,17.1,388
2025_08_15,642,21.42142,362.5,892.6,28.3,20.0,551
2025_08_15,642,21.42142,3270.0,132.9,22.3,24.0,444
2025_08_15,642,21.42142,553.5,25.6,31.7,23.8,639
2025_08_15,642,21.42142,1073.9,1260.3,19.3,17.6,295
2025_08_15,642,21.42142,2781.6,490.6,19.2,18.4,370
2025_08_15,642,21.42142,2282.2,752.1,21.7,23.3,518
2025_08_15,642,21.42142,3409.0,2104.4,27.5,29.7,745
2025_08_15,643,21.45479,2645.7,1573.8,22.6,16.9,376
2025_08_15,643,21.45479,362.2,892.7,28.9,21.1,561
2025_08_15,643,21.45479,3269.8,133.4,22.2,23.9,431
2025_08_15,643,21.45479,552.8,25.9,31.1,23.7,607
2025_08_15,643,21.45479,1074.7,1261.1,19.6,18.0,323
2025_08_15,643,21.45479,2782.0,491.2,20.0,18.6,397
2025_08_15,643,21.45479,3409.2,2105.3,27.7,30.7,786
2025_08_15,643,21.45479,2281.9,752.7,21.5,24.0,543
2025_08_15,644,21.48815,2646.1,1574.2,21.7,16.1,385
2025_08_15,644,21.48815,3269.7,133.7,22.1,23.4,430
2025_08_15,644,21.48815,361.4,892.8,30.3,22.1,582
2025_08_15,644,21.48815,552.3,26.1,31.7,23.2,616
2025_08_15,644,21.48815,1075.4,1261.2,20.7,18.6,344
2025_08_15,644,21.48815,2782.0,490.7,20.0,18.1,402
2025_08_15,644,21.48815,3409.4,2105.6,28.0,29.7,770
2025_08_15,645,21.52152,361.1,892.7,31.3,22.9,629
2025_08_15,645,21.52152,3270.0,134.2,21.7,23.5,437
2025_08_15,645,21.52152,2646.7,1573.9,21.6,15.9,390
2025_08_15,645,21.52152,552.3,26.3,32.2,23.5,613
2025_08_15,645,21.52152,1075.8,1261.3,20.7,18.3,323
2025_08_15,645,21.52152,2782.1,491.2,20.2,17.8,371
2025_08_15,645,21.52152,3409.3,2105.4,28.6,29.6,773
2025_08_15,645,21.52152,2785.8,491.3,20.3,17.7,350
2025_08_15,646,21.55489,3269.9,134.4,20.1,23.0,423
2025_08_15,646,21.55489,360.6,892.7,31.1,23.1,668
2025_08_15,646,21.55489,2647.3,1573.8,21.8,15.8,389
2025_08_15,646,21.55489,551.4,26.9,33.5,23.7,640
2025_08_15,646,21.55489,1075.8,1262.1,20.9,18.4,343
2025_08_15,646,21.55489,2782.0,490.6,19.9,17.0,364
2025_08_15,646,21.55489,2785.8,490.7,20.3,16.9,339
2025_08_15,646,21.55489,3409.2,2104.9,28.5,30.2,779
2025_08_15,647,21.58825,3270.3,134.7,20.5,22.9,426
2025_08_15,647,21.58825,360.7,892.6,32.2,23.8,712
2025_08_15,647,21.58825,551.3,26.9,33.8,23.7,630
2025_08_15,647,21.58825,2647.3,1573.6,21.7,15.6,395
2025_08_15,647,21.58825,1075.3,1262.2,21.9,19.6,369
2025_08_15,647,21.58825,2782.1,491.3,20.2,16.8,375
2025_08_15,647,21.58825,2785.7,491.3,20.5,16.8,355
2025_08_15,648,21.62162,360.5,892.6,32.7,24.1,731
2025_08_15,648,21.62162,2647.5,1573.6,21.1,15.5,392
2025_08_15,648,21.62162,550.8,27.0,33.0,23.7,641
2025_08_15,648,21.62162,3269.9,135.1,20.8,23.8,437
2025_08_15,648,21.62162,1075.8,1262.0,22.4,20.0,412
2025_08_15,648,21.62162,2785.8,492.2,20.5,18.5,416
2025_08_15,649,21.65499,550.5,27.1,32.3,23.4,629
2025_08_15,649,21.65499,360.1,892.8,31.5,23.6,709
2025_08_15,649,21.65499,3270.2,135.6,20.9,24.2,436
2025_08_15,649,21.65499,2647.8,1573.6,22.1,16.0,384
2025_08_15,649,21.65499,1077.1,1261.5,24.5,20.7,422
2025_08_15,649,21.65499,2786.0,491.9,20.1,20.6,434
2025_08_15,650,21.68836,550.4,27.3,31.5,23.2,616
2025_08_15,650,21.68836,2648.2,1573.9,21.5,15.8,382
2025_08_15,650,21.68836,3270.1,136.1,21.2,24.2,440
2025_08_15,650,21.68836,359.2,893.0,31.6,22.4,676
2025_08_15,650,21.68836,1077.1,1261.6,23.2,19.9,423
2025_08_15,650,21.68836,2786.2,491.3,19.7,19.5,413
2025_08_15,650,21.68836,2608.9,330.2,17.7,16.9,298
2025_08_15,651,21.72172,550.3,27.4,30.6,22.7,601
2025_08_15,651,21.72172,3270.2,136.1,21.1,23.4,416
2025_08_15,651,21.72172,2648.4,1574.0,21.9,16.1,372
2025_08_15,651,21.72172,359.2,892.5,30.1,21.7,588
2025_08_15,651,21.72172,1077.0,1262.4,23.1,19.8,401
2025_08_15,651,21.72172,2786.5,491.1,19.2,18.7,410
2025_08_15,651,21.72172,2608.5,332.6,18.9,17.2,482
2025_08_15,652,21.75509,550.0,27.6,29.8,22.3,592
2025_08_15,652,21.75509,3270.0,136.8,21.5,22.6,406
2025_08_15,652,21.75509,2648.5,1574.7,22.5,16.3,380
2025_08_15,652,21.75509,359.2,892.7,30.6,20.8,574
2025_08_15,652,21.75509,1077.7,1262.2,21.7,18.8,378
2025_08_15,652,21.75509,2786.6,490.5,18.9,17.2,371
2025_08_15,653,21.78846,549.9,28.2,29.1,22.4,597
2025_08_15,653,21.78846,2648.6,1574.9,22.0,16.5,387
2025_08_15,653,21.78846,3270.0,137.2,22.0,22.9,418
2025_08_15,653,21.78846,359.8,892.9,29.6,20.9,549
2025_08_15,653,21.78846,2786.8,489.3,18.5,16.1,376
2025_08_15,653,21.78846,1077.6,1262.6,20.9,18.6,362
2025_08_15,654,21.82182,549.6,28.4,29.6,22.5,628
2025_08_15,654,21.82182,2648.9,1575.4,22.4,16.8,512
2025_08_15,654,21.82182,3270.0,137.8,22.3,23.1,414
2025_08_15,654,21.82182,359.8,893.7,30.8,22.0,561
2025_08_15,654,21.82182,2786.9,489.7,18.2,15.3,377
2025_08_15,654,21.82182,1078.1,1262.2,20.4,17.4,298
2025_08_15,655,21.85519,549.2,28.7,29.1,22.8,609
2025_08_15,655,21.85519,2649.1,1575.5,21.4,16.4,385
2025_08_15,655,21.85519,3269.6,138.4,22.2,23.1,428
2025_08_15,655,21.85519,359.9,893.8,29.9,22.0,578
2025_08_15,655,21.85519,2787.1,490.2,17.8,15.4,348
2025_08_15,655,21.85519,1078.0,1261.8,20.0,16.5,286
2025_08_15,656,21.88856,549.0,29.1,29.6,22.9,610
2025_08_15,656,21.88856,2649.6,1575.6,21.4,16.3,365
2025_08_15,656,21.88856,3269.8,138.6,22.4,23.1,429
2025_08_15,656,21.88856,359.9,893.9,29.5,21.7,549
2025_08_15,656,21.88856,2786.9,491.4,18.2,16.3,373
2025_08_15,656,21.88856,1078.3,1263.0,20.7,16.9,283
2025_08_15,657,21.92192,548.5,29.4,30.2,23.8,639
2025_08_15,657,21.92192,2650.0,1575.5,20.9,16.1,361
2025_08_15,657,21.92192,3269.3,139.5,22.5,23.4,435
2025_08_15,657,21.92192,358.6,893.7,29.3,21.5,558
2025_08_15,657,21.92192,2786.9,492.4,18.2,16.3,357
2025_08_15,657,21.92192,1081.3,1263.6,21.7,18.0,282
2025_08_15,658,21.95529,548.2,29.3,31.0,24.1,659
2025_08_15,658,21.95529,2650.5,1575.5,20.2,15.8,349
2025_08_15,658,21.95529,358.6,893.7,28.8,21.6,566
2025_08_15,658,21.95529,3269.9,140.2,22.4,23.6,410
2025_08_15,658,21.95529,2786.7,493.3,18.6,17.2,358
2025_08_15,658,21.95529,1081.7,1264.3,21.0,17.3,292
2025_08_15,658,21.95529,3406.5,2103.2,26.7,28.8,757
2025_08_15,659,21.98866,548.1,29.8,31.1,23.6,662
2025_08_15,659,21.98866,2650.7,1575.4,21.2,16.1,378
2025_08_15,659,21.98866,358.2,894.2,28.8,21.4,530
2025_08_15,659,21.98866,3269.6,140.8,22.0,23.8,420
2025_08_15,659,21.98866,1081.9,1264.8,20.4,16.7,282
2025_08_15,659,21.98866,2786.6,494.0,18.8,15.8,369
2025_08_15,659,21.98866,3406.9,2104.2,26.1,28.2,728
2025_08_15,659,21.98866,2278.2,751.1,23.8,19.1,447
2025_08_15,660,22.02202,548.0,29.9,31.4,23.2,672
2025_08_15,660,22.02202,2650.7,1575.3,22.0,16.1,382
2025_08_15,660,22.02202,357.7,893.8,29.4,21.4,568
2025_08_15,660,22.02202,3269.6,141.6,22.0,23.7,434
2025_08_15,660,22.02202,2786.6,494.6,18.9,16.3,363
2025_08_15,660,22.02202,1081.7,1265.6,20.8,16.8,285
2025_08_15,660,22.02202,3408.7,2105.2,26.9,28.3,730
2025_08_15,660,22.02202,2277.3,752.1,24.4,18.7,454
2025_08_15,661,22.05539,548.0,30.1,31.4,24.1,690
2025_08_15,661,22.05539,357.6,894.3,29.2,21.9,575
2025_08_15,661,22.05539,2650.8,1575.7,23.1,16.7,399
2025_08_15,661,22.05539,3269.5,142.2,22.0,24.8,442
2025_08_15,661,22.05539,2786.2,494.4,19.7,16.9,357
2025_08_15,661,22.05539,1081.0,1266.1,22.3,17.9,294
2025_08_15,661,22.05539,3408.7,2105.7,26.4,28.6,935
2025_08_15,662,22.08876,547.8,30.3,31.1,23.4,683
2025_08_15,662,22.08876,357.3,894.8,29.5,21.9,586
2025_08_15,662,22.08876,2650.9,1575.9,22.2,16.5,390
2025_08_15,662,22.08876,3269.4,142.5,21.8,24.9,449
2025_08_15,662,22.08876,2786.2,494.9,19.6,16.4,353
2025_08_15,662,22.08876,1079.0,1264.3,23.2,20.4,390
2025_08_15,662,22.08876,2782.3,494.9,20.5,16.4,371
2025_08_15,662,22.08876,3408.8,2106.9,27.3,29.4,745
2025_08_15,663,22.12212,547.8,30.2,30.6,23.7,687
2025_08_15,663,22.12212,357.1,895.0,29.3,21.8,584
2025_08_15,663,22.12212,2650.9,1575.9,21.8,16.4,397
2025_08_15,663,22.12212,1081.4,1263.9,25.9,22.9,483
2025_08_15,663,22.12212,3269.1,143.2,21.9,24.0,432
2025_08_15,663,22.12212,2785.9,494.5,20.1,16.0,367
2025_08_15,663,22.12212,2782.2,494.4,20.4,16.0,380
2025_08_15,663,22.12212,3408.7,2107.7,27.8,29.2,749
2025_08_15,664,22.15549,547.6,30.4,29.9,23.0,670
2025_08_15,664,22.15549,356.8,895.5,29.4,21.5,588
2025_08_15,664,22.15549,2650.8,1576.0,23.1,16.9,391
2025_08_15,664,22.15549,1082.0,1264.3,25.1,21.5,554
2025_08_15,664,22.15549,3269.2,144.8,23.5,23.9,434
2025_08_15,664,22.15549,2275.3,753.8,23.7,20.1,485
2025_08_15,664,22.15549,2786.1,495.2,19.9,15.7,382
2025_08_15,664,22.15549,2782.4,495.0,20.8,15.7,405
2025_08_15,665,22.18886,547.4,30.5,29.7,22.4,652
2025_08_15,665,22.18886,356.6,895.5,29.3,21.5,586
2025_08_15,665,22.18886,2650.6,1576.2,22.2,16.5,372
2025_08_15,665,22.18886,1082.2,1264.6,25.2,21.2,505
2025_08_15,665,22.18886,2274.8,754.6,23.6,20.5,484
2025_08_15,665,22.18886,3269.2,144.8,23.9,24.8,440
2025_08_15,665,22.18886,2786.4,496.0,19.3,15.5,371
2025_08_15,666,22.22222,547.0,30.7,29.3,22.0,640
2025_08_15,666,22.22222,356.1,895.7,29.8,21.8,593
2025_08_15,666,22.22222,2650.6,1576.4,22.4,16.3,370
2025_08_15,666,22.22222,2273.6,755.5,23.8,20.6,509
2025_08_15,666,22.22222,1082.4,1264.5,23.4,20.3,432
2025_08_15,666,22.22222,2786.4,496.6,19.4,15.7,364
2025_08_15,666,22.22222,3268.8,143.3,24.5,25.8,487
2025_08_15,667,22.25559,546.0,31.0,29.1,21.8,633
2025_08_15,667,22.25559,356.1,895.7,29.8,21.5,588
2025_08_15,667,22.25559,2651.0,1576.2,22.8,16.5,384
2025_08_15,667,22.25559,2786.5,496.8,19.3,16.8,354
2025_08_15,667,22.25559,1082.3,1265.1,22.4,19.3,374
2025_08_15,667,22.25559,2272.7,756.1,22.5,20.7,532
2025_08_15,667,22.25559,3268.8,143.2,24.4,26.3,507
2025_08_15,668,22.28896,545.5,31.4,29.5,21.8,635
2025_08_15,668,22.28896,355.7,895.7,29.6,21.7,601
2025_08_15,668,22.28896,2651.4,1576.1,21.8,16.2,377
2025_08_15,668,22.28896,2272.0,756.7,23.9,22.0,538
2025_08_15,668,22.28896,2786.8,497.0,18.5,16.9,344
2025_08_15,668,22.28896,1082.5,1266.3,22.4,18.4,325
2025_08_15,668,22.28896,3268.5,143.4,23.3,26.3,501
2025_08_15,668,22.28896,3411.0,2106.3,28.6,34.1,828
2025_08_15,669,22.32232,545.3,31.9,29.5,21.4,637
2025_08_15,669,22.32232,2651.7,1576.1,21.7,16.4,355
2025_08_15,669,22.32232,355.6,895.9,30.2,21.9,610
2025_08_15,669,22.32232,2786.4,496.9,19.4,18.2,365
2025_08_15,669,22.32232,1082.7,1266.3,21.3,17.7,291
2025_08_15,669,22.32232,2271.6,755.3,23.5,21.0,500
2025_08_15,669,22.32232,3268.5,144.8,24.4,25.7,502
2025_08_15,669,22.32232,3410.9,2106.2,30.6,34.3,857
2025_08_15,670,22.35569,544.7,32.3,29.8,21.8,644
2025_08_15,670,22.35569,2652.1,1576.5,22.6,16.7,358
2025_08_15,670,22.35569,355.2,895.9,30.5,21.9,622
2025_08_15,670,22.35569,2270.1,755.3,21.8,19.7,432
2025_08_15,670,22.35569,2786.3,496.9,19.7,17.9,378
2025_08_15,670,22.35569,1082.4,1266.8,20.2,16.2,253
2025_08_15,670,22.35569,3268.6,144.9,23.1,24.9,466
2025_08_15,671,22.38906,544.3,32.6,30.1,22.1,664
2025_08_15,671,22.38906,2652.3,1576.3,23.0,17.0,365
2025_08_15,671,22.38906,354.8,896.2,30.5,22.3,634
2025_08_15,671,22.38906,3268.8,144.9,22.1,23.7,427
2025_08_15,671,22.38906,2270.0,754.3,21.9,20.5,450
2025_08_15,671,22.38906,2785.5,496.6,21.0,17.9,369
2025_08_15,671,22.38906,3407.9,2108.0,29.1,30.1,841
2025_08_15,671,22.38906,1082.5,1267.0,19.6,14.8,234
2025_08_15,672,22.42242,543.8,32.6,30.6,22.0,660
2025_08_15,672,22.42242,354.4,896.0,29.9,21.4,630
2025_08_15,672,22.42242,2652.7,1576.4,23.5,17.1,381
2025_08_15,672,22.42242,3268.4,145.2,22.5,24.6,440
2025_08_15,672,22.42242,3753.6,1372.0,39.2,32.4,1111
2025_08_15,672,22.42242,2785.6,495.6,21.0,17.7,373
2025_08_15,672,22.42242,3409.2,2108.3,29.2,30.7,878
2025_08_15,672,22.42242,2270.6,754.1,24.2,21.8,517
2025_08_15,672,22.42242,1082.9,1267.0,18.5,14.2,214
2025_08_15,673,22.45579,543.7,32.9,30.7,22.3,675
2025_08_15,673,22.45579,2653.1,1576.2,22.9,16.6,379
2025_08_15,673,22.45579,354.2,896.2,29.0,21.9,625
2025_08_15,673,22.45579,3268.6,145.9,23.1,23.5,437
2025_08_15,673,22.45579,2786.4,495.5,20.6,17.9,382
2025_08_15,673,22.45579,3407.7,2108.7,30.2,32.2,885
2025_08_15,674,22.48916,353.7,896.2,28.9,21.6,609
2025_08_15,674,22.48916,542.9,33.0,31.7,22.8,688
2025_08_15,674,22.48916,2653.3,1576.2,23.5,16.9,385
2025_08_15,674,22.48916,3268.2,146.0,23.1,23.5,429
2025_08_15,674,22.48916,2786.8,494.5,19.9,18.1,377
2025_08_15,674,22.48916,1083.2,1267.8,17.8,15.6,209
2025_08_15,674,22.48916,2271.5,754.6,28.3,26.9,628
2025_08_15,675,22.52252,353.5,896.4,29.3,21.6,604
2025_08_15,675,22.52252,542.2,33.1,31.9,22.5,698
2025_08_15,675,22.52252,2652.9,1576.3,23.0,16.6,365
2025_08_15,675,22.52252,3267.9,146.9,23.2,23.9,455
2025_08_15,675,22.52252,2787.0,494.2,19.3,17.3,347
2025_08_15,675,22.52252,2270.8,753.8,27.2,22.3,599
2025_08_15,676,22.55589,541.9,33.2,31.7,22.8,700
2025_08_15,676,22.55589,353.4,896.4,29.6,21.4,611
2025_08_15,676,22.55589,2653.4,1576.4,22.9,16.4,360
2025_08_15,676,22.55589,3267.9,147.5,22.7,24.0,452
2025_08_15,676,22.55589,2787.4,494.4,19.1,16.5,354
2025_08_15,676,22.55589,1083.1,1268.3,19.9,17.4,291
2025_08_15,676,22.55589,2270.4,751.4,27.7,22.1,541
2025_08_15,677,22.58926,541.5,33.2,31.9,22.6,676
2025_08_15,677,22.58926,352.4,896.5,29.6,21.6,621
2025_08_15,677,22.58926,2653.2,1576.3,22.3,16.2,357
2025_08_15,677,22.58926,3268.2,148.3,23.6,22.7,441
2025_08_15,677,22.58926,2788.7,495.1,17.0,16.2,355
2025_08_15,677,22.58926,1082.4,1268.2,22.0,19.6,396
2025_08_15,678,22.62262,540.9,33.2,31.8,22.2,664
2025_08_15,678,22.62262,2653.3,1576.5,21.9,16.2,348
2025_08_15,678,22.62262,352.1,896.5,30.5,21.7,644
2025_08_15,678,22.62262,3267.9,148.9,23.1,22.5,439
2025_08_15,678,22.62262,1081.5,1268.8,23.1,21.1,395
2025_08_15,678,22.62262,2789.1,495.9,15.8,15.2,327
2025_08_15,679,22.65599,2653.5,1576.9,20.6,15.9,347
2025_08_15,679,22.65599,540.2,33.4,31.0,22.0,659
2025_08_15,679,22.65599,351.6,896.8,30.7,21.9,656
2025_08_15,679,22.65599,3267.4,149.4,21.5,22.3,411
2025_08_15,679,22.65599,1081.8,1268.7,25.0,23.5,449
2025_08_15,679,22.65599,2789.1,497.0,16.1,16.1,353
2025_08_15,679,22.65599,2270.0,750.1,23.3,21.4,440
2025_08_15,680,22.68936,2653.6,1576.8,20.6,15.7,328
2025_08_15,680,22.68936,539.9,33.4,31.1,21.7,639
2025_08_15,680,22.68936,351.5,896.7,30.4,21.5,665
2025_08_15,680,22.68936,3267.1,149.3,21.1,21.6,404
2025_08_15,680,22.68936,1082.7,1268.0,25.9,25.7,618
2025_08_15,680,22.68936,2790.0,498.0,14.6,16.0,330
2025_08_15,680,22.68936,2270.0,750.9,22.8,20.7,455
2025_08_15,681,22.72272,2653.9,1576.5,21.0,15.7,330
2025_08_15,681,22.72272,539.0,33.3,29.9,21.6,618
2025_08_15,681,22.72272,351.6,896.7,30.3,21.9,664
2025_08_15,681,22.72272,1082.9,1267.2,26.2,25.1,614
2025_08_15,681,22.72272,3267.2,149.9,20.3,21.7,385
2025_08_15,681,22.72272,2789.2,497.7,14.9,16.1,365
2025_08_15,681,22.72272,2269.6,751.5,22.4,20.6,497
2025_08_15,682,22.75609,2653.9,1576.6,20.7,16.1,326
2025_08_15,682,22.75609,538.3,33.4,30.2,21.7,592
2025_08_15,682,22.75609,351.6,897.3,30.2,21.8,655
2025_08_15,682,22.75609,1083.3,1266.2,26.1,23.8,519
2025_08_15,682,22.75609,3267.3,149.8,19.0,22.2,410
2025_08_15,682,22.75609,2268.9,752.2,23.7,21.3,486
2025_08_15,683,22.78946,2654.1,1576.6,20.4,16.2,328
2025_08_15,683,22.78946,538.0,33.7,29.0,21.8,853
2025_08_15,683,22.78946,351.7,897.6,31.2,22.3,659
2025_08_15,683,22.78946,1084.3,1265.4,24.2,19.8,443
2025_08_15,683,22.78946,2268.4,752.9,24.0,21.5,505
2025_08_15,683,22.78946,3267.4,149.8,19.3,21.8,406
2025_08_15,683,22.78946,3408.8,2108.7,25.4,26.5,626
2025_08_15,684,22.82282,2654.1,1576.6,20.0,16.0,326
2025_08_15,684,22.82282,538.0,33.8,29.3,21.7,585
2025_08_15,684,22.82282,351.3,897.6,31.5,22.1,653
2025_08_15,684,22.82282,2268.3,753.7,24.0,22.3,511
2025_08_15,684,22.82282,1084.8,1265.7,22.8,19.7,390
2025_08_15,684,22.82282,3267.7,150.8,19.7,22.6,412
2025_08_15,685,22.85619,2654.9,1576.6,22.0,16.8,355
2025_08_15,685,22.85619,537.3,34.1,29.8,21.7,601
2025_08_15,685,22.85619,350.7,897.4,31.0,22.3,671
2025_08_15,685,22.85619,2267.7,754.4,25.4,23.6,540
2025_08_15,685,22.85619,1085.2,1266.6,21.3,18.6,359
2025_08_15,685,22.85619,3267.7,151.5,19.5,22.5,402
2025_08_15,685,22.85619,3409.2,2108.7,24.7,25.7,596
2025_08_15,686,22.88956,2654.9,1576.5,22.0,16.7,369
2025_08_15,686,22.88956,537.3,34.0,30.1,22.0,637
2025_08_15,686,22.88956,2267.7,755.3,21.9,21.3,475
2025_08_15,686,22.88956,350.3,897.6,31.2,22.5,669
2025_08_15,686,22.88956,1085.7,1267.5,19.7,16.8,295
2025_08_15,686,22.88956,3267.7,151.9,19.7,22.9,437
2025_08_15,686,22.88956,3409.3,2109.2,25.5,26.1,630
2025_08_15,687,22.92292,2655.3,1576.7,22.5,17.0,374
2025_08_15,687,22.92292,537.0,34.4,30.1,22.4,654
2025_08_15,687,22.92292,349.7,897.5,31.2,22.5,700
2025_08_15,687,22.92292,1085.8,1268.3,19.0,16.9,288
2025_08_15,687,22.92292,2267.2,755.4,21.5,21.0,465
2025_08_15,688,22.95629,536.5,34.4,30.3,23.0,689
2025_08_15,688,22.95629,2655.3,1576.7,22.5,16.9,369
2025_08_15,688,22.95629,348.9,897.5,31.5,22.5,713
2025_08_15,688,22.95629,1085.9,1268.9,18.3,17.8,288
2025_08_15,688,22.95629,2266.7,755.1,20.2,18.0,425
2025_08_15,689,22.98966,536.0,34.6,30.6,22.8,714
2025_08_15,689,22.98966,2655.4,1576.4,22.1,16.8,354
2025_08_15,689,22.98966,348.4,897.4,31.0,21.9,719
2025_08_15,689,22.98966,3267.3,153.9,21.7,24.1,479
2025_08_15,689,22.98966,1086.5,1269.3,17.4,18.7,268
2025_08_15,689,22.98966,1086.8,1273.7,17.8,20.6,301
2025_08_15,690,23.02302,535.4,34.7,30.9,23.2,683
2025_08_15,690,23.02302,2655.5,1576.6,22.0,16.2,343
2025_08_15,690,23.02302,347.7,897.2,30.7,22.1,703
2025_08_15,690,23.02302,3266.8,153.8,21.9,25.3,533
2025_08_15,690,23.02302,1086.1,1269.7,18.2,19.4,320
2025_08_15,690,23.02302,1086.4,1274.0,18.6,20.1,344
2025_08_15,691,23.05639,535.1,35.0,31.0,23.7,689
2025_08_15,691,23.05639,348.1,897.5,30.7,22.4,709
2025_08_15,691,23.05639,2655.8,1576.5,21.9,15.9,355
2025_08_15,691,23.05639,3266.8,153.8,23.0,28.9,622
2025_08_15,691,23.05639,2786.5,499.2,19.2,18.1,378
2025_08_15,691,23.05639,2782.8,498.8,21.7,18.2,400
2025_08_15,692,23.08976,534.8,35.1,31.7,23.9,705
2025_08_15,692,23.08976,347.9,897.2,30.4,22.2,701
2025_08_15,692,23.08976,2656.1,1576.8,21.6,15.9,355
2025_08_15,692,23.08976,3266.6,154.5,24.0,28.7,667
2025_08_15,692,23.08976,2786.5,499.0,19.1,17.8,348
2025_08_15,693,23.12312,534.6,35.4,32.1,23.9,716
2025_08_15,693,23.12312,2655.9,1576.8,21.3,15.9,344
2025_08_15,693,23.12312,348.2,896.9,29.8,21.4,656
2025_08_15,693,23.12312,3266.6,155.1,24.7,29.0,647
2025_08_15,693,23.12312,2786.6,498.8,19.0,17.2,368
2025_08_15,693,23.12312,1087.0,1274.7,19.2,18.8,334
2025_08_15,693,23.12312,2260.9,755.8,21.2,17.3,395
2025_08_15,694,23.15649,534.0,35.5,32.1,23.2,709
2025_08_15,694,23.15649,3266.6,155.0,24.0,26.8,599
2025_08_15,694,23.15649,2655.8,1576.8,21.5,16.1,331
2025_08_15,694,23.15649,348.0,896.6,29.3,21.2,643
2025_08_15,694,23.15649,2260.2,755.2,22.9,21.4,484
2025_08_15,694,23.15649,2786.7,498.7,18.8,15.4,397
2025_08_15,694,23.15649,1086.8,1274.2,20.5,20.3,381
2025_08_15,695,23.18986,533.6,35.6,31.9,23.0,700
2025_08_15,695,23.18986,2655.7,1576.7,22.1,16.5,333
2025_08_15,695,23.18986,3266.1,154.7,22.6,24.6,527
2025_08_15,695,23.18986,347.8,896.8,29.8,21.0,626
2025_08_15,695,23.18986,2260.9,755.0,24.7,24.2,584
2025_08_15,695,23.18986,2787.6,498.6,17.6,14.6,340
2025_08_15,695,23.18986,1088.1,1271.3,24.3,23.9,467
2025_08_15,696,23.22322,533.3,35.6,31.5,22.4,674
2025_08_15,696,23.22322,2656.2,1576.7,22.0,16.7,349
2025_08_15,696,23.22322,2261.1,754.8,26.5,25.7,682
2025_08_15,696,23.22322,3265.7,154.9,21.6,23.1,480
2025_08_15,696,23.22322,2788.4,499.2,18.1,14.9,305
2025_08_15,696,23.22322,347.4,897.3,29.7,20.5,624
2025_08_15,696,23.22322,1088.0,1271.3,23.8,22.9,488
2025_08_15,697,23.25659,532.9,35.8,31.2,22.1,687
2025_08_15,697,23.25659,2261.4,755.4,27.2,26.5,774
2025_08_15,697,23.25659,2656.2,1576.6,21.8,16.4,337
2025_08_15,697,23.25659,346.5,897.6,29.6,20.8,640
2025_08_15,697,23.25659,2788.7,499.6,17.5,15.6,331
2025_08_15,697,23.25659,3266.2,154.3,20.2,21.6,408
2025_08_15,697,23.25659,1088.1,1273.0,25.2,22.3,517
2025_08_15,698,23.28996,532.6,35.6,30.4,21.8,661
2025_08_15,698,23.28996,2261.4,755.4,28.5,27.0,738
2025_08_15,698,23.28996,2656.6,1576.6,22.1,16.5,339
2025_08_15,698,23.28996,346.2,898.1,29.3,20.9,616
2025_08_15,698,23.28996,2788.4,500.2,19.5,16.7,339
2025_08_15,698,23.28996,3266.4,154.0,19.6,20.8,378
2025_08_15,698,23.28996,1089.0,1273.4,24.3,21.7,465
2025_08_15,699,23.32332,532.4,35.8,30.2,21.8,672
2025_08_15,699,23.32332,2657.0,1576.5,21.9,16.5,341
2025_08_15,699,23.32332,2260.7,756.4,30.4,27.9,770
2025_08_15,699,23.32332,345.4,898.6,29.0,20.9,631
2025_08_15,699,23.32332,2789.1,500.6,19.8,17.2,344
2025_08_15,699,23.32332,3266.1,155.0,20.3,21.4,408
2025_08_15,699,23.32332,1090.8,1273.9,22.4,20.4,413
2025_08_15,700,23.35669,532.2,35.7,30.0,22.1,648
2025_08_15,700,23.35669,2657.1,1576.6,22.2,16.9,358
2025_08_15,700,23.35669,344.6,898.7,28.8,20.9,636
2025_08_15,700,23.35669,2790.0,500.5,18.8,17.0,334
2025_08_15,700,23.35669,3266.0,155.7,20.1,20.9,396
2025_08_15,700,23.35669,2261.2,755.7,27.9,24.9,687
2025_08_15,700,23.35669,1090.0,1273.7,22.7,20.7,440
2025_08_15,701,23.39006,532.0,36.1,30.4,22.1,639
2025_08_15,701,23.39006,2657.2,1577.0,21.7,16.9,351
2025_08_15,701,23.39006,344.2,899.1,29.1,21.1,651
2025_08_15,701,23.39006,3265.8,156.3,20.7,22.3,411
2025_08_15,701,23.39006,2790.5,500.4,18.2,16.7,301
2025_08_15,701,23.39006,2260.7,752.9,28.5,20.6,586
2025_08_15,702,23.42342,531.7,36.2,30.5,22.2,647
2025_08_15,702,23.42342,2657.2,1577.0,21.9,17.1,349
2025_08_15,702,23.42342,343.9,899.7,30.5,21.7,686
2025_08_15,702,23.42342,2789.9,501.0,19.8,18.0,354
2025_08_15,702,23.42342,3265.5,157.6,22.1,24.1,438
2025_08_15,702,23.42342,2260.1,753.7,24.3,18.9,497
2025_08_15,703,23.45679,531.0,36.2,30.2,22.6,656
2025_08_15,703,23.45679,2657.5,1577.2,22.1,17.4,360
2025_08_15,703,23.45679,343.4,900.2,30.9,22.1,704
2025_08_15,703,23.45679,3265.3,157.8,22.3,23.1,454
2025_08_15,703,23.45679,2789.4,500.6,19.0,17.2,402
2025_08_15,704,23.49016,530.1,36.4,31.0,23.2,690
2025_08_15,704,23.49016,2657.6,1577.2,21.9,17.2,358
2025_08_15,704,23.49016,343.1,900.5,31.9,23.0,743
2025_08_15,704,23.49016,2788.9,500.7,18.9,17.4,398
2025_08_15,704,23.49016,3265.0,158.5,22.6,22.9,451
2025_08_15,705,23.52352,2657.6,1577.1,21.7,17.0,342
2025_08_15,705,23.52352,529.5,36.3,32.1,23.5,707
2025_08_15,705,23.52352,342.8,900.6,31.4,22.8,735
2025_08_15,705,23.52352,1087.9,1268.1,26.0,22.7,453
2025_08_15,705,23.52352,3265.2,159.1,22.5,23.3,435
2025_08_15,705,23.52352,2788.4,500.8,19.3,17.6,398
2025_08_15,705,23.52352,2258.6,753.4,22.6,17.0,449
2025_08_15,706,23.55689,2657.5,1576.9,21.7,16.6,340
2025_08_15,706,23.55689,528.6,36.3,32.4,23.6,687
2025_08_15,706,23.55689,343.0,900.5,32.3,23.1,760
2025_08_15,706,23.55689,1088.3,1269.3,24.6,23.2,485
2025_08_15,706,23.55689,3265.1,159.5,22.0,22.4,433
2025_08_15,706,23.55689,2258.4,753.7,23.0,17.6,425
2025_08_15,707,23.59026,2657.5,1576.8,21.4,16.6,339
2025_08_15,707,23.59026,343.1,899.7,31.9,22.8,746
2025_08_15,707,23.59026,528.1,36.5,33.4,23.1,703
2025_08_15,707,23.59026,1088.6,1269.8,24.5,23.2,628
2025_08_15,707,23.59026,3265.0,160.1,22.2,22.4,454
2025_08_15,707,23.59026,2258.0,754.7,25.0,18.4,453
2025_08_15,708,23.62362,2657.8,1576.5,20.9,16.7,337
2025_08_15,708,23.62362,343.0,898.8,31.2,23.1,735
2025_08_15,708,23.62362,527.7,36.2,33.2,23.4,694
2025_08_15,708,23.62362,1088.2,1270.0,26.1,24.2,528
2025_08_15,708,23.62362,2258.0,754.7,27.7,22.3,470
2025_08_15,708,23.62362,2788.9,500.0,17.4,16.5,440
2025_08_15,708,23.62362,3264.8,160.5,23.6,23.3,486
2025_08_15,709,23.65699,2657.9,1576.2,20.7,16.5,332
2025_08_15,709,23.65699,342.2,898.1,31.7,22.6,731
2025_08_15,709,23.65699,527.2,36.0,33.3,23.1,685
2025_08_15,709,23.65699,1088.7,1270.7,25.3,24.5,504
2025_08_15,709,23.65699,2258.5,755.3,28.7,25.0,533
2025_08_15,709,23.65699,3264.7,160.5,23.5,23.6,509
2025_08_15,709,23.65699,2788.2,499.3,19.5,18.1,443
2025_08_15,710,23.69036,2657.9,1576.3,20.9,16.7,343
2025_08_15,710,23.69036,341.6,897.9,31.2,23.0,718
2025_08_15,710,23.69036,526.9,36.2,33.4,22.8,689
2025_08_15,710,23.69036,1090.1,1269.1,22.6,20.8,374
2025_08_15,710,23.69036,2258.1,754.1,29.5,26.4,640
2025_08_15,710,23.69036,3264.9,161.1,23.5,24.0,508
2025_08_15,711,23.72372,2658.2,1576.5,20.7,16.6,335
2025_08_15,711,23.72372,340.6,898.1,30.1,21.8,688
2025_08_15,711,23.72372,526.7,36.6,32.9,22.6,665
2025_08_15,711,23.72372,1090.2,1269.4,19.8,18.8,312
2025_08_15,711,23.72372,3264.8,161.4,23.8,24.0,495
2025_08_15,711,23.72372,2257.3,754.5,27.2,24.7,606
2025_08_15,712,23.75709,2658.4,1576.5,21.0,16.8,342
2025_08_15,712,23.75709,340.7,897.7,31.1,22.2,691
2025_08_15,712,23.75709,526.2,36.8,31.6,22.1,631
2025_08_15,712,23.75709,3264.9,161.2,23.7,23.8,497
2025_08_15,712,23.75709,1090.8,1269.6,18.9,19.2,281
2025_08_15,712,23.75709,2257.0,754.2,27.6,26.6,600
2025_08_15,713,23.79046,2658.3,1576.8,20.0,16.8,330
2025_08_15,713,23.79046,340.6,898.4,31.9,22.9,721
2025_08_15,713,23.79046,526.0,36.9,31.0,22.1,638
2025_08_15,713,23.79046,3264.8,161.2,22.8,23.5,491
2025_08_15,713,23.79046,1090.8,1270.1,19.8,20.2,332
2025_08_15,713,23.79046,2255.6,754.0,30.1,25.6,681
2025_08_15,714,23.82382,2658.5,1576.8,20.8,17.2,322
2025_08_15,714,23.82382,525.6,37.0,30.3,21.9,617
2025_08_15,714,23.82382,340.6,898.3,32.9,22.9,706
2025_08_15,714,23.82382,2254.2,754.2,26.1,25.5,568
2025_08_15,714,23.82382,3263.1,161.2,23.2,23.5,513
2025_08_15,714,23.82382,1090.4,1270.3,18.9,20.6,337
2025_08_15,715,23.85719,2658.4,1576.8,20.6,17.2,322
2025_08_15,715,23.85719,525.3,37.3,29.9,21.9,619
2025_08_15,715,23.85719,340.2,898.1,33.1,22.6,702
2025_08_15,715,23.85719,2253.9,754.8,25.8,25.9,615
2025_08_15,715,23.85719,3263.0,161.6,24.0,24.1,525
2025_08_15,715,23.85719,1090.3,1274.1,19.4,19.8,319
2025_08_15,715,23.85719,1090.0,1270.7,18.6,21.4,313
2025_08_15,716,23.89056,2658.5,1576.5,20.8,17.0,332
2025_08_15,716,23.89056,525.1,37.3,29.8,22.2,620
2025_08_15,716,23.89056,2253.9,755.4,25.1,26.5,586
2025_08_15,716,23.89056,340.1,897.9,31.7,21.4,683
2025_08_15,716,23.89056,3263.1,161.4,23.3,24.3,513
2025_08_15,716,23.89056,2789.7,501.4,18.5,18.9,330
2025_08_15,716,23.89056,1090.8,1274.5,19.3,19.1,340
2025_08_15,717,23.92392,2658.5,1576.4,21.4,17.1,343
2025_08_15,717,23.92392,524.8,37.5,29.4,22.3,600
2025_08_15,717,23.92392,2254.2,754.7,25.2,26.4,578
2025_08_15,717,23.92392,339.7,897.9,31.4,21.6,668
2025_08_15,717,23.92392,1091.0,1274.6,20.3,18.8,337
2025_08_15,717,23.92392,3262.9,161.9,23.8,24.5,510
2025_08_15,717,23.92392,2789.9,501.5,19.0,18.9,384
2025_08_15,718,23.95729,2658.5,1576.4,21.6,16.8,352
2025_08_15,718,23.95729,524.6,37.5,29.9,22.3,605
2025_08_15,718,23.95729,2254.1,754.0,24.5,22.8,527
2025_08_15,718,23.95729,339.4,897.6,30.5,20.4,650
2025_08_15,718,23.95729,1091.6,1275.2,19.7,17.8,326
2025_08_15,718,23.95729,3263.0,162.2,23.7,24.4,487
2025_08_15,719,23.99066,2658.4,1576.1,21.3,16.6,353
2025_08_15,719,23.99066,524.1,38.1,30.1,22.2,624
2025_08_15,719,23.99066,2253.1,753.6,22.8,21.6,516
2025_08_15,719,23.99066,338.8,897.6,30.3,20.6,629
2025_08_15,719,23.99066,1091.3,1275.3,19.7,18.0,331
2025_08_15,719,23.99066,3262.8,162.2,22.7,23.7,445
2025_08_15,719,23.99066,2789.4,501.7,19.4,19.4,358
2025_08_15,719,23.99066,3409.4,2113.6,25.0,25.4,562
2025_08_15,720,24.02402,2658.8,1575.8,20.9,16.5,349
2025_08_15,720,24.02402,523.7,38.1,30.2,21.9,608
2025_08_15,720,24.02402,2253.4,754.3,23.4,21.6,468
2025_08_15,720,24.02402,1091.6,1276.6,18.7,17.0,306
2025_08_15,720,24.02402,338.1,897.9,29.8,20.4,636
2025_08_15,720,24.02402,3262.7,162.6,23.1,22.4,440
2025_08_15,720,24.02402,2789.2,501.7,18.8,19.4,362
2025_08_15,720,24.02402,3408.9,2114.5,24.5,24.1,580
2025_08_15,720,24.02402,2789.4,505.5,18.5,21.0,365
2025_08_15,721,24.05739,2659.3,1576.0,21.5,17.1,378
2025_08_15,721,24.05739,523.3,38.5,30.4,22.6,616
2025_08_15,721,24.05739,337.8,898.3,29.4,21.1,641
2025_08_15,721,24.05739,1092.3,1277.5,20.9,18.2,347
2025_08_15,721,24.05739,3262.4,162.7,22.2,23.6,429
2025_08_15,721,24.05739,2251.8,754.9,21.5,18.6,435
2025_08_15,721,24.05739,2789.9,501.6,17.3,19.2,345
2025_08_15,721,24.05739,3409.8,2115.6,24.2,24.7,608
2025_08_15,722,24.09076,2659.3,1576.1,20.9,17.3,375
2025_08_15,722,24.09076,523.1,38.6,30.8,22.6,649
2025_08_15,722,24.09076,1093.0,1277.7,21.2,18.8,388
2025_08_15,722,24.09076,337.2,898.5,29.0,20.9,618
2025_08_15,722,24.09076,2251.0,755.7,20.5,18.7,391
2025_08_15,722,24.09076,3262.6,163.0,22.0,23.8,420
2025_08_15,723,24.12412,2659.8,1576.3,21.2,17.7,382
2025_08_15,723,24.12412,522.6,39.1,31.2,22.6,666
2025_08_15,723,24.12412,1093.6,1277.3,23.3,20.0,425
2025_08_15,723,24.12412,2249.7,756.1,18.0,18.1,377
2025_08_15,723,24.12412,336.9,898.9,29.3,21.1,610
2025_08_15,723,24.12412,3262.4,163.0,21.4,23.6,415
2025_08_15,723,24.12412,2791.2,501.6,15.7,19.2,341
2025_08_15,723,24.12412,3410.5,2116.9,26.1,25.5,666
2025_08_15,724,24.15749,2659.9,1575.9,21.6,18.0,370
2025_08_15,724,24.15749,522.3,39.1,31.1,22.2,671
2025_08_15,724,24.15749,1093.9,1278.2,22.6,20.1,417
2025_08_15,724,24.15749,336.7,899.1,28.6,21.1,599
2025_08_15,724,24.15749,2250.4,756.0,20.2,19.5,400
2025_08_15,724,24.15749,3262.4,163.3,21.6,23.4,428
2025_08_15,724,24.15749,2791.7,501.2,15.4,18.3,347
2025_08_15,724,24.15749,3410.5,2116.7,27.5,28.4,725
2025_08_15,725,24.19086,2659.9,1575.9,21.9,17.6,365
2025_08_15,725,24.19086,521.8,39.0,31.1,22.4,688
2025_08_15,725,24.19086,2253.2,754.2,26.3,23.1,621
2025_08_15,725,24.19086,1094.1,1277.6,21.5,19.3,405
2025_08_15,725,24.19086,336.5,899.5,28.1,20.8,590
2025_08_15,725,24.19086,2792.0,500.9,14.4,17.8,289
2025_08_15,725,24.19086,3262.3,164.6,20.8,22.6,413
2025_08_15,726,24.22422,2660.2,1575.5,21.2,16.8,352
2025_08_15,726,24.22422,2252.7,754.1,27.7,25.1,656
2025_08_15,726,24.22422,521.5,39.0,31.4,22.2,677
2025_08_15,726,24.22422,336.2,899.6,28.2,20.7,598
2025_08_15,726,24.22422,1094.0,1277.2,22.5,20.2,440
2025_08_15,726,24.22422,2790.4,500.8,15.2,17.5,310
2025_08_15,726,24.22422,3262.3,165.3,21.2,23.2,418
2025_08_15,727,24.25759,2660.3,1575.4,21.0,16.3,349
2025_08_15,727,24.25759,2252.1,754.7,28.4,25.2,721
2025_08_15,727,24.25759,521.1,38.9,31.4,22.6,674
2025_08_15,727,24.25759,336.5,899.5,28.1,20.4,610
2025_08_15,727,24.25759,1094.4,1276.8,23.1,20.5,458
2025_08_15,727,24.25759,2788.3,500.4,15.9,16.9,303
2025_08_15,727,24.25759,3262.1,165.9,20.4,23.5,413
2025_08_15,728,24.29096,2251.2,753.7,29.3,25.9,726
2025_08_15,728,24.29096,520.9,38.8,31.3,22.5,689
2025_08_15,728,24.29096,2660.4,1575.2,20.7,16.1,365
2025_08_15,728,24.29096,336.5,899.6,30.0,21.5,659
2025_08_15,728,24.29096,1095.3,1276.3,21.9,20.0,419
2025_08_15,728,24.29096,2788.5,500.9,15.9,17.9,359
2025_08_15,728,24.29096,3262.2,166.2,20.5,23.6,409
2025_08_15,728,24.29096,2788.4,505.6,15.8,20.9,359
2025_08_15,729,24.32432,2660.7,1575.1,20.9,16.0,372
2025_08_15,729,24.32432,520.9,38.5,32.2,22.8,672
2025_08_15,729,24.32432,2249.9,754.0,29.2,26.3,707
2025_08_15,729,24.32432,336.5,899.0,30.8,21.7,686
2025_08_15,729,24.32432,1096.4,1275.2,21.3,18.9,389
2025_08_15,729,24.32432,2788.9,501.4,15.6,18.8,324
2025_08_15,729,24.32432,3262.4,166.7,20.8,24.3,413
2025_08_15,729,24.32432,2788.8,506.1,15.6,19.7,338
2025_08_15,730,24.35769,520.8,38.6,31.8,22.9,660
2025_08_15,730,24.35769,2660.6,1575.5,20.7,16.1,373
2025_08_15,730,24.35769,2248.1,754.5,27.6,25.9,638
2025_08_15,730,24.35769,336.3,898.8,31.8,22.1,719
2025_08_15,730,24.35769,1096.0,1274.6,22.1,19.7,392
2025_08_15,730,24.35769,2789.9,506.3,14.4,19.5,329
2025_08_15,730,24.35769,2789.9,501.6,14.4,19.3,329
2025_08_15,730,24.35769,3262.1,166.8,20.2,24.0,402
2025_08_15,731,24.39106,2660.9,1575.8,20.5,16.1,371
2025_08_15,731,24.39106,520.3,38.5,31.3,22.5,858
2025_08_15,731,24.39106,2247.4,754.4,25.8,22.7,603
2025_08_15,731,24.39106,335.9,898.1,32.1,22.3,752
2025_08_15,731,24.39106,1095.4,1274.5,22.2,19.7,376
2025_08_15,731,24.39106,2791.0,506.3,14.1,19.4,331
2025_08_15,731,24.39106,3262.0,167.4,20.3,24.3,433
2025_08_15,731,24.39106,2790.9,501.8,14.3,19.5,325
2025_08_15,732,24.42442,520.0,38.7,31.1,22.4,639
2025_08_15,732,24.42442,2661.2,1575.9,20.7,16.2,363
2025_08_15,732,24.42442,2247.6,755.0,25.3,22.0,567
2025_08_15,732,24.42442,334.7,898.3,33.4,22.4,761
2025_08_15,732,24.42442,1094.2,1274.6,23.0,20.6,402
2025_08_15,732,24.42442,3261.9,168.6,20.4,24.0,448
2025_08_15,733,24.45779,2661.4,1576.1,20.7,16.4,350
2025_08_15,733,24.45779,519.9,39.1,30.5,21.9,616
2025_08_15,733,24.45779,334.4,898.6,33.1,22.5,756
2025_08_15,733,24.45779,1094.8,1274.8,21.9,19.1,392
2025_08_15,733,24.45779,2247.5,754.9,21.3,18.3,427
2025_08_15,733,24.45779,3262.0,168.9,20.1,23.5,435
2025_08_15,734,24.49116,519.2,39.7,30.1,22.2,621
2025_08_15,734,24.49116,2661.6,1576.5,21.4,16.8,369
2025_08_15,734,24.49116,333.7,899.0,33.4,22.1,737
2025_08_15,734,24.49116,1094.9,1274.8,21.9,18.8,388
2025_08_15,735,24.52452,518.4,39.8,29.7,22.0,614
2025_08_15,735,24.52452,2661.9,1576.3,22.5,17.0,382
2025_08_15,735,24.52452,333.6,899.3,32.6,21.5,721
2025_08_15,735,24.52452,1095.1,1275.4,23.3,19.6,416
2025_08_15,735,24.52452,3261.8,169.6,20.8,23.2,436
2025_08_15,735,24.52452,2795.5,502.9,15.8,21.9,360
2025_08_15,736,24.55789,517.9,39.8,29.4,22.5,626
2025_08_15,736,24.55789,2661.9,1576.2,22.1,16.5,373
2025_08_15,736,24.55789,1094.6,1275.4,22.8,18.8,397
2025_08_15,736,24.55789,333.3,899.7,31.3,21.2,687
2025_08_15,736,24.55789,3261.6,169.3,20.2,24.3,448
2025_08_15,737,24.59126,517.4,39.9,30.3,22.9,640
2025_08_15,737,24.59126,2662.2,1576.2,21.2,16.2,366
2025_08_15,737,24.59126,333.3,900.0,30.6,21.1,652
2025_08_15,737,24.59126,1095.1,1274.8,23.8,19.6,410
2025_08_15,737,24.59126,3261.7,169.7,22.2,25.0,458
2025_08_15,737,24.59126,2246.5,755.8,23.2,18.6,414
2025_08_15,738,24.62462,517.0,39.8,30.8,23.3,633
2025_08_15,738,24.62462,2662.3,1576.1,21.4,16.3,367
2025_08_15,738,24.62462,1095.0,1275.0,23.7,19.7,386
2025_08_15,738,24.62462,333.3,899.6,30.0,20.5,619
2025_08_15,738,24.62462,3261.5,169.7,21.6,25.7,506
2025_08_15,738,24.62462,2246.5,756.3,23.1,19.4,388
2025_08_15,738,24.62462,3409.7,2115.0,31.4,29.7,896
2025_08_15,739,24.65799,516.7,39.7,30.7,23.2,639
2025_08_15,739,24.65799,2662.4,1576.0,21.0,16.5,370
2025_08_15,739,24.65799,1095.5,1274.8,22.2,19.4,366
2025_08_15,739,24.65799,332.9,899.4,29.4,20.1,620
2025_08_15,739,24.65799,3261.6,169.9,21.4,25.5,482
2025_08_15,739,24.65799,2245.8,756.3,24.5,20.5,447
2025_08_15,739,24.65799,3409.8,2115.1,31.2,29.8,839
2025_08_15,740,24.69136,516.3,40.2,30.3,22.8,633
2025_08_15,740,24.69136,2246.1,756.7,25.1,21.5,486
2025_08_15,740,24.69136,332.8,899.5,29.4,19.9,629
2025_08_15,740,24.69136,3261.4,169.9,21.4,25.3,499
2025_08_15,740,24.69136,1096.2,1274.7,21.5,19.0,388
2025_08_15,740,24.69136,2662.7,1575.7,22.0,16.6,359
2025_08_15,740,24.69136,3410.3,2115.5,30.7,29.2,825
2025_08_15,741,24.72472,516.0,40.1,29.8,22.7,625
2025_08_15,741,24.72472,2245.2,756.6,26.4,22.7,519
2025_08_15,741,24.72472,3261.4,169.7,21.1,25.4,501
2025_08_15,741,24.72472,1096.6,1275.6,21.5,19.1,357
2025_08_15,741,24.72472,2663.0,1576.0,22.0,16.7,366
2025_08_15,741,24.72472,332.9,899.4,29.6,20.0,627
2025_08_15,742,24.75809,515.7,40.1,29.7,22.6,602
2025_08_15,742,24.75809,1096.6,1275.8,20.7,18.9,348
2025_08_15,742,24.75809,3261.2,169.9,20.1,24.1,469
2025_08_15,742,24.75809,2244.8,755.7,25.8,23.5,544
2025_08_15,742,24.75809,2663.0,1576.2,22.4,17.2,380
2025_08_15,742,24.75809,332.8,899.8,30.0,20.6,655
2025_08_15,743,24.79146,515.3,40.1,29.1,22.5,597
2025_08_15,743,24.79146,3261.3,170.1,20.6,22.9,447
2025_08_15,743,24.79146,2245.1,754.8,27.7,27.5,673
2025_08_15,743,24.79146,332.5,899.6,30.4,20.9,657
2025_08_15,743,24.79146,1097.4,1276.4,20.3,18.8,349
2025_08_15,743,24.79146,2663.4,1576.2,22.3,17.1,373
2025_08_15,744,24.82482,2244.5,755.2,28.8,27.9,719
2025_08_15,744,24.82482,514.7,40.5,29.0,22.2,578
2025_08_15,744,24.82482,332.1,899.7,30.7,21.3,670
2025_08_15,744,24.82482,3261.2,170.1,20.1,23.4,406
2025_08_15,744,24.82482,2663.5,1576.2,21.5,16.7,371
2025_08_15,744,24.82482,1097.9,1277.4,19.7,17.7,315
2025_08_15,745,24.85819,514.4,40.4,29.3,22.0,571
2025_08_15,745,24.85819,2244.1,755.2,29.9,28.9,784
2025_08_15,745,24.85819,331.6,899.5,31.5,21.8,710
2025_08_15,745,24.85819,1097.9,1277.9,19.1,17.4,306
2025_08_15,745,24.85819,3261.4,170.2,19.1,22.6,385
2025_08_15,745,24.85819,2663.4,1576.1,21.6,16.7,377
2025_08_15,746,24.89156,514.0,40.5,29.4,22.0,578
2025_08_15,746,24.89156,2244.4,755.8,28.0,26.7,737
2025_08_15,746,24.89156,331.0,899.5,31.5,21.9,713
2025_08_15,746,24.89156,3261.2,170.0,19.2,21.8,371
2025_08_15,746,24.89156,1098.1,1279.0,19.6,17.6,294
2025_08_15,746,24.89156,2663.7,1576.1,21.5,16.7,376
2025_08_15,746,24.89156,3409.1,2117.4,25.1,23.6,566
2025_08_15,747,24.92492,514.0,40.7,29.5,21.8,583
2025_08_15,747,24.92492,330.0,899.6,31.6,22.2,710
2025_08_15,747,24.92492,3261.1,170.6,19.1,20.8,345
2025_08_15,747,24.92492,2244.5,753.3,25.9,20.7,626
2025_08_15,747,24.92492,2663.2,1576.1,21.0,16.6,368
2025_08_15,747,24.92492,1098.5,1280.0,18.7,17.1,296
2025_08_15,748,24.95829,513.4,40.8,29.6,22.2,593
2025_08_15,748,24.95829,329.2,899.8,31.5,22.1,664
2025_08_15,748,24.95829,3261.0,170.9,20.0,21.2,341
2025_08_15,748,24.95829,1097.6,1280.2,19.9,17.9,311
2025_08_15,748,24.95829,2663.3,1576.0,20.7,16.5,381
2025_08_15,748,24.95829,2244.0,753.1,24.6,21.9,549
2025_08_15,748,24.95829,3409.5,2119.6,24.6,21.8,536
2025_08_15,749,24.99166,513.4,41.0,29.7,22.4,594
2025_08_15,749,24.99166,328.6,899.6,30.4,21.8,651
2025_08_15,749,24.99166,2243.6,753.3,23.6,21.2,498
2025_08_15,749,24.99166,1099.1,1281.0,21.7,19.3,341
2025_08_15,749,24.99166,2663.5,1575.9,21.4,16.5,383
2025_08_15,749,24.99166,2795.5,509.0,15.9,15.6,411
2025_08_15,749,24.99166,3261.1,171.4,18.8,21.6,370
2025_08_15,750,25.02503,2243.8,753.1,22.5,20.7,486
2025_08_15,750,25.02503,512.9,41.2,30.3,22.4,609
2025_08_15,750,25.02503,328.3,899.8,31.2,21.9,658
2025_08_15,750,25.02503,3261.1,172.0,20.1,21.6,365
2025_08_15,750,25.02503,1100.4,1280.8,21.0,18.2,363
2025_08_15,750,25.02503,2665.0,1574.9,22.4,16.6,383
2025_08_15,750,25.02503,2795.3,508.5,17.4,15.8,410
2025_08_15,751,25.05839,2243.7,754.1,22.4,19.9,476
2025_08_15,751,25.05839,512.4,41.6,30.1,22.2,612
2025_08_15,751,25.05839,328.7,900.4,31.6,22.8,671
2025_08_15,751,25.05839,1101.1,1280.2,20.1,17.7,336
2025_08_15,751,25.05839,2665.0,1574.7,22.3,16.9,401
2025_08_15,751,25.05839,3261.0,172.4,18.5,21.9,381
2025_08_15,751,25.05839,2795.5,508.2,18.0,16.1,521
