frame_idx,time_s,jelly_id,x_center,y_center,width,height,bbox_area_px
0,0.0,1,3121.47,497.14,24.31,22.07,536.39
0,0.0,2,2768.23,346.93,15.43,16.95,261.55
0,0.0,3,2073.02,1757.94,9.68,14.24,137.86
0,0.0,4,2629.96,1378.37,21.41,15.49,331.5
0,0.0,5,1010.5,2060.63,19.0,17.26,327.89
0,0.0,6,1972.41,585.52,15.19,9.14,138.93
6,0.2002,1,3120.77,497.03,24.28,22.03,534.97
6,0.2002,2,2768.38,347.92,15.47,16.97,262.58
6,0.2002,3,2073.85,1756.38,10.53,15.52,163.44
6,0.2002,4,2631.99,1379.44,21.01,15.18,319.0
6,0.2002,5,1011.36,2061.08,19.93,18.16,361.91
12,0.4004,1,3120.43,497.21,24.74,22.42,554.88
12,0.4004,2,2768.35,349.23,15.14,16.55,250.54
12,0.4004,3,2073.96,1755.59,11.33,16.79,190.13
12,0.4004,4,2633.98,1380.32,22.11,15.98,353.49
12,0.4004,5,1012.06,2061.76,21.24,19.52,414.44
18,0.6006,1,3120.2,496.83,25.43,23.03,585.75
18,0.6006,2,2768.34,350.47,16.14,17.65,284.92
18,0.6006,4,2635.89,1380.66,21.61,15.63,337.9
18,0.6006,7,1522.36,850.72,21.59,14.93,322.33
24,0.8008,1,3120.05,496.52,26.67,24.18,644.88
24,0.8008,2,2768.61,351.51,16.82,18.37,309.01
24,0.8008,4,2638.25,1380.98,21.07,15.23,320.83
24,0.8008,3,2075.56,1748.97,10.92,16.23,177.23
24,0.8008,5,1015.71,2065.78,20.87,19.44,405.82
30,1.001,1,3119.58,497.04,25.82,23.42,604.83
30,1.001,2,2769.21,352.12,16.8,18.27,306.97
30,1.001,4,2641.07,1381.44,21.15,15.27,323.02
30,1.001,3,2076.93,1747.31,10.17,15.12,153.82
30,1.001,5,1017.98,2067.14,19.14,18.02,344.93
36,1.2012,1,3119.15,497.58,25.18,22.77,573.44
36,1.2012,2,2769.55,352.59,16.59,17.92,297.33
36,1.2012,4,2644.11,1381.8,21.06,15.19,319.94
36,1.2012,3,2078.2,1745.58,9.65,14.36,138.59
36,1.2012,5,1020.54,2067.68,18.15,17.27,313.39
42,1.4014,1,3119.48,497.67,25.01,22.51,562.83
42,1.4014,2,2770.13,353.39,17.37,18.75,325.75
42,1.4014,4,2646.86,1382.2,20.91,15.05,314.58
42,1.4014,3,2079.66,1743.48,9.2,13.59,125.07
42,1.4014,5,1023.73,2068.21,17.36,16.59,288.03
48,1.6016,1,3119.45,497.83,25.52,22.95,585.75
48,1.6016,2,2770.27,354.93,17.69,19.02,336.37
48,1.6016,4,2649.56,1382.35,21.21,15.25,323.46
48,1.6016,3,2081.16,1740.5,9.2,13.42,123.42
48,1.6016,5,1026.54,2068.83,16.42,15.71,257.97
54,1.8018,1,3120.01,497.92,25.65,23.0,590.13
54,1.8018,2,2771.03,356.68,17.61,18.84,331.9
54,1.8018,4,2652.58,1382.53,20.89,14.99,313.1
54,1.8018,5,1029.26,2069.44,16.24,15.59,253.08
60,2.002,1,3120.5,497.72,26.68,23.97,639.52
60,2.002,2,2772.06,357.99,18.53,19.88,368.26
60,2.002,4,2656.11,1382.8,20.7,14.82,306.86
60,2.002,5,1032.72,2069.94,16.01,15.42,246.76
60,2.002,19,1549.77,851.48,22.26,15.16,337.44
60,2.002,3,2084.93,1735.72,10.15,14.78,150.01
66,2.2022,1,3120.59,498.39,26.48,23.62,625.42
66,2.2022,2,2772.76,358.64,19.09,20.63,393.72
66,2.2022,4,2659.36,1383.25,21.26,15.19,322.88
66,2.2022,5,1035.66,2071.19,16.69,16.09,268.53
66,2.2022,19,1553.19,852.25,22.33,15.21,339.58
66,2.2022,3,2086.74,1734.23,9.75,14.12,137.69
72,2.4024,1,3120.51,500.59,28.17,25.08,706.47
72,2.4024,2,2773.35,361.28,18.69,20.14,376.4
72,2.4024,4,2662.31,1384.09,21.18,15.1,319.79
72,2.4024,5,1039.51,2072.38,15.82,15.22,240.83
72,2.4024,3,2088.8,1732.91,10.0,14.47,144.67
78,2.6026,1,3120.07,501.09,31.29,28.06,877.78
78,2.6026,2,2773.91,363.55,18.19,19.47,354.2
78,2.6026,4,2665.39,1385.57,21.19,15.1,319.92
78,2.6026,5,1042.67,2073.89,16.01,15.51,248.4
78,2.6026,3,2090.69,1731.78,9.91,14.37,142.36
84,2.8028,1,3119.85,504.16,30.22,26.95,814.29
84,2.8028,2,2774.45,365.8,17.85,18.91,337.52
84,2.8028,4,2668.71,1386.61,21.48,15.33,329.2
84,2.8028,5,1046.52,2075.21,16.26,15.73,255.77
84,2.8028,3,2092.73,1730.45,9.86,14.23,140.34
84,2.8028,21,1567.22,856.52,22.41,14.83,332.31
90,3.003,1,3119.86,506.09,28.72,25.31,726.84
90,3.003,2,2774.89,368.5,17.5,18.34,320.97
90,3.003,4,2672.37,1387.72,21.48,15.32,328.97
90,3.003,5,1049.98,2076.64,16.09,15.68,252.4
90,3.003,3,2094.11,1728.92,9.84,13.84,136.08
90,3.003,21,1571.16,857.39,22.54,14.93,336.45
96,3.2032,1,3119.23,507.78,27.44,23.72,650.85
96,3.2032,2,2775.47,371.56,17.89,18.63,333.36
96,3.2032,4,2675.02,1388.7,21.54,15.33,330.17
96,3.2032,5,1053.12,2078.06,16.33,15.73,256.93
96,3.2032,3,2096.65,1726.11,12.11,17.45,211.33
102,3.4034,1,3118.05,509.65,27.15,22.93,622.57
102,3.4034,2,2775.42,374.32,17.51,18.04,315.99
102,3.4034,4,2678.19,1388.85,22.96,16.53,379.54
102,3.4034,5,1057.87,2079.59,15.97,15.12,241.41
102,3.4034,3,2098.67,1724.33,11.81,17.25,203.76
108,3.6036,1,3116.94,511.81,27.29,22.54,615.0
108,3.6036,2,2774.87,377.09,17.58,17.9,314.67
108,3.6036,4,2680.68,1389.13,23.88,17.43,416.25
108,3.6036,5,1060.97,2081.01,16.45,15.68,257.9
108,3.6036,21,1584.21,857.92,22.99,15.23,350.15
114,3.8038,1,3116.04,513.69,27.61,22.41,618.8
114,3.8038,2,2774.74,379.45,17.59,17.7,311.31
114,3.8038,4,2683.54,1389.42,24.65,18.19,448.28
114,3.8038,5,1063.69,2082.55,16.32,15.59,254.33
114,3.8038,21,1588.22,859.0,22.51,14.96,336.76
114,3.8038,3,2101.27,1721.78,10.01,14.46,144.64
120,4.004,1,3115.42,515.37,28.55,22.88,653.19
120,4.004,2,2774.59,381.53,18.5,18.63,344.6
120,4.004,4,2685.94,1390.02,25.85,19.49,503.82
120,4.004,5,1066.4,2084.06,16.77,16.1,269.9
120,4.004,21,1591.78,859.87,23.62,15.78,372.66
120,4.004,3,2102.41,1721.05,9.89,14.29,141.38
126,4.2042,1,3114.58,517.09,29.96,23.82,713.6
126,4.2042,2,2774.16,383.02,20.22,20.51,414.73
126,4.2042,4,2688.02,1393.32,24.85,18.8,467.12
126,4.2042,5,1068.95,2085.32,18.21,17.74,323.0
126,4.2042,21,1595.94,861.44,22.92,15.26,349.7
126,4.2042,3,2103.04,1719.97,9.92,14.4,142.84
132,4.4044,1,3113.21,519.63,29.76,23.46,697.91
132,4.4044,2,2773.45,386.32,18.89,18.96,358.22
132,4.4044,4,2690.49,1395.2,22.88,17.37,397.31
132,4.4044,5,1071.4,2086.04,19.04,18.88,359.43
132,4.4044,21,1598.57,863.18,22.21,14.8,328.59
132,4.4044,3,2103.92,1719.21,9.54,13.74,131.07
138,4.6046,1,3112.02,521.86,30.1,23.5,707.35
138,4.6046,2,2772.9,388.78,18.24,18.17,331.5
138,4.6046,4,2693.16,1396.01,21.8,16.53,360.46
138,4.6046,5,1074.03,2089.4,18.78,18.87,354.51
138,4.6046,21,1601.44,863.89,21.82,14.56,317.67
138,4.6046,3,2104.77,1718.91,9.51,13.63,129.7
144,4.8048,2,2772.77,391.36,18.31,18.13,332.02
144,4.8048,4,2696.05,1396.54,20.82,15.71,327.09
144,4.8048,5,1076.53,2090.9,18.22,18.45,336.19
144,4.8048,21,1605.28,864.26,21.74,14.51,315.32
144,4.8048,3,2105.78,1717.52,9.76,13.78,134.55
150,5.005,2,2772.22,394.13,18.61,18.35,341.46
150,5.005,4,2698.74,1396.82,20.43,15.32,312.91
150,5.005,21,1609.16,864.39,21.89,14.64,320.38
150,5.005,3,2106.47,1716.06,10.14,14.01,142.03
150,5.005,1,3110.18,525.38,31.06,24.18,750.96
156,5.2052,2,2772.02,396.51,19.1,18.73,357.72
156,5.2052,4,2701.34,1397.62,20.38,15.18,309.37
156,5.2052,21,1612.44,864.82,23.38,15.81,369.66
156,5.2052,3,2107.04,1714.01,10.24,13.65,139.7
156,5.2052,1,3109.29,526.84,31.49,24.47,770.46
156,5.2052,5,1083.07,2093.28,16.63,16.63,276.56
162,5.4054,2,2771.42,398.52,19.03,18.52,352.43
162,5.4054,4,2703.79,1398.27,19.39,14.32,277.64
162,5.4054,21,1615.82,865.47,23.75,16.19,384.6
162,5.4054,3,2107.37,1712.19,10.62,13.7,145.48
162,5.4054,1,3107.46,528.74,30.91,24.06,743.54
162,5.4054,5,1085.58,2094.85,16.26,16.17,262.82
168,5.6056,2,2771.59,400.06,18.74,18.11,339.35
168,5.6056,4,2706.62,1398.84,20.26,14.9,301.9
168,5.6056,21,1619.01,865.95,23.28,15.94,371.04
168,5.6056,1,3106.26,530.37,31.33,24.49,767.16
168,5.6056,5,1088.36,2096.23,15.52,15.43,239.44
174,5.8058,2,2771.13,401.43,18.64,17.94,334.29
174,5.8058,4,2709.35,1399.52,20.7,15.2,314.73
174,5.8058,1,3105.51,531.72,31.42,24.69,775.89
174,5.8058,5,1091.0,2097.33,15.27,15.09,230.34
180,6.006,2,2770.34,403.3,18.6,17.86,332.3
180,6.006,4,2711.51,1399.58,20.66,15.11,312.14
180,6.006,1,3103.93,533.0,31.92,25.32,808.35
180,6.006,5,1093.59,2097.95,15.47,15.17,234.67
180,6.006,21,1626.01,867.27,24.49,17.12,419.24
186,6.2062,2,2769.22,405.17,18.95,18.22,345.34
186,6.2062,4,2713.92,1399.49,20.87,15.21,317.44
186,6.2062,1,3102.31,534.24,31.4,25.08,787.56
186,6.2062,5,1096.49,2098.02,15.35,14.98,229.92
186,6.2062,21,1629.13,867.41,24.65,17.52,431.92
192,6.4064,2,2768.1,406.49,20.11,19.54,392.95
192,6.4064,4,2715.95,1399.68,21.09,15.34,323.52
192,6.4064,1,3100.99,535.71,31.03,24.97,774.7
192,6.4064,5,1098.97,2098.48,16.13,15.72,253.51
192,6.4064,21,1631.79,867.54,24.45,17.5,427.97
198,6.6066,2,2767.1,409.81,19.58,19.16,375.12
198,6.6066,4,2717.97,1399.49,21.44,15.61,334.66
198,6.6066,1,3099.22,536.84,30.83,24.98,770.19
198,6.6066,5,1100.65,2098.98,15.94,15.5,246.95
198,6.6066,21,1634.41,867.38,24.62,17.85,439.44
204,6.8068,2,2766.57,411.32,18.86,18.42,347.3
204,6.8068,4,2720.09,1399.1,20.84,15.15,315.64
204,6.8068,1,3098.37,538.49,30.45,24.93,759.15
204,6.8068,5,1102.26,2100.21,16.01,15.2,243.38
204,6.8068,21,1637.32,867.06,25.15,18.47,464.68
210,7.007,2,2765.88,412.46,17.62,17.07,300.8
210,7.007,4,2722.86,1399.01,21.32,15.54,331.49
210,7.007,1,3097.68,539.67,30.6,25.27,773.21
210,7.007,5,1106.14,2101.46,17.0,16.05,272.78
210,7.007,21,1640.82,867.07,24.75,18.4,455.49
210,7.007,33,1743.15,2152.71,15.95,13.5,215.25
216,7.2072,2,2765.37,413.62,17.26,16.73,288.72
216,7.2072,4,2724.92,1399.11,21.2,15.43,327.1
216,7.2072,1,3096.59,541.0,30.53,25.39,775.17
216,7.2072,5,1108.24,2103.02,16.52,15.57,257.23
216,7.2072,21,1644.55,866.31,22.08,16.24,358.46
216,7.2072,33,1743.5,2151.51,17.19,14.62,251.24
222,7.4074,2,2764.49,414.89,16.98,16.41,278.68
222,7.4074,4,2727.28,1399.29,21.34,15.51,330.98
222,7.4074,1,3095.63,542.3,29.77,24.97,743.36
222,7.4074,5,1110.29,2104.13,16.42,15.57,255.81
222,7.4074,21,1646.84,866.07,21.06,15.37,323.64
222,7.4074,33,1744.27,2150.11,19.16,16.43,314.7
228,7.6076,2,2763.68,416.22,17.12,16.53,282.97
228,7.6076,4,2730.31,1398.88,21.46,15.66,336.06
228,7.6076,1,3094.84,543.28,30.12,25.42,765.74
228,7.6076,5,1112.59,2104.71,16.49,15.62,257.59
228,7.6076,21,1649.53,865.96,20.33,14.81,301.01
228,7.6076,33,1745.2,2148.52,18.92,16.36,309.67
234,7.8078,2,2763.29,417.79,16.49,15.8,260.65
234,7.8078,4,2732.9,1398.27,21.94,16.05,352.03
234,7.8078,1,3094.43,544.44,29.8,25.4,756.96
234,7.8078,5,1115.25,2105.08,17.02,16.18,275.32
234,7.8078,21,1652.34,865.31,20.48,14.79,302.94
234,7.8078,33,1746.53,2146.96,18.82,16.43,309.24
240,8.008,2,2763.34,419.09,16.52,15.78,260.55
240,8.008,4,2735.38,1398.07,22.08,16.09,355.3
240,8.008,1,3094.3,545.2,29.29,25.17,737.19
240,8.008,5,1118.57,2105.34,16.95,16.2,274.7
240,8.008,21,1656.51,864.94,20.13,14.39,289.69
240,8.008,33,1747.61,2145.48,17.46,15.29,267.09
246,8.2082,2,2764.13,420.08,16.72,15.91,265.97
246,8.2082,4,2738.96,1397.28,21.65,15.78,341.65
246,8.2082,1,3093.67,547.11,29.3,25.27,740.36
246,8.2082,5,1121.5,2106.07,17.01,16.31,277.47
246,8.2082,21,1660.51,864.52,20.19,14.38,290.42
246,8.2082,33,1748.32,2144.49,17.43,15.3,266.7
246,8.2082,3,2121.07,1685.51,10.42,13.75,143.3
252,8.4084,2,2764.92,421.05,16.08,15.14,243.36
252,8.4084,4,2742.68,1396.83,21.24,15.5,329.36
252,8.4084,1,3093.71,548.37,29.92,25.99,777.7
252,8.4084,5,1124.16,2107.37,16.25,15.68,254.82
252,8.4084,21,1664.04,864.21,20.83,14.76,307.59
252,8.4084,33,1748.98,2143.85,17.93,15.75,282.5
252,8.4084,3,2122.12,1683.95,11.27,15.2,171.33
258,8.6086,2,2765.13,421.85,16.1,15.01,241.67
258,8.6086,4,2745.67,1396.98,21.64,15.86,343.21
258,8.6086,1,3093.77,549.8,29.81,26.05,776.31
258,8.6086,5,1126.82,2109.38,16.02,15.52,248.68
258,8.6086,21,1667.17,864.47,20.85,14.65,305.41
258,8.6086,33,1749.34,2142.97,18.18,15.96,290.27
264,8.8088,2,2765.07,422.62,16.99,15.71,266.93
264,8.8088,4,2748.07,1397.25,22.28,16.42,365.81
264,8.8088,1,3093.29,550.83,29.46,25.86,761.95
264,8.8088,5,1129.22,2110.89,16.26,15.86,257.87
264,8.8088,21,1669.37,864.19,20.5,13.99,286.78
264,8.8088,33,1749.74,2141.66,17.23,14.93,257.22
264,8.8088,3,2123.74,1678.03,12.6,17.88,225.21
270,9.009,2,2765.36,424.11,16.9,15.44,260.95
270,9.009,4,2750.78,1397.59,21.99,16.4,360.66
270,9.009,1,3093.38,552.3,29.21,25.76,752.6
270,9.009,5,1131.44,2112.49,15.81,15.38,243.25
270,9.009,33,1749.92,2140.65,17.75,15.27,271.13
270,9.009,38,1754.26,2140.88,21.24,15.21,323.15
276,9.2092,2,2765.55,425.58,17.11,15.51,265.43
276,9.2092,4,2754.29,1397.53,22.03,16.49,363.17
276,9.2092,1,3092.97,554.14,30.2,26.91,812.83
276,9.2092,5,1134.33,2114.07,16.33,15.97,260.68
276,9.2092,38,1754.69,2140.46,22.0,15.81,347.85
276,9.2092,21,1676.64,866.31,24.72,17.29,427.34
276,9.2092,3,2125.99,1675.62,11.52,16.74,192.92
282,9.4094,2,2765.91,427.23,17.52,15.77,276.23
282,9.4094,4,2757.56,1397.54,22.92,17.21,394.52
282,9.4094,38,1755.34,2140.15,22.05,15.95,351.68
282,9.4094,21,1679.34,867.22,24.21,17.06,413.0
282,9.4094,3,2127.19,1675.21,10.9,16.06,175.05
288,9.6096,2,2766.39,429.05,17.75,15.83,280.98
288,9.6096,4,2760.47,1397.81,22.24,16.85,374.89
288,9.6096,38,1756.05,2140.47,21.94,16.04,351.89
288,9.6096,21,1683.38,867.82,23.32,16.49,384.5
288,9.6096,1,3092.02,558.2,30.23,27.19,822.17
288,9.6096,5,1139.73,2116.74,16.24,15.87,257.86
294,9.8098,2,2766.28,430.88,17.66,15.58,275.11
294,9.8098,4,2763.52,1398.02,21.89,16.73,366.27
294,9.8098,38,1756.97,2140.68,20.83,15.44,321.66
294,9.8098,21,1686.89,868.03,22.96,16.27,373.43
294,9.8098,1,3091.74,560.49,30.59,27.79,849.96
294,9.8098,5,1142.77,2118.74,15.81,15.38,243.27
294,9.8098,3,2130.32,1673.81,10.0,14.39,143.84
300,10.01,2,2766.59,432.32,17.79,15.53,276.3
300,10.01,4,2767.0,1398.02,22.34,17.28,385.99
300,10.01,38,1757.82,2140.34,20.71,15.59,322.93
300,10.01,21,1690.46,868.2,22.48,15.98,359.37
300,10.01,1,3091.73,562.19,30.09,27.58,829.89
306,10.2102,2,2767.45,433.57,18.31,15.85,290.33
306,10.2102,4,2770.12,1398.48,22.28,17.34,386.17
306,10.2102,38,1759.07,2140.21,20.51,15.72,322.52
306,10.2102,21,1694.24,868.74,21.37,15.1,322.63
306,10.2102,1,3092.02,564.19,30.26,27.9,844.28
306,10.2102,5,1148.16,2123.05,16.06,15.57,250.01
312,10.4104,2,2767.91,435.04,18.35,15.67,287.47
312,10.4104,4,2773.13,1398.69,22.16,17.44,386.47
312,10.4104,38,1759.75,2139.69,21.31,16.64,354.59
312,10.4104,21,1697.84,869.86,20.42,14.23,290.55
312,10.4104,1,3091.91,566.46,30.97,29.08,900.42
312,10.4104,5,1149.83,2124.79,15.91,15.07,239.76
318,10.6106,2,2767.65,436.97,18.88,15.95,301.17
318,10.6106,4,2776.01,1398.59,22.08,17.59,388.5
318,10.6106,38,1760.44,2139.23,21.89,17.51,383.29
318,10.6106,21,1701.12,870.51,20.44,14.12,288.52
318,10.6106,1,3090.62,569.15,30.81,29.23,900.63
318,10.6106,44,3262.37,1610.27,25.93,19.66,509.95
318,10.6106,3,2135.31,1670.23,12.38,18.48,228.73
324,10.8108,2,2767.75,438.65,18.83,15.7,295.58
324,10.8108,4,2778.82,1398.39,22.59,18.22,411.55
324,10.8108,38,1761.23,2138.96,21.96,18.03,396.04
324,10.8108,21,1704.12,870.88,20.7,14.22,294.28
324,10.8108,1,3090.17,571.33,30.65,29.36,899.92
324,10.8108,44,3265.1,1611.44,25.76,19.52,502.89
324,10.8108,5,1155.47,2126.67,16.28,15.35,249.94
330,11.011,2,2767.51,439.71,19.41,16.06,311.7
330,11.011,4,2781.18,1397.75,22.19,18.08,401.26
330,11.011,38,1761.71,2138.66,22.11,18.63,411.83
330,11.011,21,1706.73,871.14,20.96,14.33,300.38
330,11.011,1,3089.17,573.26,29.85,28.87,861.69
330,11.011,44,3268.06,1611.7,25.42,19.2,488.06
330,11.011,5,1158.2,2127.65,16.02,15.02,240.61
336,11.2112,2,2767.08,441.03,19.53,16.08,313.99
336,11.2112,4,2783.28,1396.97,21.79,17.73,386.26
336,11.2112,38,1762.36,2138.62,21.62,18.7,404.31
336,11.2112,21,1710.25,871.54,21.9,14.96,327.5
336,11.2112,1,3088.71,575.05,29.96,29.34,878.96
336,11.2112,44,3270.52,1612.53,25.93,19.56,507.25
336,11.2112,5,1161.07,2129.17,16.37,15.34,251.14
342,11.4114,2,2766.4,442.79,19.59,16.01,313.79
342,11.4114,4,2786.19,1396.72,21.65,17.8,385.34
342,11.4114,38,1762.9,2138.74,20.89,18.47,385.87
342,11.4114,1,3087.36,577.77,29.09,28.58,831.33
342,11.4114,44,3272.51,1612.73,26.34,19.87,523.33
342,11.4114,5,1163.31,2131.14,16.43,15.45,253.77
348,11.6116,2,2765.63,444.71,19.94,16.18,322.61
348,11.6116,4,2787.93,1396.57,22.11,18.45,407.78
348,11.6116,38,1763.11,2138.59,20.79,18.79,390.58
348,11.6116,1,3086.09,580.41,28.55,28.33,809.0
348,11.6116,44,3273.96,1612.85,25.82,19.42,501.42
348,11.6116,5,1165.54,2132.55,17.38,16.54,287.38
354,11.8118,2,2764.95,446.39,19.73,15.91,313.81
354,11.8118,4,2790.21,1396.49,22.01,18.62,409.85
354,11.8118,1,3085.07,582.95,28.69,28.85,827.71
354,11.8118,44,3275.73,1613.46,26.66,20.05,534.64
354,11.8118,21,1720.2,873.79,21.86,14.9,325.78
360,12.012,2,2764.41,448.37,19.78,15.9,314.54
360,12.012,4,2792.81,1396.66,21.93,18.8,412.39
360,12.012,1,3084.05,585.6,28.23,28.48,804.03
360,12.012,44,3277.74,1614.13,26.29,19.74,518.94
360,12.012,21,1723.69,874.19,22.31,15.19,338.95
360,12.012,38,1763.96,2134.15,19.63,18.16,356.46
366,12.2122,2,2764.06,450.34,19.45,15.56,302.73
366,12.2122,4,2795.19,1395.92,21.85,18.92,413.59
366,12.2122,44,3280.3,1615.12,26.24,19.67,516.05
366,12.2122,21,1726.94,874.74,21.52,14.58,313.79
366,12.2122,38,1764.86,2133.05,18.83,17.76,334.35
372,12.4124,2,2762.95,452.09,20.29,16.2,328.68
372,12.4124,4,2797.01,1395.12,21.29,18.73,398.85
372,12.4124,44,3282.22,1615.84,26.55,19.88,527.92
372,12.4124,21,1730.15,875.22,21.37,14.5,309.89
372,12.4124,38,1765.62,2132.19,17.5,16.71,292.38
372,12.4124,1,3082.23,590.07,27.46,27.99,768.52
378,12.6126,2,2762.25,453.27,21.66,17.42,377.28
378,12.6126,4,2799.1,1393.66,21.06,18.75,394.72
378,12.6126,44,3284.16,1615.93,26.56,19.92,529.08
378,12.6126,21,1733.31,875.84,21.11,14.26,301.09
378,12.6126,38,1766.11,2131.39,15.96,15.28,243.82
378,12.6126,1,3080.94,592.29,28.01,28.85,808.07
384,12.8128,2,2761.88,453.86,22.41,18.23,408.37
384,12.8128,4,2800.63,1392.42,20.51,18.52,379.75
384,12.8128,44,3286.38,1615.45,26.76,20.07,537.06
384,12.8128,38,1766.62,2131.52,16.03,15.5,248.48
384,12.8128,1,3079.32,595.1,27.19,28.31,769.64
390,13.013,2,2761.74,454.25,23.03,18.97,436.82
390,13.013,4,2802.51,1391.07,21.15,19.39,410.09
390,13.013,44,3288.06,1614.86,26.95,20.22,545.14
390,13.013,38,1767.48,2132.1,16.97,16.63,282.29
390,13.013,1,3078.35,597.14,27.33,28.65,783.08
390,13.013,21,1740.01,876.73,20.85,14.07,293.37
396,13.2132,2,2759.88,457.06,23.94,19.92,476.88
396,13.2132,4,2804.31,1390.23,20.96,19.53,409.29
396,13.2132,44,3290.0,1614.45,28.01,21.12,591.67
396,13.2132,38,1767.58,2131.51,16.34,16.09,262.96
396,13.2132,1,3076.88,599.36,27.04,28.64,774.5
396,13.2132,21,1742.58,876.84,21.5,14.51,311.93
402,13.4134,2,2758.23,458.4,23.45,19.72,462.47
402,13.4134,4,2805.61,1389.69,20.31,19.22,390.46
402,13.4134,44,3290.77,1614.1,27.29,20.69,564.77
402,13.4134,38,1766.6,2130.53,16.19,15.98,258.8
402,13.4134,1,3075.46,601.18,26.6,28.33,753.7
402,13.4134,21,1744.94,876.99,21.71,14.62,317.32
408,13.6136,2,2755.91,459.29,22.06,18.76,413.8
408,13.6136,4,2806.13,1388.67,19.9,19.03,378.72
408,13.6136,44,3291.01,1613.87,28.04,21.43,600.88
408,13.6136,38,1764.75,2128.5,15.68,15.43,241.85
408,13.6136,1,3072.62,603.11,26.09,27.85,726.85
408,13.6136,21,1746.55,876.81,21.6,14.51,313.4
414,13.8138,2,2752.57,459.96,20.79,17.68,367.53
414,13.8138,4,2805.29,1387.01,20.67,20.12,415.85
414,13.8138,44,3290.28,1614.67,28.31,21.79,616.77
414,13.8138,38,1762.37,2126.45,16.03,15.7,251.68
414,13.8138,1,3068.97,604.89,26.54,28.51,756.65
414,13.8138,21,1746.47,876.35,21.18,14.18,300.39
420,14.014,2,2747.71,460.23,20.62,17.55,361.8
420,14.014,4,2802.54,1384.94,19.87,19.51,387.65
420,14.014,44,3288.56,1614.44,28.1,21.81,612.8
420,14.014,38,1758.23,2125.17,16.27,15.95,259.46
420,14.014,1,3063.39,606.38,26.21,28.32,742.31
420,14.014,21,1744.57,875.18,22.04,14.79,326.02
426,14.2142,2,2740.3,460.1,20.57,17.41,358.19
426,14.2142,4,2797.44,1382.53,19.66,19.67,386.79
426,14.2142,44,3284.56,1612.94,28.56,22.4,639.95
426,14.2142,38,1751.98,2124.42,17.39,17.03,296.06
432,14.4144,44,3277.58,1611.21,27.64,21.8,602.42
606,20.2202,280,1808.96,15.27,19.28,27.59,532.05
612,20.4204,280,1810.61,12.3,16.67,23.7,395.07
618,20.6206,280,1811.48,13.89,18.95,26.8,507.79
624,20.8208,301,3236.4,720.42,20.27,24.21,490.59
756,25.2252,471,3053.76,1362.03,23.2,22.83,529.67
756,25.2252,475,1510.98,1506.74,18.35,16.78,308.04
762,25.4254,471,3050.78,1356.87,22.89,22.49,514.62
768,25.6256,471,3047.06,1352.04,23.46,23.03,540.34
774,25.8258,471,3038.01,1347.45,23.98,23.5,563.43
936,31.2312,627,2052.18,1166.13,24.6,19.24,473.24
942,31.4314,627,2045.31,1166.95,23.52,18.38,432.14
948,31.6316,627,2038.18,1168.68,22.59,17.6,397.63
948,31.6316,642,1961.51,1706.18,17.72,19.64,348.04
954,31.8318,627,2029.98,1172.39,23.85,18.53,441.96
960,32.032,627,2021.87,1178.05,24.15,18.75,452.64
966,32.2322,627,2014.68,1185.8,23.95,18.53,443.97
972,32.4324,627,2008.78,1194.82,23.99,18.44,442.29
1038,34.6346,714,1975.52,1374.67,24.83,18.37,456.23
1038,34.6346,715,1894.51,1874.97,12.07,14.96,180.53
1038,34.6346,716,3116.66,1950.45,17.91,17.42,312.02
1038,34.6346,717,918.97,1656.43,21.66,20.99,454.64
1044,34.8348,714,1976.32,1377.23,24.76,18.34,454.05
1044,34.8348,715,1895.16,1875.26,11.88,14.71,174.83
1044,34.8348,716,3115.99,1953.05,18.12,17.62,319.15
1044,34.8348,717,916.35,1660.2,23.33,22.65,528.46
1050,35.035,714,1981.8,1379.22,25.48,18.89,481.31
1050,35.035,715,1900.45,1875.12,11.86,14.66,173.85
1050,35.035,716,3120.84,1955.81,17.55,17.01,298.63
1050,35.035,717,917.25,1663.79,22.83,22.2,506.89
1050,35.035,723,384.46,1628.91,23.58,17.82,420.18
1056,35.2352,717,926.21,1666.28,23.11,22.54,520.83
1098,36.6366,764,2145.97,1370.97,21.29,18.8,400.33
1098,36.6366,765,3285.1,1954.95,17.35,16.5,286.22
1098,36.6366,767,169.32,1090.91,20.52,17.75,364.24
1098,36.6366,769,1045.89,1672.71,20.01,23.21,464.39
1104,36.8368,764,2151.63,1369.85,23.15,20.47,473.86
1104,36.8368,765,3290.51,1954.96,17.48,16.64,290.83
1104,36.8368,767,170.79,1090.52,19.64,17.02,334.32
1104,36.8368,769,1047.26,1672.68,19.48,22.61,440.52
1104,36.8368,770,2069.12,1853.39,18.49,14.89,275.33
1104,36.8368,771,509.93,1634.2,20.97,15.7,329.32
1110,37.037,764,2156.94,1366.84,22.96,20.31,466.38
1110,37.037,765,3295.72,1955.67,17.63,16.81,296.48
1110,37.037,767,172.0,1089.81,19.05,16.5,314.28
1110,37.037,769,1047.58,1673.2,20.88,24.33,508.03
1110,37.037,770,2072.46,1851.79,20.72,16.81,348.23
1110,37.037,771,509.42,1633.14,21.49,16.1,346.02
1116,37.2372,764,2161.26,1365.54,22.73,20.13,457.55
1116,37.2372,765,3298.63,1956.85,18.02,17.2,309.95
1116,37.2372,767,171.13,1089.45,18.91,16.35,309.18
1116,37.2372,769,1046.88,1673.48,20.61,24.11,497.07
1116,37.2372,770,2075.89,1850.7,22.58,18.55,418.87
1116,37.2372,771,507.74,1631.82,21.44,16.07,344.53
1122,37.4374,764,2165.91,1364.82,22.81,20.22,461.22
1122,37.4374,765,3302.7,1958.19,18.3,17.52,320.57
1122,37.4374,767,172.17,1089.05,19.46,16.85,327.88
1122,37.4374,769,1047.78,1674.07,20.99,24.64,517.31
1122,37.4374,770,2080.87,1846.59,22.48,18.77,421.93
1122,37.4374,771,508.36,1630.79,21.39,16.06,343.53
1128,37.6376,764,2170.68,1363.39,21.49,19.03,408.95
1128,37.6376,765,3305.82,1958.94,18.62,17.89,333.07
1128,37.6376,767,173.19,1088.35,20.13,17.49,352.09
1128,37.6376,769,1048.19,1674.37,20.62,24.28,500.67
1128,37.6376,770,2084.23,1844.11,20.12,16.87,339.47
1128,37.6376,771,508.82,1629.86,21.02,15.81,332.3
1134,37.8378,764,2173.56,1361.92,21.1,18.59,392.31
1134,37.8378,765,3307.59,1959.01,18.55,17.9,331.93
1134,37.8378,769,1047.74,1673.42,19.28,22.84,440.32
1134,37.8378,770,2085.82,1841.19,18.34,15.33,281.1
1134,37.8378,771,508.06,1628.74,21.81,16.42,358.16
1134,37.8378,775,639.34,1199.28,27.14,22.28,604.65
1140,38.038,764,2175.49,1360.23,21.71,19.13,415.23
1140,38.038,765,3307.83,1958.62,18.84,18.31,345.11
1140,38.038,769,1046.77,1673.13,20.95,25.03,524.49
1140,38.038,770,2090.29,1837.35,18.18,15.19,276.15
1140,38.038,771,506.36,1627.46,21.75,16.41,356.97
1140,38.038,775,639.96,1198.55,28.09,23.06,647.9
1140,38.038,767,173.3,1085.88,20.29,17.69,358.91
1146,38.2382,764,2177.32,1357.99,22.35,19.74,441.2
1146,38.2382,765,3306.75,1958.44,19.17,18.79,360.19
1146,38.2382,769,1045.34,1673.33,19.99,24.07,481.18
1146,38.2382,770,2091.12,1832.98,18.71,15.97,298.7
1146,38.2382,771,504.03,1625.95,22.12,16.78,371.27
1146,38.2382,775,642.12,1198.32,27.3,22.42,612.09
1146,38.2382,767,173.0,1084.41,19.66,17.27,339.55
1152,38.4384,764,2179.78,1356.06,22.87,20.32,464.79
1152,38.4384,765,3307.27,1958.58,19.46,19.29,375.38
1152,38.4384,769,1044.69,1672.42,19.99,24.16,483.12
1152,38.4384,770,2093.18,1829.77,17.86,15.51,276.92
1152,38.4384,771,502.87,1623.82,21.39,16.2,346.59
1152,38.4384,767,173.58,1083.55,19.9,17.56,349.58
1158,38.6386,764,2182.4,1353.75,21.94,19.55,428.81
1158,38.6386,765,3307.92,1958.61,19.39,19.38,375.84
1158,38.6386,770,2095.23,1826.14,17.15,15.09,258.76
1158,38.6386,771,501.96,1621.23,21.96,16.68,366.28
1158,38.6386,767,173.53,1082.48,20.99,18.73,393.08
1158,38.6386,775,648.2,1196.07,27.42,22.53,617.76
1164,38.8388,764,2183.94,1351.02,21.66,19.3,418.1
1164,38.8388,765,3307.74,1958.31,19.09,19.25,367.42
1164,38.8388,770,2096.17,1822.36,16.6,14.73,244.59
1164,38.8388,771,500.01,1618.25,21.54,16.4,353.15
1164,38.8388,767,172.76,1079.53,22.13,20.1,444.79
1164,38.8388,775,650.36,1194.55,27.78,22.91,636.57
1164,38.8388,769,1042.56,1669.78,20.47,24.89,509.58
1170,39.039,764,2185.5,1348.55,21.77,19.42,422.84
1170,39.039,765,3307.1,1958.35,19.49,19.93,388.3
1170,39.039,770,2097.68,1818.02,16.5,14.87,245.36
1170,39.039,771,498.27,1615.37,21.35,16.33,348.75
1170,39.039,767,172.16,1077.4,20.37,18.68,380.49
1170,39.039,769,1041.47,1668.56,20.47,25.19,515.61
1176,39.2392,764,2186.89,1345.85,21.95,19.6,430.13
1176,39.2392,765,3306.27,1957.92,19.45,20.12,391.49
1176,39.2392,770,2098.93,1814.25,16.51,15.1,249.28
1176,39.2392,771,496.96,1612.68,20.99,16.12,338.32
1176,39.2392,767,171.43,1075.73,20.38,18.89,385.01
1176,39.2392,769,1040.21,1667.72,20.83,25.89,539.24
1176,39.2392,775,654.18,1190.88,27.83,22.93,638.12
1182,39.4394,764,2188.65,1343.38,21.76,19.49,424.03
1182,39.4394,765,3305.39,1957.04,19.19,20.11,385.79
1182,39.4394,770,2100.27,1809.97,16.15,14.99,242.01
1182,39.4394,771,495.56,1611.14,21.84,16.96,370.48
1182,39.4394,767,170.99,1074.03,20.02,18.67,373.75
1182,39.4394,775,655.72,1189.58,28.45,23.55,670.0
1188,39.6396,764,2190.03,1340.77,21.48,19.25,413.49
1188,39.6396,765,3303.82,1956.27,18.65,19.79,369.03
1188,39.6396,770,2101.44,1805.65,15.64,14.7,230.02
1188,39.6396,771,494.1,1609.8,23.9,18.88,451.23
1188,39.6396,767,171.0,1072.2,19.72,18.55,365.82
1194,39.8398,764,2191.86,1338.19,21.29,19.09,406.49
1194,39.8398,765,3303.06,1956.03,18.64,20.08,374.23
1194,39.8398,770,2103.37,1802.65,17.56,17.01,298.78
1194,39.8398,771,493.05,1606.6,24.21,19.41,469.87
1194,39.8398,767,171.44,1070.23,19.47,18.49,359.87
1200,40.04,764,2193.86,1336.03,21.45,19.31,414.39
1200,40.04,765,3302.22,1956.38,18.37,20.1,369.23
1200,40.04,770,2105.1,1797.42,17.13,16.95,290.39
1200,40.04,771,491.81,1604.56,22.48,18.1,406.99
1200,40.04,767,172.1,1069.06,19.24,18.5,356.06
1200,40.04,775,662.17,1186.34,27.43,22.61,620.12
1206,40.2402,764,2195.62,1334.28,21.91,19.83,434.32
1206,40.2402,765,3302.07,1957.44,18.03,20.0,360.45
1206,40.2402,770,2106.82,1794.49,15.62,15.58,243.32
1206,40.2402,771,490.81,1602.6,21.13,17.08,360.87
1206,40.2402,767,173.05,1068.41,18.71,18.13,339.24
1212,40.4404,764,2197.59,1332.86,21.77,19.76,430.2
1212,40.4404,765,3302.05,1958.09,17.98,20.19,362.95
1212,40.4404,770,2108.29,1791.54,14.92,14.71,219.48
1212,40.4404,771,490.66,1600.26,21.17,17.16,363.31
1212,40.4404,767,174.0,1067.38,18.81,18.5,347.96
1218,40.6406,764,2200.35,1330.89,21.39,19.41,415.01
1218,40.6406,765,3302.39,1958.63,17.55,20.0,351.01
1218,40.6406,770,2109.61,1788.44,15.17,14.58,221.17
1218,40.6406,771,490.98,1598.22,21.06,17.13,360.83
1218,40.6406,767,175.4,1065.86,19.09,18.98,362.41
1224,40.8408,764,2202.91,1329.38,21.76,19.78,430.39
1224,40.8408,765,3301.97,1959.08,17.41,20.09,349.69
1224,40.8408,770,2114.32,1785.02,15.4,14.72,226.63
1224,40.8408,771,491.04,1596.52,20.65,16.86,348.3
1224,40.8408,767,176.55,1064.56,18.74,18.87,353.7
1230,41.041,764,2205.47,1328.05,22.31,20.29,452.71
1230,41.041,765,3301.34,1960.02,17.39,20.33,353.62
1230,41.041,770,2116.7,1782.0,15.47,14.9,230.43
1230,41.041,771,491.52,1595.52,20.96,17.22,360.92
1230,41.041,767,178.14,1063.78,18.62,19.0,353.63
1236,41.2412,764,2208.54,1326.39,22.02,20.0,440.52
1236,41.2412,765,3301.08,1960.88,16.81,19.92,334.88
1236,41.2412,770,2118.62,1779.61,15.71,15.44,242.65
1236,41.2412,771,492.25,1594.59,21.04,17.42,366.53
1236,41.2412,767,180.08,1063.2,18.51,19.11,353.7
1242,41.4414,764,2210.53,1325.06,22.33,20.31,453.47
1242,41.4414,765,3300.94,1961.74,16.35,19.61,320.55
1242,41.4414,770,2121.13,1777.81,17.4,17.65,307.19
1242,41.4414,771,492.45,1594.07,20.92,17.5,366.22
1242,41.4414,767,181.74,1062.76,17.5,18.17,317.94
1248,41.6416,764,2213.5,1323.59,22.39,20.39,456.63
1248,41.6416,765,3301.16,1963.37,16.22,19.68,319.28
1248,41.6416,770,2123.54,1773.19,16.49,17.09,281.81
1248,41.6416,771,492.66,1593.32,21.07,17.73,373.64
1248,41.6416,767,184.19,1062.25,18.02,18.92,341.06
1254,41.8418,764,2216.14,1322.72,22.81,20.86,475.89
1254,41.8418,765,3301.35,1965.32,16.57,20.35,337.32
1254,41.8418,770,2125.99,1770.84,15.12,15.84,239.55
1254,41.8418,771,492.57,1591.98,21.1,17.88,377.24
1254,41.8418,767,186.07,1062.34,17.59,18.52,325.83
1260,42.042,764,2218.59,1321.87,22.8,20.89,476.31
1260,42.042,765,3301.95,1966.58,17.02,21.31,362.61
1260,42.042,770,2128.25,1769.1,14.39,15.14,217.9
1260,42.042,771,492.87,1590.53,20.9,17.91,374.45
1260,42.042,767,187.66,1062.18,18.08,19.08,344.87
1266,42.2422,764,2221.11,1321.22,22.6,20.75,468.94
1266,42.2422,765,3301.63,1967.02,16.96,21.61,366.35
1266,42.2422,770,2130.39,1766.68,13.98,14.83,207.31
1266,42.2422,771,493.89,1589.27,20.36,17.64,359.2
1266,42.2422,767,189.14,1061.51,17.92,18.82,337.38
1272,42.4424,764,2223.53,1320.53,23.4,21.68,507.39
1272,42.4424,765,3300.84,1968.78,16.56,21.5,356.09
1272,42.4424,770,2132.12,1763.72,14.38,15.11,217.28
1272,42.4424,771,494.48,1588.89,21.01,18.36,385.79
1272,42.4424,767,190.24,1061.32,17.91,18.51,331.54
1278,42.6426,764,2226.01,1318.65,23.18,21.64,501.63
1278,42.6426,765,3299.92,1970.21,15.68,20.54,322.19
1278,42.6426,770,2133.24,1761.58,14.55,14.97,217.91
1278,42.6426,771,495.13,1588.71,21.34,18.85,402.3
1278,42.6426,767,193.1,1060.67,17.92,18.27,327.47
1284,42.8428,764,2228.17,1317.43,23.32,21.91,511.1
1284,42.8428,765,3299.15,1972.44,15.43,20.38,314.41
1284,42.8428,770,2133.88,1759.42,14.67,14.68,215.26
1284,42.8428,771,495.36,1588.84,20.68,18.5,382.68
1284,42.8428,767,194.6,1060.73,17.9,18.16,325.05
1290,43.043,764,2230.42,1317.32,23.61,22.38,528.43
1290,43.043,765,3298.74,1974.8,14.75,19.51,287.67
1290,43.043,770,2138.43,1757.45,15.14,15.03,227.43
1290,43.043,771,495.07,1588.92,20.88,18.89,394.59
1290,43.043,767,195.86,1061.11,17.49,17.67,309.16
1296,43.2432,764,2231.96,1317.83,23.53,22.34,525.62
1296,43.2432,765,3298.69,1977.31,14.83,19.69,291.96
1296,43.2432,770,2140.6,1756.0,15.14,15.07,228.2
1296,43.2432,771,494.22,1589.09,20.69,18.88,390.67
1296,43.2432,767,197.27,1061.73,17.61,17.65,310.76
1302,43.4434,764,2233.95,1317.7,23.59,22.62,533.64
1302,43.4434,765,3298.14,1980.24,14.74,19.57,288.43
1302,43.4434,770,2142.01,1755.44,15.01,15.14,227.2
1302,43.4434,771,493.6,1589.21,20.27,18.62,377.37
1302,43.4434,767,198.42,1062.63,16.58,16.37,271.4
1308,43.6436,764,2235.92,1317.0,23.97,23.28,558.06
1308,43.6436,765,3296.99,1982.85,14.97,19.96,298.84
1308,43.6436,770,2143.23,1754.69,15.86,16.37,259.57
1308,43.6436,771,493.07,1589.26,20.07,18.59,372.94
1308,43.6436,767,199.46,1063.23,16.86,16.44,277.25
1314,43.8438,764,2237.55,1316.58,24.21,23.79,575.98
1314,43.8438,765,3296.01,1984.99,14.62,19.55,285.71
1314,43.8438,770,2144.36,1753.97,16.7,17.75,296.47
1314,43.8438,771,493.15,1589.33,19.97,18.63,372.07
1314,43.8438,767,199.65,1063.9,16.83,16.23,273.14
1320,44.044,764,2239.29,1316.34,24.16,24.01,580.1
1320,44.044,765,3295.37,1986.73,14.38,19.24,276.69
1320,44.044,770,2145.7,1750.19,16.64,18.2,302.86
1320,44.044,771,493.43,1589.64,20.0,18.84,376.69
1320,44.044,767,200.37,1064.26,16.54,15.58,257.69
1326,44.2442,764,2241.5,1315.84,24.08,24.12,580.77
1326,44.2442,765,3295.26,1988.63,14.78,19.79,292.56
1326,44.2442,770,2147.82,1748.34,15.78,17.55,277.04
1326,44.2442,771,493.91,1590.57,20.17,19.2,387.32
1326,44.2442,767,201.38,1064.68,16.19,14.97,242.41
1332,44.4444,764,2243.92,1314.93,23.96,24.29,581.87
1332,44.4444,765,3295.31,1990.67,15.49,21.02,325.67
1332,44.4444,770,2149.47,1747.42,14.77,16.68,246.34
1332,44.4444,771,494.19,1591.77,19.75,18.95,374.28
1332,44.4444,767,202.63,1064.69,16.02,14.5,232.28
1338,44.6446,764,2246.04,1314.36,23.9,24.54,586.46
1338,44.6446,765,3295.4,1994.47,14.99,20.4,305.66
1338,44.6446,770,2151.49,1746.61,13.94,15.91,221.73
1338,44.6446,771,493.99,1592.53,19.11,18.45,352.66
1338,44.6446,767,204.24,1064.8,16.62,14.82,246.35
1344,44.8448,764,2248.46,1313.9,23.97,24.94,597.84
1344,44.8448,765,3295.71,1997.43,14.89,20.32,302.69
1344,44.8448,770,2153.57,1745.26,13.28,15.24,202.31
1344,44.8448,771,493.9,1592.38,19.41,18.91,366.95
1344,44.8448,767,206.01,1065.34,17.2,15.05,258.73
1350,45.045,764,2251.23,1313.05,23.61,24.91,588.21
1350,45.045,765,3296.34,1999.55,14.22,19.33,274.85
1350,45.045,770,2155.17,1743.38,13.32,15.19,202.39
1350,45.045,771,493.77,1592.31,19.53,19.21,375.26
1350,45.045,767,207.26,1065.74,17.47,15.04,262.79
1356,45.2452,764,2253.22,1311.83,23.55,25.19,593.31
1356,45.2452,765,3296.61,2001.04,14.04,19.04,267.29
1356,45.2452,770,2155.94,1741.83,13.22,14.88,196.8
1356,45.2452,771,493.91,1592.29,19.41,19.29,374.43
1356,45.2452,767,207.96,1066.06,17.26,14.65,252.82
1362,45.4454,764,2254.86,1310.67,23.53,25.44,598.59
1362,45.4454,765,3296.3,2002.32,14.51,19.65,285.17
1362,45.4454,770,2157.15,1740.42,13.32,14.43,192.23
1362,45.4454,771,494.3,1592.57,19.25,19.3,371.48
1362,45.4454,767,208.8,1065.75,17.78,14.88,264.55
1368,45.6456,764,2257.38,1309.32,23.34,25.51,595.41
1368,45.6456,765,3295.36,2004.07,14.26,19.33,275.72
1368,45.6456,770,2161.83,1738.4,13.54,14.23,192.75
1368,45.6456,771,494.51,1592.93,18.86,19.05,359.4
1368,45.6456,767,208.78,1065.15,18.12,15.01,272.11
1374,45.8458,764,2259.13,1308.33,22.62,25.06,566.91
1374,45.8458,765,3295.36,2006.44,14.35,19.47,279.43
1374,45.8458,770,2163.97,1736.59,13.11,13.42,175.93
1374,45.8458,771,494.58,1593.7,19.01,19.39,368.67
1374,45.8458,767,209.22,1064.68,18.35,15.07,276.44
1380,46.046,764,2261.35,1307.66,22.14,24.9,551.34
1380,46.046,765,3295.94,2008.94,14.0,18.95,265.41
1380,46.046,770,2165.04,1735.35,13.43,13.62,182.91
1380,46.046,771,494.17,1595.08,18.81,19.39,364.62
1380,46.046,767,209.76,1064.5,18.64,15.22,283.58
1386,46.2462,764,2263.7,1306.88,21.88,24.85,543.75
1386,46.2462,765,3296.81,2011.95,14.39,19.63,282.46
1386,46.2462,770,2166.43,1734.17,13.51,13.78,186.15
1386,46.2462,771,493.43,1595.82,18.93,19.63,371.75
1386,46.2462,767,210.31,1064.32,18.58,15.04,279.48
1392,46.4464,764,2265.57,1306.0,21.49,24.67,530.18
1392,46.4464,765,3297.49,2016.11,15.14,20.95,317.27
1392,46.4464,770,2168.29,1733.56,13.41,13.74,184.21
1392,46.4464,771,492.64,1596.23,18.93,19.77,374.23
1392,46.4464,767,211.01,1064.51,19.3,15.53,299.69
1398,46.6466,764,2267.68,1304.92,21.27,24.71,525.56
1398,46.6466,765,3298.53,2018.9,14.68,20.39,299.39
1398,46.6466,770,2169.79,1733.16,13.4,13.82,185.21
1398,46.6466,771,492.26,1596.97,18.6,19.54,363.4
1398,46.6466,767,211.25,1065.04,19.24,15.39,296.19
1404,46.8468,764,2269.26,1304.08,21.05,24.81,522.28
1404,46.8468,765,3299.68,2020.91,14.16,19.71,279.01
1404,46.8468,770,2171.62,1732.45,13.71,14.22,194.99
1404,46.8468,771,492.29,1597.75,18.85,19.96,376.35
1404,46.8468,767,210.75,1065.92,19.66,15.63,307.22
1410,47.047,764,2271.17,1303.31,20.94,25.1,525.61
1410,47.047,765,3300.43,2022.67,13.93,19.41,270.51
1410,47.047,770,2173.38,1731.87,14.35,15.05,215.97
1410,47.047,771,491.82,1599.51,18.96,20.26,384.2
1410,47.047,767,210.11,1066.17,20.41,16.17,330.06
1416,47.2472,764,2272.77,1302.44,20.71,24.95,516.78
1416,47.2472,765,3301.21,2024.71,14.18,19.79,280.76
1416,47.2472,770,2175.93,1730.84,13.91,14.39,200.21
1416,47.2472,771,491.24,1601.16,19.05,20.52,390.83
1416,47.2472,767,209.32,1066.27,19.46,15.37,299.02
1422,47.4474,764,2274.45,1301.85,20.47,24.99,511.38
1422,47.4474,765,3301.57,2028.38,14.07,19.64,276.21
1422,47.4474,770,2177.42,1730.62,13.73,14.15,194.23
1422,47.4474,771,490.81,1603.31,18.54,20.12,373.15
1422,47.4474,767,208.44,1066.53,19.51,15.3,298.47
1428,47.6476,764,2276.3,1300.66,20.35,25.14,511.6
1428,47.6476,765,3303.33,2032.39,13.95,19.52,272.31
1428,47.6476,770,2179.39,1730.16,14.16,14.69,208.0
1428,47.6476,771,490.14,1604.99,18.56,20.29,376.55
1428,47.6476,767,207.65,1066.38,20.36,15.95,324.72
1434,47.8478,764,2277.97,1299.49,20.41,25.4,518.42
1434,47.8478,765,3304.44,2035.25,13.81,19.41,268.04
1434,47.8478,770,2181.37,1729.4,14.21,14.79,210.15
1434,47.8478,771,489.73,1605.95,18.45,20.32,374.89
1434,47.8478,767,208.65,1066.68,20.7,16.21,335.53
1434,47.8478,787,1081.8,1702.39,25.71,20.89,537.04
1440,48.048,764,2279.67,1298.8,20.12,25.05,503.94
1440,48.048,765,3306.06,2038.33,14.49,20.52,297.46
1440,48.048,770,2183.17,1729.05,14.28,14.96,213.66
1440,48.048,771,489.29,1606.68,18.83,20.94,394.21
1440,48.048,767,209.42,1067.19,20.88,16.39,342.11
1440,48.048,787,1083.24,1702.69,26.29,21.41,562.77
1446,48.2482,764,2281.06,1297.91,19.77,24.56,485.49
1446,48.2482,765,3306.92,2041.46,14.52,20.63,299.54
1446,48.2482,770,2185.54,1727.91,14.31,15.03,215.13
1446,48.2482,771,488.83,1607.06,18.94,21.4,405.46
1446,48.2482,767,209.49,1067.6,20.29,15.94,323.48
1446,48.2482,787,1084.87,1704.88,25.85,21.1,545.57
1452,48.4484,764,2282.6,1296.86,19.84,24.54,486.85
1452,48.4484,765,3307.69,2043.71,14.42,20.32,292.9
1452,48.4484,770,2187.66,1726.41,14.27,15.02,214.22
1452,48.4484,771,489.07,1608.64,19.1,21.8,416.42
1452,48.4484,767,208.87,1068.39,20.93,16.51,345.7
1452,48.4484,787,1086.86,1706.43,24.6,20.07,493.86
1458,48.6486,764,2283.97,1295.74,19.77,24.5,484.3
1458,48.6486,765,3308.03,2045.44,14.43,20.14,290.64
1458,48.6486,770,2189.76,1725.42,13.49,14.27,192.38
1458,48.6486,771,489.35,1610.37,18.08,20.75,375.16
1458,48.6486,767,208.24,1069.16,20.67,16.39,338.68
1458,48.6486,787,1088.88,1707.91,23.96,19.54,468.14
1464,48.8488,764,2285.36,1294.6,19.74,24.39,481.32
1464,48.8488,765,3308.55,2047.37,14.25,19.45,277.18
1464,48.8488,770,2191.98,1723.94,14.15,15.05,212.9
1464,48.8488,771,489.32,1612.33,17.83,20.62,367.58
1464,48.8488,767,207.73,1069.18,20.38,16.19,329.94
1464,48.8488,787,1091.44,1708.78,23.18,18.85,436.99
1470,49.049,764,2287.09,1293.49,19.83,24.47,485.26
1470,49.049,765,3309.55,2050.19,14.85,19.62,291.33
1470,49.049,770,2194.32,1723.2,14.18,15.2,215.53
1470,49.049,771,488.88,1614.41,17.72,20.67,366.37
1470,49.049,767,207.74,1069.0,19.98,15.94,318.53
1470,49.049,787,1093.66,1710.61,22.48,18.16,408.25
1476,49.2492,764,2288.5,1292.69,19.9,24.34,484.44
1476,49.2492,765,3313.66,2053.79,15.18,19.8,300.53
1476,49.2492,770,2196.8,1722.42,14.06,15.04,211.37
1476,49.2492,771,489.0,1615.81,17.62,20.69,364.49
1476,49.2492,767,207.93,1069.04,20.02,16.07,321.63
1476,49.2492,787,1095.22,1711.89,22.42,18.04,404.55
1482,49.4494,764,2290.25,1291.63,19.95,24.17,482.25
1482,49.4494,765,3315.79,2057.09,15.04,19.56,294.23
1482,49.4494,770,2199.18,1721.78,13.89,14.88,206.67
1482,49.4494,771,489.31,1616.63,16.9,19.94,337.05
1482,49.4494,767,208.17,1069.6,20.26,16.4,332.31
1482,49.4494,787,1097.79,1712.5,22.31,17.85,398.19
1488,49.6496,764,2291.61,1290.18,19.91,23.98,477.36
1488,49.6496,765,3317.85,2059.23,14.85,19.44,288.77
1488,49.6496,770,2201.9,1720.65,13.69,14.79,202.51
1488,49.6496,771,489.9,1617.43,16.87,20.02,337.67
1488,49.6496,767,208.86,1070.53,20.09,16.33,328.06
1488,49.6496,787,1100.56,1713.13,22.58,17.95,405.29
1494,49.8498,764,2293.02,1288.09,20.14,24.12,485.84
1494,49.8498,765,3319.79,2061.04,15.07,19.83,298.92
1494,49.8498,770,2203.82,1719.42,13.86,14.8,205.14
1494,49.8498,771,490.44,1618.78,17.01,20.29,345.13
1494,49.8498,767,209.83,1071.02,20.22,16.55,334.47
1494,49.8498,787,1103.23,1714.11,23.69,18.76,444.4
1500,50.05,764,2294.3,1286.82,20.1,23.77,477.87
1500,50.05,765,3321.03,2062.31,15.16,20.03,303.73
1500,50.05,770,2205.3,1717.45,14.37,14.97,215.17
1500,50.05,771,491.2,1620.01,17.02,20.36,346.66
1500,50.05,767,210.1,1071.59,19.64,16.2,318.05
1500,50.05,787,1106.42,1714.88,22.56,17.71,399.47
1506,50.2502,764,2295.76,1285.69,19.85,23.19,460.3
1506,50.2502,765,3322.6,2063.47,15.76,21.1,332.57
1506,50.2502,770,2209.87,1715.35,14.88,15.21,226.26
1506,50.2502,771,492.03,1621.4,17.06,20.51,349.87
1506,50.2502,767,209.72,1071.96,20.47,17.02,348.55
1506,50.2502,787,1109.26,1715.62,22.64,17.63,399.05
1512,50.4504,764,2297.89,1284.27,20.25,23.37,473.23
1512,50.4504,765,3324.34,2065.65,15.53,20.96,325.61
1512,50.4504,770,2212.68,1713.67,14.54,14.88,216.47
1512,50.4504,771,493.31,1622.72,17.04,20.66,351.95
1512,50.4504,767,210.22,1071.24,20.83,17.55,365.52
1512,50.4504,787,1112.44,1715.52,23.64,18.4,434.92
1518,50.6506,764,2299.56,1283.18,20.47,23.49,480.85
1518,50.6506,765,3326.39,2067.78,15.06,20.33,306.21
1518,50.6506,770,2215.11,1712.51,14.35,14.77,212.01
1518,50.6506,771,494.14,1624.76,17.02,20.77,353.39
1518,50.6506,767,210.49,1071.51,20.42,17.4,355.4
1518,50.6506,787,1115.03,1715.92,23.22,17.99,417.71
1524,50.8508,764,2300.76,1281.7,20.79,23.76,493.82
1524,50.8508,765,3328.17,2069.81,14.75,19.95,294.16
1524,50.8508,770,2217.95,1711.62,14.78,15.35,226.82
1524,50.8508,771,494.39,1626.04,16.42,20.15,330.87
1524,50.8508,767,211.2,1071.86,20.65,17.78,367.04
1524,50.8508,787,1118.15,1716.44,23.82,18.42,438.8
1530,51.051,764,2302.05,1280.04,20.72,23.45,485.86
1530,51.051,765,3330.79,2072.59,14.73,19.83,291.93
1530,51.051,770,2220.75,1710.36,14.26,14.87,212.16
1530,51.051,771,495.11,1627.17,16.29,20.14,328.07
1530,51.051,767,212.43,1072.79,21.08,18.45,388.84
1530,51.051,787,1121.01,1717.21,22.83,17.54,400.61
1536,51.2512,764,2303.19,1278.35,20.74,23.3,483.09
1536,51.2512,765,3332.92,2074.37,14.87,20.15,299.56
1536,51.2512,770,2223.41,1708.72,14.52,15.27,221.79
1536,51.2512,771,495.87,1628.23,16.48,20.42,336.63
1536,51.2512,767,213.14,1074.19,20.79,18.38,382.22
1536,51.2512,787,1124.03,1717.15,23.93,18.33,438.67
1542,51.4514,764,2303.93,1276.53,20.63,22.86,471.55
1542,51.4514,765,3334.6,2075.16,15.09,20.61,311.01
1542,51.4514,770,2225.64,1707.62,15.11,16.14,243.81
1542,51.4514,771,496.89,1629.37,16.4,20.39,334.34
1542,51.4514,767,213.16,1075.26,20.71,18.55,384.24
1542,51.4514,787,1126.27,1717.64,24.03,18.37,441.5
1548,51.6516,764,2304.8,1274.9,20.98,22.98,482.07
1548,51.6516,765,3335.97,2075.55,15.41,21.1,325.04
1548,51.6516,770,2227.54,1706.44,16.6,18.06,299.73
1548,51.6516,771,497.69,1631.35,16.37,20.41,334.08
1548,51.6516,767,212.53,1075.77,20.4,18.48,376.87
1548,51.6516,787,1128.95,1717.85,23.69,18.12,429.28
1554,51.8518,764,2305.67,1273.95,20.78,22.57,469.07
1554,51.8518,765,3338.13,2077.89,15.25,20.25,308.77
1554,51.8518,770,2229.12,1702.84,17.15,18.67,320.2
1554,51.8518,771,498.39,1633.53,16.61,20.79,345.37
1554,51.8518,767,212.05,1075.97,20.09,18.43,370.28
1554,51.8518,787,1131.54,1718.65,23.79,18.11,430.72
1560,52.052,764,2306.6,1273.48,20.76,22.25,461.91
1560,52.052,770,2233.79,1701.31,17.25,18.71,322.85
1560,52.052,771,498.82,1635.85,17.14,21.49,368.3
1560,52.052,767,211.72,1076.38,20.1,18.67,375.21
1560,52.052,787,1134.31,1719.93,23.81,18.09,430.71
1566,52.2522,764,2307.88,1273.19,20.8,22.11,459.85
1566,52.2522,770,2236.36,1700.4,16.5,17.97,296.47
1566,52.2522,767,211.62,1077.29,20.3,19.1,387.76
1566,52.2522,787,1136.64,1720.45,23.51,17.79,418.3
1566,52.2522,765,3341.81,2083.82,14.67,19.22,281.91
1572,52.4524,764,2308.59,1272.74,20.73,21.87,453.55
1572,52.4524,770,2238.44,1699.77,15.42,16.99,262.01
1572,52.4524,767,211.82,1078.12,20.92,20.13,421.2
1572,52.4524,787,1139.21,1720.87,23.68,17.95,425.15
1572,52.4524,765,3344.01,2085.86,14.88,19.48,289.82
1572,52.4524,771,499.36,1640.05,16.73,21.03,351.79
1578,52.6526,764,2308.98,1270.84,20.73,21.64,448.44
1578,52.6526,770,2240.79,1699.11,14.22,15.76,224.11
1578,52.6526,767,211.78,1080.68,20.79,20.38,423.78
1578,52.6526,787,1141.46,1721.5,24.15,18.37,443.7
1578,52.6526,765,3345.66,2089.05,15.52,20.37,316.31
1578,52.6526,771,499.9,1641.9,16.66,20.93,348.81
1584,52.8528,764,2308.61,1269.26,20.32,21.02,427.28
1584,52.8528,770,2242.98,1697.99,13.81,15.36,212.1
1584,52.8528,767,211.78,1082.0,19.99,19.82,396.31
1584,52.8528,787,1144.01,1722.02,23.89,18.1,432.48
1584,52.8528,765,3346.79,2090.75,15.1,19.76,298.45
1584,52.8528,771,500.34,1643.93,16.5,20.7,341.56
1590,53.053,764,2308.94,1267.74,20.22,20.64,417.37
1590,53.053,770,2244.79,1696.6,13.82,15.4,212.77
1590,53.053,767,211.68,1084.05,19.41,19.53,379.22
1590,53.053,787,1146.53,1722.41,23.96,18.15,434.88
1590,53.053,765,3347.95,2092.27,14.85,19.2,285.22
1590,53.053,771,500.64,1646.06,16.66,20.86,347.56
1596,53.2532,764,2308.51,1266.93,20.55,20.74,426.1
1596,53.2532,770,2246.69,1695.58,13.83,15.43,213.37
1596,53.2532,767,210.98,1085.74,18.71,18.91,353.9
1596,53.2532,787,1148.45,1722.75,24.45,18.58,454.2
1596,53.2532,765,3348.64,2093.05,14.33,18.23,261.22
1596,53.2532,771,501.03,1648.56,16.75,20.79,348.19
1602,53.4534,764,2308.99,1266.44,20.52,20.52,421.07
1602,53.4534,770,2248.4,1693.86,13.67,15.24,208.33
1602,53.4534,767,210.15,1086.19,18.2,18.56,337.77
1602,53.4534,787,1150.88,1723.28,24.22,18.44,446.54
1602,53.4534,771,500.97,1650.97,17.19,21.34,366.84
1608,53.6536,764,2309.25,1265.73,20.3,20.08,407.57
1608,53.6536,770,2250.62,1692.21,13.61,15.21,207.05
1608,53.6536,767,210.31,1086.17,18.28,18.82,344.11
1608,53.6536,787,1153.27,1723.74,24.26,18.6,451.1
1608,53.6536,771,501.23,1653.15,17.06,20.99,358.2
1608,53.6536,765,3350.68,2097.86,14.86,18.9,280.87
1614,53.8538,764,2309.35,1265.18,20.48,20.06,411.01
1614,53.8538,770,2252.02,1690.59,13.44,14.79,198.83
1614,53.8538,767,210.58,1087.38,18.42,19.13,352.32
1614,53.8538,787,1155.05,1723.65,24.34,18.75,456.34
1614,53.8538,765,3351.8,2100.53,15.05,19.03,286.43
1620,54.054,764,2309.29,1264.1,20.36,19.73,401.74
1620,54.054,770,2253.43,1689.77,13.84,14.73,203.8
1620,54.054,767,210.67,1089.05,18.53,19.43,359.9
1620,54.054,787,1157.26,1724.01,25.64,20.0,512.9
1620,54.054,765,3352.97,2102.72,14.87,18.71,278.22
1620,54.054,771,501.67,1657.12,17.68,21.56,381.05
1626,54.2542,764,2309.05,1262.95,20.31,19.45,394.88
1626,54.2542,770,2257.92,1688.42,14.06,14.55,204.49
1626,54.2542,767,210.77,1090.94,18.27,19.36,353.61
1626,54.2542,787,1159.31,1723.96,25.12,19.73,495.59
1626,54.2542,765,3354.03,2104.78,14.65,18.48,270.79
1626,54.2542,771,501.89,1659.18,17.85,21.51,383.94
1632,54.4544,764,2308.66,1261.59,20.57,19.6,403.26
1632,54.4544,770,2260.13,1686.51,14.43,14.79,213.45
1632,54.4544,767,210.5,1092.26,17.95,19.17,344.11
1632,54.4544,787,1161.16,1724.01,24.09,19.06,459.07
1632,54.4544,765,3354.72,2106.3,14.67,18.54,272.05
1638,54.6546,764,2308.0,1260.4,20.48,19.26,394.56
1638,54.6546,770,2261.27,1684.77,14.6,14.97,218.57
1638,54.6546,767,210.35,1094.11,18.02,19.4,349.52
1638,54.6546,787,1162.73,1724.42,25.57,20.55,525.41
1638,54.6546,765,3355.59,2107.22,14.57,18.36,267.52
1638,54.6546,771,502.08,1663.64,17.77,21.08,374.62
1644,54.8548,764,2307.94,1259.02,20.32,18.84,382.89
1644,54.8548,770,2262.63,1683.56,15.38,16.08,247.32
1644,54.8548,767,209.73,1095.41,17.97,19.54,351.14
1644,54.8548,787,1165.12,1724.36,25.86,21.11,546.05
1644,54.8548,765,3356.08,2108.62,14.7,18.43,270.99
1644,54.8548,771,503.92,1667.47,18.68,22.62,422.48
1650,55.055,764,2308.56,1258.15,20.55,18.85,387.2
1650,55.055,770,2264.92,1682.44,16.59,17.87,296.48
1650,55.055,767,209.9,1095.8,18.38,20.21,371.56
1650,55.055,787,1167.71,1724.1,24.31,20.01,486.47
1650,55.055,765,3357.23,2110.43,16.14,20.01,322.94
1650,55.055,771,505.66,1669.2,18.22,22.37,407.64
1656,55.2552,764,2309.19,1257.6,20.75,18.88,391.92
1656,55.2552,770,2267.49,1678.84,16.88,18.7,315.65
1656,55.2552,767,210.53,1096.07,17.87,19.76,352.96
1656,55.2552,787,1170.3,1723.24,25.32,21.16,535.78
1656,55.2552,765,3361.24,2113.29,16.53,20.27,335.16
1656,55.2552,771,506.53,1670.43,17.22,21.24,365.89
1662,55.4554,764,2310.39,1257.04,20.84,18.87,393.3
1662,55.4554,770,2270.61,1676.89,15.9,17.95,285.4
1662,55.4554,767,211.57,1096.61,17.46,19.45,339.65
1662,55.4554,787,1173.11,1722.65,24.86,20.98,521.49
1662,55.4554,765,3363.79,2114.98,16.17,19.93,322.35
1662,55.4554,771,507.89,1671.83,17.29,21.35,369.05
1668,55.6556,764,2310.84,1255.91,21.31,19.23,409.82
1668,55.6556,770,2273.78,1675.46,14.35,16.16,232.01
1668,55.6556,767,212.36,1097.42,17.39,19.54,339.89
1668,55.6556,787,1175.82,1722.23,25.24,21.63,545.91
1668,55.6556,765,3365.58,2116.02,16.01,19.99,320.01
1668,55.6556,771,508.95,1673.3,16.71,20.6,344.2
1674,55.8558,764,2310.43,1253.64,21.19,18.98,402.3
1674,55.8558,770,2276.2,1673.15,13.74,15.53,213.41
1674,55.8558,767,213.57,1098.02,17.49,19.85,347.07
1674,55.8558,787,1178.1,1720.76,25.41,22.11,561.8
1674,55.8558,765,3366.6,2116.12,15.49,19.54,302.7
1674,55.8558,771,510.27,1673.89,16.62,20.44,339.73
1680,56.056,764,2310.05,1251.3,21.13,18.78,396.79
1680,56.056,770,2278.44,1671.02,15.18,17.46,265.02
1680,56.056,767,215.28,1099.06,17.34,20.03,347.4
1680,56.056,787,1180.76,1719.51,25.3,22.42,567.38
1680,56.056,765,3367.53,2115.8,15.68,20.09,314.86
1680,56.056,771,512.07,1675.88,16.56,20.37,337.32
1686,56.2562,764,2310.08,1249.71,22.6,20.16,455.64
1686,56.2562,770,2282.36,1667.56,14.53,16.24,235.92
1686,56.2562,767,216.73,1100.32,16.86,19.68,331.89
1686,56.2562,787,1183.71,1718.54,25.39,22.94,582.39
1686,56.2562,765,3368.56,2116.04,15.41,19.97,307.84
1686,56.2562,771,513.99,1677.96,16.57,20.35,337.18
1686,56.2562,795,6.49,1303.54,12.99,17.62,228.87
1692,56.4564,764,2310.71,1247.14,23.0,20.65,474.81
1692,56.4564,770,2284.85,1664.21,13.9,15.44,214.47
1692,56.4564,767,217.61,1100.42,16.42,19.33,317.41
1692,56.4564,787,1186.97,1716.75,24.26,22.2,538.66
1692,56.4564,765,3370.42,2117.01,15.23,19.94,303.66
1692,56.4564,771,516.56,1679.18,17.21,21.25,365.87
1692,56.4564,795,7.85,1302.56,13.79,18.62,256.7
1698,56.6566,764,2311.57,1246.25,23.21,20.97,486.75
1698,56.6566,770,2287.06,1661.92,13.41,14.89,199.73
1698,56.6566,767,218.68,1100.89,16.32,19.53,318.84
1698,56.6566,787,1189.78,1715.71,24.79,23.21,575.56
1698,56.6566,765,3372.32,2117.72,14.99,19.74,295.9
1698,56.6566,771,518.58,1681.55,16.68,20.61,343.75
1698,56.6566,795,9.79,1301.35,13.92,18.6,258.81
1704,56.8568,764,2311.99,1245.85,22.94,20.88,478.9
1704,56.8568,770,2289.52,1660.11,13.79,15.37,211.96
1704,56.8568,767,220.78,1101.84,16.32,19.75,322.19
1704,56.8568,787,1192.46,1714.9,24.72,23.6,583.46
1704,56.8568,765,3374.13,2119.11,15.37,20.39,313.34
1704,56.8568,771,520.73,1683.26,16.13,19.81,319.48
1704,56.8568,795,13.4,1299.47,13.99,18.45,258.11
1710,57.057,764,2312.59,1245.11,21.65,19.56,423.4
1710,57.057,770,2292.42,1659.01,14.56,16.43,239.23
1710,57.057,767,222.57,1103.05,15.94,19.47,310.28
1710,57.057,787,1195.66,1713.43,23.97,23.41,561.15
1710,57.057,765,3375.96,2120.6,15.35,20.52,314.98
1710,57.057,771,522.71,1684.7,16.59,20.27,336.33
1710,57.057,795,16.87,1297.41,14.04,18.2,255.55
1716,57.2572,764,2312.69,1244.33,20.88,18.69,390.15
1716,57.2572,770,2295.05,1657.99,15.7,18.14,284.83
1716,57.2572,767,224.3,1104.98,16.56,20.48,339.09
1716,57.2572,787,1198.49,1712.29,24.62,24.43,601.36
1716,57.2572,765,3377.51,2122.01,15.43,20.71,319.45
1716,57.2572,771,524.67,1686.25,16.58,20.1,333.32
1716,57.2572,795,20.51,1295.58,14.33,18.27,261.85
1722,57.4574,764,2312.88,1243.23,21.39,19.1,408.57
1722,57.4574,770,2298.07,1654.44,15.87,18.7,296.9
1722,57.4574,767,225.86,1106.34,15.71,19.54,306.97
1722,57.4574,787,1201.99,1711.6,24.43,24.72,604.08
1722,57.4574,765,3379.36,2122.8,15.57,21.05,327.7
1722,57.4574,771,526.26,1688.37,16.55,19.49,322.53
1722,57.4574,795,24.05,1294.28,14.5,18.17,263.41
1728,57.6576,764,2313.26,1242.57,21.74,19.42,422.09
1728,57.6576,770,2299.93,1652.44,15.05,17.65,265.54
1728,57.6576,767,227.86,1108.22,15.42,19.28,297.33
1728,57.6576,787,1204.72,1711.8,23.44,24.19,567.08
1728,57.6576,765,3381.26,2123.42,16.05,21.86,350.85
1728,57.6576,771,529.96,1690.97,16.56,19.33,320.15
1728,57.6576,795,27.74,1293.58,14.89,18.35,273.1
1734,57.8578,764,2313.28,1242.51,21.59,19.2,414.53
1734,57.8578,770,2301.4,1651.1,14.19,16.08,228.19
1734,57.8578,767,229.76,1110.8,15.07,18.92,285.1
1734,57.8578,787,1207.6,1711.38,22.91,24.11,552.49
1734,57.8578,765,3382.17,2125.56,16.11,21.4,344.77
1734,57.8578,771,532.37,1693.95,16.57,19.18,317.86
1734,57.8578,795,30.81,1293.15,15.64,18.98,296.88
1740,58.058,764,2313.46,1242.19,20.89,18.43,385.05
1740,58.058,770,2306.09,1649.92,13.86,15.19,210.54
1740,58.058,767,231.34,1113.23,14.59,18.33,267.4
1740,58.058,787,1210.5,1711.47,22.5,24.08,541.7
1740,58.058,765,3385.23,2128.33,16.19,20.94,338.96
1740,58.058,771,534.96,1697.33,16.71,19.22,321.2
1740,58.058,795,34.07,1293.04,16.08,19.24,309.4
1746,58.2582,764,2313.49,1242.26,21.03,18.45,387.95
1746,58.2582,770,2308.54,1648.46,14.1,15.34,216.33
1746,58.2582,767,232.22,1114.72,14.56,18.18,264.77
1746,58.2582,787,1212.51,1711.28,21.79,23.63,515.08
1746,58.2582,765,3386.78,2130.83,16.42,20.93,343.65
1746,58.2582,771,537.03,1700.15,16.44,18.73,307.83
1746,58.2582,795,36.82,1292.73,16.19,19.17,310.37
1752,58.4584,764,2313.6,1242.72,21.95,19.26,422.61
1752,58.4584,770,2310.15,1647.24,13.59,14.78,200.96
1752,58.4584,767,233.38,1116.4,14.33,17.92,256.84
1752,58.4584,787,1215.02,1710.27,20.95,23.09,483.64
1752,58.4584,765,3388.3,2132.99,16.25,20.49,332.89
1752,58.4584,771,538.65,1702.11,17.2,19.49,335.21
1752,58.4584,795,39.63,1291.98,16.15,18.89,305.15
1758,58.6586,764,2313.6,1243.07,22.33,19.61,437.98
1758,58.6586,770,2312.56,1646.42,13.97,15.3,213.69
1758,58.6586,767,234.95,1119.0,14.34,17.9,256.68
1758,58.6586,787,1216.97,1709.63,21.45,23.97,514.17
1758,58.6586,765,3389.82,2134.23,16.25,20.26,329.27
1758,58.6586,771,540.09,1705.37,17.66,19.91,351.62
1758,58.6586,795,42.7,1291.24,16.18,18.7,302.65
1764,58.8588,764,2313.4,1243.32,22.61,19.84,448.59
1764,58.8588,770,2314.68,1645.12,14.0,15.39,215.44
1764,58.8588,767,236.19,1121.33,14.71,18.17,267.26
1764,58.8588,787,1218.99,1708.5,21.43,24.28,520.3
1764,58.8588,765,3391.3,2135.0,16.81,20.89,351.14
1764,58.8588,771,542.47,1707.19,16.93,18.78,317.82
1764,58.8588,795,45.44,1290.41,16.21,18.44,298.87
1770,59.059,764,2312.94,1242.01,21.44,18.57,398.07
1770,59.059,770,2316.84,1643.16,13.82,15.28,211.22
1770,59.059,767,236.83,1123.28,14.77,17.95,265.08
1770,59.059,787,1221.08,1708.07,20.92,24.04,502.89
1770,59.059,765,3392.3,2135.28,17.12,21.18,362.64
1770,59.059,771,544.86,1709.09,16.64,18.13,301.65
1770,59.059,795,47.14,1289.54,16.23,17.91,290.76
1776,59.2592,764,2311.83,1240.27,22.27,19.16,426.67
1776,59.2592,770,2318.88,1640.82,13.62,15.1,205.66
1776,59.2592,767,237.38,1124.75,14.98,17.8,266.62
1776,59.2592,787,1222.39,1706.85,20.0,22.97,459.29
1776,59.2592,765,3393.48,2135.41,17.44,21.45,374.02
1776,59.2592,771,546.89,1711.0,16.73,17.91,299.6
1776,59.2592,795,50.6,1288.33,16.4,17.9,293.44
1782,59.4594,764,2310.93,1238.47,23.17,19.89,460.76
1782,59.4594,770,2320.39,1638.06,13.29,14.75,196.07
1782,59.4594,767,241.18,1126.03,16.21,19.0,308.09
1782,59.4594,787,1225.4,1705.21,20.73,23.87,494.82
1782,59.4594,765,3394.7,2135.55,17.82,21.83,388.99
1782,59.4594,771,548.67,1713.36,16.23,17.02,276.33
1782,59.4594,795,53.29,1287.72,16.83,18.23,306.75
1788,59.6596,764,2310.58,1238.04,24.08,20.62,496.61
1788,59.6596,770,2321.95,1635.39,12.82,14.17,181.69
1788,59.6596,767,242.84,1128.96,17.19,20.1,345.38
1788,59.6596,787,1227.21,1701.91,17.51,19.79,346.39
1788,59.6596,765,3396.38,2137.78,16.85,20.28,341.73
1788,59.6596,771,550.66,1715.58,16.49,16.76,276.47
1788,59.6596,795,55.6,1286.8,16.74,17.98,300.92
1794,59.8598,764,2310.25,1238.23,23.9,20.32,485.6
1794,59.8598,770,2324.06,1633.06,13.03,14.45,188.28
1794,59.8598,767,243.9,1130.5,16.8,19.63,329.79
1794,59.8598,787,1228.3,1700.78,17.7,20.02,354.35
1794,59.8598,765,3398.54,2139.65,16.96,20.08,340.62
1794,59.8598,771,553.48,1717.74,16.27,16.08,261.63
1794,59.8598,795,58.26,1285.43,16.93,18.03,305.26
1800,60.06,764,2309.78,1238.02,23.56,19.85,467.7
1800,60.06,770,2325.9,1631.54,13.15,14.57,191.48
1800,60.06,767,244.23,1131.57,15.96,18.49,295.15
1800,60.06,787,1229.35,1699.76,18.07,20.52,370.84
1800,60.06,765,3400.94,2140.76,16.85,19.56,329.61
1800,60.06,771,554.93,1719.71,16.8,16.25,273.08
1800,60.06,795,60.43,1284.07,17.02,18.0,306.36
1806,60.2602,764,2309.4,1237.62,23.83,19.89,474.0
1806,60.2602,770,2328.24,1630.25,13.07,14.45,188.93
1806,60.2602,767,244.61,1133.0,16.37,19.07,312.2
1806,60.2602,787,1230.4,1697.51,17.22,19.54,336.37
1806,60.2602,765,3402.95,2140.75,16.41,18.74,307.5
1806,60.2602,771,556.19,1721.45,16.64,15.74,261.81
1806,60.2602,795,62.78,1282.6,17.68,18.67,330.12
1812,60.4604,764,2309.27,1236.6,23.67,19.56,463.09
1812,60.4604,770,2330.99,1628.07,13.32,14.74,196.39
1812,60.4604,767,244.96,1134.26,16.24,19.07,309.56
1812,60.4604,787,1232.02,1694.53,14.93,16.74,250.0
1812,60.4604,765,3404.71,2140.47,16.63,18.7,311.0
1812,60.4604,771,557.51,1722.78,16.69,15.5,258.77
1812,60.4604,795,64.56,1281.55,17.42,18.33,319.44
1818,60.6606,764,2309.29,1235.4,23.63,19.32,456.55
1818,60.6606,770,2333.65,1626.24,13.0,14.41,187.31
1818,60.6606,767,245.07,1135.72,15.98,18.89,301.88
1818,60.6606,787,1233.56,1695.23,17.59,19.91,350.19
1818,60.6606,765,3406.58,2140.91,17.18,18.85,323.85
1818,60.6606,771,559.61,1723.95,17.14,15.58,266.92
1818,60.6606,795,65.83,1280.35,17.34,18.16,314.78
1824,60.8608,764,2309.13,1233.34,23.58,19.0,447.86
1824,60.8608,770,2336.11,1624.11,13.52,15.09,204.01
1824,60.8608,767,245.57,1136.95,15.67,18.72,293.4
1824,60.8608,787,1235.09,1694.17,17.73,20.19,357.96
1824,60.8608,765,3410.21,2141.39,17.18,18.67,320.81
1824,60.8608,771,561.94,1725.65,17.31,15.42,267.0
1824,60.8608,795,67.44,1279.0,17.74,18.53,328.61
1830,61.061,764,2308.84,1231.57,24.33,19.43,472.68
1830,61.061,770,2338.5,1621.55,13.76,15.41,212.1
1830,61.061,767,246.16,1138.28,15.45,18.62,287.67
1830,61.061,787,1236.42,1691.17,14.87,16.46,244.75
1830,61.061,765,3413.21,2142.25,17.06,18.36,313.26
1830,61.061,771,563.6,1727.36,17.67,15.26,269.63
1830,61.061,795,69.49,1277.34,18.1,18.85,341.05
1836,61.2612,764,2308.74,1230.36,24.38,19.29,470.35
1836,61.2612,770,2341.1,1618.85,13.54,15.26,206.53
1836,61.2612,767,246.91,1139.28,15.83,19.24,304.72
1836,61.2612,787,1237.47,1688.26,14.56,15.8,230.05
1836,61.2612,765,3415.65,2143.46,16.66,17.75,295.64
1836,61.2612,771,566.2,1729.96,20.6,17.95,369.62
1836,61.2612,795,70.76,1275.83,18.58,19.16,356.01
1842,61.4614,764,2309.45,1229.88,24.55,19.34,474.81
1842,61.4614,770,2343.92,1616.47,13.44,15.14,203.4
1842,61.4614,767,247.83,1140.66,15.53,19.07,296.09
1842,61.4614,787,1239.79,1686.51,14.0,14.86,208.05
1842,61.4614,765,3419.16,2144.23,16.47,17.28,284.57
1842,61.4614,771,569.11,1731.28,20.76,18.15,376.8
1842,61.4614,795,73.55,1274.72,18.42,18.77,345.82
1848,61.6616,764,2310.19,1229.58,24.77,19.5,482.94
1848,61.6616,770,2346.95,1613.88,13.72,15.37,210.81
1848,61.6616,767,248.87,1142.06,15.9,19.69,313.02
1848,61.6616,787,1241.77,1685.16,14.18,15.03,213.04
1848,61.6616,765,3422.73,2144.4,16.25,16.86,274.01
1848,61.6616,771,571.98,1732.26,19.72,17.12,337.57
1848,61.6616,795,76.2,1273.63,19.63,20.03,393.23
1854,61.8618,764,2310.62,1229.14,24.41,19.08,465.64
1854,61.8618,770,2348.76,1612.1,14.08,15.45,217.5
1854,61.8618,767,249.94,1142.93,15.66,19.54,306.02
1854,61.8618,787,1243.2,1683.38,16.51,17.53,289.47
1854,61.8618,765,3426.15,2144.38,16.29,16.73,272.56
1854,61.8618,771,574.44,1732.71,19.11,16.36,312.58
1854,61.8618,795,78.92,1270.89,19.78,20.11,397.87
1860,62.062,764,2310.46,1227.99,23.65,18.34,433.71
1860,62.062,770,2353.76,1610.95,15.28,16.55,252.86
1860,62.062,767,251.04,1144.01,15.43,19.41,299.53
1860,62.062,787,1244.25,1682.11,17.81,18.97,337.74
1860,62.062,765,3428.45,2144.47,16.02,16.19,259.38
1860,62.062,771,576.91,1733.07,18.71,15.68,293.32
1860,62.062,795,81.35,1269.21,19.25,19.28,371.07
1866,62.2622,764,2309.97,1226.79,24.03,18.6,447.0
1866,62.2622,770,2356.31,1606.75,16.62,18.2,302.4
1866,62.2622,767,251.54,1145.75,15.18,19.25,292.26
1866,62.2622,787,1244.6,1681.31,18.72,20.11,376.44
1866,62.2622,765,3430.14,2144.12,16.34,16.19,264.44
1866,62.2622,771,578.99,1733.45,18.49,15.29,282.6
1866,62.2622,795,83.04,1268.1,19.11,18.94,361.82
1872,62.4624,764,2309.16,1225.64,25.78,20.15,519.29
1872,62.4624,770,2358.25,1603.99,15.0,16.57,248.5
1872,62.4624,767,251.89,1146.78,15.59,19.97,311.4
1872,62.4624,787,1244.75,1678.05,17.77,19.11,339.58
1872,62.4624,765,3433.32,2144.34,16.4,15.8,259.12
1872,62.4624,771,581.22,1733.75,18.07,14.69,265.54
1872,62.4624,795,84.73,1266.3,18.72,18.26,341.97
1878,62.6626,764,2308.36,1225.05,26.75,21.08,563.79
1878,62.6626,770,2359.8,1601.79,13.76,15.2,209.18
1878,62.6626,767,251.67,1148.24,15.23,19.69,299.9
1878,62.6626,787,1245.42,1676.31,18.46,19.83,366.02
1878,62.6626,765,3435.47,2145.06,15.9,15.06,239.4
1878,62.6626,771,583.55,1735.13,18.55,14.91,276.73
1878,62.6626,795,86.26,1264.94,18.97,18.18,344.87
1884,62.8628,764,2307.87,1223.07,26.5,21.04,557.63
1884,62.8628,770,2361.82,1599.38,13.42,14.89,199.84
1884,62.8628,767,252.31,1149.16,15.14,19.61,296.85
1884,62.8628,787,1246.07,1674.54,18.63,19.91,370.85
1884,62.8628,765,3439.01,2146.53,15.81,14.72,232.73
1884,62.8628,771,585.77,1736.44,18.91,15.04,284.45
1884,62.8628,795,87.91,1263.12,19.16,18.21,348.94
1890,63.063,764,2307.76,1224.23,26.56,21.24,564.12
1890,63.063,770,2364.42,1597.25,14.0,15.62,218.61
1890,63.063,767,252.56,1150.6,15.77,20.76,327.28
1890,63.063,787,1246.5,1673.62,18.66,19.75,368.43
1890,63.063,765,3442.3,2147.44,15.46,13.98,216.12
1890,63.063,771,587.64,1737.76,19.12,15.1,288.62
1890,63.063,795,89.56,1261.76,19.62,18.43,361.58
1896,63.2632,764,2307.64,1224.79,26.27,21.13,555.12
1896,63.2632,770,2367.1,1596.05,13.68,15.33,209.71
1896,63.2632,767,253.36,1153.0,15.75,20.88,328.85
1896,63.2632,787,1246.94,1672.29,19.06,19.94,380.14
1896,63.2632,765,3444.71,2147.83,15.1,13.32,201.11
1896,63.2632,771,589.81,1739.42,19.07,14.93,284.66
1896,63.2632,795,92.11,1260.78,19.9,18.42,366.55
1902,63.4634,764,2307.43,1225.02,26.08,21.13,551.14
1902,63.4634,770,2369.92,1594.88,13.74,15.5,213.01
1902,63.4634,767,253.65,1154.64,15.29,20.34,311.07
1902,63.4634,787,1246.92,1670.56,19.11,19.81,378.61
1902,63.4634,765,3447.24,2148.24,15.78,13.7,216.2
1902,63.4634,771,591.9,1740.92,18.99,14.68,278.79
1902,63.4634,795,94.35,1259.97,20.36,18.68,380.28
1908,63.6636,764,2307.24,1225.05,26.06,21.28,554.43
1908,63.6636,770,2372.6,1592.83,14.71,16.93,249.11
1908,63.6636,767,253.99,1156.94,14.77,19.63,289.92
1908,63.6636,765,3449.97,2149.0,15.68,13.35,209.35
1908,63.6636,771,593.5,1741.97,19.58,15.0,293.69
1908,63.6636,795,96.74,1259.45,20.46,18.59,380.24
1914,63.8638,764,2306.78,1224.98,26.11,21.52,561.93
1914,63.8638,770,2375.22,1591.3,13.96,16.09,224.58
1914,63.8638,767,255.01,1159.05,14.25,18.81,268.15
1914,63.8638,765,3452.87,2149.62,15.72,13.14,206.64
1914,63.8638,771,595.9,1742.96,20.13,15.39,309.74
1914,63.8638,795,98.53,1258.94,20.33,18.32,372.59
1914,63.8638,787,1249.45,1668.08,19.6,20.18,395.47
1920,64.064,764,2305.87,1225.07,25.82,21.41,552.77
1920,64.064,770,2377.03,1589.88,13.24,15.15,200.69
1920,64.064,767,255.15,1161.47,14.41,18.92,272.57
1920,64.064,765,3454.83,2150.86,16.48,13.42,221.26
1920,64.064,771,598.11,1744.36,19.59,14.87,291.36
1920,64.064,795,100.42,1257.75,20.61,18.49,381.04
1920,64.064,787,1249.91,1666.53,18.25,18.37,335.27
1926,64.2642,764,2305.41,1223.36,25.58,21.41,547.69
1926,64.2642,770,2378.77,1588.09,13.06,15.02,196.26
1926,64.2642,767,255.37,1163.32,14.62,19.26,281.49
1926,64.2642,765,3458.04,2151.95,17.07,13.72,234.23
1926,64.2642,771,600.7,1745.29,19.99,15.02,300.29
1926,64.2642,795,102.3,1256.51,21.07,18.83,396.68
1926,64.2642,787,1250.04,1665.67,17.64,17.37,306.45
1932,64.4644,764,2305.17,1224.31,25.78,21.73,560.14
1932,64.4644,770,2380.72,1585.76,13.29,15.36,204.14
1932,64.4644,767,255.9,1164.49,14.87,19.57,291.0
1932,64.4644,765,3460.59,2152.63,17.72,14.17,251.01
1932,64.4644,771,603.01,1746.39,20.4,15.27,311.47
1932,64.4644,795,104.17,1255.29,20.66,18.33,378.87
1932,64.4644,787,1250.12,1662.81,16.99,16.29,276.63
1938,64.6646,764,2305.01,1224.77,25.65,21.68,556.06
1938,64.6646,770,2382.97,1583.64,12.93,14.79,191.3
1938,64.6646,767,256.22,1165.83,14.34,18.72,268.45
1938,64.6646,765,3463.5,2152.75,17.98,14.26,256.47
1938,64.6646,771,605.25,1747.47,20.16,15.08,303.94
1938,64.6646,795,106.22,1254.21,20.68,18.24,377.18
1938,64.6646,787,1250.41,1661.17,17.91,17.05,305.45
1938,64.6646,810,1574.56,2153.33,15.96,13.33,212.85
1944,64.8648,764,2304.8,1225.15,25.12,21.27,534.27
1944,64.8648,770,2385.64,1580.99,14.19,16.47,233.76
1944,64.8648,767,257.78,1167.14,14.68,19.08,280.05
1944,64.8648,765,3465.88,2152.7,18.66,14.61,272.49
1944,64.8648,771,607.42,1747.97,20.45,15.3,312.82
1944,64.8648,795,108.74,1252.24,21.53,19.06,410.32
1944,64.8648,787,1250.09,1659.49,19.33,18.32,354.15
1944,64.8648,810,1576.06,2152.4,18.13,15.2,275.69
1950,65.065,764,2304.91,1225.34,24.93,21.06,524.98
1950,65.065,770,2388.5,1579.53,13.84,16.11,223.02
1950,65.065,767,259.17,1168.84,14.8,19.11,282.8
1950,65.065,765,3468.14,2152.51,19.21,14.97,287.65
1950,65.065,771,610.12,1748.06,20.61,15.37,316.82
1950,65.065,795,111.72,1250.77,21.14,18.83,398.13
1950,65.065,787,1250.51,1659.2,19.26,18.22,350.93
1950,65.065,810,1578.42,2151.36,20.44,17.27,353.12
1956,65.2652,764,2304.87,1225.41,24.88,21.0,522.45
1956,65.2652,770,2391.4,1578.3,13.45,15.6,209.81
1956,65.2652,767,260.24,1170.85,14.62,18.53,270.9
1956,65.2652,765,3471.01,2152.22,19.59,15.53,304.28
1956,65.2652,771,613.51,1748.46,21.31,15.98,340.48
1956,65.2652,795,115.02,1249.84,21.19,18.98,402.1
1956,65.2652,787,1251.38,1658.02,20.36,19.35,394.09
1956,65.2652,810,1580.17,2149.89,21.89,18.66,408.39
1962,65.4654,764,2305.04,1225.27,25.24,21.31,538.03
1962,65.4654,770,2394.26,1576.62,13.23,15.33,202.75
1962,65.4654,767,261.43,1172.61,15.28,18.87,288.48
1962,65.4654,765,3473.95,2151.85,19.68,15.6,306.98
1962,65.4654,771,617.3,1748.74,21.92,16.51,361.73
1962,65.4654,795,118.32,1249.46,21.23,19.16,406.81
1962,65.4654,787,1251.89,1657.17,21.57,20.61,444.53
1962,65.4654,810,1585.0,2147.95,22.02,18.9,416.09
1968,65.6656,764,2304.91,1225.4,24.98,21.09,526.64
1968,65.6656,770,2396.0,1574.29,13.65,15.64,213.45
1968,65.6656,767,265.04,1174.18,16.26,19.78,321.66
1968,65.6656,765,3476.35,2152.05,20.05,15.91,318.96
1968,65.6656,771,621.02,1749.25,23.1,17.58,405.97
1968,65.6656,795,122.0,1248.63,21.54,19.55,421.14
1968,65.6656,810,1587.71,2145.83,21.46,18.65,400.08
1974,65.8658,764,2304.48,1225.45,24.88,21.0,522.27
1974,65.8658,770,2397.11,1571.57,13.67,15.25,208.53
1974,65.8658,767,266.84,1176.86,17.04,20.71,352.97
1974,65.8658,765,3478.72,2152.18,20.01,15.63,312.87
1974,65.8658,771,623.35,1749.66,24.02,18.45,443.3
1974,65.8658,795,124.9,1247.46,21.02,19.24,404.47
1974,65.8658,810,1589.52,2144.32,21.36,18.9,403.66
1974,65.8658,787,1252.61,1653.28,20.35,19.49,396.64
1980,66.066,764,2303.55,1225.66,24.55,20.6,505.87
1980,66.066,770,2398.05,1569.15,13.7,14.65,200.75
1980,66.066,767,267.89,1178.2,16.78,20.4,342.36
1980,66.066,765,3481.22,2151.9,20.84,16.21,337.67
1980,66.066,771,626.66,1750.2,25.07,19.59,491.07
1980,66.066,795,127.12,1246.11,20.87,19.36,404.09
1980,66.066,810,1591.4,2142.65,21.57,19.49,420.39
1980,66.066,814,626.58,1754.11,21.75,19.79,430.44
1980,66.066,787,1253.88,1651.94,20.69,19.67,406.91
1986,66.2662,764,2303.52,1225.97,24.71,20.63,509.76
1986,66.2662,770,2402.94,1567.08,14.25,15.13,215.57
1986,66.2662,767,269.38,1179.4,16.29,19.77,322.0
1986,66.2662,765,3483.39,2151.12,20.86,16.45,343.22
1986,66.2662,771,630.39,1750.41,25.26,20.08,507.29
1986,66.2662,795,130.15,1244.74,21.04,19.75,415.43
1986,66.2662,810,1593.7,2140.58,20.93,19.36,405.12
1986,66.2662,814,630.03,1754.28,21.38,19.44,415.55
1986,66.2662,787,1254.64,1650.33,21.08,20.01,421.82
1992,66.4664,764,2304.11,1226.41,23.95,19.9,476.67
1992,66.4664,770,2405.78,1565.21,13.8,14.79,204.08
1992,66.4664,767,271.86,1180.74,15.49,18.62,288.44
1992,66.4664,765,3485.64,2149.91,20.92,16.58,346.74
1992,66.4664,771,633.82,1750.31,24.71,19.96,493.09
1992,66.4664,795,133.83,1243.17,20.94,20.0,418.73
1992,66.4664,810,1596.38,2138.47,21.08,19.95,420.48
1992,66.4664,814,633.55,1754.42,21.07,19.17,403.86
1998,66.6666,764,2304.45,1226.71,24.89,20.64,513.81
1998,66.6666,770,2409.16,1563.86,14.23,15.33,218.16
1998,66.6666,767,274.27,1182.26,15.45,18.41,284.44
1998,66.6666,765,3488.22,2148.79,20.77,16.49,342.56
1998,66.6666,771,637.4,1750.38,24.6,20.17,496.33
1998,66.6666,795,137.68,1241.76,20.1,19.43,390.53
1998,66.6666,810,1598.6,2135.37,21.4,20.84,445.99
1998,66.6666,814,637.23,1753.93,22.09,20.14,444.91
2004,66.8668,764,2303.66,1227.03,24.73,20.37,503.69
2004,66.8668,770,2411.75,1562.59,15.59,17.15,267.29
2004,66.8668,767,277.15,1184.36,15.89,18.76,298.1
2004,66.8668,765,3490.42,2148.0,20.67,16.43,339.57
2004,66.8668,771,640.92,1750.22,23.96,19.91,477.02
2004,66.8668,795,140.97,1240.62,19.99,19.48,389.49
2004,66.8668,810,1601.12,2132.79,19.6,19.51,382.37
2004,66.8668,814,640.85,1754.17,21.53,19.66,423.12
2004,66.8668,787,1256.38,1645.83,21.32,19.94,425.28
2010,67.067,764,2302.72,1227.02,24.4,20.02,488.53
2010,67.067,770,2414.39,1558.41,15.89,17.85,283.74
2010,67.067,767,279.34,1185.74,15.91,18.64,296.59
2010,67.067,765,3492.31,2146.75,20.34,16.11,327.56
2010,67.067,771,644.75,1750.13,23.58,19.79,466.6
2010,67.067,795,145.16,1239.17,19.94,19.38,386.51
2010,67.067,810,1603.43,2130.05,19.09,19.36,369.53
2010,67.067,814,644.81,1754.2,21.44,19.61,420.48
2016,67.2672,764,2301.94,1226.98,24.75,20.29,502.11
2016,67.2672,770,2416.41,1555.8,14.67,16.52,242.29
2016,67.2672,767,281.09,1187.08,15.8,18.34,289.8
2016,67.2672,765,3494.59,2145.65,20.21,15.92,321.81
2016,67.2672,771,648.79,1750.35,23.92,20.28,485.05
2016,67.2672,795,147.56,1238.02,19.44,19.08,370.95
2016,67.2672,810,1605.06,2127.71,19.21,19.63,377.02
2016,67.2672,814,648.82,1754.32,21.22,19.36,410.87
2022,67.4674,764,2301.44,1226.71,25.03,20.58,515.27
2022,67.4674,770,2418.57,1553.03,13.96,15.75,219.85
2022,67.4674,767,283.3,1188.38,15.51,17.86,277.0
2022,67.4674,765,3496.99,2144.61,20.4,16.0,326.42
2022,67.4674,771,651.89,1750.49,23.9,20.6,492.31
2022,67.4674,795,149.94,1236.09,19.37,19.18,371.52
2022,67.4674,810,1608.04,2124.04,20.33,21.46,436.28
2022,67.4674,814,651.92,1754.25,21.31,19.49,415.48
2028,67.6676,764,2301.29,1226.76,25.21,20.84,525.38
2028,67.6676,770,2420.23,1550.16,14.07,15.67,220.48
2028,67.6676,767,285.41,1189.15,15.92,17.96,285.82
2028,67.6676,765,3499.7,2143.46,20.65,16.2,334.52
2028,67.6676,771,655.21,1750.36,23.35,20.37,475.72
2028,67.6676,795,152.46,1234.36,19.14,19.1,365.59
2028,67.6676,810,1610.8,2121.96,19.2,20.76,398.5
2028,67.6676,814,655.3,1754.16,21.46,19.69,422.43
2034,67.8678,764,2300.96,1227.52,25.18,20.89,525.88
2034,67.8678,770,2423.34,1546.59,16.17,18.46,298.53
2034,67.8678,767,288.63,1190.42,16.31,17.79,290.16
2034,67.8678,765,3502.03,2142.26,21.09,16.58,349.79
2034,67.8678,771,658.72,1750.39,23.21,20.48,475.31
2034,67.8678,795,155.41,1232.49,18.63,18.67,347.72
2034,67.8678,810,1613.68,2119.97,17.89,19.72,352.84
2034,67.8678,814,658.74,1754.19,21.35,19.62,418.96
2040,68.068,764,2300.44,1227.91,25.52,21.26,542.54
2040,68.068,770,2426.19,1544.53,15.51,18.02,279.46
2040,68.068,767,290.65,1191.81,15.93,17.03,271.32
2040,68.068,765,3503.68,2140.82,21.34,16.69,356.16
2040,68.068,771,661.75,1750.06,22.39,19.86,444.74
2040,68.068,795,157.77,1230.57,18.97,19.16,363.4
2040,68.068,810,1615.77,2118.01,17.27,19.33,333.95
2040,68.068,814,661.67,1753.74,22.19,20.51,455.06
2040,68.068,819,2427.66,1546.15,18.15,14.93,270.98
2046,68.2682,764,2299.62,1228.21,24.97,20.8,519.59
2046,68.2682,770,2428.9,1543.24,14.05,16.18,227.3
2046,68.2682,767,292.5,1193.3,16.32,17.34,283.04
2046,68.2682,771,664.67,1749.65,21.45,19.07,409.05
2046,68.2682,795,160.32,1229.16,18.57,18.83,349.7
2046,68.2682,810,1617.8,2115.44,16.62,18.85,313.19
2052,68.4684,764,2298.71,1228.14,24.85,20.78,516.37
2052,68.4684,770,2431.41,1540.94,13.42,15.4,206.71
2052,68.4684,767,294.56,1194.94,16.2,16.92,274.12
2052,68.4684,771,668.12,1749.42,20.89,18.65,389.7
2052,68.4684,795,162.72,1228.41,18.66,19.0,354.44
2052,68.4684,810,1619.58,2113.43,17.51,20.34,356.27
2058,68.6686,764,2298.23,1227.97,24.77,20.84,516.05
2058,68.6686,770,2433.8,1539.37,13.99,16.18,226.28
2058,68.6686,767,297.11,1196.61,16.98,17.55,298.11
2058,68.6686,771,672.43,1749.57,21.3,18.97,403.92
2058,68.6686,795,165.22,1227.38,18.69,19.06,356.22
2058,68.6686,810,1622.1,2110.25,16.99,20.08,341.23
2058,68.6686,765,3509.81,2138.38,23.88,18.97,453.07
2058,68.6686,814,672.63,1753.53,22.59,20.91,472.33
2064,68.8688,764,2298.14,1228.48,24.7,20.87,515.62
2064,68.8688,770,2436.03,1538.0,15.33,18.13,277.81
2064,68.8688,767,300.58,1198.41,16.38,16.3,266.97
2064,68.8688,771,676.18,1749.77,21.59,19.39,418.68
2064,68.8688,795,168.86,1226.37,19.12,19.28,368.52
2064,68.8688,810,1624.66,2107.76,16.24,19.48,316.49
2064,68.8688,814,676.23,1753.56,22.31,20.84,464.98
2070,69.069,764,2297.56,1229.07,24.16,20.5,495.34
2070,69.069,770,2438.42,1533.98,14.97,17.98,269.24
2070,69.069,767,302.57,1199.75,16.48,16.11,265.62
2070,69.069,771,679.27,1749.79,21.46,19.44,417.07
2070,69.069,795,171.1,1225.5,19.77,20.11,397.58
2070,69.069,810,1627.01,2105.67,16.01,19.39,310.32
2070,69.069,814,679.33,1753.61,21.99,20.74,456.08
2076,69.2692,764,2296.83,1229.7,24.15,20.67,499.21
2076,69.2692,770,2440.7,1531.56,13.59,16.17,219.74
2076,69.2692,767,304.13,1200.8,17.05,16.49,281.07
2076,69.2692,771,682.32,1749.64,20.96,19.17,401.73
2076,69.2692,795,173.17,1223.09,20.19,20.69,417.81
2076,69.2692,810,1628.29,2103.81,15.88,19.26,305.83
2082,69.4694,764,2296.35,1230.71,24.6,21.22,522.14
2082,69.4694,770,2442.71,1529.95,12.82,15.14,194.08
2082,69.4694,767,306.64,1202.45,16.6,15.76,261.46
2082,69.4694,771,684.88,1749.56,20.63,19.02,392.34
2082,69.4694,795,175.56,1221.58,19.56,20.04,392.0
2082,69.4694,810,1629.43,2101.6,16.21,19.48,315.81
2088,69.6696,764,2295.77,1231.44,24.51,21.36,523.71
2088,69.6696,770,2444.28,1528.11,13.04,15.06,196.3
2088,69.6696,767,309.38,1204.29,17.07,16.01,273.35
2088,69.6696,771,687.96,1749.16,19.74,18.22,359.82
2088,69.6696,795,178.05,1220.38,19.57,20.03,392.01
2088,69.6696,810,1633.77,2098.95,16.11,19.08,307.45
2094,69.8698,764,2294.98,1231.85,23.41,20.54,480.72
2094,69.8698,770,2445.58,1526.58,13.21,14.63,193.35
2094,69.8698,767,311.73,1206.09,17.17,15.86,272.32
2094,69.8698,771,690.84,1748.66,18.83,17.32,326.13
2094,69.8698,795,180.41,1219.32,19.76,20.24,399.95
2094,69.8698,810,1635.62,2096.61,16.13,18.96,305.83
2100,70.07,764,2294.02,1232.06,23.36,20.68,483.01
2100,70.07,770,2450.22,1524.42,13.23,14.16,187.32
2100,70.07,767,313.71,1207.5,17.25,15.7,270.83
2100,70.07,771,693.67,1748.4,18.74,17.22,322.76
2100,70.07,795,182.9,1218.22,19.29,19.83,382.5
2100,70.07,810,1637.11,2093.99,15.54,18.34,284.92
2106,70.2702,764,2293.0,1232.22,23.48,20.93,491.56
2106,70.2702,770,2452.55,1521.64,13.72,14.57,199.91
2106,70.2702,767,315.74,1208.49,18.51,16.67,308.63
2106,70.2702,771,697.31,1747.69,19.09,17.39,332.12
2106,70.2702,795,185.1,1217.24,19.16,19.67,376.86
2106,70.2702,810,1638.4,2091.01,15.64,18.62,291.14
2112,70.4704,764,2291.93,1232.56,22.9,20.62,472.2
2112,70.4704,770,2454.17,1518.58,13.6,14.5,197.16
2112,70.4704,767,317.61,1209.98,17.36,15.32,265.9
2112,70.4704,771,699.9,1747.52,18.59,16.99,315.88
2112,70.4704,795,187.13,1215.7,19.37,19.86,384.68
2112,70.4704,810,1640.1,2089.16,16.72,20.28,339.07
2118,70.6706,764,2291.49,1233.04,22.53,20.52,462.36
2118,70.6706,770,2455.76,1516.37,13.88,14.95,207.4
2118,70.6706,767,320.16,1210.26,16.96,14.68,248.91
2118,70.6706,771,702.49,1747.18,18.69,17.15,320.53
2118,70.6706,795,189.06,1213.63,19.65,20.21,397.01
2118,70.6706,810,1641.97,2086.28,16.3,20.12,328.0
2124,70.8708,764,2291.73,1233.69,22.52,20.8,468.33
2124,70.8708,770,2457.9,1514.97,14.96,16.37,244.92
2124,70.8708,767,322.32,1211.25,17.35,14.8,256.68
2124,70.8708,771,704.93,1746.55,19.06,17.56,334.58
2124,70.8708,795,190.55,1211.37,19.58,20.06,392.68
2124,70.8708,810,1643.61,2084.21,15.23,18.91,288.02
2130,71.071,764,2291.15,1234.7,22.75,21.28,484.18
2130,71.071,770,2460.39,1513.68,16.51,18.49,305.29
2130,71.071,767,324.23,1212.52,17.13,14.41,246.72
2130,71.071,771,707.04,1745.71,19.08,17.74,338.51
2130,71.071,795,193.45,1209.11,19.53,19.89,388.43
2130,71.071,810,1645.64,2082.24,15.02,18.77,281.97
2136,71.2712,764,2291.0,1235.81,22.01,20.79,457.55
2136,71.2712,770,2463.12,1509.85,15.93,18.07,287.72
2136,71.2712,767,327.3,1213.92,16.62,13.68,227.33
2136,71.2712,771,709.87,1744.9,18.53,17.4,322.39
2136,71.2712,795,196.06,1207.6,19.48,19.95,388.66
2136,71.2712,810,1647.59,2079.84,14.89,18.77,279.52
2142,71.4714,764,2290.63,1236.37,21.49,20.41,438.58
2142,71.4714,770,2465.62,1507.73,14.59,16.56,241.67
2142,71.4714,767,330.2,1215.55,17.07,13.79,235.39
2142,71.4714,771,712.49,1744.25,18.76,17.77,333.3
2142,71.4714,795,198.78,1206.85,19.36,19.94,385.93
2142,71.4714,810,1649.4,2077.6,14.32,18.11,259.41
2148,71.6716,764,2290.36,1236.77,21.52,20.66,444.56
2148,71.6716,770,2467.74,1506.37,13.66,15.22,207.77
2148,71.6716,767,332.08,1217.26,16.96,13.49,228.81
2148,71.6716,771,715.04,1743.51,18.82,17.99,338.59
2148,71.6716,795,201.37,1206.46,19.16,19.85,380.21
2148,71.6716,810,1651.03,2075.58,14.37,18.25,262.24
2154,71.8718,764,2290.33,1237.64,20.81,20.07,417.64
2154,71.8718,770,2469.43,1504.51,13.93,15.0,208.92
2154,71.8718,767,334.02,1218.5,18.12,14.29,258.89
2154,71.8718,771,717.6,1743.4,18.85,18.01,339.66
2154,71.8718,795,203.16,1205.75,19.16,19.9,381.31
2154,71.8718,810,1653.08,2073.59,14.98,19.18,287.32
2160,72.072,764,2289.92,1238.3,20.59,20.02,412.17
2160,72.072,770,2473.93,1502.63,14.14,14.79,209.18
2160,72.072,767,336.9,1219.6,18.84,14.66,276.2
2160,72.072,771,721.25,1743.07,19.14,18.14,347.21
2160,72.072,795,205.34,1203.88,19.34,20.25,391.62
2160,72.072,810,1655.54,2071.5,14.32,18.31,262.33
2166,72.2722,764,2289.69,1239.38,20.65,20.29,419.03
2166,72.2722,770,2476.23,1500.64,14.37,14.88,213.93
2166,72.2722,767,338.93,1220.15,19.42,15.18,294.83
2166,72.2722,771,723.36,1742.95,19.05,18.16,345.9
2166,72.2722,795,207.41,1202.63,18.6,19.53,363.18
2166,72.2722,810,1657.36,2070.0,14.32,18.37,263.05
2172,72.4724,764,2289.62,1240.54,20.39,20.16,411.06
2172,72.4724,770,2478.38,1498.7,14.06,14.67,206.2
2172,72.4724,767,341.45,1220.69,20.26,16.11,326.47
2172,72.4724,771,725.4,1742.23,18.95,18.29,346.63
2172,72.4724,795,209.07,1200.66,18.39,19.37,356.21
2172,72.4724,810,1659.61,2068.55,14.36,18.37,263.72
2178,72.6726,764,2290.21,1241.57,19.79,19.6,387.95
2178,72.6726,770,2480.87,1497.3,14.02,14.71,206.16
2178,72.6726,767,343.91,1221.32,21.35,17.38,370.97
2178,72.6726,771,727.52,1741.27,18.82,18.37,345.8
2178,72.6726,795,211.21,1198.57,18.67,19.84,370.37
2178,72.6726,810,1661.28,2066.36,14.41,18.43,265.55
2184,72.8728,764,2290.45,1242.26,19.89,19.66,391.07
2184,72.8728,770,2483.75,1495.43,13.89,14.62,203.1
2184,72.8728,767,346.32,1221.81,21.97,18.41,404.6
2184,72.8728,771,729.71,1740.3,18.99,18.76,356.14
2184,72.8728,795,213.62,1196.7,18.55,19.81,367.48
2184,72.8728,810,1663.22,2063.93,14.12,17.97,253.74
2190,73.073,764,2290.76,1242.81,20.0,19.84,396.85
2190,73.073,770,2486.49,1493.32,13.99,14.85,207.76
2190,73.073,767,348.73,1225.44,21.48,18.36,394.3
2190,73.073,771,731.56,1739.21,18.44,18.36,338.58
2190,73.073,795,215.94,1195.32,18.51,19.88,367.93
2190,73.073,810,1665.06,2061.16,14.52,18.52,268.86
2196,73.2732,764,2290.59,1243.0,20.02,19.99,400.3
2196,73.2732,770,2488.72,1491.67,14.73,15.81,232.81
2196,73.2732,767,349.76,1227.14,20.42,17.75,362.39
2196,73.2732,771,733.69,1738.07,18.44,18.55,342.13
2196,73.2732,795,217.29,1194.2,18.15,19.64,356.46
2196,73.2732,810,1666.48,2058.85,14.36,18.29,262.66
2202,73.4734,764,2290.3,1243.03,19.72,19.77,390.04
2202,73.4734,770,2490.8,1490.44,15.94,17.47,278.39
2202,73.4734,767,351.29,1227.85,19.48,17.29,336.81
2202,73.4734,771,735.4,1737.11,18.4,18.75,345.05
2202,73.4734,795,218.61,1192.44,18.42,20.12,370.49
2202,73.4734,810,1668.33,2056.76,14.08,17.9,252.03
2208,73.6736,764,2290.47,1243.58,19.8,19.86,393.16
2208,73.6736,770,2492.36,1486.1,15.91,17.45,277.63
2208,73.6736,767,352.63,1228.08,18.95,17.08,323.64
2208,73.6736,771,737.57,1736.23,18.3,18.81,344.05
2208,73.6736,795,219.86,1190.67,18.34,20.12,368.95
2208,73.6736,810,1670.22,2054.67,14.42,18.41,265.4
2214,73.8738,764,2291.11,1244.51,19.81,19.74,391.2
2214,73.8738,770,2497.2,1483.68,15.31,16.26,248.95
2214,73.8738,767,354.47,1228.58,17.7,16.08,284.6
2214,73.8738,771,739.05,1735.45,18.33,19.05,349.19
2214,73.8738,795,220.95,1188.77,18.0,19.8,356.43
2214,73.8738,810,1672.48,2052.74,14.36,18.37,263.77
2220,74.074,764,2292.18,1245.45,19.98,19.83,396.27
2220,74.074,770,2499.86,1481.97,14.32,14.91,213.53
2220,74.074,767,356.34,1228.83,16.99,15.45,262.46
2220,74.074,771,740.46,1734.63,18.19,19.14,348.08
2220,74.074,795,222.29,1186.12,17.79,19.57,348.23
2220,74.074,810,1674.32,2051.06,14.43,18.4,265.56
2226,74.2742,764,2292.17,1246.1,20.07,20.07,402.8
2226,74.2742,770,2501.49,1480.97,13.7,14.17,194.01
2226,74.2742,767,357.67,1228.86,16.98,15.27,259.36
2226,74.2742,771,742.44,1733.4,18.22,19.34,352.38
2226,74.2742,795,223.85,1183.66,17.83,19.64,350.26
2226,74.2742,810,1675.45,2049.38,14.55,18.61,270.7
2232,74.4744,764,2292.05,1246.34,20.03,20.2,404.68
2232,74.4744,770,2503.81,1479.43,13.74,14.08,193.45
2232,74.4744,767,358.26,1229.52,16.27,14.3,232.72
2232,74.4744,771,743.82,1731.71,18.55,19.95,369.99
2232,74.4744,795,225.72,1181.91,17.95,19.74,354.35
2232,74.4744,810,1676.38,2047.05,14.48,18.32,265.33
2238,74.6746,764,2292.07,1246.43,20.03,20.28,406.25
2238,74.6746,770,2506.4,1477.07,14.12,14.46,204.24
2238,74.6746,767,361.57,1229.93,15.76,13.48,212.47
2238,74.6746,771,745.96,1730.49,18.06,19.64,354.53
2238,74.6746,795,227.89,1180.3,17.91,19.65,351.9
2238,74.6746,810,1677.26,2043.83,14.55,17.98,261.59
2244,74.8748,764,2292.22,1246.51,20.27,20.46,414.64
2244,74.8748,770,2508.43,1474.39,13.96,14.27,199.24
2244,74.8748,767,362.98,1230.11,15.72,13.18,207.21
2244,74.8748,771,747.42,1729.7,17.33,19.07,330.58
2244,74.8748,795,228.98,1179.41,17.94,19.68,353.08
2244,74.8748,810,1678.15,2041.98,15.88,19.23,305.32
2250,75.075,764,2292.66,1246.99,21.12,21.47,453.44
2250,75.075,770,2510.7,1471.79,14.3,14.66,209.68
2250,75.075,767,363.66,1230.65,16.44,13.7,225.14
2250,75.075,771,749.0,1728.8,17.53,19.45,340.97
2250,75.075,795,230.01,1178.01,18.22,19.88,362.3
2250,75.075,810,1682.06,2038.84,16.67,20.15,335.93
2256,75.2752,764,2292.98,1248.47,21.39,21.86,467.59
2256,75.2752,770,2512.97,1469.34,14.25,14.67,209.01
2256,75.2752,767,364.96,1231.11,15.68,12.9,202.29
2256,75.2752,771,751.05,1727.8,17.85,20.07,358.3
2256,75.2752,795,231.39,1175.39,19.2,21.12,405.57
2256,75.2752,810,1684.27,2036.83,15.68,18.95,297.18
2262,75.4754,764,2293.13,1249.03,21.48,22.08,474.28
2262,75.4754,770,2515.09,1467.79,14.86,15.41,228.97
2262,75.4754,767,366.91,1231.19,15.39,12.56,193.32
2262,75.4754,771,752.67,1726.23,17.64,20.09,354.34
2262,75.4754,795,233.24,1173.15,18.07,19.72,356.4
2262,75.4754,810,1686.14,2034.99,15.39,18.73,288.24
2268,75.6756,764,2293.08,1249.76,21.91,22.74,498.14
2268,75.6756,770,2516.6,1466.58,16.35,17.05,278.87
2268,75.6756,767,368.89,1231.6,15.91,12.93,205.73
2268,75.6756,771,754.33,1724.61,16.81,19.31,324.57
2268,75.6756,795,235.06,1170.88,17.54,19.04,334.06
2268,75.6756,810,1687.31,2033.54,15.24,18.63,284.02
2274,75.8758,764,2292.91,1250.21,22.7,23.9,542.73
2274,75.8758,770,2521.32,1465.55,18.04,18.86,340.3
2274,75.8758,767,371.04,1232.33,16.02,12.83,205.6
2274,75.8758,771,756.09,1722.81,17.4,20.18,351.28
2274,75.8758,795,237.15,1168.68,17.91,19.2,343.9
2274,75.8758,810,1688.7,2031.38,14.83,18.13,268.95
2280,76.076,764,2292.85,1250.51,22.91,24.46,560.46
2280,76.076,770,2524.01,1461.85,17.29,18.18,314.36
2280,76.076,767,372.57,1232.9,15.97,12.61,201.41
2280,76.076,771,757.85,1721.14,17.1,20.06,343.09
2280,76.076,795,238.84,1166.58,18.45,19.44,358.66
2280,76.076,810,1690.28,2028.7,14.99,18.37,275.45
2286,76.2762,764,2292.82,1250.95,22.71,24.62,559.18
2286,76.2762,770,2525.81,1459.74,15.58,16.5,257.08
2286,76.2762,767,373.73,1233.47,16.42,12.86,211.04
2286,76.2762,771,759.8,1719.83,17.02,20.23,344.36
2286,76.2762,795,241.72,1165.15,18.56,19.46,361.32
2286,76.2762,810,1692.01,2026.2,15.08,18.59,280.32
2286,76.2762,832,1217.45,1611.41,23.45,20.44,479.39
2292,76.4764,764,2292.94,1251.45,22.65,24.91,564.23
2292,76.4764,770,2527.91,1457.49,14.51,15.33,222.48
2292,76.4764,767,374.55,1233.62,17.27,13.41,231.56
2292,76.4764,771,761.41,1718.53,16.8,20.13,338.16
2292,76.4764,795,243.67,1164.21,18.05,18.88,340.82
2292,76.4764,810,1693.51,2024.1,14.73,18.21,268.16
2292,76.4764,832,1216.21,1611.43,23.02,20.09,462.57
2298,76.6766,764,2293.01,1252.34,22.57,25.09,566.43
2298,76.6766,770,2529.85,1454.96,14.06,14.8,208.07
2298,76.6766,767,376.12,1233.8,17.29,13.3,229.97
2298,76.6766,771,762.62,1717.57,16.97,20.53,348.51
2298,76.6766,795,245.25,1162.59,18.46,19.31,356.62
2298,76.6766,810,1695.11,2022.12,15.03,18.69,280.99
2304,76.8768,764,2293.34,1253.27,22.33,25.02,558.71
2304,76.8768,770,2531.78,1452.72,13.99,14.85,207.82
2304,76.8768,771,763.6,1716.49,17.06,20.88,356.12
2304,76.8768,795,246.35,1160.45,18.93,19.88,376.29
2304,76.8768,810,1696.66,2020.23,14.9,18.64,277.75
2310,77.077,764,2293.9,1254.08,21.86,24.68,539.67
2310,77.077,770,2533.98,1450.66,13.79,14.71,202.78
2310,77.077,771,764.29,1714.97,16.85,20.79,350.35
2310,77.077,795,247.59,1158.62,18.65,19.71,367.63
2310,77.077,810,1698.42,2018.42,14.52,18.28,265.42
2310,77.077,767,379.47,1234.58,17.44,13.26,231.19
2316,77.2772,764,2294.59,1255.12,21.97,25.04,549.99
2316,77.2772,770,2536.7,1448.99,13.87,14.85,205.97
2316,77.2772,771,765.19,1713.15,16.9,20.75,350.69
2316,77.2772,795,249.51,1156.49,18.79,19.99,375.71
2316,77.2772,810,1699.99,2016.88,14.78,18.64,275.48
2316,77.2772,767,381.16,1234.83,17.84,13.39,238.76
2322,77.4774,764,2295.25,1255.86,21.91,25.17,551.43
2322,77.4774,770,2539.21,1447.55,14.34,15.35,220.18
2322,77.4774,771,766.16,1711.58,17.62,21.39,376.98
2322,77.4774,795,252.09,1154.46,18.88,20.3,383.32
2322,77.4774,810,1701.31,2014.81,14.42,18.13,261.51
2322,77.4774,767,382.69,1235.54,18.79,13.92,261.51
2328,77.6776,764,2295.39,1256.58,21.81,25.22,550.09
2328,77.6776,770,2540.6,1446.13,14.0,14.69,205.58
2328,77.6776,771,769.63,1710.05,17.3,20.79,359.55
2328,77.6776,795,254.62,1153.09,19.21,21.0,403.4
2328,77.6776,810,1702.88,2012.64,14.62,18.47,270.13
2328,77.6776,767,385.05,1236.2,18.6,13.54,251.87
2334,77.8778,764,2294.86,1257.44,21.45,24.92,534.71
2334,77.8778,770,2541.66,1444.18,14.94,15.37,229.71
2334,77.8778,771,771.29,1708.54,17.21,20.63,355.02
2334,77.8778,795,256.28,1151.45,18.55,20.42,378.94
2334,77.8778,810,1704.14,2010.21,14.42,18.29,263.75
2334,77.8778,767,386.54,1236.67,18.77,13.48,253.05
2340,78.078,764,2294.46,1258.48,21.2,24.66,522.8
2340,78.078,770,2545.93,1442.64,16.82,17.3,291.09
2340,78.078,771,772.38,1707.1,17.09,20.65,352.94
2340,78.078,795,257.68,1149.75,17.99,19.98,359.48
2340,78.078,810,1705.53,2007.79,13.98,17.82,249.11
2340,78.078,767,387.84,1236.78,19.17,13.7,262.61
2346,78.2782,764,2294.77,1259.47,21.1,24.64,519.74
2346,78.2782,770,2548.19,1438.45,17.27,17.95,310.04
2346,78.2782,771,773.12,1705.89,17.03,20.8,354.34
2346,78.2782,795,259.06,1148.06,17.59,19.59,344.71
2346,78.2782,810,1706.85,2006.15,14.62,18.81,275.03
2346,78.2782,767,389.38,1236.84,19.24,13.72,264.01
2352,78.4784,764,2294.97,1261.24,21.11,24.8,523.58
2352,78.4784,770,2549.61,1436.15,16.07,16.87,271.12
2352,78.4784,771,774.15,1704.99,17.21,21.34,367.12
2352,78.4784,795,260.64,1146.14,17.57,19.8,347.81
2352,78.4784,810,1708.7,2004.12,14.75,19.05,281.02
2352,78.4784,767,391.65,1237.11,19.21,13.62,261.61
2358,78.6786,764,2295.35,1262.52,20.87,24.63,514.06
2358,78.6786,770,2551.26,1434.27,14.82,15.64,231.85
2358,78.6786,771,775.5,1702.95,17.24,21.7,374.11
2358,78.6786,795,262.4,1144.16,17.54,19.84,348.04
2358,78.6786,810,1710.37,2001.88,14.36,18.62,267.38
2364,78.8788,764,2295.69,1263.56,20.08,23.68,475.39
2364,78.8788,770,2553.58,1432.98,14.34,15.17,217.68
2364,78.8788,771,776.93,1700.83,16.67,21.15,352.62
2364,78.8788,795,264.97,1142.23,17.79,20.37,362.35
2364,78.8788,810,1712.07,1999.89,14.17,18.33,259.8
2364,78.8788,767,397.02,1237.69,18.46,12.99,239.75
2370,79.079,764,2295.45,1264.18,19.76,23.23,459.01
2370,79.079,770,2555.95,1431.26,14.0,14.87,208.17
2370,79.079,771,777.89,1698.64,16.6,21.21,352.06
2370,79.079,795,267.34,1139.99,17.62,20.26,356.86
2370,79.079,810,1713.51,1997.97,14.85,19.29,286.45
2370,79.079,767,399.4,1238.08,19.44,13.63,265.08
2376,79.2792,764,2295.71,1264.74,19.64,23.15,454.82
2376,79.2792,770,2558.56,1429.13,14.17,15.13,214.39
2376,79.2792,771,779.23,1696.47,16.3,20.88,340.3
2376,79.2792,795,269.53,1138.23,17.47,20.16,352.1
2376,79.2792,810,1714.83,1995.42,14.46,18.82,272.1
2376,79.2792,767,401.68,1238.06,19.82,13.88,275.1
2376,79.2792,842,3619.67,2065.92,16.68,21.04,350.83
2382,79.4794,764,2295.15,1265.93,19.35,22.83,441.8
2382,79.4794,770,2560.5,1426.7,14.04,15.09,211.9
2382,79.4794,771,780.52,1694.94,16.49,21.2,349.46
2382,79.4794,795,271.23,1136.62,17.39,20.05,348.71
2382,79.4794,810,1716.31,1993.3,15.51,20.55,318.62
2382,79.4794,767,403.89,1238.18,19.69,13.74,270.52
2382,79.4794,842,3620.69,2064.49,16.61,20.94,347.79
2388,79.6796,764,2294.87,1267.2,19.27,22.8,439.27
2388,79.6796,770,2561.96,1424.31,13.9,14.99,208.35
2388,79.6796,771,781.67,1693.12,16.12,20.89,336.87
2388,79.6796,795,272.79,1135.04,16.99,19.61,333.18
2388,79.6796,810,1717.7,1990.57,15.41,20.57,317.01
2388,79.6796,767,406.13,1238.14,19.56,13.55,265.06
2388,79.6796,842,3622.17,2062.92,16.22,20.48,332.21
2394,79.8798,764,2294.76,1268.68,18.61,21.94,408.35
2394,79.8798,770,2563.36,1421.73,13.79,14.85,204.8
2394,79.8798,771,782.7,1691.29,16.04,20.96,336.31
2394,79.8798,795,273.98,1133.29,16.89,19.55,330.21
2394,79.8798,810,1718.93,1988.49,14.51,19.22,278.92
2394,79.8798,767,408.75,1237.44,19.91,13.66,271.92
2394,79.8798,842,3623.51,2061.3,16.0,20.23,323.61
2400,80.08,764,2295.09,1269.75,18.86,22.02,415.32
2400,80.08,770,2564.42,1419.9,14.53,15.53,225.64
2400,80.08,771,784.2,1689.67,16.03,20.88,334.55
2400,80.08,795,275.92,1131.24,17.09,19.73,337.11
2400,80.08,810,1720.64,1986.08,14.22,18.82,267.65
2400,80.08,767,410.93,1237.35,19.49,13.41,261.31
2400,80.08,842,3625.09,2058.97,16.25,20.62,335.14
2406,80.2802,764,2295.43,1270.11,18.74,21.93,410.84
2406,80.2802,770,2565.46,1418.6,16.1,17.1,275.41
2406,80.2802,771,785.18,1687.68,15.61,20.37,318.03
2406,80.2802,795,277.94,1129.65,17.46,20.21,352.78
2406,80.2802,810,1722.33,1983.62,14.33,19.04,272.86
2406,80.2802,767,413.51,1237.52,18.95,13.02,246.79
2406,80.2802,842,3626.14,2056.03,16.56,21.14,349.94
2412,80.4804,764,2295.43,1270.85,18.74,22.0,412.18
2412,80.4804,770,2569.93,1414.66,17.29,18.45,319.02
2412,80.4804,771,786.07,1685.39,16.17,21.31,344.69
2412,80.4804,795,280.17,1126.92,17.62,20.64,363.73
2412,80.4804,810,1723.61,1981.32,14.35,18.97,272.26
2412,80.4804,767,416.55,1237.7,18.91,13.01,245.9
2412,80.4804,842,3626.92,2053.8,16.76,21.53,360.89
2418,80.6806,764,2295.64,1271.59,19.28,22.86,440.64
2418,80.6806,770,2572.44,1412.46,16.38,17.61,288.33
2418,80.6806,771,787.44,1682.71,15.72,20.71,325.59
2418,80.6806,795,282.98,1124.94,17.04,19.94,339.84
2418,80.6806,810,1724.52,1978.65,14.37,18.69,268.51
2418,80.6806,767,419.45,1237.91,18.52,12.76,236.31
2418,80.6806,842,3627.94,2051.7,16.67,21.44,357.51
2424,80.8808,764,2295.87,1272.6,19.34,22.98,444.51
2424,80.8808,770,2574.11,1411.38,15.38,16.67,256.39
2424,80.8808,771,788.94,1680.51,15.41,20.28,312.51
2424,80.8808,795,285.21,1122.87,16.76,19.34,324.04
2424,80.8808,810,1725.21,1975.75,14.65,18.65,273.21
2424,80.8808,767,421.77,1237.41,19.68,13.69,269.57
2424,80.8808,842,3628.96,2049.51,16.17,20.91,338.14
2430,81.081,764,2296.27,1273.17,19.2,22.68,435.38
2430,81.081,770,2576.44,1409.45,14.44,15.75,227.39
2430,81.081,771,790.56,1678.18,15.37,20.23,310.96
2430,81.081,795,288.92,1121.1,16.78,18.89,316.88
2430,81.081,810,1725.94,1972.62,15.02,18.55,278.7
2430,81.081,767,424.15,1236.98,19.24,13.52,260.02
2430,81.081,842,3630.14,2047.51,16.75,21.88,366.45
2436,81.2812,764,2296.53,1274.32,19.96,23.73,473.69
2436,81.2812,770,2578.0,1406.59,14.01,15.33,214.74
2436,81.2812,771,791.61,1676.36,15.12,19.83,299.77
2436,81.2812,795,290.78,1119.16,16.89,18.79,317.31
2436,81.2812,810,1730.05,1970.27,15.59,19.1,297.79
2436,81.2812,767,426.97,1236.28,18.71,13.25,247.88
2436,81.2812,842,3631.53,2045.49,16.11,21.23,341.98
2442,81.4814,764,2297.38,1275.4,19.68,23.63,465.15
2442,81.4814,770,2580.01,1403.62,13.77,15.15,208.53
2442,81.4814,771,792.54,1674.57,14.97,19.62,293.67
2442,81.4814,795,291.97,1117.41,17.27,19.25,332.52
2442,81.4814,810,1731.82,1968.96,16.49,20.29,334.58
2442,81.4814,767,429.35,1235.82,19.03,13.51,257.07
2442,81.4814,842,3633.28,2043.57,15.86,20.99,332.81
2448,81.6816,764,2298.3,1276.82,19.89,24.05,478.38
2448,81.6816,770,2581.93,1401.79,13.49,14.96,201.85
2448,81.6816,771,793.28,1672.86,15.08,19.74,297.58
2448,81.6816,795,293.15,1115.45,17.29,19.31,333.76
2448,81.6816,810,1733.28,1966.19,16.1,20.09,323.31
2448,81.6816,767,432.87,1235.94,19.59,13.81,270.58
2448,81.6816,842,3634.94,2042.01,15.73,20.88,328.42
2454,81.8818,764,2299.26,1277.72,20.26,24.64,499.12
2454,81.8818,770,2584.64,1400.23,13.57,15.11,205.17
2454,81.8818,771,793.9,1671.17,14.89,19.26,286.84
2454,81.8818,795,295.14,1113.18,17.19,19.19,329.76
2454,81.8818,810,1735.23,1964.11,15.35,19.26,295.67
2454,81.8818,767,435.03,1236.05,20.1,14.33,288.14
2454,81.8818,842,3637.05,2039.51,16.32,21.91,357.54
2460,82.082,764,2299.91,1278.36,19.83,24.18,479.42
2460,82.082,770,2587.01,1398.66,13.54,14.99,203.0
2460,82.082,771,794.52,1669.67,15.44,20.04,309.32
2460,82.082,795,296.74,1111.27,17.35,19.43,337.26
2460,82.082,810,1736.9,1961.94,15.42,19.44,299.71
2460,82.082,767,436.91,1236.23,19.79,14.25,282.0
2460,82.082,842,3638.88,2036.99,15.87,21.42,339.88
2466,82.2822,764,2300.73,1278.78,20.2,24.85,501.96
2466,82.2822,770,2588.71,1396.48,14.15,15.36,217.3
2466,82.2822,771,795.52,1666.97,15.33,19.64,301.11
2466,82.2822,795,298.92,1109.36,17.46,19.63,342.64
2466,82.2822,810,1738.23,1959.28,14.66,18.43,270.19
2466,82.2822,767,438.93,1236.03,19.51,14.16,276.35
2466,82.2822,842,3640.69,2034.51,15.61,21.15,330.32
2472,82.4824,764,2301.49,1279.83,20.79,25.81,536.63
2472,82.4824,770,2593.65,1394.97,15.58,16.74,260.83
2472,82.4824,771,796.34,1664.54,15.31,19.5,298.55
2472,82.4824,795,301.5,1107.28,17.31,19.54,338.12
2472,82.4824,810,1739.62,1956.56,14.53,18.22,264.86
2472,82.4824,767,440.89,1235.63,19.05,13.93,265.32
2472,82.4824,842,3642.74,2033.04,15.43,20.91,322.66
2472,82.4824,847,1024.07,1114.71,17.23,17.32,298.4
2478,82.6826,764,2302.2,1280.82,20.56,25.48,523.83
2478,82.6826,770,2596.31,1390.65,16.58,18.05,299.26
2478,82.6826,771,797.24,1662.71,15.56,19.64,305.65
2478,82.6826,795,303.87,1105.51,16.95,19.14,324.36
2478,82.6826,810,1741.84,1953.59,14.48,18.22,263.82
2478,82.6826,767,442.93,1234.97,19.56,14.44,282.52
2478,82.6826,842,3644.59,2031.45,15.79,21.19,334.65
2478,82.6826,847,1025.18,1113.02,17.12,17.19,294.34
2484,82.8828,764,2304.61,1282.05,20.59,25.48,524.46
2484,82.8828,770,2598.17,1388.31,15.51,17.18,266.44
2484,82.8828,771,798.09,1661.12,15.23,19.04,289.91
2484,82.8828,795,305.33,1103.83,17.11,19.33,330.76
2484,82.8828,810,1743.83,1951.23,14.37,18.18,261.28
2484,82.8828,767,444.67,1234.13,19.87,14.85,295.09
2484,82.8828,842,3646.0,2029.47,16.35,21.5,351.62
2484,82.8828,847,1024.39,1111.75,18.47,18.5,341.66
2490,83.083,764,2305.87,1283.65,20.78,25.83,536.6
2490,83.083,770,2600.64,1386.95,14.24,15.88,226.2
2490,83.083,771,799.19,1659.6,15.63,19.43,303.78
2490,83.083,795,306.87,1101.18,16.91,19.06,322.39
2490,83.083,810,1746.02,1949.57,14.77,18.64,275.34
2490,83.083,767,446.99,1233.64,20.14,15.19,305.92
2490,83.083,842,3650.34,2027.73,16.18,21.23,343.49
2490,83.083,847,1024.36,1110.88,17.17,17.21,295.51
2496,83.2832,764,2307.54,1284.9,20.99,26.28,551.68
2496,83.2832,770,2603.59,1385.88,13.72,15.4,211.22
2496,83.2832,771,799.52,1658.17,15.57,19.34,301.15
2496,83.2832,795,308.57,1099.02,17.29,19.49,337.02
2496,83.2832,810,1747.9,1948.55,15.03,18.86,283.47
2496,83.2832,767,449.62,1233.58,20.78,15.87,329.76
2496,83.2832,842,3653.18,2026.49,15.71,20.67,324.76
2496,83.2832,847,1024.56,1109.74,18.63,18.7,348.43
2502,83.4834,764,2309.27,1286.58,20.79,26.29,546.67
2502,83.4834,770,2606.63,1384.15,13.64,15.38,209.72
2502,83.4834,771,799.7,1657.21,16.33,20.22,330.2
2502,83.4834,795,310.03,1097.1,17.36,19.46,337.8
2502,83.4834,810,1749.12,1946.76,14.99,18.42,276.05
2502,83.4834,767,451.99,1233.42,20.47,15.78,322.97
2502,83.4834,842,3656.11,2025.07,15.58,20.56,320.48
2502,83.4834,847,1025.29,1110.12,18.69,18.68,349.14
2508,83.6836,764,2310.41,1288.93,20.38,25.9,527.68
2508,83.6836,770,2609.84,1383.04,13.05,14.64,191.1
2508,83.6836,771,799.5,1654.86,16.8,20.77,348.9
2508,83.6836,795,311.5,1095.42,17.52,19.56,342.81
2508,83.6836,810,1749.87,1945.7,15.84,19.14,303.17
2508,83.6836,767,453.81,1233.8,20.66,16.05,331.6
2508,83.6836,842,3658.48,2023.11,16.0,21.23,339.74
2514,83.8838,764,2312.52,1290.38,20.65,26.34,544.06
2514,83.8838,770,2613.37,1382.31,14.94,17.07,255.04
2514,83.8838,771,800.3,1653.46,16.17,19.89,321.69
2514,83.8838,795,313.66,1093.83,17.94,20.06,359.99
2514,83.8838,810,1753.9,1942.6,16.46,19.77,325.4
2514,83.8838,767,455.08,1233.68,21.16,16.45,348.1
2514,83.8838,842,3661.33,2021.36,15.99,21.35,341.41
2514,83.8838,847,1026.02,1109.54,18.98,18.91,359.07
2520,84.084,764,2314.09,1291.83,20.13,25.66,516.51
2520,84.084,770,2616.37,1381.52,16.16,18.87,304.82
2520,84.084,771,800.96,1651.69,15.22,18.39,279.95
2520,84.084,795,316.34,1091.94,17.89,19.96,356.99
2520,84.084,810,1755.8,1940.87,15.78,18.81,296.91
2520,84.084,767,457.55,1233.25,21.24,16.57,352.04
2520,84.084,842,3663.98,2020.16,15.74,21.03,330.97
2520,84.084,847,1026.32,1109.04,19.34,19.23,371.88
2526,84.2842,764,2315.45,1293.48,20.46,26.16,535.27
2526,84.2842,770,2619.84,1378.45,14.3,16.33,233.6
2526,84.2842,771,801.02,1649.99,15.64,18.57,290.35
2526,84.2842,795,318.01,1089.96,17.71,19.7,348.88
2526,84.2842,810,1757.19,1939.16,15.02,17.93,269.17
2526,84.2842,767,459.06,1232.48,20.88,16.42,342.7
2526,84.2842,842,3666.58,2019.08,15.78,20.95,330.62
2526,84.2842,847,1026.41,1108.83,19.29,19.15,369.38
2532,84.4844,764,2316.94,1295.74,20.09,25.75,517.46
2532,84.4844,770,2622.22,1375.68,13.62,15.54,211.61
2532,84.4844,771,800.77,1649.19,15.48,18.09,280.05
2532,84.4844,795,319.39,1087.89,17.65,19.58,345.59
2532,84.4844,810,1758.84,1937.3,15.13,18.21,275.48
2532,84.4844,767,460.47,1231.57,20.69,16.38,338.82
2532,84.4844,842,3669.49,2017.94,15.62,20.81,324.97
2532,84.4844,847,1025.32,1108.52,17.63,17.47,307.97
2538,84.6846,764,2318.34,1297.25,20.33,26.05,529.58
2538,84.6846,770,2624.57,1373.77,13.3,15.16,201.61
2538,84.6846,771,801.1,1648.05,15.43,17.74,273.71
2538,84.6846,795,321.04,1085.6,17.91,19.83,355.14
2538,84.6846,810,1760.6,1935.71,15.0,18.04,270.53
2538,84.6846,767,462.05,1231.1,20.48,16.35,334.84
2538,84.6846,842,3671.72,2016.04,15.63,20.76,324.49
2538,84.6846,847,1025.34,1107.05,17.54,17.21,301.82
2544,84.8848,764,2319.9,1299.08,19.92,25.52,508.54
2544,84.8848,770,2627.41,1372.3,13.63,15.52,211.46
2544,84.8848,771,801.41,1646.75,15.78,17.82,281.22
2544,84.8848,795,322.42,1083.49,17.93,19.84,355.64
2544,84.8848,810,1762.27,1934.54,14.98,17.99,269.49
2544,84.8848,767,464.51,1230.84,20.99,16.95,355.65
2544,84.8848,842,3674.14,2014.35,15.55,20.69,321.82
2544,84.8848,847,1025.39,1107.16,19.42,19.07,370.37
2550,85.085,764,2321.76,1300.91,19.58,24.88,487.08
2550,85.085,770,2630.73,1371.35,14.1,16.09,226.88
2550,85.085,771,800.87,1645.52,16.24,18.14,294.64
2550,85.085,795,323.78,1081.9,18.05,19.96,360.33
2550,85.085,810,1763.96,1933.16,15.06,18.15,273.32
2550,85.085,767,466.97,1230.36,20.92,17.04,356.4
2550,85.085,842,3676.08,2012.59,15.27,20.2,308.52
2550,85.085,847,1025.24,1107.81,18.35,17.92,328.84
2556,85.2852,764,2323.34,1302.39,19.9,25.15,500.36
2556,85.2852,770,2634.06,1370.37,15.24,17.67,269.22
2556,85.2852,771,800.54,1643.99,16.54,18.31,302.73
2556,85.2852,795,325.28,1079.18,18.88,21.02,396.82
2556,85.2852,810,1765.71,1931.1,14.91,18.06,269.32
2556,85.2852,767,468.86,1229.86,20.7,17.01,352.07
2556,85.2852,842,3677.73,2010.89,15.33,20.25,310.44
2556,85.2852,847,1026.04,1106.77,19.69,19.04,374.81
2562,85.4854,764,2324.92,1304.27,20.73,26.26,544.55
2562,85.4854,770,2636.23,1369.68,16.23,18.94,307.43
2562,85.4854,771,801.05,1641.8,16.02,17.41,278.82
2562,85.4854,795,327.83,1077.05,17.99,20.05,360.72
2562,85.4854,810,1767.5,1929.13,15.14,18.41,278.6
2562,85.4854,767,470.94,1229.33,20.45,16.98,347.32
2562,85.4854,842,3679.41,2009.26,15.59,20.55,320.48
2562,85.4854,847,1026.48,1107.26,19.35,18.81,363.89
2568,85.6856,764,2326.56,1306.46,20.22,25.39,513.23
2568,85.6856,770,2637.9,1366.22,16.23,18.62,302.12
2568,85.6856,771,802.1,1640.35,16.71,17.87,298.52
2568,85.6856,795,331.41,1075.22,17.8,19.91,354.32
2568,85.6856,810,1769.36,1926.98,14.79,17.94,265.26
2568,85.6856,767,473.38,1228.91,20.15,16.91,340.74
2568,85.6856,842,3680.81,2007.28,15.56,20.45,318.09
2568,85.6856,847,1026.67,1107.44,18.65,17.98,335.31
2574,85.8858,764,2328.6,1308.56,19.88,24.61,489.07
2574,85.8858,770,2642.18,1363.9,15.11,16.84,254.49
2574,85.8858,771,802.47,1639.09,16.41,17.33,284.45
2574,85.8858,795,333.72,1074.05,17.71,19.55,346.26
2574,85.8858,810,1770.75,1924.72,14.63,17.81,260.66
2574,85.8858,767,475.58,1228.35,20.55,17.37,356.96
2574,85.8858,842,3681.93,2006.09,15.43,20.23,312.0
2574,85.8858,847,1027.45,1107.28,19.23,18.5,355.75
2580,86.086,764,2329.74,1310.27,20.47,25.31,518.18
2580,86.086,770,2644.27,1361.52,14.54,15.96,232.06
2580,86.086,795,337.07,1073.47,18.03,19.61,353.62
2580,86.086,810,1771.78,1922.62,15.18,18.55,281.56
2580,86.086,767,477.85,1227.3,21.07,17.92,377.49
2580,86.086,842,3682.52,2004.43,15.48,20.19,312.57
2580,86.086,847,1027.11,1106.73,19.83,19.01,376.95
2586,86.2862,764,2330.54,1312.02,19.93,24.36,485.66
2586,86.2862,770,2645.5,1360.01,14.28,15.63,223.34
2586,86.2862,795,338.99,1071.23,17.97,19.52,350.76
2586,86.2862,810,1772.55,1921.33,16.23,19.92,323.16
2586,86.2862,767,480.82,1226.91,21.31,18.11,385.99
2586,86.2862,842,3683.47,2002.37,15.84,20.69,327.74
2586,86.2862,847,1026.97,1106.81,19.63,18.82,369.49
2586,86.2862,771,802.61,1636.7,16.78,17.43,292.47
2592,86.4864,764,2331.47,1313.83,19.99,24.27,485.18
2592,86.4864,770,2647.04,1358.65,13.73,14.94,205.14
2592,86.4864,795,340.07,1068.46,18.39,20.14,370.36
2592,86.4864,810,1773.36,1918.76,16.81,20.52,345.0
2592,86.4864,767,483.36,1226.54,21.63,18.65,403.25
2592,86.4864,842,3683.71,1999.86,15.7,20.49,321.54
2592,86.4864,847,1027.18,1106.41,20.96,20.15,422.41
2592,86.4864,771,802.63,1635.68,17.38,17.73,308.15
2598,86.6866,764,2332.77,1315.76,20.63,24.97,515.09
2598,86.6866,770,2649.37,1356.97,14.17,15.5,219.65
2598,86.6866,795,341.84,1066.19,18.51,20.42,377.88
2598,86.6866,810,1773.9,1916.96,16.14,19.26,310.85
2598,86.6866,767,486.03,1226.53,21.3,18.6,396.09
2598,86.6866,842,3684.02,1997.91,15.79,20.55,324.51
2598,86.6866,847,1027.51,1107.64,20.06,19.21,385.26
2598,86.6866,771,802.33,1634.08,17.35,17.34,300.82
2604,86.8868,764,2334.21,1317.64,20.12,24.14,485.75
2604,86.8868,770,2651.4,1355.29,14.09,15.52,218.68
2604,86.8868,795,343.72,1064.23,18.08,19.96,360.88
2604,86.8868,810,1777.82,1914.38,16.09,18.96,305.1
2604,86.8868,767,488.72,1226.11,21.91,19.45,426.11
2604,86.8868,842,3684.04,1995.38,15.45,19.97,308.43
2604,86.8868,847,1027.89,1107.56,19.85,18.94,376.09
2604,86.8868,771,802.09,1632.06,17.35,17.05,295.73
2610,87.087,764,2335.17,1318.99,20.61,24.49,504.7
2610,87.087,770,2653.07,1353.47,14.01,15.5,217.13
2610,87.087,795,346.19,1062.16,18.13,20.13,365.01
2610,87.087,810,1779.31,1912.12,16.15,18.84,304.29
2610,87.087,767,490.77,1223.51,22.39,20.27,453.92
2610,87.087,842,3683.7,1993.42,16.18,20.91,338.19
2610,87.087,847,1028.51,1107.25,20.82,19.8,412.2
2610,87.087,771,802.22,1629.65,17.86,17.26,308.21
2616,87.2872,764,2336.24,1320.43,20.23,23.87,482.82
2616,87.2872,770,2654.77,1351.16,14.35,16.03,230.03
2616,87.2872,795,349.03,1059.62,18.14,20.31,368.41
2616,87.2872,810,1780.13,1909.56,16.03,18.62,298.41
2616,87.2872,767,492.65,1221.99,21.32,19.55,416.9
2616,87.2872,842,3683.56,1990.99,16.65,21.62,359.93
2616,87.2872,847,1028.55,1106.86,20.5,19.44,398.56
2616,87.2872,771,802.35,1627.84,17.82,17.07,304.09
2622,87.4874,764,2337.85,1322.14,20.67,24.18,499.7
2622,87.4874,770,2656.53,1348.91,13.98,15.82,221.25
2622,87.4874,795,352.17,1058.26,17.8,20.16,358.89
2622,87.4874,810,1780.88,1907.31,16.21,18.99,307.9
2622,87.4874,767,494.94,1220.92,19.8,18.31,362.57
2622,87.4874,842,3683.48,1989.04,16.32,21.2,345.98
2622,87.4874,847,1028.57,1106.48,22.29,21.27,474.05
2628,87.6876,764,2339.13,1324.19,20.56,23.92,491.82
2628,87.6876,770,2657.89,1346.63,14.14,16.1,227.63
2628,87.6876,795,354.83,1057.08,17.93,20.4,365.87
2628,87.6876,810,1781.78,1904.66,16.05,19.06,305.86
2628,87.6876,767,497.94,1219.87,19.46,18.16,353.33
2628,87.6876,842,3683.44,1987.1,16.19,20.98,339.77
2628,87.6876,847,1028.89,1106.92,20.61,19.64,404.92
2628,87.6876,771,802.93,1625.26,17.85,16.87,301.0
2634,87.8878,764,2340.36,1325.6,20.15,23.19,467.4
2634,87.8878,770,2659.02,1344.58,13.62,15.56,211.85
2634,87.8878,795,356.61,1055.37,18.2,20.85,379.5
2634,87.8878,810,1782.86,1902.31,16.08,19.37,311.56
2634,87.8878,767,500.98,1218.92,19.16,17.91,343.01
2634,87.8878,842,3683.25,1984.91,16.18,20.92,338.38
2634,87.8878,847,1029.32,1106.65,20.0,18.97,379.52
2640,88.088,764,2341.89,1326.68,20.4,23.23,473.98
2640,88.088,770,2660.81,1342.81,13.58,15.62,212.22
2640,88.088,795,358.77,1052.7,18.26,21.09,385.2
2640,88.088,810,1784.39,1900.36,15.69,19.0,298.05
2640,88.088,767,505.31,1218.08,18.79,17.47,328.42
2640,88.088,842,3683.07,1982.13,16.13,20.93,337.65
2640,88.088,847,1029.9,1107.41,21.7,20.63,447.71
2646,88.2882,764,2342.58,1328.16,20.23,22.92,463.66
2646,88.2882,770,2662.28,1341.6,13.45,15.49,208.24
2646,88.2882,795,360.32,1049.83,17.49,20.28,354.78
2646,88.2882,810,1785.18,1898.33,15.74,19.19,302.14
2646,88.2882,767,507.33,1217.61,19.1,17.89,341.72
2646,88.2882,842,3682.38,1979.47,16.26,21.09,342.94
2646,88.2882,847,1029.86,1107.51,22.4,21.34,478.14
2652,88.4884,764,2344.0,1330.06,20.54,23.15,475.6
2652,88.4884,770,2664.12,1339.83,13.57,15.68,212.8
2652,88.4884,795,362.19,1047.3,17.77,20.88,371.16
2652,88.4884,810,1786.16,1895.27,16.77,20.8,348.81
2652,88.4884,767,509.44,1216.78,18.82,17.8,334.99
2652,88.4884,842,3682.17,1977.19,15.88,20.62,327.47
2652,88.4884,847,1030.56,1107.28,21.87,20.81,454.96
2658,88.6886,764,2345.31,1332.14,21.06,23.57,496.53
2658,88.6886,770,2666.02,1337.73,13.2,15.28,201.76
2658,88.6886,795,364.6,1045.32,17.81,21.22,377.83
2658,88.6886,810,1786.84,1892.86,16.0,19.94,319.14
2658,88.6886,767,511.42,1215.52,18.84,18.13,341.59
2658,88.6886,842,3681.84,1975.29,15.55,20.09,312.39
2658,88.6886,847,1030.9,1107.48,22.05,21.11,465.49
2658,88.6886,771,801.73,1617.31,17.28,15.86,274.03
2664,88.8888,764,2347.36,1333.71,21.08,23.55,496.4
2664,88.8888,770,2667.66,1336.12,13.44,15.68,210.72
2664,88.8888,795,367.7,1044.18,17.96,21.56,387.18
2664,88.8888,810,1787.95,1890.74,15.39,19.2,295.52
2664,88.8888,767,513.96,1213.78,19.18,18.71,358.94
2664,88.8888,842,3681.86,1973.72,15.71,20.25,318.1
2664,88.8888,847,1031.04,1108.1,21.36,20.51,438.14
2670,89.089,764,2348.91,1334.97,21.22,23.58,500.45
2670,89.089,770,2669.27,1333.76,13.68,15.95,218.14
2670,89.089,795,370.36,1042.82,17.19,20.67,355.4
2670,89.089,810,1789.1,1888.68,15.49,19.36,299.97
2670,89.089,767,516.07,1212.14,18.52,18.33,339.61
2670,89.089,842,3682.06,1971.75,15.92,20.49,326.09
2670,89.089,847,1031.56,1108.22,21.49,20.62,443.13
2676,89.2892,764,2350.24,1336.93,21.01,23.23,487.94
2676,89.2892,770,2670.63,1331.42,13.11,15.23,199.58
2676,89.2892,795,372.72,1041.41,17.29,20.95,362.33
2676,89.2892,810,1790.0,1886.25,15.41,19.41,299.14
2676,89.2892,767,518.51,1211.23,18.52,18.64,345.37
2676,89.2892,842,3682.42,1969.62,16.23,20.83,338.03
2676,89.2892,847,1031.83,1108.44,22.16,21.28,471.47
2682,89.4894,764,2351.5,1338.54,20.47,22.3,456.34
2682,89.4894,770,2672.17,1329.66,12.95,15.04,194.83
2682,89.4894,795,374.81,1039.22,17.35,21.22,368.18
2682,89.4894,810,1791.36,1883.56,15.4,19.48,300.02
2682,89.4894,767,521.73,1210.33,18.85,19.26,363.18
2682,89.4894,842,3681.96,1966.67,16.05,20.57,330.2
2682,89.4894,847,1032.59,1108.38,22.36,21.45,479.75
2688,89.6896,764,2353.17,1339.89,21.09,22.77,480.13
2688,89.6896,770,2673.42,1328.29,12.6,14.53,183.06
2688,89.6896,795,376.45,1037.0,17.33,21.45,371.79
2688,89.6896,810,1792.69,1880.9,14.89,18.86,280.86
2688,89.6896,767,524.54,1209.53,18.84,19.41,365.7
2688,89.6896,842,3681.26,1964.59,15.61,19.89,310.51
2688,89.6896,847,1032.61,1108.56,22.05,21.09,464.92
2694,89.8898,764,2354.47,1341.53,21.05,22.68,477.48
2694,89.8898,770,2675.1,1326.05,12.93,14.82,191.65
2694,89.8898,795,378.48,1034.46,16.77,20.85,349.75
2694,89.8898,810,1793.72,1878.23,14.77,18.62,274.96
2694,89.8898,767,526.31,1208.56,18.5,18.88,349.24
2694,89.8898,842,3680.5,1962.08,16.09,20.43,328.75
2694,89.8898,847,1032.55,1109.6,21.32,20.44,435.62
2700,90.09,764,2355.84,1343.05,21.03,22.51,473.49
2700,90.09,770,2677.34,1323.92,13.84,15.86,219.48
2700,90.09,795,380.51,1031.49,17.31,21.62,374.41
2700,90.09,810,1794.79,1875.69,14.64,18.53,271.25
2700,90.09,767,530.07,1207.6,18.24,18.55,338.3
2700,90.09,842,3680.29,1959.75,16.17,20.39,329.84
2700,90.09,847,1033.73,1109.72,21.02,20.05,421.53
2706,90.2902,764,2357.47,1344.59,21.29,22.73,483.97
2706,90.2902,770,2678.97,1322.48,15.08,17.6,265.4
2706,90.2902,795,385.0,1029.73,17.2,21.14,363.75
2706,90.2902,810,1795.66,1872.54,14.66,18.66,273.55
2706,90.2902,767,532.12,1205.78,18.44,18.98,349.94
2706,90.2902,842,3680.03,1957.14,15.96,20.0,319.13
2706,90.2902,847,1035.0,1109.27,22.17,21.12,468.39
2706,90.2902,771,801.15,1604.94,19.64,17.81,349.83
2712,90.4904,764,2359.18,1345.49,21.5,22.86,491.57
2712,90.4904,770,2680.49,1318.77,15.8,18.8,297.08
2712,90.4904,795,387.67,1028.24,16.75,20.6,345.15
2712,90.4904,810,1796.83,1870.04,14.51,18.38,266.66
2712,90.4904,767,534.75,1203.49,18.18,19.03,346.03
2712,90.4904,842,3679.88,1954.75,15.8,19.58,309.36
2712,90.4904,847,1035.85,1109.49,22.2,21.13,469.08
2718,90.6906,764,2361.64,1347.09,21.24,22.53,478.58
2718,90.6906,770,2682.54,1316.71,15.06,18.04,271.68
2718,90.6906,795,390.09,1027.08,16.6,20.53,340.76
2718,90.6906,810,1798.44,1867.53,14.21,17.95,255.11
2718,90.6906,767,537.66,1202.22,18.32,19.47,356.83
2718,90.6906,842,3679.76,1952.5,16.0,19.71,315.36
2718,90.6906,847,1037.31,1109.4,22.24,21.15,470.52
2724,90.8908,764,2363.52,1348.3,20.94,22.02,461.05
2724,90.8908,770,2683.85,1314.77,13.86,16.3,225.83
2724,90.8908,795,392.2,1025.83,16.42,20.37,334.44
2724,90.8908,810,1799.69,1864.37,14.12,17.78,251.02
2724,90.8908,767,540.7,1201.23,19.13,20.7,396.04
2724,90.8908,842,3679.45,1949.73,16.5,20.33,335.39
2724,90.8908,847,1036.89,1109.92,21.5,20.47,440.23
2730,91.091,764,2365.0,1349.17,20.56,21.36,439.13
2730,91.091,770,2684.81,1312.21,13.74,15.73,216.21
2730,91.091,795,394.23,1023.15,16.73,20.82,348.39
2730,91.091,810,1801.05,1861.86,15.23,19.41,295.47
2730,91.091,767,543.7,1199.96,18.32,19.96,365.68
2730,91.091,842,3679.23,1946.82,16.13,19.89,320.73
2730,91.091,847,1037.05,1110.0,21.5,20.44,439.5
2730,91.091,771,802.1,1601.43,17.27,14.97,258.49
2736,91.2912,764,2366.99,1350.33,20.71,21.36,442.33
2736,91.2912,770,2685.86,1309.77,14.32,15.81,226.38
2736,91.2912,795,395.98,1020.29,16.38,20.51,335.86
2736,91.2912,810,1802.99,1859.18,15.13,18.98,287.19
2736,91.2912,767,546.43,1198.96,16.95,18.63,315.85
2736,91.2912,842,3678.7,1944.97,16.95,20.97,355.34
2736,91.2912,847,1037.54,1110.07,21.88,20.76,454.15
2736,91.2912,771,801.7,1600.25,18.24,15.37,280.45
2742,91.4914,764,2369.2,1351.38,21.0,21.5,451.43
2742,91.4914,770,2690.37,1307.8,14.34,15.6,223.81
2742,91.4914,795,398.33,1017.52,15.99,20.16,322.41
2742,91.4914,810,1804.06,1856.47,14.68,18.17,266.73
2742,91.4914,767,549.12,1197.61,17.37,19.13,332.37
2742,91.4914,842,3678.62,1941.68,16.03,19.66,315.28
2742,91.4914,847,1038.93,1109.62,22.38,21.15,473.42
2748,91.6916,764,2371.6,1352.69,21.37,21.72,464.17
2748,91.6916,770,2692.92,1306.24,14.28,15.62,223.17
2748,91.6916,795,400.57,1015.24,16.36,20.75,339.41
2748,91.6916,810,1805.24,1853.86,14.69,18.14,266.49
2748,91.6916,767,551.44,1195.63,16.81,18.44,309.94
2748,91.6916,842,3678.74,1939.07,15.82,19.31,305.63
2748,91.6916,847,1040.01,1109.3,22.84,21.61,493.76
2748,91.6916,863,1245.0,1717.85,23.61,18.81,444.12
2748,91.6916,771,801.25,1597.21,18.52,15.3,283.37
2754,91.8918,764,2373.8,1354.0,21.56,21.78,469.64
2754,91.8918,770,2695.21,1303.66,14.07,15.46,217.56
2754,91.8918,810,1806.64,1851.08,14.57,18.07,263.3
2754,91.8918,767,553.62,1193.64,16.37,18.09,296.21
2754,91.8918,842,3678.96,1936.72,15.54,18.78,291.89
2754,91.8918,847,1040.66,1110.01,21.99,20.77,456.73
2754,91.8918,863,1248.35,1718.68,22.66,18.02,408.41
2760,92.092,764,2376.23,1354.93,21.35,21.35,455.71
2760,92.092,770,2697.5,1300.63,14.18,15.68,222.29
2760,92.092,810,1807.99,1847.17,15.91,20.01,318.49
2760,92.092,767,556.39,1191.57,16.89,18.62,314.38
2760,92.092,842,3679.49,1934.09,15.29,18.24,278.81
2760,92.092,847,1041.45,1110.55,21.54,20.31,437.58
2760,92.092,795,406.44,1011.63,15.99,20.43,326.61
2760,92.092,771,801.76,1593.94,18.54,15.01,278.23
2766,92.2922,764,2378.22,1355.73,21.46,21.28,456.67
2766,92.2922,770,2699.34,1298.77,15.31,17.27,264.31
2766,92.2922,810,1809.23,1844.79,15.1,18.83,284.42
2766,92.2922,767,559.39,1189.61,16.66,18.39,306.41
2766,92.2922,842,3680.04,1931.76,15.69,18.59,291.75
2766,92.2922,847,1042.18,1110.87,21.88,20.59,450.44
2766,92.2922,795,409.35,1010.63,15.64,20.02,313.25
2766,92.2922,771,802.3,1592.53,18.67,14.77,275.72
2766,92.2922,863,1254.02,1719.62,23.43,18.62,436.26
2772,92.4924,764,2380.07,1356.48,22.02,21.77,479.37
2772,92.4924,770,2700.76,1294.62,15.97,18.43,294.26
2772,92.4924,810,1810.39,1842.62,14.57,18.1,263.73
2772,92.4924,767,562.39,1187.76,16.47,18.2,299.89
2772,92.4924,842,3679.89,1928.79,15.86,18.68,296.3
2772,92.4924,847,1043.05,1110.31,22.87,21.55,492.75
2772,92.4924,795,411.41,1008.83,15.77,20.4,321.85
2772,92.4924,863,1256.89,1719.77,22.81,18.06,411.95
2778,92.6926,764,2382.18,1357.44,21.85,21.44,468.61
2778,92.6926,770,2702.78,1292.24,14.88,17.29,257.34
2778,92.6926,810,1811.61,1839.44,14.54,18.04,262.33
2778,92.6926,767,565.61,1186.57,16.46,18.23,300.04
2778,92.6926,842,3679.32,1925.63,16.18,18.92,306.08
2778,92.6926,847,1043.78,1109.65,22.8,21.45,489.15
2778,92.6926,795,412.99,1005.92,15.73,20.49,322.22
2778,92.6926,863,1260.14,1719.98,22.55,17.75,400.31
2778,92.6926,771,802.14,1590.45,18.74,14.59,273.37
2784,92.8928,764,2384.47,1358.41,21.95,21.45,470.81
2784,92.8928,770,2704.35,1290.26,13.82,16.03,221.46
2784,92.8928,810,1812.96,1836.41,14.41,17.84,257.14
2784,92.8928,767,568.38,1185.46,16.11,17.8,286.78
2784,92.8928,842,3678.24,1922.62,16.02,18.55,297.21
2784,92.8928,847,1043.89,1109.5,22.38,21.05,471.07
2784,92.8928,863,1262.99,1720.71,23.25,18.28,424.95
2784,92.8928,771,801.68,1588.9,19.52,15.07,294.15
2790,93.093,764,2386.18,1359.72,21.94,21.38,468.94
2790,93.093,770,2705.96,1288.31,13.35,15.55,207.64
2790,93.093,810,1814.32,1834.0,14.39,17.69,254.64
2790,93.093,767,570.86,1184.25,16.28,18.12,294.93
2790,93.093,842,3677.36,1920.25,16.1,18.43,296.71
2790,93.093,847,1043.86,1109.9,21.79,20.45,445.64
2790,93.093,863,1265.96,1720.55,22.91,17.97,411.64
2790,93.093,771,801.35,1587.52,19.67,15.17,298.35
2796,93.2932,764,2388.01,1360.63,22.03,21.37,470.7
2796,93.2932,770,2707.3,1286.11,13.35,15.46,206.38
2796,93.2932,810,1815.5,1831.49,14.62,17.96,262.71
2796,93.2932,767,573.28,1182.4,16.5,18.17,299.9
2796,93.2932,842,3676.57,1918.0,16.3,18.46,300.94
2796,93.2932,847,1044.78,1110.26,21.96,20.59,452.03
2796,93.2932,863,1268.31,1720.8,23.01,17.94,412.8
2802,93.4934,764,2389.95,1361.96,21.72,20.94,454.93
2802,93.4934,770,2708.19,1283.96,13.43,15.3,205.41
2802,93.4934,810,1816.59,1828.85,14.96,18.51,276.89
2802,93.4934,767,577.3,1180.53,16.41,17.61,289.03
2802,93.4934,842,3675.94,1916.22,16.84,19.01,320.15
2802,93.4934,847,1046.09,1110.64,23.33,21.97,512.61
2802,93.4934,863,1271.05,1720.72,23.08,17.9,413.15
2802,93.4934,771,801.52,1585.06,19.39,14.87,288.36
2808,93.6936,764,2392.04,1363.25,21.65,20.72,448.67
2808,93.6936,770,2708.92,1282.15,13.77,15.33,211.14
2808,93.6936,810,1817.68,1826.26,15.3,19.09,292.09
2808,93.6936,767,579.43,1178.83,17.01,18.2,309.44
2808,93.6936,842,3675.51,1914.21,17.2,19.39,333.61
2808,93.6936,847,1047.58,1110.95,23.63,22.24,525.41
2808,93.6936,863,1273.97,1721.29,22.99,17.7,407.11
2808,93.6936,771,802.08,1583.79,19.46,14.74,286.81
2814,93.8938,764,2394.01,1364.26,21.96,20.81,456.87
2814,93.8938,770,2709.55,1279.81,14.04,15.13,212.4
2814,93.8938,810,1818.72,1822.77,15.97,20.15,321.72
2814,93.8938,767,581.97,1177.92,17.58,19.04,334.71
2814,93.8938,842,3674.64,1911.61,16.79,18.71,314.06
2814,93.8938,847,1048.15,1111.65,22.99,21.55,495.47
2814,93.8938,863,1277.55,1721.55,22.98,17.61,404.72
2814,93.8938,771,802.37,1582.51,19.58,14.62,286.27
2814,93.8938,795,427.61,994.56,16.3,21.4,348.95
2820,94.094,764,2396.32,1365.02,22.11,20.76,459.03
2820,94.094,770,2714.11,1276.98,14.7,15.65,229.95
2820,94.094,810,1819.64,1820.04,14.92,18.72,279.23
2820,94.094,767,585.74,1175.03,18.31,20.02,366.66
2820,94.094,842,3674.16,1908.77,17.25,18.94,326.65
2820,94.094,847,1048.39,1111.95,22.46,21.13,474.51
2820,94.094,863,1280.81,1721.48,22.47,17.1,384.31
2820,94.094,771,802.51,1581.28,19.67,14.51,285.44
2820,94.094,795,428.93,992.24,16.66,21.86,364.07
2826,94.2942,764,2397.93,1365.53,22.12,20.63,456.28
2826,94.2942,770,2715.98,1275.25,15.49,16.48,255.26
2826,94.2942,810,1820.31,1817.51,15.07,18.77,282.89
2826,94.2942,767,588.81,1173.16,17.08,18.81,321.34
2826,94.2942,842,3671.53,1905.88,17.77,19.19,341.06
2826,94.2942,847,1049.31,1111.64,22.58,21.31,481.36
2826,94.2942,863,1283.53,1720.97,23.67,18.04,426.96
2832,94.4944,764,2399.52,1366.15,22.15,20.47,453.51
2832,94.4944,770,2717.05,1273.83,17.0,18.42,313.22
2832,94.4944,810,1820.95,1814.83,15.41,18.94,291.71
2832,94.4944,767,591.37,1172.0,16.55,18.25,301.97
2832,94.4944,842,3669.97,1902.81,18.48,19.93,368.41
2832,94.4944,847,1050.18,1110.95,23.65,22.42,530.14
2832,94.4944,863,1285.74,1720.84,23.49,17.91,420.79
2832,94.4944,771,801.69,1578.71,19.85,14.54,288.61
2838,94.6946,764,2401.48,1366.83,22.86,21.02,480.65
2838,94.6946,770,2718.07,1269.83,16.21,17.92,290.54
2838,94.6946,810,1821.69,1812.09,15.68,18.83,295.21
2838,94.6946,767,593.86,1170.78,16.07,17.57,282.28
2838,94.6946,842,3669.27,1900.62,18.82,20.34,382.67
2838,94.6946,847,1050.65,1110.79,24.27,23.09,560.36
2838,94.6946,863,1288.73,1720.14,23.7,18.02,427.05
2838,94.6946,771,801.34,1577.74,19.88,14.47,287.59
2838,94.6946,795,435.41,983.19,16.47,21.43,352.95
2844,94.8948,764,2403.91,1368.67,23.39,21.48,502.51
2844,94.8948,770,2719.36,1267.5,14.75,16.56,244.2
2844,94.8948,810,1825.4,1809.71,15.72,18.51,291.05
2844,94.8948,767,595.93,1169.27,15.79,17.23,272.0
2844,94.8948,842,3668.86,1898.66,18.19,19.63,357.2
2844,94.8948,847,1051.35,1110.47,23.75,22.64,537.76
2844,94.8948,863,1291.33,1719.9,24.1,18.29,440.67
2844,94.8948,771,801.23,1576.67,20.42,14.8,302.17
2844,94.8948,795,437.01,980.18,16.12,21.14,340.82
2850,95.095,764,2406.3,1369.76,23.08,21.11,487.11
2850,95.095,770,2720.92,1265.2,14.08,15.89,223.69
2850,95.095,810,1827.0,1807.57,16.41,19.2,315.23
2850,95.095,767,597.79,1167.27,16.21,17.41,282.2
2850,95.095,842,3668.78,1897.11,18.86,20.46,385.73
2850,95.095,847,1052.18,1111.53,23.82,22.58,537.81
2850,95.095,863,1294.13,1719.68,23.34,17.65,411.91
2850,95.095,771,800.46,1575.69,20.15,14.49,292.06
2856,95.2952,764,2408.83,1370.91,22.87,20.86,477.13
2856,95.2952,770,2722.18,1262.78,13.42,15.13,203.15
2856,95.2952,810,1828.04,1804.99,16.48,19.31,318.18
2856,95.2952,767,601.58,1165.44,16.84,17.8,299.65
2856,95.2952,842,3668.78,1894.35,18.77,20.41,383.18
2856,95.2952,847,1054.63,1112.21,24.5,22.88,560.67
2856,95.2952,863,1296.99,1719.78,23.53,17.82,419.2
2856,95.2952,771,800.12,1574.83,20.18,14.45,291.56
2862,95.4954,764,2410.59,1371.81,22.75,20.7,471.07
2862,95.4954,770,2723.86,1260.62,13.33,15.12,201.6
2862,95.4954,810,1828.54,1802.57,16.22,19.04,309.0
2862,95.4954,767,603.8,1164.01,17.12,18.14,310.46
2862,95.4954,842,3668.36,1892.46,18.06,19.71,355.84
2862,95.4954,847,1056.06,1112.98,24.57,22.58,554.66
2862,95.4954,863,1299.16,1719.72,24.38,18.54,451.94
2862,95.4954,771,799.9,1574.36,20.46,14.58,298.3
2868,95.6956,764,2412.6,1372.7,22.45,20.22,454.04
2868,95.6956,770,2725.24,1258.46,13.44,15.34,206.15
2868,95.6956,810,1829.13,1801.11,16.85,20.11,338.87
2868,95.6956,767,605.8,1162.89,16.72,17.65,295.13
2868,95.6956,842,3667.96,1890.34,18.1,19.83,358.88
2868,95.6956,847,1056.84,1113.44,25.01,22.6,565.32
2868,95.6956,863,1301.8,1719.76,24.15,18.45,445.59
2868,95.6956,771,799.06,1574.01,19.87,14.1,280.07
2874,95.8958,764,2414.88,1373.67,22.28,19.84,442.01
2874,95.8958,770,2727.05,1256.35,13.25,15.16,200.86
2874,95.8958,810,1830.44,1798.46,16.94,20.58,348.64
2874,95.8958,767,608.23,1161.58,17.18,18.17,312.13
2874,95.8958,842,3667.76,1888.63,17.87,19.67,351.68
2874,95.8958,847,1057.59,1113.23,25.18,22.26,560.42
2874,95.8958,863,1304.7,1719.85,23.05,17.59,405.52
2874,95.8958,771,798.16,1573.33,19.97,14.1,281.5
2880,96.096,764,2417.41,1375.01,22.45,19.78,444.07
2880,96.096,770,2728.62,1254.43,13.35,15.3,204.22
2880,96.096,810,1831.5,1796.25,16.19,19.82,320.8
2880,96.096,767,610.38,1160.32,17.2,18.23,313.48
2880,96.096,842,3667.48,1886.66,18.04,19.9,359.05
2880,96.096,847,1057.83,1113.12,24.56,21.08,517.75
2880,96.096,863,1307.3,1719.68,23.34,17.84,416.51
2880,96.096,771,797.21,1572.66,20.4,14.32,292.08
2886,96.2962,764,2419.96,1376.49,22.53,19.73,444.34
2886,96.2962,770,2730.32,1252.66,13.32,15.34,204.4
2886,96.2962,810,1832.63,1794.27,16.08,19.8,318.3
2886,96.2962,767,612.14,1159.15,17.24,18.28,315.13
2886,96.2962,842,3666.88,1884.42,17.95,19.92,357.55
2886,96.2962,847,1057.89,1113.47,24.69,20.69,510.81
2886,96.2962,863,1310.02,1719.23,23.85,18.3,436.48
2886,96.2962,771,796.23,1572.07,20.26,14.22,288.1
2892,96.4964,764,2422.34,1377.63,22.63,19.67,445.29
2892,96.4964,770,2731.66,1251.32,14.05,16.11,226.25
2892,96.4964,810,1833.96,1792.46,15.57,19.37,301.66
2892,96.4964,767,613.91,1157.41,16.99,18.13,307.99
2892,96.4964,842,3667.28,1882.77,17.84,19.83,353.72
2892,96.4964,847,1058.52,1114.15,25.45,20.98,533.96
2892,96.4964,863,1311.82,1718.69,24.01,18.59,446.26
2892,96.4964,771,795.27,1571.6,20.64,14.48,298.74
2898,96.6966,764,2424.99,1378.95,22.51,19.37,436.04
2898,96.6966,810,1834.92,1790.61,15.26,19.08,291.21
2898,96.6966,767,616.13,1155.78,17.09,18.33,313.42
2898,96.6966,842,3667.57,1881.49,17.41,19.35,336.86
2898,96.6966,847,1059.08,1114.93,26.06,21.22,552.98
2898,96.6966,863,1314.43,1718.33,24.48,19.12,468.1
2898,96.6966,771,794.6,1571.04,20.79,14.56,302.75
2904,96.8968,764,2427.9,1379.94,22.18,18.83,417.71
2904,96.8968,810,1836.34,1788.21,15.46,19.55,302.22
2904,96.8968,767,618.36,1154.22,17.7,19.19,339.58
2904,96.8968,842,3668.43,1879.91,17.66,19.58,345.83
2904,96.8968,847,1059.5,1115.48,26.82,21.64,580.23
2904,96.8968,863,1317.04,1718.43,24.49,19.26,471.66
2904,96.8968,771,793.92,1570.73,21.16,14.8,313.26
2910,97.097,764,2430.75,1381.47,22.19,18.55,411.67
2910,97.097,810,1837.73,1785.75,15.34,19.62,301.08
2910,97.097,767,620.58,1153.42,18.29,20.01,365.96
2910,97.097,842,3669.22,1878.19,17.67,19.53,345.1
2910,97.097,847,1059.87,1116.27,26.7,21.28,568.15
2910,97.097,863,1320.28,1718.34,24.29,19.2,466.27
2910,97.097,771,793.53,1570.75,20.9,14.58,304.66
2910,97.097,770,2739.78,1243.58,13.28,14.92,198.16
2916,97.2972,764,2433.51,1382.14,22.32,18.48,412.45
2916,97.2972,810,1839.53,1783.75,14.86,19.2,285.28
2916,97.2972,767,622.0,1153.07,18.74,20.48,383.82
2916,97.2972,842,3669.83,1876.77,18.08,19.98,361.28
2916,97.2972,847,1060.04,1116.88,26.84,21.18,568.48
2916,97.2972,863,1323.36,1718.35,23.94,19.16,458.69
2916,97.2972,771,793.23,1571.01,21.22,14.8,314.04
2916,97.2972,770,2741.57,1241.84,13.05,14.63,190.9
2922,97.4974,764,2436.02,1382.85,22.8,18.77,427.98
2922,97.4974,810,1841.07,1782.56,14.99,19.52,292.49
2922,97.4974,767,625.93,1150.43,18.23,19.87,362.26
2922,97.4974,842,3669.98,1875.34,17.98,19.84,356.7
2922,97.4974,847,1059.87,1116.98,26.93,21.09,567.96
2922,97.4974,863,1325.52,1718.3,24.41,19.73,481.69
2922,97.4974,771,791.78,1571.46,21.62,15.01,324.61
2922,97.4974,770,2744.32,1240.03,13.61,15.34,208.69
2928,97.6976,764,2439.02,1384.2,23.42,19.14,448.09
2928,97.6976,810,1842.82,1781.31,14.62,19.14,279.95
2928,97.6976,767,627.64,1148.6,17.7,19.26,340.85
2928,97.6976,842,3670.61,1873.24,18.02,19.81,357.0
2928,97.6976,847,1060.33,1117.16,26.97,21.09,568.94
2928,97.6976,863,1327.92,1718.24,24.89,20.44,508.64
2928,97.6976,771,790.87,1571.14,21.89,15.23,333.36
2928,97.6976,770,2746.65,1238.08,13.49,15.3,206.37
2934,97.8978,764,2442.65,1385.71,23.69,19.15,453.69
2934,97.8978,810,1844.36,1779.34,14.61,19.26,281.41
2934,97.8978,767,629.25,1147.23,16.3,17.77,289.66
2934,97.8978,842,3671.46,1871.76,18.21,19.9,362.39
2934,97.8978,847,1060.74,1117.23,25.75,20.06,516.46
2934,97.8978,863,1330.59,1717.89,23.91,19.83,474.09
2934,97.8978,771,790.36,1570.77,21.96,15.34,336.82
2934,97.8978,770,2749.11,1235.99,13.34,15.21,202.9
2940,98.098,764,2445.91,1386.77,24.29,19.48,473.27
2940,98.098,810,1846.0,1777.01,14.18,18.71,265.36
2940,98.098,767,631.66,1145.71,16.05,17.56,281.88
2940,98.098,842,3672.0,1869.93,18.08,19.58,353.99
2940,98.098,847,1060.69,1117.48,26.06,20.35,530.23
2940,98.098,863,1333.55,1716.52,24.68,20.83,514.24
2940,98.098,771,789.86,1570.51,21.93,15.38,337.17
2940,98.098,770,2752.07,1233.52,13.2,15.13,199.72
2946,98.2982,764,2449.03,1387.47,24.41,19.41,473.94
2946,98.2982,810,1847.93,1775.32,13.63,17.91,244.11
2946,98.2982,767,633.81,1143.92,16.1,17.64,284.12
2946,98.2982,842,3673.07,1868.19,17.41,18.81,327.51
2946,98.2982,847,1060.59,1118.06,27.34,21.56,589.48
2946,98.2982,863,1336.1,1716.29,25.36,21.74,551.33
2946,98.2982,771,789.21,1570.4,21.73,15.29,332.2
2946,98.2982,770,2754.55,1231.29,13.42,15.39,206.53
2952,98.4984,764,2452.22,1387.92,24.95,19.71,491.75
2952,98.4984,810,1849.27,1773.61,13.95,18.38,256.39
2952,98.4984,767,635.49,1142.34,15.79,17.24,272.28
2952,98.4984,842,3674.79,1867.19,17.79,19.08,339.34
2952,98.4984,847,1061.11,1118.69,26.56,21.23,563.87
2952,98.4984,863,1339.21,1715.84,23.65,20.51,485.14
2952,98.4984,771,788.36,1570.79,21.94,15.46,339.2
2952,98.4984,770,2756.15,1229.1,13.41,15.07,202.15
2958,98.6986,764,2455.35,1388.81,25.04,19.66,492.17
2958,98.6986,810,1850.21,1771.65,13.89,18.34,254.61
2958,98.6986,767,637.65,1141.01,16.32,17.89,291.93
2958,98.6986,842,3675.64,1866.08,18.44,19.74,364.04
2958,98.6986,847,1061.67,1118.69,26.62,21.61,575.1
2958,98.6986,863,1341.37,1715.5,24.68,21.86,539.51
2958,98.6986,771,787.29,1571.48,21.62,15.26,329.9
2958,98.6986,770,2757.48,1227.51,14.53,15.95,231.75
2964,98.8988,764,2458.3,1389.73,25.0,19.48,487.08
2964,98.8988,810,1851.55,1769.49,13.94,18.51,258.07
2964,98.8988,767,639.48,1139.89,16.62,18.11,300.85
2964,98.8988,842,3675.99,1864.36,17.85,18.95,338.25
2964,98.8988,847,1062.25,1118.58,26.62,21.99,585.55
2964,98.8988,863,1344.68,1715.06,25.01,22.47,561.9
2964,98.8988,771,786.55,1571.81,21.46,15.16,325.28
2964,98.8988,770,2762.54,1226.17,16.12,17.85,287.76
2970,99.099,764,2461.32,1391.09,24.09,18.52,446.06
2970,99.099,810,1853.09,1767.84,13.93,18.42,256.65
2970,99.099,767,641.21,1138.72,16.46,17.91,294.81
2970,99.099,842,3676.62,1862.62,17.31,18.27,316.23
2970,99.099,847,1062.67,1118.12,24.9,20.79,517.86
2970,99.099,863,1346.88,1714.86,24.44,22.29,544.7
2970,99.099,771,785.63,1572.02,21.77,15.44,336.03
2970,99.099,770,2765.34,1222.42,16.34,18.53,302.92
2976,99.2992,764,2464.43,1391.61,24.24,18.52,448.87
2976,99.2992,810,1854.38,1766.62,13.95,18.42,256.93
2976,99.2992,767,642.56,1137.66,16.08,17.46,280.72
2976,99.2992,842,3676.88,1861.27,17.35,18.09,313.89
2976,99.2992,847,1062.65,1118.34,24.85,21.1,524.46
2976,99.2992,863,1349.21,1714.05,23.52,21.83,513.48
2976,99.2992,771,784.25,1572.42,21.49,15.27,328.1
2976,99.2992,770,2767.73,1220.51,15.45,17.87,276.02
2982,99.4994,764,2467.82,1392.16,24.46,18.56,454.11
2982,99.4994,810,1855.78,1764.67,14.18,18.71,265.33
2982,99.4994,767,644.38,1136.43,16.24,17.55,284.87
2982,99.4994,842,3677.72,1860.12,17.08,17.59,300.43
2982,99.4994,847,1063.38,1118.53,24.63,21.2,522.22
2982,99.4994,863,1351.39,1713.45,23.71,22.44,532.13
2982,99.4994,771,783.2,1572.4,21.29,15.11,321.64
2982,99.4994,770,2770.53,1218.67,14.07,16.31,229.4
2988,99.6996,764,2471.1,1392.39,24.88,18.73,466.04
2988,99.6996,810,1857.0,1762.64,13.99,18.4,257.47
2988,99.6996,767,645.66,1134.74,17.0,18.23,309.81
2988,99.6996,842,3678.61,1858.29,16.91,17.11,289.28
2988,99.6996,847,1064.31,1118.39,24.02,20.9,502.04
2988,99.6996,863,1353.67,1712.44,23.52,22.72,534.38
2988,99.6996,771,781.97,1572.17,21.09,14.93,314.87
2988,99.6996,770,2773.11,1216.52,13.65,15.74,214.87
2994,99.8998,764,2474.04,1392.46,24.73,18.51,457.64
2994,99.8998,810,1857.95,1760.23,13.93,18.29,254.68
2994,99.8998,767,646.77,1133.25,17.12,17.93,306.98
2994,99.8998,842,3679.1,1856.11,17.1,17.19,293.87
2994,99.8998,847,1065.54,1117.61,22.99,20.22,464.86
2994,99.8998,863,1355.89,1711.54,22.84,22.4,511.7
2994,99.8998,771,781.18,1571.9,20.99,14.86,311.91
2994,99.8998,770,2775.25,1214.01,13.08,15.05,196.78
3000,100.1,764,2476.96,1392.07,24.67,18.41,454.09
3000,100.1,810,1859.39,1758.13,14.22,18.65,265.09
3000,100.1,767,649.88,1131.95,17.01,17.59,299.23
3000,100.1,842,3680.0,1854.69,17.69,17.71,313.23
3000,100.1,847,1066.5,1117.34,22.73,20.26,460.58
3000,100.1,863,1358.6,1710.29,22.75,22.82,519.21
3000,100.1,771,780.53,1572.13,21.08,14.96,315.46
3000,100.1,770,2777.56,1210.98,13.09,15.05,196.99
3006,100.3002,764,2480.08,1392.21,24.94,18.64,465.01
3006,100.3002,810,1860.54,1755.81,14.46,18.99,274.58
3006,100.3002,767,651.81,1130.95,17.07,17.66,301.48
3006,100.3002,842,3680.42,1852.99,17.39,17.28,300.38
3006,100.3002,847,1066.85,1117.82,22.08,19.75,436.18
3006,100.3002,863,1360.81,1708.96,22.47,23.0,516.79
3006,100.3002,771,779.65,1572.42,21.01,14.91,313.34
3006,100.3002,770,2779.73,1208.67,12.84,14.44,185.45
3012,100.5004,764,2483.6,1392.91,25.1,18.76,470.83
3012,100.5004,810,1862.01,1754.01,14.82,19.5,289.0
3012,100.5004,767,653.8,1129.77,18.59,19.39,360.51
3012,100.5004,842,3681.67,1851.61,17.52,17.24,302.14
3012,100.5004,847,1068.05,1117.34,22.4,20.08,449.92
3012,100.5004,863,1363.59,1707.93,22.55,23.6,531.99
3012,100.5004,771,778.92,1573.01,20.92,14.83,310.25
3012,100.5004,770,2781.5,1206.95,13.31,14.38,191.37
3012,100.5004,878,463.53,924.0,16.18,20.43,330.58
3018,100.7006,764,2486.74,1393.94,25.74,19.35,498.12
3018,100.7006,810,1862.91,1750.94,15.29,20.34,310.91
3018,100.7006,767,655.89,1126.99,19.01,20.06,381.22
3018,100.7006,842,3682.33,1850.59,18.19,17.86,324.91
3018,100.7006,847,1069.55,1116.64,22.77,20.46,465.96
3018,100.7006,863,1365.47,1706.61,22.78,24.35,554.8
3018,100.7006,771,778.14,1573.32,21.29,15.14,322.43
3018,100.7006,770,2786.68,1205.07,13.73,14.61,200.58
3018,100.7006,878,463.49,921.35,16.79,21.18,355.56
3024,100.9008,764,2489.67,1394.23,26.04,19.72,513.7
3024,100.9008,810,1863.9,1748.98,14.45,19.04,275.09
3024,100.9008,767,657.37,1124.9,17.33,18.26,316.44
3024,100.9008,842,3682.5,1850.1,18.74,18.38,344.38
3024,100.9008,847,1070.59,1116.17,23.37,21.17,494.57
3024,100.9008,863,1366.83,1705.59,22.89,24.75,566.48
3024,100.9008,771,776.75,1573.44,21.23,15.13,321.13
3024,100.9008,770,2789.22,1203.61,14.5,15.56,225.61
3030,101.101,764,2492.65,1394.37,25.84,19.77,510.78
3030,101.101,810,1864.2,1747.52,14.04,18.3,256.95
3030,101.101,767,658.7,1123.87,16.68,17.24,287.53
3030,101.101,842,3682.66,1849.43,19.89,19.67,391.26
3030,101.101,847,1070.83,1116.67,22.55,20.5,462.26
3030,101.101,863,1369.65,1704.38,22.81,24.95,568.93
3030,101.101,771,775.15,1573.52,21.06,15.01,316.18
3030,101.101,770,2791.63,1202.41,15.74,17.29,272.12
3036,101.3012,764,2494.73,1394.27,25.93,20.06,520.14
3036,101.3012,810,1864.31,1745.62,13.98,18.16,253.81
3036,101.3012,767,659.74,1122.88,16.22,16.52,267.94
3036,101.3012,842,3682.44,1846.74,20.08,19.92,399.97
3036,101.3012,847,1071.66,1116.52,22.18,20.28,449.79
3036,101.3012,863,1371.22,1703.03,21.98,24.39,536.08
3036,101.3012,771,773.43,1573.53,20.83,14.83,308.95
3036,101.3012,770,2793.23,1198.43,16.07,18.15,291.74
3036,101.3012,878,463.59,913.89,16.53,20.9,345.51
3042,101.5014,764,2496.36,1394.37,25.44,19.84,504.67
3042,101.5014,810,1864.6,1743.3,14.05,18.06,253.85
3042,101.5014,767,661.34,1121.73,16.51,16.67,275.1
3042,101.5014,842,3681.59,1845.09,18.96,18.75,355.51
3042,101.5014,847,1072.32,1115.89,22.61,20.85,471.37
3042,101.5014,863,1372.19,1701.34,22.34,25.31,565.48
3042,101.5014,771,771.79,1573.54,21.3,15.21,324.06
3042,101.5014,770,2794.55,1195.97,14.77,16.8,248.13
3042,101.5014,878,463.62,911.21,16.66,21.06,350.82
3048,101.7016,764,2499.01,1394.52,24.84,19.49,484.05
3048,101.7016,810,1864.88,1741.36,13.93,17.65,245.75
3048,101.7016,767,663.6,1120.23,16.24,16.1,261.4
3048,101.7016,842,3681.39,1843.67,18.18,17.75,322.66
3048,101.7016,847,1073.43,1116.51,22.5,20.77,467.4
3048,101.7016,863,1373.6,1700.62,21.83,25.17,549.34
3048,101.7016,771,770.98,1573.9,21.26,15.24,323.91
3048,101.7016,770,2796.53,1193.93,13.88,15.76,218.8
3054,101.9018,764,2501.51,1394.63,24.29,19.21,466.67
3054,101.9018,810,1865.1,1739.5,14.21,17.86,253.83
3054,101.9018,767,665.81,1119.4,16.09,15.79,254.19
3054,101.9018,842,3681.01,1843.01,18.11,17.55,317.81
3054,101.9018,847,1073.9,1116.67,22.64,21.06,476.8
3054,101.9018,863,1375.17,1699.35,21.22,24.82,526.55
3054,101.9018,771,770.4,1574.73,21.43,15.38,329.55
3054,101.9018,770,2798.45,1192.0,13.82,15.83,218.79
3060,102.102,764,2504.16,1395.0,23.57,18.71,441.1
3060,102.102,810,1865.73,1737.37,14.19,17.65,250.37
3060,102.102,767,667.83,1118.81,16.08,15.52,249.66
3060,102.102,842,3680.68,1842.01,17.93,17.28,309.78
3060,102.102,847,1074.79,1117.14,22.06,20.59,454.12
3060,102.102,863,1376.75,1698.1,21.24,25.39,539.29
3060,102.102,771,769.59,1575.64,21.51,15.46,332.55
3060,102.102,770,2800.8,1190.56,13.05,14.95,194.96
3060,102.102,878,464.14,906.0,16.28,20.6,335.48
3066,102.3022,764,2506.84,1395.53,23.71,19.03,451.1
3066,102.3022,810,1865.77,1735.59,14.04,17.33,243.37
3066,102.3022,767,669.93,1117.42,16.76,15.87,265.86
3066,102.3022,842,3680.36,1841.01,18.04,17.16,309.59
3066,102.3022,847,1076.17,1116.9,22.22,20.78,461.61
3066,102.3022,863,1378.3,1696.25,20.9,25.32,529.27
3066,102.3022,771,768.84,1576.18,21.59,15.48,334.13
3066,102.3022,770,2802.9,1188.91,13.23,15.12,200.06
3066,102.3022,878,463.86,903.64,16.6,21.05,349.41
3072,102.5024,764,2509.58,1395.6,23.41,18.9,442.27
3072,102.5024,810,1865.94,1733.52,14.33,17.53,251.23
3072,102.5024,767,672.96,1116.12,17.1,15.81,270.25
3072,102.5024,842,3679.97,1839.79,18.74,17.76,332.99
3072,102.5024,847,1077.69,1116.8,22.96,21.53,494.35
3072,102.5024,863,1380.36,1693.71,19.17,23.42,448.96
3072,102.5024,771,767.28,1576.52,21.67,15.52,336.28
3072,102.5024,770,2804.54,1187.0,13.61,15.23,207.32
3072,102.5024,878,464.26,901.19,16.36,20.85,341.24
3078,102.7026,764,2512.18,1395.02,22.87,18.51,423.39
3078,102.7026,810,1866.32,1731.52,14.43,17.5,252.49
3078,102.7026,767,674.97,1115.11,16.4,14.88,243.95
3078,102.7026,842,3680.01,1838.6,18.27,17.13,312.96
3078,102.7026,847,1079.09,1116.35,23.19,21.79,505.48
3078,102.7026,863,1382.37,1691.37,17.86,21.83,389.74
3078,102.7026,771,766.51,1576.87,21.88,15.72,344.0
3078,102.7026,770,2805.82,1185.01,13.6,14.57,198.16
3084,102.9028,764,2514.52,1394.55,22.69,18.41,417.58
3084,102.9028,810,1866.41,1730.01,15.46,18.79,290.54
3084,102.9028,767,676.53,1114.28,16.79,15.17,254.72
3084,102.9028,842,3680.17,1837.42,18.32,17.0,311.55
3084,102.9028,847,1079.66,1116.21,22.99,21.59,496.55
3084,102.9028,863,1383.88,1689.7,17.88,21.71,388.09
3084,102.9028,771,766.15,1577.06,22.15,16.01,354.66
3084,102.9028,770,2810.39,1182.39,14.11,14.82,209.11
3084,102.9028,878,465.75,897.12,16.09,20.55,330.59
3090,103.103,764,2516.5,1393.94,23.64,19.34,457.28
3090,103.103,810,1866.23,1726.43,15.62,19.0,296.9
3090,103.103,767,678.6,1112.9,17.63,15.75,277.71
3090,103.103,842,3679.72,1835.78,18.67,17.22,321.49
3090,103.103,847,1080.66,1115.7,22.41,20.98,470.26
3090,103.103,863,1385.39,1686.82,16.86,20.37,343.47
3090,103.103,771,765.11,1577.56,22.8,16.68,380.31
3090,103.103,770,2812.58,1180.06,14.89,15.68,233.41
3090,103.103,878,466.1,894.4,16.33,20.91,341.53
3096,103.3032,764,2518.46,1393.9,23.45,19.29,452.28
3096,103.3032,810,1866.3,1724.22,14.67,17.7,259.76
3096,103.3032,767,680.74,1111.29,16.72,14.67,245.4
3096,103.3032,842,3678.86,1833.89,18.46,16.8,310.24
3096,103.3032,847,1081.9,1115.25,22.19,20.63,457.66
3096,103.3032,863,1387.04,1685.97,16.29,19.77,322.12
3096,103.3032,771,764.55,1578.0,23.12,17.14,396.2
3096,103.3032,770,2813.92,1178.37,16.42,17.71,290.83
3102,103.5034,764,2520.66,1394.29,22.96,18.85,432.98
3102,103.5034,810,1866.02,1722.74,14.16,16.87,238.91
3102,103.5034,767,682.55,1110.13,17.02,14.8,251.92
3102,103.5034,842,3678.21,1832.18,18.38,16.66,306.22
3102,103.5034,847,1082.83,1115.69,22.38,20.89,467.44
3102,103.5034,863,1388.19,1683.56,16.25,19.68,319.71
3102,103.5034,771,763.7,1578.7,22.33,16.77,374.46
3102,103.5034,770,2815.44,1174.21,16.21,17.95,290.89
3108,103.7036,764,2523.04,1394.12,22.7,18.52,420.31
3108,103.7036,810,1866.09,1720.37,14.0,16.56,231.76
3108,103.7036,767,684.77,1108.8,17.88,15.33,274.11
3108,103.7036,842,3678.0,1830.97,19.28,17.39,335.12
3108,103.7036,847,1084.04,1115.1,22.35,20.62,461.0
3108,103.7036,863,1388.88,1681.91,17.11,20.78,355.59
3108,103.7036,771,763.06,1579.03,22.32,16.96,378.68
3108,103.7036,770,2817.53,1171.98,15.01,16.79,251.9
3114,103.9038,764,2525.39,1393.46,22.34,18.17,405.86
3114,103.9038,810,1866.07,1718.36,14.94,17.6,262.91
3114,103.9038,767,687.12,1107.93,17.44,14.84,258.77
3114,103.9038,842,3677.85,1829.59,19.02,17.05,324.32
3114,103.9038,847,1085.61,1113.4,22.21,20.31,451.06
3114,103.9038,863,1389.7,1679.05,17.88,21.57,385.75
3114,103.9038,771,761.98,1579.88,22.7,17.53,397.74
3114,103.9038,770,2819.97,1170.4,13.86,15.51,215.06
3120,104.104,764,2527.61,1392.74,22.98,18.63,428.25
3120,104.104,810,1866.02,1716.59,14.45,16.89,244.08
3120,104.104,767,689.4,1106.54,17.46,14.65,255.75
3120,104.104,842,3677.5,1827.99,19.59,17.5,342.87
3120,104.104,847,1086.08,1113.67,22.55,20.67,466.03
3120,104.104,863,1390.3,1677.53,17.78,21.19,376.85
3120,104.104,771,760.73,1580.51,22.36,17.54,392.14
3120,104.104,770,2822.36,1168.45,13.76,15.41,211.97
3126,104.3042,764,2529.67,1392.54,23.2,18.73,434.63
3126,104.3042,810,1866.21,1714.18,14.12,16.32,230.42
3126,104.3042,767,691.66,1105.35,17.72,14.79,262.01
3126,104.3042,842,3677.46,1826.64,19.63,17.46,342.81
3126,104.3042,847,1087.58,1113.8,22.32,20.46,456.74
3126,104.3042,863,1392.94,1674.81,16.34,18.72,305.89
3126,104.3042,771,759.79,1580.94,22.41,17.88,400.65
3126,104.3042,770,2824.88,1165.92,13.42,15.12,202.87
3132,104.5044,764,2531.99,1392.21,23.04,18.45,425.12
3132,104.5044,810,1865.84,1711.47,14.3,16.46,235.24
3132,104.5044,767,693.41,1104.07,17.22,14.23,245.04
3132,104.5044,842,3677.21,1825.14,19.45,17.28,336.02
3132,104.5044,847,1088.92,1112.98,21.82,19.85,433.17
3132,104.5044,863,1393.71,1673.16,17.08,19.11,326.5
3132,104.5044,771,759.31,1581.17,22.44,18.22,408.81
3132,104.5044,770,2826.94,1163.22,13.17,14.76,194.48
3138,104.7046,764,2534.61,1391.05,25.09,20.17,506.16
3138,104.7046,810,1865.88,1709.19,14.76,16.96,250.31
3138,104.7046,767,695.52,1102.81,17.92,14.73,263.83
3138,104.7046,842,3677.36,1823.37,19.4,17.12,332.03
3138,104.7046,847,1091.2,1111.44,21.78,19.61,426.94
3138,104.7046,863,1394.73,1672.71,16.98,18.76,318.59
3138,104.7046,771,758.48,1581.78,23.14,19.3,446.61
3138,104.7046,770,2828.18,1160.51,13.15,14.46,190.25
3144,104.9048,764,2537.44,1390.58,25.7,20.71,532.19
3144,104.9048,810,1866.18,1707.38,14.76,16.88,249.14
3144,104.9048,767,698.09,1101.76,17.34,14.16,245.55
3144,104.9048,842,3677.23,1821.45,19.1,16.75,319.98
3144,104.9048,847,1092.08,1110.93,22.28,20.11,448.03
3144,104.9048,863,1396.97,1671.81,17.26,19.15,330.52
3144,104.9048,771,758.21,1582.49,24.18,20.68,499.99
3144,104.9048,770,2829.46,1157.52,13.79,14.68,202.41
3150,105.105,764,2539.75,1390.44,26.02,20.97,545.67
3150,105.105,810,1866.3,1706.31,15.49,17.81,275.9
3150,105.105,767,701.08,1100.68,17.82,14.41,256.89
3150,105.105,842,3676.46,1819.84,19.9,17.37,345.69
3150,105.105,847,1092.99,1111.11,21.8,19.53,425.74
3150,105.105,863,1398.01,1668.99,16.4,18.23,299.03
3150,105.105,771,757.47,1582.81,24.2,21.31,515.7
3150,105.105,770,2834.18,1155.6,14.93,15.74,235.08
3156,105.3052,764,2542.23,1390.46,26.31,21.21,558.0
3156,105.3052,810,1866.36,1705.39,16.56,19.27,319.12
3156,105.3052,767,703.48,1099.73,17.88,14.47,258.72
3156,105.3052,842,3676.68,1818.88,19.55,17.04,333.25
3156,105.3052,847,1094.17,1110.48,21.91,19.59,429.14
3156,105.3052,863,1398.7,1666.99,15.6,17.25,269.02
3156,105.3052,771,756.85,1584.95,23.05,20.73,477.73
3156,105.3052,770,2836.95,1154.29,16.18,17.41,281.74
3156,105.3052,878,469.4,868.19,16.98,21.92,372.12
3162,105.5054,764,2545.25,1390.33,26.1,21.0,547.94
3162,105.5054,810,1866.45,1701.97,16.03,18.66,299.19
3162,105.5054,767,705.71,1098.21,16.95,13.64,231.18
3162,105.5054,842,3677.21,1818.06,19.57,16.99,332.49
3162,105.5054,847,1096.23,1110.02,21.26,18.78,399.38
3162,105.5054,863,1399.43,1664.33,15.76,17.29,272.44
3162,105.5054,771,756.37,1585.95,22.11,20.22,447.12
3162,105.5054,770,2839.66,1150.37,16.57,18.36,304.15
3168,105.7056,764,2548.18,1389.78,25.11,20.07,504.17
3168,105.7056,810,1866.38,1700.07,14.83,17.16,254.4
3168,105.7056,767,708.36,1097.1,16.69,13.29,221.93
3168,105.7056,842,3677.09,1817.37,19.69,16.96,333.88
3168,105.7056,847,1097.57,1109.47,22.15,19.47,431.28
3168,105.7056,863,1401.35,1662.87,15.65,17.13,268.08
3168,105.7056,771,755.87,1587.27,21.0,19.5,409.5
3168,105.7056,770,2842.36,1148.08,15.27,17.15,261.84
3174,105.9058,764,2551.03,1389.54,25.49,20.24,515.86
3174,105.9058,810,1866.23,1698.51,13.95,15.85,220.98
3174,105.9058,767,710.41,1096.86,16.72,13.13,219.59
3174,105.9058,842,3676.78,1816.13,19.67,16.79,330.26
3174,105.9058,847,1099.26,1109.31,21.9,19.17,419.87
3174,105.9058,863,1401.95,1661.2,16.06,17.56,281.97
3174,105.9058,771,755.39,1588.49,20.76,19.56,406.18
3174,105.9058,770,2844.7,1146.65,13.98,15.7,219.46
3180,106.106,764,2553.93,1389.28,25.51,20.23,516.09
3180,106.106,810,1866.12,1696.45,13.82,15.48,213.93
3180,106.106,767,712.85,1095.95,16.01,12.56,201.04
3180,106.106,842,3676.91,1814.91,19.75,16.75,330.8
3180,106.106,847,1100.57,1108.9,20.68,17.9,370.28
3180,106.106,863,1402.58,1659.68,16.53,17.89,295.7
3180,106.106,771,754.77,1589.46,20.57,19.7,405.29
3180,106.106,770,2847.31,1144.39,13.68,15.46,211.49
3186,106.3062,764,2556.76,1389.25,25.36,20.06,508.67
3186,106.3062,810,1866.04,1694.67,13.95,15.36,214.24
3186,106.3062,767,714.85,1094.62,16.46,12.8,210.7
3186,106.3062,842,3677.01,1813.66,19.31,16.22,313.17
3186,106.3062,847,1101.65,1107.74,22.32,19.3,430.8
3186,106.3062,863,1403.24,1658.19,17.22,18.82,324.12
3186,106.3062,771,754.29,1590.64,20.21,19.7,398.12
3186,106.3062,770,2849.98,1141.89,13.75,15.61,214.6
3192,106.5064,764,2560.02,1388.7,25.72,20.29,521.83
3192,106.5064,810,1865.95,1692.84,13.84,14.98,207.33
3192,106.5064,767,716.69,1093.47,16.88,13.08,220.73
3192,106.5064,842,3677.34,1812.74,19.27,16.07,309.59
3192,106.5064,847,1102.4,1107.32,21.13,18.06,381.63
3192,106.5064,863,1403.48,1654.22,16.62,18.3,304.0
3192,106.5064,771,753.74,1591.97,19.85,19.7,391.23
3192,106.5064,770,2851.81,1139.39,13.54,15.17,205.31
3198,106.7066,764,2562.42,1387.99,25.98,20.42,530.57
3198,106.7066,810,1866.05,1691.18,14.25,15.11,215.34
3198,106.7066,767,717.77,1092.91,16.94,13.01,220.47
3198,106.7066,842,3676.69,1811.28,18.77,15.45,290.07
3198,106.7066,847,1103.75,1106.15,22.93,19.61,449.77
3198,106.7066,863,1403.86,1653.0,16.84,18.58,312.91
3198,106.7066,771,752.67,1593.5,19.94,20.12,401.26
3198,106.7066,770,2853.27,1137.07,13.75,14.94,205.4
3204,106.9068,764,2565.44,1387.33,26.25,20.59,540.44
3204,106.9068,810,1865.41,1689.87,14.56,15.21,221.5
3204,106.9068,767,721.3,1091.9,16.64,12.48,207.69
3204,106.9068,842,3676.66,1810.28,18.92,15.38,291.09
3204,106.9068,847,1104.89,1106.35,22.25,18.95,421.5
3204,106.9068,863,1403.95,1651.86,16.1,17.6,283.29
3204,106.9068,771,751.84,1594.94,19.31,19.82,382.83
3204,106.9068,770,2858.0,1134.55,14.07,14.88,209.4
3210,107.107,764,2568.27,1386.86,26.11,20.49,534.95
3210,107.107,810,1865.31,1688.47,14.51,14.98,217.33
3210,107.107,767,723.08,1091.23,17.37,12.99,225.67
3210,107.107,842,3677.64,1809.12,18.58,14.98,278.3
3210,107.107,847,1105.23,1106.45,21.98,18.66,410.15
3210,107.107,863,1404.49,1650.5,16.96,18.43,312.53
3210,107.107,771,751.23,1595.89,18.6,19.4,360.89
3210,107.107,770,2860.99,1132.07,14.61,15.59,227.72
3216,107.3072,764,2572.08,1385.92,26.06,20.46,533.15
3216,107.3072,810,1865.51,1686.84,14.84,15.1,224.0
3216,107.3072,767,724.61,1090.68,17.02,12.71,216.39
3216,107.3072,842,3678.92,1808.5,18.68,14.96,279.4
3216,107.3072,847,1107.63,1103.86,24.0,20.55,493.19
3216,107.3072,863,1405.55,1649.23,17.52,19.02,333.2
3216,107.3072,771,751.14,1597.19,19.03,20.16,383.6
3216,107.3072,770,2863.94,1130.52,15.81,17.24,272.51
3222,107.5074,764,2575.5,1385.12,25.52,19.98,509.79
3222,107.5074,810,1865.49,1685.21,14.99,15.0,224.87
3222,107.5074,767,726.41,1089.9,16.93,12.63,213.8
3222,107.5074,842,3679.24,1807.92,19.0,15.05,285.94
3222,107.5074,847,1109.01,1102.41,23.49,20.21,474.63
3222,107.5074,863,1405.53,1647.67,18.36,20.02,367.59
3222,107.5074,771,750.81,1598.55,18.89,20.25,382.5
3222,107.5074,770,2867.05,1126.3,16.1,18.03,290.32
3228,107.7076,764,2578.88,1384.69,25.95,20.31,526.94
3228,107.7076,810,1865.22,1683.82,15.71,15.64,245.78
3228,107.7076,767,728.09,1089.0,17.29,12.87,222.52
3228,107.7076,842,3679.26,1806.69,19.03,14.98,284.96
3228,107.7076,847,1110.11,1102.04,23.69,20.42,483.84
3228,107.7076,863,1406.03,1646.31,19.0,20.82,395.71
3228,107.7076,771,750.48,1600.03,18.77,20.45,383.94
3228,107.7076,770,2869.79,1124.0,15.08,16.96,255.67
3234,107.9078,764,2582.3,1384.21,25.9,20.36,527.3
3234,107.9078,810,1864.67,1682.73,17.15,17.11,293.4
3234,107.9078,767,729.85,1088.53,17.39,12.87,223.91
3234,107.9078,847,1110.92,1101.51,22.79,19.67,448.3
3234,107.9078,863,1406.48,1645.32,19.1,20.82,397.53
3234,107.9078,771,750.37,1601.73,18.15,19.98,362.74
3234,107.9078,770,2872.33,1122.12,13.92,15.7,218.49
3240,108.108,764,2585.35,1384.17,26.99,21.33,575.66
3240,108.108,810,1864.32,1682.23,17.87,17.87,319.23
3240,108.108,767,731.56,1088.19,17.51,12.91,226.08
3240,108.108,847,1112.58,1101.07,22.09,19.04,420.68
3240,108.108,863,1407.12,1644.4,19.3,20.94,404.02
3240,108.108,771,750.07,1604.01,18.11,20.1,363.99
3240,108.108,770,2875.01,1120.31,13.92,15.69,218.49
3240,108.108,842,3679.45,1805.56,19.1,14.98,285.97
3246,108.3082,764,2588.18,1383.72,26.54,21.03,558.2
3246,108.3082,810,1864.59,1681.9,18.38,18.58,341.5
3246,108.3082,767,733.8,1087.71,17.55,12.93,226.88
3246,108.3082,847,1114.52,1101.41,23.19,20.01,464.04
3246,108.3082,863,1407.58,1642.71,19.69,21.3,419.55
3246,108.3082,771,749.98,1606.0,18.51,20.87,386.33
3246,108.3082,770,2876.99,1117.97,14.33,15.8,226.44
3252,108.5084,764,2591.44,1382.8,25.56,20.3,518.77
3252,108.5084,810,1864.18,1678.34,18.31,18.47,338.09
3252,108.5084,767,736.09,1087.37,18.4,13.52,248.71
3252,108.5084,847,1115.59,1101.01,21.96,18.91,415.45
3252,108.5084,863,1408.13,1641.49,19.86,21.3,422.95
3252,108.5084,771,749.84,1607.12,18.84,21.65,407.74
3252,108.5084,770,2882.16,1115.51,14.19,15.28,216.83
3252,108.5084,878,470.8,827.2,16.25,21.18,344.19
3252,108.5084,842,3679.75,1804.08,19.73,15.47,305.24
3258,108.7086,764,2594.3,1382.0,25.32,19.97,505.63
3258,108.7086,810,1863.45,1676.31,17.08,17.04,290.97
3258,108.7086,767,738.48,1086.86,18.07,13.18,238.15
3258,108.7086,847,1117.54,1100.22,21.58,18.49,398.85
3258,108.7086,863,1408.66,1639.23,19.23,20.35,391.28
3258,108.7086,771,749.77,1608.99,18.52,21.6,400.17
3258,108.7086,770,2884.79,1113.02,14.14,15.16,214.46
3258,108.7086,878,470.39,824.29,16.03,21.06,337.45
3264,108.9088,764,2597.42,1380.89,25.39,20.0,507.66
3264,108.9088,810,1862.95,1675.0,15.62,15.25,238.28
3264,108.9088,767,740.63,1085.95,17.7,12.87,227.74
3264,108.9088,847,1119.84,1098.81,23.01,19.75,454.46
3264,108.9088,863,1408.92,1637.45,19.58,20.44,400.26
3264,108.9088,771,750.12,1609.82,17.97,21.25,381.74
3264,108.9088,770,2886.83,1110.3,14.03,15.12,212.14
3270,109.109,764,2600.22,1379.97,24.82,19.56,485.47
3270,109.109,810,1862.62,1673.72,15.33,14.57,223.33
3270,109.109,767,742.47,1085.35,18.72,13.49,252.53
3270,109.109,847,1120.67,1098.1,21.02,17.98,377.86
3270,109.109,863,1408.93,1635.27,19.36,20.02,387.45
3270,109.109,771,750.88,1610.94,17.33,20.58,356.67
3270,109.109,770,2889.25,1108.01,14.3,15.64,223.65
3270,109.109,842,3679.76,1802.74,21.98,17.62,387.21
3270,109.109,878,470.34,818.31,15.85,20.85,330.39
3276,109.3092,764,2603.02,1378.87,25.2,19.91,501.7
3276,109.3092,810,1861.93,1672.0,15.11,13.99,211.32
3276,109.3092,767,745.18,1085.03,18.99,13.54,257.04
3276,109.3092,847,1121.37,1096.57,21.09,18.11,381.92
3276,109.3092,863,1408.8,1632.82,19.18,19.57,375.27
3276,109.3092,771,751.1,1612.56,17.27,20.72,357.83
3276,109.3092,770,2891.82,1106.25,15.81,17.73,280.38
3276,109.3092,842,3679.87,1802.21,22.9,18.78,430.2
3276,109.3092,878,470.39,814.98,16.0,21.19,338.93
3282,109.5094,764,2606.47,1378.09,24.84,19.57,486.17
3282,109.5094,810,1861.56,1670.55,14.95,13.43,200.77
3282,109.5094,847,1124.07,1095.39,23.88,20.64,492.88
3282,109.5094,863,1408.82,1630.82,19.1,19.2,366.6
3282,109.5094,771,751.34,1614.05,17.1,20.7,353.99
3282,109.5094,770,2895.65,1103.11,14.55,16.08,233.92
3282,109.5094,878,470.41,812.16,16.15,21.47,346.74
3288,109.7096,764,2609.92,1377.23,24.33,19.07,464.01
3288,109.7096,810,1861.3,1669.16,15.59,13.74,214.11
3288,109.7096,863,1409.07,1629.13,19.51,19.43,379.2
3288,109.7096,771,751.52,1615.5,16.87,20.6,347.53
3288,109.7096,770,2897.95,1100.87,13.33,14.64,195.09
3288,109.7096,878,470.75,809.1,15.88,21.08,334.81
3288,109.7096,767,750.11,1084.07,21.07,15.17,319.57
3288,109.7096,842,3679.32,1797.89,21.92,18.27,400.47
3294,109.9098,764,2613.57,1376.62,24.99,19.51,487.49
3294,109.9098,810,1861.54,1668.17,16.01,13.94,223.09
3294,109.9098,863,1409.64,1627.87,19.24,18.89,363.55
3294,109.9098,771,752.07,1616.91,16.58,20.32,336.81
3294,109.9098,770,2901.4,1098.71,13.09,14.37,188.09
3294,109.9098,767,752.49,1084.23,20.53,14.91,306.0
3294,109.9098,842,3680.31,1796.71,20.92,17.56,367.3
3294,109.9098,847,1127.06,1093.69,23.9,20.79,496.96
3300,110.11,764,2616.77,1375.46,25.12,19.69,494.78
3300,110.11,810,1861.3,1667.13,15.95,13.63,217.29
3300,110.11,863,1411.09,1626.15,19.82,19.18,380.14
3300,110.11,771,752.45,1618.39,16.84,20.76,349.44
3300,110.11,770,2904.52,1096.23,13.75,15.29,210.26
3300,110.11,842,3681.16,1796.31,20.48,17.3,354.23
3300,110.11,847,1130.01,1091.83,26.23,23.18,607.95
3300,110.11,878,472.34,804.42,15.92,21.06,335.45
3306,110.3102,764,2619.68,1375.01,24.92,19.53,486.61
3306,110.3102,810,1860.62,1665.78,16.33,13.77,224.73
3306,110.3102,863,1411.37,1625.21,20.71,19.75,409.0
3306,110.3102,771,752.85,1619.96,16.61,20.64,342.88
3306,110.3102,770,2908.15,1093.19,13.78,15.19,209.38
3306,110.3102,842,3681.44,1796.16,20.29,17.13,347.57
3306,110.3102,878,472.71,801.72,16.03,21.29,341.3
3306,110.3102,767,757.97,1083.37,22.51,16.64,374.69
3312,110.5104,764,2623.01,1374.61,25.39,19.9,505.13
3312,110.5104,810,1860.09,1664.75,16.62,13.84,229.95
3312,110.5104,863,1411.35,1624.09,20.14,18.8,378.73
3312,110.5104,771,753.86,1622.17,16.51,20.62,340.56
3312,110.5104,770,2910.31,1090.55,13.74,15.29,210.15
3312,110.5104,842,3681.56,1795.94,19.75,16.68,329.31
3318,110.7106,764,2625.8,1374.54,24.88,19.45,483.93
3318,110.7106,810,1859.15,1664.22,16.8,13.85,232.56
3318,110.7106,863,1410.93,1622.99,20.05,18.33,367.61
3318,110.7106,771,754.37,1625.11,16.07,20.07,322.41
3318,110.7106,770,2912.11,1089.12,13.16,14.71,193.59
3318,110.7106,842,3681.71,1795.94,19.67,16.61,326.59
3318,110.7106,878,472.67,798.22,15.86,21.06,334.15
3318,110.7106,767,762.4,1083.83,21.09,15.72,331.54
3324,110.9108,764,2628.41,1374.4,24.66,19.23,474.16
3324,110.9108,810,1858.06,1663.85,17.33,14.16,245.43
3324,110.9108,863,1410.48,1622.34,20.88,18.81,392.81
3324,110.9108,771,754.39,1627.68,16.1,20.25,325.95
3324,110.9108,770,2914.25,1087.81,13.4,15.1,202.33
3324,110.9108,878,471.92,795.97,15.91,21.08,335.39
3324,110.9108,767,764.12,1084.06,20.47,15.41,315.5
3330,111.111,764,2631.27,1374.36,25.11,19.57,491.44
3330,111.111,810,1857.31,1663.49,17.49,14.19,248.15
3330,111.111,863,1409.87,1621.8,21.63,19.32,417.8
3330,111.111,771,754.5,1630.27,16.52,21.03,347.44
3330,111.111,770,2916.99,1086.39,13.18,14.84,195.62
3336,111.3112,764,2634.07,1374.51,25.44,19.9,506.32
3336,111.3112,810,1856.75,1663.17,17.74,14.34,254.4
3336,111.3112,863,1409.31,1621.13,20.74,18.22,377.86
3336,111.3112,771,754.49,1633.02,16.39,21.04,344.86
3336,111.3112,770,2919.49,1084.98,13.35,15.14,202.2
3336,111.3112,842,3680.76,1795.99,19.84,16.7,331.37
3336,111.3112,767,769.1,1084.02,20.73,15.53,321.82
3342,111.5114,764,2636.7,1374.28,25.49,19.99,509.48
3342,111.5114,810,1856.05,1662.29,17.45,14.05,245.09
3342,111.5114,863,1408.83,1619.98,21.42,18.51,396.54
3342,111.5114,771,754.79,1634.53,16.3,20.92,340.97
3342,111.5114,770,2921.97,1083.51,13.89,15.96,221.55
3348,111.7116,764,2639.69,1373.8,24.81,19.36,480.33
3348,111.7116,810,1855.15,1661.39,17.84,14.28,254.81
3348,111.7116,863,1408.02,1619.0,21.29,18.11,385.43
3348,111.7116,771,755.54,1636.01,16.18,20.89,338.0
3348,111.7116,770,2923.79,1081.97,15.73,18.31,288.02
3348,111.7116,878,471.97,787.52,16.27,21.47,349.28
3348,111.7116,767,773.96,1084.16,20.35,15.35,312.46
3354,111.9118,764,2642.36,1372.99,25.38,19.78,502.11
3354,111.9118,810,1854.09,1660.24,18.89,15.21,287.32
3354,111.9118,863,1407.89,1617.79,21.2,17.68,374.83
3354,111.9118,771,756.85,1637.9,15.82,20.54,324.86
3354,111.9118,770,2925.06,1077.95,15.49,17.85,276.44
3354,111.9118,878,471.91,785.04,15.89,20.86,331.41
3360,112.112,764,2644.73,1372.48,26.47,20.66,546.75
3360,112.112,810,1852.67,1659.2,20.58,16.81,346.04
3360,112.112,863,1407.57,1616.84,21.54,17.71,381.55
3360,112.112,771,757.53,1640.17,15.72,20.59,323.77
3360,112.112,770,2925.98,1075.59,14.85,16.58,246.2
3366,112.3122,764,2647.2,1371.73,25.51,19.99,510.1
3366,112.3122,810,1851.48,1658.44,21.8,18.19,396.38
3366,112.3122,863,1407.08,1616.09,21.8,17.67,385.28
3366,112.3122,771,758.29,1642.34,15.91,20.85,331.7
3366,112.3122,770,2930.72,1073.35,14.75,16.28,240.07
3372,112.5124,764,2649.32,1371.2,25.71,20.2,519.24
3372,112.5124,810,1850.72,1658.02,22.36,19.01,424.96
3372,112.5124,863,1406.01,1614.72,21.84,17.41,380.22
3372,112.5124,771,758.21,1644.37,15.58,20.45,318.66
3372,112.5124,770,2932.77,1071.48,14.22,15.56,221.17
3372,112.5124,900,1850.78,1653.84,17.33,19.67,340.82
3372,112.5124,767,782.56,1083.89,20.82,15.99,332.99
3378,112.7126,764,2652.21,1370.13,25.99,20.53,533.51
3378,112.7126,863,1404.85,1613.49,22.38,17.64,394.61
3378,112.7126,771,758.41,1645.69,15.51,20.44,317.02
3378,112.7126,770,2934.4,1069.83,14.25,15.82,225.48
3378,112.7126,900,1850.07,1653.44,16.7,18.87,315.05
3384,112.9128,764,2654.6,1369.55,26.16,20.8,544.3
3384,112.9128,771,759.05,1647.34,15.81,20.97,331.52
3384,112.9128,770,2936.38,1067.42,14.06,15.84,222.76
3384,112.9128,900,1849.47,1653.03,16.13,18.06,291.4
3390,113.113,764,2657.38,1368.84,27.25,21.93,597.5
3390,113.113,771,760.12,1648.98,15.54,20.78,322.85
3390,113.113,770,2938.74,1065.05,13.67,15.56,212.7
3390,113.113,900,1847.01,1652.32,15.1,16.64,251.22
3390,113.113,878,471.39,771.1,16.3,21.23,345.98
3390,113.113,767,790.2,1082.87,23.1,18.1,418.14
3390,113.113,863,1403.45,1611.25,23.85,18.77,447.66
3396,113.3132,764,2660.2,1368.44,27.68,22.65,627.13
3396,113.3132,771,761.53,1650.86,15.24,20.37,310.6
3396,113.3132,770,2940.98,1062.58,13.53,15.57,210.69
3396,113.3132,900,1846.12,1651.75,14.4,15.56,224.09
3396,113.3132,863,1402.83,1611.16,24.12,18.86,454.84
3402,113.5134,764,2662.95,1367.39,27.17,22.59,613.67
3402,113.5134,771,762.35,1653.35,15.2,20.22,307.49
3402,113.5134,770,2942.75,1060.06,13.69,16.03,219.36
3402,113.5134,900,1845.23,1650.44,14.08,14.94,210.42
3402,113.5134,863,1401.93,1610.53,23.94,18.67,446.93
3402,113.5134,767,795.08,1082.96,22.14,17.89,395.91
3408,113.7136,764,2665.66,1366.3,26.49,22.36,592.26
3408,113.7136,771,763.1,1655.0,15.82,21.21,335.48
3408,113.7136,770,2945.17,1057.05,13.57,15.89,215.58
3408,113.7136,900,1844.49,1648.48,14.16,14.75,208.82
3408,113.7136,863,1401.01,1609.97,24.7,19.32,477.12
3414,113.9138,764,2668.25,1365.05,26.81,23.04,617.66
3414,113.9138,771,763.92,1657.55,15.69,20.98,329.11
3414,113.9138,770,2946.61,1054.62,13.24,15.62,206.73
3414,113.9138,900,1843.4,1646.46,14.59,14.97,218.36
3414,113.9138,863,1400.2,1609.3,26.1,20.53,535.86
3414,113.9138,767,799.68,1082.65,22.32,18.52,413.34
3420,114.114,764,2670.94,1363.55,25.94,22.58,585.79
3420,114.114,771,764.55,1659.39,15.62,20.65,322.65
3420,114.114,770,2948.62,1052.52,13.03,15.51,202.13
3420,114.114,900,1842.99,1645.4,14.88,15.05,223.91
3420,114.114,863,1399.11,1609.13,26.3,20.85,548.24
3420,114.114,902,496.26,4.04,18.2,8.08,147.08
3420,114.114,767,801.64,1082.72,21.43,18.4,394.21
3426,114.3142,764,2673.78,1362.02,25.83,22.85,590.18
3426,114.3142,771,764.81,1660.82,15.76,20.63,325.09
3426,114.3142,770,2951.57,1049.66,12.85,15.44,198.47
3426,114.3142,900,1842.63,1644.4,15.01,14.92,223.83
3426,114.3142,863,1398.44,1606.93,26.0,20.65,536.78
3426,114.3142,902,498.31,4.31,19.34,8.62,166.79
3432,114.5144,764,2676.93,1360.47,25.81,23.28,600.87
3432,114.5144,771,765.5,1662.09,15.95,20.43,325.84
3432,114.5144,770,2954.36,1047.56,13.35,16.25,216.89
3432,114.5144,900,1841.85,1642.97,15.26,14.97,228.4
3432,114.5144,863,1397.53,1605.45,24.34,19.24,468.37
3432,114.5144,902,499.8,4.66,20.78,9.33,193.77
3432,114.5144,904,805.68,1076.63,15.97,17.26,275.62
3438,114.7146,764,2679.94,1359.08,25.54,23.52,600.68
3438,114.7146,771,765.95,1663.68,16.01,19.98,320.02
3438,114.7146,770,2957.16,1044.56,13.22,16.07,212.43
3438,114.7146,900,1841.28,1641.75,15.38,14.82,227.97
3438,114.7146,902,502.76,4.84,21.33,9.68,206.45
3438,114.7146,904,806.77,1076.63,16.0,17.27,276.34
3444,114.9148,764,2683.18,1357.92,25.42,23.89,607.25
3444,114.9148,771,769.55,1666.2,16.5,20.43,337.05
3444,114.9148,770,2959.0,1041.99,12.74,15.57,198.41
3444,114.9148,900,1840.8,1640.51,15.29,14.54,222.38
3444,114.9148,902,505.12,4.93,21.44,9.86,211.33
3444,114.9148,904,810.1,1076.23,15.33,16.46,252.28
3444,114.9148,863,1395.41,1604.07,23.5,18.39,432.11
3450,115.115,764,2685.98,1356.94,25.4,24.31,617.41
3450,115.115,771,771.21,1668.42,16.28,20.07,326.6
3450,115.115,770,2961.11,1039.39,12.57,15.43,194.02
3450,115.115,900,1839.67,1638.82,15.66,14.71,230.3
3450,115.115,902,507.47,5.35,22.94,10.69,245.28
3450,115.115,904,812.3,1076.15,15.28,16.29,248.97
3450,115.115,863,1395.02,1603.32,23.13,17.95,415.15
3456,115.3152,764,2688.97,1355.73,24.92,24.13,601.15
3456,115.3152,771,771.96,1670.0,16.16,19.89,321.45
3456,115.3152,770,2963.5,1036.71,13.11,16.24,212.98
3456,115.3152,900,1839.06,1636.95,16.33,15.2,248.14
3456,115.3152,902,510.26,5.58,23.6,11.16,263.27
3456,115.3152,863,1394.46,1602.79,24.05,18.66,448.96
3462,115.5154,764,2691.51,1353.81,24.65,24.42,601.94
3462,115.5154,771,772.39,1671.89,16.08,19.82,318.74
3462,115.5154,770,2966.31,1034.66,13.92,17.56,244.34
3462,115.5154,900,1838.61,1635.47,16.37,15.03,246.03
3462,115.5154,902,512.99,6.02,24.99,12.03,300.7
3462,115.5154,863,1393.83,1602.29,23.67,18.26,432.21
3468,115.7156,764,2694.07,1351.91,23.97,24.24,581.01
3468,115.7156,771,773.55,1673.31,16.3,20.22,329.47
3468,115.7156,770,2968.59,1030.27,14.12,18.11,255.6
3468,115.7156,900,1838.41,1634.23,16.49,14.93,246.11
3468,115.7156,902,515.84,6.65,26.94,13.3,358.34
3468,115.7156,863,1392.84,1601.83,23.34,17.86,416.88
3474,115.9158,764,2696.71,1350.44,23.82,24.6,585.85
3474,115.9158,771,775.83,1675.07,16.48,20.48,337.48
3474,115.9158,770,2970.79,1028.13,13.55,17.34,234.96
3474,115.9158,900,1838.33,1633.27,16.87,15.11,254.92
3474,115.9158,902,518.58,7.2,28.26,14.4,406.88
3474,115.9158,863,1392.07,1601.63,24.32,18.53,450.7
3474,115.9158,904,822.75,1075.96,15.31,15.98,244.62
3480,116.116,764,2699.14,1348.85,23.37,24.4,570.17
3480,116.116,771,777.99,1676.83,16.07,19.9,319.84
3480,116.116,770,2972.13,1026.76,12.77,15.9,202.96
3480,116.116,900,1837.96,1631.89,17.19,15.16,260.63
3480,116.116,902,521.31,7.83,28.72,15.06,432.39
3480,116.116,863,1391.22,1601.14,24.52,18.67,457.7
3486,116.3162,764,2701.64,1347.89,22.82,24.05,548.8
3486,116.3162,771,779.78,1678.57,16.63,20.67,343.64
3486,116.3162,770,2977.4,1024.67,13.37,16.01,214.01
3486,116.3162,900,1837.51,1630.8,17.83,15.48,275.97
3486,116.3162,902,523.72,8.72,28.56,15.39,439.38
3486,116.3162,863,1390.35,1600.91,24.09,18.33,441.61
3486,116.3162,878,471.82,729.89,16.15,21.43,346.17
3486,116.3162,904,827.94,1075.61,15.0,15.29,229.26
3492,116.5164,764,2704.1,1346.85,22.58,24.07,543.43
3492,116.5164,771,781.26,1681.5,16.23,20.16,327.28
3492,116.5164,770,2980.02,1021.95,13.41,15.72,210.88
3492,116.5164,900,1836.24,1629.08,19.29,16.92,326.39
3492,116.5164,902,525.97,9.53,28.03,15.47,433.63
3492,116.5164,863,1389.51,1600.58,24.5,18.6,455.8
3498,116.7166,764,2706.38,1345.54,22.86,24.79,566.81
3498,116.7166,771,782.42,1684.31,16.34,20.23,330.44
3498,116.7166,770,2981.38,1019.71,13.9,16.26,226.02
3498,116.7166,900,1835.31,1627.93,18.67,16.43,306.66
3498,116.7166,902,529.62,11.06,27.2,15.4,418.81
3498,116.7166,863,1388.7,1600.6,24.77,18.69,463.08
3504,116.9168,764,2708.69,1344.37,22.65,24.96,565.34
3504,116.9168,771,783.26,1686.22,16.14,19.86,320.7
3504,116.9168,770,2982.47,1017.84,13.63,16.05,218.72
3504,116.9168,900,1834.09,1627.03,18.27,16.04,293.09
3504,116.9168,902,532.47,13.15,26.68,15.57,415.53
3504,116.9168,863,1387.73,1601.0,24.15,18.1,437.18
3504,116.9168,878,471.08,722.45,15.6,20.76,323.87
3510,117.117,764,2710.46,1343.35,22.4,24.94,558.68
3510,117.117,771,784.37,1688.06,15.83,19.35,306.38
3510,117.117,770,2984.24,1015.73,13.59,16.16,219.57
3510,117.117,900,1832.91,1626.0,18.0,15.8,284.4
3510,117.117,902,535.6,14.98,26.26,15.8,415.03
3510,117.117,863,1386.61,1601.62,24.2,18.05,436.87
3510,117.117,878,471.32,720.56,16.12,21.82,351.74
3516,117.3172,764,2711.82,1341.91,22.11,24.54,542.57
3516,117.3172,771,786.05,1689.82,15.84,19.24,304.77
3516,117.3172,770,2986.16,1014.12,13.27,15.85,210.4
3516,117.3172,900,1832.21,1625.15,17.33,15.17,262.92
3516,117.3172,902,538.2,17.01,25.35,15.68,397.62
3516,117.3172,863,1385.2,1602.22,24.55,18.25,447.85
3516,117.3172,878,471.8,718.1,15.86,21.59,342.46
3522,117.5174,764,2713.73,1340.58,22.25,24.85,552.9
3522,117.5174,771,787.76,1692.28,16.1,19.44,313.08
3522,117.5174,770,2987.8,1012.15,13.26,16.03,212.69
3522,117.5174,900,1831.24,1624.43,17.51,15.32,268.33
3522,117.5174,902,540.4,18.44,24.85,15.78,392.16
3522,117.5174,863,1384.03,1602.48,24.92,18.48,460.52
3522,117.5174,878,472.24,716.51,15.55,21.07,327.62
3522,117.5174,767,842.29,1082.95,20.83,18.05,375.85
3528,117.7176,764,2715.51,1339.01,22.34,25.3,565.29
3528,117.7176,771,789.3,1695.03,16.22,19.24,312.04
3528,117.7176,770,2990.23,1010.61,14.11,17.38,245.27
3528,117.7176,900,1830.14,1623.5,17.8,15.59,277.46
3528,117.7176,902,542.79,19.24,25.0,16.32,407.9
3528,117.7176,863,1382.3,1602.8,24.68,18.24,450.25
3528,117.7176,878,472.5,714.91,15.43,21.0,323.88
3534,117.9178,764,2717.59,1338.06,22.32,25.62,571.65
3534,117.9178,771,790.29,1697.56,16.43,19.02,312.51
3534,117.9178,770,2992.77,1008.4,13.54,16.55,224.12
3534,117.9178,900,1829.08,1622.27,17.59,15.43,271.35
3534,117.9178,902,545.52,20.38,25.02,16.91,423.01
3534,117.9178,863,1381.02,1603.0,24.37,17.96,437.73
3534,117.9178,878,472.18,713.17,15.42,20.86,321.59
3540,118.118,764,2719.61,1337.29,22.0,25.41,559.03
3540,118.118,771,792.95,1699.97,16.46,18.49,304.32
3540,118.118,770,2994.48,1006.29,13.2,16.26,214.57
3540,118.118,900,1828.06,1621.12,18.11,15.92,288.4
3540,118.118,902,547.87,21.23,25.77,17.98,463.22
3540,118.118,863,1379.69,1603.7,24.78,18.38,455.46
3540,118.118,878,471.96,711.04,15.56,21.02,327.05
3546,118.3182,764,2721.53,1336.36,22.01,25.5,561.38
3546,118.3182,771,794.14,1701.81,17.17,19.0,326.13
3546,118.3182,770,2996.33,1003.84,12.76,15.85,202.22
3546,118.3182,900,1827.26,1619.92,18.17,16.02,291.11
3546,118.3182,902,550.02,24.68,26.8,19.25,515.83
3546,118.3182,863,1378.09,1604.16,24.93,18.54,462.23
3546,118.3182,878,471.57,708.63,15.25,20.56,313.67
3552,118.5184,764,2723.5,1335.28,22.21,25.86,574.26
3552,118.5184,771,795.32,1702.98,18.25,20.26,369.8
3552,118.5184,770,2998.73,1001.05,12.46,15.51,193.12
3552,118.5184,900,1826.77,1618.46,17.76,15.61,277.24
3552,118.5184,902,553.71,26.66,25.21,18.49,466.26
3552,118.5184,878,471.76,705.94,15.46,20.99,324.58
3552,118.5184,767,854.79,1083.57,19.42,16.85,327.3
3558,118.7186,764,2725.33,1333.24,22.25,26.26,584.23
3558,118.7186,771,796.67,1705.35,18.64,20.72,386.18
3558,118.7186,770,3000.53,999.19,13.23,16.65,220.2
3558,118.7186,900,1826.37,1616.83,18.37,16.13,296.25
3558,118.7186,902,556.04,27.51,23.82,17.92,426.84
3558,118.7186,767,857.01,1083.8,19.01,16.4,311.64
3564,118.9188,764,2727.02,1330.77,22.39,26.82,600.4
3564,118.9188,771,798.75,1706.74,17.93,19.82,355.46
3564,118.9188,770,3003.62,995.85,13.06,16.04,209.45
3564,118.9188,900,1826.13,1615.33,18.63,16.31,303.87
3564,118.9188,902,559.01,28.14,22.21,16.98,377.07
3564,118.9188,767,859.2,1083.43,19.69,17.15,337.63
3564,118.9188,863,1375.47,1604.77,26.44,19.82,524.13
3564,118.9188,878,473.59,701.5,15.42,20.97,323.25
3570,119.119,764,2728.87,1328.27,22.12,26.74,591.54
3570,119.119,771,801.39,1707.82,17.35,18.88,327.52
3570,119.119,770,3005.38,993.5,13.09,15.99,209.19
3570,119.119,900,1826.05,1613.62,18.94,16.57,313.7
3570,119.119,902,561.9,28.55,20.88,16.17,337.75
3570,119.119,878,474.97,699.42,15.13,20.52,310.58
3576,119.3192,764,2730.9,1325.65,21.88,26.63,582.62
3576,119.3192,771,804.02,1709.51,17.14,18.39,315.24
3576,119.3192,770,3007.5,991.15,12.66,15.56,196.98
3576,119.3192,900,1825.68,1611.73,19.54,17.05,333.16
3576,119.3192,902,565.17,29.14,20.58,16.15,332.32
3576,119.3192,878,475.78,697.58,15.19,20.46,310.85
3576,119.3192,767,865.42,1083.1,20.39,17.8,362.96
3582,119.5194,764,2733.15,1323.86,21.91,26.91,589.6
3582,119.5194,771,806.46,1711.46,17.17,18.11,310.86
3582,119.5194,770,3009.85,988.77,12.92,16.07,207.54
3582,119.5194,900,1825.41,1610.64,20.6,17.99,370.64
3582,119.5194,902,568.31,29.84,19.85,15.78,313.19
3582,119.5194,878,476.27,694.61,15.33,20.44,313.31
3582,119.5194,767,868.62,1083.14,20.26,17.73,359.19
3582,119.5194,863,1373.67,1604.73,26.13,19.9,520.04
3588,119.7196,764,2734.69,1321.9,21.82,26.92,587.19
3588,119.7196,771,809.03,1712.57,17.01,17.67,300.5
3588,119.7196,770,3011.87,987.16,13.19,16.7,220.37
3588,119.7196,900,1825.29,1607.06,21.72,19.1,414.93
3588,119.7196,902,571.52,30.74,19.76,15.86,313.38
3588,119.7196,878,476.82,691.92,14.68,18.97,278.41
3588,119.7196,767,872.24,1082.85,20.57,18.32,376.83
3594,119.9198,764,2737.53,1320.14,21.67,26.93,583.66
3594,119.9198,771,811.54,1713.39,17.01,17.42,296.4
3594,119.9198,770,3014.31,985.86,14.23,18.39,261.67
3594,119.9198,900,1825.28,1605.08,20.88,18.3,382.11
3594,119.9198,902,574.24,31.99,19.56,15.61,305.33
3594,119.9198,878,477.53,689.41,14.66,18.23,267.28
3594,119.9198,767,875.36,1082.76,20.52,18.49,379.52
3600,120.12,764,2739.6,1318.8,21.51,27.03,581.32
3600,120.12,771,813.8,1714.4,16.35,16.3,266.47
3600,120.12,770,3016.27,981.68,13.47,17.62,237.31
3600,120.12,900,1825.21,1603.76,19.65,16.99,333.97
3600,120.12,902,578.19,33.06,19.56,15.7,307.12
3600,120.12,878,480.82,686.93,15.08,18.11,273.21
3600,120.12,767,878.51,1082.98,19.96,18.06,360.36
3606,120.3202,764,2741.25,1317.17,20.68,26.06,539.08
3606,120.3202,771,817.24,1715.31,17.16,16.83,288.77
3606,120.3202,770,3017.78,978.8,12.4,16.33,202.53
3606,120.3202,900,1823.1,1601.92,19.43,16.67,324.02
3606,120.3202,902,581.48,33.89,18.67,15.05,280.96
3606,120.3202,878,482.98,684.98,14.96,17.72,265.09
3606,120.3202,767,881.32,1082.9,19.79,18.21,360.32
3606,120.3202,863,1371.15,1605.53,26.84,20.94,562.0
3612,120.5204,764,2743.07,1315.26,20.25,25.69,520.27
3612,120.5204,771,820.2,1716.83,17.1,16.48,281.87
3612,120.5204,770,3018.84,977.52,11.91,15.54,185.11
3612,120.5204,900,1822.26,1600.22,19.07,16.23,309.57
3612,120.5204,902,584.87,34.83,18.95,15.41,291.96
3612,120.5204,878,484.44,683.17,15.01,17.72,265.99
3612,120.5204,767,884.65,1082.61,20.17,18.8,379.16
3612,120.5204,917,884.32,1077.39,17.35,18.78,325.92
3618,120.7206,764,2744.23,1313.23,20.3,25.93,526.28
3618,120.7206,771,822.84,1718.53,17.54,16.7,292.84
3618,120.7206,770,3019.68,976.2,11.74,14.93,175.18
3618,120.7206,900,1822.04,1599.1,18.77,15.8,296.53
3618,120.7206,902,588.24,36.64,19.08,15.6,297.67
3618,120.7206,878,485.87,682.03,14.53,16.95,246.26
3618,120.7206,767,886.8,1082.74,20.01,18.54,371.01
3618,120.7206,917,885.93,1077.6,17.8,19.2,341.82
3618,120.7206,863,1370.26,1606.22,26.56,21.34,566.61
3624,120.9208,764,2745.02,1311.11,20.0,25.68,513.62
3624,120.9208,771,825.56,1720.19,17.55,16.53,290.09
3624,120.9208,770,3020.54,974.4,11.44,13.85,158.49
3624,120.9208,900,1821.72,1597.4,18.78,15.72,295.09
3624,120.9208,902,592.12,38.75,19.05,15.68,298.63
3624,120.9208,878,488.1,680.89,14.74,17.14,252.55
3624,120.9208,767,890.61,1083.13,19.08,17.76,338.77
3630,121.121,764,2745.51,1308.67,19.76,25.39,501.68
3630,121.121,771,827.94,1721.49,18.2,16.98,309.03
3630,121.121,770,3021.03,971.96,11.58,13.31,154.21
3630,121.121,900,1821.27,1595.27,19.24,16.18,311.21
3630,121.121,902,595.62,40.89,18.58,15.45,287.12
3630,121.121,878,489.32,679.36,14.8,17.25,255.17
3630,121.121,767,893.99,1083.01,19.21,18.0,345.68
3636,121.3212,764,2745.96,1306.96,19.54,25.0,488.55
3636,121.3212,771,830.59,1722.98,18.12,16.76,303.73
3636,121.3212,770,3021.38,970.33,12.08,13.22,159.69
3636,121.3212,900,1820.55,1593.36,18.43,15.47,285.13
3636,121.3212,902,598.99,42.97,18.53,15.45,286.31
3636,121.3212,878,490.41,677.89,14.94,17.42,260.35
3636,121.3212,767,897.49,1083.44,18.22,17.13,312.22
3636,121.3212,863,1368.74,1608.79,26.55,21.93,582.22
3642,121.5214,764,2746.88,1305.67,19.43,24.65,478.86
3642,121.5214,771,833.44,1723.56,17.88,16.32,291.69
3642,121.5214,770,3021.58,969.0,12.26,12.74,156.17
3642,121.5214,900,1820.12,1591.74,18.43,15.54,286.45
3642,121.5214,902,602.16,44.96,18.3,15.27,279.56
3642,121.5214,878,491.94,676.19,14.98,17.47,261.69
3642,121.5214,767,900.41,1083.79,17.44,16.43,286.57
3642,121.5214,863,1367.51,1609.28,25.88,21.79,563.74
3648,121.7216,764,2747.55,1304.65,19.62,24.76,485.71
3648,121.7216,771,836.45,1724.6,18.8,17.09,321.33
3648,121.7216,770,3021.56,968.14,12.98,12.98,168.45
3648,121.7216,900,1819.12,1590.27,18.29,15.43,282.31
3648,121.7216,902,605.45,46.65,18.09,15.16,274.29
3648,121.7216,878,494.18,675.46,15.0,17.61,264.21
3648,121.7216,767,902.81,1083.75,17.41,16.51,287.37
3648,121.7216,863,1366.71,1610.08,25.74,22.22,571.72
3654,121.9218,764,2748.42,1303.83,19.71,24.64,485.8
3654,121.9218,771,839.36,1726.12,18.03,16.27,293.34
3654,121.9218,770,3021.59,967.22,12.89,12.28,158.27
3654,121.9218,900,1818.34,1589.01,18.09,15.23,275.47
3654,121.9218,902,608.49,48.68,17.85,15.01,268.0
3654,121.9218,878,496.48,675.16,15.75,18.64,293.66
3654,121.9218,767,905.4,1083.89,17.18,16.23,278.89
3654,121.9218,863,1366.03,1611.46,25.19,22.28,561.25
3660,122.122,764,2748.6,1302.31,19.54,24.13,471.56
3660,122.122,771,842.17,1727.62,18.87,16.92,319.31
3660,122.122,770,3021.38,966.5,13.17,12.1,159.3
3660,122.122,900,1817.52,1588.05,18.18,15.29,278.04
3660,122.122,902,611.81,51.14,19.07,16.19,308.82
3660,122.122,878,497.74,674.75,15.81,18.92,299.02
3660,122.122,767,907.91,1084.11,16.87,15.81,266.64
3660,122.122,863,1365.23,1612.7,25.16,22.75,572.45
3666,122.3222,764,2748.83,1300.94,19.47,23.67,460.81
3666,122.3222,771,844.99,1729.52,19.02,16.96,322.53
3666,122.3222,770,3021.31,966.11,13.91,12.44,173.04
3666,122.3222,900,1816.95,1587.47,18.65,15.81,294.88
3666,122.3222,902,615.33,53.1,18.81,16.05,301.86
3666,122.3222,878,499.51,674.22,16.29,19.67,320.36
3666,122.3222,767,910.04,1084.4,16.62,15.27,253.81
3666,122.3222,863,1364.27,1613.83,24.96,23.23,580.04
3672,122.5224,764,2749.42,1299.2,19.75,23.78,469.59
3672,122.5224,771,847.9,1730.71,18.45,16.36,301.81
3672,122.5224,770,3021.6,965.98,15.0,13.11,196.63
3672,122.5224,900,1816.2,1586.66,20.14,17.28,347.97
3672,122.5224,902,619.7,55.84,18.2,15.61,283.99
3672,122.5224,878,501.32,673.19,16.36,19.95,326.42
3672,122.5224,767,914.3,1084.56,16.95,15.5,262.77
3672,122.5224,863,1364.16,1614.98,24.28,23.03,559.02
3678,122.7226,764,2750.06,1297.22,19.7,23.48,462.35
3678,122.7226,771,851.31,1731.96,18.44,16.29,300.39
3678,122.7226,770,3025.47,965.71,15.11,12.97,195.98
3678,122.7226,900,1815.38,1586.04,21.16,18.49,391.43
3678,122.7226,902,622.46,58.35,18.26,15.47,282.49
3678,122.7226,878,503.2,672.15,16.27,20.06,326.28
3678,122.7226,767,917.44,1085.97,16.47,14.84,244.43
3684,122.9228,764,2750.43,1295.63,20.04,23.75,476.03
3684,122.9228,771,854.56,1733.15,17.98,15.75,283.3
3684,122.9228,770,3027.1,965.41,15.8,13.46,212.71
3684,122.9228,900,1814.73,1582.39,20.68,18.31,378.6
3684,122.9228,902,627.0,61.17,18.31,15.62,286.07
3684,122.9228,878,505.42,671.03,16.44,20.47,336.51
3684,122.9228,767,920.82,1087.4,16.21,14.5,235.01
3684,122.9228,863,1364.39,1617.56,25.11,24.47,614.44
3690,123.123,764,2750.86,1295.01,20.12,23.57,474.22
3690,123.123,771,858.11,1734.81,18.36,16.0,293.71
3690,123.123,770,3027.79,965.05,16.13,13.7,221.12
3690,123.123,900,1814.1,1580.8,20.05,17.86,358.05
3690,123.123,902,630.71,63.58,17.83,15.26,272.03
3690,123.123,878,507.19,670.27,16.64,20.92,348.08
3690,123.123,767,923.99,1088.42,16.53,14.62,241.66
3690,123.123,863,1364.15,1619.46,24.51,24.56,602.17
3696,123.3232,764,2751.13,1294.8,20.59,23.95,493.18
3696,123.3232,771,861.4,1736.33,18.5,16.01,296.18
3696,123.3232,770,3028.19,964.92,16.52,14.08,232.58
3696,123.3232,900,1813.01,1579.99,19.24,17.15,329.96
3696,123.3232,902,633.58,65.59,17.66,15.24,269.13
3696,123.3232,878,509.15,670.13,16.88,21.47,362.43
3696,123.3232,767,926.43,1089.39,17.15,15.05,258.04
3696,123.3232,863,1363.54,1621.21,23.67,24.26,574.09
3702,123.5234,764,2751.72,1294.26,20.76,24.04,499.12
3702,123.5234,771,864.96,1737.79,18.06,15.27,275.87
3702,123.5234,770,3028.06,964.33,17.81,15.3,272.48
3702,123.5234,900,1812.03,1579.39,18.2,16.15,293.97
3702,123.5234,902,636.7,67.82,18.15,15.76,286.13
3702,123.5234,878,510.96,669.8,16.68,21.49,358.51
3702,123.5234,767,928.75,1090.28,17.62,15.47,272.51
3702,123.5234,863,1362.9,1622.35,23.67,24.75,585.83
3708,123.7236,764,2751.69,1292.91,21.07,24.31,512.19
3708,123.7236,771,867.34,1739.16,18.23,15.33,279.48
3708,123.7236,770,3028.26,963.99,17.89,15.53,277.81
3708,123.7236,900,1811.22,1579.18,17.89,15.74,281.61
3708,123.7236,902,640.32,69.39,19.61,17.41,341.43
3708,123.7236,878,512.27,669.07,16.82,21.91,368.44
3708,123.7236,767,931.26,1091.28,17.47,15.2,265.58
3708,123.7236,863,1362.58,1623.89,23.22,24.63,571.79
3714,123.9238,764,2751.73,1291.27,21.13,24.33,514.2
3714,123.9238,771,870.08,1740.56,17.99,14.98,269.45
3714,123.9238,770,3028.66,963.58,18.27,16.17,295.4
3714,123.9238,900,1810.54,1578.65,17.42,15.13,263.47
3714,123.9238,902,644.02,73.49,20.14,18.24,367.23
3714,123.9238,878,513.64,668.18,16.63,21.73,361.49
3714,123.9238,767,934.03,1092.63,17.37,14.86,258.16
3714,123.9238,863,1362.27,1625.37,22.89,24.83,568.45
3720,124.124,764,2751.56,1289.44,21.19,24.38,516.74
3720,124.124,771,872.92,1741.52,18.04,14.87,268.29
3720,124.124,770,3028.83,963.04,18.97,17.19,325.97
3720,124.124,900,1809.95,1577.86,16.52,14.06,232.37
3720,124.124,902,646.34,75.69,19.21,17.31,332.52
3720,124.124,878,514.8,666.71,15.89,20.79,330.41
3720,124.124,767,937.64,1093.3,18.33,15.58,285.53
3720,124.124,863,1361.88,1626.86,22.89,25.32,579.52
3726,124.3242,764,2751.26,1287.59,21.26,24.33,517.21
3726,124.3242,771,875.55,1741.84,17.98,14.62,262.93
3726,124.3242,770,3029.05,962.33,19.93,18.63,371.31
3726,124.3242,900,1809.14,1576.38,16.96,14.22,241.17
3726,124.3242,902,650.65,76.9,18.23,16.42,299.24
3726,124.3242,878,516.0,664.44,16.1,21.2,341.34
3726,124.3242,767,940.22,1094.27,17.98,15.17,272.76
3726,124.3242,863,1361.9,1627.94,22.22,25.02,555.89
3732,124.5244,764,2751.26,1285.66,21.54,24.64,530.58
3732,124.5244,771,878.66,1741.89,17.86,14.37,256.68
3732,124.5244,770,3029.23,958.74,19.22,18.44,354.36
3732,124.5244,900,1808.07,1574.53,17.07,14.13,241.18
3732,124.5244,902,654.29,78.39,17.58,15.97,280.76
3732,124.5244,878,517.55,661.61,16.6,21.95,364.45
3732,124.5244,767,943.17,1094.52,17.28,14.51,250.7
3732,124.5244,863,1362.28,1628.97,21.87,24.94,545.44
3738,124.7246,764,2752.04,1283.47,21.21,24.24,514.19
3738,124.7246,771,882.49,1741.88,18.22,14.52,264.55
3738,124.7246,770,3029.52,956.86,17.79,17.46,310.51
3738,124.7246,900,1807.08,1572.34,17.06,13.88,236.7
3738,124.7246,902,657.71,79.64,17.33,15.79,273.59
3738,124.7246,878,519.71,659.7,16.14,21.36,344.77
3738,124.7246,767,946.64,1094.49,17.46,14.47,252.77
3738,124.7246,863,1362.46,1629.64,21.2,24.44,518.03
3744,124.9248,764,2752.75,1281.61,21.78,24.93,542.96
3744,124.9248,771,886.15,1741.94,18.38,14.43,265.33
3744,124.9248,770,3029.82,955.21,16.68,16.75,279.47
3744,124.9248,900,1806.38,1570.32,17.17,13.83,237.47
3744,124.9248,902,661.29,80.95,17.43,15.94,277.89
3744,124.9248,878,521.95,657.86,15.99,21.2,339.03
3744,124.9248,767,950.01,1094.78,17.68,14.49,256.27
3744,124.9248,863,1362.58,1630.54,20.26,23.68,479.67
3750,125.125,764,2752.93,1279.94,21.7,24.86,539.39
3750,125.125,771,890.0,1742.11,18.35,14.25,261.47
3750,125.125,770,3030.14,953.16,15.79,16.23,256.33
3750,125.125,900,1805.52,1568.48,17.5,13.98,244.61
3750,125.125,902,665.09,82.36,16.95,15.5,262.66
3750,125.125,878,523.76,655.91,16.41,21.86,358.86
3750,125.125,767,953.17,1094.52,17.33,14.06,243.78
3750,125.125,863,1363.05,1631.21,21.14,25.07,529.97
3756,125.3252,764,2753.37,1277.78,21.36,24.44,521.93
3756,125.3252,771,893.34,1741.93,18.22,14.03,255.57
3756,125.3252,770,3030.85,951.24,15.11,15.89,240.16
3756,125.3252,900,1804.91,1566.66,17.57,13.85,243.31
3756,125.3252,902,668.76,83.75,17.08,15.56,265.72
3756,125.3252,878,524.94,653.95,16.29,21.52,350.59
3756,125.3252,767,956.66,1094.3,17.62,14.16,249.49
3756,125.3252,863,1363.48,1631.74,20.96,25.28,529.93
3762,125.5254,764,2753.74,1275.04,21.55,24.69,532.16
3762,125.5254,771,897.2,1741.51,18.94,14.56,275.81
3762,125.5254,770,3031.71,948.97,15.06,16.24,244.59
3762,125.5254,900,1804.78,1565.04,18.08,14.17,256.07
3762,125.5254,902,673.64,85.35,17.21,15.48,266.33
3762,125.5254,878,525.8,652.03,16.23,21.04,341.58
3762,125.5254,767,960.73,1094.36,17.79,13.97,248.51
3762,125.5254,863,1364.42,1632.45,20.54,25.05,514.52
3768,125.7256,764,2753.76,1271.79,20.98,24.06,504.97
3768,125.7256,771,900.58,1741.2,18.65,14.28,266.31
3768,125.7256,770,3032.94,946.55,14.48,15.93,230.61
3768,125.7256,900,1804.9,1563.98,19.15,15.05,288.15
3768,125.7256,902,676.37,86.19,16.93,15.26,258.33
3768,125.7256,878,529.26,649.53,17.02,21.77,370.61
3768,125.7256,767,963.68,1094.84,18.02,14.03,252.7
3768,125.7256,863,1365.09,1632.86,20.32,25.04,508.67
3774,125.9258,764,2753.89,1268.74,20.72,23.79,492.98
3774,125.9258,771,903.71,1740.36,19.02,14.46,275.01
3774,125.9258,770,3033.89,944.17,14.19,15.87,225.29
3774,125.9258,900,1804.08,1563.2,20.42,16.21,330.95
3774,125.9258,902,679.32,86.98,16.89,15.23,257.2
3774,125.9258,878,530.82,646.6,17.17,21.77,373.81
3774,125.9258,767,966.84,1094.8,18.0,13.88,249.84
3774,125.9258,863,1365.79,1633.64,20.74,25.83,535.68
3780,126.126,764,2754.09,1266.17,20.85,23.87,497.63
3780,126.126,771,906.92,1739.9,19.71,14.98,295.22
3780,126.126,770,3034.45,941.29,13.96,15.97,222.96
3780,126.126,900,1803.02,1559.03,22.25,17.98,400.08
3780,126.126,902,682.63,87.69,16.94,15.25,258.31
3780,126.126,878,531.68,643.6,17.31,21.91,379.32
3780,126.126,767,969.56,1094.81,18.08,13.8,249.57
3786,126.3262,764,2754.62,1263.75,20.63,23.66,488.15
3786,126.3262,771,909.86,1739.96,19.67,14.94,293.87
3786,126.3262,770,3035.28,939.35,14.45,16.97,245.2
3786,126.3262,900,1801.88,1556.71,21.39,17.27,369.41
3786,126.3262,902,685.4,88.53,17.23,15.55,267.82
3786,126.3262,878,532.43,641.23,16.73,21.21,354.9
3786,126.3262,767,972.41,1094.62,17.8,13.47,239.69
3786,126.3262,863,1366.8,1635.65,20.63,25.9,534.27
3792,126.5264,764,2755.5,1261.74,20.46,23.48,480.39
3792,126.5264,771,913.23,1740.0,19.8,14.91,295.26
3792,126.5264,770,3036.35,938.04,15.37,18.6,285.9
3792,126.5264,900,1801.31,1555.34,19.96,15.91,317.65
3792,126.5264,902,688.58,89.73,17.03,15.38,261.94
3792,126.5264,878,533.2,638.99,16.29,20.7,337.04
3792,126.5264,767,975.14,1094.43,18.03,13.6,245.19
3792,126.5264,863,1366.79,1636.96,20.22,25.66,518.9
3798,126.7266,764,2755.9,1259.36,19.85,22.7,450.7
3798,126.7266,771,915.96,1739.94,20.06,15.11,303.06
3798,126.7266,770,3037.53,934.45,15.14,18.79,284.37
3798,126.7266,900,1799.27,1554.49,18.79,14.7,276.17
3798,126.7266,902,691.53,91.17,16.67,15.11,251.8
3798,126.7266,878,533.74,636.88,16.85,21.64,364.6
3798,126.7266,767,978.07,1094.61,18.66,13.99,260.94
3804,126.9268,764,2755.96,1257.75,19.13,21.73,415.69
3804,126.9268,771,918.44,1740.31,18.91,14.16,267.8
3804,126.9268,770,3038.86,932.38,13.88,17.46,242.37
3804,126.9268,900,1797.98,1554.1,18.24,14.13,257.67
3804,126.9268,902,694.34,92.57,17.13,15.52,265.93
3804,126.9268,878,533.95,634.9,17.07,22.12,377.74
3804,126.9268,767,980.72,1094.97,18.65,13.93,259.72
3804,126.9268,863,1367.34,1639.17,19.59,24.97,489.09
3810,127.127,764,2756.33,1256.04,19.46,21.99,427.85
3810,127.127,771,921.02,1740.28,19.26,14.44,278.19
3810,127.127,770,3039.7,930.95,13.15,16.65,218.87
3810,127.127,900,1797.33,1553.76,17.93,13.76,246.78
3810,127.127,902,697.03,93.55,17.38,15.88,276.07
3810,127.127,767,982.65,1095.52,18.36,13.55,248.73
3810,127.127,863,1367.38,1640.92,19.94,25.68,511.97
3816,127.3272,764,2756.59,1254.37,19.32,21.62,417.63
3816,127.3272,771,922.86,1740.29,19.7,14.83,292.12
3816,127.3272,770,3040.93,928.8,12.15,15.5,188.28
3816,127.3272,900,1796.66,1553.55,18.38,14.07,258.66
3816,127.3272,902,698.92,94.53,16.56,15.22,252.03
3816,127.3272,767,985.25,1096.62,18.67,13.87,258.99
3816,127.3272,878,534.59,630.82,16.87,22.02,371.52
3822,127.5274,764,2757.37,1252.35,19.39,21.75,421.86
3822,127.5274,771,925.54,1740.25,19.64,14.78,290.16
3822,127.5274,770,3042.03,926.41,12.36,15.81,195.5
3822,127.5274,900,1796.24,1553.23,18.49,14.08,260.37
3822,127.5274,902,701.31,94.91,17.04,15.65,266.68
3822,127.5274,767,987.99,1097.35,18.67,13.85,258.53
3822,127.5274,878,534.14,628.17,16.55,21.75,359.8
3822,127.5274,863,1369.42,1645.03,19.62,25.16,493.73
3828,127.7276,764,2757.4,1250.6,19.31,21.72,419.44
3828,127.7276,771,927.69,1740.38,19.29,14.48,279.28
3828,127.7276,770,3042.77,924.74,12.48,15.85,197.74
3828,127.7276,900,1794.45,1552.32,18.51,14.03,259.81
3828,127.7276,902,703.82,96.32,17.12,15.76,269.75
3828,127.7276,767,990.43,1097.82,18.76,13.92,261.08
3828,127.7276,878,534.59,625.89,16.3,21.57,351.68
3828,127.7276,863,1369.86,1646.85,19.44,24.8,482.18
3834,127.9278,764,2757.93,1249.31,19.05,21.3,405.79
3834,127.9278,771,930.51,1740.7,19.48,14.61,284.63
3834,127.9278,770,3043.88,921.84,13.66,17.73,242.26
3834,127.9278,900,1792.73,1551.12,18.26,13.74,250.92
3834,127.9278,902,705.92,97.95,17.21,15.65,269.33
3834,127.9278,767,993.08,1098.16,18.52,13.78,255.26
3834,127.9278,878,535.06,624.46,16.58,22.1,366.41
3840,128.128,764,2758.67,1248.22,18.91,20.98,396.69
3840,128.128,771,933.17,1741.36,20.09,15.15,304.37
3840,128.128,770,3045.56,920.37,13.37,17.61,235.55
3840,128.128,900,1791.49,1550.03,18.23,13.65,248.88
3840,128.128,902,709.16,99.81,17.26,15.8,272.63
3840,128.128,767,995.58,1098.51,19.11,14.35,274.27
3840,128.128,878,535.54,622.23,15.8,21.14,334.02
3840,128.128,863,1370.56,1650.68,19.59,25.1,491.73
3846,128.3282,764,2759.47,1247.4,19.24,21.26,409.14
3846,128.3282,771,935.17,1741.98,19.95,14.9,297.15
3846,128.3282,770,3047.16,919.41,12.63,16.72,211.19
3846,128.3282,900,1790.71,1549.64,17.79,13.24,235.51
3846,128.3282,902,712.14,101.56,17.04,15.65,266.75
3846,128.3282,767,998.07,1099.12,19.09,14.48,276.31
3846,128.3282,878,535.68,620.14,16.09,21.54,346.52
3852,128.5284,764,2760.08,1246.16,18.77,20.62,387.14
3852,128.5284,771,938.37,1742.47,20.27,15.25,309.09
3852,128.5284,770,3048.83,918.19,12.29,16.27,199.95
3852,128.5284,900,1789.81,1549.65,18.21,13.42,244.34
3852,128.5284,902,714.73,102.96,17.06,15.78,269.15
3852,128.5284,767,1001.2,1099.67,19.68,15.15,298.24
3852,128.5284,878,535.86,618.29,15.88,21.33,338.67
3858,128.7286,764,2760.46,1244.77,18.89,20.74,391.67
3858,128.7286,771,941.48,1742.42,19.41,14.58,282.94
3858,128.7286,770,3050.07,916.32,11.85,15.78,186.95
3858,128.7286,900,1788.8,1549.8,18.25,13.35,243.53
3858,128.7286,902,717.0,104.02,17.31,16.01,277.15
3858,128.7286,767,1003.66,1100.09,20.14,15.85,319.13
3858,128.7286,878,536.21,616.74,15.63,21.01,328.34
3864,128.9288,764,2761.33,1243.94,19.97,21.88,436.76
3864,128.9288,771,943.91,1742.35,19.55,14.67,286.75
3864,128.9288,770,3051.25,914.08,11.88,15.86,188.41
3864,128.9288,900,1788.1,1549.77,18.58,13.52,251.26
3864,128.9288,902,718.45,105.02,17.46,15.95,278.54
3864,128.9288,767,1005.53,1100.62,21.08,16.88,355.82
3864,128.9288,878,536.47,614.52,15.61,20.98,327.6
3870,129.129,764,2761.81,1242.56,19.48,21.15,411.86
3870,129.129,771,946.38,1742.09,19.82,14.92,295.71
3870,129.129,770,3052.08,911.69,11.59,15.48,179.33
3870,129.129,900,1787.31,1549.59,18.82,13.68,257.59
3870,129.129,902,722.12,105.96,17.69,16.07,284.32
3870,129.129,767,1009.06,1100.92,21.71,17.48,379.56
3870,129.129,878,536.68,611.73,15.86,21.39,339.21
3876,129.3292,764,2762.18,1241.12,19.63,21.12,414.63
3876,129.3292,771,948.39,1742.17,19.74,14.88,293.72
3876,129.3292,770,3052.71,909.79,11.89,15.92,189.27
3876,129.3292,900,1785.67,1549.26,19.18,13.95,267.48
3876,129.3292,902,724.53,108.02,17.31,15.79,273.38
3876,129.3292,767,1011.2,1101.35,22.36,18.37,410.81
3876,129.3292,878,536.71,609.52,15.52,20.95,325.23
3882,129.5294,764,2762.7,1239.33,19.14,20.39,390.21
3882,129.5294,771,951.24,1742.21,20.16,15.16,305.67
3882,129.5294,770,3053.58,907.46,11.7,15.74,184.22
3882,129.5294,900,1784.25,1548.33,18.9,13.66,258.13
3882,129.5294,902,726.79,109.68,17.12,15.74,269.42
3882,129.5294,767,1013.05,1101.69,22.64,19.07,431.65
3882,129.5294,878,537.02,607.36,15.93,21.51,342.6
3882,129.5294,936,1012.21,1105.92,17.84,20.17,359.82
3888,129.7296,764,2762.87,1237.77,19.17,20.36,390.45
3888,129.7296,771,953.82,1742.59,19.61,14.74,289.08
3888,129.7296,770,3054.53,905.62,11.85,16.0,189.72
3888,129.7296,900,1782.53,1547.58,19.02,13.76,261.61
3888,129.7296,902,729.15,111.35,17.0,15.68,266.55
3888,129.7296,767,1014.77,1101.91,22.67,19.55,443.1
3888,129.7296,878,536.8,605.68,15.51,21.0,325.66
3888,129.7296,936,1013.76,1106.24,17.29,19.53,337.68
3894,129.9298,764,2763.36,1236.16,19.33,20.49,396.12
3894,129.9298,771,956.04,1742.74,20.49,15.48,317.28
3894,129.9298,770,3055.51,903.8,11.76,15.9,187.02
3894,129.9298,900,1781.65,1547.06,19.09,13.8,263.44
3894,129.9298,902,731.18,112.68,17.16,15.88,272.57
3894,129.9298,767,1016.63,1102.26,22.93,20.28,464.87
3894,129.9298,878,536.48,603.39,15.57,21.13,328.88
3894,129.9298,936,1015.87,1106.36,17.09,19.28,329.5
3900,130.13,764,2763.77,1234.96,19.72,20.92,412.47
3900,130.13,771,957.87,1742.8,20.88,15.83,330.65
3900,130.13,770,3057.17,901.4,11.95,16.2,193.66
3900,130.13,900,1780.19,1547.33,19.04,13.73,261.49
3900,130.13,902,732.92,113.46,17.3,16.07,277.98
3900,130.13,767,1020.06,1104.23,19.97,17.11,341.73
3900,130.13,878,535.94,601.21,15.78,21.54,340.04
3900,130.13,936,1018.11,1106.69,16.57,18.62,308.46
3906,130.3302,764,2764.43,1233.59,19.82,20.86,413.36
3906,130.3302,771,959.4,1742.57,20.35,15.28,310.87
3906,130.3302,770,3058.24,898.52,11.9,16.15,192.22
3906,130.3302,900,1778.65,1547.45,19.18,13.8,264.63
3906,130.3302,902,734.15,113.81,17.02,15.85,269.79
3906,130.3302,878,535.28,598.63,15.53,21.24,329.83
3906,130.3302,936,1019.92,1107.15,15.88,17.71,281.11
3912,130.5304,764,2764.83,1232.52,19.91,20.81,414.33
3912,130.5304,771,961.68,1741.99,20.18,15.07,304.0
3912,130.5304,770,3058.55,895.62,11.71,15.86,185.62
3912,130.5304,900,1777.36,1547.07,19.13,13.58,259.71
3912,130.5304,902,735.76,114.38,17.15,15.98,274.01
3912,130.5304,878,534.58,595.65,15.64,21.41,335.01
3912,130.5304,936,1021.87,1106.76,14.49,15.77,228.59
3918,130.7306,764,2765.32,1230.98,19.94,20.58,410.25
3918,130.7306,771,963.78,1741.65,20.35,15.23,309.92
3918,130.7306,770,3059.47,892.82,11.83,16.1,190.57
3918,130.7306,900,1775.09,1546.56,19.33,13.59,262.66
3918,130.7306,902,737.31,114.81,16.8,15.68,263.38
3918,130.7306,878,533.92,592.58,15.63,21.42,334.76
3918,130.7306,936,1023.02,1106.71,14.1,15.03,211.88
3924,130.9308,764,2765.72,1229.06,20.59,21.1,434.39
3924,130.9308,771,965.98,1741.24,20.31,15.25,309.68
3924,130.9308,770,3060.69,890.58,12.91,17.9,231.14
3924,130.9308,900,1773.85,1545.88,20.29,14.32,290.6
3924,130.9308,902,739.56,115.77,17.07,15.89,271.3
3924,130.9308,878,533.85,589.38,15.61,21.46,334.97
3924,130.9308,936,1024.6,1106.95,14.19,14.81,210.21
3930,131.131,764,2766.15,1227.15,20.81,21.16,440.48
3930,131.131,771,967.85,1740.99,20.13,15.09,303.8
3930,131.131,770,3062.21,886.37,13.01,18.33,238.4
3930,131.131,900,1772.54,1545.22,20.14,14.23,286.65
3930,131.131,902,741.18,116.2,17.06,15.82,269.86
3930,131.131,878,533.51,586.67,15.61,21.49,335.48
3930,131.131,936,1026.21,1107.05,15.67,16.11,252.37
3936,131.3312,764,2766.65,1225.71,20.7,20.82,430.93
3936,131.3312,771,969.98,1741.03,20.27,15.16,307.25
3936,131.3312,770,3063.52,884.15,12.24,17.27,211.27
3936,131.3312,900,1770.63,1544.86,20.4,14.49,295.52
3936,131.3312,902,741.96,116.53,17.55,16.19,284.23
3936,131.3312,878,532.96,584.16,15.41,21.23,327.16
3936,131.3312,936,1028.17,1107.53,16.19,16.36,264.81
3942,131.5314,764,2767.15,1224.79,21.5,21.47,461.74
3942,131.5314,771,971.82,1741.0,20.45,15.34,313.78
3942,131.5314,770,3064.84,882.62,11.82,16.65,196.76
3942,131.5314,900,1769.43,1544.73,20.03,14.28,285.94
3942,131.5314,902,745.17,117.14,18.9,17.36,328.24
3942,131.5314,878,532.21,581.66,15.39,21.07,324.28
3942,131.5314,936,1030.15,1108.21,16.42,16.31,267.76
3948,131.7316,764,2767.17,1223.22,22.18,22.12,490.75
3948,131.7316,771,973.65,1740.89,20.52,15.42,316.35
3948,131.7316,770,3065.75,880.45,11.43,16.08,183.69
3948,131.7316,900,1768.04,1544.93,19.62,14.03,275.12
3948,131.7316,902,747.1,117.56,19.62,18.22,357.53
3948,131.7316,878,531.43,579.02,15.42,20.77,320.34
3948,131.7316,936,1031.82,1108.96,16.61,16.32,271.09
3954,131.9318,764,2767.15,1222.04,22.31,22.18,494.72
3954,131.9318,771,975.67,1740.51,21.08,15.91,335.48
3954,131.9318,770,3066.44,877.56,11.49,16.03,184.21
3954,131.9318,900,1766.35,1544.86,19.76,14.12,278.96
3954,131.9318,902,748.46,118.08,20.38,19.31,393.6
3954,131.9318,878,531.05,576.76,16.28,21.74,353.91
3954,131.9318,936,1033.96,1110.07,17.24,16.66,287.2
3960,132.132,764,2767.71,1221.12,22.51,22.29,501.79
3960,132.132,771,978.33,1739.89,21.02,15.95,335.21
3960,132.132,770,3067.1,874.8,11.57,15.8,182.83
3960,132.132,900,1764.77,1544.49,19.88,14.24,283.07
3960,132.132,902,750.26,121.1,20.15,19.39,390.7
3960,132.132,878,530.92,573.44,15.94,20.94,333.81
3960,132.132,936,1036.19,1110.78,17.13,16.23,277.99
3966,132.3322,764,2768.67,1219.91,22.71,22.36,507.78
3966,132.3322,771,981.51,1738.74,20.96,15.96,334.63
3966,132.3322,770,3067.69,871.52,11.9,15.81,188.08
3966,132.3322,900,1763.57,1543.83,19.18,13.75,263.68
3966,132.3322,902,752.84,122.36,19.74,19.24,379.66
3966,132.3322,878,530.91,569.79,16.09,20.88,335.95
3966,132.3322,936,1038.2,1110.89,16.94,15.79,267.51
3972,132.5324,764,2768.72,1218.11,22.3,21.82,486.61
3972,132.5324,771,983.14,1738.42,20.89,15.84,331.01
3972,132.5324,770,3068.02,868.5,12.19,15.74,191.9
3972,132.5324,900,1762.11,1543.21,18.98,13.61,258.26
3972,132.5324,902,755.03,123.27,18.6,18.25,339.46
3972,132.5324,878,530.8,566.77,16.05,20.51,329.18
3972,132.5324,936,1040.33,1111.13,16.8,15.41,258.8
3978,132.7326,764,2768.45,1216.0,22.49,21.81,490.43
3978,132.7326,771,985.86,1737.89,20.91,15.93,333.08
3978,132.7326,770,3068.42,866.66,13.53,17.18,232.59
3978,132.7326,900,1760.84,1542.56,18.99,13.6,258.14
3978,132.7326,902,756.93,123.8,17.64,17.39,306.88
3978,132.7326,878,530.93,564.65,16.63,21.12,351.13
3984,132.9328,764,2768.07,1214.4,22.85,21.91,500.74
3984,132.9328,771,988.18,1737.97,20.75,15.93,330.56
3984,132.9328,770,3068.88,862.56,14.84,18.6,276.0
3984,132.9328,900,1759.43,1542.58,19.32,13.81,266.78
3984,132.9328,902,758.94,124.49,16.45,16.09,264.81
3984,132.9328,878,531.09,562.35,16.57,20.91,346.39
3984,132.9328,936,1044.93,1113.0,17.43,15.74,274.34
3990,133.133,764,2768.3,1213.26,23.12,21.93,507.05
3990,133.133,771,990.82,1737.65,21.19,16.41,347.69
3990,133.133,770,3073.29,860.52,14.8,18.16,268.76
3990,133.133,900,1758.37,1543.08,19.63,14.07,276.26
3990,133.133,902,761.56,125.6,16.42,16.04,263.47
3990,133.133,878,531.07,559.75,17.05,21.45,365.7
3996,133.3332,764,2768.11,1212.97,23.12,21.74,502.76
3996,133.3332,771,993.39,1737.21,21.37,16.71,357.1
3996,133.3332,770,3075.06,859.2,14.01,16.66,233.51
3996,133.3332,900,1757.46,1543.4,19.72,14.2,280.03
3996,133.3332,902,764.09,127.27,16.74,16.39,274.5
3996,133.3332,878,530.82,557.32,17.03,21.22,361.41
3996,133.3332,936,1050.61,1115.62,17.47,15.6,272.55
4002,133.5334,764,2768.95,1212.65,23.23,21.65,502.83
4002,133.5334,771,996.63,1736.23,21.29,16.88,359.27
4002,133.5334,770,3075.82,856.77,14.07,16.36,230.16
4002,133.5334,900,1756.17,1543.47,19.93,14.39,286.75
4002,133.5334,902,765.95,128.81,16.62,15.94,264.82
4002,133.5334,878,531.07,555.08,16.57,20.49,339.49
4002,133.5334,936,1053.18,1116.82,17.92,15.91,285.09
4008,133.7336,764,2769.39,1212.05,23.77,22.0,522.74
4008,133.7336,771,999.91,1735.4,21.45,17.27,370.58
4008,133.7336,770,3076.17,854.94,14.16,16.18,229.03
4008,133.7336,900,1754.8,1543.48,20.09,14.55,292.26
4008,133.7336,902,770.33,131.02,16.67,15.94,265.78
4008,133.7336,878,531.39,553.01,17.24,21.43,369.51
4008,133.7336,936,1056.61,1117.6,18.46,16.09,297.0
4014,133.9338,764,2768.72,1210.63,23.31,21.29,496.27
4014,133.9338,771,1003.18,1734.81,21.58,17.66,381.03
4014,133.9338,770,3076.67,852.88,14.1,15.97,225.15
4014,133.9338,900,1753.66,1543.37,19.88,14.33,284.95
4014,133.9338,902,773.36,133.09,16.43,15.78,259.26
4014,133.9338,878,531.75,550.61,17.45,21.88,381.88
4014,133.9338,936,1059.15,1118.59,18.81,16.36,307.75
4020,134.134,764,2768.15,1208.99,23.97,21.64,518.65
4020,134.134,771,1005.73,1734.27,21.71,17.98,390.25
4020,134.134,770,3076.93,850.5,14.34,16.19,232.26
4020,134.134,900,1752.36,1542.97,20.1,14.56,292.58
4020,134.134,902,775.87,134.06,16.8,16.27,273.39
4020,134.134,878,532.36,548.13,17.14,21.65,371.2
4020,134.134,936,1061.42,1119.27,18.46,15.98,295.0
4020,134.134,942,1405.26,1705.28,22.9,20.42,467.53
4026,134.3342,764,2767.61,1207.41,23.82,21.22,505.66
4026,134.3342,771,1009.23,1733.85,22.02,18.37,404.66
4026,134.3342,770,3077.17,848.27,14.07,15.84,222.97
4026,134.3342,900,1751.55,1543.04,20.0,14.52,290.52
4026,134.3342,902,778.47,135.35,16.55,16.06,265.84
4026,134.3342,878,533.16,546.4,16.76,21.35,357.69
4026,134.3342,936,1063.83,1120.26,18.74,16.28,305.03
4026,134.3342,942,1407.06,1706.21,21.86,19.45,424.99
4032,134.5344,764,2767.39,1205.83,23.78,20.94,498.02
4032,134.5344,771,1011.47,1732.85,21.01,17.79,373.82
4032,134.5344,770,3077.5,845.69,13.92,15.72,218.81
4032,134.5344,900,1749.95,1543.03,19.92,14.47,288.3
4032,134.5344,902,780.79,136.96,16.66,16.2,269.93
4032,134.5344,878,533.61,544.15,16.68,21.42,357.28
4032,134.5344,936,1066.47,1121.07,19.64,17.09,335.5
4032,134.5344,942,1409.61,1706.94,21.33,18.9,403.01
4038,134.7346,764,2766.85,1204.29,23.86,20.82,496.8
4038,134.7346,771,1013.54,1731.76,21.04,18.25,383.93
4038,134.7346,770,3077.73,843.67,14.18,16.16,229.22
4038,134.7346,900,1748.64,1543.15,19.77,14.4,284.68
4038,134.7346,902,782.89,138.53,16.65,16.24,270.36
4038,134.7346,878,533.42,541.58,16.73,21.7,363.1
4038,134.7346,936,1068.45,1122.51,18.71,16.32,305.22
4038,134.7346,942,1411.91,1708.6,21.54,18.97,408.6
4044,134.9348,764,2766.63,1203.78,24.27,21.04,510.64
4044,134.9348,771,1016.28,1730.76,21.14,18.78,396.99
4044,134.9348,770,3078.09,842.05,15.5,18.13,281.0
4044,134.9348,900,1747.49,1542.96,19.64,14.35,281.87
4044,134.9348,902,785.13,139.99,17.27,16.95,292.69
4044,134.9348,878,533.41,539.2,16.42,21.46,352.38
4044,134.9348,936,1071.01,1123.25,18.28,16.05,293.39
4044,134.9348,942,1413.8,1709.88,21.0,18.34,385.16
4050,135.135,764,2766.68,1203.46,24.66,21.19,522.5
4050,135.135,771,1018.98,1730.14,21.4,19.48,416.74
4050,135.135,770,3078.47,838.32,15.64,18.72,292.63
4050,135.135,900,1746.08,1542.87,19.12,13.99,267.45
4050,135.135,902,787.94,141.91,16.37,16.08,263.17
4050,135.135,878,533.72,536.61,16.07,21.06,338.41
4050,135.135,936,1073.66,1123.86,18.79,16.66,313.13
4050,135.135,942,1416.31,1711.07,20.74,17.95,372.23
4056,135.3352,764,2766.7,1203.13,24.23,20.61,499.26
4056,135.3352,771,1021.58,1729.61,21.71,20.37,442.1
4056,135.3352,770,3078.6,835.96,14.11,17.05,240.6
4056,135.3352,900,1744.25,1542.97,19.58,14.35,281.07
4056,135.3352,902,790.87,143.98,16.61,16.41,272.72
4056,135.3352,878,533.84,534.05,16.18,21.44,346.78
4056,135.3352,936,1075.6,1124.68,19.02,17.15,326.17
4056,135.3352,942,1418.24,1711.65,22.08,18.97,418.8
4056,135.3352,945,1174.05,979.37,19.64,16.59,325.77
4062,135.5354,764,2766.64,1202.28,24.06,20.26,487.41
4062,135.5354,771,1024.07,1728.48,19.69,18.71,368.32
4062,135.5354,770,3079.04,833.89,13.47,16.39,220.86
4062,135.5354,900,1742.84,1543.29,19.29,14.15,272.86
4062,135.5354,902,793.35,145.31,16.2,16.04,259.73
4062,135.5354,878,533.84,531.29,16.03,21.32,341.79
4062,135.5354,936,1077.52,1125.3,19.79,17.99,355.94
4062,135.5354,942,1420.08,1713.03,21.87,18.63,407.44
4062,135.5354,945,1173.41,980.16,20.64,17.48,360.75
4068,135.7356,764,2766.45,1200.92,23.72,19.75,468.44
4068,135.7356,771,1025.92,1727.51,19.48,18.85,367.33
4068,135.7356,770,3079.83,831.25,13.23,16.15,213.81
4068,135.7356,900,1741.71,1543.53,19.24,14.15,272.41
4068,135.7356,902,795.5,146.44,16.29,16.18,263.63
4068,135.7356,878,534.44,528.88,16.22,21.91,355.49
4068,135.7356,936,1078.71,1125.89,20.85,19.07,397.5
4068,135.7356,942,1422.75,1713.68,20.88,17.56,366.74
4068,135.7356,945,1173.03,980.47,20.22,17.17,347.01
4074,135.9358,764,2765.57,1199.48,23.51,19.26,452.84
4074,135.9358,771,1027.83,1726.56,18.93,18.67,353.42
4074,135.9358,770,3080.96,828.83,13.01,15.95,207.5
4074,135.9358,900,1740.89,1543.81,18.98,13.94,264.67
4074,135.9358,902,797.57,147.48,16.49,16.38,270.09
4074,135.9358,878,535.3,526.61,16.13,21.92,353.62
4074,135.9358,936,1082.51,1126.43,21.51,20.13,432.87
4074,135.9358,942,1425.4,1714.8,21.53,17.94,386.26
4074,135.9358,945,1173.25,979.68,20.7,17.56,363.44
4074,135.9358,946,1083.07,1129.08,20.97,20.05,420.42
4080,136.136,764,2764.97,1198.02,23.81,19.23,457.8
4080,136.136,771,1030.1,1725.18,18.36,18.35,336.83
4080,136.136,770,3082.1,826.36,12.93,15.95,206.16
4080,136.136,900,1739.86,1544.05,19.07,13.99,266.85
4080,136.136,902,800.01,148.41,16.37,16.15,264.37
4080,136.136,878,535.78,524.17,16.17,22.04,356.54
4080,136.136,942,1427.74,1715.87,22.22,18.37,408.17
4080,136.136,945,1172.61,978.9,20.64,17.66,364.48
4080,136.136,946,1084.15,1130.06,20.25,19.46,394.04
4086,136.3362,764,2765.08,1196.89,23.91,19.04,455.13
4086,136.3362,771,1032.21,1723.67,18.13,18.46,334.69
4086,136.3362,770,3083.34,823.87,12.82,15.82,202.92
4086,136.3362,900,1738.46,1544.08,19.05,13.96,265.81
4086,136.3362,902,801.92,149.76,16.09,15.85,255.1
4086,136.3362,878,536.37,521.77,16.11,22.07,355.51
4086,136.3362,942,1430.05,1716.8,23.4,19.3,451.71
4086,136.3362,945,1172.17,978.3,19.03,16.3,310.26
4086,136.3362,946,1086.59,1130.85,18.98,18.35,348.21
4092,136.5364,764,2765.37,1196.39,24.34,19.19,467.09
4092,136.5364,771,1034.3,1722.81,18.81,19.57,368.02
4092,136.5364,770,3084.34,821.49,12.91,15.93,205.65
4092,136.5364,900,1737.41,1544.23,19.01,13.96,265.28
4092,136.5364,902,804.62,151.17,16.04,15.76,252.85
4092,136.5364,878,536.76,519.69,15.97,21.86,349.17
4092,136.5364,942,1432.25,1717.56,22.69,18.54,420.78
4092,136.5364,945,1172.28,976.89,19.38,16.67,323.03
4092,136.5364,946,1088.72,1131.72,17.35,16.88,292.76
4098,136.7366,764,2765.37,1196.11,24.43,19.03,464.93
4098,136.7366,771,1036.75,1721.85,18.22,19.27,351.13
4098,136.7366,770,3084.95,819.31,13.43,16.72,224.6
4098,136.7366,900,1736.33,1544.3,19.0,13.96,265.32
4098,136.7366,902,807.42,152.91,16.06,15.81,253.8
4098,136.7366,878,536.99,517.44,15.86,21.67,343.54
4098,136.7366,942,1434.71,1718.23,23.34,18.92,441.45
4098,136.7366,945,1171.65,976.69,20.04,17.23,345.29
4098,136.7366,946,1090.53,1131.88,17.05,16.7,284.87
4104,136.9368,764,2765.28,1195.99,24.14,18.55,447.67
4104,136.9368,771,1039.32,1721.08,17.69,18.97,335.67
4104,136.9368,770,3085.63,817.75,14.61,18.63,272.14
4104,136.9368,900,1734.75,1544.7,19.16,14.09,269.88
4104,136.9368,902,809.98,154.31,16.19,15.98,258.62
4104,136.9368,878,537.78,514.09,15.72,21.51,338.17
4104,136.9368,942,1437.36,1719.2,22.69,18.2,412.93
4104,136.9368,945,1170.36,977.96,20.02,17.37,347.75
4104,136.9368,946,1092.65,1132.22,17.19,17.04,292.99
4110,137.137,764,2765.46,1194.92,24.51,18.6,455.78
4110,137.137,771,1041.64,1720.17,17.93,19.52,350.05
4110,137.137,770,3087.0,813.93,14.23,18.38,261.6
4110,137.137,900,1733.44,1545.15,19.33,14.24,275.22
4110,137.137,902,812.35,155.78,16.02,15.74,252.09
4110,137.137,878,538.93,511.23,15.33,21.04,322.38
4110,137.137,942,1440.21,1719.8,22.8,18.13,413.19
4110,137.137,945,1171.0,977.17,19.59,17.01,333.28
4110,137.137,946,1094.42,1133.27,17.63,17.68,311.77
4116,137.3372,764,2765.69,1193.59,25.17,18.92,476.23
4116,137.3372,771,1043.21,1719.24,17.74,19.62,348.18
4116,137.3372,770,3088.57,811.75,13.09,16.87,220.8
4116,137.3372,900,1732.53,1545.53,18.82,13.88,261.1
4116,137.3372,902,814.03,156.69,16.25,15.65,254.35
4116,137.3372,878,540.17,509.29,15.4,21.05,324.27
4116,137.3372,942,1442.81,1720.06,23.22,18.35,426.19
4116,137.3372,945,1171.6,975.76,19.36,16.83,325.83
4116,137.3372,946,1096.52,1134.57,17.25,17.49,301.66
4122,137.5374,764,2765.63,1192.16,25.01,18.62,465.65
4122,137.5374,771,1045.01,1717.5,17.55,19.72,346.02
4122,137.5374,770,3090.22,809.17,12.53,16.19,202.91
4122,137.5374,900,1732.04,1545.65,18.92,14.0,264.89
4122,137.5374,902,817.86,157.25,16.33,15.47,252.64
4122,137.5374,878,541.22,507.09,14.97,20.23,302.92
4122,137.5374,942,1445.4,1720.48,24.05,18.98,456.56
4122,137.5374,945,1170.55,976.14,18.13,15.77,285.94
4122,137.5374,946,1098.47,1135.58,17.18,17.59,302.2
4128,137.7376,764,2765.18,1191.16,25.06,18.45,462.37
4128,137.7376,771,1047.09,1715.5,17.27,19.74,340.95
4128,137.7376,770,3090.68,805.78,12.38,15.9,196.85
4128,137.7376,900,1730.91,1545.9,19.05,14.08,268.18
4128,137.7376,902,819.8,157.99,16.92,16.03,271.11
4128,137.7376,878,542.41,503.48,15.72,21.26,334.12
4128,137.7376,942,1447.85,1720.61,24.05,18.89,454.41
4128,137.7376,945,1170.1,975.23,19.91,17.44,347.35
4128,137.7376,946,1099.9,1136.07,17.31,17.89,309.72
4134,137.9378,764,2764.39,1190.59,25.93,18.92,490.43
4134,137.9378,771,1048.83,1713.85,17.52,20.31,355.87
4134,137.9378,770,3091.14,802.72,12.63,16.08,203.02
4134,137.9378,900,1729.55,1545.94,19.48,14.29,278.33
4134,137.9378,902,821.53,158.91,16.3,15.41,251.16
4134,137.9378,878,543.47,500.99,15.05,20.05,301.85
4134,137.9378,942,1450.46,1720.67,22.87,17.74,405.65
4134,137.9378,945,1169.91,973.73,20.61,18.19,374.87
4134,137.9378,946,1100.5,1136.41,17.32,18.04,312.51
4140,138.138,764,2763.85,1190.25,26.27,19.04,500.2
4140,138.138,771,1050.83,1712.49,16.81,19.66,330.52
4140,138.138,770,3091.52,800.04,12.65,15.83,200.23
4140,138.138,900,1727.12,1545.83,19.27,13.98,269.42
4140,138.138,902,824.01,159.95,15.9,15.03,238.94
4140,138.138,878,545.01,498.88,14.35,18.64,267.45
4140,138.138,942,1453.22,1720.52,23.5,18.11,425.58
4140,138.138,945,1169.2,973.35,19.22,16.98,326.33
4140,138.138,946,1101.56,1136.95,17.79,18.48,328.82
4146,138.3382,764,2763.53,1190.11,26.75,19.29,516.12
4146,138.3382,771,1052.34,1711.63,17.04,20.08,342.18
4146,138.3382,770,3091.72,797.53,12.85,15.82,203.31
4146,138.3382,900,1725.96,1545.95,19.59,14.19,278.06
4146,138.3382,902,826.76,161.73,16.2,15.24,246.87
4146,138.3382,878,545.85,497.33,14.23,17.97,255.64
4146,138.3382,942,1455.69,1720.92,24.43,18.78,458.75
4146,138.3382,945,1168.56,973.15,19.51,17.36,338.69
4146,138.3382,946,1102.42,1137.98,18.03,18.54,334.41
4146,138.3382,936,1106.56,1138.07,19.74,18.59,366.9
4152,138.5384,764,2763.45,1189.71,27.06,19.45,526.31
4152,138.5384,771,1053.63,1710.17,17.28,20.22,349.35
4152,138.5384,770,3091.95,795.42,13.48,16.39,220.88
4152,138.5384,900,1724.94,1546.21,19.56,14.21,277.99
4152,138.5384,902,829.13,163.16,16.22,15.23,247.12
4152,138.5384,878,547.14,494.68,14.49,17.93,259.69
4152,138.5384,942,1458.07,1720.96,24.34,18.67,454.41
4152,138.5384,945,1168.67,972.21,19.61,17.56,344.37
4152,138.5384,936,1107.6,1138.92,19.52,18.73,365.45
4158,138.7386,764,2762.99,1189.22,27.46,19.65,539.77
4158,138.7386,771,1057.41,1708.28,17.36,20.05,348.02
4158,138.7386,770,3092.46,793.78,15.22,18.43,280.63
4158,138.7386,900,1723.77,1546.6,19.59,14.25,279.12
4158,138.7386,902,831.56,163.87,16.17,15.24,246.43
4158,138.7386,878,548.23,492.06,14.85,17.96,266.71
4158,138.7386,942,1460.75,1720.97,24.19,18.45,446.24
4158,138.7386,945,1168.59,972.38,19.03,17.09,325.15
4158,138.7386,936,1108.72,1139.5,19.17,18.96,363.42
4164,138.9388,764,2762.46,1188.46,27.38,19.49,533.48
4164,138.9388,771,1059.07,1706.6,17.58,20.21,355.22
4164,138.9388,770,3093.01,789.95,15.49,18.43,285.37
4164,138.9388,900,1722.35,1547.1,19.66,14.35,282.23
4164,138.9388,902,833.97,164.25,16.43,15.53,255.13
4164,138.9388,878,549.51,489.92,15.0,17.57,263.6
4164,138.9388,942,1463.36,1720.89,24.53,18.64,457.39
4164,138.9388,945,1168.1,972.19,19.23,17.26,331.94
4164,138.9388,936,1109.83,1140.29,18.53,18.76,347.64
4164,138.9388,949,3587.67,1809.13,19.91,14.04,279.57
4170,139.139,764,2761.71,1187.43,27.09,19.11,517.71
4170,139.139,771,1060.07,1705.45,17.93,20.74,371.74
4170,139.139,770,3093.49,787.16,14.51,16.55,240.12
4170,139.139,900,1721.52,1547.4,19.64,14.42,283.16
4170,139.139,902,835.82,164.48,16.71,15.88,265.25
4170,139.139,878,551.13,487.7,14.63,16.74,244.83
4170,139.139,942,1465.98,1720.69,24.5,18.63,456.6
4170,139.139,945,1167.87,970.28,21.5,19.43,417.77
4170,139.139,936,1111.39,1141.0,18.56,19.27,357.61
4176,139.3392,764,2760.85,1186.55,27.21,19.06,518.5
4176,139.3392,771,1061.08,1703.04,17.77,20.89,371.2
4176,139.3392,770,3097.59,784.18,14.49,16.13,233.66
4176,139.3392,900,1719.79,1547.39,19.05,13.97,266.18
4176,139.3392,902,837.43,164.84,17.5,16.62,290.86
4176,139.3392,878,552.32,485.73,15.42,17.46,269.33
4176,139.3392,942,1468.34,1720.21,24.22,18.44,446.53
4176,139.3392,945,1167.73,969.44,19.75,17.95,354.61
4176,139.3392,936,1112.21,1141.79,18.43,19.51,359.43
4176,139.3392,949,3586.33,1808.88,20.25,14.3,289.5
4182,139.5394,764,2760.28,1186.04,27.04,18.92,511.49
4182,139.5394,771,1062.32,1701.54,17.45,20.81,363.12
4182,139.5394,770,3099.23,781.03,15.03,16.54,248.69
4182,139.5394,900,1718.49,1547.6,19.01,13.93,264.84
4182,139.5394,902,841.09,165.17,18.42,17.34,319.54
4182,139.5394,878,553.98,484.39,15.93,17.89,284.99
4182,139.5394,942,1470.51,1720.1,24.7,18.82,464.92
4182,139.5394,945,1166.58,969.11,19.6,17.71,347.2
4182,139.5394,949,3586.51,1808.22,20.67,14.64,302.5
4188,139.7396,764,2759.77,1185.82,27.23,19.06,518.89
4188,139.7396,771,1064.01,1700.4,16.79,20.23,339.62
4188,139.7396,770,3099.12,777.04,14.91,16.68,248.81
4188,139.7396,900,1716.68,1548.07,19.17,14.08,269.89
4188,139.7396,902,843.26,165.55,19.13,18.18,347.64
4188,139.7396,878,555.64,482.78,16.39,18.29,299.74
4188,139.7396,942,1473.17,1720.04,24.77,18.94,469.13
4188,139.7396,945,1166.07,968.64,19.92,18.16,361.58
4188,139.7396,949,3586.57,1808.16,21.27,15.14,322.06
4188,139.7396,936,1114.7,1142.84,17.92,19.14,343.01
4194,139.9398,764,2759.57,1186.08,27.53,19.25,529.94
4194,139.9398,771,1065.25,1699.59,16.32,19.83,323.73
4194,139.9398,770,3099.7,775.24,14.26,16.13,229.93
4194,139.9398,900,1715.67,1548.77,19.04,14.06,267.85
4194,139.9398,902,845.52,169.02,19.43,18.77,364.52
4194,139.9398,878,557.06,481.31,16.75,18.6,311.67
4194,139.9398,942,1476.13,1720.25,24.72,18.94,468.3
4194,139.9398,945,1165.67,968.94,19.38,17.57,340.36
4194,139.9398,949,3586.74,1808.28,20.39,14.6,297.71
4200,140.14,764,2759.45,1186.37,27.32,19.06,520.89
4200,140.14,771,1066.75,1698.36,16.76,20.5,343.62
4200,140.14,770,3100.62,773.7,13.95,15.97,222.81
4200,140.14,900,1715.13,1549.75,19.24,14.21,273.36
4200,140.14,902,847.88,170.95,18.29,17.81,325.78
4200,140.14,878,558.62,479.92,17.23,19.28,332.31
4200,140.14,942,1479.42,1720.77,25.32,19.55,495.03
4200,140.14,945,1166.09,969.09,21.48,19.58,420.44
4200,140.14,949,3586.82,1808.81,20.36,14.63,297.77
4206,140.3402,764,2758.84,1186.48,26.77,18.67,499.87
4206,140.3402,771,1068.17,1696.46,16.72,20.7,346.02
4206,140.3402,770,3101.73,772.03,14.43,16.73,241.41
4206,140.3402,900,1713.91,1551.12,19.41,14.38,279.11
4206,140.3402,902,850.8,172.11,16.98,16.53,280.71
4206,140.3402,878,560.59,478.16,18.09,20.45,369.89
4206,140.3402,942,1482.42,1721.52,25.8,20.06,517.62
4206,140.3402,945,1166.35,968.41,21.78,19.92,433.93
4212,140.5404,764,2758.74,1186.49,27.58,19.35,533.86
4212,140.5404,771,1070.0,1694.58,16.21,20.24,328.07
4212,140.5404,770,3102.84,769.81,14.09,16.34,230.19
4212,140.5404,900,1713.02,1552.42,19.2,14.23,273.24
4212,140.5404,902,853.38,172.73,16.42,16.02,263.01
4212,140.5404,878,562.55,476.85,17.91,20.43,365.92
4212,140.5404,942,1485.39,1721.51,25.5,20.0,510.07
4212,140.5404,945,1166.33,968.74,20.3,18.64,378.5
4212,140.5404,949,3588.17,1809.1,19.88,14.31,284.51
4218,140.7406,764,2758.86,1186.46,27.78,19.61,544.82
4218,140.7406,771,1071.61,1693.3,16.2,20.31,328.9
4218,140.7406,770,3104.75,765.95,15.05,17.77,267.48
4218,140.7406,900,1712.45,1553.35,19.46,14.51,282.43
4218,140.7406,902,855.96,173.6,16.09,15.65,251.74
4218,140.7406,878,564.71,475.34,18.43,21.29,392.35
4218,140.7406,942,1488.39,1721.15,25.57,20.22,517.14
4218,140.7406,945,1166.56,968.93,20.13,18.5,372.54
4218,140.7406,949,3588.86,1809.59,20.11,14.53,292.23
4224,140.9408,764,2758.42,1186.4,27.3,19.32,527.26
4224,140.9408,771,1073.08,1692.14,16.1,20.24,325.81
4224,140.9408,770,3105.64,763.49,14.18,16.87,239.23
4224,140.9408,900,1711.12,1554.12,19.28,14.45,278.53
4224,140.9408,902,858.25,174.44,16.41,15.98,262.26
4224,140.9408,878,566.51,473.64,18.11,21.23,384.39
4224,140.9408,942,1491.08,1721.43,26.15,20.91,546.84
4224,140.9408,945,1166.1,969.21,20.1,18.4,369.89
4224,140.9408,949,3588.62,1809.83,19.99,14.51,290.02
4230,141.141,764,2757.1,1186.41,26.81,18.99,509.1
4230,141.141,771,1074.33,1690.93,16.19,20.51,332.16
4230,141.141,770,3105.94,761.54,13.39,16.0,214.19
4230,141.141,900,1709.6,1554.78,19.8,14.91,295.15
4230,141.141,902,860.41,175.38,15.98,15.48,247.43
4230,141.141,878,567.66,472.15,18.03,21.5,387.51
4230,141.141,942,1493.77,1721.01,26.21,21.3,558.18
4230,141.141,945,1165.96,968.27,21.16,19.49,412.28
4230,141.141,949,3588.65,1808.75,20.05,14.56,292.0
4236,141.3412,764,2756.33,1186.34,26.67,18.9,503.85
4236,141.3412,771,1075.76,1689.6,15.67,19.96,312.93
4236,141.3412,770,3106.54,759.64,13.18,15.86,208.94
4236,141.3412,900,1707.96,1555.39,19.71,14.95,294.57
4236,141.3412,902,861.97,177.03,16.85,16.14,271.95
4236,141.3412,878,569.04,470.65,17.8,21.53,383.14
4236,141.3412,942,1496.34,1720.51,25.67,21.13,542.38
4236,141.3412,945,1165.83,967.67,22.01,20.42,449.37
4236,141.3412,949,3588.04,1808.6,19.58,14.19,277.83
4242,141.5414,764,2755.72,1186.44,27.24,19.4,528.53
4242,141.5414,771,1076.97,1688.24,15.33,19.54,299.68
4242,141.5414,770,3107.5,756.95,13.3,16.14,214.61
4242,141.5414,900,1706.89,1555.95,20.29,15.57,315.94
4242,141.5414,902,866.05,178.91,17.05,16.23,276.69
4242,141.5414,878,570.71,469.0,17.99,22.13,398.08
4242,141.5414,942,1499.34,1719.96,25.92,21.68,561.93
4242,141.5414,945,1165.41,968.56,20.75,19.25,399.53
4242,141.5414,949,3587.95,1808.65,19.42,14.06,272.98
4248,141.7416,764,2754.92,1186.07,27.19,19.51,530.47
4248,141.7416,771,1077.79,1686.32,15.56,19.77,307.73
4248,141.7416,770,3107.95,754.28,13.28,16.25,215.8
4248,141.7416,900,1706.32,1556.22,20.54,15.93,327.11
4248,141.7416,902,868.48,180.21,16.54,15.85,262.23
4248,141.7416,878,571.98,466.45,17.78,22.12,393.38
4248,141.7416,942,1501.27,1719.62,26.59,22.65,602.1
4248,141.7416,945,1165.52,968.28,20.56,19.16,393.79
4248,141.7416,949,3587.85,1808.57,19.87,14.4,286.12
4254,141.9418,764,2754.02,1186.2,27.22,19.59,533.31
4254,141.9418,771,1078.42,1684.38,15.45,19.61,303.07
4254,141.9418,770,3108.33,752.19,13.08,16.06,210.04
4254,141.9418,900,1705.29,1556.88,22.06,17.23,380.1
4254,141.9418,902,870.29,181.2,16.74,16.08,269.29
4254,141.9418,878,572.78,464.11,17.58,21.95,385.91
4254,141.9418,942,1503.69,1719.23,25.61,22.05,564.76
4254,141.9418,945,1164.92,968.28,20.09,18.66,374.88
4254,141.9418,949,3587.53,1808.4,20.53,14.87,305.16
4260,142.142,764,2753.13,1186.92,26.53,19.09,506.37
4260,142.142,771,1079.61,1682.4,15.21,19.33,293.96
4260,142.142,770,3109.13,750.4,13.07,16.22,211.95
4260,142.142,900,1702.56,1560.59,23.3,18.58,432.77
4260,142.142,902,872.49,182.9,16.98,16.39,278.27
4260,142.142,878,573.78,462.81,18.14,22.54,408.92
4260,142.142,942,1506.47,1719.35,25.18,22.01,554.23
4260,142.142,945,1164.89,968.49,21.43,19.94,427.41
4260,142.142,949,3587.04,1809.07,20.31,14.64,297.26
4266,142.3422,764,2752.69,1187.33,26.2,18.85,493.77
4266,142.3422,771,1081.2,1680.97,15.42,19.66,303.13
4266,142.3422,770,3110.85,747.84,13.24,16.56,219.21
4266,142.3422,900,1701.41,1562.21,23.13,18.79,434.61
4266,142.3422,902,875.5,184.25,16.89,16.31,275.48
4266,142.3422,878,577.31,461.8,17.9,22.04,394.55
4266,142.3422,942,1509.18,1718.59,26.03,23.14,602.26
4266,142.3422,945,1164.74,968.45,21.68,20.15,436.84
4272,142.5424,764,2752.5,1187.92,26.62,19.25,512.47
4272,142.5424,771,1082.62,1680.63,15.36,19.61,301.28
4272,142.5424,770,3112.31,746.22,14.12,18.01,254.35
4272,142.5424,900,1700.56,1563.45,21.38,17.61,376.5
4272,142.5424,902,878.28,186.41,16.8,16.29,273.78
4272,142.5424,878,579.42,460.57,17.81,22.08,393.25
4272,142.5424,942,1511.97,1718.28,25.64,23.23,595.53
4272,142.5424,945,1165.04,969.12,20.84,19.42,404.66
4272,142.5424,949,3587.69,1809.29,20.75,14.93,309.72
4278,142.7426,764,2752.51,1188.44,26.99,19.66,530.71
4278,142.7426,771,1084.53,1680.73,15.68,19.88,311.69
4278,142.7426,770,3113.53,745.49,14.45,18.85,272.38
4278,142.7426,900,1700.22,1564.16,20.0,16.58,331.66
4278,142.7426,902,881.25,189.13,16.19,15.71,254.27
4278,142.7426,878,580.62,459.59,17.48,21.95,383.72
4278,142.7426,942,1515.5,1718.91,24.92,22.94,571.68
4278,142.7426,945,1165.25,971.04,21.97,20.49,450.2
4278,142.7426,949,3587.76,1809.91,20.87,15.01,313.3
4284,142.9428,764,2751.89,1189.0,26.67,19.51,520.47
4284,142.9428,771,1085.59,1680.17,15.52,19.64,304.81
4284,142.9428,770,3114.29,742.35,14.65,19.43,284.67
4284,142.9428,900,1699.27,1565.15,18.74,15.55,291.36
4284,142.9428,902,883.98,191.53,16.71,16.2,270.73
4284,142.9428,878,581.8,458.66,16.79,21.27,357.02
4284,142.9428,942,1518.07,1719.0,25.12,23.59,592.57
4284,142.9428,945,1165.36,972.04,20.57,19.18,394.36
4284,142.9428,949,3587.01,1809.99,20.59,14.78,304.29
4290,143.143,764,2750.88,1189.81,25.55,18.61,475.53
4290,143.143,771,1086.4,1678.83,15.62,19.8,309.31
4290,143.143,770,3114.77,740.53,13.79,18.31,252.54
4290,143.143,900,1698.55,1566.82,18.44,15.37,283.4
4290,143.143,902,886.69,193.87,16.62,16.18,268.97
4290,143.143,878,583.36,457.57,16.94,21.68,367.19
4290,143.143,942,1520.69,1718.33,24.8,23.77,589.3
4290,143.143,945,1165.64,972.37,21.91,20.44,448.0
4296,143.3432,764,2749.81,1190.47,25.46,18.52,471.42
4296,143.3432,771,1087.38,1677.46,15.67,19.83,310.71
4296,143.3432,770,3115.04,739.25,12.76,16.74,213.65
4296,143.3432,900,1697.71,1568.79,18.47,15.41,284.47
4296,143.3432,902,888.9,196.07,16.17,15.76,254.85
4296,143.3432,878,584.42,456.83,16.96,22.05,374.03
4296,143.3432,942,1523.26,1717.95,24.35,23.85,580.68
4296,143.3432,945,1165.73,973.45,22.34,20.86,466.04
4296,143.3432,949,3584.94,1810.75,20.86,14.93,311.43
4302,143.5434,764,2749.1,1191.07,26.61,19.53,519.69
4302,143.5434,771,1088.28,1676.02,15.72,19.8,311.21
4302,143.5434,770,3115.38,737.81,12.71,16.45,209.11
4302,143.5434,900,1696.69,1570.0,18.56,15.59,289.3
4302,143.5434,902,891.74,198.14,16.89,16.45,277.84
4302,143.5434,878,586.6,455.22,16.9,22.25,375.94
4302,143.5434,942,1525.73,1717.41,24.1,24.06,579.86
4302,143.5434,945,1166.08,973.95,21.7,20.26,439.63
4302,143.5434,949,3584.43,1810.7,21.37,15.34,327.67
4308,143.7436,764,2748.27,1191.54,26.82,19.86,532.71
4308,143.7436,771,1089.12,1674.3,15.55,19.5,303.19
4308,143.7436,770,3115.71,736.06,12.9,16.41,211.6
4308,143.7436,900,1695.15,1571.31,18.82,15.83,297.91
4308,143.7436,902,894.67,200.5,16.51,16.08,265.44
4308,143.7436,878,588.18,454.08,16.51,21.84,360.7
4308,143.7436,942,1527.51,1716.83,23.77,24.19,575.02
4308,143.7436,945,1165.93,974.47,21.65,20.35,440.63
4308,143.7436,949,3583.28,1810.89,21.14,15.12,319.54
4314,143.9438,764,2747.21,1192.38,26.48,19.69,521.23
4314,143.9438,771,1090.2,1673.01,15.66,19.69,308.31
4314,143.9438,770,3116.06,734.47,12.96,16.1,208.61
4314,143.9438,900,1693.48,1572.79,18.51,15.66,289.79
4314,143.9438,902,897.46,202.89,16.61,16.24,269.81
4314,143.9438,878,589.85,453.35,15.99,21.26,339.86
4314,143.9438,942,1530.11,1715.64,23.23,24.15,561.1
4314,143.9438,945,1165.19,975.85,21.32,20.05,427.47
4314,143.9438,949,3581.91,1810.91,21.22,15.17,321.95
4320,144.144,764,2746.26,1193.37,25.8,19.15,494.0
4320,144.144,771,1091.48,1672.19,15.86,19.89,315.41
4320,144.144,770,3116.61,732.58,13.44,16.24,218.24
4320,144.144,900,1692.62,1574.05,18.41,15.59,287.03
4320,144.144,902,900.59,205.68,15.96,15.61,249.17
4320,144.144,878,591.36,452.41,16.0,21.43,342.73
4320,144.144,942,1532.4,1715.37,23.63,25.19,595.11
4320,144.144,945,1165.63,977.04,20.91,19.63,410.27
4320,144.144,949,3580.77,1810.98,21.26,15.23,323.69
4326,144.3442,764,2745.62,1193.85,25.4,18.8,477.64
4326,144.3442,771,1092.66,1671.75,15.99,19.93,318.7
4326,144.3442,770,3117.18,730.83,13.85,16.18,224.08
4326,144.3442,900,1691.74,1575.65,18.25,15.4,281.1
4326,144.3442,902,903.53,208.06,16.73,16.44,275.0
4326,144.3442,878,593.15,450.97,16.35,22.17,362.44
4326,144.3442,942,1534.66,1714.07,24.26,26.26,637.17
4326,144.3442,945,1166.18,977.31,21.61,20.24,437.52
4326,144.3442,949,3580.27,1811.12,20.88,14.95,312.21
4326,144.3442,958,1158.52,1182.84,15.05,19.1,287.45
4332,144.5444,764,2744.8,1194.41,25.7,19.01,488.46
4332,144.5444,771,1093.33,1671.1,15.86,19.61,310.95
4332,144.5444,770,3121.36,729.39,13.96,15.81,220.74
4332,144.5444,900,1691.0,1577.67,18.21,15.4,280.42
4332,144.5444,902,906.06,210.34,16.24,15.95,259.07
4332,144.5444,878,594.44,449.58,15.82,21.51,340.32
4332,144.5444,942,1538.0,1713.28,23.45,25.84,606.0
4332,144.5444,945,1166.98,978.03,22.91,21.52,493.05
4332,144.5444,949,3579.19,1810.86,21.36,15.41,329.23
4332,144.5444,958,1159.69,1184.89,15.17,19.27,292.25
4338,144.7446,764,2744.56,1194.7,26.82,19.95,534.99
4338,144.7446,771,1094.25,1669.9,16.01,19.89,318.46
4338,144.7446,770,3123.35,727.73,14.19,15.82,224.47
4338,144.7446,900,1690.52,1579.04,18.12,15.36,278.3
4338,144.7446,902,908.48,212.02,16.57,16.27,269.59
4338,144.7446,878,595.94,447.99,15.74,21.35,336.06
4338,144.7446,942,1540.38,1712.81,23.14,25.81,597.2
4338,144.7446,945,1166.39,979.67,22.44,21.1,473.51
4338,144.7446,949,3578.78,1811.17,21.51,15.56,334.7
4338,144.7446,958,1161.63,1187.12,15.09,19.22,290.19
4344,144.9448,764,2743.93,1194.87,26.75,19.9,532.36
4344,144.9448,771,1095.35,1667.67,15.92,19.83,315.59
4344,144.9448,770,3124.39,726.53,14.59,16.19,236.27
4344,144.9448,900,1690.13,1580.16,18.65,15.89,296.38
4344,144.9448,902,910.28,213.19,17.57,17.09,300.28
4344,144.9448,878,597.99,445.01,16.89,23.36,394.55
4344,144.9448,942,1542.18,1712.23,21.99,24.88,547.07
4344,144.9448,945,1166.74,980.47,21.0,19.71,413.87
4344,144.9448,949,3578.36,1811.19,21.79,15.83,344.96
4344,144.9448,958,1163.39,1188.89,14.92,19.01,283.66
4350,145.145,764,2743.27,1195.34,26.1,19.37,505.51
4350,145.145,771,1097.05,1665.84,16.01,20.04,320.95
4350,145.145,770,3125.13,725.59,14.32,15.9,227.63
4350,145.145,900,1689.52,1581.0,19.69,16.94,333.68
4350,145.145,902,914.71,214.38,19.17,18.99,363.97
4350,145.145,878,600.13,443.76,16.93,23.74,401.95
4350,145.145,942,1545.01,1711.69,21.61,24.88,537.51
4350,145.145,945,1167.19,980.97,21.87,20.5,448.22
4350,145.145,949,3578.39,1811.37,22.19,16.24,360.39
4350,145.145,958,1165.79,1190.4,14.51,18.52,268.72
4350,145.145,961,915.26,216.91,23.52,19.53,459.41
4356,145.3452,764,2743.05,1196.12,25.79,19.0,490.06
4356,145.3452,771,1098.63,1664.59,15.69,19.55,306.72
4356,145.3452,770,3126.23,724.27,14.18,15.9,225.47
4356,145.3452,900,1689.09,1581.58,20.61,17.94,369.61
4356,145.3452,902,918.66,217.95,18.52,18.54,343.25
4356,145.3452,878,603.09,443.1,15.89,22.05,350.23
4356,145.3452,942,1547.47,1710.1,21.44,25.05,537.24
4356,145.3452,945,1168.04,981.57,21.52,20.07,431.83
4356,145.3452,949,3578.03,1811.03,21.85,16.06,350.93
4356,145.3452,958,1168.78,1192.46,14.61,18.68,272.93
4362,145.5454,764,2742.67,1196.97,26.14,19.22,502.26
4362,145.5454,771,1100.06,1663.27,15.76,19.56,308.22
4362,145.5454,770,3127.09,722.63,15.56,17.76,276.4
4362,145.5454,900,1688.3,1585.11,21.13,18.8,397.28
4362,145.5454,902,922.36,220.62,17.33,17.38,301.29
4362,145.5454,878,605.35,442.26,15.55,21.53,334.85
4362,145.5454,942,1549.58,1708.61,20.77,24.47,508.18
4362,145.5454,945,1169.18,981.34,22.37,20.95,468.71
4362,145.5454,949,3577.74,1810.59,21.87,16.14,352.9
4362,145.5454,958,1171.29,1194.77,14.91,19.12,285.1
4368,145.7456,764,2742.41,1197.22,27.48,20.29,557.69
4368,145.7456,771,1100.97,1661.5,15.92,19.54,311.1
4368,145.7456,770,3127.92,718.84,16.08,18.73,301.24
4368,145.7456,900,1688.03,1586.66,20.64,18.73,386.46
4368,145.7456,902,925.55,222.28,16.45,16.56,272.41
4368,145.7456,878,607.29,440.34,15.6,21.66,337.88
4368,145.7456,942,1552.07,1706.98,20.05,23.9,479.2
4368,145.7456,945,1169.73,982.09,22.48,21.01,472.31
4368,145.7456,949,3575.94,1809.92,22.02,16.22,357.16
4368,145.7456,958,1173.15,1196.7,14.27,18.4,262.5
4374,145.9458,764,2741.97,1197.08,27.3,20.17,550.64
4374,145.9458,771,1101.62,1659.83,16.36,19.79,323.61
4374,145.9458,770,3128.6,716.79,15.27,17.94,273.94
4374,145.9458,900,1687.49,1587.34,20.14,18.43,371.18
4374,145.9458,902,928.5,223.55,16.31,16.51,269.24
4374,145.9458,878,609.37,437.58,15.34,21.34,327.37
4374,145.9458,942,1553.94,1705.06,20.42,24.31,496.33
4374,145.9458,945,1169.74,982.29,21.9,20.51,448.97
4374,145.9458,949,3574.79,1808.69,21.36,15.73,335.96
4374,145.9458,958,1175.56,1197.8,14.59,18.81,274.53
4380,146.146,764,2741.23,1196.75,26.87,19.78,531.31
4380,146.146,771,1102.04,1658.14,16.85,20.08,338.3
4380,146.146,770,3129.41,715.06,13.76,15.99,220.07
4380,146.146,900,1686.79,1588.14,18.76,17.13,321.38
4380,146.146,902,931.47,225.04,16.25,16.53,268.51
4380,146.146,878,611.03,435.26,15.46,21.47,332.03
4380,146.146,942,1556.7,1703.15,19.34,23.06,446.01
4380,146.146,945,1170.52,982.37,21.76,20.39,443.74
4380,146.146,949,3574.54,1807.35,22.61,16.78,379.32
4380,146.146,958,1177.07,1199.04,14.53,18.74,272.27
4386,146.3462,764,2740.34,1196.18,26.54,19.45,516.19
4386,146.3462,771,1105.05,1655.29,17.6,20.74,365.15
4386,146.3462,770,3130.22,713.01,12.8,14.66,187.55
4386,146.3462,900,1686.19,1588.63,17.81,16.09,286.58
4386,146.3462,902,933.47,226.11,16.65,16.81,279.86
4386,146.3462,878,613.09,433.19,15.65,21.88,342.4
4386,146.3462,942,1557.92,1701.01,19.57,23.48,459.51
4386,146.3462,945,1171.76,982.61,22.44,20.94,469.7
4386,146.3462,949,3573.8,1806.58,21.68,16.22,351.62
4386,146.3462,958,1178.77,1199.96,14.55,18.87,274.58
4392,146.5464,764,2739.38,1195.4,26.6,19.48,518.3
4392,146.5464,771,1106.76,1652.93,17.31,20.27,350.84
4392,146.5464,770,3131.28,711.4,12.28,13.71,168.27
4392,146.5464,900,1685.86,1588.84,17.28,15.54,268.54
4392,146.5464,902,938.14,227.4,16.43,16.41,269.63
4392,146.5464,878,615.45,430.55,15.39,21.62,332.73
4392,146.5464,942,1561.71,1697.87,19.57,23.55,461.02
4392,146.5464,945,1173.03,982.62,22.37,20.87,466.83
4392,146.5464,949,3573.13,1805.11,21.04,15.83,333.06
4392,146.5464,958,1180.92,1200.74,14.29,18.52,264.68
4398,146.7466,764,2738.91,1195.46,26.97,19.77,533.38
4398,146.7466,771,1108.2,1650.47,16.9,19.9,336.38
4398,146.7466,770,3132.13,710.11,12.53,13.71,171.84
4398,146.7466,900,1685.65,1589.02,17.01,15.14,257.54
4398,146.7466,902,941.53,229.69,16.5,16.62,274.31
4398,146.7466,878,618.78,428.18,15.51,21.66,335.9
4398,146.7466,942,1563.89,1695.47,19.0,23.13,439.45
4398,146.7466,945,1174.03,982.94,22.96,21.51,493.82
4398,146.7466,949,3573.15,1803.81,21.92,16.76,367.21
4398,146.7466,958,1183.7,1202.22,14.76,19.23,283.73
4404,146.9468,764,2738.61,1195.68,27.28,19.99,545.37
4404,146.9468,770,3132.85,708.64,12.91,13.93,179.84
4404,146.9468,900,1685.22,1589.69,17.21,15.21,261.78
4404,146.9468,902,945.11,231.61,16.9,17.17,290.15
4404,146.9468,878,620.78,426.61,15.61,21.51,335.68
4404,146.9468,942,1565.84,1694.31,19.21,23.43,450.06
4404,146.9468,945,1174.23,984.34,23.31,22.03,513.44
4404,146.9468,949,3572.47,1803.43,21.74,16.91,367.65
4404,146.9468,958,1186.1,1203.45,14.46,18.89,273.06
4410,147.147,764,2738.23,1196.67,26.96,19.71,531.44
4410,147.147,770,3133.58,706.98,12.64,13.49,170.51
4410,147.147,900,1685.0,1590.65,17.31,15.21,263.29
4410,147.147,902,948.79,234.22,16.08,16.45,264.5
4410,147.147,878,625.32,425.25,15.59,20.98,327.1
4410,147.147,945,1174.54,985.21,22.64,21.54,487.67
4410,147.147,949,3571.93,1802.95,22.32,17.69,394.85
4410,147.147,958,1189.2,1205.38,14.61,19.19,280.24
4410,147.147,771,1111.63,1647.34,16.34,19.23,314.25
4416,147.3472,764,2737.94,1197.55,27.25,19.9,542.22
4416,147.3472,770,3134.16,704.91,12.74,13.33,169.82
4416,147.3472,900,1685.03,1591.42,17.27,15.15,261.67
4416,147.3472,902,952.37,236.4,16.34,16.92,276.39
4416,147.3472,878,627.91,423.97,15.9,21.41,340.33
4416,147.3472,945,1176.11,985.27,22.94,21.85,501.32
4416,147.3472,949,3571.22,1802.27,23.33,18.99,443.04
4416,147.3472,958,1191.4,1207.69,14.68,19.52,286.61
4416,147.3472,771,1113.09,1645.81,16.56,19.41,321.48
4422,147.5474,764,2737.05,1197.95,27.29,20.0,545.96
4422,147.5474,770,3134.0,703.55,13.37,13.89,185.6
4422,147.5474,900,1685.06,1592.45,17.37,15.14,263.0
4422,147.5474,902,955.41,237.67,17.19,18.07,310.7
4422,147.5474,878,630.02,421.57,15.93,21.63,344.54
4422,147.5474,945,1177.82,985.1,23.45,22.43,526.03
4422,147.5474,949,3570.37,1801.87,23.66,19.79,468.23
4422,147.5474,958,1193.54,1209.04,14.83,19.81,293.75
4422,147.5474,967,3570.5,1797.98,17.31,19.97,345.55
4422,147.5474,942,1571.75,1686.86,19.05,23.28,443.46
4428,147.7476,764,2736.23,1197.75,26.95,19.81,533.69
4428,147.7476,770,3134.22,702.39,13.6,14.11,191.95
4428,147.7476,900,1684.71,1593.69,17.44,15.12,263.76
4428,147.7476,902,957.71,241.05,18.47,19.49,360.05
4428,147.7476,878,632.05,419.92,15.17,20.57,311.96
4428,147.7476,945,1179.12,985.46,23.3,22.29,519.38
4428,147.7476,958,1194.92,1210.02,14.66,19.62,287.61
4428,147.7476,967,3569.6,1797.15,15.91,18.31,291.26
4428,147.7476,942,1573.14,1685.3,19.14,23.34,446.87
4428,147.7476,771,1115.49,1641.24,16.23,19.01,308.61
4434,147.9478,764,2735.51,1197.24,27.13,20.0,542.45
4434,147.9478,770,3134.6,701.58,13.89,14.44,200.66
4434,147.9478,900,1684.35,1594.72,17.13,14.75,252.54
4434,147.9478,902,962.56,243.09,17.57,18.54,325.79
4434,147.9478,878,634.88,418.05,15.54,21.09,327.72
4434,147.9478,945,1180.0,986.79,21.63,20.63,446.22
4434,147.9478,958,1196.48,1211.56,14.87,19.69,292.74
4434,147.9478,967,3568.93,1796.89,15.53,17.79,276.3
4434,147.9478,942,1575.58,1683.78,19.21,23.22,446.15
4440,148.148,764,2734.61,1197.08,26.69,19.65,524.36
4440,148.148,770,3135.46,700.8,14.37,15.0,215.49
4440,148.148,900,1684.02,1595.24,17.53,15.06,263.94
4440,148.148,902,966.54,245.02,16.51,17.52,289.35
4440,148.148,878,638.14,415.32,15.99,21.96,351.15
4440,148.148,945,1181.17,987.56,21.36,20.32,433.99
4440,148.148,958,1201.28,1212.4,15.3,19.83,303.39
4440,148.148,967,3568.44,1796.24,14.57,16.48,240.08
4440,148.148,942,1577.57,1681.48,18.58,22.26,413.59
4446,148.3482,764,2733.72,1197.77,27.17,20.01,543.63
4446,148.3482,770,3136.06,700.16,14.61,15.43,225.47
4446,148.3482,900,1683.97,1595.36,17.41,14.86,258.75
4446,148.3482,902,970.65,247.49,15.78,16.81,265.18
4446,148.3482,878,641.71,413.25,15.18,20.88,316.92
4446,148.3482,945,1182.49,988.19,22.34,21.28,475.43
4446,148.3482,958,1203.88,1213.66,14.85,19.04,282.8
4446,148.3482,967,3567.95,1795.39,14.3,15.93,227.8
4446,148.3482,942,1579.43,1679.3,19.14,23.0,440.05
4452,148.5484,764,2733.14,1198.18,27.63,20.41,563.79
4452,148.5484,770,3136.62,699.43,15.05,16.12,242.54
4452,148.5484,900,1683.72,1595.7,17.87,15.2,271.73
4452,148.5484,902,974.23,249.66,15.99,17.11,273.67
4452,148.5484,878,644.48,411.82,15.65,21.34,333.81
4452,148.5484,945,1184.07,988.01,22.92,21.87,501.26
4452,148.5484,958,1205.83,1215.32,14.75,19.01,280.45
4452,148.5484,967,3567.58,1794.15,14.89,16.35,243.32
4452,148.5484,942,1581.14,1676.59,18.14,21.63,392.33
4452,148.5484,771,1123.19,1632.48,16.54,19.48,322.29
4458,148.7486,764,2732.65,1200.1,28.78,21.49,618.32
4458,148.7486,770,3136.65,698.59,16.03,17.58,281.81
4458,148.7486,900,1683.55,1596.78,17.95,15.18,272.59
4458,148.7486,902,977.77,251.5,15.33,16.47,252.53
4458,148.7486,878,646.21,410.07,16.03,21.37,342.51
4458,148.7486,945,1185.13,987.81,23.36,22.3,520.95
4458,148.7486,958,1208.11,1216.65,15.28,19.77,302.06
4458,148.7486,967,3566.55,1793.6,14.89,16.14,240.3
4458,148.7486,942,1582.67,1674.55,18.73,22.1,413.9
4458,148.7486,771,1125.17,1630.47,16.62,19.45,323.3
4464,148.9488,764,2732.35,1200.8,29.12,21.92,638.26
4464,148.9488,770,3136.39,694.94,16.51,18.63,307.72
4464,148.9488,900,1683.4,1598.23,17.87,15.11,270.04
4464,148.9488,902,980.59,253.39,15.23,16.2,246.71
4464,148.9488,878,650.64,408.73,16.45,21.91,360.34
4464,148.9488,945,1185.65,988.21,22.49,21.39,481.0
4464,148.9488,967,3565.22,1792.59,15.16,16.17,245.13
4464,148.9488,942,1585.29,1672.62,18.88,22.02,415.8
4464,148.9488,771,1126.41,1628.67,15.85,18.41,291.82
4470,149.149,764,2731.5,1201.14,28.92,21.92,633.93
4470,149.149,770,3136.28,692.79,15.33,17.59,269.69
4470,149.149,900,1683.36,1599.17,17.89,15.1,270.15
4470,149.149,902,985.79,255.3,15.92,16.67,265.37
4470,149.149,878,653.14,406.08,16.06,21.47,344.85
4470,149.149,945,1186.54,988.56,22.02,20.84,458.76
4470,149.149,967,3564.4,1790.7,15.7,16.46,258.43
4470,149.149,942,1586.51,1670.9,19.1,22.2,424.2
4476,149.3492,764,2730.45,1199.91,28.92,22.08,638.58
4476,149.3492,770,3136.05,691.73,14.41,16.79,241.84
4476,149.3492,900,1683.01,1599.84,17.9,15.08,269.79
4476,149.3492,902,988.66,257.66,15.94,16.74,266.94
4476,149.3492,878,655.6,403.49,15.82,21.23,335.89
4476,149.3492,945,1187.51,989.41,22.83,21.67,494.56
4476,149.3492,967,3563.18,1789.21,16.05,16.56,265.75
4476,149.3492,942,1587.69,1668.84,19.58,22.95,449.37
4476,149.3492,958,1213.63,1220.26,14.95,19.44,290.7
4476,149.3492,771,1128.32,1623.28,16.21,18.68,302.83
4482,149.5494,764,2728.51,1200.71,28.7,22.09,634.04
4482,149.5494,770,3135.79,691.17,14.13,16.61,234.73
4482,149.5494,900,1682.19,1600.43,18.32,15.28,279.84
4482,149.5494,902,991.11,259.56,15.8,16.7,263.83
4482,149.5494,878,658.0,401.62,15.61,20.96,327.14
4482,149.5494,945,1188.42,990.6,23.6,22.39,528.44
4482,149.5494,967,3562.37,1788.31,16.23,16.48,267.45
4482,149.5494,942,1588.33,1666.1,18.8,21.99,413.47
4482,149.5494,958,1214.97,1221.63,15.04,19.74,296.87
4488,149.7496,764,2726.83,1201.17,28.04,21.76,610.12
4488,149.7496,770,3135.92,690.31,13.86,16.48,228.37
4488,149.7496,900,1679.6,1600.9,18.33,15.06,276.02
4488,149.7496,902,993.57,261.4,16.7,17.95,299.78
4488,149.7496,878,659.8,399.71,15.6,21.06,328.51
4488,149.7496,945,1188.8,991.17,23.78,22.52,535.62
4488,149.7496,967,3561.2,1787.1,16.47,16.42,270.51
4488,149.7496,942,1588.53,1663.69,19.16,22.31,427.33
4494,149.9498,764,2725.85,1201.47,27.39,21.35,584.84
4494,149.9498,770,3136.05,689.25,13.27,15.92,211.25
4494,149.9498,900,1678.39,1601.59,18.41,14.97,275.65
4494,149.9498,902,996.4,265.22,17.35,19.03,330.18
4494,149.9498,878,662.15,397.88,15.49,20.94,324.4
4494,149.9498,945,1188.92,991.59,22.89,21.46,491.3
4494,149.9498,967,3560.17,1785.79,16.44,16.1,264.66
4494,149.9498,942,1589.37,1661.97,18.56,21.33,395.85
4494,149.9498,958,1218.34,1225.89,15.3,20.21,309.21
4500,150.15,764,2725.12,1202.03,26.31,20.48,538.87
4500,150.15,770,3136.23,687.95,13.33,16.22,216.15
4500,150.15,900,1677.58,1602.23,18.54,15.04,278.8
4500,150.15,902,998.51,267.23,16.54,18.29,302.61
4500,150.15,878,663.54,396.51,15.5,20.95,324.68
4500,150.15,945,1188.57,992.07,24.09,22.61,544.64
4500,150.15,967,3558.91,1784.52,17.44,16.89,294.65
4500,150.15,942,1590.01,1659.93,18.21,20.65,375.96
4500,150.15,958,1219.37,1228.26,14.75,19.56,288.59
4506,150.3502,764,2724.01,1203.39,26.27,20.49,538.18
4506,150.3502,770,3135.97,685.94,13.51,16.65,224.86
4506,150.3502,900,1677.01,1603.36,18.61,15.13,281.7
4506,150.3502,902,1000.55,268.62,15.67,17.43,273.15
4506,150.3502,878,664.98,394.33,15.71,21.36,335.43
4506,150.3502,945,1189.19,993.21,26.04,24.45,636.6
4506,150.3502,967,3557.32,1783.96,17.31,16.54,286.46
4506,150.3502,942,1590.19,1658.35,18.23,20.33,370.79
4506,150.3502,958,1220.22,1229.34,14.89,19.66,292.7
4506,150.3502,771,1131.46,1614.67,15.93,17.92,285.46
4512,150.5504,764,2722.93,1204.66,26.04,20.29,528.42
4512,150.5504,770,3135.82,683.58,13.18,16.33,215.29
4512,150.5504,900,1676.54,1604.3,19.68,16.19,318.66
4512,150.5504,902,1002.46,270.36,15.15,16.83,255.0
4512,150.5504,878,666.91,391.82,15.91,21.74,345.76
4512,150.5504,945,1189.76,993.89,26.78,25.06,671.12
4512,150.5504,967,3555.97,1782.56,17.97,17.08,306.89
4512,150.5504,942,1590.38,1657.04,18.89,21.0,396.8
4512,150.5504,958,1220.58,1230.68,14.75,19.31,284.71
4512,150.5504,771,1131.42,1613.05,16.27,17.96,292.17
4518,150.7506,764,2721.87,1204.83,25.88,20.2,522.9
4518,150.7506,770,3135.49,681.67,12.81,15.92,203.9
4518,150.7506,900,1675.55,1605.05,20.74,17.41,361.17
4518,150.7506,902,1004.41,272.39,15.31,16.95,259.52
4518,150.7506,878,668.28,390.0,15.53,21.16,328.57
4518,150.7506,945,1190.43,994.35,26.86,24.92,669.38
4518,150.7506,967,3555.12,1781.4,18.11,17.08,309.27
4518,150.7506,942,1590.67,1654.46,18.83,20.62,388.36
4518,150.7506,958,1221.12,1232.43,14.78,18.97,280.39
4518,150.7506,771,1131.55,1611.12,16.49,17.95,296.12
4524,150.9508,764,2720.87,1204.64,26.35,20.64,544.07
4524,150.9508,770,3135.94,680.27,12.71,15.87,201.68
4524,150.9508,900,1674.58,1605.71,21.77,18.65,405.99
4524,150.9508,902,1006.0,274.6,15.43,16.67,257.12
4524,150.9508,878,669.5,387.91,16.04,21.61,346.67
4524,150.9508,945,1191.06,995.42,26.01,23.65,615.21
4524,150.9508,967,3554.12,1780.47,18.81,17.62,331.46
4524,150.9508,942,1590.65,1653.3,18.41,19.92,366.81
4524,150.9508,958,1223.29,1235.48,16.71,22.01,367.78
4524,150.9508,771,1131.62,1609.74,17.67,19.29,340.98
4530,151.151,764,2719.85,1205.37,26.35,20.6,542.78
4530,151.151,770,3136.33,679.4,12.94,16.23,210.03
4530,151.151,900,1673.49,1609.04,21.71,18.96,411.63
4530,151.151,902,1010.17,276.59,15.38,16.27,250.26
4530,151.151,878,670.26,385.75,16.58,21.98,364.34
4530,151.151,945,1191.11,996.26,25.66,22.73,583.3
4530,151.151,967,3553.88,1779.39,19.11,17.88,341.82
4530,151.151,942,1591.61,1651.36,18.5,19.82,366.58
4530,151.151,958,1225.52,1236.82,16.88,22.61,381.82
4530,151.151,771,1131.55,1606.64,18.05,19.72,355.96
4536,151.3512,764,2719.29,1206.25,26.46,20.6,545.0
4536,151.3512,770,3137.43,678.78,12.75,16.0,204.05
4536,151.3512,900,1672.41,1610.42,21.29,18.95,403.4
4536,151.3512,902,1012.33,278.49,15.52,16.38,254.31
4536,151.3512,878,674.13,383.04,16.48,21.65,356.78
4536,151.3512,945,1191.37,996.69,25.68,22.27,571.81
4536,151.3512,967,3553.76,1779.0,19.78,18.53,366.5
4536,151.3512,942,1592.13,1650.07,19.47,20.69,402.89
4536,151.3512,958,1226.88,1238.21,15.54,21.04,326.98
4536,151.3512,771,1131.76,1604.89,17.4,18.67,324.9
4542,151.5514,764,2718.55,1207.3,26.67,20.82,555.47
4542,151.5514,770,3138.63,677.44,12.82,16.08,206.2
4542,151.5514,900,1671.34,1611.31,20.13,18.15,365.36
4542,151.5514,902,1014.01,279.98,15.42,16.28,251.02
4542,151.5514,878,675.8,380.63,15.9,20.71,329.32
4542,151.5514,945,1191.39,996.72,25.7,21.83,561.0
4542,151.5514,967,3553.65,1778.35,20.11,18.86,379.23
4542,151.5514,942,1591.82,1648.51,19.29,20.33,392.2
4542,151.5514,958,1227.39,1239.14,14.72,20.01,294.5
4548,151.7516,764,2718.45,1208.54,26.71,20.92,558.71
4548,151.7516,770,3139.6,675.39,12.68,15.69,198.93
4548,151.7516,900,1670.71,1612.04,18.79,16.94,318.36
4548,151.7516,902,1015.95,280.81,15.04,15.81,237.74
4548,151.7516,878,676.39,378.31,15.94,20.65,329.1
4548,151.7516,945,1191.5,996.79,26.12,21.79,569.17
4548,151.7516,967,3553.46,1777.57,21.28,20.09,427.68
4548,151.7516,942,1591.91,1646.44,19.27,20.08,386.93
4548,151.7516,958,1228.13,1240.86,14.26,19.29,275.17
4548,151.7516,771,1131.84,1602.93,16.17,16.88,272.88
4554,151.9518,764,2718.88,1209.05,26.87,21.09,566.6
4554,151.9518,770,3140.66,672.86,12.67,15.55,197.03
4554,151.9518,900,1670.18,1613.0,17.47,15.63,273.03
4554,151.9518,902,1017.82,282.25,14.8,15.54,229.99
4554,151.9518,878,677.03,375.43,16.04,20.91,335.32
4554,151.9518,945,1191.69,997.29,26.06,21.38,557.05
4554,151.9518,967,3553.57,1777.37,21.44,20.38,437.01
4554,151.9518,942,1592.27,1644.66,19.69,20.31,399.93
4554,151.9518,771,1131.38,1602.16,15.95,16.27,259.58
4560,152.152,764,2718.46,1209.36,26.56,20.91,555.45
4560,152.152,770,3141.33,669.61,12.52,15.15,189.6
4560,152.152,900,1669.02,1614.09,16.81,14.97,251.58
4560,152.152,902,1019.68,283.55,15.1,15.86,239.53
4560,152.152,878,677.95,371.56,16.35,21.56,352.41
4560,152.152,945,1191.73,998.05,26.81,21.68,581.23
4560,152.152,967,3553.9,1775.1,21.5,20.66,444.07
4560,152.152,942,1592.13,1643.32,19.29,19.62,378.54
4560,152.152,958,1229.87,1242.24,13.88,18.85,261.54
4566,152.3522,764,2717.54,1209.68,26.86,21.14,567.8
4566,152.3522,770,3141.97,666.92,12.75,15.17,193.34
4566,152.3522,900,1668.31,1615.23,16.95,15.03,254.77
4566,152.3522,902,1021.88,284.53,15.4,16.15,248.67
4566,152.3522,878,679.31,368.28,16.34,21.68,354.28
4566,152.3522,945,1191.49,998.65,27.61,22.08,609.8
4566,152.3522,967,3554.12,1773.99,20.89,20.23,422.56
4566,152.3522,942,1591.96,1642.11,19.64,19.6,384.78
4566,152.3522,958,1230.97,1244.16,14.4,19.63,282.57
4566,152.3522,771,1130.04,1598.69,16.62,16.36,271.99
4572,152.5524,764,2716.47,1210.26,27.4,21.68,594.11
4572,152.5524,770,3143.04,665.43,12.78,14.96,191.16
4572,152.5524,900,1667.07,1616.38,16.75,14.78,247.49
4572,152.5524,902,1023.5,285.26,15.97,17.07,272.61
4572,152.5524,878,680.52,366.01,16.08,21.48,345.54
4572,152.5524,945,1190.49,998.8,27.94,22.16,619.18
4572,152.5524,967,3554.22,1773.25,19.97,19.35,386.46
4572,152.5524,942,1591.58,1640.77,19.34,18.92,366.03
4572,152.5524,958,1231.44,1246.03,14.6,19.98,291.77
4578,152.7526,764,2715.88,1211.88,27.55,22.01,606.31
4578,152.7526,770,3144.3,664.77,12.7,14.65,185.99
4578,152.7526,900,1665.98,1617.75,17.35,15.18,263.28
4578,152.7526,902,1024.91,286.64,15.45,16.46,254.32
4578,152.7526,878,681.13,363.71,15.64,21.09,329.94
4578,152.7526,945,1189.24,999.55,27.4,21.5,589.11
4578,152.7526,967,3554.58,1773.12,19.91,19.3,384.25
4578,152.7526,958,1232.3,1248.63,15.16,21.06,319.41
4578,152.7526,771,1127.32,1596.0,16.64,15.75,262.19
4584,152.9528,764,2715.74,1213.47,27.13,21.84,592.56
4584,152.9528,770,3145.24,664.03,13.19,15.07,198.7
4584,152.9528,900,1664.42,1619.59,17.82,15.6,277.95
4584,152.9528,902,1026.18,288.5,15.31,16.32,249.75
4584,152.9528,878,681.85,361.43,16.18,21.96,355.15
4584,152.9528,945,1188.24,1000.45,27.4,21.34,584.62
4584,152.9528,967,3554.88,1773.06,19.64,19.12,375.38
4584,152.9528,958,1232.68,1250.9,14.64,20.36,298.08
4584,152.9528,771,1126.45,1595.81,17.12,15.81,270.67
4590,153.153,764,2715.44,1214.84,27.18,22.06,599.45
4590,153.153,770,3145.89,663.11,14.38,16.41,235.99
4590,153.153,900,1663.27,1621.08,17.6,15.39,270.92
4590,153.153,902,1027.74,290.47,15.24,16.15,246.04
4590,153.153,878,681.9,358.7,15.78,21.53,339.81
4590,153.153,945,1187.33,1001.25,27.32,21.13,577.25
4590,153.153,967,3555.49,1772.84,19.1,18.61,355.54
4590,153.153,958,1232.82,1252.84,14.17,19.62,277.89
4590,153.153,771,1125.72,1595.44,17.09,15.46,264.08
4596,153.3532,764,2715.35,1216.95,27.13,22.26,603.93
4596,153.3532,770,3147.16,661.26,14.03,15.56,218.34
4596,153.3532,900,1662.76,1622.69,17.69,15.47,273.7
4596,153.3532,902,1029.59,292.07,15.33,16.3,249.93
4596,153.3532,878,682.32,356.25,15.66,21.29,333.28
4596,153.3532,945,1186.97,1002.07,28.91,22.46,649.23
4596,153.3532,967,3555.93,1772.62,18.7,18.21,340.69
4596,153.3532,958,1233.07,1254.42,14.09,19.52,274.97
4596,153.3532,771,1125.06,1595.15,17.28,15.31,264.54
4602,153.5534,764,2714.73,1218.13,26.69,22.12,590.48
4602,153.5534,770,3147.41,658.85,13.54,14.45,195.59
4602,153.5534,900,1661.8,1624.72,17.85,15.66,279.55
4602,153.5534,902,1031.57,294.21,15.48,16.51,255.57
4602,153.5534,878,682.84,353.29,15.89,21.7,344.83
4602,153.5534,945,1187.09,1003.39,28.89,22.55,651.45
4602,153.5534,967,3555.56,1772.12,18.53,17.98,333.24
4602,153.5534,958,1233.35,1256.3,14.13,19.57,276.64
4602,153.5534,771,1124.05,1594.51,17.2,14.91,256.5
4608,153.7536,764,2714.18,1218.37,26.52,22.32,591.86
4608,153.7536,770,3147.16,656.78,14.15,14.61,206.72
4608,153.7536,900,1660.96,1626.49,18.17,16.05,291.52
4608,153.7536,902,1034.02,295.6,15.41,16.49,254.19
4608,153.7536,878,684.07,349.86,15.96,21.8,347.86
4608,153.7536,945,1186.81,1003.87,27.85,21.81,607.37
4608,153.7536,967,3555.62,1770.92,18.06,17.5,316.04
4608,153.7536,958,1234.2,1257.73,13.94,19.33,269.47
4608,153.7536,771,1122.97,1594.09,17.63,14.99,264.23
4614,153.9538,764,2713.84,1218.59,26.48,22.66,600.07
4614,153.9538,770,3147.43,654.51,14.44,14.59,210.72
4614,153.9538,900,1660.36,1627.41,18.31,16.28,298.08
4614,153.9538,902,1036.34,296.69,15.27,16.34,249.5
4614,153.9538,878,685.84,347.02,15.56,21.15,329.09
4614,153.9538,945,1186.39,1003.72,26.89,21.13,568.07
4614,153.9538,967,3555.68,1769.71,18.24,17.62,321.43
4614,153.9538,958,1235.81,1259.1,13.76,19.0,261.56
4614,153.9538,771,1121.62,1592.24,17.96,14.97,268.93
4620,154.154,764,2713.46,1219.3,26.1,22.64,591.0
4620,154.154,770,3147.51,652.39,15.28,15.25,233.01
4620,154.154,900,1660.21,1627.55,18.24,16.37,298.53
4620,154.154,902,1037.93,297.06,15.22,16.4,249.61
4620,154.154,878,687.82,344.65,15.27,20.69,316.08
4620,154.154,945,1185.85,1003.19,26.86,21.22,570.05
4620,154.154,967,3555.67,1767.72,18.39,17.8,327.35
4620,154.154,958,1237.29,1260.51,13.59,18.67,253.75
4620,154.154,771,1121.03,1590.21,17.75,14.49,257.15
4626,154.3542,764,2713.24,1220.43,26.37,23.26,613.45
4626,154.3542,770,3147.43,651.24,16.42,16.3,267.67
4626,154.3542,900,1659.43,1628.01,18.24,16.47,300.44
4626,154.3542,902,1040.06,297.66,15.24,16.45,250.58
4626,154.3542,878,690.14,342.1,15.32,20.79,318.56
4626,154.3542,945,1185.56,1002.21,27.97,22.46,628.14
4626,154.3542,967,3555.09,1766.1,18.33,17.7,324.32
4626,154.3542,958,1238.15,1262.36,13.71,18.8,257.73
4626,154.3542,771,1120.61,1588.53,18.09,14.57,263.59
4632,154.5544,764,2712.93,1221.98,26.0,23.29,605.51
4632,154.5544,770,3147.29,650.68,17.2,17.02,292.61
4632,154.5544,900,1658.96,1628.97,18.64,17.14,319.33
4632,154.5544,902,1042.19,299.34,15.76,17.12,269.85
4632,154.5544,878,691.28,339.82,15.62,21.35,333.48
4632,154.5544,945,1185.47,1002.73,27.84,22.67,631.08
4632,154.5544,967,3554.83,1764.8,17.93,17.23,308.86
4632,154.5544,958,1238.99,1264.44,13.58,18.49,251.16
4632,154.5544,771,1120.18,1587.99,18.23,14.48,263.93
4638,154.7546,764,2712.79,1223.21,25.91,23.57,610.83
4638,154.7546,770,3147.55,649.94,18.44,18.46,340.57
4638,154.7546,900,1658.41,1630.84,18.48,17.26,318.98
4638,154.7546,902,1045.31,301.42,15.61,17.09,266.7
4638,154.7546,878,692.64,337.66,15.42,21.04,324.33
4638,154.7546,945,1186.04,1003.15,26.58,21.88,581.43
4638,154.7546,967,3554.7,1763.78,18.0,17.23,310.13
4638,154.7546,958,1240.02,1265.82,13.97,18.86,263.45
4638,154.7546,771,1119.87,1587.61,18.21,14.28,260.03
4644,154.9548,764,2712.74,1223.87,25.84,23.86,616.56
4644,154.9548,770,3147.45,646.13,18.02,18.03,324.92
4644,154.9548,900,1658.16,1632.23,18.19,17.21,313.01
4644,154.9548,902,1047.67,303.7,15.66,17.25,270.13
4644,154.9548,878,693.83,335.21,15.51,21.13,327.73
4644,154.9548,945,1186.75,1003.15,25.85,21.54,556.83
4644,154.9548,967,3554.85,1762.96,17.09,16.19,276.78
4644,154.9548,958,1241.04,1267.03,13.51,18.09,244.43
4644,154.9548,771,1119.65,1587.25,18.17,14.11,256.46
4650,155.155,764,2712.51,1225.22,25.64,23.94,613.83
4650,155.155,770,3147.28,643.92,16.6,16.34,271.26
4650,155.155,900,1658.73,1633.13,17.78,16.99,302.04
4650,155.155,902,1050.74,305.97,14.96,16.48,246.47
4650,155.155,878,695.95,331.97,15.63,21.36,333.79
4650,155.155,945,1187.61,1003.78,25.96,21.87,567.8
4650,155.155,967,3555.07,1762.21,16.87,15.84,267.23
4650,155.155,958,1242.47,1268.11,13.54,18.02,244.06
4650,155.155,771,1119.81,1586.49,18.66,14.41,268.99
4656,155.3552,764,2711.72,1226.73,25.51,24.07,614.09
4656,155.3552,770,3147.23,642.37,15.54,14.96,232.48
4656,155.3552,900,1658.77,1634.46,17.16,16.51,283.27
4656,155.3552,902,1053.0,307.77,15.35,16.62,255.04
4656,155.3552,878,698.8,329.06,15.45,21.22,327.72
4656,155.3552,945,1188.66,1004.32,26.1,22.32,582.58
4656,155.3552,967,3555.18,1761.4,17.05,15.97,272.19
4656,155.3552,958,1243.7,1269.45,14.19,18.72,265.56
4656,155.3552,771,1119.61,1585.68,18.9,14.57,275.24
4662,155.5554,764,2712.21,1227.99,25.39,24.22,615.11
4662,155.5554,770,3147.18,641.28,15.1,14.2,214.44
4662,155.5554,900,1658.64,1636.36,17.4,16.92,294.4
4662,155.5554,902,1057.31,308.89,16.06,17.04,273.74
4662,155.5554,878,701.62,327.89,15.27,20.95,320.0
4662,155.5554,945,1189.43,1004.43,25.85,22.32,577.09
4662,155.5554,967,3555.52,1760.04,16.69,15.57,259.9
4662,155.5554,958,1244.65,1272.42,15.71,20.63,324.02
4662,155.5554,771,1119.19,1584.91,18.82,14.43,271.62
4668,155.7556,764,2712.53,1229.27,25.06,24.18,605.94
4668,155.7556,770,3147.1,640.29,15.26,14.08,214.86
4668,155.7556,900,1658.56,1637.74,17.37,17.05,296.09
4668,155.7556,902,1059.5,309.41,16.54,17.48,289.13
4668,155.7556,878,704.19,326.21,15.3,20.96,320.58
4668,155.7556,945,1189.68,1004.42,25.67,22.38,574.58
4668,155.7556,967,3555.46,1758.83,17.11,15.93,272.57
4668,155.7556,958,1245.48,1274.12,15.7,20.16,316.56
4668,155.7556,771,1118.44,1583.66,18.46,13.98,258.02
4674,155.9558,764,2712.96,1231.52,24.72,24.15,596.93
4674,155.9558,770,3147.35,639.58,15.3,13.93,213.07
4674,155.9558,900,1659.32,1639.05,17.34,17.14,297.2
4674,155.9558,902,1061.44,310.52,18.04,19.59,353.42
4674,155.9558,878,706.98,324.04,15.52,21.44,332.76
4674,155.9558,945,1190.17,1004.05,24.45,21.4,523.12
4674,155.9558,967,3555.32,1757.92,16.49,15.21,250.74
4674,155.9558,958,1249.05,1275.21,15.78,19.76,311.84
4674,155.9558,771,1118.31,1583.46,18.93,14.26,270.05
4680,156.156,764,2713.61,1233.68,25.3,25.14,635.94
4680,156.156,770,3147.54,638.47,15.62,14.11,220.48
4680,156.156,900,1660.05,1640.45,17.48,17.5,305.89
4680,156.156,902,1064.49,314.02,16.8,18.43,309.68
4680,156.156,878,708.92,321.77,15.37,21.29,327.32
4680,156.156,945,1191.32,1003.93,24.77,21.81,540.26
4680,156.156,967,3555.83,1756.98,16.07,14.65,235.33
4680,156.156,958,1250.9,1276.94,15.87,19.63,311.47
4680,156.156,771,1118.72,1583.49,19.19,14.46,277.51
4686,156.3562,764,2713.7,1235.26,25.01,25.26,631.79
4686,156.3562,770,3147.66,636.56,15.75,14.14,222.78
4686,156.3562,900,1660.62,1642.13,17.26,17.5,301.94
4686,156.3562,902,1067.43,316.61,15.71,17.35,272.54
4686,156.3562,878,711.0,318.91,15.33,21.19,324.75
4686,156.3562,945,1193.09,1004.25,25.1,22.28,559.32
4686,156.3562,967,3556.59,1756.66,16.28,14.65,238.51
4686,156.3562,958,1251.88,1278.3,15.92,19.59,311.77
4686,156.3562,771,1118.88,1583.36,19.41,14.61,283.56
4692,156.5564,764,2713.66,1236.3,24.69,25.3,624.54
4692,156.5564,770,3147.5,634.81,15.35,13.56,208.21
4692,156.5564,900,1660.85,1643.88,17.0,17.4,295.82
4692,156.5564,902,1070.14,318.76,15.19,16.83,255.56
4692,156.5564,878,712.49,316.34,15.38,21.39,329.07
4692,156.5564,945,1194.0,1005.4,24.61,21.91,539.19
4692,156.5564,967,3557.46,1756.46,16.22,14.43,234.1
4692,156.5564,958,1252.81,1279.81,15.97,19.71,314.79
4692,156.5564,771,1118.54,1583.41,18.95,14.15,268.15
4698,156.7566,764,2713.76,1238.09,24.4,25.38,619.19
4698,156.7566,770,3147.6,634.2,15.35,13.43,206.17
4698,156.7566,900,1661.37,1646.12,17.07,17.62,300.79
4698,156.7566,902,1073.02,321.5,14.9,16.6,247.3
4698,156.7566,878,715.12,314.8,15.39,21.37,328.93
4698,156.7566,945,1195.6,1006.04,23.98,21.21,508.49
4698,156.7566,967,3557.99,1756.56,16.08,14.11,226.9
4698,156.7566,958,1254.0,1281.47,15.93,19.78,315.11
4698,156.7566,771,1118.34,1583.49,19.06,14.16,269.94
4704,156.9568,764,2714.17,1239.93,24.0,25.25,605.97
4704,156.9568,770,3147.45,633.44,15.28,13.16,201.07
4704,156.9568,900,1662.19,1647.62,17.16,17.93,307.83
4704,156.9568,902,1075.42,324.15,15.04,16.79,252.55
4704,156.9568,878,717.01,313.16,15.89,21.8,346.51
4704,156.9568,945,1196.9,1006.54,24.21,21.39,517.8
4704,156.9568,958,1255.57,1283.24,15.38,19.12,294.08
4704,156.9568,771,1118.33,1583.3,19.58,14.54,284.65
4704,156.9568,981,1583.11,1620.82,26.41,18.72,494.36
4710,157.157,764,2714.7,1242.49,23.83,25.36,604.21
4710,157.157,770,3147.2,632.3,15.78,13.41,211.58
4710,157.157,900,1662.66,1648.91,16.82,17.75,298.53
4710,157.157,902,1078.23,326.38,16.13,18.23,294.1
4710,157.157,878,721.45,312.35,16.16,21.82,352.6
4710,157.157,945,1197.85,1006.88,24.53,21.62,530.37
4710,157.157,958,1257.18,1285.58,15.86,19.89,315.58
4710,157.157,771,1118.65,1582.99,19.58,14.57,285.4
4710,157.157,981,1582.6,1620.44,25.72,18.24,469.03
4716,157.3572,764,2715.68,1244.53,23.85,25.67,612.15
4716,157.3572,770,3146.45,630.99,16.13,13.81,222.78
4716,157.3572,900,1663.33,1649.73,16.68,17.75,296.15
4716,157.3572,902,1080.96,327.78,15.53,17.64,273.92
4716,157.3572,878,723.99,310.11,15.42,20.72,319.6
4716,157.3572,945,1198.8,1006.82,24.36,21.39,521.21
4716,157.3572,958,1258.7,1287.51,16.39,20.78,340.67
4716,157.3572,771,1118.68,1582.45,18.85,13.94,262.65
4716,157.3572,981,1582.62,1619.73,26.54,18.87,500.88
4722,157.5574,764,2715.9,1246.24,23.49,25.53,599.54
4722,157.5574,770,3145.96,629.8,15.61,13.34,208.27
4722,157.5574,900,1664.05,1650.4,16.44,17.63,289.92
4722,157.5574,902,1083.59,329.24,15.06,17.09,257.37
4722,157.5574,878,725.79,307.48,15.44,20.82,321.33
4722,157.5574,945,1199.41,1006.63,24.73,21.57,533.41
4722,157.5574,958,1259.83,1289.11,15.9,20.27,322.24
4722,157.5574,771,1118.35,1582.06,19.07,14.0,266.96
4722,157.5574,981,1582.2,1618.98,27.27,19.44,530.16
4722,157.5574,967,3558.29,1754.8,19.97,17.69,353.36
4728,157.7576,764,2716.13,1247.38,22.99,25.2,579.32
4728,157.7576,770,3145.02,627.96,16.1,13.83,222.63
4728,157.7576,900,1665.08,1652.06,16.42,17.79,291.98
4728,157.7576,902,1086.25,331.04,14.64,16.58,242.73
4728,157.7576,878,727.14,304.74,15.53,21.11,327.74
4728,157.7576,945,1199.98,1005.92,25.45,22.03,560.68
4728,157.7576,958,1260.73,1290.12,15.54,19.91,309.38
4728,157.7576,771,1118.33,1581.46,19.52,14.27,278.45
4728,157.7576,981,1581.53,1618.08,25.99,18.54,481.82
4734,157.9578,764,2715.83,1248.33,23.0,25.39,583.79
4734,157.9578,770,3144.3,626.3,16.03,13.87,222.43
4734,157.9578,900,1665.91,1653.43,16.83,18.54,311.9
4734,157.9578,902,1088.87,332.67,14.87,16.93,251.76
4734,157.9578,878,728.83,302.05,15.56,21.16,329.32
4734,157.9578,945,1201.14,1005.78,25.56,22.08,564.35
4734,157.9578,958,1261.9,1291.53,15.52,20.0,310.5
4734,157.9578,771,1118.28,1580.99,20.11,14.73,296.29
4734,157.9578,981,1581.05,1617.37,25.75,18.37,473.01
4740,158.158,764,2715.23,1249.96,22.92,25.55,585.48
4740,158.158,770,3143.83,624.72,16.27,14.19,230.96
4740,158.158,900,1666.59,1654.14,17.21,19.27,331.67
4740,158.158,902,1090.96,333.83,15.9,18.27,290.4
4740,158.158,878,730.75,299.81,15.37,20.81,319.88
4740,158.158,945,1201.91,1005.47,26.18,22.59,591.34
4740,158.158,958,1262.82,1293.01,15.08,19.52,294.53
4740,158.158,771,1118.21,1580.47,20.29,14.86,301.51
4740,158.158,981,1580.35,1617.06,26.35,18.85,496.7
4746,158.3582,764,2714.81,1251.59,22.51,25.26,568.66
4746,158.3582,770,3142.78,623.61,15.98,14.01,223.82
4746,158.3582,900,1666.52,1654.56,17.41,19.92,346.84
4746,158.3582,902,1093.44,337.22,16.54,19.26,318.58
4746,158.3582,878,733.28,297.44,15.43,20.96,323.4
4746,158.3582,945,1202.32,1005.5,26.66,22.97,612.52
4746,158.3582,958,1264.15,1294.71,14.84,19.08,283.16
4746,158.3582,771,1117.92,1580.26,20.15,14.69,295.99
4746,158.3582,981,1579.64,1617.02,25.96,18.62,483.31
4752,158.5584,764,2714.76,1253.9,22.07,24.85,548.53
4752,158.5584,770,3141.87,622.94,15.9,14.03,223.09
4752,158.5584,900,1666.13,1657.26,17.13,19.96,341.94
4752,158.5584,902,1095.87,338.97,15.98,18.72,299.12
4752,158.5584,878,735.44,295.65,15.28,20.9,319.45
4752,158.5584,945,1202.49,1005.73,26.06,22.29,580.99
4752,158.5584,958,1264.67,1296.87,15.95,20.82,331.95
4752,158.5584,771,1117.1,1579.64,20.55,14.98,307.92
4752,158.5584,981,1578.68,1616.79,26.12,18.8,490.98
4752,158.5584,984,1666.01,1655.01,13.98,20.85,291.5
4758,158.7586,764,2715.5,1256.23,21.67,24.46,529.98
4758,158.7586,770,3141.99,621.98,16.15,14.35,231.75
4758,158.7586,900,1666.53,1658.51,16.45,19.47,320.3
4758,158.7586,902,1098.47,339.98,15.18,17.66,267.96
4758,158.7586,878,738.11,294.26,15.37,21.03,323.13
4758,158.7586,945,1202.7,1005.42,26.93,22.91,616.93
4758,158.7586,958,1265.62,1298.31,15.06,19.64,295.71
4758,158.7586,771,1116.98,1579.23,20.22,14.72,297.55
4758,158.7586,981,1577.91,1616.68,26.43,19.11,505.01
4764,158.9588,764,2716.16,1258.57,21.5,24.36,523.82
4764,158.9588,770,3141.41,620.56,15.91,14.16,225.26
4764,158.9588,900,1666.93,1660.27,15.4,18.46,284.35
4764,158.9588,902,1100.44,340.95,14.42,16.47,237.59
4764,158.9588,878,739.42,292.19,15.22,20.92,318.33
4764,158.9588,945,1202.94,1005.09,27.43,23.23,637.11
4764,158.9588,958,1266.49,1300.23,14.94,19.5,291.25
4764,158.9588,771,1116.66,1579.13,20.16,14.69,296.18
4764,158.9588,981,1576.49,1616.68,25.64,18.54,475.47
4770,159.159,764,2716.33,1260.32,22.19,25.34,562.35
4770,159.159,770,3140.53,618.68,15.4,13.68,210.71
4770,159.159,900,1667.64,1662.45,15.34,18.62,285.69
4770,159.159,902,1101.98,342.82,14.99,16.64,249.37
4770,159.159,878,741.2,289.17,15.72,21.72,341.38
4770,159.159,945,1202.91,1004.28,26.26,21.98,577.25
4770,159.159,958,1267.18,1301.4,14.99,19.48,291.98
4770,159.159,771,1116.06,1579.16,20.32,14.77,300.15
4770,159.159,981,1575.41,1616.06,24.68,17.87,441.17
4776,159.3592,764,2716.26,1262.17,22.09,25.42,561.4
4776,159.3592,770,3139.79,617.19,15.54,13.82,214.78
4776,159.3592,900,1669.09,1664.42,15.16,18.56,281.53
4776,159.3592,902,1106.24,344.4,14.87,16.16,240.32
4776,159.3592,878,742.92,285.68,15.52,21.47,333.24
4776,159.3592,945,1203.13,1003.2,26.88,22.31,599.81
4776,159.3592,958,1267.64,1302.68,14.89,19.22,286.17
4776,159.3592,771,1115.32,1579.16,20.35,14.76,300.42
4776,159.3592,981,1574.67,1615.67,25.69,18.71,480.77
4782,159.5594,764,2716.27,1263.45,21.67,25.06,542.97
4782,159.5594,770,3139.63,615.52,15.41,13.67,210.65
4782,159.5594,900,1669.63,1666.0,15.01,18.51,277.83
4782,159.5594,902,1108.37,345.62,14.91,16.12,240.35
4782,159.5594,878,744.35,283.01,15.3,21.18,323.98
4782,159.5594,945,1202.94,1003.06,28.23,23.45,662.18
4782,159.5594,958,1268.72,1304.26,14.52,18.73,271.98
4782,159.5594,771,1114.36,1579.05,20.02,14.52,290.71
4782,159.5594,981,1574.03,1615.75,24.99,18.27,456.59
4788,159.7596,764,2716.77,1265.3,21.54,24.93,537.0
4788,159.7596,770,3139.36,614.06,15.84,14.13,223.81
4788,159.7596,900,1669.98,1667.68,15.15,18.82,285.06
4788,159.7596,902,1110.31,346.91,14.63,15.74,230.29
4788,159.7596,878,746.12,280.5,15.47,21.59,334.1
4788,159.7596,945,1202.57,1002.91,26.98,22.08,595.71
4788,159.7596,958,1269.85,1306.15,15.58,20.22,314.95
4788,159.7596,771,1113.84,1578.96,19.86,14.4,285.93
4788,159.7596,981,1573.38,1615.85,24.47,17.92,438.57
4794,159.9598,764,2717.62,1267.4,21.31,24.78,528.04
4794,159.9598,770,3139.28,612.73,15.51,13.83,214.41
4794,159.9598,900,1670.79,1669.59,14.89,18.51,275.56
4794,159.9598,902,1113.27,348.21,15.38,16.61,255.51
4794,159.9598,878,748.58,278.31,15.45,21.68,334.89
4794,159.9598,945,1203.13,1002.44,27.19,21.99,597.92
4794,159.9598,958,1270.67,1307.2,16.17,21.26,343.7
4794,159.9598,771,1113.79,1578.81,19.62,14.2,278.59
4794,159.9598,981,1572.81,1616.29,25.91,19.06,493.94
4800,160.16,764,2718.33,1269.83,21.58,25.26,545.19
4800,160.16,770,3139.49,611.77,15.47,13.77,213.04
4800,160.16,900,1671.8,1671.0,15.2,18.97,288.41
4800,160.16,902,1116.31,349.52,15.15,16.34,247.55
4800,160.16,878,751.06,276.8,15.46,21.9,338.56
4800,160.16,945,1202.91,1002.1,27.58,22.2,612.22
4800,160.16,958,1271.95,1308.19,17.23,22.93,395.05
4800,160.16,771,1113.45,1578.93,19.84,14.35,284.73
4800,160.16,981,1571.84,1616.81,24.98,18.44,460.72
4806,160.3602,764,2719.0,1272.08,21.56,25.45,548.74
4806,160.3602,770,3139.49,610.41,15.45,13.75,212.4
4806,160.3602,900,1673.1,1672.1,14.98,18.78,281.27
4806,160.3602,902,1118.96,351.15,15.49,16.7,258.66
4806,160.3602,878,752.98,274.58,15.23,21.5,327.46
4806,160.3602,945,1203.35,1001.64,28.02,22.37,626.6
4806,160.3602,958,1273.78,1310.24,16.09,20.72,333.29
4806,160.3602,771,1112.95,1578.7,20.2,14.57,294.23
4806,160.3602,981,1571.27,1616.55,25.07,18.63,466.94
4812,160.5604,764,2719.45,1273.85,21.92,26.07,571.47
4812,160.5604,770,3139.33,608.66,15.54,13.86,215.36
4812,160.5604,900,1674.2,1673.68,14.48,18.27,264.54
4812,160.5604,902,1121.8,352.35,15.47,16.63,257.17
4812,160.5604,878,754.11,271.75,15.31,21.74,332.93
4812,160.5604,945,1203.07,1000.74,28.31,22.5,636.91
4812,160.5604,958,1274.63,1311.76,15.63,19.59,306.12
4812,160.5604,771,1112.46,1578.69,19.98,14.37,287.03
4812,160.5604,981,1570.57,1616.45,25.48,19.16,488.32
4818,160.7606,764,2719.77,1275.17,21.69,25.92,562.01
4818,160.7606,770,3139.04,606.49,15.63,14.02,219.14
4818,160.7606,900,1675.26,1675.38,14.01,17.53,245.59
4818,160.7606,902,1124.3,353.83,15.64,16.72,261.39
4818,160.7606,878,755.03,268.25,15.39,21.95,337.81
4818,160.7606,945,1202.52,999.5,28.29,22.29,630.45
4818,160.7606,958,1275.09,1313.33,15.94,19.66,313.23
4818,160.7606,771,1112.15,1578.79,20.44,14.72,300.83
4818,160.7606,981,1569.56,1616.17,25.16,19.0,477.97
4824,160.9608,764,2720.45,1276.42,21.54,25.82,556.11
4824,160.9608,770,3138.92,604.48,16.59,15.06,249.77
4824,160.9608,900,1676.11,1676.63,14.0,17.19,240.69
4824,160.9608,902,1125.88,354.31,15.83,16.6,262.91
4824,160.9608,878,756.1,265.09,15.63,22.36,349.4
4824,160.9608,945,1202.08,998.16,28.68,22.44,643.66
4824,160.9608,958,1275.4,1314.72,16.16,19.71,318.39
4824,160.9608,771,1111.51,1578.78,20.82,15.01,312.5
4824,160.9608,981,1568.83,1616.2,26.05,19.89,518.06
4830,161.161,764,2721.22,1278.12,21.28,25.71,547.08
4830,161.161,770,3138.37,603.02,18.21,16.91,307.94
4830,161.161,900,1676.1,1677.96,15.48,18.87,292.22
4830,161.161,902,1129.75,354.73,16.1,16.55,266.33
4830,161.161,878,757.69,261.42,15.24,21.79,332.15
4830,161.161,945,1201.3,996.96,28.98,22.58,654.41
4830,161.161,958,1275.83,1316.35,15.89,19.23,305.49
4830,161.161,771,1110.44,1578.54,20.38,14.68,299.14
4830,161.161,981,1568.05,1616.54,26.3,20.33,534.75
4836,161.3612,764,2721.74,1280.09,21.13,25.74,543.87
4836,161.3612,770,3137.98,602.07,19.28,18.43,355.26
4836,161.3612,900,1675.41,1681.04,16.38,19.73,323.16
4836,161.3612,902,1131.32,355.26,16.31,16.53,269.62
4836,161.3612,878,758.99,258.71,15.21,21.79,331.32
4836,161.3612,945,1200.94,995.98,29.05,22.52,654.03
4836,161.3612,958,1276.11,1317.75,16.02,19.32,309.44
4836,161.3612,771,1109.13,1578.04,20.25,14.56,294.78
4836,161.3612,981,1567.01,1616.87,25.96,20.22,525.07
4842,161.5614,764,2722.13,1281.86,21.25,26.12,554.98
4842,161.5614,770,3137.58,598.27,18.6,18.14,337.4
4842,161.5614,900,1676.04,1682.5,16.35,19.47,318.32
4842,161.5614,902,1133.04,355.81,16.16,16.31,263.58
4842,161.5614,878,759.68,256.19,15.21,21.73,330.47
4842,161.5614,945,1200.54,995.42,28.65,22.16,634.7
4842,161.5614,958,1276.3,1318.83,16.92,20.56,347.97
4842,161.5614,771,1108.36,1577.6,19.96,14.3,285.39
4842,161.5614,981,1565.89,1616.66,25.81,20.34,524.95
4848,161.7616,764,2722.52,1283.6,20.89,25.74,537.66
4848,161.7616,770,3137.31,596.08,16.92,16.62,281.3
4848,161.7616,902,1135.84,356.89,16.93,17.23,291.8
4848,161.7616,878,761.6,253.55,15.06,21.57,324.71
4848,161.7616,945,1200.12,994.73,28.78,22.1,635.96
4848,161.7616,958,1276.3,1321.23,16.89,20.59,347.78
4848,161.7616,771,1107.61,1577.08,19.68,14.05,276.39
4848,161.7616,981,1564.82,1617.01,26.24,20.98,550.64
4848,161.7616,992,3558.64,1747.76,22.16,16.48,365.13
4854,161.9618,764,2723.21,1284.96,21.11,26.09,550.72
4854,161.9618,770,3137.08,594.92,15.51,15.3,237.36
4854,161.9618,902,1138.61,357.89,18.14,18.82,341.46
4854,161.9618,878,763.5,251.66,14.95,21.34,318.99
4854,161.9618,945,1199.44,993.85,29.59,22.7,671.83
4854,161.9618,958,1276.6,1322.54,16.28,19.78,322.03
4854,161.9618,771,1107.29,1577.05,20.1,14.36,288.61
4854,161.9618,981,1564.29,1617.39,26.01,21.06,547.95
4854,161.9618,992,3559.52,1747.59,22.55,16.78,378.4
4860,162.162,764,2723.47,1286.77,20.89,25.96,542.41
4860,162.162,770,3136.87,593.65,14.81,14.61,216.26
4860,162.162,902,1141.41,361.07,18.41,19.33,355.98
4860,162.162,878,764.49,249.27,15.19,21.44,325.58
4860,162.162,945,1198.94,993.01,29.54,22.71,670.98
4860,162.162,958,1277.0,1323.47,15.6,18.76,292.7
4860,162.162,771,1106.34,1577.31,20.21,14.4,291.1
4860,162.162,981,1562.81,1617.78,25.84,21.13,545.89
4860,162.162,992,3558.82,1747.1,21.69,16.14,350.12
4866,162.3622,764,2724.28,1288.96,21.07,26.36,555.25
4866,162.3622,770,3136.75,591.74,14.45,14.21,205.39
4866,162.3622,902,1144.19,362.77,17.55,18.58,326.1
4866,162.3622,878,764.84,246.05,15.53,21.81,338.68
4866,162.3622,945,1198.94,992.46,29.95,23.05,690.38
4866,162.3622,958,1277.9,1324.59,15.53,18.49,287.27
4866,162.3622,771,1105.81,1577.7,20.42,14.53,296.68
4866,162.3622,981,1562.07,1618.16,25.84,21.41,553.14
4866,162.3622,992,3558.88,1746.7,21.93,16.34,358.25
4872,162.5624,764,2725.31,1291.45,20.73,26.11,541.28
4872,162.5624,770,3136.49,590.19,14.64,14.39,210.74
4872,162.5624,902,1146.55,363.3,17.36,18.42,319.78
4872,162.5624,878,765.62,242.45,16.15,22.35,360.93
4872,162.5624,945,1198.8,991.82,29.22,22.47,656.46
4872,162.5624,958,1279.03,1326.71,15.5,18.3,283.65
4872,162.5624,771,1105.55,1578.2,21.19,15.11,320.21
4872,162.5624,981,1561.76,1619.35,25.92,21.81,565.23
4872,162.5624,992,3559.38,1746.51,21.86,16.29,356.09
4878,162.7626,764,2726.96,1293.67,20.79,26.35,547.82
4878,162.7626,770,3136.7,588.46,14.48,14.24,206.25
4878,162.7626,902,1148.96,364.0,16.51,17.29,285.39
4878,162.7626,878,769.74,240.58,16.14,22.11,356.89
4878,162.7626,945,1198.9,990.95,29.1,22.45,653.42
4878,162.7626,958,1280.17,1328.69,15.8,18.57,293.47
4878,162.7626,771,1105.27,1578.2,21.4,15.28,326.99
4878,162.7626,981,1561.83,1620.04,25.58,21.83,558.24
4878,162.7626,992,3559.75,1746.12,21.38,15.97,341.33
4884,162.9628,764,2728.85,1295.91,20.46,26.07,533.28
4884,162.9628,770,3136.92,586.54,14.77,14.56,215.07
4884,162.9628,902,1153.19,364.47,16.43,16.78,275.65
4884,162.9628,878,772.04,238.62,16.11,22.09,355.99
4884,162.9628,945,1198.69,989.87,31.44,24.43,768.09
4884,162.9628,958,1281.47,1330.33,15.78,18.43,290.88
4884,162.9628,771,1105.11,1577.8,20.69,14.66,303.24
4884,162.9628,981,1561.65,1620.8,25.49,22.1,563.14
4884,162.9628,992,3560.56,1745.16,21.48,16.05,344.85
4884,162.9628,994,1686.9,1696.61,13.67,16.95,231.66
4890,163.163,764,2730.29,1297.6,20.72,26.69,552.99
4890,163.163,770,3136.8,584.88,14.32,14.06,201.22
4890,163.163,902,1156.09,365.57,16.17,16.47,266.36
4890,163.163,878,774.64,236.83,15.67,21.47,336.4
4890,163.163,945,1198.3,989.25,30.96,24.19,748.85
4890,163.163,958,1282.48,1331.41,16.11,18.74,302.05
4890,163.163,771,1104.93,1577.06,20.67,14.55,300.72
4890,163.163,981,1561.1,1621.22,25.74,22.78,586.47
4890,163.163,992,3560.5,1744.39,21.48,16.03,344.47
4890,163.163,994,1688.02,1697.21,15.45,19.2,296.51
4896,163.3632,764,2730.98,1298.83,20.89,27.24,569.06
4896,163.3632,770,3136.56,583.33,14.38,14.12,203.1
4896,163.3632,902,1158.55,366.93,15.87,16.2,257.05
4896,163.3632,878,776.78,235.12,15.45,21.15,326.63
4896,163.3632,945,1198.6,988.26,29.77,23.36,695.32
4896,163.3632,958,1283.23,1332.28,16.26,18.76,305.05
4896,163.3632,771,1104.91,1577.01,21.06,14.78,311.35
4896,163.3632,981,1560.26,1621.62,25.79,23.25,599.47
4896,163.3632,992,3560.53,1743.32,21.55,16.11,347.13
4896,163.3632,994,1689.41,1698.69,15.9,19.81,315.03
4902,163.5634,764,2731.94,1300.6,20.45,26.88,549.71
4902,163.5634,770,3136.79,581.73,14.3,14.0,200.22
4902,163.5634,902,1161.74,367.91,15.91,16.21,257.92
4902,163.5634,878,778.81,233.5,15.02,20.57,309.12
4902,163.5634,945,1198.68,987.23,30.62,24.19,740.65
4902,163.5634,958,1283.61,1333.4,16.37,18.77,307.21
4902,163.5634,771,1105.03,1577.04,20.58,14.36,295.43
4902,163.5634,981,1559.71,1622.3,25.17,23.16,582.76
4902,163.5634,992,3560.56,1742.47,21.38,16.07,343.58
4902,163.5634,994,1690.47,1700.45,15.35,19.11,293.32
4908,163.7636,764,2732.71,1302.74,20.18,26.53,535.49
4908,163.7636,770,3136.52,579.5,14.57,14.18,206.58
4908,163.7636,902,1164.96,369.35,15.91,16.22,258.04
4908,163.7636,878,780.29,231.08,14.83,20.16,299.12
4908,163.7636,945,1198.66,986.71,30.68,24.48,750.89
4908,163.7636,958,1284.22,1334.3,16.61,18.92,314.14
4908,163.7636,771,1105.08,1577.53,21.53,15.05,324.16
4908,163.7636,981,1559.83,1622.57,24.52,23.01,564.22
4908,163.7636,992,3560.39,1742.04,20.94,15.78,330.45
4908,163.7636,994,1692.35,1701.97,16.13,20.19,325.65
4914,163.9638,764,2733.84,1304.9,19.96,26.21,523.21
4914,163.9638,770,3136.32,577.45,14.86,14.42,214.28
4914,163.9638,902,1168.3,370.79,16.17,16.52,267.14
4914,163.9638,878,781.96,228.0,14.9,20.15,300.3
4914,163.9638,945,1198.79,985.83,30.86,24.87,767.45
4914,163.9638,958,1285.72,1334.86,16.35,18.52,302.84
4914,163.9638,771,1104.94,1578.02,21.27,14.8,314.78
4914,163.9638,981,1559.11,1623.46,24.63,23.45,577.48
4914,163.9638,992,3560.19,1741.08,21.41,16.21,347.16
4914,163.9638,994,1693.89,1704.64,16.74,21.12,353.46
4920,164.164,764,2734.77,1307.62,20.35,26.57,540.61
4920,164.164,770,3136.13,575.69,14.76,14.2,209.55
4920,164.164,902,1171.29,371.89,16.17,16.6,268.44
4920,164.164,878,784.58,224.96,14.98,20.12,301.43
4920,164.164,945,1198.53,985.07,31.0,25.21,781.48
4920,164.164,958,1286.98,1336.65,16.82,19.05,320.38
4920,164.164,771,1103.77,1578.15,21.85,15.17,331.51
4920,164.164,981,1559.27,1624.35,24.3,23.6,573.63
4920,164.164,992,3559.4,1740.48,21.44,16.34,350.2
4920,164.164,994,1695.37,1706.66,15.97,20.27,323.61
4926,164.3642,764,2737.07,1310.06,20.4,26.65,543.49
4926,164.3642,770,3135.78,574.07,14.14,13.29,187.89
4926,164.3642,902,1173.49,372.36,16.42,16.67,273.75
4926,164.3642,878,787.32,223.13,14.94,19.82,296.15
4926,164.3642,958,1288.5,1338.34,16.71,18.97,317.01
4926,164.3642,771,1104.46,1577.7,22.05,15.32,337.79
4926,164.3642,981,1559.45,1625.15,24.31,23.94,581.97
4926,164.3642,992,3559.27,1739.11,20.33,15.56,316.33
4926,164.3642,994,1696.96,1708.09,15.44,19.68,303.91
4932,164.5644,764,2738.48,1312.06,20.51,27.03,554.39
4932,164.5644,770,3134.56,571.84,15.4,14.57,224.4
4932,164.5644,902,1178.05,373.23,16.11,16.1,259.29
4932,164.5644,878,789.58,221.68,15.29,19.72,301.55
4932,164.5644,958,1289.42,1339.9,16.68,18.89,314.97
4932,164.5644,771,1103.35,1577.4,22.23,15.47,343.99
4932,164.5644,981,1559.21,1625.9,23.9,23.83,569.65
4932,164.5644,992,3559.08,1737.72,20.07,15.52,311.45
4932,164.5644,994,1698.77,1709.87,15.1,19.31,291.55
4932,164.5644,945,1198.68,982.67,30.62,25.26,773.47
4938,164.7646,764,2739.28,1313.4,20.36,26.89,547.59
4938,164.7646,770,3134.17,570.6,15.1,14.21,214.63
4938,164.7646,902,1180.88,375.08,16.36,16.44,268.99
4938,164.7646,878,793.32,220.23,15.15,18.87,285.84
4938,164.7646,958,1290.03,1340.73,16.72,18.93,316.59
4938,164.7646,771,1102.96,1576.98,22.63,15.82,357.89
4938,164.7646,981,1558.54,1626.37,22.96,23.22,533.26
4938,164.7646,992,3558.22,1736.89,19.7,15.3,301.43
4938,164.7646,994,1699.99,1711.68,15.38,19.63,301.88
4938,164.7646,945,1199.2,981.84,30.5,25.47,776.76
4944,164.9648,764,2740.09,1314.68,20.09,26.49,532.21
4944,164.9648,770,3133.61,569.16,14.92,13.97,208.49
4944,164.9648,902,1183.64,376.87,15.71,15.84,248.89
4944,164.9648,878,796.0,218.95,14.94,18.34,274.06
4944,164.9648,958,1290.82,1341.22,16.7,18.86,315.04
4944,164.9648,771,1102.76,1576.92,22.37,15.67,350.42
4944,164.9648,981,1558.59,1626.8,22.96,23.48,538.97
4944,164.9648,992,3557.34,1735.77,19.8,15.53,307.58
4944,164.9648,994,1700.96,1713.81,15.88,20.1,319.18
4944,164.9648,945,1198.89,980.13,30.09,25.53,768.11
4950,165.165,764,2740.6,1316.04,20.11,26.56,534.11
4950,165.165,770,3132.52,567.55,14.86,13.79,204.95
4950,165.165,902,1186.62,378.9,15.74,15.93,250.62
4950,165.165,878,798.41,217.99,15.34,18.68,286.65
4950,165.165,958,1291.44,1341.85,16.9,19.07,322.27
4950,165.165,771,1102.71,1577.12,22.77,16.04,365.38
4950,165.165,981,1558.14,1627.79,23.34,24.28,566.61
4950,165.165,992,3556.52,1734.47,20.51,16.3,334.46
4950,165.165,994,1703.28,1716.58,16.53,21.22,350.87
4950,165.165,945,1198.9,979.04,30.59,26.44,809.02
4956,165.3652,764,2741.58,1318.32,20.18,26.76,539.87
4956,165.3652,770,3131.38,566.09,14.94,13.8,206.21
4956,165.3652,902,1189.39,379.99,15.74,15.9,250.33
4956,165.3652,878,800.99,215.0,16.54,20.13,332.84
4956,165.3652,958,1292.06,1342.47,17.48,19.93,348.5
4956,165.3652,771,1102.68,1577.38,22.8,16.15,368.17
4956,165.3652,981,1557.63,1628.82,22.75,24.07,547.59
4956,165.3652,992,3556.01,1733.61,20.31,16.31,331.4
4956,165.3652,994,1705.06,1717.71,16.43,21.39,351.55
4956,165.3652,945,1198.75,978.05,30.39,26.8,814.52
4962,165.5654,764,2742.7,1321.44,20.19,26.91,543.37
4962,165.5654,770,3130.17,564.57,14.63,13.49,197.45
4962,165.5654,902,1191.85,380.62,16.0,16.32,261.07
4962,165.5654,878,802.98,213.32,16.08,19.47,313.13
4962,165.5654,958,1292.63,1344.85,17.97,20.62,370.51
4962,165.5654,771,1102.48,1577.7,22.52,16.05,361.43
4962,165.5654,981,1557.26,1629.98,22.35,24.0,536.44
4962,165.5654,992,3555.29,1732.81,19.77,16.0,316.27
4962,165.5654,994,1706.26,1718.52,15.64,20.59,322.05
4962,165.5654,945,1198.75,976.94,29.51,26.42,779.59
4968,165.7656,764,2743.78,1323.73,19.91,26.46,526.88
4968,165.7656,770,3128.91,562.96,14.71,13.52,199.01
4968,165.7656,902,1194.82,381.3,16.8,17.44,292.95
4968,165.7656,878,805.49,212.07,15.63,18.76,293.28
4968,165.7656,958,1293.19,1346.32,17.32,19.71,341.24
4968,165.7656,771,1102.35,1577.79,22.66,16.28,368.95
4968,165.7656,981,1557.18,1630.61,22.41,24.52,549.56
4968,165.7656,992,3554.66,1731.73,20.28,16.54,335.46
4968,165.7656,994,1707.62,1719.63,14.94,19.72,294.62
4968,165.7656,945,1198.69,975.73,28.94,26.32,761.56
4974,165.9658,764,2744.69,1325.26,19.79,26.12,516.82
4974,165.9658,770,3127.61,561.51,14.54,13.31,193.52
4974,165.9658,902,1197.17,382.1,18.18,19.0,345.44
4974,165.9658,878,808.34,210.83,15.51,18.46,286.31
4974,165.9658,958,1293.45,1347.49,16.54,18.53,306.53
4974,165.9658,771,1102.21,1577.7,22.38,16.2,362.55
4974,165.9658,981,1557.13,1631.39,22.17,24.68,547.08
4974,165.9658,992,3553.82,1730.91,21.42,17.57,376.27
4974,165.9658,994,1709.36,1721.32,14.42,19.14,275.97
4974,165.9658,945,1198.78,973.66,28.29,26.11,738.53
4980,166.166,764,2745.58,1326.71,19.77,26.13,516.55
4980,166.166,770,3126.58,560.71,14.33,13.12,188.08
4980,166.166,902,1201.38,385.34,18.34,19.0,348.56
4980,166.166,878,811.49,209.83,15.9,18.96,301.44
4980,166.166,958,1293.81,1348.7,16.98,18.77,318.73
4980,166.166,771,1102.21,1577.45,22.32,16.28,363.44
4980,166.166,981,1556.98,1632.2,22.14,25.11,555.71
4980,166.166,992,3553.31,1729.91,23.34,19.38,452.25
4980,166.166,994,1711.27,1722.99,13.97,18.47,258.06
4980,166.166,945,1198.85,972.59,28.58,27.02,772.45
4980,166.166,1000,1197.74,386.5,17.18,19.0,326.47
4986,166.3662,764,2746.41,1328.46,19.96,26.42,527.33
4986,166.3662,770,3125.41,559.52,14.26,12.98,185.14
4986,166.3662,902,1203.88,387.18,17.25,17.85,307.91
4986,166.3662,878,813.69,209.03,16.31,19.12,311.84
4986,166.3662,958,1294.03,1349.62,16.94,18.4,311.7
4986,166.3662,771,1102.35,1577.21,21.94,16.05,352.14
4986,166.3662,981,1556.51,1633.01,21.83,25.16,549.32
4986,166.3662,992,3551.13,1726.74,22.82,19.14,436.7
4986,166.3662,994,1713.2,1724.8,14.15,18.69,264.41
4986,166.3662,945,1198.41,971.09,28.43,27.4,778.9
4992,166.5664,764,2747.19,1329.84,19.93,26.55,529.08
4992,166.5664,770,3124.47,557.42,15.0,13.64,204.67
4992,166.5664,902,1206.24,388.4,15.86,16.4,260.16
4992,166.5664,878,817.99,207.67,16.86,19.64,331.22
4992,166.5664,958,1294.08,1350.24,16.93,18.07,305.84
4992,166.5664,771,1102.39,1577.23,21.92,16.11,353.0
4992,166.5664,981,1556.38,1633.86,21.05,24.63,518.57
4992,166.5664,992,3549.94,1725.11,21.61,18.27,394.87
4992,166.5664,994,1714.81,1726.4,15.1,20.08,303.26
4992,166.5664,945,1198.53,969.43,27.51,26.92,740.47
4992,166.5664,1002,1297.55,1349.68,20.96,18.06,378.62
4998,166.7666,764,2748.21,1331.75,19.75,26.27,518.82
4998,166.7666,770,3123.74,556.14,16.23,14.81,240.36
4998,166.7666,902,1208.57,389.46,15.1,15.48,233.65
4998,166.7666,878,820.31,206.45,16.9,19.83,335.1
4998,166.7666,958,1294.27,1350.65,17.04,17.82,303.6
4998,166.7666,771,1102.41,1577.52,22.16,16.38,363.1
4998,166.7666,992,3548.97,1723.84,19.77,16.59,328.01
4998,166.7666,994,1716.54,1727.11,15.52,20.87,323.9
4998,166.7666,945,1198.96,967.18,26.71,26.43,706.15
4998,166.7666,1002,1297.83,1350.03,20.7,17.85,369.46
5004,166.9668,764,2749.38,1333.63,19.88,26.42,525.26
5004,166.9668,770,3122.72,555.55,17.15,15.51,265.99
5004,166.9668,902,1211.2,390.97,14.73,14.9,219.6
5004,166.9668,878,822.57,205.28,17.09,20.4,348.61
5004,166.9668,771,1102.26,1577.99,21.88,16.27,355.92
5004,166.9668,992,3548.44,1723.16,19.41,16.23,314.92
5004,166.9668,994,1717.9,1727.25,15.55,21.03,327.07
5004,166.9668,945,1199.18,966.15,26.57,26.71,709.87
5004,166.9668,1002,1298.43,1351.28,20.47,17.69,362.22
5004,166.9668,981,1556.16,1635.57,20.83,24.78,516.07
5010,167.167,764,2750.28,1335.76,20.01,26.67,533.68
5010,167.167,770,3118.97,554.73,18.77,17.06,320.21
5010,167.167,902,1213.71,392.09,14.98,15.1,226.18
5010,167.167,878,824.82,203.51,17.33,20.95,363.06
5010,167.167,771,1102.25,1578.07,21.51,16.05,345.19
5010,167.167,992,3547.52,1722.47,19.56,16.31,319.04
5010,167.167,994,1719.5,1729.5,15.09,20.46,308.75
5010,167.167,945,1199.15,965.24,26.27,26.85,705.31
5010,167.167,1002,1298.85,1352.71,20.16,17.49,352.64
5010,167.167,981,1556.21,1637.06,20.57,24.79,509.98
5016,167.3672,764,2751.13,1337.9,19.65,26.33,517.37
5016,167.3672,770,3117.18,550.62,19.32,17.76,343.07
5016,167.3672,902,1216.38,393.44,15.39,15.47,238.11
5016,167.3672,878,827.2,202.15,17.8,21.92,390.2
5016,167.3672,771,1102.14,1577.93,21.17,15.84,335.37
5016,167.3672,992,3547.01,1721.41,19.3,16.01,309.11
5016,167.3672,994,1721.68,1731.27,14.33,19.2,275.14
5016,167.3672,945,1199.2,963.92,26.37,27.39,722.34
5016,167.3672,1002,1299.13,1354.28,19.9,17.35,345.26
5016,167.3672,981,1556.24,1637.96,20.43,25.03,511.28
5022,167.5674,764,2752.11,1339.46,19.47,26.08,507.7
5022,167.5674,770,3116.14,548.49,18.37,17.01,312.33
5022,167.5674,902,1219.55,395.1,15.17,15.14,229.56
5022,167.5674,878,829.84,201.03,17.16,21.4,367.24
5022,167.5674,771,1102.06,1577.92,21.24,15.98,339.57
5022,167.5674,992,3546.02,1720.09,19.85,16.41,325.58
5022,167.5674,994,1723.58,1733.55,14.15,18.73,264.95
5022,167.5674,945,1199.37,962.06,26.17,27.54,720.82
5022,167.5674,1002,1299.4,1355.0,20.32,17.87,363.24
5022,167.5674,981,1555.95,1639.08,20.78,25.76,535.25
5028,167.7676,764,2752.99,1340.76,19.37,25.9,501.82
5028,167.7676,770,3114.81,547.3,16.99,15.83,268.9
5028,167.7676,902,1221.39,396.18,15.8,15.59,246.29
5028,167.7676,878,831.85,199.58,17.07,21.58,368.43
5028,167.7676,771,1101.88,1578.31,21.16,16.03,339.04
5028,167.7676,992,3544.06,1717.65,20.65,17.05,352.17
5028,167.7676,994,1724.95,1735.68,13.97,17.95,250.87
5028,167.7676,945,1199.4,960.08,24.87,26.31,654.27
5028,167.7676,1002,1299.36,1355.61,20.34,18.04,366.84
5034,167.9678,764,2753.59,1342.06,19.61,26.24,514.46
5034,167.9678,770,3113.23,546.31,15.33,14.22,218.1
5034,167.9678,902,1222.49,397.13,15.91,15.32,243.69
5034,167.9678,878,833.33,197.38,16.95,21.7,367.85
5034,167.9678,771,1101.68,1579.02,21.15,16.16,341.85
5034,167.9678,992,3542.54,1716.03,20.22,16.61,335.86
5034,167.9678,994,1725.55,1737.23,14.18,17.69,250.92
5034,167.9678,945,1199.47,958.35,24.62,26.22,645.43
5034,167.9678,1002,1299.23,1356.18,20.33,18.19,369.86
5034,167.9678,981,1555.41,1640.88,19.92,24.85,495.19
5040,168.168,764,2754.38,1344.18,19.65,26.32,517.12
5040,168.168,770,3111.9,545.18,14.86,13.68,203.22
5040,168.168,902,1225.68,398.19,16.05,15.04,241.35
5040,168.168,878,834.25,195.96,16.79,21.77,365.69
5040,168.168,771,1101.25,1579.54,21.03,16.27,342.06
5040,168.168,992,3540.88,1714.84,20.18,16.52,333.45
5040,168.168,994,1726.24,1738.72,14.89,17.99,267.91
5040,168.168,945,1199.03,956.45,24.06,25.82,621.15
5040,168.168,1005,1223.04,397.85,20.71,15.08,312.21
5040,168.168,981,1555.23,1642.65,19.89,25.1,499.24
5040,168.168,958,1298.95,1357.85,17.4,18.09,314.78
5046,168.3682,764,2755.57,1346.22,19.98,26.94,538.11
5046,168.3682,770,3110.61,542.88,14.49,13.22,191.56
5046,168.3682,902,1227.49,399.11,16.29,15.14,246.61
5046,168.3682,878,835.28,194.04,16.08,21.13,339.7
5046,168.3682,771,1100.43,1579.81,20.92,16.28,340.6
5046,168.3682,992,3539.81,1714.07,20.14,16.35,329.3
5046,168.3682,994,1729.67,1739.86,15.31,18.08,276.86
5046,168.3682,945,1198.57,953.82,23.59,25.51,601.65
5046,168.3682,981,1554.87,1644.07,19.81,25.16,498.43
5046,168.3682,958,1299.28,1358.77,17.48,18.15,317.18
5052,168.5684,764,2756.66,1348.01,20.01,27.17,543.53
5052,168.5684,770,3109.19,541.16,14.81,13.51,200.07
5052,168.5684,902,1229.11,400.29,16.38,15.21,249.07
5052,168.5684,878,836.2,191.83,15.96,21.25,339.16
5052,168.5684,771,1099.2,1580.07,20.8,16.31,339.18
5052,168.5684,992,3539.04,1713.42,20.63,16.7,344.5
5052,168.5684,994,1731.29,1741.14,15.07,17.48,263.43
5052,168.5684,958,1299.39,1360.43,18.02,18.8,338.68
5058,168.7686,764,2757.37,1349.83,19.62,26.68,523.34
5058,168.7686,770,3107.75,540.2,14.47,13.07,189.14
5058,168.7686,902,1230.82,401.54,16.14,14.89,240.41
5058,168.7686,878,837.46,189.42,16.39,22.04,361.33
5058,168.7686,771,1097.66,1580.28,20.91,16.5,345.03
5058,168.7686,992,3538.58,1713.03,20.92,16.88,353.06
5058,168.7686,994,1732.72,1743.06,15.13,17.41,263.48
5058,168.7686,958,1299.06,1361.82,18.28,19.0,347.25
5058,168.7686,945,1197.91,950.93,23.62,25.65,605.97
5064,168.9688,764,2758.1,1351.96,19.37,26.23,508.07
5064,168.9688,770,3106.63,539.06,14.28,12.75,182.13
5064,168.9688,902,1233.25,403.07,16.54,15.26,252.49
5064,168.9688,878,838.77,187.45,16.13,21.89,353.12
5064,168.9688,771,1096.89,1580.48,21.08,16.83,354.73
5064,168.9688,992,3538.43,1713.01,20.71,16.67,345.17
5064,168.9688,994,1734.86,1745.83,15.32,17.58,269.35
5064,168.9688,958,1298.87,1363.39,18.44,19.1,352.13
5064,168.9688,945,1197.95,950.63,24.0,26.17,628.19
5070,169.169,764,2759.65,1354.29,19.78,26.72,528.6
5070,169.169,770,3106.13,537.49,14.64,12.94,189.49
5070,169.169,902,1236.01,404.11,17.03,15.73,267.93
5070,169.169,878,840.19,186.03,15.93,21.72,346.0
5070,169.169,771,1096.46,1581.5,23.06,18.84,434.55
5070,169.169,992,3538.54,1712.29,20.31,16.34,331.94
5070,169.169,994,1737.14,1748.64,15.75,18.11,285.25
5070,169.169,958,1298.77,1364.58,18.25,18.79,342.92
5070,169.169,945,1197.84,949.35,23.5,25.78,605.81
5076,169.3692,764,2761.93,1356.83,19.91,27.0,537.64
5076,169.3692,770,3105.6,536.35,14.62,12.86,188.03
5076,169.3692,902,1238.25,404.73,17.61,16.46,289.8
5076,169.3692,878,841.61,184.12,15.54,21.34,331.71
5076,169.3692,771,1095.98,1584.73,22.98,19.09,438.56
5076,169.3692,992,3538.49,1711.3,20.83,16.79,349.79
5076,169.3692,994,1739.02,1750.31,16.91,19.63,331.95
5076,169.3692,958,1298.71,1365.72,18.71,19.24,359.98
5076,169.3692,945,1197.46,947.02,23.16,25.53,591.31
5082,169.5694,764,2763.99,1359.29,19.82,26.85,532.11
5082,169.5694,770,3105.73,535.0,14.46,12.59,182.16
5082,169.5694,902,1240.05,405.14,18.15,17.14,311.1
5082,169.5694,878,842.99,181.75,15.79,21.95,346.67
5082,169.5694,771,1095.36,1586.51,21.75,18.25,397.09
5082,169.5694,992,3538.45,1710.18,20.7,16.68,345.29
5082,169.5694,994,1740.8,1753.47,16.85,19.64,330.82
5082,169.5694,958,1298.86,1366.67,19.71,20.5,404.21
5088,169.7696,764,2766.39,1361.52,19.37,26.06,504.79
5088,169.7696,770,3105.66,533.21,15.39,13.45,207.07
5088,169.7696,902,1242.37,405.26,18.25,17.39,317.32
5088,169.7696,878,844.25,179.21,15.69,21.75,341.24
5088,169.7696,771,1094.71,1587.46,20.52,17.34,355.88
5088,169.7696,992,3538.83,1709.81,21.24,17.14,364.06
5088,169.7696,994,1742.87,1755.13,16.14,18.67,301.33
5088,169.7696,958,1299.05,1369.44,19.0,19.82,376.51
5094,169.9698,764,2768.93,1363.15,19.2,25.6,491.5
5094,169.9698,770,3104.96,530.78,15.28,13.07,199.68
5094,169.9698,902,1244.56,405.29,18.28,17.54,320.56
5094,169.9698,878,845.02,176.33,15.57,21.65,337.14
5094,169.9698,771,1094.09,1587.65,20.37,17.28,351.9
5094,169.9698,992,3539.92,1709.44,21.11,17.07,360.32
5094,169.9698,994,1745.57,1756.83,15.67,17.93,280.99
5094,169.9698,958,1298.98,1371.01,18.36,19.08,350.35
5094,169.9698,945,1197.15,942.26,23.15,25.59,592.26
5100,170.17,764,2771.34,1364.37,19.35,25.75,498.1
5100,170.17,770,3104.89,528.5,15.51,12.99,201.39
5100,170.17,902,1246.4,405.64,19.2,18.35,352.19
5100,170.17,878,846.6,173.46,15.51,21.68,336.18
5100,170.17,771,1093.21,1587.7,20.25,17.24,349.22
5100,170.17,992,3541.11,1709.22,21.41,17.4,372.47
5100,170.17,994,1748.36,1758.69,15.88,17.98,285.52
5100,170.17,958,1299.14,1372.69,18.03,18.74,337.94
5100,170.17,945,1197.67,940.28,24.02,26.69,641.07
5106,170.3702,764,2773.36,1365.85,19.23,25.56,491.57
5106,170.3702,770,3104.77,527.22,15.89,13.12,208.47
5106,170.3702,902,1250.1,409.06,19.56,18.84,368.59
5106,170.3702,878,847.79,170.56,15.65,22.11,346.07
5106,170.3702,771,1092.65,1587.95,19.69,16.73,329.56
5106,170.3702,992,3542.14,1708.69,21.56,17.55,378.4
5106,170.3702,994,1750.17,1760.76,15.77,17.29,272.69
5106,170.3702,958,1299.29,1373.91,18.01,18.71,337.12
5106,170.3702,945,1197.92,938.32,23.8,26.64,634.1
5112,170.5704,764,2775.38,1367.54,18.89,24.95,471.4
5112,170.5704,770,3104.6,525.84,15.82,12.87,203.59
5112,170.5704,902,1253.17,410.75,18.9,18.28,345.51
5112,170.5704,878,849.4,167.69,15.82,22.5,355.98
5112,170.5704,771,1092.0,1588.34,18.86,15.89,299.8
5112,170.5704,992,3542.73,1708.1,20.94,17.0,355.86
5112,170.5704,994,1754.15,1763.44,16.12,17.5,282.0
5112,170.5704,958,1299.19,1374.83,17.49,18.05,315.73
5112,170.5704,945,1197.93,937.16,24.26,27.35,663.7
5118,170.7706,764,2777.55,1369.86,18.78,24.69,463.69
5118,170.7706,770,3105.21,523.7,17.11,14.18,242.61
5118,170.7706,902,1256.1,411.75,17.82,17.27,307.79
5118,170.7706,878,850.76,166.1,15.47,22.01,340.59
5118,170.7706,771,1091.81,1589.17,17.92,14.89,266.86
5118,170.7706,992,3543.27,1707.43,21.36,17.39,371.44
5118,170.7706,994,1756.44,1765.81,16.22,17.59,285.34
5118,170.7706,958,1299.18,1376.07,17.44,17.89,311.94
5124,170.9708,764,2779.63,1372.53,18.5,24.01,444.31
5124,170.9708,770,3105.02,522.33,16.33,13.55,221.34
5124,170.9708,902,1258.46,412.33,16.96,16.4,278.22
5124,170.9708,878,851.57,163.84,15.38,21.85,336.09
5124,170.9708,771,1091.7,1590.59,17.81,14.65,260.78
5124,170.9708,992,3543.05,1706.86,21.77,17.89,389.55
5124,170.9708,994,1758.34,1767.71,15.94,17.14,273.22
5124,170.9708,958,1299.0,1377.39,17.01,17.25,293.34
5124,170.9708,945,1197.76,933.62,24.6,27.85,685.22
5130,171.171,764,2781.45,1374.86,18.53,23.76,440.31
5130,171.171,770,3104.37,520.83,15.65,12.97,202.98
5130,171.171,902,1260.45,412.53,16.58,16.0,265.16
5130,171.171,878,852.53,161.21,15.19,21.66,329.05
5130,171.171,771,1091.07,1591.76,18.34,14.89,272.93
5130,171.171,992,3542.86,1706.45,22.25,18.51,411.81
5130,171.171,994,1760.4,1769.18,16.0,17.17,274.7
5130,171.171,958,1299.18,1379.57,17.47,17.66,308.49
5136,171.3712,764,2784.69,1376.82,18.82,23.84,448.67
5136,171.3712,770,3104.55,519.02,15.75,13.13,206.82
5136,171.3712,902,1262.77,412.54,16.68,16.0,267.01
5136,171.3712,878,853.79,158.22,14.89,21.13,314.52
5136,171.3712,771,1090.29,1592.59,18.48,14.87,274.79
5136,171.3712,992,3542.96,1705.91,23.16,19.54,452.52
5136,171.3712,994,1763.01,1771.13,15.76,16.76,264.2
5136,171.3712,958,1299.66,1381.15,17.42,17.5,304.88
5142,171.5714,764,2787.11,1378.52,18.66,23.5,438.48
5142,171.5714,770,3104.48,517.23,15.5,12.92,200.26
5142,171.5714,902,1265.69,412.98,16.0,15.23,243.59
5142,171.5714,878,855.3,155.74,14.93,21.16,315.98
5142,171.5714,771,1089.55,1592.63,18.73,14.98,280.56
5142,171.5714,992,3543.2,1705.68,23.37,20.02,467.78
5142,171.5714,994,1766.24,1773.04,16.48,17.57,289.53
5142,171.5714,958,1299.62,1382.6,17.33,17.32,300.26
5148,171.7716,764,2789.01,1380.03,18.54,23.11,428.43
5148,171.7716,770,3103.96,515.19,15.56,12.93,201.15
5148,171.7716,902,1268.29,414.67,15.96,15.11,241.19
5148,171.7716,878,856.82,152.74,15.55,22.2,345.28
5148,171.7716,771,1089.03,1592.7,19.2,15.31,293.86
5148,171.7716,992,3544.13,1702.92,22.78,19.75,449.97
5148,171.7716,994,1769.5,1776.82,17.92,19.44,348.5
5148,171.7716,958,1299.33,1383.44,17.32,17.2,297.92
5148,171.7716,945,1198.17,925.91,24.8,28.32,702.32
5154,171.9718,764,2791.12,1381.3,18.71,23.05,431.26
5154,171.9718,770,3103.97,513.54,15.47,12.82,198.46
5154,171.9718,902,1270.2,416.07,16.16,14.93,241.33
5154,171.9718,878,858.85,150.57,15.17,21.72,329.56
5154,171.9718,771,1089.09,1593.02,18.98,15.07,286.05
5154,171.9718,992,3545.02,1701.46,21.56,18.84,406.26
5154,171.9718,994,1772.11,1778.78,17.47,19.03,332.39
5154,171.9718,958,1299.42,1384.1,17.32,17.12,296.35
5160,172.172,764,2792.77,1383.35,18.67,22.78,425.36
5160,172.172,770,3103.84,512.41,15.6,12.94,201.87
5160,172.172,902,1274.19,417.52,16.41,15.01,246.32
5160,172.172,878,860.56,148.49,15.26,21.51,328.11
5160,172.172,771,1088.86,1594.17,19.7,15.57,306.73
5160,172.172,992,3545.13,1701.03,21.3,18.66,397.5
5160,172.172,994,1773.83,1779.94,16.72,17.88,298.87
5160,172.172,958,1299.71,1385.4,17.35,17.05,295.8
5160,172.172,945,1199.32,922.69,24.88,28.54,710.05
5166,172.3722,764,2794.57,1385.93,18.78,22.77,427.53
5166,172.3722,770,3103.51,511.6,15.94,13.25,211.1
5166,172.3722,902,1277.12,418.82,16.38,14.94,244.77
5166,172.3722,878,861.41,147.01,15.49,21.44,332.26
5166,172.3722,771,1088.46,1596.2,19.86,15.61,309.98
5166,172.3722,992,3544.89,1700.45,20.22,17.7,357.89
5166,172.3722,994,1777.62,1781.46,16.64,17.45,290.45
5166,172.3722,958,1300.19,1386.98,17.53,17.14,300.45
5172,172.5724,764,2797.17,1388.74,19.06,22.99,438.25
5172,172.5724,770,3103.06,510.7,15.14,12.57,190.19
5172,172.5724,902,1279.65,420.17,16.34,14.9,243.46
5172,172.5724,878,865.08,145.13,16.42,22.33,366.75
5172,172.5724,771,1087.75,1598.05,20.28,15.96,323.63
5172,172.5724,992,3545.05,1700.0,19.35,16.82,325.61
5172,172.5724,994,1780.2,1783.45,16.49,17.27,284.78
5172,172.5724,958,1300.92,1388.8,18.25,17.79,324.58
5178,172.7726,764,2799.79,1391.08,19.11,22.82,436.0
5178,172.7726,770,3102.74,509.33,15.68,13.06,204.74
5178,172.7726,902,1281.88,420.82,16.35,14.79,241.85
5178,172.7726,878,866.81,142.74,16.28,21.81,355.07
5178,172.7726,771,1086.81,1599.28,20.14,15.88,319.88
5178,172.7726,992,3545.05,1699.79,18.97,16.43,311.63
5178,172.7726,994,1782.59,1785.51,16.15,16.81,271.55
5178,172.7726,958,1300.72,1392.41,20.02,19.76,395.66
5184,172.9728,764,2801.94,1393.07,19.02,22.48,427.64
5184,172.9728,770,3102.36,508.46,16.64,13.99,232.83
5184,172.9728,902,1284.6,421.79,16.43,14.85,243.96
5184,172.9728,878,867.89,140.23,16.31,21.76,354.99
5184,172.9728,771,1086.18,1599.86,20.25,16.0,323.94
5184,172.9728,992,3544.99,1699.87,19.1,16.46,314.41
5184,172.9728,994,1785.34,1788.01,16.3,16.83,274.26
5184,172.9728,958,1300.8,1394.19,19.77,19.63,388.24
5190,173.173,764,2803.64,1395.2,19.74,23.21,458.16
5190,173.173,770,3101.86,507.71,17.81,15.22,271.08
5190,173.173,902,1287.28,423.42,16.66,15.0,249.77
5190,173.173,878,868.52,137.72,16.68,22.38,373.27
5190,173.173,771,1085.16,1600.61,20.39,16.16,329.52
5190,173.173,992,3545.04,1699.46,19.01,16.26,309.1
5190,173.173,994,1788.07,1790.77,16.66,17.13,285.38
5190,173.173,958,1300.44,1395.14,19.03,18.94,360.42
5196,173.3732,764,2805.49,1396.85,20.21,23.81,481.2
5196,173.3732,770,3101.42,506.97,19.08,16.68,318.14
5196,173.3732,902,1289.98,424.59,16.69,15.0,250.42
5196,173.3732,878,869.89,134.98,16.25,22.06,358.49
5196,173.3732,771,1084.51,1601.44,21.03,16.81,353.39
5196,173.3732,992,3545.28,1698.9,19.25,16.42,316.08
5196,173.3732,994,1790.67,1793.17,16.4,16.71,274.05
5196,173.3732,958,1300.07,1395.67,18.28,18.17,332.23
5202,173.5734,764,2807.53,1398.59,20.11,23.67,476.0
5202,173.5734,770,3101.22,506.45,19.81,17.76,351.74
5202,173.5734,902,1292.51,425.94,16.49,14.76,243.43
5202,173.5734,878,871.21,132.89,15.86,21.76,345.01
5202,173.5734,771,1084.18,1602.45,21.21,17.13,363.32
5202,173.5734,992,3545.55,1698.55,19.25,16.34,314.54
5202,173.5734,994,1793.28,1794.88,16.23,16.44,266.71
5202,173.5734,958,1299.77,1396.4,17.54,17.35,304.46
5202,173.5734,1027,1109.77,100.41,15.84,15.18,240.46
5208,173.7736,764,2809.92,1400.38,20.48,24.0,491.54
5208,173.7736,770,3100.53,502.52,19.63,17.93,351.9
5208,173.7736,902,1294.47,427.22,16.79,14.71,246.96
5208,173.7736,878,873.01,130.6,15.79,21.73,343.13
5208,173.7736,771,1083.79,1603.47,21.51,17.65,379.5
5208,173.7736,992,3545.52,1697.94,19.5,16.51,321.98
5208,173.7736,994,1795.88,1795.7,16.16,16.3,263.35
5208,173.7736,958,1299.98,1397.45,17.77,17.62,313.19
5208,173.7736,1027,1111.9,100.05,16.54,15.9,262.97
5214,173.9738,764,2812.02,1401.94,20.76,24.22,502.78
5214,173.9738,770,3100.24,500.45,18.34,16.93,310.63
5214,173.9738,902,1297.97,428.01,17.61,15.32,269.74
5214,173.9738,878,874.77,128.67,15.94,22.11,352.33
5214,173.9738,771,1083.42,1604.65,21.78,18.16,395.46
5214,173.9738,992,3545.55,1697.19,19.81,16.72,331.34
5214,173.9738,994,1798.21,1796.73,16.67,16.46,274.31
5214,173.9738,958,1300.47,1398.85,17.29,17.11,295.88
5220,174.174,764,2813.99,1403.91,20.96,24.4,511.43
5220,174.174,770,3099.88,499.1,16.67,15.32,255.39
5220,174.174,902,1300.77,428.32,17.83,15.63,278.71
5220,174.174,878,876.59,126.07,15.73,22.05,346.91
5220,174.174,771,1082.98,1605.67,22.38,19.06,426.54
5220,174.174,992,3545.45,1696.14,20.63,17.38,358.61
5220,174.174,994,1802.2,1797.74,18.02,17.86,321.89
5220,174.174,958,1300.83,1400.51,17.69,17.52,309.94
5220,174.174,1030,1119.45,96.41,21.75,11.01,239.52
5226,174.3742,764,2816.14,1406.09,21.69,25.29,548.48
5226,174.3742,770,3099.41,498.23,15.35,13.81,211.95
5226,174.3742,902,1304.0,428.98,19.03,16.92,321.96
5226,174.3742,878,877.9,123.98,15.81,22.31,352.83
5226,174.3742,771,1082.62,1606.51,23.35,20.35,475.08
5226,174.3742,992,3544.96,1695.26,20.73,17.6,364.87
5226,174.3742,994,1805.27,1801.46,18.55,18.55,344.1
5226,174.3742,958,1300.69,1402.35,17.74,17.66,313.23
5226,174.3742,1030,1120.66,96.73,20.66,10.52,217.41
5232,174.5744,764,2817.9,1407.51,21.35,24.9,531.64
5232,174.5744,770,3098.61,497.3,14.95,13.0,194.39
5232,174.5744,902,1306.66,429.86,20.58,18.69,384.49
5232,174.5744,878,879.08,121.21,15.75,22.36,352.14
5232,174.5744,771,1082.48,1606.86,23.48,20.92,491.27
5232,174.5744,992,3544.82,1694.06,20.57,17.5,359.97
5232,174.5744,994,1807.52,1803.53,17.5,17.5,306.23
5232,174.5744,958,1300.21,1403.52,17.8,17.85,317.64
5232,174.5744,1030,1124.04,96.16,21.61,11.14,240.78
5238,174.7746,764,2819.25,1408.58,21.36,24.86,530.99
5238,174.7746,770,3098.18,496.19,15.0,12.61,189.23
5238,174.7746,902,1309.98,432.12,18.48,16.52,305.24
5238,174.7746,878,880.42,118.44,15.31,21.9,335.29
5238,174.7746,771,1082.5,1607.03,23.35,21.27,496.74
5238,174.7746,992,3544.06,1693.3,20.8,17.76,369.31
5238,174.7746,994,1810.06,1804.51,16.62,16.51,274.46
5238,174.7746,958,1299.96,1403.63,17.33,17.44,302.29
5238,174.7746,1030,1127.21,95.93,21.67,11.34,245.75
5238,174.7746,1033,3094.11,496.52,20.57,12.73,261.86
5244,174.9748,764,2820.81,1409.7,21.37,24.81,530.37
5244,174.9748,902,1312.21,432.97,17.62,15.77,277.88
5244,174.9748,878,882.03,115.15,15.41,22.2,341.97
5244,174.9748,771,1082.45,1608.78,23.12,21.48,496.65
5244,174.9748,992,3542.92,1691.3,20.93,17.91,374.85
5244,174.9748,994,1812.71,1804.7,16.49,16.3,268.68
5244,174.9748,958,1299.88,1403.85,17.72,17.94,317.91
5244,174.9748,1030,1130.63,95.6,20.96,11.14,233.52
5244,174.9748,1033,3093.63,495.07,20.84,12.92,269.28
5250,175.175,764,2822.65,1410.64,21.63,24.97,540.23
5250,175.175,902,1314.81,433.45,17.36,15.56,270.08
5250,175.175,878,883.75,112.3,15.2,21.8,331.3
5250,175.175,771,1082.48,1609.66,22.36,21.11,472.11
5250,175.175,992,3542.17,1689.34,20.46,17.58,359.79
5250,175.175,994,1815.52,1804.8,16.38,16.08,263.4
5250,175.175,958,1300.19,1404.52,17.11,17.42,298.03
5250,175.175,1030,1133.91,94.32,20.37,11.02,224.42
5250,175.175,1033,3093.2,492.93,21.07,13.11,276.36
5250,175.175,945,1201.26,893.74,25.0,28.64,716.06
5256,175.3752,764,2824.57,1412.19,22.24,25.66,570.65
5256,175.3752,902,1317.56,434.0,16.58,14.86,246.34
5256,175.3752,878,885.17,110.09,15.59,21.97,342.44
5256,175.3752,771,1082.46,1610.31,21.27,20.28,431.46
5256,175.3752,992,3541.13,1687.93,20.4,17.63,359.72
5256,175.3752,994,1818.29,1805.01,16.08,15.65,251.74
5256,175.3752,958,1300.74,1405.56,16.92,17.23,291.54
5256,175.3752,1030,1136.03,93.13,20.25,11.1,224.81
5256,175.3752,1033,3092.61,491.55,21.51,13.5,290.44
5256,175.3752,945,1201.12,890.96,24.86,28.27,702.71
5262,175.5754,764,2826.43,1413.99,22.38,25.72,575.55
5262,175.5754,902,1320.06,435.33,16.71,14.93,249.5
5262,175.5754,878,887.54,107.64,16.09,22.88,368.23
5262,175.5754,771,1082.28,1610.86,20.52,19.65,403.22
5262,175.5754,992,3540.58,1686.7,20.25,17.6,356.3
5262,175.5754,994,1821.0,1806.04,16.42,15.84,260.06
5262,175.5754,958,1300.96,1406.93,16.98,17.41,295.68
5262,175.5754,1030,1137.71,92.98,19.05,10.44,198.79
5262,175.5754,1033,3091.76,490.49,20.91,13.27,277.35
5268,175.7756,764,2828.41,1415.51,22.16,25.33,561.32
5268,175.7756,902,1323.56,436.36,17.21,15.41,265.22
5268,175.7756,878,889.45,105.28,15.36,21.85,335.6
5268,175.7756,771,1082.1,1611.57,20.6,19.83,408.56
5268,175.7756,992,3540.32,1685.18,20.6,17.94,369.54
5268,175.7756,994,1825.16,1807.52,16.67,15.72,262.07
5268,175.7756,958,1301.35,1407.64,16.67,17.12,285.4
5268,175.7756,1030,1141.6,91.62,23.32,13.21,308.18
5268,175.7756,1033,3090.73,488.85,21.33,13.72,292.61
5274,175.9758,764,2830.31,1416.88,21.77,24.74,538.62
5274,175.9758,902,1326.86,438.1,16.47,14.73,242.56
5274,175.9758,878,890.96,102.96,15.44,21.95,338.84
5274,175.9758,771,1081.89,1612.85,21.05,20.37,428.7
5274,175.9758,992,3539.66,1684.26,20.82,18.21,379.05
5274,175.9758,994,1827.69,1809.44,16.53,15.49,256.0
5274,175.9758,958,1301.24,1408.67,17.42,18.01,313.91
5274,175.9758,1030,1145.41,91.11,23.96,14.07,336.97
5274,175.9758,1033,3089.66,486.87,20.69,13.5,279.46
5274,175.9758,1038,1594.9,1717.6,22.46,20.34,456.69
5274,175.9758,945,1201.41,883.94,24.54,27.78,681.7
5280,176.176,764,2832.53,1418.44,22.18,24.98,554.19
5280,176.176,902,1329.91,439.82,16.43,14.68,241.22
5280,176.176,878,892.47,100.26,15.35,21.82,335.0
5280,176.176,771,1082.29,1614.53,20.73,20.26,420.13
5280,176.176,992,3539.78,1683.26,20.51,18.01,369.49
5280,176.176,994,1830.23,1810.85,16.44,15.36,252.48
5280,176.176,958,1301.42,1409.51,17.43,18.09,315.34
5280,176.176,1033,3089.08,485.34,20.67,13.71,283.38
5280,176.176,1038,1597.14,1718.89,22.92,20.75,475.72
5286,176.3762,764,2834.88,1420.32,22.2,24.83,551.1
5286,176.3762,902,1332.5,441.14,16.48,14.67,241.79
5286,176.3762,878,893.61,97.98,15.49,22.09,342.08
5286,176.3762,771,1082.68,1616.19,19.95,19.67,392.46
5286,176.3762,992,3539.27,1682.45,21.09,18.6,392.43
5286,176.3762,994,1832.63,1812.03,16.17,15.06,243.5
5286,176.3762,958,1301.68,1410.4,17.42,18.18,316.65
5286,176.3762,1033,3088.01,483.94,20.06,13.46,270.07
5286,176.3762,1038,1599.39,1720.98,22.43,20.32,455.64
5286,176.3762,945,1202.38,881.71,24.09,26.98,649.89
5292,176.5764,764,2837.27,1422.18,22.15,24.53,543.46
5292,176.5764,902,1334.52,441.63,16.46,14.62,240.62
5292,176.5764,878,895.47,95.27,15.5,22.29,345.44
5292,176.5764,771,1082.84,1617.74,19.95,19.88,396.65
5292,176.5764,992,3538.5,1680.77,21.11,18.66,393.79
5292,176.5764,994,1835.17,1813.22,16.42,15.28,250.97
5292,176.5764,958,1302.21,1411.53,17.43,18.19,317.12
5292,176.5764,1033,3087.4,482.75,19.42,13.13,255.03
5292,176.5764,1038,1602.22,1722.8,22.48,20.31,456.64
5292,176.5764,1030,1155.77,90.17,21.58,13.01,280.77
5298,176.7766,764,2839.82,1424.11,22.11,24.23,535.78
5298,176.7766,902,1337.21,442.18,16.87,14.96,252.35
5298,176.7766,878,897.3,92.76,15.34,22.13,339.49
5298,176.7766,771,1082.84,1619.1,19.71,19.79,390.08
5298,176.7766,992,3538.12,1679.24,20.59,18.18,374.33
5298,176.7766,994,1838.15,1814.43,16.3,15.13,246.63
5298,176.7766,958,1302.74,1412.6,17.49,18.28,319.72
5298,176.7766,1033,3087.26,481.79,19.74,13.52,267.01
5298,176.7766,1038,1604.55,1724.52,22.32,20.04,447.44
5304,176.9768,764,2842.27,1425.53,22.41,24.38,546.37
5304,176.9768,902,1340.18,443.32,16.57,14.66,242.94
5304,176.9768,878,899.01,90.3,15.01,21.66,325.15
5304,176.9768,771,1081.89,1620.84,20.42,21.09,430.64
5304,176.9768,992,3537.62,1677.94,21.25,18.93,402.34
5304,176.9768,994,1841.17,1815.65,16.67,15.45,257.51
5304,176.9768,958,1302.82,1414.1,18.81,19.89,374.06
5304,176.9768,1033,3087.13,480.49,18.9,13.02,246.17
5304,176.9768,1038,1606.54,1725.68,21.63,19.26,416.43
5304,176.9768,1030,1160.71,89.88,19.7,12.32,242.62
5310,177.177,764,2844.58,1427.59,22.36,24.13,539.65
5310,177.177,902,1342.09,444.69,16.96,14.81,251.24
5310,177.177,878,900.07,87.85,15.07,21.81,328.76
5310,177.177,771,1081.36,1621.58,20.28,21.42,434.41
5310,177.177,992,3537.11,1677.04,20.14,18.02,362.88
5310,177.177,994,1844.15,1817.1,16.35,15.2,248.46
5310,177.177,958,1302.53,1414.77,19.34,20.71,400.38
5310,177.177,1033,3086.5,478.9,19.04,13.12,249.69
5310,177.177,1038,1608.95,1726.56,21.79,19.28,420.12
5316,177.3772,764,2847.16,1429.25,22.59,24.16,545.84
5316,177.3772,902,1346.3,445.91,17.29,15.06,260.38
5316,177.3772,878,901.82,84.51,15.37,22.29,342.76
5316,177.3772,771,1081.36,1622.55,18.78,20.2,379.5
5316,177.3772,992,3537.4,1675.75,19.81,17.77,351.92
5316,177.3772,994,1847.19,1819.0,16.57,15.42,255.55
5316,177.3772,958,1302.69,1415.1,19.61,21.24,416.66
5316,177.3772,1033,3085.02,476.25,20.52,14.52,298.0
5316,177.3772,1038,1611.16,1728.09,21.44,18.79,402.85
5316,177.3772,1030,1166.63,88.73,17.0,10.9,185.25
5322,177.5774,764,2850.35,1430.76,22.98,24.51,563.28
5322,177.5774,902,1349.6,447.05,16.98,14.8,251.29
5322,177.5774,878,902.85,81.31,15.02,21.87,328.43
5322,177.5774,771,1081.76,1623.74,18.33,20.02,366.85
5322,177.5774,992,3537.83,1674.5,20.2,18.13,366.12
5322,177.5774,994,1850.09,1820.69,16.64,15.63,260.14
5322,177.5774,958,1303.0,1416.94,19.47,21.3,414.7
5322,177.5774,1033,3083.94,474.48,18.91,13.53,255.96
5322,177.5774,1038,1613.98,1728.54,21.41,18.62,398.69
5328,177.7776,764,2853.12,1432.44,22.78,24.14,549.95
5328,177.7776,902,1352.39,448.08,17.22,15.03,258.94
5328,177.7776,878,904.44,78.44,14.62,21.12,308.76
5328,177.7776,771,1081.87,1625.8,18.2,20.27,368.88
5328,177.7776,992,3538.0,1673.94,20.33,18.36,373.3
5328,177.7776,994,1852.79,1822.09,16.59,15.69,260.2
5328,177.7776,958,1303.26,1418.24,18.38,20.1,369.51
5328,177.7776,1033,3083.28,472.85,18.19,13.15,239.2
5328,177.7776,1038,1616.49,1730.35,22.27,19.21,427.8
5334,177.9778,764,2856.24,1434.26,22.08,23.16,511.48
5334,177.9778,902,1354.49,448.51,17.36,15.15,263.0
5334,177.9778,878,905.57,75.48,14.86,21.61,321.1
5334,177.9778,771,1082.13,1627.83,17.8,20.14,358.64
5334,177.9778,992,3538.44,1672.63,19.57,17.56,343.66
5334,177.9778,994,1855.45,1822.88,16.53,15.77,260.72
5334,177.9778,958,1303.67,1419.47,17.59,19.15,336.84
5334,177.9778,1033,3082.87,471.41,17.75,12.92,229.31
5334,177.9778,1038,1619.15,1732.19,21.9,18.68,409.09
5334,177.9778,1030,1173.72,86.58,17.32,10.96,189.84
5340,178.178,764,2859.51,1436.24,22.62,23.52,532.04
5340,178.178,902,1356.79,448.49,17.35,15.2,263.6
5340,178.178,878,907.21,72.84,15.11,22.07,333.52
5340,178.178,771,1082.36,1629.74,17.08,19.5,332.94
5340,178.178,992,3539.08,1671.13,19.7,17.85,351.72
5340,178.178,994,1857.42,1824.57,17.17,16.33,280.27
5340,178.178,958,1303.89,1420.89,17.31,18.76,324.63
5340,178.178,1033,3083.13,470.56,17.66,12.95,228.75
5340,178.178,1038,1621.76,1733.41,21.91,18.49,405.12
5346,178.3782,764,2862.9,1438.55,23.11,23.88,552.0
5346,178.3782,902,1359.75,449.34,17.34,15.17,263.03
5346,178.3782,878,908.34,69.9,14.83,21.4,317.44
5346,178.3782,771,1082.44,1630.94,17.01,19.6,333.34
5346,178.3782,992,3539.28,1670.43,20.72,18.85,390.6
5346,178.3782,994,1861.05,1826.7,17.91,17.31,310.15
5346,178.3782,958,1303.87,1422.52,16.73,17.92,299.77
5346,178.3782,1033,3083.15,469.47,17.35,12.78,221.73
5346,178.3782,1038,1623.8,1734.64,22.98,19.25,442.42
5352,178.5784,764,2866.28,1440.64,22.68,23.17,525.44
5352,178.5784,902,1362.84,450.43,17.13,15.02,257.14
5352,178.5784,878,909.58,67.18,15.31,21.54,329.79
5352,178.5784,771,1082.29,1632.87,17.13,20.0,342.48
5352,178.5784,992,3539.18,1669.47,21.43,19.65,421.07
5352,178.5784,994,1864.47,1828.27,17.47,17.0,296.99
5352,178.5784,958,1303.84,1424.11,16.79,17.8,298.75
5352,178.5784,1033,3083.12,468.23,17.1,12.67,216.65
5352,178.5784,1038,1626.6,1735.66,22.73,18.82,427.76
5358,178.7786,764,2869.12,1442.49,23.13,23.46,542.72
5358,178.7786,902,1365.5,451.63,17.62,15.36,270.62
5358,178.7786,878,910.01,64.13,15.76,21.71,342.2
5358,178.7786,771,1082.62,1634.42,16.8,19.79,332.52
5358,178.7786,992,3539.84,1668.74,20.7,19.03,393.84
5358,178.7786,994,1867.24,1830.1,17.59,17.37,305.4
5358,178.7786,958,1303.47,1425.47,16.58,17.3,286.98
5358,178.7786,1033,3083.23,466.61,16.86,12.56,211.8
5358,178.7786,1038,1629.51,1737.0,22.69,18.56,421.08
5364,178.9788,764,2871.83,1444.15,22.83,22.89,522.41
5364,178.9788,902,1369.86,452.6,18.93,16.59,314.13
5364,178.9788,878,913.57,61.16,16.54,22.54,372.85
5364,178.9788,771,1083.03,1636.24,16.91,20.06,339.27
5364,178.9788,992,3540.2,1668.2,20.47,18.79,384.64
5364,178.9788,994,1869.36,1832.1,17.77,17.54,311.64
5364,178.9788,958,1303.02,1426.75,16.62,17.12,284.47
5364,178.9788,1033,3082.96,464.98,17.32,13.01,225.43
5364,178.9788,1038,1632.34,1738.68,23.01,18.68,429.79
5370,179.179,764,2875.09,1445.92,22.7,22.53,511.56
5370,179.179,902,1372.68,453.48,20.19,18.1,365.57
5370,179.179,878,915.48,58.36,16.08,21.79,350.41
5370,179.179,771,1083.59,1638.11,16.55,19.78,327.43
5370,179.179,992,3541.05,1667.31,20.18,18.58,374.91
5370,179.179,994,1873.89,1834.0,17.93,17.65,316.47
5370,179.179,958,1303.58,1428.11,16.77,17.08,286.47
5370,179.179,1033,3082.28,463.45,16.95,12.77,216.45
5370,179.179,1038,1635.59,1739.57,22.42,18.01,403.71
5370,179.179,1047,847.66,6.98,14.03,13.96,195.83
5376,179.3792,764,2878.53,1448.03,23.45,23.06,540.92
5376,179.3792,902,1375.34,454.06,20.94,19.22,402.39
5376,179.3792,878,916.62,56.19,16.16,21.95,354.65
5376,179.3792,771,1084.48,1640.8,16.6,20.03,332.47
5376,179.3792,992,3541.53,1666.24,20.6,18.98,391.02
5376,179.3792,994,1876.66,1835.93,17.93,17.84,319.87
5376,179.3792,958,1304.46,1429.41,16.41,16.43,269.63
5376,179.3792,1033,3081.46,462.1,16.87,12.8,215.9
5376,179.3792,1038,1638.41,1740.91,23.44,18.72,438.77
5376,179.3792,1047,849.46,8.15,14.9,14.85,221.21
5376,179.3792,1048,1374.57,458.3,15.79,19.41,306.41
5382,179.5794,764,2881.96,1450.45,23.31,22.6,526.79
5382,179.5794,878,918.31,54.25,15.97,21.87,349.3
5382,179.5794,771,1085.16,1643.74,16.56,20.14,333.36
5382,179.5794,992,3541.16,1665.8,20.1,18.63,374.34
5382,179.5794,994,1879.42,1837.56,17.09,17.11,292.47
5382,179.5794,958,1305.08,1431.5,17.34,17.16,297.54
5382,179.5794,1033,3081.15,461.56,16.94,12.94,219.22
5382,179.5794,1038,1641.35,1742.34,23.69,18.86,446.69
5382,179.5794,1048,1377.04,458.6,15.33,18.81,288.23
5388,179.7796,764,2884.83,1452.39,23.58,22.56,531.89
5388,179.7796,878,919.85,52.21,15.82,21.87,346.02
5388,179.7796,771,1085.4,1646.05,16.77,20.6,345.37
5388,179.7796,992,3540.91,1664.03,19.56,18.16,355.34
5388,179.7796,994,1881.77,1839.61,17.18,17.26,296.55
5388,179.7796,958,1305.21,1433.43,17.27,16.9,291.94
5388,179.7796,1033,3080.33,461.0,17.14,13.18,225.84
5388,179.7796,1038,1643.94,1743.42,22.92,18.07,414.12
5388,179.7796,1048,1380.25,459.31,14.27,17.39,248.05
5394,179.9798,764,2887.62,1454.37,23.3,21.97,511.95
5394,179.9798,878,922.02,49.93,15.98,22.13,353.64
5394,179.9798,771,1085.67,1647.6,16.3,20.14,328.3
5394,179.9798,992,3540.67,1662.7,20.06,18.75,376.22
5394,179.9798,994,1884.44,1841.76,17.54,17.77,311.58
5394,179.9798,958,1305.3,1434.69,17.53,16.96,297.36
5394,179.9798,1033,3079.6,460.75,17.26,13.39,231.12
5394,179.9798,1038,1646.98,1744.13,23.59,18.5,436.24
5394,179.9798,1048,1383.77,460.27,13.17,15.88,209.12
5400,180.18,764,2889.69,1455.73,23.18,21.63,501.48
5400,180.18,878,923.6,48.33,16.01,22.31,357.28
5400,180.18,771,1086.06,1648.85,16.35,20.42,333.94
5400,180.18,992,3539.22,1662.21,20.17,18.99,383.18
5400,180.18,994,1886.69,1843.6,17.3,17.55,303.66
5400,180.18,958,1304.95,1435.45,17.36,16.59,288.02
5400,180.18,1033,3078.55,460.35,17.97,14.15,254.31
5400,180.18,1038,1649.54,1744.81,23.71,18.51,439.0
5400,180.18,1048,1386.67,462.08,12.75,15.15,193.08
5406,180.3802,764,2892.13,1457.21,23.23,21.46,498.47
5406,180.3802,878,925.06,45.28,15.91,22.23,353.76
5406,180.3802,771,1086.59,1650.43,16.24,20.48,332.54
5406,180.3802,992,3538.53,1660.86,19.81,18.7,370.44
5406,180.3802,994,1889.06,1844.87,17.04,17.39,296.33
5406,180.3802,958,1304.66,1436.05,17.5,16.54,289.44
5406,180.3802,1033,3077.2,459.8,19.04,15.27,290.77
5406,180.3802,1038,1652.03,1745.11,24.28,18.97,460.59
5406,180.3802,1048,1388.97,463.94,12.48,14.49,180.92
5406,180.3802,1049,858.94,20.07,13.46,16.52,222.31
5412,180.5804,764,2894.73,1459.13,23.35,21.21,495.26
5412,180.5804,878,926.61,42.21,15.66,21.9,342.81
5412,180.5804,771,1087.37,1652.23,15.92,20.24,322.31
5412,180.5804,992,3538.15,1659.59,19.86,18.83,374.0
5412,180.5804,994,1891.56,1845.82,17.84,18.4,328.11
5412,180.5804,958,1304.72,1436.63,17.8,16.67,296.65
5412,180.5804,1033,3076.0,459.06,20.48,16.8,344.05
5412,180.5804,1038,1654.47,1745.36,23.7,18.41,436.2
5412,180.5804,1048,1393.56,465.06,12.84,14.46,185.72
5412,180.5804,1049,859.93,21.01,14.79,18.13,268.1
5412,180.5804,945,1200.29,846.49,22.75,24.11,548.34
5418,180.7806,764,2897.59,1460.88,24.08,21.65,521.19
5418,180.7806,878,928.48,39.92,15.66,21.93,343.47
5418,180.7806,771,1088.23,1654.12,16.27,20.84,339.07
5418,180.7806,992,3537.83,1658.45,19.95,19.08,380.74
5418,180.7806,994,1893.85,1848.94,19.12,19.78,378.13
5418,180.7806,958,1305.17,1437.22,18.69,17.41,325.41
5418,180.7806,1033,3075.23,458.33,21.82,18.31,399.56
5418,180.7806,1038,1657.71,1745.68,23.85,18.51,441.45
5418,180.7806,1048,1396.02,466.04,13.04,14.42,187.97
5418,180.7806,945,1200.81,845.11,23.53,24.02,565.1
5424,180.9808,764,2900.45,1462.38,23.85,21.17,504.74
5424,180.9808,878,930.89,37.75,15.64,21.95,343.27
5424,180.9808,771,1088.77,1655.08,16.3,21.17,345.2
5424,180.9808,992,3536.79,1657.39,21.05,20.5,431.4
5424,180.9808,994,1897.94,1850.52,18.85,19.5,367.66
5424,180.9808,958,1305.74,1437.76,19.71,18.4,362.77
5424,180.9808,1033,3074.46,454.57,21.41,18.13,388.01
5424,180.9808,1038,1660.52,1745.62,24.54,18.97,465.34
5424,180.9808,1048,1398.59,466.58,13.71,15.02,205.94
5424,180.9808,945,1200.38,843.14,23.9,23.78,568.53
5430,181.181,764,2903.19,1463.37,24.59,21.66,532.57
5430,181.181,878,933.74,36.44,15.79,22.23,351.04
5430,181.181,771,1089.89,1657.34,16.08,21.06,338.67
5430,181.181,992,3536.12,1655.24,21.32,21.06,448.91
5430,181.181,994,1900.63,1851.61,17.72,18.26,323.54
5430,181.181,958,1306.49,1438.47,21.04,19.83,417.19
5430,181.181,1033,3071.2,452.96,20.95,17.83,373.44
5430,181.181,1038,1663.94,1745.88,24.42,18.94,462.59
5430,181.181,1048,1401.76,468.2,14.03,15.17,212.81
5430,181.181,945,1200.46,841.32,24.4,23.88,582.69
5430,181.181,1052,870.18,29.15,13.95,15.95,222.56
5436,181.3812,764,2906.0,1465.0,25.01,21.9,547.86
5436,181.3812,878,936.45,34.92,16.91,24.25,410.0
5436,181.3812,771,1090.89,1659.04,16.3,21.48,350.25
5436,181.3812,992,3534.83,1652.76,20.09,20.02,402.16
5436,181.3812,994,1903.67,1852.3,16.97,17.31,293.67
5436,181.3812,958,1307.06,1441.15,20.92,19.88,415.99
5436,181.3812,1033,3069.78,451.97,19.83,16.88,334.73
5436,181.3812,1038,1666.58,1745.53,24.35,18.89,459.91
5436,181.3812,1048,1405.42,469.79,13.92,14.81,206.19
5436,181.3812,1052,872.82,31.57,13.55,15.51,210.16
5442,181.5814,764,2908.4,1465.9,24.66,21.34,526.21
5442,181.5814,878,939.26,32.38,15.7,22.24,349.17
5442,181.5814,771,1092.52,1660.55,16.04,21.27,341.31
5442,181.5814,992,3533.77,1651.33,18.97,19.09,362.27
5442,181.5814,994,1906.68,1853.47,16.68,16.77,279.65
5442,181.5814,958,1306.91,1442.35,20.58,19.57,402.72
5442,181.5814,1033,3069.19,451.46,18.99,16.13,306.24
5442,181.5814,1038,1669.77,1745.58,25.78,20.2,520.8
5442,181.5814,1048,1409.02,471.56,14.69,15.5,227.74
5442,181.5814,1052,875.61,34.0,14.66,16.85,247.01
5442,181.5814,945,1201.3,837.94,23.93,23.16,554.21
5448,181.7816,764,2910.53,1466.77,24.26,20.74,503.06
5448,181.7816,878,940.85,30.19,15.2,21.52,327.07
5448,181.7816,771,1093.76,1661.75,15.16,20.14,305.42
5448,181.7816,992,3532.39,1650.02,19.06,19.33,368.42
5448,181.7816,994,1909.51,1854.98,16.18,16.01,259.08
5448,181.7816,958,1306.71,1443.05,19.87,18.86,374.8
5448,181.7816,1033,3068.11,450.84,17.47,14.89,259.99
5448,181.7816,1038,1672.46,1745.65,24.5,19.26,471.75
5448,181.7816,1048,1411.86,473.46,14.64,15.29,223.85
5448,181.7816,1052,878.0,36.96,13.74,15.85,217.84
5448,181.7816,945,1201.48,837.34,23.75,22.56,535.79
5454,181.9818,764,2912.7,1467.45,24.28,20.57,499.53
5454,181.9818,878,942.76,27.16,15.57,22.19,345.5
5454,181.9818,771,1094.78,1662.54,15.21,20.33,309.14
5454,181.9818,992,3531.43,1647.54,19.01,19.44,369.44
5454,181.9818,994,1912.02,1855.62,16.09,15.8,254.28
5454,181.9818,958,1306.99,1443.16,19.78,18.8,371.93
5454,181.9818,1033,3066.46,450.12,15.78,13.36,210.82
5454,181.9818,1038,1675.56,1744.73,24.52,19.3,473.43
5454,181.9818,1048,1414.75,474.63,14.5,14.99,217.42
5454,181.9818,1052,880.18,38.96,13.56,15.69,212.66
5454,181.9818,945,1202.03,836.37,23.66,21.97,519.92
5460,182.182,764,2915.26,1468.13,23.75,19.81,470.51
5460,182.182,878,944.86,23.9,15.86,22.75,360.97
5460,182.182,771,1095.84,1663.49,15.29,20.71,316.61
5460,182.182,992,3530.44,1645.47,19.25,19.66,378.41
5460,182.182,994,1914.9,1856.0,16.02,15.46,247.79
5460,182.182,958,1307.78,1443.22,19.59,18.66,365.57
5460,182.182,1033,3064.94,449.38,15.43,13.04,201.18
5460,182.182,1038,1678.69,1744.18,25.31,20.01,506.32
5460,182.182,1048,1417.73,475.59,14.78,15.17,224.26
5460,182.182,1052,882.97,40.84,13.26,15.47,205.27
5460,182.182,945,1202.72,835.27,23.38,21.24,496.39
5466,182.3822,764,2917.91,1469.23,23.78,19.52,464.19
5466,182.3822,878,947.8,21.84,15.54,22.33,347.01
5466,182.3822,771,1097.54,1664.66,15.29,20.79,317.75
5466,182.3822,992,3528.87,1643.0,19.88,20.58,408.99
5466,182.3822,994,1918.0,1856.32,16.4,15.44,253.32
5466,182.3822,958,1308.22,1443.42,19.13,18.18,347.76
5466,182.3822,1033,3062.86,448.61,15.26,12.81,195.44
5466,182.3822,1038,1681.58,1743.35,24.6,19.6,482.14
5466,182.3822,1048,1420.97,476.39,14.94,15.21,227.35
5466,182.3822,1052,885.27,43.03,11.94,13.93,166.41
5466,182.3822,945,1203.1,834.14,24.4,21.97,536.15
5472,182.5824,764,2920.3,1469.8,24.22,19.63,475.25
5472,182.5824,878,950.95,20.32,15.1,21.71,327.76
5472,182.5824,771,1098.81,1666.11,15.18,20.6,312.67
5472,182.5824,992,3527.54,1641.07,18.52,19.21,355.78
5472,182.5824,994,1921.89,1856.94,16.07,14.77,237.33
5472,182.5824,958,1309.26,1443.04,17.86,16.59,296.33
5472,182.5824,1033,3061.0,447.39,14.71,12.25,180.21
5472,182.5824,1038,1684.53,1741.96,24.62,19.71,485.27
5472,182.5824,1048,1424.21,477.86,15.01,15.11,226.75
5472,182.5824,1052,889.13,46.18,12.05,14.12,170.21
5472,182.5824,945,1203.51,833.15,24.5,21.9,536.67
5478,182.7826,764,2922.14,1469.76,24.39,19.55,476.81
5478,182.7826,878,954.21,18.95,15.46,22.33,345.22
5478,182.7826,771,1100.0,1667.0,15.16,20.4,309.24
5478,182.7826,992,3525.93,1638.95,18.38,19.23,353.45
5478,182.7826,994,1924.67,1857.48,15.83,14.26,225.68
5478,182.7826,958,1309.26,1443.71,17.93,16.56,296.91
5478,182.7826,1033,3059.47,446.9,15.2,12.62,191.95
5478,182.7826,1038,1687.62,1741.15,25.51,20.64,526.58
5478,182.7826,1048,1428.07,477.97,17.19,17.53,301.39
5478,182.7826,1052,892.77,48.49,13.0,15.3,198.95
5478,182.7826,945,1203.9,831.87,24.28,21.48,521.65
5484,182.9828,764,2923.85,1469.35,24.49,19.46,476.65
5484,182.9828,878,956.68,17.06,15.44,21.96,339.19
5484,182.9828,771,1100.85,1668.35,15.38,20.39,313.5
5484,182.9828,992,3523.92,1636.41,19.03,20.14,383.36
5484,182.9828,994,1927.77,1857.79,16.22,14.32,232.24
5484,182.9828,958,1309.87,1443.37,17.62,16.01,282.24
5484,182.9828,1033,3057.83,446.61,15.15,12.48,189.17
5484,182.9828,1038,1690.57,1740.04,24.34,19.83,482.81
5484,182.9828,1048,1431.63,481.56,17.46,17.85,311.6
5484,182.9828,1052,896.15,51.58,13.32,15.76,209.93
5484,182.9828,945,1204.43,830.55,24.37,21.26,518.22
5490,183.183,764,2926.1,1469.18,24.81,19.52,484.28
5490,183.183,878,958.13,15.61,15.62,21.63,337.75
5490,183.183,771,1104.93,1669.52,15.78,20.49,323.22
5490,183.183,992,3521.83,1634.14,18.42,19.75,363.81
5490,183.183,994,1931.05,1858.13,16.58,14.33,237.59
5490,183.183,958,1310.18,1443.5,17.48,15.66,273.79
5490,183.183,1033,3056.28,445.72,14.97,12.23,183.1
5490,183.183,1038,1693.63,1739.06,24.77,20.34,503.86
5490,183.183,1048,1435.12,483.59,16.53,16.77,277.13
5490,183.183,1052,899.1,54.0,13.23,15.71,207.87
5490,183.183,945,1205.24,830.16,24.99,21.65,540.9
5496,183.3832,764,2928.16,1469.52,24.81,19.24,477.46
5496,183.3832,878,961.88,13.19,15.95,21.69,345.92
5496,183.3832,771,1106.9,1670.42,15.88,20.39,323.73
5496,183.3832,992,3520.36,1632.19,17.64,19.0,335.17
5496,183.3832,994,1934.35,1858.28,16.81,14.29,240.2
5496,183.3832,958,1309.92,1443.77,18.23,16.3,297.14
5496,183.3832,1033,3054.25,444.48,14.82,12.06,178.7
5496,183.3832,1038,1696.74,1737.84,25.34,21.14,535.77
5496,183.3832,1048,1437.53,484.76,15.69,15.57,244.29
5496,183.3832,1052,901.63,55.48,13.66,16.28,222.37
5496,183.3832,945,1206.27,830.09,26.34,22.83,601.21
5502,183.5834,764,2930.76,1469.94,24.95,19.09,476.32
5502,183.5834,878,964.21,10.58,15.52,21.0,325.89
5502,183.5834,771,1108.34,1670.94,15.72,20.25,318.35
5502,183.5834,992,3519.24,1629.16,18.43,20.05,369.47
5502,183.5834,994,1937.61,1858.01,16.97,14.22,241.29
5502,183.5834,958,1310.83,1443.49,17.55,15.63,274.39
5502,183.5834,1033,3052.14,442.94,14.88,11.98,178.26
5502,183.5834,1038,1699.52,1736.8,24.88,20.99,522.35
5502,183.5834,1048,1441.87,485.31,15.53,15.02,233.22
5502,183.5834,1052,904.15,56.95,12.89,15.28,196.93
5502,183.5834,945,1207.21,829.7,26.03,22.4,583.09
5508,183.7836,764,2933.5,1470.25,24.96,18.9,471.8
5508,183.7836,878,967.39,9.38,14.56,18.76,273.21
5508,183.7836,771,1109.89,1671.75,15.28,19.78,302.23
5508,183.7836,992,3517.7,1627.07,17.97,19.67,353.49
5508,183.7836,994,1940.95,1857.83,16.83,13.88,233.64
5508,183.7836,958,1311.32,1443.41,16.95,15.01,254.37
5508,183.7836,1033,3050.73,442.16,15.07,11.85,178.64
5508,183.7836,1038,1702.93,1735.56,25.28,21.58,545.6
5508,183.7836,1048,1445.12,486.36,15.62,15.03,234.86
5508,183.7836,1052,907.37,59.72,13.42,15.75,211.37
5508,183.7836,945,1208.04,829.02,25.31,21.57,545.94
5514,183.9838,764,2935.43,1470.4,25.28,19.0,480.24
5514,183.9838,878,970.53,8.72,13.91,17.43,242.58
5514,183.9838,771,1111.22,1673.09,15.29,19.81,302.96
5514,183.9838,992,3515.95,1624.95,18.04,19.93,359.71
5514,183.9838,994,1944.83,1857.89,16.86,13.49,227.36
5514,183.9838,958,1311.7,1443.71,17.14,15.13,259.39
5514,183.9838,1033,3046.83,441.75,15.9,12.25,194.76
5514,183.9838,1038,1705.63,1734.23,24.85,21.49,534.04
5514,183.9838,1048,1448.21,487.96,15.52,14.81,229.93
5514,183.9838,1052,909.7,63.0,13.25,14.84,196.64
5514,183.9838,945,1208.37,828.61,25.15,21.19,532.78
5520,184.184,764,2937.7,1470.1,25.39,18.94,480.85
5520,184.184,878,972.43,7.93,13.07,15.87,207.42
5520,184.184,771,1113.05,1674.2,15.54,20.12,312.7
5520,184.184,992,3514.75,1622.7,17.79,19.8,352.26
5520,184.184,994,1948.15,1857.83,17.15,13.56,232.64
5520,184.184,958,1311.83,1444.0,17.53,15.43,270.49
5520,184.184,1033,3045.26,441.25,16.46,12.52,206.08
5520,184.184,1038,1708.24,1732.92,25.03,21.95,549.5
5520,184.184,1048,1451.83,489.56,15.37,14.52,223.19
5520,184.184,1052,915.02,65.67,13.64,15.1,206.04
5520,184.184,945,1208.74,827.73,26.31,22.05,579.97
5520,184.184,1062,3046.69,440.07,15.32,16.15,247.53
5526,184.3842,764,2940.66,1469.99,25.74,19.06,490.6
5526,184.3842,878,975.39,7.01,11.68,14.01,163.63
5526,184.3842,771,1114.58,1675.5,15.4,19.95,307.17
5526,184.3842,992,3513.41,1620.75,17.16,19.06,327.08
5526,184.3842,994,1951.36,1858.17,17.37,13.6,236.36
5526,184.3842,958,1311.76,1444.1,17.29,15.16,262.17
5526,184.3842,1033,3043.98,440.59,16.29,12.36,201.46
5526,184.3842,1038,1710.91,1731.84,24.61,21.96,540.41
5526,184.3842,1048,1454.95,491.45,15.38,14.43,221.89
5526,184.3842,1052,917.57,67.96,13.99,15.57,217.81
5532,184.5844,764,2943.69,1470.17,25.78,18.94,488.34
5532,184.5844,878,976.93,6.08,10.38,12.16,126.15
5532,184.5844,771,1116.75,1676.82,14.76,19.03,280.89
5532,184.5844,992,3513.11,1618.55,17.83,19.97,356.13
5532,184.5844,994,1954.58,1858.29,17.43,13.52,235.6
5532,184.5844,958,1312.48,1444.5,17.93,15.72,281.83
5532,184.5844,1033,3043.34,439.45,15.71,11.88,186.6
5532,184.5844,1038,1713.78,1730.74,24.4,22.22,542.12
5532,184.5844,1048,1458.54,492.95,16.06,15.01,241.0
5532,184.5844,1052,919.68,69.36,14.98,16.96,254.14
5538,184.7846,764,2946.77,1470.72,26.61,19.49,518.59
5538,184.7846,771,1118.62,1678.31,15.62,20.24,316.29
5538,184.7846,992,3512.31,1616.29,17.88,20.15,360.15
5538,184.7846,994,1958.36,1858.53,18.13,13.99,253.75
5538,184.7846,958,1312.85,1444.97,17.81,15.61,277.95
5538,184.7846,1033,3042.76,438.37,16.08,12.22,196.5
5538,184.7846,1038,1716.79,1730.09,24.06,22.34,537.44
5538,184.7846,1048,1461.28,494.19,15.77,14.5,228.72
5538,184.7846,1052,921.95,70.34,15.93,18.46,294.04
5544,184.9848,764,2949.81,1471.46,27.22,19.92,542.29
5544,184.9848,771,1120.8,1681.05,15.52,20.08,311.57
5544,184.9848,992,3511.87,1615.66,16.82,19.02,320.01
5544,184.9848,994,1962.1,1859.02,18.14,13.89,252.03
5544,184.9848,958,1313.51,1446.27,17.91,15.67,280.71
5544,184.9848,1033,3041.34,438.14,16.15,12.33,199.12
5544,184.9848,1038,1719.91,1729.67,23.91,22.66,541.78
5544,184.9848,1048,1465.53,495.51,16.3,14.65,238.73
5544,184.9848,1052,924.47,74.13,15.45,18.17,280.67
5544,184.9848,878,979.9,4.25,8.05,8.5,68.4
5550,185.185,764,2953.16,1472.45,27.01,19.7,532.18
5550,185.185,771,1122.86,1683.16,15.46,19.96,308.56
5550,185.185,992,3512.09,1614.45,17.15,19.44,333.44
5550,185.185,994,1965.45,1859.57,18.45,14.08,259.76
5550,185.185,958,1314.09,1447.27,18.33,15.97,292.7
5550,185.185,1033,3040.04,438.1,16.09,12.32,198.29
5550,185.185,1038,1722.77,1728.96,23.39,22.63,529.24
5550,185.185,1048,1468.5,496.92,16.3,14.68,239.3
5550,185.185,1052,927.7,76.52,13.87,16.34,226.69
5550,185.185,945,1211.43,827.99,25.99,21.45,557.61
5556,185.3852,764,2956.51,1473.57,26.46,19.15,506.78
5556,185.3852,771,1124.47,1684.99,15.46,19.83,306.6
5556,185.3852,992,3511.99,1612.71,17.09,19.52,333.64
5556,185.3852,994,1969.48,1860.07,18.3,13.79,252.33
5556,185.3852,958,1314.22,1448.6,18.45,16.02,295.6
5556,185.3852,1033,3038.84,437.88,16.28,12.56,204.44
5556,185.3852,1038,1725.45,1728.48,23.12,22.81,527.3
5556,185.3852,1048,1471.36,498.84,16.93,15.28,258.72
5556,185.3852,1052,930.36,79.74,12.92,15.2,196.47
5556,185.3852,945,1211.79,828.46,26.46,21.51,569.03
5562,185.5854,764,2959.89,1474.75,26.53,19.1,506.87
5562,185.5854,771,1126.5,1686.69,15.4,19.65,302.58
5562,185.5854,992,3511.49,1611.61,17.3,19.83,343.04
5562,185.5854,994,1973.47,1861.13,18.25,13.71,250.23
5562,185.5854,958,1314.59,1449.82,18.47,15.98,295.2
5562,185.5854,1033,3038.11,437.76,16.2,12.57,203.67
5562,185.5854,1038,1727.22,1728.24,23.16,23.05,533.77
5562,185.5854,1048,1475.11,500.53,18.09,16.62,300.58
5562,185.5854,1052,932.66,83.24,13.48,15.48,208.73
5568,185.7856,764,2962.99,1475.11,26.64,19.13,509.64
5568,185.7856,771,1128.2,1688.67,15.27,19.36,295.66
5568,185.7856,992,3510.92,1610.52,17.01,19.46,331.12
5568,185.7856,994,1976.95,1861.59,18.53,13.9,257.48
5568,185.7856,958,1314.68,1450.71,18.89,16.28,307.58
5568,185.7856,1033,3037.26,437.44,16.42,12.83,210.65
5568,185.7856,1038,1730.41,1727.5,22.84,23.16,529.0
5568,185.7856,1048,1478.2,501.83,19.58,18.47,361.69
5568,185.7856,1052,936.28,86.68,14.49,16.98,245.99
5574,185.9858,764,2965.87,1475.87,27.35,19.68,538.08
5574,185.9858,771,1130.74,1690.95,15.55,19.43,302.23
5574,185.9858,992,3510.5,1609.46,17.39,20.13,350.14
5574,185.9858,994,1980.11,1861.98,18.46,13.82,255.13
5574,185.9858,958,1314.4,1451.95,19.3,16.63,321.01
5574,185.9858,1033,3036.2,437.19,16.76,13.16,220.49
5574,185.9858,1038,1732.9,1726.28,22.36,23.17,518.14
5574,185.9858,1048,1481.53,505.57,19.11,18.38,351.17
5574,185.9858,1052,938.67,88.39,14.07,16.62,233.77
5580,186.186,764,2968.8,1477.09,27.36,19.64,537.3
5580,186.186,771,1132.09,1693.24,15.76,19.55,308.02
5580,186.186,992,3510.09,1607.31,18.17,21.41,389.15
5580,186.186,994,1983.17,1862.2,18.53,13.86,256.91
5580,186.186,958,1314.18,1452.87,18.62,15.95,296.88
5580,186.186,1033,3035.42,436.94,17.14,13.61,233.33
5580,186.186,1038,1735.33,1725.62,22.66,24.03,544.52
5580,186.186,1048,1484.26,507.65,17.69,17.1,302.42
5580,186.186,1052,940.57,89.66,13.0,15.4,200.27
5586,186.3862,764,2972.08,1477.76,26.91,19.25,517.95
5586,186.3862,771,1133.41,1695.14,15.39,18.91,291.14
5586,186.3862,992,3509.42,1605.88,17.46,20.62,360.08
5586,186.3862,994,1986.29,1862.06,18.82,14.08,265.0
5586,186.3862,958,1313.98,1453.66,18.62,15.9,296.07
5586,186.3862,1033,3034.35,436.21,18.56,15.08,279.86
5586,186.3862,1038,1737.22,1725.22,22.5,24.37,548.28
5586,186.3862,1048,1486.13,508.51,17.11,16.3,278.98
5586,186.3862,1052,942.59,90.94,12.96,15.37,199.21
5586,186.3862,945,1211.11,828.66,28.58,22.9,654.45
5592,186.5864,764,2975.61,1478.43,26.73,18.99,507.6
5592,186.5864,771,1135.07,1697.1,15.31,18.72,286.64
5592,186.5864,992,3509.02,1604.71,16.94,20.02,339.28
5592,186.5864,994,1989.65,1862.03,18.79,14.01,263.24
5592,186.5864,958,1313.96,1454.56,18.39,15.65,287.8
5592,186.5864,1033,3032.65,435.55,19.65,16.4,322.21
5592,186.5864,1038,1739.58,1724.55,21.45,23.57,505.47
5592,186.5864,1048,1490.32,509.38,16.23,15.18,246.43
5592,186.5864,1052,945.17,92.82,13.87,16.62,230.48
5598,186.7866,764,2978.91,1479.35,27.2,19.27,524.1
5598,186.7866,771,1136.7,1699.06,15.76,19.15,301.82
5598,186.7866,992,3509.32,1603.21,16.21,19.22,311.72
5598,186.7866,994,1993.55,1862.25,18.83,13.92,262.11
5598,186.7866,958,1313.86,1455.72,18.13,15.33,277.82
5598,186.7866,1033,3031.64,435.17,20.08,17.19,345.15
5598,186.7866,1038,1741.64,1724.21,21.79,24.32,529.82
5598,186.7866,1048,1493.15,510.65,16.27,15.3,248.98
5598,186.7866,1052,947.82,97.1,15.18,18.55,281.61
5604,186.9868,764,2982.32,1479.88,27.16,19.28,523.71
5604,186.9868,771,1138.41,1700.72,15.75,18.98,299.09
5604,186.9868,992,3509.29,1601.64,15.73,18.44,290.05
5604,186.9868,994,1997.03,1862.67,18.71,13.92,260.37
5604,186.9868,958,1313.55,1456.86,18.45,15.52,286.26
5604,186.9868,1033,3030.7,434.95,20.08,17.67,354.83
5604,186.9868,1038,1743.72,1722.85,21.71,24.69,536.07
5604,186.9868,1048,1495.88,512.59,16.28,15.41,250.9
5604,186.9868,1052,949.93,99.38,14.58,17.98,262.13
5604,186.9868,945,1209.16,829.2,27.76,21.74,603.57
5610,187.187,764,2985.62,1480.1,26.99,19.16,517.29
5610,187.187,771,1140.38,1701.72,15.7,18.76,294.54
5610,187.187,992,3509.28,1600.01,16.07,18.92,304.0
5610,187.187,994,2000.59,1862.59,18.4,13.65,251.13
5610,187.187,958,1313.22,1457.81,18.45,15.44,284.89
5610,187.187,1033,3029.64,434.48,20.62,18.65,384.53
5610,187.187,1038,1745.77,1721.36,21.07,24.37,513.53
5610,187.187,1048,1498.78,514.28,16.15,15.37,248.27
5610,187.187,1052,951.97,100.7,13.4,16.63,222.92
5616,187.3872,764,2989.22,1480.49,27.5,19.56,537.82
5616,187.3872,771,1142.48,1702.6,16.57,19.81,328.22
5616,187.3872,992,3508.97,1598.6,16.38,19.34,316.8
5616,187.3872,994,2004.11,1862.56,18.73,13.85,259.42
5616,187.3872,958,1313.08,1458.75,18.36,15.32,281.28
5616,187.3872,1033,3029.31,430.73,19.63,18.17,356.56
5616,187.3872,1038,1747.82,1719.86,20.38,23.78,484.58
5616,187.3872,1048,1501.7,515.96,15.8,15.05,237.9
5616,187.3872,1052,954.2,101.94,12.77,15.8,201.72
5616,187.3872,945,1208.16,828.94,28.81,22.36,644.27
5622,187.5874,764,2992.7,1481.18,28.12,20.07,564.28
5622,187.5874,771,1144.25,1705.41,16.6,19.87,329.86
5622,187.5874,992,3509.08,1597.15,15.91,18.69,297.2
5622,187.5874,994,2007.38,1862.11,18.66,13.81,257.76
5622,187.5874,958,1312.95,1459.28,18.49,15.35,283.87
5622,187.5874,1033,3029.06,428.97,18.58,17.45,324.16
5622,187.5874,1038,1749.63,1718.7,21.02,24.79,521.3
5622,187.5874,1048,1504.6,517.38,15.53,14.81,230.04
5622,187.5874,1052,955.6,103.21,12.93,15.85,205.01
5622,187.5874,945,1207.72,828.84,28.9,22.28,643.83
5628,187.7876,764,2996.23,1481.62,27.51,19.6,539.03
5628,187.7876,771,1146.25,1707.07,16.01,18.91,302.8
5628,187.7876,992,3509.22,1595.28,15.89,18.56,295.0
5628,187.7876,994,2010.59,1861.81,18.73,13.92,260.75
5628,187.7876,958,1312.21,1459.61,18.34,15.12,277.28
5628,187.7876,1033,3028.52,427.73,16.97,15.95,270.73
5628,187.7876,1038,1751.29,1717.45,20.19,23.93,483.3
5628,187.7876,1048,1507.43,518.02,15.63,14.81,231.44
5628,187.7876,1052,956.73,104.71,13.15,15.72,206.66
5628,187.7876,945,1206.88,828.79,28.76,21.97,631.83
5634,187.9878,764,2999.68,1482.55,28.23,20.15,568.83
5634,187.9878,771,1148.29,1709.18,16.19,18.99,307.4
5634,187.9878,992,3509.71,1594.51,16.39,19.22,314.95
5634,187.9878,994,2013.82,1861.62,19.06,14.14,269.43
5634,187.9878,958,1312.22,1460.13,19.07,15.7,299.47
5634,187.9878,1033,3027.92,426.48,15.62,14.58,227.81
5634,187.9878,1038,1753.43,1716.49,19.93,23.95,477.34
5634,187.9878,1048,1509.47,519.08,15.33,14.24,218.35
5640,188.188,764,3003.28,1482.75,27.34,19.45,531.77
5640,188.188,771,1149.68,1710.63,16.05,18.43,295.79
5640,188.188,992,3510.05,1592.88,16.77,19.71,330.46
5640,188.188,994,2018.04,1861.47,19.04,14.12,268.83
5640,188.188,958,1312.41,1460.59,19.82,16.46,326.29
5640,188.188,1033,3027.6,425.42,15.01,13.86,208.0
5640,188.188,1038,1755.63,1715.22,20.37,24.74,504.02
5640,188.188,1048,1513.1,520.29,16.17,15.21,245.83
5640,188.188,1052,963.93,109.35,13.09,15.43,201.96
5646,188.3882,764,3007.24,1483.05,26.84,19.02,510.37
5646,188.3882,771,1150.65,1712.18,15.9,17.65,280.62
5646,188.3882,992,3510.11,1590.99,16.53,19.48,322.09
5646,188.3882,994,2021.81,1861.58,19.05,14.17,269.98
5646,188.3882,958,1312.47,1460.97,20.49,17.22,352.93
5646,188.3882,1033,3026.96,424.21,15.26,13.85,211.39
5646,188.3882,1038,1757.15,1714.04,20.4,24.97,509.31
5646,188.3882,1048,1516.43,522.4,16.3,15.38,250.63
5646,188.3882,1052,965.91,111.14,12.83,15.11,193.87
5652,188.5884,764,3010.86,1483.72,26.95,19.06,513.7
5652,188.5884,771,1153.65,1713.38,16.15,17.56,283.6
5652,188.5884,992,3510.7,1589.12,16.57,19.51,323.27
5652,188.5884,994,2025.08,1861.53,19.09,14.25,272.1
5652,188.5884,958,1312.07,1461.49,21.48,18.29,393.02
5652,188.5884,1033,3026.62,422.81,15.18,13.46,204.45
5652,188.5884,1038,1759.24,1712.73,20.25,24.98,505.81
5652,188.5884,1048,1519.3,523.78,15.66,14.7,230.27
5652,188.5884,1052,967.57,112.77,12.86,15.19,195.33
5652,188.5884,945,1204.51,828.27,29.33,22.37,656.23
5658,188.7886,764,3014.26,1484.17,27.15,19.16,520.22
5658,188.7886,771,1155.84,1714.8,16.17,17.23,278.71
5658,188.7886,992,3510.74,1587.67,16.33,19.36,316.18
5658,188.7886,994,2028.26,1861.04,18.83,14.08,265.25
5658,188.7886,958,1311.66,1461.81,22.02,18.98,417.86
5658,188.7886,1033,3026.61,421.49,15.71,13.74,215.95
5658,188.7886,1038,1760.69,1711.34,19.88,24.48,486.6
5658,188.7886,1048,1521.87,524.54,16.71,15.83,264.45
5658,188.7886,1052,969.07,114.05,12.8,15.17,194.21
5658,188.7886,945,1203.89,827.8,29.49,22.34,658.92
5664,188.9888,764,3017.93,1484.7,27.81,19.7,547.89
5664,188.9888,771,1157.96,1716.29,16.38,17.22,282.08
5664,188.9888,992,3511.12,1585.99,17.12,20.29,347.42
5664,188.9888,994,2031.51,1860.26,18.72,13.95,261.09
5664,188.9888,958,1311.21,1461.91,21.98,19.23,422.67
5664,188.9888,1033,3026.6,420.34,15.44,13.22,204.12
5664,188.9888,1038,1762.22,1710.2,19.51,24.14,470.94
5664,188.9888,1048,1524.23,525.25,17.81,17.1,304.5
5664,188.9888,1052,971.15,115.71,13.17,15.62,205.81
5670,189.189,764,3021.52,1485.16,27.95,19.87,555.31
5670,189.189,771,1160.49,1717.86,16.44,17.08,280.82
5670,189.189,992,3510.79,1584.87,17.75,21.29,377.91
5670,189.189,994,2035.3,1859.72,18.78,14.03,263.6
5670,189.189,958,1311.05,1465.07,21.67,19.2,415.96
5670,189.189,1033,3026.2,418.82,16.07,13.49,216.79
5670,189.189,1038,1763.86,1708.72,19.47,24.22,471.52
5670,189.189,1048,1526.98,526.07,19.13,18.75,358.68
5670,189.189,945,1202.18,827.25,29.71,22.36,664.47
5676,189.3892,764,3025.2,1485.86,28.07,20.0,561.36
5676,189.3892,771,1162.92,1719.84,16.37,16.66,272.74
5676,189.3892,992,3511.04,1582.73,17.42,21.03,366.46
5676,189.3892,994,2038.11,1859.34,18.61,13.82,257.23
5676,189.3892,958,1311.26,1466.59,20.8,18.56,386.0
5676,189.3892,1033,3025.92,417.28,16.35,13.41,219.25
5676,189.3892,1038,1765.5,1707.55,19.25,23.95,461.06
5676,189.3892,1048,1529.89,529.36,18.98,18.94,359.43
5676,189.3892,1080,3021.91,417.44,19.44,13.68,265.96
5682,189.5894,764,3029.05,1485.97,27.63,19.69,544.12
5682,189.5894,771,1165.24,1721.37,16.33,16.44,268.55
5682,189.5894,992,3511.94,1580.98,17.08,20.71,353.8
5682,189.5894,994,2042.29,1858.94,18.45,13.68,252.37
5682,189.5894,958,1311.53,1467.34,20.04,17.88,358.36
5682,189.5894,1033,3025.82,415.59,16.26,13.01,211.5
5682,189.5894,1038,1767.42,1706.42,19.07,23.61,450.19
5682,189.5894,1048,1532.67,530.87,18.52,18.58,343.94
5682,189.5894,1080,3021.94,415.84,18.65,13.11,244.42
5682,189.5894,1052,978.58,123.08,14.2,16.98,241.06
5682,189.5894,945,1201.62,826.95,30.47,22.89,697.56
5688,189.7896,764,3033.54,1486.16,27.82,19.92,554.11
5688,189.7896,771,1167.56,1722.88,16.88,16.79,283.36
5688,189.7896,992,3512.64,1579.47,16.49,20.01,330.01
5688,189.7896,994,2046.15,1858.76,18.85,14.01,264.09
5688,189.7896,958,1311.57,1467.8,19.37,17.2,333.13
5688,189.7896,1033,3025.55,413.56,17.47,13.75,240.2
5688,189.7896,1038,1769.46,1704.84,19.04,23.43,446.16
5688,189.7896,1048,1537.42,532.11,17.26,16.99,293.12
5688,189.7896,1080,3021.78,413.58,19.5,13.72,267.49
5688,189.7896,1052,980.36,124.43,13.97,16.32,227.93
5688,189.7896,945,1201.12,826.7,30.12,22.55,679.16
5694,189.9898,764,3037.36,1486.4,27.54,19.8,545.26
5694,189.9898,771,1169.49,1723.78,16.74,16.4,274.49
5694,189.9898,992,3513.12,1577.82,16.42,19.92,327.04
5694,189.9898,994,2049.99,1858.27,18.88,14.04,265.1
5694,189.9898,958,1311.86,1468.29,18.49,16.24,300.3
5694,189.9898,1038,1771.63,1702.62,18.93,23.3,440.89
5694,189.9898,1048,1540.2,533.11,15.68,15.28,239.55
5694,189.9898,1080,3021.41,412.37,20.93,14.79,309.7
5694,189.9898,1052,981.44,125.49,13.47,15.02,202.2
5694,189.9898,945,1200.5,826.28,29.89,22.27,665.46
5700,190.19,764,3040.72,1486.54,27.05,19.45,526.26
5700,190.19,771,1172.25,1724.98,16.56,16.06,266.0
5700,190.19,992,3513.36,1575.94,16.4,19.9,326.24
5700,190.19,994,2053.97,1857.31,18.43,13.79,254.1
5700,190.19,958,1311.73,1468.54,17.97,15.64,281.07
5700,190.19,1038,1773.38,1700.43,19.21,23.72,455.65
5700,190.19,1048,1542.83,534.37,15.74,15.37,241.92
5700,190.19,1080,3021.19,411.55,22.52,16.07,361.95
5700,190.19,1052,986.14,126.58,14.35,15.66,224.77
5706,190.3902,764,3044.27,1486.88,26.93,19.36,521.54
5706,190.3902,771,1174.94,1725.94,16.99,16.26,276.29
5706,190.3902,992,3513.44,1573.58,16.08,19.5,313.56
5706,190.3902,994,2056.78,1856.51,18.78,14.1,264.78
5706,190.3902,958,1311.35,1468.47,18.24,15.77,287.57
5706,190.3902,1038,1774.16,1697.2,19.33,23.91,462.08
5706,190.3902,1048,1545.28,535.15,15.12,14.7,222.21
5706,190.3902,1080,3020.65,410.9,23.87,17.32,413.41
5706,190.3902,1052,988.43,127.61,14.44,15.65,225.96
5706,190.3902,945,1198.25,825.32,30.05,22.32,670.88
5712,190.5904,764,3047.93,1487.0,26.97,19.33,521.42
5712,190.5904,771,1177.96,1726.86,16.97,16.01,271.71
5712,190.5904,992,3513.57,1571.15,16.34,19.77,323.1
5712,190.5904,994,2060.3,1855.61,19.01,14.31,272.01
5712,190.5904,958,1310.32,1468.44,18.44,15.73,289.94
5712,190.5904,1038,1775.06,1694.48,20.48,25.32,518.53
5712,190.5904,1048,1547.74,535.77,15.21,14.68,223.28
5712,190.5904,1080,3020.31,410.12,25.5,18.93,482.54
5712,190.5904,1052,990.29,129.53,14.46,15.93,230.4
5712,190.5904,945,1197.54,824.59,30.14,22.42,675.58
5712,190.5904,1033,3020.69,405.45,21.7,17.68,383.48
5718,190.7906,764,3051.89,1487.17,26.93,19.26,518.55
5718,190.7906,771,1180.34,1728.01,16.87,15.76,265.89
5718,190.7906,992,3513.32,1569.45,17.09,20.88,356.88
5718,190.7906,994,2062.98,1854.86,19.0,14.12,268.26
5718,190.7906,958,1309.83,1468.27,18.87,15.98,301.48
5718,190.7906,1038,1777.55,1692.76,21.14,26.33,556.67
5718,190.7906,1048,1550.5,536.72,15.37,14.7,225.83
5718,190.7906,1052,992.83,131.65,13.74,15.28,209.92
5718,190.7906,945,1197.0,824.05,30.63,22.85,699.84
5718,190.7906,1033,3020.28,403.76,19.9,16.41,326.58
5724,190.9908,764,3055.23,1487.18,27.1,19.38,525.26
5724,190.9908,771,1182.53,1729.18,16.78,15.52,260.5
5724,190.9908,992,3513.5,1567.4,16.51,20.14,332.56
5724,190.9908,994,2067.21,1854.41,18.99,14.15,268.78
5724,190.9908,958,1310.01,1468.71,17.92,15.05,269.6
5724,190.9908,1048,1553.34,537.85,15.79,15.09,238.26
5724,190.9908,1052,995.16,133.88,13.76,15.51,213.51
5724,190.9908,945,1195.94,823.79,30.5,22.73,693.23
5724,190.9908,1033,3019.78,402.89,18.31,15.27,279.66
5730,191.191,764,3057.85,1487.61,26.92,19.27,518.76
5730,191.191,771,1184.89,1730.7,16.8,15.36,258.04
5730,191.191,992,3512.97,1565.95,16.08,19.55,314.38
5730,191.191,994,2070.45,1854.23,19.21,14.37,275.89
5730,191.191,958,1309.87,1469.44,17.59,14.52,255.29
5730,191.191,1048,1556.04,539.72,15.74,14.97,235.53
5730,191.191,1052,997.38,136.38,13.27,15.1,200.36
5730,191.191,945,1194.86,824.02,29.58,21.87,646.88
5730,191.191,1033,3019.09,402.09,16.51,13.76,227.18
5736,191.3912,764,3060.86,1487.95,26.32,18.8,494.68
5736,191.3912,771,1187.46,1732.17,17.04,15.44,262.97
5736,191.3912,992,3512.99,1565.12,16.37,20.05,328.26
5736,191.3912,994,2073.87,1853.75,19.28,14.47,279.03
5736,191.3912,958,1309.79,1470.33,17.68,14.42,255.0
5736,191.3912,1048,1558.11,541.73,16.32,15.23,248.56
5736,191.3912,1052,999.7,138.85,13.4,15.32,205.27
5736,191.3912,945,1194.14,823.78,29.97,22.07,661.21
5736,191.3912,1033,3018.21,401.84,15.63,13.12,205.07
5736,191.3912,1038,1780.78,1689.06,19.7,24.54,483.58
5742,191.5914,764,3064.51,1489.26,27.77,19.93,553.37
5742,191.5914,771,1190.27,1733.12,17.23,15.49,266.89
5742,191.5914,992,3512.61,1563.37,15.53,18.94,294.03
5742,191.5914,994,2077.3,1853.15,18.89,14.18,267.81
5742,191.5914,958,1309.71,1471.33,17.69,14.3,253.02
5742,191.5914,1048,1562.47,543.91,16.64,15.46,257.19
5742,191.5914,1052,1001.41,140.12,13.46,15.5,208.71
5742,191.5914,945,1193.53,824.3,30.29,22.23,673.48
5742,191.5914,1033,3017.51,401.42,15.56,13.03,202.65
5742,191.5914,1038,1781.88,1687.92,19.27,23.85,459.41
5748,191.7916,764,3067.91,1489.82,27.97,20.14,563.4
5748,191.7916,771,1193.12,1734.76,17.42,15.61,271.89
5748,191.7916,992,3511.81,1561.87,16.2,19.77,320.39
5748,191.7916,994,2080.49,1852.78,18.92,14.31,270.59
5748,191.7916,958,1309.4,1472.09,17.92,14.38,257.59
5748,191.7916,1048,1565.5,545.56,16.25,15.06,244.65
5748,191.7916,1052,1003.38,141.4,14.87,17.27,256.75
5748,191.7916,945,1192.93,824.76,30.65,22.51,689.99
5748,191.7916,1033,3016.46,401.17,15.54,12.97,201.46
5754,191.9918,764,3070.94,1490.21,27.63,19.94,550.99
5754,191.9918,771,1195.91,1736.06,17.7,15.75,278.7
5754,191.9918,992,3511.02,1561.12,16.58,20.45,339.15
5754,191.9918,994,2083.49,1852.36,19.54,14.94,291.92
5754,191.9918,958,1308.87,1472.28,17.53,13.94,244.36
5754,191.9918,1048,1567.98,547.1,16.27,15.13,246.07
5754,191.9918,1052,1004.89,145.57,15.54,17.9,278.09
5754,191.9918,945,1192.14,824.95,30.12,22.04,663.82
5754,191.9918,1033,3015.54,401.15,15.65,13.06,204.42
5754,191.9918,1038,1784.07,1685.06,19.13,23.75,454.37
5760,192.192,764,3073.36,1490.79,28.36,20.5,581.46
5760,192.192,771,1198.1,1737.27,17.42,15.23,265.24
5760,192.192,992,3511.11,1558.58,16.52,20.29,335.2
5760,192.192,994,2086.17,1852.26,19.72,15.09,297.57
5760,192.192,958,1308.37,1472.33,17.49,13.8,241.36
5760,192.192,1048,1570.69,548.54,17.44,16.4,286.07
5760,192.192,1052,1009.81,148.22,14.42,16.1,232.18
5760,192.192,945,1191.33,825.4,29.66,21.59,640.2
5760,192.192,1033,3014.57,400.69,14.91,12.39,184.77
5760,192.192,1038,1785.01,1683.08,18.95,23.46,444.63
5766,192.3922,764,3075.77,1490.89,27.32,19.66,536.97
5766,192.3922,771,1201.36,1738.04,17.37,14.88,258.5
5766,192.3922,992,3509.45,1557.09,16.04,19.76,316.92
5766,192.3922,994,2090.11,1851.94,20.41,15.74,321.34
5766,192.3922,958,1307.56,1472.67,17.78,13.92,247.44
5766,192.3922,1048,1573.31,549.37,18.29,17.48,319.74
5766,192.3922,1052,1012.39,150.51,14.09,15.57,219.38
5766,192.3922,1033,3013.08,399.45,14.87,12.22,181.84
5766,192.3922,1038,1785.62,1681.39,18.95,23.59,447.02
5772,192.5924,764,3079.2,1490.97,26.44,18.94,500.68
5772,192.5924,771,1203.44,1738.58,17.56,15.01,263.58
5772,192.5924,992,3508.6,1555.13,15.62,19.16,299.16
5772,192.5924,994,2093.17,1851.72,20.74,16.19,335.74
5772,192.5924,958,1307.45,1473.15,17.79,13.86,246.52
5772,192.5924,1048,1576.1,550.15,19.27,18.92,364.57
5772,192.5924,1052,1013.92,152.49,13.99,15.57,217.91
5772,192.5924,1033,3012.08,398.4,15.3,12.5,191.26
5772,192.5924,1038,1786.4,1679.62,19.09,23.78,453.91
5778,192.7926,764,3082.26,1491.26,26.77,19.13,512.05
5778,192.7926,771,1205.6,1739.4,17.26,14.67,253.21
5778,192.7926,992,3508.16,1552.45,15.67,19.2,300.94
5778,192.7926,994,2095.95,1851.22,21.61,17.22,372.23
5778,192.7926,958,1307.22,1473.54,18.36,14.29,262.38
5778,192.7926,1048,1578.68,553.68,18.59,18.51,344.17
5778,192.7926,1052,1015.72,154.62,13.52,15.19,205.48
5778,192.7926,1033,3011.19,397.41,15.29,12.43,190.16
5778,192.7926,1038,1786.98,1678.06,19.02,23.61,449.0
5784,192.9928,764,3085.23,1491.66,26.78,19.12,512.02
5784,192.9928,771,1208.29,1740.63,17.22,14.57,250.94
5784,192.9928,992,3507.71,1550.84,16.19,19.82,320.88
5784,192.9928,994,2098.86,1850.84,22.2,18.01,399.66
5784,192.9928,958,1306.86,1474.01,18.69,14.55,271.96
5784,192.9928,1048,1580.94,555.89,16.95,16.71,283.2
5784,192.9928,1052,1017.31,156.49,13.31,15.07,200.6
5784,192.9928,1033,3010.05,397.68,15.28,12.28,187.63
5784,192.9928,945,1186.54,826.01,29.49,21.46,632.7
5790,193.193,764,3087.1,1491.57,26.84,19.21,515.65
5790,193.193,771,1210.16,1741.86,17.2,14.49,249.35
5790,193.193,992,3506.8,1549.57,15.94,19.07,304.05
5790,193.193,994,2101.45,1850.41,22.83,18.89,431.32
5790,193.193,958,1305.68,1474.63,18.67,14.48,270.44
5790,193.193,1048,1582.36,556.61,16.74,16.2,271.2
5790,193.193,1052,1018.93,158.74,13.18,15.08,198.62
5790,193.193,1033,3008.32,397.4,15.43,12.32,190.08
5790,193.193,1088,2100.69,1845.97,18.01,19.93,359.01
5790,193.193,945,1184.84,825.99,29.45,21.29,626.95
5796,193.3932,764,3089.51,1491.89,27.0,19.28,520.54
5796,193.3932,771,1212.23,1743.09,17.55,14.74,258.7
5796,193.3932,992,3506.52,1547.7,16.2,19.06,308.77
5796,193.3932,994,2104.35,1850.18,22.85,19.37,442.61
5796,193.3932,958,1304.91,1475.15,18.49,14.3,264.35
5796,193.3932,1048,1586.23,558.01,16.24,15.45,250.81
5796,193.3932,1052,1020.67,160.68,13.06,14.97,195.59
5796,193.3932,1033,3007.69,397.33,15.69,12.53,196.52
5796,193.3932,1088,2103.49,1845.44,17.08,18.88,322.46
5802,193.5934,764,3092.49,1492.23,27.33,19.44,531.43
5802,193.5934,771,1214.33,1743.78,17.4,14.59,253.87
5802,193.5934,992,3506.35,1545.53,16.35,18.89,308.9
5802,193.5934,958,1303.8,1475.16,19.13,14.78,282.8
5802,193.5934,1048,1588.28,559.35,16.23,15.45,250.62
5802,193.5934,1052,1022.19,162.34,12.65,14.62,184.99
5802,193.5934,1033,3006.21,396.2,15.09,11.97,180.58
5802,193.5934,1088,2106.57,1845.07,16.44,18.15,298.33
5802,193.5934,1089,1786.78,1668.27,17.02,19.3,328.55
5808,193.7936,764,3095.5,1492.66,27.12,19.22,521.23
5808,193.7936,771,1216.3,1744.31,17.7,14.83,262.4
5808,193.7936,992,3503.03,1544.2,16.62,18.91,314.37
5808,193.7936,958,1302.95,1475.53,19.06,14.69,279.96
5808,193.7936,1048,1590.57,561.22,16.09,15.31,246.32
5808,193.7936,1052,1024.04,164.11,13.37,15.55,207.87
5808,193.7936,1033,3005.0,395.33,14.96,11.77,176.11
5808,193.7936,1088,2109.22,1845.12,16.6,18.24,302.92
5808,193.7936,1089,1787.05,1667.16,17.81,20.17,359.13
5808,193.7936,994,2109.65,1849.75,23.24,20.16,468.7
5814,193.9938,764,3098.26,1492.89,27.83,19.77,550.28
5814,193.9938,771,1218.42,1745.36,17.18,14.28,245.29
5814,193.9938,992,3501.69,1542.95,16.35,18.27,298.82
5814,193.9938,958,1302.33,1476.49,19.08,14.65,279.54
5814,193.9938,1048,1592.66,563.45,15.86,15.12,239.69
5814,193.9938,1052,1025.58,165.54,14.62,17.44,255.0
5814,193.9938,1033,3003.75,395.09,15.27,11.9,181.7
5814,193.9938,1088,2113.16,1844.9,16.4,17.81,292.04
5814,193.9938,1089,1787.56,1666.71,18.28,20.67,377.87
5820,194.194,764,3101.09,1493.31,28.24,20.09,567.33
5820,194.194,771,1220.94,1746.37,17.86,14.85,265.14
5820,194.194,992,3501.21,1540.93,16.89,18.69,315.56
5820,194.194,958,1301.95,1477.33,18.74,14.3,267.85
5820,194.194,1048,1594.84,565.43,15.73,15.06,236.9
5820,194.194,1052,1027.02,169.28,15.43,18.7,288.56
5820,194.194,1033,3002.99,394.92,15.88,12.25,194.52
5820,194.194,1088,2115.82,1844.51,15.82,17.03,269.43
5826,194.3942,764,3104.15,1493.41,27.46,19.54,536.45
5826,194.3942,771,1222.57,1747.31,18.18,14.93,271.42
5826,194.3942,992,3500.63,1538.79,17.27,19.12,330.25
5826,194.3942,958,1301.13,1477.98,19.53,14.89,290.86
5826,194.3942,1048,1597.2,566.96,15.71,14.97,235.14
5826,194.3942,1052,1028.01,171.4,14.82,17.88,265.04
5826,194.3942,1033,3002.58,393.94,15.65,11.85,185.53
5826,194.3942,1088,2118.43,1844.28,15.56,16.57,257.79
5826,194.3942,1089,1788.12,1663.41,19.48,22.01,428.79
5832,194.5944,764,3107.6,1493.41,27.33,19.31,527.65
5832,194.5944,771,1226.18,1748.03,18.73,15.45,289.4
5832,194.5944,992,3500.62,1537.5,18.06,20.05,362.06
5832,194.5944,958,1300.49,1478.42,18.9,14.37,271.53
5832,194.5944,1048,1599.96,568.44,15.95,15.25,243.35
5832,194.5944,1052,1028.89,172.5,14.26,16.79,239.49
5832,194.5944,1033,3002.23,393.08,16.36,12.2,199.61
5832,194.5944,1088,2121.41,1843.78,14.87,15.56,231.4
5838,194.7946,764,3111.04,1493.19,27.78,19.65,545.84
5838,194.7946,771,1228.16,1748.48,19.24,16.08,309.28
5838,194.7946,992,3500.52,1534.82,18.32,20.43,374.11
5838,194.7946,958,1299.71,1478.22,19.35,14.7,284.39
5838,194.7946,1048,1602.36,569.06,15.94,15.22,242.57
5838,194.7946,1052,1029.68,173.43,13.7,15.42,211.18
5838,194.7946,1033,3001.99,392.53,16.7,12.26,204.75
5838,194.7946,1088,2124.47,1843.29,14.29,14.61,208.75
5838,194.7946,1094,3000.42,391.51,15.86,15.02,238.18
5838,194.7946,1089,1788.93,1660.06,19.02,21.34,405.91
5844,194.9948,764,3113.59,1492.75,27.96,19.85,555.06
5844,194.9948,771,1229.59,1748.86,19.76,16.78,331.72
5844,194.9948,992,3500.42,1532.49,17.32,19.23,333.21
5844,194.9948,958,1298.59,1478.46,19.35,14.64,283.38
5844,194.9948,1048,1603.95,569.88,15.29,14.58,223.01
5844,194.9948,1052,1034.05,174.94,13.94,15.29,213.09
5844,194.9948,1088,2127.52,1842.98,14.04,13.99,196.36
5844,194.9948,1094,2999.33,391.04,14.91,14.09,210.13
5850,195.195,764,3116.66,1492.52,27.83,19.77,550.18
5850,195.195,771,1231.59,1748.86,19.45,16.81,326.85
5850,195.195,992,3500.61,1530.93,17.63,19.56,344.78
5850,195.195,958,1297.82,1479.22,19.04,14.27,271.76
5850,195.195,1048,1606.66,571.21,15.57,14.77,229.97
5850,195.195,1052,1035.95,176.23,14.08,15.2,214.12
5850,195.195,1088,2130.54,1842.77,14.06,13.68,192.46
5850,195.195,1094,2998.5,390.47,13.88,13.06,181.26
5856,195.3952,764,3120.46,1492.56,27.65,19.63,542.95
5856,195.3952,771,1233.96,1748.96,19.47,17.09,332.73
5856,195.3952,992,3500.7,1529.32,17.63,19.5,343.78
5856,195.3952,958,1297.59,1479.88,19.39,14.46,280.51
5856,195.3952,1048,1609.46,572.95,15.59,14.74,229.89
5856,195.3952,1052,1037.55,177.99,14.45,15.76,227.67
5856,195.3952,1088,2133.67,1842.52,14.58,13.8,201.15
5856,195.3952,1094,2998.17,389.75,13.78,12.89,177.66
5862,195.5954,764,3124.31,1493.06,27.21,19.29,524.88
5862,195.5954,771,1236.53,1749.19,19.78,17.63,348.84
5862,195.5954,992,3501.07,1527.2,17.39,19.03,330.92
5862,195.5954,958,1297.35,1480.72,19.49,14.43,281.21
5862,195.5954,1048,1612.22,574.48,15.64,14.75,230.58
5862,195.5954,1052,1038.67,179.65,14.17,15.62,221.39
5862,195.5954,1088,2137.71,1842.2,14.98,13.82,207.0
5862,195.5954,1094,2997.52,388.92,13.71,12.72,174.31
5868,195.7956,764,3128.09,1493.49,27.73,19.63,544.41
5868,195.7956,771,1238.99,1749.73,20.68,18.78,388.27
5868,195.7956,992,3501.28,1525.28,17.94,19.53,350.34
5868,195.7956,958,1295.37,1481.44,19.65,14.41,283.02
5868,195.7956,1048,1614.98,575.89,15.19,14.32,217.51
5868,195.7956,1052,1039.76,180.53,14.2,15.84,225.01
5868,195.7956,1088,2140.97,1841.55,14.74,13.3,196.16
5868,195.7956,1094,2996.73,387.87,13.31,12.24,162.86
5874,195.9958,764,3132.03,1493.68,27.21,19.21,522.6
5874,195.9958,771,1241.68,1753.11,20.41,18.81,383.96
5874,195.9958,992,3501.25,1523.73,17.81,19.27,343.23
5874,195.9958,958,1294.12,1481.83,19.23,14.04,270.03
5874,195.9958,1048,1616.86,577.26,15.69,14.66,229.97
5874,195.9958,1052,1041.47,182.02,13.78,15.39,212.17
5874,195.9958,1088,2144.27,1841.17,15.22,13.55,206.28
5874,195.9958,1094,2996.62,387.4,13.82,12.69,175.45
5880,196.196,764,3134.89,1493.44,27.02,19.07,515.44
5880,196.196,771,1243.27,1754.64,19.72,18.41,363.11
5880,196.196,992,3501.08,1521.8,17.49,18.81,329.02
5880,196.196,958,1293.17,1481.96,19.57,14.32,280.29
5880,196.196,1048,1618.13,578.02,16.52,15.23,251.65
5880,196.196,1052,1042.8,183.39,13.72,15.5,212.7
5880,196.196,1088,2146.92,1841.0,15.91,13.98,222.35
5880,196.196,1094,2995.82,386.99,13.77,12.58,173.28
5886,196.3962,764,3138.32,1493.46,27.26,19.19,523.17
5886,196.3962,771,1245.05,1755.4,19.03,17.84,339.44
5886,196.3962,992,3504.83,1519.45,17.55,18.78,329.63
5886,196.3962,958,1292.87,1482.21,19.33,14.17,273.83
5886,196.3962,1048,1621.1,579.25,17.9,16.81,300.8
5886,196.3962,1052,1044.22,185.01,13.08,14.76,193.06
5886,196.3962,1088,2150.35,1840.99,15.72,13.58,213.44
5886,196.3962,1094,2995.62,386.11,13.74,12.45,171.02
5892,196.5964,764,3141.99,1493.65,27.27,19.11,521.05
5892,196.5964,771,1246.24,1755.58,18.98,17.74,336.58
5892,196.5964,992,3505.71,1518.09,17.51,18.45,323.1
5892,196.5964,958,1292.55,1482.61,18.95,13.93,264.09
5892,196.5964,1048,1624.13,580.15,17.47,16.53,288.66
5892,196.5964,1052,1045.71,186.13,13.96,15.96,222.81
5892,196.5964,1088,2153.75,1840.67,15.69,13.36,209.53
5892,196.5964,1094,2995.43,385.33,14.46,13.07,188.97
5898,196.7966,764,3145.87,1493.42,27.42,19.19,526.33
5898,196.7966,771,1249.1,1755.54,19.29,17.86,344.65
5898,196.7966,992,3506.92,1516.23,17.23,18.14,312.64
5898,196.7966,958,1292.18,1483.34,19.78,14.61,288.99
5898,196.7966,1048,1627.15,581.6,16.67,15.73,262.28
5898,196.7966,1052,1047.38,187.92,13.95,16.1,224.67
5898,196.7966,1088,2157.07,1840.11,16.46,13.84,227.84
5898,196.7966,1094,2995.35,383.85,14.39,12.96,186.44
5904,196.9968,764,3149.84,1493.71,27.89,19.55,545.29
5904,196.9968,771,1251.34,1755.58,19.19,17.73,340.23
5904,196.9968,992,3507.72,1514.36,17.88,19.06,340.82
5904,196.9968,958,1291.42,1483.8,20.54,15.26,313.39
5904,196.9968,1048,1629.45,583.51,16.58,15.41,255.44
5904,196.9968,1052,1048.93,188.85,14.38,16.72,240.52
5904,196.9968,1088,2159.19,1839.97,16.63,13.57,225.7
5904,196.9968,1094,2994.82,382.41,13.85,12.36,171.28
5910,197.197,764,3153.23,1494.01,28.26,19.89,561.99
5910,197.197,771,1254.07,1755.83,18.7,17.14,320.58
5910,197.197,992,3507.71,1513.46,18.44,19.86,366.18
5910,197.197,958,1290.36,1484.12,21.07,15.82,333.35
5910,197.197,1048,1633.48,584.65,16.49,15.01,247.63
5910,197.197,1052,1050.44,189.55,15.0,17.74,266.08
5910,197.197,1088,2162.98,1839.55,16.82,13.6,228.69
5910,197.197,1094,2994.9,381.18,14.14,12.55,177.43
5916,197.3972,764,3156.73,1494.39,28.23,19.87,560.92
5916,197.3972,771,1256.87,1756.47,17.63,15.86,279.6
5916,197.3972,992,3507.94,1510.87,18.78,20.52,385.33
5916,197.3972,958,1289.63,1484.28,21.28,16.14,343.42
5916,197.3972,1048,1635.6,585.42,16.55,14.99,247.99
5916,197.3972,1052,1051.65,190.44,16.22,19.44,315.28
5916,197.3972,1088,2166.65,1839.28,16.73,13.42,224.38
5916,197.3972,1094,2995.03,380.47,14.67,13.02,190.96
5922,197.5974,764,3160.53,1494.34,27.95,19.72,551.15
5922,197.5974,771,1258.83,1756.88,17.12,15.09,258.24
5922,197.5974,992,3508.2,1509.16,17.56,19.33,339.34
5922,197.5974,958,1288.59,1484.34,21.24,16.27,345.51
5922,197.5974,1048,1637.35,586.85,16.8,15.29,256.81
5922,197.5974,1088,2169.75,1839.06,17.31,13.81,239.12
5922,197.5974,1094,2995.02,380.48,14.68,13.03,191.37
5928,197.7976,764,3164.05,1494.23,28.09,19.79,555.84
5928,197.7976,771,1260.48,1756.82,17.23,14.96,257.86
5928,197.7976,992,3508.24,1507.3,17.35,19.27,334.38
5928,197.7976,958,1287.77,1484.31,21.03,16.25,341.76
5928,197.7976,1048,1639.91,588.22,16.93,15.51,262.6
5928,197.7976,1088,2172.91,1838.83,17.33,13.74,238.18
5928,197.7976,1094,2995.29,380.01,13.92,12.16,169.34
5928,197.7976,1052,1053.66,195.09,15.02,17.38,261.0
5934,197.9978,764,3167.34,1494.12,28.14,19.85,558.52
5934,197.9978,771,1262.41,1756.49,18.03,15.49,279.26
5934,197.9978,992,3508.59,1505.34,17.39,19.62,341.12
5934,197.9978,958,1287.55,1484.45,21.22,16.57,351.69
5934,197.9978,1048,1642.14,589.28,16.54,15.18,251.18
5934,197.9978,1088,2176.48,1838.41,17.37,13.65,237.21
5934,197.9978,1094,2995.44,379.87,13.56,11.65,157.95
5934,197.9978,1052,1058.32,196.75,14.0,15.77,220.8
5940,198.198,764,3170.67,1494.18,27.77,19.64,545.43
5940,198.198,771,1265.03,1756.33,18.52,15.74,291.46
5940,198.198,992,3508.71,1503.92,16.55,18.83,311.58
5940,198.198,958,1287.64,1484.78,21.82,17.26,376.77
5940,198.198,1048,1645.18,590.6,16.38,15.09,247.22
5940,198.198,1088,2180.19,1837.83,17.95,14.06,252.35
5940,198.198,1094,2995.53,378.85,13.88,11.71,162.57
5940,198.198,1052,1060.82,198.54,13.79,15.54,214.33
5946,198.3982,764,3174.16,1494.56,27.7,19.57,542.22
5946,198.3982,771,1267.84,1756.39,18.6,15.64,290.98
5946,198.3982,992,3509.74,1502.29,15.84,18.25,289.11
5946,198.3982,1048,1647.95,592.56,16.73,15.45,258.51
5946,198.3982,1088,2182.68,1837.41,18.06,13.94,251.75
5946,198.3982,1094,2995.42,378.27,14.11,11.71,165.19
5946,198.3982,1052,1062.49,200.14,13.12,14.83,194.61
5952,198.5984,764,3178.14,1494.71,27.98,19.76,552.85
5952,198.5984,771,1270.25,1756.56,18.58,15.43,286.62
5952,198.5984,992,3510.28,1500.93,16.13,18.83,303.65
5952,198.5984,1048,1650.65,594.37,16.42,15.18,249.18
5952,198.5984,1088,2186.47,1837.0,18.13,13.95,252.92
5952,198.5984,1094,2994.56,377.63,14.15,11.57,163.72
5952,198.5984,1052,1064.02,201.38,13.18,15.0,197.66
5958,198.7986,764,3181.75,1494.51,27.33,19.24,525.89
5958,198.7986,771,1273.22,1756.98,19.05,15.65,298.21
5958,198.7986,992,3510.38,1499.54,16.13,19.24,310.38
5958,198.7986,1048,1652.99,595.54,16.36,14.98,244.97
5958,198.7986,1088,2190.06,1837.02,18.22,14.0,255.18
5958,198.7986,1094,2995.38,377.38,14.11,11.35,160.07
5958,198.7986,1052,1065.86,202.71,13.54,15.54,210.4
5964,198.9988,764,3185.29,1494.83,27.57,19.45,536.39
5964,198.9988,771,1275.92,1757.67,18.92,15.44,292.02
5964,198.9988,992,3511.58,1497.47,15.62,18.87,294.82
5964,198.9988,1048,1654.67,596.21,17.18,15.45,265.46
5964,198.9988,1088,2193.66,1836.92,18.38,14.09,258.97
5964,198.9988,1094,2995.7,377.74,14.66,11.64,170.69
5964,198.9988,1052,1067.95,204.44,13.72,15.89,218.07
5970,199.199,764,3188.81,1495.49,27.86,19.69,548.62
5970,199.199,771,1278.34,1758.01,19.23,15.65,300.9
5970,199.199,992,3512.23,1496.36,15.44,18.83,290.72
5970,199.199,1048,1658.39,597.19,18.88,17.15,323.76
5970,199.199,1088,2196.95,1837.08,18.23,13.99,255.05
5970,199.199,1094,2995.17,378.16,14.57,11.4,166.11
5970,199.199,1052,1069.66,206.7,13.51,15.71,212.2
5976,199.3992,764,3191.97,1496.32,27.8,19.65,546.38
5976,199.3992,771,1280.62,1758.26,19.57,15.99,312.9
5976,199.3992,992,3512.58,1494.98,15.7,19.37,304.26
5976,199.3992,1048,1660.85,601.26,19.4,17.91,347.32
5976,199.3992,1088,2200.12,1837.57,18.58,14.26,265.06
5976,199.3992,1094,2995.25,378.63,14.77,11.46,169.2
5976,199.3992,1052,1071.19,209.19,13.3,15.45,205.42
5982,199.5994,764,3195.96,1496.59,26.9,18.9,508.49
5982,199.5994,771,1282.94,1758.19,20.0,16.44,328.95
5982,199.5994,1048,1663.5,603.41,18.39,17.09,314.41
5982,199.5994,1088,2203.28,1837.08,18.23,13.99,254.95
5982,199.5994,1094,2995.1,378.5,15.37,11.87,182.39
5982,199.5994,1052,1072.78,211.0,13.61,15.92,216.69
5982,199.5994,958,1282.65,1491.11,17.83,13.59,242.25
5988,199.7996,764,3198.85,1496.56,27.39,19.19,525.63
5988,199.7996,771,1285.23,1758.41,20.32,16.85,342.32
5988,199.7996,1048,1666.14,604.47,17.45,16.24,283.38
5988,199.7996,1088,2205.95,1836.51,18.48,14.12,261.0
5988,199.7996,1094,2993.93,378.42,15.35,11.79,180.99
5988,199.7996,1052,1074.06,212.52,14.04,16.49,231.49
5988,199.7996,958,1282.01,1492.3,17.74,13.23,234.76
5988,199.7996,992,3513.11,1491.44,15.03,18.82,282.77
5994,199.9998,764,3201.83,1496.29,27.98,19.68,550.53
5994,199.9998,771,1287.55,1758.41,20.4,17.18,350.63
5994,199.9998,1048,1668.65,605.21,16.51,15.24,251.65
5994,199.9998,1088,2209.58,1835.7,18.51,13.98,258.9
5994,199.9998,1094,2992.72,378.79,15.22,11.57,176.06
5994,199.9998,1052,1075.1,213.28,14.49,17.17,248.77
5994,199.9998,958,1281.32,1492.98,18.33,13.59,249.13
5994,199.9998,992,3513.15,1490.02,15.32,19.44,297.88
6000,200.2,764,3204.45,1496.17,28.08,19.84,557.21
6000,200.2,771,1290.01,1758.34,20.78,17.82,370.31
6000,200.2,1048,1670.73,606.11,16.26,14.95,243.1
6000,200.2,1088,2212.02,1835.65,18.45,13.94,257.31
6000,200.2,1094,2992.23,378.71,14.97,11.21,167.72
6000,200.2,1052,1075.87,217.13,15.53,18.57,288.34
6000,200.2,958,1280.52,1493.44,18.28,13.49,246.61
6000,200.2,992,3513.99,1488.87,16.16,20.97,338.91
6006,200.4002,764,3207.69,1496.45,27.62,19.46,537.4
6006,200.4002,771,1291.96,1758.33,20.46,17.81,364.39
6006,200.4002,1048,1672.82,607.34,16.41,15.12,248.08
6006,200.4002,1088,2215.4,1835.9,18.42,13.88,255.6
6006,200.4002,1094,2991.68,379.06,15.22,11.26,171.35
6006,200.4002,1052,1076.89,218.95,15.54,18.35,285.14
6006,200.4002,958,1279.34,1493.42,18.09,13.21,238.98
6006,200.4002,992,3513.83,1486.78,16.01,21.05,336.94
6012,200.6004,764,3211.27,1496.97,27.54,19.39,533.84
6012,200.6004,771,1293.64,1757.95,20.37,17.89,364.36
6012,200.6004,1048,1675.63,609.72,16.25,14.9,242.0
6012,200.6004,1088,2219.06,1835.97,18.15,13.64,247.55
6012,200.6004,1094,2991.36,379.53,15.64,11.44,178.94
6012,200.6004,1052,1077.85,220.5,14.7,16.65,244.69
6012,200.6004,958,1278.45,1493.35,18.47,13.43,247.98
6012,200.6004,992,3514.01,1484.62,14.73,19.53,287.79
6018,200.8006,764,3215.01,1497.12,27.1,19.08,517.04
6018,200.8006,771,1294.89,1757.87,20.61,18.1,373.18
6018,200.8006,1048,1677.57,611.81,16.56,15.0,248.34
6018,200.8006,1088,2222.35,1836.09,18.27,13.74,251.08
6018,200.8006,1094,2991.27,380.13,15.52,11.21,173.99
6018,200.8006,1052,1082.45,222.47,14.31,15.96,228.42
6018,200.8006,958,1277.9,1493.86,19.0,13.78,261.84
6018,200.8006,992,3515.19,1482.86,14.42,19.03,274.49
6024,201.0008,764,3218.67,1497.84,28.02,19.77,554.03
6024,201.0008,771,1298.19,1757.97,20.54,18.24,374.63
6024,201.0008,1048,1681.59,613.43,16.68,14.86,247.92
6024,201.0008,1088,2225.07,1835.95,18.86,14.22,268.23
6024,201.0008,1094,2991.07,380.62,15.59,11.08,172.65
6024,201.0008,1052,1084.61,224.48,13.71,15.16,207.75
6024,201.0008,958,1277.13,1495.08,19.05,13.83,263.39
6024,201.0008,992,3515.81,1482.25,13.96,18.43,257.22
6030,201.201,764,3221.76,1498.54,28.04,19.81,555.49
6030,201.201,771,1300.09,1758.16,20.4,18.42,375.7
6030,201.201,1048,1683.57,614.56,16.07,14.14,227.37
6030,201.201,1088,2227.95,1835.5,19.06,14.39,274.13
6030,201.201,1052,1085.45,225.53,14.0,15.51,217.11
6030,201.201,958,1276.04,1495.86,19.21,13.95,267.97
6030,201.201,992,3516.6,1480.22,14.21,18.77,266.76
6036,201.4012,764,3225.12,1498.95,28.25,20.0,565.05
6036,201.4012,771,1301.97,1758.45,20.27,18.6,377.04
6036,201.4012,1048,1685.33,615.77,16.01,14.03,224.55
6036,201.4012,1088,2230.68,1835.66,19.01,14.18,269.52
6036,201.4012,1052,1086.24,227.19,13.23,14.69,194.4
6036,201.4012,958,1275.21,1496.81,19.29,14.0,270.14
6036,201.4012,992,3517.79,1478.92,13.96,18.51,258.38
6036,201.4012,1094,2990.62,382.09,15.86,11.04,175.22
6042,201.6014,764,3229.31,1499.39,27.87,19.71,549.34
6042,201.6014,771,1303.51,1758.55,20.32,19.0,386.19
6042,201.6014,1048,1687.71,617.04,16.09,14.06,226.14
6042,201.6014,1088,2234.63,1835.96,18.98,14.15,268.63
6042,201.6014,1052,1087.39,228.63,13.79,15.45,213.04
6042,201.6014,958,1274.28,1497.35,19.62,14.23,279.25
6042,201.6014,992,3519.25,1477.48,13.42,17.65,236.93
6042,201.6014,1094,2990.88,383.04,15.97,10.97,175.25
6048,201.8016,764,3232.97,1499.41,28.24,19.98,564.39
6048,201.8016,771,1304.99,1758.33,20.22,19.08,385.93
6048,201.8016,1048,1690.11,618.25,16.03,13.94,223.33
6048,201.8016,1088,2238.01,1836.05,19.17,14.38,275.66
6048,201.8016,1052,1088.98,230.77,13.69,15.43,211.25
6048,201.8016,958,1273.5,1497.65,19.6,14.1,276.39
6048,201.8016,992,3520.48,1475.99,13.67,17.95,245.4
6048,201.8016,1094,2990.48,383.11,16.5,11.14,183.71
6054,202.0018,764,3236.39,1498.94,28.29,20.04,567.14
6054,202.0018,771,1306.52,1757.7,19.36,18.55,359.14
6054,202.0018,1048,1692.67,619.22,16.17,14.0,226.47
6054,202.0018,1088,2241.45,1836.11,19.36,14.53,281.4
6054,202.0018,1052,1090.43,232.4,13.68,15.52,212.37
6054,202.0018,958,1273.03,1497.85,19.71,14.02,276.39
6054,202.0018,992,3521.64,1474.12,13.59,17.78,241.69
6054,202.0018,1094,2990.18,383.01,16.28,10.7,174.29
6060,202.202,764,3240.35,1498.77,28.36,20.21,572.96
6060,202.202,771,1308.5,1756.64,19.67,19.09,375.5
6060,202.202,1048,1695.62,620.71,15.54,13.31,206.87
6060,202.202,1088,2245.11,1835.53,19.01,14.23,270.5
6060,202.202,1052,1092.15,233.76,13.42,15.25,204.6
6060,202.202,958,1272.85,1498.12,20.13,14.22,286.22
6060,202.202,992,3523.12,1472.18,13.72,17.79,244.09
6060,202.202,1094,2990.15,382.53,17.52,11.42,200.06
6066,202.4022,764,3244.33,1499.27,27.63,19.65,542.84
6066,202.4022,771,1310.88,1755.82,19.3,19.0,366.74
6066,202.4022,1048,1698.47,621.75,15.6,13.29,207.25
6066,202.4022,1088,2249.0,1834.71,19.14,14.41,275.8
6066,202.4022,1052,1094.23,235.41,13.32,15.26,203.3
6066,202.4022,958,1271.13,1499.12,19.75,13.81,272.74
6066,202.4022,992,3524.29,1470.84,14.43,18.41,265.63
6066,202.4022,1094,2990.33,382.55,17.34,11.17,193.66
6072,202.6024,764,3249.0,1499.41,28.16,20.02,563.85
6072,202.6024,771,1313.09,1755.69,19.05,19.01,362.03
6072,202.6024,1048,1701.33,622.61,15.82,13.39,211.81
6072,202.6024,1088,2252.27,1834.18,19.31,14.59,281.77
6072,202.6024,1052,1095.7,236.37,13.69,15.76,215.67
6072,202.6024,958,1270.44,1499.72,19.97,13.9,277.54
6072,202.6024,992,3525.11,1469.27,14.7,18.29,268.81
6072,202.6024,1094,2990.14,382.55,17.76,11.31,200.81
6078,202.8026,764,3253.42,1499.67,27.56,19.56,539.05
6078,202.8026,771,1315.15,1755.59,18.91,19.18,362.8
6078,202.8026,1048,1703.99,623.29,16.23,13.66,221.68
6078,202.8026,1088,2254.95,1834.41,19.68,14.75,290.23
6078,202.8026,1052,1097.15,237.32,14.63,17.19,251.51
6078,202.8026,958,1270.12,1500.62,20.83,14.53,302.62
6078,202.8026,992,3525.52,1467.7,14.42,17.35,250.24
6078,202.8026,1094,2990.05,383.45,17.39,10.88,189.08
6078,202.8026,1113,1764.66,1625.61,24.6,17.33,426.42
6084,203.0028,764,3257.1,1499.6,28.01,19.89,557.23
6084,203.0028,771,1316.84,1755.41,18.57,18.95,351.94
6084,203.0028,1048,1706.75,624.4,16.27,13.63,221.66
6084,203.0028,1088,2258.83,1834.34,19.22,14.43,277.32
6084,203.0028,1052,1098.7,238.18,15.69,18.77,294.57
6084,203.0028,958,1269.46,1501.59,20.18,14.13,285.14
6084,203.0028,992,3529.66,1466.37,15.49,18.44,285.7
6084,203.0028,1094,2989.98,384.19,17.95,11.11,199.35
6084,203.0028,1113,1764.11,1625.51,26.13,18.44,481.93
6090,203.203,764,3260.21,1499.82,28.27,20.18,570.44
6090,203.203,771,1317.94,1754.75,18.79,19.17,360.18
6090,203.203,1048,1709.4,625.76,16.05,13.34,214.13
6090,203.203,1088,2262.48,1834.38,18.92,14.19,268.55
6090,203.203,1052,1099.87,241.79,15.35,18.33,281.36
6090,203.203,958,1268.99,1502.35,20.56,14.43,296.57
6090,203.203,992,3531.06,1465.61,16.39,19.4,317.85
6090,203.203,1094,2989.57,385.29,17.87,10.82,193.36
6090,203.203,1113,1762.49,1626.27,26.47,18.72,495.73
6096,203.4032,764,3263.51,1500.32,28.25,20.18,570.14
6096,203.4032,771,1321.28,1754.26,19.28,19.62,378.33
6096,203.4032,1048,1712.26,627.45,16.61,13.77,228.69
6096,203.4032,1088,2266.18,1834.57,18.93,14.28,270.26
6096,203.4032,1052,1101.11,244.11,14.26,16.4,233.87
6096,203.4032,958,1268.79,1503.21,20.71,14.58,301.87
6096,203.4032,992,3532.21,1465.26,16.75,19.99,334.93
6096,203.4032,1094,2989.3,385.92,17.85,10.56,188.41
6096,203.4032,1113,1762.02,1626.8,26.59,18.88,502.0
6102,203.6034,764,3267.55,1500.63,27.7,19.73,546.62
6102,203.6034,771,1323.14,1753.98,19.45,19.97,388.6
6102,203.6034,1048,1715.79,628.88,16.99,14.07,239.02
6102,203.6034,1088,2269.47,1834.35,18.86,14.24,268.55
6102,203.6034,1052,1106.11,247.39,13.84,15.54,215.08
6102,203.6034,958,1268.61,1503.99,20.55,14.55,299.13
6102,203.6034,992,3532.84,1462.67,16.65,20.06,334.03
6102,203.6034,1094,2989.3,386.17,18.17,10.56,191.95
6102,203.6034,1113,1760.93,1627.47,26.51,18.9,501.06
6102,203.6034,1116,1104.76,843.91,29.24,22.23,650.1
6108,203.8036,764,3271.38,1500.37,27.58,19.64,541.58
6108,203.8036,771,1325.1,1751.64,19.72,20.73,408.83
6108,203.8036,1048,1718.95,629.99,16.56,13.64,225.86
6108,203.8036,1088,2273.26,1833.79,19.28,14.62,281.78
6108,203.8036,1052,1108.3,248.87,13.89,15.44,214.42
6108,203.8036,958,1268.8,1504.7,20.93,14.95,312.78
6108,203.8036,992,3533.51,1461.3,15.79,19.25,303.97
6108,203.8036,1113,1759.97,1627.95,26.27,18.81,494.27
6114,204.0038,764,3275.1,1500.36,27.84,19.86,552.72
6114,204.0038,771,1327.57,1750.78,19.53,21.06,411.34
6114,204.0038,1048,1721.54,630.7,16.65,13.67,227.57
6114,204.0038,1088,2276.73,1833.06,19.51,14.82,289.1
6114,204.0038,1052,1109.89,250.88,13.75,15.4,211.72
6114,204.0038,958,1268.2,1505.91,20.75,14.88,308.76
6114,204.0038,992,3534.42,1459.57,14.75,18.01,265.69
6114,204.0038,1113,1759.0,1628.37,26.51,19.1,506.41
6114,204.0038,1116,1103.48,846.69,29.57,22.52,665.84
6120,204.204,764,3278.44,1500.55,27.84,19.86,552.96
6120,204.204,771,1329.98,1750.4,19.12,21.05,402.65
6120,204.204,1048,1724.13,632.02,16.85,13.81,232.56
6120,204.204,1088,2279.09,1832.81,19.51,14.68,286.38
6120,204.204,1052,1111.83,252.35,13.76,15.49,213.15
6120,204.204,958,1267.39,1506.8,20.74,14.95,310.13
6120,204.204,992,3535.32,1458.19,14.88,18.29,272.18
6120,204.204,1113,1758.07,1629.05,26.25,19.07,500.56
6120,204.204,1119,2984.4,388.46,15.96,15.07,240.48
6126,204.4042,764,3281.98,1500.69,28.16,20.09,565.89
6126,204.4042,771,1331.96,1749.83,17.99,20.16,362.8
6126,204.4042,1048,1726.45,633.46,17.18,13.79,236.86
6126,204.4042,1088,2283.11,1832.54,19.58,14.77,289.24
6126,204.4042,1052,1113.59,254.31,13.62,15.32,208.71
6126,204.4042,958,1266.72,1507.21,20.4,14.75,300.84
6126,204.4042,992,3536.29,1457.33,14.86,18.29,271.71
6126,204.4042,1113,1757.14,1629.27,26.01,19.04,495.21
6126,204.4042,1116,1100.82,848.88,28.04,21.33,598.13
6132,204.6044,764,3286.17,1500.51,27.95,19.92,556.73
6132,204.6044,771,1333.88,1748.99,16.48,18.51,305.06
6132,204.6044,1048,1730.46,634.27,16.91,13.48,228.03
6132,204.6044,1088,2287.43,1831.98,19.26,14.58,280.76
6132,204.6044,1052,1115.95,256.87,13.6,15.38,209.16
6132,204.6044,958,1266.34,1507.61,20.65,15.05,310.83
6132,204.6044,992,3537.16,1456.06,14.36,17.75,255.01
6132,204.6044,1113,1756.49,1629.4,26.29,19.41,510.46
6138,204.8046,764,3289.77,1500.17,27.58,19.62,541.09
6138,204.8046,771,1335.7,1748.35,15.73,17.68,278.14
6138,204.8046,1048,1733.48,635.27,16.65,13.25,220.62
6138,204.8046,1088,2291.17,1831.46,18.99,14.37,272.91
6138,204.8046,1052,1118.34,259.19,14.15,16.15,228.56
6138,204.8046,958,1266.21,1507.96,20.9,15.4,321.83
6138,204.8046,992,3537.97,1453.97,14.03,17.36,243.57
6138,204.8046,1113,1755.27,1630.28,26.1,19.42,507.06
6138,204.8046,1119,2983.47,389.51,13.88,12.99,180.34
6144,205.0048,764,3292.83,1499.69,28.25,20.16,569.57
6144,205.0048,771,1337.41,1746.89,14.63,16.43,240.36
6144,205.0048,1048,1736.12,636.27,16.58,13.14,217.75
6144,205.0048,1088,2294.58,1830.63,19.13,14.58,278.95
6144,205.0048,1052,1120.44,260.58,14.24,16.44,234.06
6144,205.0048,958,1266.0,1508.46,21.84,16.31,356.23
6144,205.0048,992,3538.87,1451.68,14.51,18.03,261.7
6144,205.0048,1113,1754.15,1630.79,24.9,18.63,463.9
6144,205.0048,1119,2982.16,389.54,13.91,12.92,179.8
6150,205.205,764,3295.94,1499.36,27.87,19.93,555.44
6150,205.205,771,1339.47,1745.86,15.59,17.6,274.43
6150,205.205,1048,1739.23,637.37,16.56,13.01,215.43
6150,205.205,1088,2298.09,1829.84,19.02,14.56,276.98
6150,205.205,1052,1122.6,261.78,15.36,18.01,276.67
6150,205.205,958,1265.66,1508.86,22.55,17.12,386.01
6150,205.205,992,3539.65,1450.55,14.5,17.96,260.44
6150,205.205,1113,1753.53,1631.64,25.7,19.42,498.93
6150,205.205,1119,2980.77,389.52,14.09,12.96,182.63
6150,205.205,1116,1097.04,851.44,28.87,22.0,635.01
6156,205.4052,764,3299.96,1498.71,28.26,20.19,570.59
6156,205.4052,771,1341.17,1745.3,16.03,17.88,286.65
6156,205.4052,1048,1742.41,637.86,17.07,13.37,228.1
6156,205.4052,1088,2301.58,1828.95,19.23,14.73,283.26
6156,205.4052,1052,1124.27,265.61,15.71,18.38,288.73
6156,205.4052,958,1265.77,1509.08,22.74,17.58,399.8
6156,205.4052,992,3540.84,1448.8,14.67,18.28,268.19
6156,205.4052,1113,1753.19,1632.09,25.29,19.33,488.82
6156,205.4052,1116,1096.54,852.27,28.85,22.0,634.7
6162,205.6054,764,3304.21,1498.03,27.65,19.73,545.51
6162,205.6054,771,1345.32,1744.26,15.55,16.86,262.19
6162,205.6054,1048,1745.38,638.01,16.91,13.25,224.11
6162,205.6054,1088,2305.93,1828.3,19.89,15.32,304.7
6162,205.6054,1052,1125.52,267.59,15.34,17.5,268.38
6162,205.6054,958,1265.84,1509.13,22.56,17.73,399.96
6162,205.6054,992,3542.69,1446.16,14.78,18.47,273.02
6162,205.6054,1113,1752.68,1632.18,25.38,19.6,497.25
6168,205.8056,764,3308.24,1497.22,26.95,19.19,517.2
6168,205.8056,771,1347.58,1743.14,15.72,16.92,265.97
6168,205.8056,1048,1748.76,638.62,17.08,13.31,227.25
6168,205.8056,1088,2309.46,1827.81,20.51,16.05,329.3
6168,205.8056,1052,1130.28,268.68,14.69,16.47,241.94
6168,205.8056,958,1265.48,1509.07,22.23,17.67,392.65
6168,205.8056,992,3543.64,1444.64,15.03,18.98,285.26
6168,205.8056,1113,1752.19,1632.3,25.67,20.0,513.43
6168,205.8056,1119,2979.14,389.73,14.02,12.61,176.79
6168,205.8056,1116,1095.18,853.62,28.76,21.86,628.76
6174,206.0058,764,3312.44,1496.3,27.82,19.83,551.81
6174,206.0058,771,1349.02,1742.1,16.44,17.83,293.13
6174,206.0058,1048,1753.19,639.69,17.46,13.4,233.96
6174,206.0058,1088,2313.1,1827.32,21.34,16.95,361.74
6174,206.0058,1052,1133.0,270.45,14.06,15.78,221.75
6174,206.0058,958,1265.22,1509.04,22.02,17.65,388.64
6174,206.0058,992,3544.66,1443.01,14.7,18.63,273.8
6174,206.0058,1113,1751.63,1632.86,26.2,20.66,541.27
6174,206.0058,1119,2978.7,389.91,14.07,12.31,173.23
6174,206.0058,1116,1094.53,853.75,28.63,21.75,622.5
6180,206.206,764,3315.73,1496.14,28.11,20.08,564.36
6180,206.206,771,1350.66,1740.92,15.58,16.99,264.82
6180,206.206,1048,1755.84,640.83,17.14,13.15,225.28
6180,206.206,1088,2317.47,1826.21,19.51,15.32,298.98
6180,206.206,1052,1135.35,272.53,13.93,15.71,218.8
6180,206.206,992,3545.67,1442.1,14.86,18.91,281.02
6180,206.206,1113,1750.62,1633.29,24.98,19.98,499.02
6180,206.206,1119,2978.63,390.58,13.87,11.76,163.07
6186,206.4062,764,3319.51,1495.86,27.33,19.46,531.93
6186,206.4062,771,1352.19,1740.13,15.73,17.28,271.95
6186,206.4062,1048,1758.19,641.39,16.96,12.96,219.66
6186,206.4062,1088,2320.67,1825.36,18.55,14.56,270.1
6186,206.4062,1052,1136.95,273.89,13.31,15.02,200.0
6186,206.4062,992,3546.8,1438.97,15.4,19.84,305.57
6186,206.4062,1113,1749.99,1633.55,25.89,21.02,544.16
6186,206.4062,1119,2978.41,391.19,14.45,11.92,172.17
6186,206.4062,958,1265.16,1509.5,22.72,18.56,421.78
6186,206.4062,1116,1092.69,854.71,28.93,21.95,634.89
6192,206.6064,764,3323.82,1495.51,27.97,19.91,556.86
6192,206.6064,771,1353.89,1739.43,15.96,17.66,281.83
6192,206.6064,1048,1760.76,641.74,16.84,12.81,215.64
6192,206.6064,1088,2324.47,1824.45,18.76,14.81,277.84
6192,206.6064,1052,1138.7,275.14,13.45,15.21,204.62
6192,206.6064,992,3547.84,1437.88,15.74,20.32,319.79
6192,206.6064,1113,1749.02,1634.82,25.74,21.31,548.63
6192,206.6064,1119,2977.9,391.81,14.9,11.87,176.82
6198,206.8066,764,3327.57,1494.89,28.24,20.09,567.46
6198,206.8066,771,1356.0,1738.37,16.0,17.92,286.66
6198,206.8066,1048,1764.05,642.18,17.07,12.95,221.08
6198,206.8066,1088,2327.85,1823.91,18.4,14.51,266.96
6198,206.8066,1052,1141.6,276.84,13.42,15.18,203.69
6198,206.8066,992,3548.8,1436.55,15.43,19.58,302.15
6198,206.8066,1113,1748.54,1635.8,25.44,21.36,543.24
6198,206.8066,1119,2975.25,391.95,15.44,11.93,184.15
6204,207.0068,764,3331.66,1494.94,27.67,19.71,545.44
6204,207.0068,771,1358.14,1737.73,16.31,18.42,300.42
6204,207.0068,1048,1767.16,642.34,17.47,13.27,231.89
6204,207.0068,1088,2331.82,1823.52,18.07,14.19,256.41
6204,207.0068,1052,1143.96,279.06,13.68,15.48,211.74
6204,207.0068,992,3549.61,1434.78,15.2,18.72,284.56
6204,207.0068,1113,1747.84,1636.95,25.82,22.1,570.63
6204,207.0068,1119,2974.17,392.08,15.94,12.01,191.45
6204,207.0068,1124,2977.68,391.88,20.8,11.82,245.93
6210,207.207,764,3335.65,1494.32,27.92,19.91,555.94
6210,207.207,771,1360.09,1736.85,16.09,18.3,294.31
6210,207.207,1048,1769.93,642.74,17.57,13.35,234.58
6210,207.207,1088,2335.74,1822.93,17.9,13.98,250.23
6210,207.207,1052,1146.24,280.92,13.34,15.08,201.14
6210,207.207,1113,1747.39,1638.18,25.3,22.07,558.28
6210,207.207,1119,2973.64,392.41,16.29,12.03,196.0
6210,207.207,1116,1090.11,858.21,28.83,21.95,632.62
6216,207.4072,764,3340.05,1494.14,28.21,20.09,566.75
6216,207.4072,771,1361.69,1736.09,15.98,18.3,292.58
6216,207.4072,1048,1773.03,643.38,18.64,14.24,265.34
6216,207.4072,1088,2338.81,1822.91,18.26,14.05,256.59
6216,207.4072,1052,1147.96,283.26,13.62,15.19,206.93
6216,207.4072,1113,1746.92,1639.16,24.86,22.07,548.8
6216,207.4072,1119,2973.27,393.15,16.11,11.67,187.99
6216,207.4072,992,3554.42,1431.96,15.64,18.98,296.88
6222,207.6074,764,3344.29,1494.06,28.08,19.99,561.37
6222,207.6074,771,1363.29,1735.62,16.42,19.0,312.01
6222,207.6074,1048,1776.99,643.9,19.88,15.15,301.15
6222,207.6074,1088,2342.41,1821.59,21.51,16.9,363.58
6222,207.6074,1052,1149.45,284.95,15.31,16.84,257.83
6222,207.6074,1113,1746.06,1640.35,25.51,23.1,589.34
6222,207.6074,1119,2972.91,393.94,16.28,11.65,189.7
6222,207.6074,1126,2339.97,1822.93,14.49,14.86,215.35
6222,207.6074,992,3555.69,1430.01,15.29,18.32,280.0
6228,207.8076,764,3348.5,1493.89,27.51,19.57,538.46
6228,207.8076,771,1364.98,1734.72,15.99,18.69,298.84
6228,207.8076,1048,1779.47,644.26,20.52,15.86,325.34
6228,207.8076,1088,2346.32,1820.93,21.92,17.56,384.8
6228,207.8076,1052,1153.72,285.64,16.15,17.58,284.04
6228,207.8076,1113,1745.15,1641.93,25.07,23.08,578.66
6228,207.8076,1119,2972.65,395.14,16.5,11.73,193.5
6228,207.8076,992,3556.97,1428.53,15.67,19.0,297.74
6234,208.0078,764,3352.37,1493.89,28.19,20.13,567.36
6234,208.0078,771,1366.66,1734.3,15.85,18.63,295.32
6234,208.0078,1048,1781.65,644.56,20.95,16.51,345.84
6234,208.0078,1088,2349.81,1820.57,21.73,17.58,382.19
6234,208.0078,1052,1155.95,289.25,17.15,18.83,322.86
6234,208.0078,1119,2972.11,396.3,16.42,11.64,191.12
6234,208.0078,992,3557.95,1427.74,15.77,19.29,304.29
6240,208.208,764,3355.85,1494.09,27.79,19.88,552.56
6240,208.208,771,1367.93,1733.92,16.22,19.17,310.91
6240,208.208,1048,1784.64,644.92,21.51,17.27,371.4
6240,208.208,1088,2353.99,1820.38,21.38,17.44,372.83
6240,208.208,1052,1157.28,291.18,16.41,18.18,298.41
6240,208.208,1119,2971.34,397.48,16.6,11.75,195.13
6240,208.208,992,3558.62,1426.42,15.38,18.97,291.65
6240,208.208,1116,1085.66,864.49,30.5,23.43,714.61
6246,208.4082,764,3360.39,1493.54,27.55,19.68,542.2
6246,208.4082,771,1369.59,1733.16,16.08,19.16,308.21
6246,208.4082,1048,1787.95,645.01,21.44,17.5,375.13
6246,208.4082,1088,2357.73,1820.49,21.37,17.69,378.2
6246,208.4082,1052,1159.23,292.39,15.08,16.83,253.8
6246,208.4082,1119,2971.24,398.3,16.77,11.89,199.34
6252,208.6084,764,3364.71,1492.95,28.15,20.14,566.87
6252,208.6084,771,1371.53,1731.86,16.06,19.43,311.97
6252,208.6084,1048,1790.85,645.37,21.9,18.27,400.12
6252,208.6084,1088,2361.53,1820.43,21.02,17.55,368.87
6252,208.6084,1052,1161.51,294.57,14.14,15.75,222.69
6252,208.6084,1119,2970.38,398.84,16.56,11.73,194.24
6252,208.6084,958,1261.87,1518.08,17.87,14.14,252.63
6252,208.6084,992,3561.48,1423.51,15.35,19.24,295.27
6258,208.8086,764,3368.76,1492.81,28.96,20.75,600.97
6258,208.8086,771,1373.17,1730.83,16.25,19.86,322.77
6258,208.8086,1048,1794.07,649.17,21.37,18.18,388.64
6258,208.8086,1088,2365.92,1821.03,18.09,14.77,267.18
6258,208.8086,1052,1163.83,296.67,13.67,15.27,208.77
6258,208.8086,1119,2969.79,399.4,16.82,11.9,200.02
6258,208.8086,992,3563.23,1421.96,15.5,19.58,303.43
6264,209.0088,764,3372.84,1492.41,27.94,20.02,559.34
6264,209.0088,771,1374.68,1730.32,16.19,19.9,322.27
6264,209.0088,1048,1797.1,650.98,20.41,17.5,357.15
6264,209.0088,1088,2369.18,1821.29,17.99,14.64,263.35
6264,209.0088,1052,1165.81,298.66,14.2,16.03,227.59
6264,209.0088,1119,2969.01,400.28,16.21,11.47,185.94
6264,209.0088,992,3564.02,1421.11,15.4,19.58,301.44
6270,209.209,764,3377.21,1491.58,27.62,19.74,545.29
6270,209.209,771,1376.51,1729.57,16.48,20.55,338.65
6270,209.209,1048,1801.4,651.85,19.67,16.81,330.63
6270,209.209,1088,2373.0,1820.9,18.2,14.78,269.08
6270,209.209,1052,1168.18,300.02,14.04,15.87,222.79
6270,209.209,1119,2968.87,400.79,16.09,11.42,183.69
6270,209.209,1116,1082.17,869.34,30.29,23.65,716.16
6276,209.4092,764,3381.33,1491.19,28.61,20.48,585.84
6276,209.4092,771,1378.42,1728.96,16.89,21.5,363.02
6276,209.4092,1048,1803.73,652.26,18.97,16.3,309.16
6276,209.4092,1088,2376.49,1820.41,17.37,13.92,241.77
6276,209.4092,1052,1170.0,301.57,13.84,15.71,217.5
6276,209.4092,1119,2967.88,401.73,16.48,11.7,192.88
6276,209.4092,992,3567.94,1417.79,15.79,20.47,323.09
6282,209.6094,764,3385.23,1491.02,28.1,20.12,565.45
6282,209.6094,771,1380.28,1727.37,16.89,21.81,368.22
6282,209.6094,1048,1806.19,652.49,18.38,15.87,291.69
6282,209.6094,1088,2380.56,1820.1,17.77,14.11,250.7
6282,209.6094,1052,1171.89,303.72,14.09,15.83,223.08
6282,209.6094,1119,2966.89,402.66,17.98,12.94,232.59
6282,209.6094,992,3568.77,1415.18,16.07,20.99,337.42
6282,209.6094,958,1260.26,1521.48,17.53,13.52,237.04
6288,209.8096,764,3388.23,1490.91,28.16,20.12,566.8
6288,209.8096,771,1381.42,1726.38,16.26,21.17,344.17
6288,209.8096,1048,1809.57,652.97,17.31,14.87,257.35
6288,209.8096,1088,2384.28,1819.87,17.71,13.99,247.77
6288,209.8096,1052,1173.29,306.26,14.39,15.75,226.7
6288,209.8096,1119,2965.92,403.3,19.05,13.98,266.33
6288,209.8096,992,3570.01,1413.72,15.28,20.11,307.31
6288,209.8096,958,1259.91,1521.78,17.6,13.34,234.8
6294,210.0098,764,3391.41,1490.57,27.82,19.87,552.98
6294,210.0098,771,1382.92,1725.58,15.54,20.25,314.58
6294,210.0098,1048,1812.71,653.74,15.63,13.21,206.56
6294,210.0098,1088,2387.62,1819.66,18.8,14.92,280.41
6294,210.0098,1052,1178.03,308.38,15.27,16.54,252.6
6294,210.0098,992,3571.52,1412.33,14.83,19.4,287.64
6294,210.0098,958,1259.65,1522.56,18.22,13.66,248.91
6294,210.0098,1116,1078.34,875.13,31.02,24.6,763.25
6300,210.21,764,3394.92,1490.36,27.38,19.52,534.52
6300,210.21,771,1384.4,1724.29,15.46,20.4,315.51
6300,210.21,1048,1815.63,654.18,15.19,12.64,191.95
6300,210.21,1088,2391.22,1819.49,18.97,15.05,285.49
6300,210.21,1052,1180.35,309.9,16.74,18.38,307.72
6300,210.21,992,3572.27,1411.13,14.72,19.04,280.27
6300,210.21,958,1259.53,1522.91,18.34,13.63,249.95
6300,210.21,1116,1077.66,876.01,31.03,24.99,775.31
6300,210.21,1119,2963.62,404.3,20.91,15.84,331.18
6306,210.4102,764,3398.66,1489.99,27.94,19.94,557.14
6306,210.4102,771,1385.68,1722.9,15.06,20.0,301.23
6306,210.4102,1048,1818.19,654.88,15.06,12.36,186.22
6306,210.4102,1088,2394.81,1819.31,18.78,14.85,278.99
6306,210.4102,1052,1182.33,313.81,16.31,18.25,297.77
6306,210.4102,992,3573.35,1409.29,14.16,17.59,249.18
6306,210.4102,958,1259.1,1523.58,18.25,13.41,244.71
6306,210.4102,1116,1077.53,877.63,30.89,25.25,779.75
6312,210.6104,764,3401.93,1489.7,28.41,20.38,578.99
6312,210.6104,771,1387.21,1721.74,14.92,19.83,295.84
6312,210.6104,1048,1820.93,655.58,15.48,12.51,193.74
6312,210.6104,1088,2398.13,1818.98,18.29,14.29,261.34
6312,210.6104,1052,1184.4,315.83,15.12,17.17,259.55
6312,210.6104,958,1258.5,1524.06,18.67,13.6,253.92
6312,210.6104,1116,1077.16,879.21,31.02,25.76,798.96
6318,210.8106,771,1388.49,1720.48,14.85,19.47,289.06
6318,210.8106,1048,1822.94,655.77,16.4,12.9,211.55
6318,210.8106,1088,2401.82,1818.41,18.47,14.29,263.87
6318,210.8106,1052,1186.28,317.29,13.65,15.46,211.13
6318,210.8106,958,1257.93,1524.42,18.96,13.74,260.49
6318,210.8106,1116,1076.17,881.22,30.44,25.59,778.87
6318,210.8106,992,3577.75,1406.14,14.49,17.24,249.72
6324,211.0108,771,1389.14,1718.97,14.95,19.27,288.19
6324,211.0108,1048,1826.48,656.2,16.01,12.38,198.16
6324,211.0108,1088,2404.91,1818.06,18.24,14.05,256.26
6324,211.0108,1052,1188.47,318.96,13.56,15.37,208.34
6324,211.0108,1116,1075.61,882.37,30.27,25.79,780.56
6324,211.0108,1135,2958.69,411.69,15.6,16.63,259.44
6324,211.0108,992,3579.41,1404.34,14.75,17.24,254.23
6324,211.0108,764,3409.29,1489.15,29.6,21.4,633.3
6330,211.211,771,1389.59,1717.29,15.2,19.19,291.71
6330,211.211,1048,1829.24,657.44,16.37,12.64,206.92
6330,211.211,1088,2408.17,1817.62,18.1,13.86,250.93
6330,211.211,1052,1190.69,321.22,13.57,15.49,210.27
6330,211.211,1116,1074.46,884.03,29.74,25.66,763.19
6330,211.211,1135,2957.03,412.33,14.44,15.34,221.48
6330,211.211,992,3580.14,1402.96,15.61,18.12,282.97
6330,211.211,958,1257.0,1524.98,19.05,13.76,261.97
6336,211.4112,771,1390.15,1715.69,15.73,19.38,304.8
6336,211.4112,1048,1832.35,658.6,16.24,12.43,201.96
6336,211.4112,1088,2411.53,1817.13,18.51,14.14,261.78
6336,211.4112,1052,1192.64,323.28,13.46,15.23,204.97
6336,211.4112,1116,1073.22,885.23,30.21,26.51,801.05
6336,211.4112,1135,2955.09,413.02,13.3,13.96,185.65
6336,211.4112,992,3580.48,1401.84,15.03,17.19,258.25
6336,211.4112,958,1256.29,1525.36,19.95,14.35,286.27
6342,211.6114,771,1390.51,1713.91,16.38,19.71,322.85
6342,211.6114,1048,1834.96,659.4,16.13,12.23,197.2
6342,211.6114,1088,2414.6,1816.87,18.75,14.33,268.68
6342,211.6114,1052,1194.26,325.2,13.81,15.73,217.22
6342,211.6114,1116,1072.41,886.1,30.32,27.06,820.42
6342,211.6114,1135,2954.47,413.51,12.6,12.98,163.62
6342,211.6114,992,3581.56,1400.31,15.0,16.99,254.76
6342,211.6114,1136,1393.49,1714.3,21.27,19.48,414.28
6342,211.6114,764,3418.44,1486.73,29.01,20.98,608.83
6348,211.8116,1048,1837.43,659.97,15.96,12.03,192.06
6348,211.8116,1088,2417.84,1816.7,18.38,14.0,257.23
6348,211.8116,1052,1195.78,327.68,13.66,15.39,210.24
6348,211.8116,1116,1072.11,887.61,30.14,27.37,824.88
6348,211.8116,1135,2950.93,414.11,11.91,11.84,141.03
6348,211.8116,992,3582.67,1398.79,14.8,16.65,246.28
6348,211.8116,1136,1394.19,1713.11,20.23,18.54,375.13
6348,211.8116,958,1255.41,1527.01,19.73,14.07,277.54
6354,212.0118,1048,1840.06,660.39,16.15,12.11,195.53
6354,212.0118,1088,2421.11,1816.38,19.03,14.51,276.03
6354,212.0118,1052,1197.36,330.0,14.11,15.41,217.49
6354,212.0118,1116,1071.9,889.7,29.39,27.14,797.52
6354,212.0118,1135,2949.29,414.39,11.87,11.45,135.84
6354,212.0118,992,3583.83,1398.22,15.15,16.87,255.6
6354,212.0118,1136,1395.19,1711.33,19.38,17.81,345.11
6354,212.0118,958,1255.09,1527.8,19.92,14.18,282.55
6360,212.212,1048,1843.05,661.22,17.31,12.96,224.4
6360,212.212,1088,2424.25,1816.43,19.41,14.85,288.25
6360,212.212,1052,1201.85,331.7,14.29,15.19,217.08
6360,212.212,1116,1071.45,892.0,28.98,27.21,788.53
6360,212.212,1135,2948.11,414.95,11.84,11.15,132.01
6360,212.212,992,3584.59,1397.5,15.15,16.63,251.98
6360,212.212,1136,1396.25,1710.24,19.16,17.76,340.22
6360,212.212,958,1254.29,1528.37,19.86,14.11,280.3
6360,212.212,764,3427.21,1487.09,27.98,20.14,563.69
6366,212.4122,1048,1845.64,662.25,17.1,12.62,215.86
6366,212.4122,1088,2427.31,1816.32,18.76,14.35,269.3
6366,212.4122,1052,1204.42,333.39,16.07,17.32,278.34
6366,212.4122,1116,1071.12,893.94,29.1,27.92,812.6
6366,212.4122,1135,2947.15,416.04,11.84,10.9,129.14
6366,212.4122,992,3586.34,1397.19,15.45,16.85,260.43
6366,212.4122,1136,1396.98,1709.85,19.24,18.04,347.15
6366,212.4122,958,1253.26,1529.21,20.05,14.2,284.74
6366,212.4122,764,3430.74,1486.92,27.89,19.96,556.53
6372,212.6124,1048,1849.86,663.71,16.72,12.15,203.05
6372,212.6124,1088,2430.84,1816.34,19.31,14.84,286.55
6372,212.6124,1052,1206.53,337.56,16.43,18.03,296.13
6372,212.6124,1116,1070.65,896.01,28.72,28.17,809.16
6372,212.6124,992,3588.47,1396.07,15.54,16.9,262.61
6372,212.6124,1136,1398.0,1708.92,18.26,17.26,315.22
6378,212.8126,1048,1852.74,665.16,16.9,12.23,206.74
6378,212.8126,1088,2434.57,1816.16,19.11,14.67,280.35
6378,212.8126,1052,1208.46,340.09,14.87,16.51,245.48
6378,212.8126,1116,1070.36,897.73,28.49,28.53,813.04
6378,212.8126,992,3589.99,1395.46,16.39,17.72,290.43
6378,212.8126,1136,1398.65,1707.7,18.15,17.35,314.9
6378,212.8126,1135,2944.73,418.77,12.32,11.05,136.18
6378,212.8126,958,1252.25,1530.51,20.09,14.27,286.68
6378,212.8126,764,3437.7,1486.55,28.61,20.53,587.25
6384,213.0128,1048,1855.91,666.37,17.58,12.81,225.19
6384,213.0128,1088,2438.18,1816.17,18.89,14.5,273.95
6384,213.0128,1052,1210.21,342.21,14.06,15.62,219.6
6384,213.0128,1116,1070.2,899.62,28.12,28.7,807.1
6384,213.0128,992,3591.74,1394.91,16.62,17.96,298.47
6384,213.0128,1136,1399.36,1706.83,18.56,17.98,333.73
6384,213.0128,1135,2943.64,420.28,12.57,11.0,138.37
6384,213.0128,958,1251.78,1531.45,20.75,14.92,309.59
6384,213.0128,764,3440.94,1486.9,27.87,19.92,555.21
6390,213.213,1048,1858.86,667.24,18.75,13.85,259.72
6390,213.213,1088,2441.52,1816.49,19.21,14.78,283.98
6390,213.213,1052,1212.16,344.22,13.83,15.42,213.25
6390,213.213,1116,1070.17,901.72,27.76,28.88,801.69
6390,213.213,992,3592.97,1395.07,16.54,17.89,295.96
6390,213.213,1136,1400.06,1706.29,19.03,18.68,355.43
6390,213.213,1135,2941.91,421.73,12.78,10.91,139.4
6390,213.213,958,1251.32,1532.27,22.02,16.12,354.98
6390,213.213,764,3443.86,1486.9,27.41,19.5,534.44
6396,213.4132,1048,1861.44,667.64,19.28,14.42,278.09
6396,213.4132,1088,2444.72,1816.77,19.49,15.03,292.88
6396,213.4132,1052,1214.36,346.76,13.7,15.31,209.68
6396,213.4132,1116,1070.54,904.27,27.57,29.34,808.99
6396,213.4132,992,3594.5,1394.41,16.98,18.61,315.97
6396,213.4132,1136,1401.16,1705.9,19.45,19.37,376.81
6396,213.4132,1135,2940.13,422.75,12.85,10.71,137.6
6396,213.4132,958,1250.6,1532.99,23.33,17.4,405.93
6396,213.4132,771,1401.21,1702.65,17.3,21.24,367.33
6402,213.6134,1048,1864.12,667.97,19.87,15.06,299.37
6402,213.6134,1088,2447.19,1816.7,19.31,14.69,283.74
6402,213.6134,1052,1216.62,349.76,13.44,15.04,202.09
6402,213.6134,1116,1071.42,906.78,26.97,29.34,791.53
6402,213.6134,992,3595.87,1393.81,17.66,19.61,346.38
6402,213.6134,1136,1402.33,1705.59,19.74,20.0,394.83
6402,213.6134,1135,2938.54,423.5,13.28,10.83,143.83
6402,213.6134,764,3450.51,1486.84,29.68,21.32,632.77
6408,213.8136,1048,1867.49,668.64,21.22,16.45,348.91
6408,213.8136,1088,2451.11,1816.42,19.17,14.6,279.89
6408,213.8136,1052,1218.97,352.81,13.51,15.05,203.38
6408,213.8136,1116,1072.5,909.63,26.46,29.07,769.0
6408,213.8136,992,3596.81,1393.41,18.22,20.39,371.65
6408,213.8136,1135,2937.26,424.56,13.68,10.99,150.27
6408,213.8136,764,3453.91,1486.89,30.07,21.81,655.93
6408,213.8136,771,1402.98,1701.82,16.55,20.76,343.53
6414,214.0138,1048,1869.96,673.14,21.79,17.11,372.87
6414,214.0138,1088,2454.54,1816.09,19.69,15.11,297.59
6414,214.0138,1052,1220.76,355.59,14.14,15.44,218.28
6414,214.0138,1116,1073.49,911.69,25.97,28.65,743.93
6414,214.0138,992,3597.2,1393.3,18.33,20.63,378.13
6414,214.0138,1135,2935.68,425.42,13.72,10.87,149.18
6414,214.0138,764,3456.91,1486.72,29.64,21.63,641.29
6414,214.0138,771,1404.4,1701.25,15.62,19.54,305.17
6414,214.0138,958,1249.57,1538.16,24.01,18.25,438.34
6420,214.214,1048,1874.05,675.2,21.23,16.86,357.92
6420,214.214,1088,2457.86,1815.53,19.34,14.9,288.26
6420,214.214,1052,1225.36,357.41,15.97,17.23,275.22
6420,214.214,1116,1073.88,913.85,25.72,28.67,737.62
6420,214.214,992,3597.97,1391.27,18.77,21.07,395.57
6420,214.214,1135,2934.35,426.17,14.86,11.72,174.14
6420,214.214,764,3460.32,1486.42,28.98,21.15,612.83
6420,214.214,771,1406.01,1700.5,14.69,18.24,267.95
6426,214.4142,1048,1876.95,676.22,20.24,16.24,328.68
6426,214.4142,1088,2461.4,1814.66,18.66,14.36,267.93
6426,214.4142,1052,1227.82,361.48,17.01,18.49,314.55
6426,214.4142,992,3601.54,1390.15,18.34,20.54,376.66
6426,214.4142,1135,2932.97,426.7,15.84,12.55,198.85
6426,214.4142,764,3463.37,1485.92,28.31,20.67,585.1
6426,214.4142,771,1407.42,1699.3,13.75,16.85,231.69
6432,214.6144,1048,1880.02,676.89,19.02,15.33,291.45
6432,214.6144,1088,2464.76,1814.08,18.74,14.39,269.73
6432,214.6144,1052,1229.62,363.9,15.73,17.26,271.39
6432,214.6144,992,3603.17,1389.09,17.85,20.0,357.03
6432,214.6144,1135,2931.29,427.16,16.97,13.43,227.89
6432,214.6144,764,3465.94,1485.67,28.16,20.51,577.59
6432,214.6144,771,1408.17,1698.27,14.09,17.1,240.82
6432,214.6144,1116,1075.28,917.92,25.62,29.17,747.3
6438,214.8146,1048,1883.09,677.34,17.96,14.48,260.08
6438,214.8146,1088,2467.75,1813.49,19.14,14.8,283.18
6438,214.8146,1052,1231.81,365.92,14.37,15.87,228.03
6438,214.8146,992,3603.98,1388.18,17.27,19.37,334.65
6438,214.8146,1135,2929.9,427.77,18.63,14.68,273.45
6438,214.8146,764,3468.4,1485.31,27.62,20.13,555.92
6438,214.8146,771,1408.79,1697.58,14.65,17.71,259.45
6444,215.0148,1048,1885.83,678.0,16.35,13.08,213.84
6444,215.0148,1088,2470.0,1813.23,19.31,14.98,289.31
6444,215.0148,1052,1234.16,368.74,13.99,15.44,215.95
6444,215.0148,992,3604.09,1387.27,17.21,19.31,332.45
6444,215.0148,1135,2926.61,428.4,20.09,15.97,320.98
6444,215.0148,764,3470.51,1485.15,27.15,19.78,537.04
6444,215.0148,771,1409.32,1696.96,15.29,18.39,281.22
6450,215.215,1048,1888.92,679.02,16.11,12.75,205.38
6450,215.215,1088,2473.75,1812.83,19.35,14.96,289.53
6450,215.215,1052,1236.75,371.8,13.6,15.08,205.11
6450,215.215,992,3604.36,1386.55,17.0,19.15,325.68
6450,215.215,1135,2924.33,428.94,20.97,17.12,359.07
6450,215.215,764,3473.14,1485.09,28.03,20.45,573.09
6450,215.215,771,1409.97,1696.28,15.75,18.82,296.43
6456,215.4152,1048,1892.43,680.5,16.14,12.62,203.69
6456,215.4152,1088,2476.85,1811.97,19.3,14.95,288.54
6456,215.4152,1052,1239.79,375.03,13.59,15.15,206.0
6456,215.4152,992,3604.72,1385.49,17.0,19.34,328.73
6456,215.4152,764,3475.69,1484.54,28.47,20.84,593.43
6456,215.4152,771,1411.85,1694.43,15.58,18.44,287.41
6456,215.4152,1143,2922.91,435.32,15.7,17.37,272.65
6462,215.6154,1048,1894.62,681.5,16.55,12.63,209.09
6462,215.6154,1088,2479.89,1810.55,19.15,14.91,285.5
6462,215.6154,1052,1242.29,377.83,13.34,14.91,198.95
6462,215.6154,992,3605.04,1384.2,16.28,18.68,304.04
6462,215.6154,764,3477.85,1483.53,28.67,21.06,603.75
6462,215.6154,771,1413.31,1690.91,15.83,19.0,300.88
6462,215.6154,1143,2921.52,435.75,14.92,16.5,246.2
6462,215.6154,1136,1412.58,1691.65,18.04,18.4,332.01
6468,215.8156,1048,1899.09,682.28,16.33,12.39,202.35
6468,215.8156,1088,2483.27,1809.24,18.8,14.68,276.05
6468,215.8156,1052,1244.28,380.09,14.02,15.46,216.68
6468,215.8156,992,3605.78,1382.72,15.68,18.14,284.44
6468,215.8156,764,3480.49,1482.85,28.56,21.06,601.44
6468,215.8156,771,1414.9,1688.99,15.29,18.34,280.45
6468,215.8156,1143,2919.96,436.19,14.18,15.62,221.57
6474,216.0158,1048,1902.71,682.87,16.4,12.36,202.71
6474,216.0158,1088,2486.74,1807.82,19.31,15.15,292.48
6474,216.0158,1052,1249.64,381.5,15.51,16.94,262.82
6474,216.0158,992,3606.17,1381.49,15.68,18.29,286.91
6474,216.0158,764,3483.06,1482.13,28.38,20.93,594.03
6474,216.0158,771,1416.93,1687.77,14.95,17.86,267.06
6480,216.216,1048,1906.73,683.2,16.51,12.35,203.84
6480,216.216,1088,2490.3,1806.65,18.98,14.93,283.41
6480,216.216,1052,1252.96,385.48,16.59,18.54,307.53
6480,216.216,992,3606.88,1380.08,15.54,18.33,284.71
6480,216.216,764,3486.19,1480.99,28.57,21.1,602.85
6480,216.216,771,1418.64,1687.07,14.88,17.75,264.14
6480,216.216,1143,2916.74,437.15,12.67,13.77,174.39
6486,216.4162,1048,1910.09,684.31,15.94,11.88,189.38
6486,216.4162,1088,2493.44,1805.88,18.56,14.56,270.24
6486,216.4162,1052,1256.4,387.97,15.21,17.22,261.84
6486,216.4162,992,3607.85,1378.89,15.09,17.98,271.17
6486,216.4162,764,3489.07,1479.94,28.11,20.81,585.16
6486,216.4162,771,1420.78,1686.28,15.61,18.69,291.8
6492,216.6164,1048,1914.14,684.96,17.02,12.66,215.42
6492,216.6164,1088,2497.48,1804.62,19.32,15.11,291.9
6492,216.6164,1052,1259.6,389.98,13.62,15.43,210.18
6492,216.6164,992,3608.71,1377.28,14.87,17.84,265.23
6492,216.6164,764,3492.14,1478.87,28.48,21.21,604.06
6492,216.6164,771,1422.37,1684.72,15.84,19.04,301.71
6498,216.8166,1048,1917.64,685.87,17.29,12.71,219.78
6498,216.8166,1088,2500.94,1803.7,20.43,16.19,330.71
6498,216.8166,1052,1262.74,392.46,13.32,15.13,201.42
6498,216.8166,992,3609.8,1375.92,14.95,18.07,270.26
6498,216.8166,764,3494.72,1477.9,28.53,21.29,607.44
6498,216.8166,771,1423.56,1682.73,15.9,19.26,306.18
6504,217.0168,1048,1922.42,686.53,16.67,12.13,202.24
6504,217.0168,1088,2504.52,1802.85,21.81,17.61,384.07
6504,217.0168,1052,1265.81,394.92,13.13,14.87,195.23
6504,217.0168,992,3610.35,1374.46,14.82,18.02,267.08
6504,217.0168,764,3497.49,1476.75,28.25,21.19,598.84
6504,217.0168,771,1425.35,1679.38,16.53,20.18,333.56
6510,217.217,1048,1926.02,687.1,16.7,12.07,201.58
6510,217.217,1088,2508.0,1802.27,22.63,18.71,423.39
6510,217.217,1052,1268.22,397.31,13.33,14.78,197.0
6510,217.217,992,3611.99,1373.44,14.62,17.95,262.4
6510,217.217,764,3500.6,1476.02,28.51,21.55,614.37
6510,217.217,771,1427.7,1677.81,16.35,19.89,325.06
6510,217.217,1143,2909.6,439.01,10.35,10.66,110.27
6516,217.4172,1048,1929.39,687.68,16.99,12.22,207.58
6516,217.4172,1088,2511.38,1798.88,22.3,18.85,420.45
6516,217.4172,1052,1269.94,399.77,13.73,14.64,200.93
6516,217.4172,992,3612.77,1372.44,14.46,17.8,257.39
6516,217.4172,764,3503.87,1474.92,28.58,21.71,620.67
6516,217.4172,771,1429.27,1676.29,15.75,19.1,300.81
6516,217.4172,1143,2908.12,439.27,11.24,11.07,124.39
6522,217.6174,1048,1933.17,688.63,16.66,11.93,198.81
6522,217.6174,1088,2515.06,1797.52,21.89,18.84,412.5
6522,217.6174,1052,1275.27,402.83,13.92,14.74,205.2
6522,217.6174,992,3613.86,1371.48,14.52,17.94,260.54
6522,217.6174,764,3507.46,1474.38,27.94,21.33,596.06
6522,217.6174,771,1430.54,1675.69,15.61,18.82,293.86
6528,217.8176,1048,1936.23,689.46,16.66,11.93,198.67
6528,217.8176,1088,2518.08,1796.74,21.12,18.25,385.44
6528,217.8176,1052,1278.47,404.93,15.27,16.47,251.63
6528,217.8176,992,3614.92,1370.8,14.77,18.22,269.04
6528,217.8176,764,3509.94,1474.05,28.15,21.58,607.44
6528,217.8176,771,1431.64,1675.11,15.66,18.78,294.15
6534,218.0178,1048,1939.82,690.3,17.26,12.41,214.28
6534,218.0178,1088,2521.94,1796.23,20.24,17.5,354.26
6534,218.0178,1052,1281.34,409.35,16.53,18.22,301.28
6534,218.0178,992,3616.08,1370.46,14.79,18.29,270.6
6534,218.0178,764,3512.64,1473.44,28.4,21.92,622.63
6534,218.0178,771,1433.25,1674.42,15.86,18.93,300.2
6540,218.218,1048,1942.6,691.06,18.84,13.49,254.08
6540,218.218,1088,2524.76,1796.03,19.66,17.11,336.44
6540,218.218,1052,1284.21,411.74,15.69,17.52,274.79
6540,218.218,992,3616.62,1369.99,15.32,19.07,292.16
6540,218.218,764,3515.21,1472.47,28.57,22.24,635.24
6540,218.218,771,1434.37,1673.35,16.01,18.93,302.99
6540,218.218,1162,2900.95,443.35,18.02,10.56,190.27
6546,218.4182,1048,1946.95,691.51,19.66,14.23,279.87
6546,218.4182,1088,2527.97,1795.66,18.82,16.31,306.92
6546,218.4182,1052,1286.92,413.36,14.36,16.08,230.78
6546,218.4182,992,3617.35,1369.67,15.66,19.69,308.27
6546,218.4182,764,3517.73,1471.81,28.19,22.02,620.72
6546,218.4182,771,1435.42,1671.78,16.2,19.08,309.04
6552,218.6184,1048,1950.4,692.01,20.64,15.24,314.58
6552,218.6184,1088,2531.33,1795.28,17.98,15.47,278.1
6552,218.6184,1052,1289.44,415.79,13.53,15.05,203.69
6552,218.6184,992,3618.51,1369.29,16.19,20.5,331.96
6552,218.6184,764,3520.26,1471.56,27.81,21.83,607.13
6552,218.6184,771,1436.58,1669.77,16.01,18.7,299.45
6552,218.6184,1165,1253.87,1546.15,18.48,13.84,255.74
6558,218.8186,1048,1953.91,692.59,21.68,16.43,356.17
6558,218.8186,1088,2534.46,1794.67,17.51,15.0,262.65
6558,218.8186,1052,1291.73,418.05,13.87,15.33,212.66
6558,218.8186,992,3618.77,1369.51,15.9,20.13,319.98
6558,218.8186,764,3522.63,1471.2,27.63,21.86,604.15
6558,218.8186,771,1437.53,1668.15,16.01,18.36,293.91
6558,218.8186,1135,2896.86,445.62,14.76,11.72,173.08
6564,219.0188,1048,1957.28,692.83,21.87,16.95,370.89
6564,219.0188,1088,2537.39,1794.0,17.57,14.97,263.03
6564,219.0188,1052,1293.6,421.18,13.75,14.63,201.29
6564,219.0188,992,3619.67,1367.09,16.02,20.37,326.47
6564,219.0188,764,3525.27,1470.99,27.4,21.81,597.62
6564,219.0188,771,1438.3,1667.27,15.96,17.77,283.69
6564,219.0188,1135,2895.46,446.62,14.5,11.21,162.45
6570,219.219,1048,1961.15,693.11,22.11,17.58,388.62
6570,219.219,1088,2540.78,1793.19,17.53,14.83,260.04
6570,219.219,1052,1298.68,423.62,14.53,15.3,222.33
6570,219.219,992,3620.49,1365.9,15.77,19.85,312.89
6570,219.219,764,3527.89,1470.18,27.77,22.26,618.27
6570,219.219,771,1438.85,1665.98,16.05,17.25,276.74
6576,219.4192,1048,1964.42,693.31,22.12,18.04,399.02
6576,219.4192,1088,2543.06,1792.01,17.58,14.55,255.9
6576,219.4192,1052,1301.5,425.78,14.22,15.07,214.31
6576,219.4192,992,3621.21,1365.12,15.39,18.92,291.09
6576,219.4192,764,3530.73,1468.95,28.07,22.69,636.89
6576,219.4192,771,1440.99,1664.82,16.3,16.96,276.45
6576,219.4192,1169,1112.7,975.06,23.72,29.16,691.87
6576,219.4192,1170,1963.57,698.77,16.66,18.45,307.37
6576,219.4192,1165,1252.85,1547.46,19.39,14.52,281.52
6576,219.4192,1135,2891.94,447.49,15.27,11.68,178.33
6582,219.6194,1048,1966.77,693.65,22.72,18.77,426.51
6582,219.6194,1088,2546.74,1791.08,17.7,14.59,258.09
6582,219.6194,1052,1304.1,427.94,14.35,15.4,220.98
6582,219.6194,992,3622.15,1364.49,15.28,18.06,276.0
6582,219.6194,764,3533.63,1467.61,27.52,22.45,617.8
6582,219.6194,771,1442.17,1663.8,16.25,16.51,268.37
6582,219.6194,1170,1965.5,698.96,16.4,18.09,296.72
6582,219.6194,1165,1252.87,1547.99,19.57,14.62,286.2
6582,219.6194,1135,2890.61,448.03,15.18,11.5,174.64
6588,219.8196,1088,2550.24,1790.34,17.64,14.47,255.29
6588,219.8196,1052,1306.52,429.65,15.89,17.44,277.12
6588,219.8196,992,3625.02,1363.97,15.42,17.64,272.12
6588,219.8196,764,3536.15,1466.84,27.93,23.02,643.03
6588,219.8196,771,1443.0,1662.81,16.25,16.27,264.33
6588,219.8196,1170,1970.22,699.43,15.62,17.14,267.61
6588,219.8196,1165,1252.92,1548.98,19.7,14.68,289.28
6588,219.8196,1135,2888.88,448.59,14.67,10.95,160.64
6594,220.0198,1088,2553.34,1789.5,17.72,14.51,257.06
6594,220.0198,1052,1309.21,433.41,16.73,18.89,316.06
6594,220.0198,992,3626.52,1362.71,14.85,16.47,244.54
6594,220.0198,764,3538.53,1466.15,26.98,22.41,604.66
6594,220.0198,771,1443.48,1661.12,16.52,16.33,269.73
6594,220.0198,1170,1974.06,699.9,14.87,16.21,241.06
6594,220.0198,1165,1252.73,1549.72,20.05,14.99,300.51
6594,220.0198,1135,2886.88,448.8,14.67,10.88,159.68
6600,220.22,1088,2556.37,1788.37,17.96,14.67,263.48
6600,220.22,1052,1312.31,434.85,14.52,16.07,233.39
6600,220.22,992,3627.14,1361.73,15.26,16.49,251.61
6600,220.22,764,3541.26,1465.0,26.93,22.49,605.66
6600,220.22,771,1444.0,1659.69,16.93,16.56,280.46
6600,220.22,1170,1977.91,700.12,14.59,15.76,229.98
6600,220.22,1165,1252.71,1550.48,19.75,14.82,292.67
6600,220.22,1135,2885.52,448.8,14.72,10.89,160.22
6606,220.4202,1088,2559.82,1787.06,18.29,14.88,272.12
6606,220.4202,1052,1314.14,437.27,13.98,15.48,216.43
6606,220.4202,992,3628.36,1361.34,15.24,16.17,246.41
6606,220.4202,764,3544.54,1463.82,27.47,23.15,635.96
6606,220.4202,771,1444.46,1658.91,17.65,17.23,303.98
6606,220.4202,1170,1981.52,700.08,14.73,15.84,233.38
6606,220.4202,1165,1252.52,1551.02,19.49,14.64,285.34
6606,220.4202,1135,2884.59,448.86,15.15,11.19,169.49
6612,220.6204,1088,2563.04,1786.07,18.1,14.76,267.15
6612,220.6204,1052,1316.72,439.6,13.85,15.35,212.57
6612,220.6204,992,3630.32,1360.73,15.04,15.45,232.42
6612,220.6204,764,3547.75,1462.93,27.07,22.99,622.43
6612,220.6204,771,1445.34,1658.46,18.33,17.89,327.84
6612,220.6204,1170,1984.82,700.25,14.53,15.5,225.28
6612,220.6204,1165,1251.67,1551.8,19.53,14.68,286.56
6612,220.6204,1135,2883.34,448.74,15.1,10.94,165.28
6618,220.8206,1088,2565.67,1785.61,18.29,14.89,272.32
6618,220.8206,1052,1318.94,441.06,14.71,16.58,243.91
6618,220.8206,764,3550.21,1462.48,26.33,22.48,591.77
6618,220.8206,771,1445.63,1658.3,18.67,18.18,339.29
6618,220.8206,1170,1988.21,700.71,13.93,14.58,203.15
6618,220.8206,1165,1251.16,1552.59,19.49,14.66,285.77
6618,220.8206,1135,2882.48,449.24,15.28,10.78,164.71
6624,221.0208,1088,2569.66,1785.18,18.46,14.91,275.19
6624,221.0208,1052,1321.2,442.64,16.57,19.15,317.34
6624,221.0208,764,3552.92,1461.55,26.5,22.84,605.07
6624,221.0208,771,1445.97,1658.06,19.21,18.75,360.2
6624,221.0208,1170,1990.72,701.24,13.5,13.54,182.84
6624,221.0208,1165,1251.2,1553.35,19.45,14.65,284.84
6624,221.0208,1135,2881.87,449.9,16.75,11.64,195.0
6630,221.221,1088,2572.78,1784.83,18.46,14.9,275.08
6630,221.221,1052,1324.32,446.01,15.0,17.19,257.79
6630,221.221,764,3555.57,1460.57,26.56,23.01,611.16
6630,221.221,771,1446.3,1654.8,19.46,19.03,370.23
6630,221.221,1170,1994.83,701.93,12.65,12.26,155.14
6630,221.221,1165,1251.16,1554.38,19.02,14.31,272.28
6630,221.221,1135,2878.57,450.34,17.83,12.35,220.17
6630,221.221,992,3635.34,1359.32,15.2,15.12,229.78
6636,221.4212,1088,2575.88,1784.12,18.09,14.6,264.14
6636,221.4212,1052,1326.52,448.96,13.49,15.53,209.4
6636,221.4212,764,3558.2,1459.47,26.53,23.08,612.33
6636,221.4212,771,1446.95,1653.37,19.2,18.72,359.34
6636,221.4212,1170,1998.59,702.02,12.88,12.12,156.12
6636,221.4212,1165,1251.33,1555.17,19.49,14.65,285.6
6636,221.4212,1135,2876.79,450.64,18.47,12.91,238.48
6636,221.4212,1178,1123.29,1000.83,23.31,29.52,688.24
6636,221.4212,992,3637.41,1358.83,14.9,14.25,212.32
6642,221.6214,1088,2579.06,1783.26,18.39,14.85,273.11
6642,221.6214,1052,1329.16,451.71,13.66,15.75,215.23
6642,221.6214,764,3561.07,1458.55,26.2,22.81,597.7
6642,221.6214,771,1447.27,1652.89,19.23,18.63,358.29
6642,221.6214,1170,2001.99,702.51,13.19,12.13,160.07
6642,221.6214,1135,2875.75,450.89,18.88,13.42,253.41
6642,221.6214,1178,1124.47,1003.38,22.96,29.04,666.83
6642,221.6214,992,3639.07,1358.53,15.31,14.18,217.04
6648,221.8216,1088,2582.71,1782.44,18.64,15.12,281.83
6648,221.8216,1052,1331.82,453.48,14.8,17.45,258.23
6648,221.8216,764,3564.1,1458.22,26.28,23.02,605.08
6648,221.8216,771,1447.9,1652.71,19.31,18.52,357.49
6648,221.8216,1170,2005.67,703.13,13.84,12.51,173.14
6648,221.8216,1135,2875.18,451.0,18.86,13.66,257.75
6648,221.8216,1178,1125.61,1006.61,23.07,29.19,673.55
6648,221.8216,1165,1251.09,1556.52,21.71,16.51,358.52
6654,222.0218,1088,2586.34,1781.88,18.25,14.79,270.02
6654,222.0218,1052,1334.72,457.65,15.23,18.29,278.58
6654,222.0218,764,3567.78,1457.75,26.2,23.02,603.1
6654,222.0218,771,1448.51,1652.29,18.63,17.68,329.5
6654,222.0218,1170,2009.24,703.89,14.44,12.88,185.91
6654,222.0218,1135,2874.04,451.1,18.91,13.9,262.89
6654,222.0218,1178,1127.13,1009.7,23.83,30.21,719.88
6654,222.0218,1165,1251.0,1557.36,23.36,18.13,423.65
6660,222.222,1088,2589.61,1781.49,18.54,14.98,277.75
6660,222.222,1052,1337.12,460.03,14.07,17.01,239.38
6660,222.222,764,3571.85,1456.6,25.97,22.89,594.43
6660,222.222,771,1449.38,1652.03,18.18,17.06,310.17
6660,222.222,1170,2013.05,704.88,14.15,12.23,173.05
6660,222.222,1135,2873.54,451.49,19.54,14.7,287.23
6666,222.4222,1088,2593.84,1781.1,18.61,14.97,278.63
6666,222.4222,1052,1339.23,462.01,13.22,15.82,209.18
6666,222.4222,764,3575.24,1455.16,26.59,23.52,625.47
6666,222.4222,771,1449.8,1651.69,17.58,16.26,285.99
6666,222.4222,1170,2017.67,705.73,14.8,12.43,183.92
6666,222.4222,1135,2872.36,451.76,19.78,15.26,301.83
6666,222.4222,1178,1130.06,1015.58,23.75,30.13,715.65
6666,222.4222,1165,1250.5,1561.89,23.23,18.27,424.27
6672,222.6224,1088,2597.22,1780.86,18.83,15.16,285.32
6672,222.6224,1052,1340.71,464.13,12.9,14.93,192.54
6672,222.6224,764,3578.23,1454.31,26.02,22.96,597.44
6672,222.6224,771,1449.96,1651.65,17.6,16.06,282.69
6672,222.6224,1170,2020.79,706.27,15.07,12.53,188.84
6672,222.6224,1135,2870.94,451.88,19.7,15.53,306.01
6672,222.6224,1178,1130.81,1019.04,23.45,29.82,699.16
6678,222.8226,1088,2601.01,1780.46,19.02,15.34,291.85
6678,222.8226,1052,1341.81,466.76,13.75,15.4,211.76
6678,222.8226,764,3581.25,1454.08,25.76,22.76,586.16
6678,222.8226,771,1450.19,1651.9,18.18,16.46,299.27
6678,222.8226,1170,2024.25,707.45,14.58,11.96,174.44
6678,222.8226,1135,2869.91,452.38,20.38,16.55,337.23
6678,222.8226,1178,1131.28,1021.9,23.18,29.56,685.34
6678,222.8226,1165,1250.72,1564.29,20.18,15.84,319.67
6684,223.0228,1088,2604.49,1780.09,19.12,15.51,296.5
6684,223.0228,1052,1346.89,469.52,14.13,15.7,221.83
6684,223.0228,764,3584.89,1453.4,25.58,22.62,578.4
6684,223.0228,771,1450.63,1652.05,18.58,16.69,310.21
6684,223.0228,1170,2027.93,707.96,14.77,11.9,175.79
6684,223.0228,1178,1132.7,1024.64,23.43,30.05,704.01
6684,223.0228,1165,1250.77,1565.29,18.58,14.35,266.58
6690,223.223,1088,2607.79,1779.61,18.51,15.03,278.07
6690,223.223,1052,1349.77,471.87,13.34,14.89,198.71
6690,223.223,764,3588.92,1452.52,26.09,23.05,601.43
6690,223.223,771,1451.07,1652.03,18.6,16.58,308.56
6690,223.223,1170,2031.52,708.68,15.36,12.22,187.68
6690,223.223,1178,1133.76,1027.45,23.24,29.9,695.03
6696,223.4232,1088,2611.33,1779.01,18.9,15.38,290.68
6696,223.4232,1052,1352.11,474.38,13.56,15.32,207.81
6696,223.4232,764,3592.42,1451.46,25.94,22.94,595.17
6696,223.4232,771,1450.96,1651.89,18.37,16.23,298.15
6696,223.4232,1170,2035.01,709.02,15.7,12.44,195.24
6696,223.4232,1178,1134.83,1030.15,22.88,29.42,672.97
6696,223.4232,1135,2866.84,452.96,20.97,17.58,368.74
6696,223.4232,1165,1249.78,1566.74,18.66,14.16,264.32
6702,223.6234,1088,2615.11,1778.13,18.64,15.18,282.95
6702,223.6234,1052,1354.03,476.29,13.91,15.82,220.11
6702,223.6234,764,3596.47,1450.06,25.92,23.04,596.99
6702,223.6234,771,1450.72,1651.58,18.11,15.77,285.5
6702,223.6234,1170,2038.04,709.72,16.47,12.83,211.28
6702,223.6234,1178,1136.15,1033.21,22.63,29.05,657.6
6702,223.6234,1165,1249.83,1567.47,19.16,14.41,276.12
6708,223.8236,1088,2618.82,1777.48,18.54,15.16,281.07
6708,223.8236,1052,1356.1,477.48,14.66,17.05,249.93
6708,223.8236,764,3599.78,1449.12,26.13,23.29,608.66
6708,223.8236,771,1450.54,1651.48,18.09,15.59,282.03
6708,223.8236,1170,2042.44,710.68,16.27,12.5,203.43
6708,223.8236,1178,1137.07,1035.91,22.43,28.74,644.59
6708,223.8236,1165,1249.9,1568.6,19.11,14.23,271.99
6708,223.8236,1193,1846.38,1791.83,26.93,19.15,515.83
6708,223.8236,1135,2865.57,452.99,20.44,17.65,360.71
6714,224.0238,1088,2622.33,1777.28,18.25,14.98,273.41
6714,224.0238,1052,1359.32,480.32,13.77,15.55,214.18
6714,224.0238,764,3603.36,1448.48,25.91,23.13,599.31
6714,224.0238,771,1450.39,1651.34,17.93,15.36,275.47
6714,224.0238,1170,2045.96,711.55,16.08,12.21,196.32
6714,224.0238,1178,1138.15,1039.04,22.72,29.24,664.39
6714,224.0238,1165,1249.59,1569.78,19.44,14.33,278.51
6714,224.0238,1193,1849.02,1792.77,26.64,18.97,505.52
6714,224.0238,1195,2864.97,459.38,15.38,17.25,265.26
6720,224.224,1088,2625.78,1777.33,18.72,15.32,286.75
6720,224.224,1052,1360.9,483.46,14.1,16.06,226.46
6720,224.224,764,3607.25,1448.07,25.88,23.12,598.3
6720,224.224,771,1450.11,1651.3,17.76,15.13,268.77
6720,224.224,1170,2049.65,712.06,16.18,12.23,197.91
6720,224.224,1178,1138.83,1042.43,23.04,29.74,684.97
6720,224.224,1165,1249.38,1571.21,18.7,13.5,252.48
6720,224.224,1193,1852.23,1794.31,26.8,19.11,512.31
6720,224.224,1195,2864.35,459.69,14.84,16.62,246.64
6726,224.4242,1088,2630.06,1778.23,20.62,17.14,353.3
6726,224.4242,1052,1362.67,485.57,13.15,14.98,196.98
6726,224.4242,764,3611.79,1447.56,25.81,23.08,595.73
6726,224.4242,771,1450.24,1651.42,18.01,15.31,275.73
6726,224.4242,1170,2053.41,712.74,16.34,12.31,201.19
6726,224.4242,1178,1140.09,1045.1,22.97,29.61,680.04
6726,224.4242,1165,1249.39,1572.39,19.0,13.56,257.62
6726,224.4242,1193,1855.93,1796.08,26.52,18.92,501.78
6726,224.4242,1195,2863.77,460.01,14.32,15.97,228.71
6732,224.6244,1088,2634.22,1778.47,21.24,18.0,382.19
6732,224.6244,1052,1365.14,487.73,13.4,15.25,204.35
6732,224.6244,764,3616.01,1447.19,25.92,23.26,602.96
6732,224.6244,771,1450.59,1651.69,18.4,15.67,288.19
6732,224.6244,1170,2057.29,713.46,16.23,12.19,197.88
6732,224.6244,1178,1141.01,1047.93,23.12,29.67,685.83
6732,224.6244,1165,1249.17,1573.95,19.61,13.85,271.57
6732,224.6244,1193,1859.12,1797.33,27.39,19.62,537.35
6732,224.6244,1195,2862.43,460.22,14.02,15.55,218.01
6738,224.8246,1088,2637.56,1778.47,21.6,18.57,401.24
6738,224.8246,1052,1367.59,489.38,14.79,17.1,252.92
6738,224.8246,764,3619.94,1446.64,26.36,23.71,625.08
6738,224.8246,771,1450.85,1652.02,18.93,16.24,307.41
6738,224.8246,1170,2060.89,714.26,16.74,12.5,209.28
6738,224.8246,1165,1247.61,1575.2,19.84,13.86,275.03
6738,224.8246,1193,1862.69,1798.44,28.41,20.52,582.94
6738,224.8246,1195,2861.27,460.39,13.83,15.23,210.59
6738,224.8246,1199,3685.04,1358.97,20.07,15.44,309.74
6744,225.0248,1088,2641.84,1778.3,22.01,19.15,421.42
6744,225.0248,1052,1369.68,490.45,15.78,18.69,294.95
6744,225.0248,764,3623.82,1445.17,26.03,23.59,614.21
6744,225.0248,771,1450.83,1652.04,18.82,16.24,305.72
6744,225.0248,1170,2065.51,714.3,16.7,12.19,203.62
6744,225.0248,1165,1246.88,1575.95,20.47,14.26,291.82
6744,225.0248,1193,1865.82,1798.79,28.58,20.81,594.64
6744,225.0248,1195,2860.97,460.63,13.5,14.73,198.87
6744,225.0248,1178,1143.55,1053.84,22.74,29.25,665.12
6750,225.225,1088,2645.89,1775.18,21.73,19.25,418.28
6750,225.225,1052,1372.52,493.23,14.3,16.77,239.85
6750,225.225,764,3627.96,1443.86,26.41,24.01,634.07
6750,225.225,771,1450.63,1651.54,18.41,15.94,293.46
6750,225.225,1170,2068.9,714.41,16.88,12.35,208.39
6750,225.225,1165,1246.51,1576.83,20.72,14.42,298.7
6750,225.225,1193,1868.67,1799.23,29.35,21.64,635.19
6750,225.225,1195,2860.48,460.57,13.75,14.87,204.45
6750,225.225,1178,1145.05,1056.7,23.28,30.07,699.97
6756,225.4252,1088,2649.75,1773.89,21.32,19.15,408.2
6756,225.4252,1052,1374.53,495.61,13.8,16.29,224.81
6756,225.4252,764,3632.06,1442.82,26.67,24.4,650.67
6756,225.4252,771,1450.69,1651.09,18.28,15.89,290.53
6756,225.4252,1170,2072.53,714.98,18.17,13.41,243.79
6756,225.4252,1165,1246.22,1577.65,20.1,13.92,279.78
6756,225.4252,1193,1871.96,1801.01,28.76,21.42,615.89
6756,225.4252,1195,2860.09,460.56,13.9,14.88,206.87
6756,225.4252,1178,1146.39,1059.64,22.61,28.96,654.86
6756,225.4252,1203,3694.47,1357.62,20.44,15.17,310.11
6762,225.6254,1088,2654.14,1773.68,18.79,16.68,313.5
6762,225.6254,1052,1376.52,497.79,13.13,15.51,203.64
6762,225.6254,764,3635.77,1441.77,25.8,23.71,611.91
6762,225.6254,771,1450.87,1650.43,18.74,16.35,306.48
6762,225.6254,1170,2076.54,715.25,18.72,13.92,260.65
6762,225.6254,1165,1246.24,1578.74,20.85,14.47,301.71
6762,225.6254,1193,1874.99,1801.78,28.04,21.05,590.45
6762,225.6254,1195,2859.71,460.39,14.36,15.22,218.56
6762,225.6254,1178,1147.29,1061.99,22.78,29.08,662.67
6762,225.6254,1203,3698.51,1357.44,20.46,15.22,311.24
6768,225.8256,1088,2657.38,1773.13,17.71,15.65,277.18
6768,225.8256,1052,1378.68,499.7,13.18,15.61,205.7
6768,225.8256,764,3639.3,1441.0,25.32,23.36,591.53
6768,225.8256,771,1450.84,1649.97,18.73,16.46,308.21
6768,225.8256,1170,2080.19,715.76,17.04,12.62,215.01
6768,225.8256,1165,1245.83,1579.55,21.16,14.8,313.16
6768,225.8256,1193,1878.27,1802.28,27.05,20.39,551.73
6768,225.8256,1195,2858.96,460.42,14.6,15.17,221.41
6768,225.8256,1203,3701.65,1357.36,19.83,14.77,292.85
6774,226.0258,1088,2661.29,1772.19,17.99,15.86,285.3
6774,226.0258,1052,1380.55,500.88,13.76,16.36,225.07
6774,226.0258,764,3643.33,1439.78,25.68,23.84,612.19
6774,226.0258,771,1451.34,1649.96,18.56,16.35,303.45
6774,226.0258,1170,2083.73,715.91,16.78,12.43,208.58
6774,226.0258,1165,1245.22,1580.09,21.7,15.4,334.19
6774,226.0258,1193,1881.65,1802.36,26.8,20.37,545.96
6774,226.0258,1195,2858.63,460.41,14.91,15.19,226.44
6774,226.0258,1203,3705.23,1356.79,19.57,14.62,286.2
6780,226.226,1088,2664.99,1771.81,17.79,15.59,277.35
6780,226.226,1052,1382.95,502.13,15.12,18.36,277.52
6780,226.226,764,3647.87,1438.6,26.42,24.78,654.69
6780,226.226,771,1451.59,1650.21,18.43,16.29,300.28
6780,226.226,1170,2087.55,716.29,17.83,13.23,235.87
6780,226.226,1165,1244.7,1580.45,22.13,15.98,353.7
6780,226.226,1193,1884.67,1803.25,27.21,20.89,568.6
6780,226.226,1195,2858.21,460.47,15.16,15.06,228.28
6780,226.226,1203,3709.39,1356.51,20.16,15.1,304.4
6786,226.4262,1088,2669.04,1771.77,18.33,16.08,294.82
6786,226.4262,1052,1385.47,505.98,14.81,18.13,268.47
6786,226.4262,764,3651.6,1436.96,25.81,24.44,630.83
6786,226.4262,771,1451.98,1650.23,18.49,16.43,303.75
6786,226.4262,1170,2090.84,716.81,17.92,13.28,237.95
6786,226.4262,1165,1244.71,1580.81,22.69,16.73,379.64
6786,226.4262,1193,1887.65,1803.5,26.09,20.2,527.04
6786,226.4262,1203,3711.99,1356.86,21.13,15.9,335.92
6792,226.6264,1088,2672.51,1771.23,18.15,15.86,287.93
6792,226.6264,1052,1387.47,508.21,13.71,16.55,226.86
6792,226.6264,764,3654.43,1435.52,25.77,24.61,634.24
6792,226.6264,771,1451.92,1650.17,18.6,16.59,308.7
6792,226.6264,1170,2094.29,718.23,17.7,13.11,232.07
6792,226.6264,1165,1244.68,1581.49,23.96,18.12,434.16
6792,226.6264,1193,1890.65,1804.08,26.62,20.81,553.97
6792,226.6264,1203,3714.79,1356.55,20.42,15.44,315.29
6792,226.6264,1178,1153.51,1075.43,22.47,28.66,643.92
6792,226.6264,1195,2854.02,460.98,14.56,14.06,204.7
6798,226.8266,1088,2675.85,1770.24,17.53,15.16,265.78
6798,226.8266,1052,1388.56,510.44,13.15,15.44,203.02
6798,226.8266,764,3656.75,1434.23,25.75,24.84,639.66
6798,226.8266,771,1451.91,1650.05,19.08,17.1,326.15
6798,226.8266,1170,2097.5,718.97,16.96,12.38,209.93
6798,226.8266,1165,1244.11,1585.04,24.12,18.62,449.19
6798,226.8266,1193,1893.57,1804.5,26.64,20.96,558.32
6798,226.8266,1203,3717.25,1355.98,20.22,15.32,309.72
6798,226.8266,1195,2852.81,461.17,14.5,13.7,198.63
6804,227.0268,1088,2678.75,1769.16,17.7,15.27,270.2
6804,227.0268,1052,1389.58,512.59,13.52,15.3,206.85
6804,227.0268,764,3659.24,1433.51,25.62,24.99,640.36
6804,227.0268,771,1451.79,1649.55,19.16,17.22,330.06
6804,227.0268,1170,2099.84,719.71,17.49,12.38,216.59
6804,227.0268,1165,1243.34,1586.97,22.75,17.78,404.39
6804,227.0268,1193,1896.42,1804.94,26.61,21.08,560.94
6804,227.0268,1203,3719.36,1356.06,21.01,15.88,333.7
6804,227.0268,1195,2852.08,461.46,14.14,13.13,185.63
6810,227.227,1088,2681.34,1768.54,18.22,15.72,286.47
6810,227.227,1052,1393.95,514.66,13.89,15.26,211.96
6810,227.227,764,3662.11,1433.01,25.65,25.28,648.34
6810,227.227,771,1451.66,1648.81,18.64,16.71,311.52
6810,227.227,1170,2104.03,722.27,21.54,15.78,339.93
6810,227.227,1165,1242.51,1588.17,20.92,16.47,344.48
6810,227.227,1193,1898.72,1805.31,26.28,20.96,550.94
6810,227.227,1203,3721.96,1356.63,20.58,15.56,320.37
6816,227.4272,1088,2684.49,1768.17,18.22,15.67,285.62
6816,227.4272,1052,1396.32,516.89,13.94,15.16,211.34
6816,227.4272,764,3665.6,1432.0,25.94,25.87,671.22
6816,227.4272,771,1451.85,1648.6,18.65,16.71,311.51
6816,227.4272,1170,2107.61,723.3,22.16,16.74,370.98
6816,227.4272,1165,1241.83,1589.18,19.91,15.71,312.69
6816,227.4272,1193,1901.66,1805.59,25.97,20.92,543.36
6816,227.4272,1203,3724.47,1356.95,20.59,15.66,322.52
6822,227.6274,1088,2687.0,1767.91,18.55,15.73,291.78
6822,227.6274,1052,1397.89,519.68,13.94,15.27,212.93
6822,227.6274,764,3669.22,1430.94,25.57,25.8,659.66
6822,227.6274,771,1452.22,1649.17,19.0,17.04,323.76
6822,227.6274,1170,2110.43,723.92,21.96,16.72,367.07
6822,227.6274,1165,1241.18,1590.17,19.51,15.4,300.51
6822,227.6274,1193,1904.29,1806.23,26.47,21.56,570.71
6822,227.6274,1203,3726.77,1356.45,20.45,15.56,318.19
6828,227.8276,1088,2690.66,1767.49,18.42,15.6,287.36
6828,227.8276,1052,1399.52,522.46,13.97,15.45,215.85
6828,227.8276,764,3671.87,1429.59,25.23,25.64,646.93
6828,227.8276,771,1452.52,1649.81,19.25,17.25,332.2
6828,227.8276,1170,2114.75,724.46,20.77,16.01,332.57
6828,227.8276,1165,1240.09,1591.1,19.19,15.15,290.84
6828,227.8276,1193,1907.22,1806.6,26.55,21.86,580.4
6828,227.8276,1203,3729.24,1356.49,20.7,15.77,326.44
6834,228.0278,1088,2694.22,1767.32,18.36,15.54,285.27
6834,228.0278,1052,1401.54,524.35,14.26,15.99,227.99
6834,228.0278,764,3674.21,1428.25,24.65,25.26,622.68
6834,228.0278,771,1452.94,1649.87,19.17,17.08,327.34
6834,228.0278,1170,2117.65,725.07,19.14,14.83,283.88
6834,228.0278,1165,1239.67,1592.37,19.4,15.38,298.46
6834,228.0278,1193,1909.73,1806.81,25.55,21.19,541.35
6834,228.0278,1203,3732.11,1356.6,20.74,15.85,328.82
6840,228.228,1088,2697.42,1767.01,18.57,15.7,291.48
6840,228.228,1052,1403.25,525.89,15.71,17.98,282.47
6840,228.228,764,3676.33,1427.08,24.76,25.58,633.42
6840,228.228,771,1452.87,1649.48,18.47,16.25,300.17
6840,228.228,1170,2120.86,725.57,17.89,13.8,246.9
6840,228.228,1165,1239.21,1594.36,19.16,15.22,291.59
6840,228.228,1193,1912.29,1806.96,25.6,21.5,550.38
6840,228.228,1203,3734.46,1356.29,20.48,15.63,320.16
6846,228.4282,1088,2700.49,1765.94,18.58,15.68,291.34
6846,228.4282,1052,1405.25,529.83,15.65,18.24,285.48
6846,228.4282,764,3679.12,1426.05,24.91,26.01,647.93
6846,228.4282,771,1452.82,1648.8,18.57,16.18,300.42
6846,228.4282,1170,2124.78,725.94,16.86,12.92,217.86
6846,228.4282,1165,1239.1,1596.23,19.44,15.47,300.69
6846,228.4282,1193,1914.98,1807.07,25.39,21.54,546.89
6852,228.6284,1088,2703.65,1764.84,18.72,15.8,295.88
6852,228.6284,1052,1407.13,532.06,14.51,16.96,246.04
6852,228.6284,764,3682.46,1424.76,24.42,25.75,628.82
6852,228.6284,771,1453.26,1648.39,18.3,15.75,288.35
6852,228.6284,1170,2128.57,726.17,16.41,12.57,206.35
6852,228.6284,1165,1238.77,1598.2,18.81,14.92,280.58
6852,228.6284,1193,1918.07,1807.11,25.71,22.11,568.25
6858,228.8286,1088,2707.26,1763.67,18.89,15.99,302.06
6858,228.8286,1052,1409.29,534.07,13.43,15.7,210.95
6858,228.8286,764,3686.13,1423.85,24.26,25.73,624.42
6858,228.8286,771,1453.65,1648.01,18.39,15.6,286.96
6858,228.8286,1170,2131.94,726.74,16.41,12.55,205.96
6858,228.8286,1165,1238.2,1599.78,19.02,15.05,286.27
6858,228.8286,1193,1921.19,1807.14,26.23,22.89,600.5
6858,228.8286,1195,2841.67,464.21,12.7,11.29,143.42
6858,228.8286,1203,3742.75,1355.73,20.1,15.19,305.37
6864,229.0288,1088,2710.35,1763.23,19.29,16.24,313.24
6864,229.0288,1052,1412.06,535.85,13.3,15.47,205.73
6864,229.0288,764,3690.1,1422.66,24.37,26.13,636.8
6864,229.0288,771,1454.37,1648.03,18.51,15.54,287.7
6864,229.0288,1170,2134.76,727.28,16.46,12.22,201.08
6864,229.0288,1165,1237.85,1600.42,18.82,14.87,279.97
6864,229.0288,1193,1924.29,1807.01,25.4,22.47,570.65
6864,229.0288,1195,2840.48,464.05,12.73,10.88,138.41
6870,229.229,1088,2714.87,1763.24,19.44,16.46,320.02
6870,229.229,1052,1414.7,537.54,14.79,17.53,259.16
6870,229.229,764,3693.63,1421.06,24.62,26.72,657.84
6870,229.229,771,1455.25,1648.41,18.15,15.06,273.47
6870,229.229,1170,2139.43,727.38,16.52,12.22,201.9
6870,229.229,1165,1237.75,1601.01,19.12,15.08,288.35
6870,229.229,1193,1927.85,1806.73,25.3,22.78,576.33
6870,229.229,1195,2839.56,464.01,13.18,10.97,144.61
6876,229.4292,1088,2719.22,1762.73,19.59,16.66,326.25
6876,229.4292,1052,1418.48,540.78,14.14,16.26,229.96
6876,229.4292,764,3697.16,1419.05,24.37,26.67,649.9
6876,229.4292,771,1455.8,1648.75,18.1,14.84,268.53
6876,229.4292,1170,2143.6,727.63,16.35,12.09,197.64
6876,229.4292,1165,1237.84,1602.37,19.06,15.0,285.82
6876,229.4292,1193,1930.81,1807.12,25.62,23.45,600.92
6876,229.4292,1195,2838.67,463.76,13.83,11.31,156.41
6882,229.6294,1088,2723.55,1761.7,19.25,16.37,315.12
6882,229.6294,1052,1420.65,542.55,13.44,15.21,204.35
6882,229.6294,764,3700.3,1417.05,23.75,26.14,621.03
6882,229.6294,771,1456.64,1648.87,17.69,14.28,252.52
6882,229.6294,1170,2147.51,728.16,16.84,12.43,209.32
6882,229.6294,1165,1238.41,1603.35,18.86,14.78,278.79
6882,229.6294,1193,1934.09,1806.62,25.18,23.48,591.0
6882,229.6294,1195,2838.02,464.05,14.29,11.48,164.0
6888,229.8296,1088,2727.45,1760.33,19.49,16.67,324.82
6888,229.8296,1052,1422.53,544.33,13.95,15.85,221.09
6888,229.8296,764,3703.79,1415.3,23.58,26.04,614.2
6888,229.8296,771,1456.89,1648.33,18.05,14.35,258.94
6888,229.8296,1170,2151.78,728.83,16.74,12.33,206.41
6888,229.8296,1165,1239.3,1604.19,19.81,15.58,308.59
6888,229.8296,1193,1937.4,1805.84,24.73,23.53,581.85
6888,229.8296,1195,2837.74,464.26,14.4,11.41,164.36
6894,230.0298,1088,2731.02,1759.27,19.07,16.38,312.38
6894,230.0298,1052,1424.98,546.29,13.53,15.41,208.51
6894,230.0298,764,3707.28,1414.1,23.48,26.05,611.69
6894,230.0298,771,1457.02,1647.94,18.11,14.24,257.93
6894,230.0298,1170,2155.82,728.77,16.64,12.24,203.6
6894,230.0298,1165,1239.43,1604.97,21.13,16.85,356.14
6894,230.0298,1193,1940.45,1804.64,25.39,24.63,625.35
6894,230.0298,1195,2837.62,464.44,14.21,11.12,158.0
6900,230.23,1088,2734.16,1758.05,19.7,16.93,333.51
6900,230.23,1052,1427.2,548.28,14.02,16.08,225.48
6900,230.23,764,3710.44,1412.74,23.09,25.64,592.16
6900,230.23,771,1457.52,1647.44,18.94,14.85,281.26
6900,230.23,1170,2160.82,729.15,17.16,12.32,211.4
6900,230.23,1165,1239.25,1605.63,22.38,18.12,405.51
6900,230.23,1193,1943.22,1803.99,25.65,25.25,647.42
6900,230.23,1195,2837.53,464.25,14.86,11.55,171.56
6906,230.4302,1088,2738.38,1757.27,19.68,17.0,334.64
6906,230.4302,1052,1429.53,549.53,14.93,17.44,260.35
6906,230.4302,764,3713.87,1411.09,23.45,26.15,613.36
6906,230.4302,771,1457.85,1647.41,19.09,14.91,284.7
6906,230.4302,1170,2164.07,729.52,17.24,12.37,213.26
6906,230.4302,1165,1238.44,1606.09,23.23,19.08,443.1
6906,230.4302,1193,1946.26,1803.8,24.89,24.97,621.54
6906,230.4302,1195,2836.85,464.54,14.87,11.43,169.88
6906,230.4302,1217,1238.2,1610.34,19.0,19.32,367.18
6912,230.6304,1088,2742.22,1756.78,19.51,16.96,330.91
6912,230.6304,1052,1432.0,553.65,15.18,18.08,274.38
6912,230.6304,764,3717.36,1409.47,23.36,26.2,611.97
6912,230.6304,771,1458.14,1648.18,18.7,14.49,270.86
6912,230.6304,1170,2167.8,730.5,16.75,12.02,201.27
6912,230.6304,1193,1949.13,1803.64,24.63,25.15,619.28
6912,230.6304,1195,2836.06,464.65,14.95,11.35,169.62
6918,230.8306,1088,2746.02,1756.62,19.04,16.63,316.52
6918,230.8306,1052,1434.53,555.95,14.18,16.88,239.28
6918,230.8306,764,3721.01,1408.18,23.2,25.99,603.14
6918,230.8306,771,1458.41,1649.69,19.16,14.8,283.66
6918,230.8306,1170,2171.83,731.4,16.46,11.72,192.92
6918,230.8306,1193,1952.07,1803.43,24.89,26.06,648.73
6918,230.8306,1195,2836.12,464.83,15.07,11.39,171.64
6918,230.8306,1217,1238.78,1611.64,16.55,16.72,276.74
6924,231.0308,1088,2750.13,1756.44,18.86,16.53,311.79
6924,231.0308,1052,1436.16,558.12,13.35,15.51,206.99
6924,231.0308,764,3724.19,1406.9,23.23,26.1,606.37
6924,231.0308,771,1458.5,1650.54,19.56,15.13,295.91
6924,231.0308,1170,2175.69,732.41,16.98,12.08,205.02
6924,231.0308,1193,1954.88,1803.18,23.98,25.6,613.8
6924,231.0308,1217,1239.41,1612.25,15.49,15.5,240.12
6930,231.231,1088,2753.71,1756.04,19.04,16.76,319.03
6930,231.231,1052,1437.36,560.31,13.46,15.09,203.21
6930,231.231,764,3726.95,1405.8,23.13,26.04,602.32
6930,231.231,771,1458.38,1651.05,19.52,15.1,294.76
6930,231.231,1170,2178.99,733.38,17.31,12.3,212.87
6930,231.231,1193,1957.31,1802.7,23.07,25.12,579.4
6930,231.231,1217,1239.17,1613.61,13.95,13.66,190.48
6930,231.231,1195,2834.82,466.1,15.45,11.42,176.43
6936,231.4312,1088,2756.65,1755.24,19.52,17.41,339.86
6936,231.4312,1052,1441.99,561.87,14.17,15.51,219.83
6936,231.4312,764,3729.31,1404.75,22.96,25.71,590.31
6936,231.4312,771,1457.82,1651.25,19.7,15.24,300.22
6936,231.4312,1170,2181.99,733.95,18.16,12.86,233.51
6936,231.4312,1193,1959.52,1802.06,22.2,24.62,546.55
6936,231.4312,1195,2834.52,466.85,15.59,11.24,175.15
6942,231.6314,1088,2758.55,1754.79,20.05,17.99,360.65
6942,231.6314,1052,1444.42,564.85,13.99,15.15,211.91
6942,231.6314,764,3732.18,1403.96,22.52,25.06,564.3
6942,231.6314,771,1457.41,1651.57,19.83,15.34,304.19
6942,231.6314,1170,2186.18,734.75,18.04,12.67,228.6
6942,231.6314,1193,1961.38,1801.59,22.45,25.29,567.62
6942,231.6314,1195,2834.23,467.46,15.75,11.05,174.08
6942,231.6314,1217,1238.0,1615.75,14.15,13.49,190.9
6948,231.8316,1088,2762.19,1754.54,20.38,18.38,374.67
6948,231.8316,1052,1445.98,567.51,13.63,14.83,202.19
6948,231.8316,764,3734.11,1403.51,22.37,24.78,554.51
6948,231.8316,771,1457.2,1651.99,20.46,15.89,325.08
6948,231.8316,1170,2189.2,735.87,17.74,12.52,222.14
6948,231.8316,1193,1963.3,1800.91,22.37,25.74,575.87
6954,232.0318,1088,2764.89,1754.26,20.72,18.94,392.49
6954,232.0318,1052,1447.26,570.2,13.63,15.01,204.46
6954,232.0318,764,3736.18,1402.25,23.12,25.7,594.11
6954,232.0318,771,1457.14,1652.52,21.42,16.86,361.22
6954,232.0318,1170,2192.07,736.89,17.26,12.19,210.43
6954,232.0318,1193,1965.1,1799.76,21.91,25.75,564.17
6954,232.0318,1195,2830.29,468.22,16.35,11.25,183.94
6954,232.0318,1217,1236.7,1617.38,14.76,13.69,202.17
6960,232.232,1088,2767.66,1753.98,21.01,19.54,410.59
6960,232.232,1052,1449.2,572.3,14.21,15.88,225.66
6960,232.232,764,3738.35,1400.61,23.28,25.96,604.31
6960,232.232,771,1457.03,1653.4,23.17,18.59,430.79
6960,232.232,1170,2195.44,738.05,17.63,12.48,220.09
6960,232.232,1193,1966.67,1799.13,21.87,25.89,566.07
6960,232.232,1219,2766.81,1750.5,17.7,21.0,371.76
6960,232.232,1217,1236.58,1618.38,15.1,13.61,205.44
6966,232.4322,1088,2770.68,1753.51,21.65,20.52,444.25
6966,232.4322,1052,1451.43,573.89,15.56,17.92,278.7
6966,232.4322,764,3740.68,1399.23,23.52,26.31,618.77
6966,232.4322,771,1456.97,1653.86,23.86,19.51,465.64
6966,232.4322,1170,2199.23,738.76,18.38,13.12,241.09
6966,232.4322,1193,1969.7,1798.07,21.05,24.99,526.1
6966,232.4322,1219,2769.71,1750.01,16.9,20.01,338.15
6966,232.4322,1217,1236.68,1619.53,15.37,13.53,208.02
6966,232.4322,1220,1456.73,1657.82,19.14,20.36,389.6
6966,232.4322,1195,2827.69,469.51,16.99,11.67,198.25
6972,232.6324,1052,1453.68,577.98,15.29,17.97,274.85
6972,232.6324,764,3742.81,1398.19,23.54,26.31,619.31
6972,232.6324,771,1457.09,1654.3,24.39,20.4,497.47
6972,232.6324,1170,2202.74,739.17,18.96,13.68,259.42
6972,232.6324,1193,1971.53,1796.79,20.77,24.73,513.72
6972,232.6324,1219,2773.15,1749.18,15.56,18.36,285.77
6972,232.6324,1217,1237.25,1621.33,16.14,13.89,224.17
6972,232.6324,1220,1456.95,1657.94,18.93,20.12,380.77
6972,232.6324,1195,2827.03,470.17,17.16,11.76,201.8
6978,232.8326,764,3745.04,1397.29,23.18,25.89,600.21
6978,232.8326,771,1457.59,1654.43,24.21,20.67,500.56
6978,232.8326,1170,2205.93,739.55,19.83,14.38,285.16
6978,232.8326,1193,1973.6,1795.92,20.57,24.76,509.36
6978,232.8326,1219,2776.76,1748.45,14.47,16.93,245.0
6978,232.8326,1217,1237.74,1622.36,16.06,13.53,217.34
6978,232.8326,1220,1457.59,1658.09,18.67,19.82,369.96
6978,232.8326,1195,2826.7,471.57,17.0,11.73,199.49
6984,233.0328,764,3747.39,1396.24,23.61,26.46,624.64
6984,233.0328,1170,2210.24,739.95,20.72,15.2,314.98
6984,233.0328,1193,1975.98,1794.2,20.18,24.6,496.47
6984,233.0328,1219,2780.0,1747.67,13.77,15.9,218.95
6984,233.0328,1217,1237.33,1622.97,16.29,13.43,218.75
6984,233.0328,1220,1458.05,1658.32,18.27,19.37,353.74
6984,233.0328,1195,2826.05,472.3,16.62,11.42,189.75
6984,233.0328,1052,1458.83,583.17,13.4,15.83,212.06
6990,233.233,764,3749.41,1394.35,23.68,26.66,631.09
6990,233.233,1170,2213.13,740.39,21.46,16.11,345.72
6990,233.233,1193,1977.87,1792.74,19.89,24.48,486.86
6990,233.233,1219,2782.18,1746.66,13.95,15.74,219.46
6990,233.233,1217,1237.06,1622.92,16.49,13.33,219.82
6990,233.233,1220,1458.18,1658.62,17.79,18.75,333.63
6990,233.233,1195,2824.9,472.49,16.63,11.49,191.02
6990,233.233,1052,1460.67,584.63,13.67,16.27,222.46
6996,233.4332,764,3750.96,1391.93,23.4,26.38,617.33
6996,233.4332,1170,2216.21,740.67,21.74,16.73,363.66
6996,233.4332,1193,1979.52,1790.83,19.16,23.6,452.13
6996,233.4332,1219,2785.93,1745.32,14.15,15.63,221.17
6996,233.4332,1217,1236.69,1622.94,16.86,13.45,226.75
6996,233.4332,1220,1457.73,1659.02,17.19,17.96,308.8
6996,233.4332,1195,2823.27,472.11,16.41,11.36,186.44
7002,233.6334,764,3752.56,1389.78,23.29,26.17,609.57
7002,233.6334,1170,2219.67,740.94,22.03,17.32,381.48
7002,233.6334,1219,2788.37,1743.77,14.52,15.79,229.27
7002,233.6334,1217,1236.9,1623.25,17.47,13.76,240.31
7002,233.6334,1220,1457.7,1659.19,17.06,17.63,300.79
7002,233.6334,1195,2822.22,472.37,16.32,11.33,184.94
7002,233.6334,1052,1464.66,586.78,15.79,19.28,304.47
7008,233.8336,764,3754.27,1388.16,23.44,26.37,618.07
7008,233.8336,1170,2223.46,740.98,21.8,17.46,380.64
7008,233.8336,1219,2791.28,1741.88,14.44,15.44,222.82
7008,233.8336,1217,1238.17,1624.01,17.96,14.05,252.34
7008,233.8336,1220,1458.18,1659.24,17.12,17.51,299.78
7008,233.8336,1195,2821.59,473.1,17.13,11.97,205.14
7014,234.0338,764,3755.79,1386.22,23.45,26.44,620.06
7014,234.0338,1170,2227.27,741.15,21.76,17.85,388.26
7014,234.0338,1219,2793.9,1740.13,14.55,15.29,222.46
7014,234.0338,1217,1238.71,1624.65,18.53,14.43,267.36
7014,234.0338,1220,1458.46,1659.32,17.13,17.37,297.59
7014,234.0338,1195,2821.25,473.73,17.06,12.0,204.78
7014,234.0338,1052,1469.6,592.35,13.07,15.88,207.52
7020,234.234,764,3757.61,1384.38,23.76,26.92,639.69
7020,234.234,1170,2229.95,741.54,22.36,18.66,417.42
7020,234.234,1219,2796.73,1738.59,14.92,15.45,230.6
7020,234.234,1217,1239.02,1625.0,18.67,14.45,269.81
7020,234.234,1220,1458.73,1659.44,17.11,17.12,293.01
7020,234.234,1222,2228.96,746.92,15.96,18.15,289.81
7020,234.234,1052,1472.57,595.38,12.77,15.49,197.82
7020,234.234,1193,1986.72,1781.75,20.76,26.19,543.62
7026,234.4342,764,3760.29,1382.51,23.45,26.63,624.38
7026,234.4342,1219,2800.46,1737.36,15.68,16.06,251.8
7026,234.4342,1217,1239.61,1625.0,18.69,14.39,268.96
7026,234.4342,1220,1459.59,1659.75,16.82,16.51,277.8
7026,234.4342,1222,2233.64,747.27,15.42,17.45,269.09
7026,234.4342,1052,1475.62,597.38,14.05,17.44,245.14
7026,234.4342,1224,3826.19,1349.31,23.96,16.79,402.22
7026,234.4342,1193,1989.3,1780.66,19.79,25.26,499.89
7026,234.4342,1195,2820.33,474.24,17.3,12.22,211.5
7032,234.6344,764,3762.45,1380.97,23.08,26.19,604.41
7032,234.6344,1219,2803.65,1735.88,15.67,15.84,248.23
7032,234.6344,1217,1239.92,1625.09,18.76,14.39,269.91
7032,234.6344,1220,1460.18,1660.52,16.99,16.42,279.01
7032,234.6344,1222,2238.05,747.34,15.37,17.32,266.27
7032,234.6344,1193,1991.27,1778.82,17.9,22.62,405.0
7032,234.6344,1195,2819.39,474.55,17.8,12.75,227.05
7038,234.8346,764,3764.55,1378.95,23.16,26.29,609.01
7038,234.8346,1219,2806.53,1734.7,15.77,15.81,249.39
7038,234.8346,1217,1240.69,1625.04,18.79,14.33,269.28
7038,234.8346,1220,1460.74,1661.31,17.24,16.49,284.18
7038,234.8346,1222,2242.14,747.35,15.41,17.29,266.45
7038,234.8346,1193,1992.76,1777.76,18.21,22.95,417.94
7038,234.8346,1195,2819.04,474.71,17.94,13.03,233.74
7038,234.8346,1052,1480.36,602.66,14.18,18.03,255.72
7044,235.0348,764,3766.65,1376.66,23.42,26.69,625.14
7044,235.0348,1219,2809.59,1733.09,16.24,16.1,261.56
7044,235.0348,1217,1241.73,1625.84,19.56,14.98,293.06
7044,235.0348,1220,1461.07,1662.16,17.56,16.66,292.55
7044,235.0348,1222,2246.09,747.48,15.26,17.05,260.14
7044,235.0348,1193,1994.53,1775.88,17.91,22.52,403.21
7044,235.0348,1195,2818.77,474.85,18.11,13.33,241.46
7050,235.235,764,3767.8,1374.12,23.75,27.24,647.13
7050,235.235,1219,2812.38,1731.39,16.64,16.44,273.53
7050,235.235,1217,1242.53,1626.89,20.06,15.4,308.89
7050,235.235,1220,1460.82,1662.55,17.48,16.36,286.05
7050,235.235,1222,2249.96,748.05,14.41,15.9,229.11
7050,235.235,1193,1996.01,1774.03,18.21,23.06,419.91
7050,235.235,1195,2817.53,476.25,16.36,11.73,191.97
7050,235.235,1224,3829.43,1347.27,21.13,17.59,371.71
7056,235.4352,764,3769.32,1372.47,24.04,27.81,668.59
7056,235.4352,1219,2815.02,1729.69,16.86,16.59,279.78
7056,235.4352,1217,1243.03,1627.88,20.68,15.99,330.73
7056,235.4352,1220,1460.92,1662.72,17.74,16.45,291.77
7056,235.4352,1222,2253.46,748.47,13.96,15.05,210.15
7056,235.4352,1193,1997.6,1772.1,18.58,23.68,440.05
7056,235.4352,1195,2817.22,478.1,16.31,11.48,187.28
7062,235.6354,764,3771.44,1371.27,23.57,27.34,644.54
7062,235.6354,1219,2817.51,1728.38,17.34,16.95,293.86
7062,235.6354,1217,1243.99,1628.61,21.62,16.93,365.93
7062,235.6354,1220,1461.52,1663.0,17.68,16.2,286.44
7062,235.6354,1222,2258.17,748.87,13.59,14.25,193.66
7062,235.6354,1193,1999.41,1770.67,18.18,23.12,420.41
7062,235.6354,1195,2817.13,479.56,15.86,10.9,172.91
7068,235.8356,764,3773.68,1370.4,23.4,27.17,635.84
7068,235.8356,1219,2820.41,1726.58,19.53,19.43,379.43
7068,235.8356,1217,1243.95,1628.91,21.87,17.35,379.46
7068,235.8356,1220,1462.16,1663.6,18.19,16.47,299.61
7068,235.8356,1222,2261.52,749.12,13.38,13.76,184.11
7068,235.8356,1193,2000.48,1769.74,18.85,23.94,451.16
7068,235.8356,1195,2816.66,480.64,15.79,10.72,169.25
7074,236.0358,764,3775.2,1369.35,23.36,27.32,638.29
7074,236.0358,1219,2823.37,1725.75,19.86,20.02,397.49
7074,236.0358,1217,1243.7,1629.07,21.96,17.65,387.56
7074,236.0358,1220,1462.29,1665.24,17.99,16.05,288.75
7074,236.0358,1222,2264.98,749.38,13.28,13.25,175.96
7074,236.0358,1193,2001.82,1767.16,17.2,21.65,372.5
7074,236.0358,1195,2815.86,481.01,16.09,10.92,175.71
7080,236.236,764,3776.79,1367.82,23.16,27.37,634.09
7080,236.236,1219,2826.21,1725.08,19.17,19.44,372.79
7080,236.236,1217,1244.19,1629.41,22.41,18.35,411.21
7080,236.236,1220,1462.35,1667.02,18.47,16.29,300.89
7080,236.236,1222,2268.18,749.86,12.78,12.34,157.67
7080,236.236,1193,2002.88,1765.05,16.27,20.23,329.25
7080,236.236,1195,2815.09,481.37,16.67,11.35,189.22
7086,236.4362,764,3778.49,1366.14,22.95,27.32,627.12
7086,236.4362,1219,2829.1,1724.21,17.82,17.92,319.42
7086,236.4362,1217,1244.78,1632.68,22.98,19.24,442.2
7086,236.4362,1220,1462.19,1668.25,18.44,16.1,296.95
7086,236.4362,1222,2271.62,750.75,13.18,12.37,163.0
7086,236.4362,1193,2003.52,1763.95,16.79,20.74,348.33
7086,236.4362,1195,2814.31,482.37,16.96,11.64,197.48
7092,236.6364,764,3780.24,1364.48,22.72,27.05,614.42
7092,236.6364,1219,2830.73,1723.28,17.57,17.36,304.96
7092,236.6364,1217,1245.42,1634.37,22.12,18.72,413.97
7092,236.6364,1220,1462.01,1668.39,18.69,16.23,303.28
7092,236.6364,1222,2275.31,751.51,13.61,12.5,170.07
7092,236.6364,1193,2003.9,1761.37,15.72,19.05,299.55
7092,236.6364,1195,2814.34,483.82,17.2,11.9,204.67
7098,236.8366,764,3781.94,1362.71,22.87,27.35,625.45
7098,236.8366,1219,2834.43,1721.95,17.89,17.65,315.75
7098,236.8366,1217,1245.94,1635.66,20.49,17.27,353.88
7098,236.8366,1220,1461.91,1668.36,18.93,16.37,309.96
7098,236.8366,1222,2278.49,752.12,14.16,12.48,176.71
7098,236.8366,1193,2005.22,1759.66,16.2,19.2,311.02
7098,236.8366,1195,2814.58,484.73,16.39,11.36,186.27
7104,237.0368,764,3783.26,1361.26,22.91,27.6,632.26
7104,237.0368,1219,2837.25,1720.61,17.9,17.73,317.37
7104,237.0368,1217,1245.95,1636.37,19.71,16.59,327.03
7104,237.0368,1220,1461.77,1668.71,18.94,16.29,308.64
7104,237.0368,1222,2282.92,752.34,14.19,12.21,173.17
7104,237.0368,1193,2006.2,1757.96,16.41,19.13,313.85
7104,237.0368,1195,2814.53,485.84,17.17,12.04,206.71
7110,237.237,764,3785.46,1359.45,22.59,27.42,619.58
7110,237.237,1219,2840.4,1719.22,17.92,17.9,320.78
7110,237.237,1217,1245.56,1636.48,19.18,16.18,310.35
7110,237.237,1220,1461.9,1669.51,18.73,15.97,299.02
7110,237.237,1222,2286.3,752.39,14.76,12.52,184.88
7110,237.237,1193,2007.3,1756.27,17.21,19.82,341.2
7110,237.237,1195,2814.17,486.82,17.19,12.14,208.58
7110,237.237,1052,1511.42,626.41,11.86,14.39,170.66
7116,237.4372,764,3788.49,1357.88,22.54,27.57,621.33
7116,237.4372,1219,2842.99,1718.17,17.84,17.91,319.5
7116,237.4372,1217,1245.76,1636.54,19.29,16.26,313.67
7116,237.4372,1220,1462.25,1671.01,19.04,16.09,306.35
7116,237.4372,1222,2289.65,752.44,14.49,12.08,174.94
7116,237.4372,1193,2008.2,1755.41,18.2,20.88,380.19
7116,237.4372,1195,2814.01,486.72,17.84,12.8,228.5
7116,237.4372,1052,1514.1,628.62,11.88,14.02,166.49
7122,237.6374,764,3790.86,1356.31,22.47,27.52,618.47
7122,237.6374,1219,2846.25,1717.06,17.69,17.85,315.67
7122,237.6374,1217,1245.98,1637.5,19.99,16.88,337.53
7122,237.6374,1220,1462.34,1672.38,19.49,16.38,319.31
7122,237.6374,1222,2293.06,752.49,14.92,12.23,182.49
7122,237.6374,1193,2009.33,1754.85,18.83,21.4,402.99
7122,237.6374,1195,2813.62,486.57,17.9,12.97,232.06
7128,237.8376,764,3793.11,1354.88,22.48,27.61,620.56
7128,237.8376,1219,2849.55,1716.24,17.94,18.17,325.98
7128,237.8376,1217,1245.97,1639.05,19.9,16.82,334.66
7128,237.8376,1220,1462.07,1673.6,20.09,16.91,339.72
7128,237.8376,1222,2296.87,752.55,15.7,12.85,201.7
7128,237.8376,1193,2010.33,1754.35,19.1,21.63,413.13
7128,237.8376,1195,2813.29,487.16,17.72,12.93,229.13
7134,238.0378,764,3795.11,1353.69,22.4,27.6,618.29
7134,238.0378,1219,2852.5,1715.14,17.77,18.08,321.29
7134,238.0378,1217,1246.46,1640.82,20.1,16.9,339.62
7134,238.0378,1220,1461.32,1674.53,20.18,17.02,343.54
7134,238.0378,1222,2300.48,753.18,15.75,12.74,200.63
7134,238.0378,1193,2011.08,1752.9,19.53,22.13,432.19
7134,238.0378,1195,2813.64,487.88,17.66,13.06,230.66
7140,238.238,764,3797.88,1351.95,22.17,27.51,609.95
7140,238.238,1219,2854.5,1714.11,17.73,17.77,315.19
7140,238.238,1217,1246.53,1642.66,20.27,16.99,344.45
7140,238.238,1220,1460.69,1674.98,20.13,16.92,340.57
7140,238.238,1222,2305.05,754.02,15.95,12.48,199.05
7140,238.238,1193,2011.68,1752.17,20.17,22.78,459.37
7140,238.238,1195,2814.29,489.15,17.44,12.98,226.32
7146,238.4382,764,3800.37,1350.42,22.26,27.87,620.52
7146,238.4382,1219,2858.54,1713.11,17.69,17.72,313.55
7146,238.4382,1217,1246.02,1643.99,20.03,16.84,337.24
7146,238.4382,1220,1460.2,1675.73,20.06,16.94,339.87
7146,238.4382,1222,2308.48,754.74,15.22,11.76,178.93
7146,238.4382,1193,2012.07,1750.14,19.42,21.65,420.5
7146,238.4382,1195,2814.91,490.64,17.19,12.9,221.81
7152,238.6384,764,3802.55,1349.15,21.99,27.67,608.38
7152,238.6384,1219,2861.48,1712.06,17.54,17.64,309.43
7152,238.6384,1217,1245.76,1644.95,19.93,16.83,335.58
7152,238.6384,1220,1460.3,1677.33,20.23,17.12,346.32
7152,238.6384,1222,2312.11,754.89,15.8,12.14,191.86
7152,238.6384,1193,2012.39,1748.9,19.21,21.06,404.53
7152,238.6384,1195,2815.24,491.71,17.45,13.21,230.56
7158,238.8386,764,3805.02,1348.19,21.89,27.56,603.23
7158,238.8386,1219,2865.19,1711.19,17.43,17.56,306.06
7158,238.8386,1217,1245.47,1645.92,20.26,17.28,350.03
7158,238.8386,1220,1460.65,1679.3,20.29,17.31,351.09
7158,238.8386,1222,2315.48,754.81,15.99,12.19,194.9
7158,238.8386,1193,2013.45,1748.34,19.46,21.03,409.35
7158,238.8386,1195,2815.55,492.49,17.38,13.25,230.32
7164,239.0388,764,3808.07,1346.62,21.46,27.0,579.47
7164,239.0388,1219,2868.48,1710.26,17.46,17.63,307.88
7164,239.0388,1217,1245.54,1646.98,20.13,17.26,347.5
7164,239.0388,1220,1460.62,1681.28,20.61,17.8,366.9
7164,239.0388,1222,2319.13,754.64,16.62,12.58,209.07
7164,239.0388,1193,2014.19,1747.75,19.97,21.27,424.8
7164,239.0388,1195,2815.71,492.73,17.68,13.61,240.63
7164,239.0388,1237,1292.02,1237.01,28.79,24.46,704.14
7170,239.239,764,3810.72,1344.97,21.62,27.35,591.24
7170,239.239,1219,2871.8,1709.05,17.04,17.21,293.18
7170,239.239,1217,1245.89,1648.7,19.96,17.09,341.05
7170,239.239,1220,1460.51,1682.58,20.61,18.07,372.41
7170,239.239,1222,2323.05,754.78,16.92,12.76,215.86
7170,239.239,1193,2014.47,1746.58,20.05,21.09,422.99
7170,239.239,1195,2815.78,493.3,17.57,13.61,239.06
7170,239.239,1237,1294.8,1238.97,27.41,23.26,637.61
7176,239.4392,764,3813.51,1342.99,21.4,27.1,579.99
7176,239.4392,1219,2874.96,1707.74,17.19,17.36,298.39
7176,239.4392,1217,1246.04,1650.63,19.69,16.8,330.81
7176,239.4392,1220,1459.77,1683.32,20.54,18.24,374.67
7176,239.4392,1222,2326.07,755.23,17.01,12.62,214.63
7176,239.4392,1193,2014.72,1745.26,20.38,21.13,430.63
7176,239.4392,1195,2816.31,494.45,17.5,13.65,238.92
7176,239.4392,1237,1297.49,1241.24,27.63,23.45,648.01
7182,239.6394,764,3815.3,1341.57,21.46,27.1,581.46
7182,239.6394,1219,2877.44,1706.66,18.0,18.21,327.7
7182,239.6394,1217,1246.15,1652.34,20.04,17.09,342.44
7182,239.6394,1220,1459.21,1684.13,21.08,19.07,401.94
7182,239.6394,1222,2330.69,755.98,16.69,12.29,205.16
7182,239.6394,1193,2014.66,1744.07,20.31,20.84,423.37
7182,239.6394,1195,2816.27,495.86,17.44,13.69,238.82
7182,239.6394,1237,1300.64,1243.8,27.96,23.77,664.46
7188,239.8396,764,3817.6,1340.16,21.89,27.56,603.24
7188,239.8396,1219,2881.54,1706.04,18.83,18.99,357.56
7188,239.8396,1217,1246.14,1653.09,20.44,17.47,357.05
7188,239.8396,1220,1459.29,1685.32,20.98,19.37,406.51
7188,239.8396,1222,2334.8,756.29,16.45,12.04,198.05
7188,239.8396,1193,2015.07,1742.47,20.35,20.69,421.07
7188,239.8396,1195,2816.99,497.06,16.83,13.24,222.9
7188,239.8396,1237,1302.95,1245.11,28.23,24.04,678.62
7194,240.0398,764,3820.14,1338.53,22.16,27.75,614.76
7194,240.0398,1219,2884.38,1705.52,19.53,19.94,389.3
7194,240.0398,1217,1246.03,1653.57,21.01,18.09,380.13
7194,240.0398,1220,1459.65,1687.01,20.81,19.63,408.48
7194,240.0398,1222,2338.82,756.45,17.04,12.42,211.63
7194,240.0398,1193,2015.55,1741.11,20.63,20.74,427.81
7194,240.0398,1195,2817.81,497.86,16.92,13.4,226.75
7194,240.0398,1237,1305.85,1246.85,28.16,24.02,676.21
7194,240.0398,1242,1544.48,644.83,15.89,17.66,280.63
7200,240.24,764,3822.82,1337.01,22.69,28.07,636.88
7200,240.24,1219,2887.54,1702.57,18.91,19.41,367.09
7200,240.24,1217,1248.94,1653.78,21.19,18.45,390.79
7200,240.24,1220,1460.51,1688.17,20.02,19.23,385.02
7200,240.24,1222,2342.34,756.77,17.24,12.6,217.13
7200,240.24,1193,2015.84,1740.1,20.69,20.51,424.38
7200,240.24,1195,2818.13,498.79,17.0,13.56,230.59
7200,240.24,1237,1309.22,1248.13,27.99,23.96,670.54
7206,240.4402,764,3824.48,1335.24,23.03,28.18,648.87
7206,240.4402,1219,2890.84,1700.35,17.12,17.4,297.81
7206,240.4402,1217,1250.45,1654.45,22.27,19.85,441.86
7206,240.4402,1220,1461.42,1689.75,20.23,19.89,402.46
7206,240.4402,1222,2345.84,756.62,17.32,12.63,218.69
7206,240.4402,1193,2016.35,1738.7,20.82,20.33,423.27
7206,240.4402,1195,2818.06,499.51,17.9,14.43,258.27
7206,240.4402,1237,1313.26,1250.48,28.44,24.33,692.15
7212,240.6404,764,3825.68,1333.57,23.53,28.68,675.01
7212,240.6404,1219,2893.57,1698.71,16.3,16.47,268.51
7212,240.6404,1217,1251.37,1657.37,21.37,19.44,415.5
7212,240.6404,1220,1462.12,1690.58,20.43,20.59,420.66
7212,240.6404,1222,2349.29,756.74,17.63,12.8,225.58
7212,240.6404,1193,2016.65,1736.99,20.32,19.51,396.42
7212,240.6404,1195,2818.43,500.05,18.64,15.33,285.74
7212,240.6404,1246,1553.03,651.75,13.67,16.51,225.56
7218,240.8406,764,3826.67,1331.01,23.32,28.36,661.13
7218,240.8406,1219,2896.18,1696.68,16.11,16.16,260.31
7218,240.8406,1217,1252.19,1658.87,19.95,18.55,370.01
7218,240.8406,1220,1462.63,1690.82,20.1,20.75,417.02
7218,240.8406,1222,2354.01,756.63,17.25,12.37,213.3
7218,240.8406,1193,2017.23,1735.05,20.78,19.66,408.47
7218,240.8406,1195,2818.21,500.45,19.16,16.09,308.24
7218,240.8406,1246,1555.4,652.23,12.93,15.54,200.98
7218,240.8406,1237,1320.47,1253.13,27.99,23.98,671.15
7224,241.0408,764,3827.35,1328.69,22.92,27.89,639.16
7224,241.0408,1219,2899.3,1694.87,16.77,16.74,280.81
7224,241.0408,1217,1253.39,1659.49,18.94,17.97,340.35
7224,241.0408,1220,1463.38,1690.94,19.87,20.94,416.05
7224,241.0408,1222,2357.83,756.81,17.08,12.17,207.81
7224,241.0408,1193,2017.68,1732.96,20.72,19.32,400.3
7224,241.0408,1195,2818.13,501.02,19.96,17.27,344.69
7224,241.0408,1246,1561.31,652.89,12.11,14.3,173.2
7224,241.0408,1237,1323.99,1254.34,28.72,24.72,709.87
7230,241.241,764,3827.95,1326.44,22.37,27.37,612.27
7230,241.241,1219,2902.05,1693.08,17.05,16.74,285.46
7230,241.241,1217,1254.88,1660.0,17.77,17.12,304.14
7230,241.241,1220,1464.75,1690.99,19.52,21.06,411.01
7230,241.241,1222,2361.53,756.85,17.29,12.3,212.65
7230,241.241,1246,1564.17,654.11,11.39,13.23,150.66
7230,241.241,1237,1327.28,1256.58,27.8,23.88,663.87
7230,241.241,1248,2818.6,506.85,14.42,18.31,264.01
7236,241.4412,764,3828.08,1324.36,21.97,26.92,591.33
7236,241.4412,1219,2906.08,1691.46,16.97,16.46,279.34
7236,241.4412,1217,1255.87,1660.14,17.55,17.18,301.49
7236,241.4412,1220,1466.9,1692.94,18.96,20.74,393.37
7236,241.4412,1222,2365.78,756.61,17.23,12.26,211.32
7236,241.4412,1246,1567.12,655.92,11.6,13.33,154.55
7236,241.4412,1237,1331.52,1257.61,27.54,23.61,650.07
7236,241.4412,1248,2818.9,507.29,13.76,17.43,239.76
7242,241.6414,764,3828.15,1322.21,21.43,26.31,563.72
7242,241.6414,1219,2908.64,1689.72,17.22,16.68,287.35
7242,241.6414,1217,1257.43,1660.6,17.52,17.47,306.08
7242,241.6414,1220,1468.23,1694.92,18.4,20.47,376.63
7242,241.6414,1222,2369.84,756.89,17.83,12.66,225.77
7242,241.6414,1246,1570.31,657.09,12.08,13.69,165.41
7242,241.6414,1237,1335.44,1258.72,28.52,24.46,697.65
7242,241.6414,1248,2819.19,507.82,13.0,16.36,212.7
7248,241.8416,764,3828.34,1320.52,21.32,26.26,559.88
7248,241.8416,1219,2911.12,1687.64,17.24,16.68,287.62
7248,241.8416,1217,1259.1,1661.35,17.88,18.15,324.51
7248,241.8416,1220,1469.57,1696.05,18.16,20.58,373.55
7248,241.8416,1222,2373.38,757.3,18.57,13.22,245.64
7248,241.8416,1246,1573.5,658.13,12.0,13.45,161.4
7248,241.8416,1237,1338.91,1260.47,27.84,23.8,662.44
7248,241.8416,1248,2819.25,508.65,11.84,14.7,174.01
7254,242.0418,764,3828.44,1318.45,21.59,26.7,576.39
7254,242.0418,1219,2913.38,1685.29,17.28,16.72,288.93
7254,242.0418,1217,1260.72,1662.03,17.49,17.96,314.13
7254,242.0418,1220,1471.12,1696.44,17.65,20.29,358.09
7254,242.0418,1222,2378.06,757.06,18.17,12.85,233.58
7254,242.0418,1246,1576.92,659.24,11.6,12.78,148.21
7254,242.0418,1237,1342.9,1261.19,27.4,23.4,641.07
7254,242.0418,1248,2819.38,509.52,10.85,13.18,143.03
7260,242.242,764,3828.93,1316.0,21.57,26.89,580.22
7260,242.242,1219,2915.85,1683.48,17.51,17.04,298.41
7260,242.242,1217,1262.54,1662.95,17.64,18.52,326.77
7260,242.242,1220,1472.42,1696.88,17.38,20.21,351.25
7260,242.242,1222,2381.8,757.06,18.15,12.86,233.44
7260,242.242,1246,1579.85,660.15,12.63,13.72,173.21
7260,242.242,1237,1346.91,1262.56,27.71,23.59,653.44
7260,242.242,1248,2819.42,510.57,10.85,12.86,139.48
7266,242.4422,764,3829.28,1313.78,21.44,27.03,579.49
7266,242.4422,1219,2918.53,1682.3,18.53,18.24,337.88
7266,242.4422,1217,1263.84,1664.12,17.52,18.74,328.29
7266,242.4422,1220,1473.85,1697.61,17.47,20.68,361.39
7266,242.4422,1222,2385.42,757.26,18.13,12.88,233.44
7266,242.4422,1246,1582.03,661.83,12.81,13.36,171.13
7266,242.4422,1237,1350.99,1264.48,27.58,23.33,643.36
7266,242.4422,1248,2819.52,511.61,10.88,12.55,136.54
7272,242.6424,764,3829.18,1312.09,20.8,26.26,546.24
7272,242.6424,1219,2921.29,1681.46,19.44,19.54,379.69
7272,242.6424,1217,1264.87,1664.8,16.98,18.44,313.12
7272,242.6424,1220,1475.83,1699.03,17.39,21.01,365.39
7272,242.6424,1222,2388.72,756.89,17.81,12.66,225.45
7272,242.6424,1246,1586.84,663.65,13.22,13.51,178.64
7272,242.6424,1237,1354.44,1266.26,27.12,22.9,620.94
7272,242.6424,1248,2819.69,513.19,11.52,12.98,149.61
7278,242.8426,764,3829.6,1310.35,20.13,25.54,514.11
7278,242.8426,1219,2924.06,1678.58,19.29,19.7,380.18
7278,242.8426,1217,1266.25,1665.41,16.9,18.41,311.08
7278,242.8426,1220,1477.47,1700.63,16.75,20.48,342.92
7278,242.8426,1222,2392.58,756.52,17.61,12.61,222.19
7278,242.8426,1246,1590.05,665.64,13.04,13.3,173.35
7278,242.8426,1237,1358.19,1267.4,27.16,22.75,617.78
7278,242.8426,1248,2820.21,514.68,11.77,12.91,151.93
7284,243.0428,764,3829.84,1308.3,20.32,26.47,537.78
7284,243.0428,1219,2926.09,1676.9,18.45,18.68,344.66
7284,243.0428,1217,1267.56,1666.52,17.43,19.26,335.83
7284,243.0428,1220,1478.95,1702.08,16.65,20.59,342.88
7284,243.0428,1222,2396.26,756.36,17.81,12.75,227.07
7284,243.0428,1246,1592.6,666.89,13.75,13.96,192.02
7284,243.0428,1237,1361.61,1268.8,27.21,22.64,616.04
7284,243.0428,1248,2820.36,515.15,12.25,13.12,160.67
7290,243.243,764,3830.07,1305.88,19.87,26.9,534.41
7290,243.243,1219,2929.96,1675.45,18.17,18.27,332.03
7290,243.243,1217,1269.32,1668.42,18.66,21.13,394.24
7290,243.243,1220,1480.45,1702.8,16.73,21.03,351.9
7290,243.243,1222,2401.21,756.81,18.18,12.86,233.84
7290,243.243,1246,1595.69,667.58,14.15,14.3,202.36
7290,243.243,1237,1365.26,1269.82,27.38,22.66,620.45
7290,243.243,1248,2820.68,515.81,13.53,14.28,193.18
7296,243.4432,764,3830.31,1303.34,19.38,26.68,516.91
7296,243.4432,1219,2932.03,1673.46,18.12,18.33,332.09
7296,243.4432,1217,1270.76,1669.66,18.15,20.9,379.26
7296,243.4432,1220,1482.29,1704.58,17.02,21.76,370.34
7296,243.4432,1222,2404.4,757.31,18.21,12.96,236.01
7296,243.4432,1246,1598.62,668.04,14.76,14.94,220.5
7296,243.4432,1237,1369.25,1271.11,26.97,22.3,601.51
7296,243.4432,1248,2821.06,517.32,13.36,13.93,186.0
7302,243.6434,764,3830.9,1301.09,18.2,25.12,457.22
7302,243.6434,1219,2934.93,1671.35,17.96,18.38,330.19
7302,243.6434,1217,1272.51,1670.31,17.81,20.75,369.49
7302,243.6434,1220,1483.9,1705.41,16.95,21.75,368.59
7302,243.6434,1222,2408.37,757.2,18.35,13.1,240.38
7302,243.6434,1246,1602.1,669.12,14.21,14.26,202.56
7302,243.6434,1237,1373.56,1272.87,27.56,22.67,624.87
7302,243.6434,1248,2821.79,519.53,13.78,14.24,196.15
7308,243.8436,764,3831.27,1299.08,17.26,23.46,404.99
7308,243.8436,1219,2937.56,1669.82,18.1,18.77,339.65
7308,243.8436,1217,1273.25,1671.05,16.79,19.61,329.13
7308,243.8436,1220,1485.4,1706.56,16.9,21.37,361.04
7308,243.8436,1222,2412.37,756.49,17.94,12.82,229.9
7308,243.8436,1246,1605.7,670.88,14.02,13.93,195.33
7308,243.8436,1248,2822.34,521.05,13.87,14.22,197.18
7314,244.0438,764,3831.65,1296.52,16.69,23.69,395.49
7314,244.0438,1219,2940.72,1668.32,17.74,18.62,330.25
7314,244.0438,1217,1274.64,1672.16,17.12,20.29,347.28
7314,244.0438,1220,1489.18,1708.36,16.78,20.87,350.28
7314,244.0438,1222,2415.81,756.06,17.95,12.87,230.97
7314,244.0438,1246,1609.09,673.13,14.03,13.88,194.81
7314,244.0438,1248,2822.97,521.97,13.97,14.21,198.49
7314,244.0438,1252,2033.92,2153.37,13.79,12.95,178.57
7314,244.0438,1237,1380.27,1275.14,27.32,22.41,612.37
7320,244.244,764,3832.19,1293.42,15.63,23.2,362.53
7320,244.244,1219,2943.57,1667.13,17.88,19.05,340.53
7320,244.244,1217,1275.76,1673.47,16.75,20.1,336.53
7320,244.244,1220,1491.35,1710.43,16.84,20.97,353.05
7320,244.244,1222,2419.47,755.33,18.59,13.46,250.2
7320,244.244,1246,1612.07,674.27,13.73,13.49,185.32
7320,244.244,1248,2823.27,522.77,14.3,14.52,207.6
7320,244.244,1252,2034.88,2153.2,14.4,13.53,194.8
7320,244.244,1237,1383.64,1276.78,27.86,22.71,632.67
7326,244.4442,764,3832.71,1290.84,14.58,22.75,331.75
7326,244.4442,1219,2946.67,1665.42,17.83,19.26,343.43
7326,244.4442,1217,1277.12,1675.25,16.31,19.85,323.7
7326,244.4442,1220,1492.54,1712.92,16.52,20.7,341.85
7326,244.4442,1222,2422.47,754.91,18.23,13.03,237.56
7326,244.4442,1246,1615.33,675.65,13.89,13.48,187.29
7326,244.4442,1248,2823.51,523.78,14.78,15.13,223.53
7326,244.4442,1252,2037.09,2152.54,15.85,14.92,236.41
7326,244.4442,1237,1387.8,1278.18,27.63,22.39,618.44
7332,244.6444,764,3833.36,1288.5,13.29,20.88,277.41
7332,244.6444,1219,2949.0,1663.73,17.65,19.07,336.55
7332,244.6444,1217,1279.11,1677.67,16.89,20.75,350.45
7332,244.6444,1220,1493.9,1714.64,16.47,20.78,342.32
7332,244.6444,1222,2427.29,755.22,17.84,12.76,227.68
7332,244.6444,1246,1618.06,676.99,14.21,13.81,196.25
7332,244.6444,1248,2824.12,524.85,16.1,16.79,270.39
7332,244.6444,1252,2038.45,2152.29,16.36,15.43,252.41
7332,244.6444,1237,1391.47,1279.38,27.3,21.97,599.92
7338,244.8446,764,3833.89,1286.07,12.22,18.49,225.98
7338,244.8446,1219,2953.55,1662.28,17.65,18.87,333.05
7338,244.8446,1217,1279.59,1679.92,16.02,19.82,317.47
7338,244.8446,1220,1495.23,1715.62,15.93,20.16,321.16
7338,244.8446,1222,2431.31,755.71,17.43,12.49,217.63
7338,244.8446,1246,1620.93,678.16,13.87,13.28,184.23
7338,244.8446,1248,2825.37,525.7,17.13,18.33,313.89
7338,244.8446,1252,2039.96,2151.78,17.3,16.44,284.39
7338,244.8446,1237,1395.32,1281.03,27.32,21.8,595.76
7344,245.0448,764,3833.95,1284.03,12.1,18.45,223.23
7344,245.0448,1219,2955.82,1661.16,17.65,18.94,334.25
7344,245.0448,1217,1280.33,1681.99,16.18,20.21,327.06
7344,245.0448,1220,1496.96,1717.31,15.96,20.35,324.79
7344,245.0448,1222,2435.37,755.56,17.65,12.66,223.48
7344,245.0448,1246,1623.66,679.69,14.04,13.4,188.16
7344,245.0448,1248,2826.22,529.16,17.12,18.76,321.18
7344,245.0448,1252,2041.28,2151.34,18.03,17.32,312.22
7344,245.0448,1237,1397.92,1282.58,28.21,22.51,634.82
7344,245.0448,1257,2017.32,1708.17,26.46,18.55,490.87
7350,245.245,764,3834.09,1282.17,11.81,17.64,208.33
7350,245.245,1219,2957.96,1659.35,17.6,19.12,336.41
7350,245.245,1217,1280.47,1683.36,15.91,20.01,318.45
7350,245.245,1220,1498.43,1719.88,16.21,20.81,337.36
7350,245.245,1222,2438.97,755.09,18.29,13.15,240.51
7350,245.245,1248,2826.64,531.16,15.93,17.66,281.42
7350,245.245,1252,2042.0,2150.72,19.07,18.56,353.89
7350,245.245,1237,1400.64,1284.15,29.05,23.22,674.6
7350,245.245,1257,2016.98,1707.52,25.58,17.94,458.97
7356,245.4452,764,3834.17,1280.56,11.63,17.04,198.13
7356,245.4452,1219,2960.57,1658.06,17.67,19.49,344.29
7356,245.4452,1217,1280.94,1684.96,15.92,20.2,321.53
7356,245.4452,1220,1500.81,1722.4,15.92,20.49,326.35
7356,245.4452,1222,2442.4,754.47,18.34,13.24,242.92
7356,245.4452,1248,2826.75,532.72,14.76,16.48,243.26
7356,245.4452,1252,2044.03,2148.35,18.09,17.78,321.52
7356,245.4452,1257,2016.03,1706.86,26.14,18.37,480.32
7362,245.6454,1219,2963.07,1657.33,17.96,20.16,362.05
7362,245.6454,1217,1281.58,1686.19,15.71,20.12,316.09
7362,245.6454,1220,1502.35,1724.23,15.56,20.09,312.74
7362,245.6454,1222,2445.43,753.84,18.52,13.4,248.16
7362,245.6454,1248,2827.06,534.16,13.96,15.53,216.72
7362,245.6454,1252,2044.97,2146.69,16.98,16.82,285.63
7362,245.6454,1257,2014.76,1706.71,26.15,18.41,481.47
7362,245.6454,1246,1630.32,683.6,14.63,13.37,195.68
7362,245.6454,1237,1407.0,1287.47,28.11,22.33,627.68
7368,245.8456,1219,2965.64,1655.18,18.5,21.18,391.71
7368,245.8456,1217,1282.46,1688.41,15.24,19.65,299.57
7368,245.8456,1220,1503.33,1725.94,15.51,20.08,311.47
7368,245.8456,1222,2449.57,753.34,18.17,12.95,235.27
7368,245.8456,1248,2827.16,535.78,13.98,15.54,217.21
7368,245.8456,1252,2045.36,2145.77,17.12,17.19,294.25
7368,245.8456,1257,2013.78,1706.88,25.66,18.1,464.38
7368,245.8456,1237,1410.32,1288.9,27.8,22.04,612.68
7374,246.0458,1219,2967.93,1653.89,17.77,20.59,366.0
7374,246.0458,1217,1283.02,1691.08,15.54,20.18,313.51
7374,246.0458,1220,1504.67,1727.63,15.74,20.4,321.12
7374,246.0458,1222,2452.46,753.45,17.67,12.58,222.38
7374,246.0458,1248,2827.52,537.54,14.1,15.58,219.75
7374,246.0458,1252,2045.8,2144.72,17.25,17.67,304.81
7374,246.0458,1257,2013.19,1706.93,25.54,18.05,461.15
7374,246.0458,1237,1413.26,1289.75,28.03,22.11,619.69
7374,246.0458,1246,1636.3,686.12,14.95,13.63,203.72
7380,246.246,1219,2970.28,1652.26,16.74,19.57,327.72
7380,246.246,1217,1283.44,1693.26,15.4,20.18,310.79
7380,246.246,1220,1506.08,1729.08,15.65,20.33,318.06
7380,246.246,1222,2455.68,753.62,17.63,12.58,221.71
7380,246.246,1248,2827.93,539.3,14.16,15.44,218.72
7380,246.246,1252,2046.44,2143.66,16.67,17.41,290.32
7380,246.246,1257,2012.72,1706.71,27.33,19.44,531.1
7380,246.246,1237,1415.38,1291.39,27.9,21.84,609.31
7386,246.4462,1219,2972.15,1650.37,16.27,19.09,310.63
7386,246.4462,1217,1283.64,1695.14,15.44,20.4,314.98
7386,246.4462,1220,1507.32,1730.6,15.82,20.56,325.28
7386,246.4462,1222,2458.97,753.82,17.2,12.28,211.23
7386,246.4462,1248,2828.18,541.44,14.16,15.19,215.17
7386,246.4462,1252,2046.76,2142.64,16.8,17.95,301.58
7386,246.4462,1257,2011.18,1707.26,26.43,18.81,497.22
7392,246.6464,1219,2973.35,1649.16,16.05,18.65,299.4
7392,246.6464,1217,1283.68,1696.87,15.13,20.04,303.31
7392,246.6464,1220,1508.69,1732.62,16.04,20.77,333.23
7392,246.6464,1222,2462.44,753.66,17.54,12.53,219.66
7392,246.6464,1248,2828.88,543.66,14.55,15.22,221.39
7392,246.6464,1252,2047.29,2141.67,16.63,18.16,302.06
7392,246.6464,1257,2009.41,1707.17,25.4,18.1,459.79
7398,246.8466,1219,2974.51,1647.79,16.66,19.0,316.69
7398,246.8466,1217,1283.6,1698.37,14.73,19.64,289.28
7398,246.8466,1220,1510.25,1735.34,15.95,20.64,329.22
7398,246.8466,1222,2465.71,753.18,17.97,12.86,231.11
7398,246.8466,1248,2829.28,545.11,14.82,15.09,223.68
7398,246.8466,1252,2047.73,2140.79,16.36,18.19,297.58
7398,246.8466,1257,2007.77,1707.09,25.58,18.28,467.65
7398,246.8466,1246,1646.45,691.66,16.34,15.21,248.55
7404,247.0468,1219,2978.51,1646.08,16.86,19.19,323.55
7404,247.0468,1217,1284.0,1700.36,14.72,19.72,290.38
7404,247.0468,1220,1512.4,1737.79,15.98,20.76,331.62
7404,247.0468,1222,2468.84,752.41,18.05,12.97,234.11
7404,247.0468,1248,2833.14,546.63,15.32,15.3,234.4
7404,247.0468,1252,2048.39,2139.43,16.12,18.32,295.32
7404,247.0468,1257,2006.86,1706.91,25.59,18.35,469.59
7404,247.0468,1246,1649.08,692.28,16.61,15.65,259.99
7410,247.247,1219,2981.06,1644.01,16.71,19.23,321.22
7410,247.247,1217,1285.17,1702.17,15.08,20.36,306.95
7410,247.247,1220,1514.17,1738.87,16.15,20.95,338.24
7410,247.247,1222,2471.15,751.96,18.05,12.72,229.59
7410,247.247,1248,2834.78,548.08,15.94,15.77,251.3
7410,247.247,1252,2049.38,2138.39,16.32,19.09,311.59
7410,247.247,1257,2006.36,1706.74,25.78,18.6,479.5
7416,247.4472,1219,2983.67,1642.5,15.96,18.43,294.14
7416,247.4472,1217,1286.08,1703.19,15.51,21.21,328.87
7416,247.4472,1220,1515.79,1740.11,15.82,20.35,321.77
7416,247.4472,1222,2475.54,752.1,18.34,12.96,237.57
7416,247.4472,1248,2835.58,549.28,17.4,17.34,301.71
7416,247.4472,1252,2050.33,2137.55,16.89,20.32,343.25
7416,247.4472,1257,2005.56,1707.17,25.52,18.48,471.69
7416,247.4472,1237,1434.1,1298.69,27.1,20.83,564.31
7416,247.4472,1246,1653.46,693.24,18.13,17.13,310.61
7422,247.6474,1219,2985.99,1640.91,16.22,18.79,304.81
7422,247.6474,1217,1286.51,1705.58,15.0,20.66,309.92
7422,247.6474,1220,1517.39,1741.23,15.68,19.93,312.45
7422,247.6474,1222,2479.56,751.72,17.76,12.55,222.85
7422,247.6474,1248,2836.37,549.83,17.92,18.16,325.33
7422,247.6474,1252,2051.07,2134.73,16.12,19.84,319.78
7422,247.6474,1257,2004.29,1707.53,25.45,18.53,471.51
7422,247.6474,1237,1436.59,1299.58,28.08,21.49,603.36
7422,247.6474,1246,1657.83,693.68,19.04,18.12,345.0
7428,247.8476,1219,2988.7,1638.83,16.14,18.84,304.15
7428,247.8476,1217,1287.58,1707.64,14.93,20.78,310.29
7428,247.8476,1220,1519.43,1742.88,15.52,19.53,303.06
7428,247.8476,1222,2483.38,751.15,17.68,12.49,220.95
7428,247.8476,1248,2836.84,553.26,18.3,18.93,346.43
7428,247.8476,1252,2052.35,2133.37,15.22,19.07,290.18
7428,247.8476,1257,2003.43,1707.63,25.3,18.51,468.11
7428,247.8476,1246,1660.56,697.98,17.67,17.05,301.27
7434,248.0478,1219,2991.53,1636.97,15.92,18.67,297.3
7434,248.0478,1217,1288.62,1709.2,14.67,20.51,300.9
7434,248.0478,1220,1521.78,1745.24,15.47,19.28,298.24
7434,248.0478,1222,2487.18,750.89,17.66,12.48,220.42
7434,248.0478,1248,2837.45,555.32,16.86,17.73,298.89
7434,248.0478,1252,2053.74,2132.04,14.24,18.02,256.62
7434,248.0478,1257,2002.98,1707.71,24.84,18.24,453.21
7434,248.0478,1246,1663.87,700.3,15.86,15.33,243.06
7440,248.248,1219,2994.03,1635.38,16.0,18.8,300.72
7440,248.248,1217,1289.91,1710.92,14.54,20.41,296.77
7440,248.248,1220,1524.14,1747.61,15.48,19.02,294.51
7440,248.248,1222,2490.93,751.0,18.1,12.81,231.95
7440,248.248,1248,2838.65,556.95,14.92,15.78,235.5
7440,248.248,1252,2055.03,2131.15,13.47,17.23,232.18
7440,248.248,1257,2002.5,1707.85,25.07,18.54,464.95
7440,248.248,1246,1667.07,701.68,14.42,13.68,197.2
7440,248.248,1237,1446.08,1302.82,27.46,20.81,571.54
7446,248.4482,1219,2996.58,1633.65,15.99,18.95,302.93
7446,248.4482,1217,1291.22,1712.72,14.39,20.08,288.99
7446,248.4482,1220,1526.61,1749.18,15.29,18.4,281.24
7446,248.4482,1222,2494.4,751.01,18.07,12.59,227.45
7446,248.4482,1248,2839.85,558.23,14.19,14.98,212.62
7446,248.4482,1252,2056.49,2129.78,13.41,17.27,231.65
7446,248.4482,1257,2002.29,1707.93,24.83,18.52,459.84
7446,248.4482,1246,1669.93,702.29,13.87,12.98,180.03
7446,248.4482,1237,1450.45,1303.34,27.81,20.95,582.41
7452,248.6484,1219,2999.36,1631.67,16.12,19.23,309.85
7452,248.6484,1217,1292.08,1714.96,14.74,20.37,300.19
7452,248.6484,1220,1529.06,1750.34,16.29,19.46,317.14
7452,248.6484,1222,2498.92,750.93,18.23,12.74,232.19
7452,248.6484,1248,2840.93,559.5,14.38,15.32,220.32
7452,248.6484,1252,2057.68,2128.54,13.4,17.38,232.92
7452,248.6484,1257,2001.62,1708.45,24.98,18.71,467.41
7452,248.6484,1246,1673.25,702.76,14.43,13.41,193.53
7458,248.8486,1219,3001.81,1629.32,15.78,18.93,298.72
7458,248.8486,1217,1292.96,1716.94,15.16,20.57,311.94
7458,248.8486,1220,1531.89,1753.11,16.98,20.22,343.31
7458,248.8486,1222,2502.82,750.52,17.94,12.58,225.75
7458,248.8486,1248,2841.76,561.28,14.59,15.69,228.83
7458,248.8486,1252,2058.62,2126.62,13.29,17.25,229.28
7458,248.8486,1257,2001.22,1708.85,24.53,18.43,451.97
7458,248.8486,1246,1676.09,703.83,14.28,13.07,186.68
7458,248.8486,1237,1457.6,1305.76,29.2,22.01,642.75
7464,249.0488,1219,3004.43,1627.52,15.72,18.93,297.51
7464,249.0488,1217,1297.06,1718.22,15.24,20.17,307.34
7464,249.0488,1220,1534.01,1754.52,16.92,19.71,333.42
7464,249.0488,1222,2506.97,749.8,18.39,12.96,238.27
7464,249.0488,1248,2843.1,562.76,14.76,16.02,236.45
7464,249.0488,1252,2059.57,2124.43,13.25,16.94,224.42
7464,249.0488,1257,2001.16,1709.12,25.01,18.91,472.86
7464,249.0488,1246,1681.29,704.8,14.59,12.87,187.77
7464,249.0488,1237,1461.63,1306.17,28.24,21.2,598.65
7470,249.249,1219,3006.77,1625.57,15.68,18.88,296.18
7470,249.249,1217,1299.12,1719.94,15.0,19.55,293.18
7470,249.249,1220,1537.89,1755.47,16.21,18.52,300.23
7470,249.249,1222,2510.87,749.42,18.59,13.2,245.34
7470,249.249,1248,2844.13,564.65,14.61,16.06,234.65
7470,249.249,1252,2060.4,2122.94,13.61,17.02,231.69
7470,249.249,1257,2001.03,1709.48,25.2,19.17,482.99
7470,249.249,1246,1684.34,706.86,14.15,12.32,174.38
7476,249.4492,1219,3009.47,1623.45,15.73,19.07,299.99
7476,249.4492,1217,1300.47,1721.38,15.19,19.85,301.47
7476,249.4492,1220,1541.03,1756.4,15.16,16.8,254.68
7476,249.4492,1222,2514.6,749.58,18.23,12.99,236.83
7476,249.4492,1248,2845.95,566.52,14.16,15.65,221.47
7476,249.4492,1252,2065.09,2121.72,13.66,16.46,224.81
7476,249.4492,1257,2001.02,1709.39,24.7,18.89,466.52
7476,249.4492,1246,1688.14,708.85,14.95,12.9,192.94
7476,249.4492,1237,1470.28,1308.13,30.37,22.9,695.49
7482,249.6494,1219,3011.97,1621.26,15.85,19.37,307.08
7482,249.6494,1217,1301.79,1723.04,14.98,19.76,295.97
7482,249.6494,1220,1543.9,1757.38,14.74,15.9,234.5
7482,249.6494,1222,2517.99,749.51,18.56,13.15,244.03
7482,249.6494,1248,2847.16,568.2,13.9,15.55,216.05
7482,249.6494,1252,2067.02,2120.42,14.37,16.96,243.8
7482,249.6494,1257,2000.33,1709.67,24.52,18.86,462.31
7482,249.6494,1246,1691.2,710.41,14.59,12.52,182.68
7488,249.8496,1219,3014.33,1619.12,15.65,19.15,299.67
7488,249.8496,1217,1303.26,1724.29,14.83,19.7,292.12
7488,249.8496,1220,1547.05,1757.91,14.46,15.01,217.09
7488,249.8496,1222,2522.71,749.12,19.17,13.7,262.56
7488,249.8496,1248,2848.09,570.27,13.94,15.84,220.87
7488,249.8496,1252,2068.45,2118.93,14.41,16.91,243.63
7488,249.8496,1257,2000.04,1709.69,25.62,19.86,508.8
7488,249.8496,1246,1694.32,710.78,15.2,13.11,199.2
7494,250.0498,1219,3016.38,1616.47,15.5,18.95,293.72
7494,250.0498,1217,1304.86,1725.22,14.68,19.57,287.23
7494,250.0498,1220,1549.88,1758.03,14.97,15.14,226.72
7494,250.0498,1222,2526.54,748.86,19.51,14.14,275.92
7494,250.0498,1248,2849.39,571.75,13.67,15.8,215.97
7494,250.0498,1252,2069.09,2116.43,14.57,17.09,249.08
7494,250.0498,1257,1999.34,1709.65,24.98,19.52,487.53
7494,250.0498,1246,1697.56,710.6,14.68,12.62,185.25
7494,250.0498,1237,1481.29,1309.17,30.11,22.73,684.36
7500,250.25,1219,3018.45,1613.59,15.35,18.8,288.64
7500,250.25,1217,1306.4,1726.31,14.75,19.93,294.03
7500,250.25,1220,1553.18,1758.6,15.66,15.56,243.63
7500,250.25,1222,2530.28,748.42,20.28,14.99,303.96
7500,250.25,1248,2850.65,573.22,13.83,16.21,224.3
7500,250.25,1252,2069.68,2114.53,15.57,18.59,289.53
7500,250.25,1257,1998.98,1709.37,24.82,19.64,487.37
7500,250.25,1246,1700.67,711.08,14.65,12.35,180.93
7506,250.4502,1219,3020.16,1610.87,15.47,18.93,292.72
7506,250.4502,1217,1308.16,1727.07,15.27,20.87,318.72
7506,250.4502,1220,1556.4,1759.23,16.32,15.91,259.77
7506,250.4502,1222,2534.06,747.75,21.55,16.32,351.81
7506,250.4502,1248,2851.76,574.49,13.68,16.24,222.13
7506,250.4502,1252,2070.32,2110.77,15.54,18.94,294.48
7506,250.4502,1257,1998.61,1709.25,26.17,21.0,549.63
7506,250.4502,1246,1704.62,712.71,15.74,13.42,211.13
7512,250.6504,1219,3021.27,1609.18,16.67,20.4,339.89
7512,250.6504,1217,1309.65,1728.95,15.46,21.4,330.98
7512,250.6504,1220,1558.78,1759.82,16.51,15.6,257.57
7512,250.6504,1222,2537.79,747.12,22.58,17.6,397.35
7512,250.6504,1248,2852.75,576.26,13.76,16.52,227.31
7512,250.6504,1252,2071.07,2108.68,14.58,17.92,261.19
7512,250.6504,1257,1997.79,1709.16,25.22,20.45,515.84
7512,250.6504,1246,1708.36,713.87,15.05,12.88,193.89
7512,250.6504,1237,1493.39,1310.8,30.64,23.17,709.88
7518,250.8506,1219,3022.4,1606.32,16.73,20.08,335.9
7518,250.8506,1217,1311.11,1729.96,14.99,20.92,313.68
7518,250.8506,1220,1562.06,1759.82,16.36,15.12,247.4
7518,250.8506,1222,2540.98,746.67,23.1,18.5,427.36
7518,250.8506,1248,2853.38,578.07,13.32,16.06,213.9
7518,250.8506,1252,2071.93,2106.68,14.01,17.37,243.36
7518,250.8506,1257,1996.89,1709.12,25.16,20.64,519.35
7518,250.8506,1246,1711.72,714.19,15.1,12.86,194.2
7518,250.8506,1273,2540.1,741.22,16.48,18.43,303.78
7518,250.8506,1237,1496.81,1310.75,29.09,21.96,638.73
7524,251.0508,1219,3026.32,1603.71,16.12,19.11,308.02
7524,251.0508,1217,1312.92,1730.73,14.24,19.97,284.31
7524,251.0508,1220,1565.19,1759.95,16.38,14.86,243.34
7524,251.0508,1222,2545.44,746.64,22.94,18.58,426.3
7524,251.0508,1248,2855.13,579.95,13.26,16.04,212.59
7524,251.0508,1252,2073.35,2105.24,13.76,17.28,237.9
7524,251.0508,1257,1996.47,1709.51,25.19,20.99,528.66
7524,251.0508,1246,1715.17,714.9,15.51,13.27,205.75
7524,251.0508,1273,2544.58,741.39,16.85,18.77,316.3
7530,251.251,1219,3028.51,1601.35,15.87,18.87,299.42
7530,251.251,1217,1314.64,1732.09,14.13,19.86,280.63
7530,251.251,1220,1568.19,1760.08,16.88,15.0,253.27
7530,251.251,1222,2549.03,746.51,22.7,18.85,427.87
7530,251.251,1248,2856.29,581.94,13.14,16.04,210.73
7530,251.251,1252,2074.44,2104.26,13.3,16.78,223.18
7530,251.251,1257,1996.21,1710.01,24.93,21.05,524.65
7530,251.251,1246,1718.28,715.51,16.36,14.16,231.67
7530,251.251,1273,2548.49,741.3,16.7,18.6,310.73
7536,251.4512,1219,3030.15,1598.99,15.55,18.45,287.02
7536,251.4512,1217,1316.1,1733.32,14.3,20.02,286.36
7536,251.4512,1220,1570.81,1759.95,17.12,14.96,256.02
7536,251.4512,1248,2857.23,583.75,12.96,15.91,206.24
7536,251.4512,1252,2075.25,2101.87,13.02,16.54,215.31
7536,251.4512,1257,1995.63,1710.35,24.86,21.36,530.94
7536,251.4512,1246,1721.63,715.94,17.03,14.93,254.3
7536,251.4512,1273,2552.18,741.08,16.35,18.17,296.99
7542,251.6514,1219,3031.8,1596.55,15.21,18.0,273.76
7542,251.6514,1217,1317.8,1733.93,14.28,20.03,286.05
7542,251.6514,1220,1573.69,1760.44,17.58,15.12,265.81
7542,251.6514,1248,2858.17,585.0,13.64,17.0,231.87
7542,251.6514,1252,2075.99,2099.28,13.16,16.79,221.02
7542,251.6514,1257,1994.82,1710.57,25.21,21.99,554.4
7542,251.6514,1246,1724.38,716.24,17.55,15.56,273.08
7542,251.6514,1273,2555.66,740.61,15.58,17.22,268.44
7548,251.8516,1219,3032.89,1593.66,15.6,18.49,288.48
7548,251.8516,1217,1319.22,1734.53,14.09,19.79,278.88
7548,251.8516,1220,1576.13,1760.65,17.84,15.15,270.2
7548,251.8516,1248,2858.79,585.89,14.4,18.29,263.36
7548,251.8516,1252,2076.4,2096.18,12.97,16.65,215.95
7548,251.8516,1257,1993.66,1710.43,24.59,21.7,533.76
7548,251.8516,1246,1726.52,716.65,18.61,16.43,305.85
7548,251.8516,1273,2558.7,740.1,14.82,16.2,240.14
7554,252.0518,1219,3034.12,1590.62,15.95,19.0,303.01
7554,252.0518,1217,1320.35,1735.55,13.88,19.48,270.37
7554,252.0518,1220,1578.9,1760.7,18.27,15.33,280.0
7554,252.0518,1248,2860.43,588.3,13.77,17.3,238.21
7554,252.0518,1252,2077.08,2093.51,13.07,16.87,220.48
7554,252.0518,1257,1992.89,1710.4,24.58,21.89,538.11
7554,252.0518,1246,1731.06,716.86,18.89,16.92,319.68
7554,252.0518,1273,2561.58,739.71,14.34,15.42,221.1
7560,252.252,1219,3035.51,1587.9,15.66,18.72,293.17
7560,252.252,1217,1321.75,1737.05,14.26,20.04,285.71
7560,252.252,1220,1581.73,1760.8,18.81,15.62,293.94
7560,252.252,1248,2860.99,590.26,13.31,16.52,219.93
7560,252.252,1252,2077.79,2091.67,12.95,16.7,216.24
7560,252.252,1257,1991.46,1710.57,23.87,21.39,510.69
7560,252.252,1246,1733.9,717.39,19.59,18.06,353.8
7560,252.252,1273,2564.87,739.02,13.41,14.05,188.37
7566,252.4522,1219,3037.6,1586.2,15.79,18.87,297.86
7566,252.4522,1217,1323.47,1738.54,14.81,20.98,310.66
7566,252.4522,1220,1585.02,1760.72,18.91,15.47,292.66
7566,252.4522,1248,2861.89,592.29,12.82,15.93,204.31
7566,252.4522,1252,2078.99,2090.46,13.59,17.7,240.49
7566,252.4522,1257,1990.9,1711.27,24.21,21.93,530.78
7566,252.4522,1246,1737.26,721.21,19.26,18.13,349.32
7566,252.4522,1273,2569.22,738.78,13.48,13.58,183.04
7572,252.6524,1219,3039.96,1584.73,15.91,19.03,302.74
7572,252.6524,1217,1325.13,1740.06,14.47,20.57,297.54
7572,252.6524,1220,1587.83,1760.71,18.64,15.14,282.29
7572,252.6524,1248,2862.86,594.93,12.97,16.29,211.4
7572,252.6524,1252,2080.24,2089.74,14.13,18.67,263.8
7572,252.6524,1257,1990.42,1712.43,24.42,22.46,548.41
7572,252.6524,1246,1741.89,722.4,16.18,14.67,237.36
7572,252.6524,1273,2572.34,738.92,13.96,13.85,193.35
7578,252.8526,1219,3042.14,1583.06,15.89,19.1,303.6
7578,252.8526,1217,1326.48,1741.68,13.85,19.67,272.27
7578,252.8526,1220,1590.54,1760.87,18.64,15.08,281.03
7578,252.8526,1248,2864.02,596.94,13.64,17.46,238.19
7578,252.8526,1252,2081.21,2086.74,14.73,19.7,290.12
7578,252.8526,1257,1990.2,1713.81,24.98,23.4,584.62
7578,252.8526,1246,1744.75,723.06,15.62,14.14,220.84
7578,252.8526,1273,2576.22,738.77,13.99,13.58,189.93
7584,253.0528,1219,3044.59,1580.82,15.87,19.08,302.88
7584,253.0528,1217,1327.84,1743.11,14.04,19.85,278.61
7584,253.0528,1220,1593.86,1761.25,19.0,15.28,290.37
7584,253.0528,1248,2865.44,597.85,14.01,18.28,256.14
7584,253.0528,1252,2081.92,2084.78,13.74,18.43,253.13
7584,253.0528,1257,1989.89,1714.9,24.36,23.22,565.66
7584,253.0528,1246,1748.03,724.29,14.51,13.0,188.71
7584,253.0528,1273,2580.04,738.45,13.91,13.14,182.73
7590,253.253,1219,3046.57,1578.26,16.08,19.38,311.63
7590,253.253,1217,1328.72,1744.4,14.37,20.41,293.29
7590,253.253,1220,1596.94,1761.88,18.95,15.11,286.28
7590,253.253,1248,2866.48,601.3,14.31,19.16,274.2
7590,253.253,1252,2082.65,2083.06,12.78,16.99,217.12
7590,253.253,1257,1989.67,1715.33,23.88,23.15,552.82
7590,253.253,1246,1751.36,725.47,14.16,12.53,177.44
7590,253.253,1273,2583.16,738.15,13.73,12.65,173.69
7596,253.4532,1219,3048.04,1575.84,15.89,19.19,304.93
7596,253.4532,1217,1330.06,1746.05,14.32,20.35,291.41
7596,253.4532,1220,1599.91,1762.59,18.85,14.92,281.17
7596,253.4532,1248,2867.91,603.31,13.4,18.17,243.56
7596,253.4532,1252,2083.26,2081.24,13.01,17.15,223.06
7596,253.4532,1257,1989.4,1715.9,23.57,23.3,549.09
7596,253.4532,1246,1754.32,725.99,14.28,12.58,179.63
7596,253.4532,1273,2586.41,737.78,13.96,12.59,175.8
7602,253.6534,1219,3049.62,1573.77,16.38,20.03,328.08
7602,253.6534,1217,1331.32,1747.97,13.87,19.66,272.7
7602,253.6534,1220,1602.63,1763.45,19.43,15.34,298.17
7602,253.6534,1248,2868.86,605.13,12.55,17.08,214.45
7602,253.6534,1252,2083.6,2079.94,12.77,16.54,211.13
7602,253.6534,1257,1989.1,1716.88,23.69,23.92,566.79
7602,253.6534,1246,1757.27,726.48,15.11,13.3,201.08
7602,253.6534,1273,2589.7,737.07,14.65,12.85,188.23
7608,253.8536,1219,3052.14,1571.64,16.31,20.08,327.58
7608,253.8536,1217,1332.78,1749.79,14.04,19.86,278.86
7608,253.8536,1220,1605.32,1763.83,19.54,15.47,302.17
7608,253.8536,1248,2870.36,606.88,11.93,16.27,194.17
7608,253.8536,1252,2084.14,2078.11,12.85,16.19,208.05
7608,253.8536,1257,1988.75,1718.43,23.62,24.3,574.15
7608,253.8536,1246,1759.95,727.05,15.06,13.27,199.88
7608,253.8536,1273,2594.19,736.45,14.61,12.48,182.38
7614,254.0538,1219,3054.27,1570.34,16.05,19.78,317.46
7614,254.0538,1217,1334.03,1752.53,14.76,21.02,310.29
7614,254.0538,1220,1609.02,1763.8,19.2,15.01,288.29
7614,254.0538,1248,2872.02,609.26,11.93,16.34,194.92
7614,254.0538,1252,2084.95,2077.0,13.38,16.27,217.68
7614,254.0538,1257,1988.82,1720.05,23.07,24.19,557.88
7614,254.0538,1246,1763.37,727.85,14.89,13.02,193.85
7614,254.0538,1273,2597.97,736.07,15.25,12.85,196.01
7614,254.0538,1287,2086.38,2074.87,12.96,21.73,281.62
7620,254.254,1219,3056.7,1568.83,15.94,19.74,314.64
7620,254.254,1217,1335.03,1754.18,14.2,20.25,287.53
7620,254.254,1220,1611.69,1764.25,19.21,15.0,288.17
7620,254.254,1248,2873.07,611.37,11.9,16.34,194.39
7620,254.254,1257,1989.02,1722.23,22.73,24.23,550.76
7620,254.254,1246,1767.12,729.4,14.83,12.95,191.96
7620,254.254,1273,2601.58,735.67,15.64,13.04,203.91
7620,254.254,1287,2087.07,2074.34,12.35,20.67,255.29
7620,254.254,1288,1556.86,1314.42,29.37,20.82,611.48
7626,254.4542,1219,3058.92,1566.68,16.26,20.32,330.5
7626,254.4542,1217,1336.09,1755.14,13.78,19.52,268.98
7626,254.4542,1220,1614.49,1764.51,19.32,15.13,292.41
7626,254.4542,1248,2874.23,613.06,11.95,16.33,195.08
7626,254.4542,1257,1989.05,1723.67,22.19,24.14,535.66
7626,254.4542,1246,1770.33,730.99,15.02,13.11,196.89
7626,254.4542,1273,2605.52,735.21,15.63,12.87,201.14
7626,254.4542,1287,2088.08,2073.44,11.35,18.89,214.49
7632,254.6544,1219,3060.57,1563.63,15.94,20.05,319.72
7632,254.6544,1217,1336.9,1756.27,13.49,19.0,256.3
7632,254.6544,1220,1617.42,1765.06,19.37,15.22,294.8
7632,254.6544,1248,2875.08,615.39,11.92,16.0,190.71
7632,254.6544,1257,1988.92,1725.01,22.18,24.49,543.14
7632,254.6544,1246,1772.87,732.11,14.87,12.76,189.78
7632,254.6544,1273,2608.98,734.63,15.98,13.02,207.98
7632,254.6544,1252,2088.2,2072.02,13.6,16.61,226.0
7638,254.8546,1219,3061.87,1561.38,16.41,20.91,343.06
7638,254.8546,1217,1338.26,1757.64,14.16,19.89,281.72
7638,254.8546,1220,1620.27,1765.71,19.76,15.56,307.51
7638,254.8546,1248,2875.96,618.22,12.38,16.17,200.1
7638,254.8546,1257,1988.63,1726.31,21.85,24.62,537.93
7638,254.8546,1246,1777.68,733.47,15.36,12.87,197.7
7638,254.8546,1273,2612.32,734.1,16.44,13.27,218.17
7638,254.8546,1252,2089.37,2070.46,13.82,16.78,231.91
7638,254.8546,1288,1567.24,1314.1,30.39,21.6,656.3
7644,255.0548,1219,3063.31,1558.93,16.69,21.39,356.91
7644,255.0548,1217,1339.63,1759.67,14.5,20.25,293.7
7644,255.0548,1220,1623.42,1766.24,19.1,14.95,285.53
7644,255.0548,1248,2876.75,619.95,12.74,16.03,204.27
7644,255.0548,1257,1988.94,1727.49,21.88,25.05,548.2
7644,255.0548,1273,2614.98,734.02,16.91,13.32,225.27
7644,255.0548,1252,2090.26,2068.63,13.67,16.56,226.39
7644,255.0548,1288,1570.93,1314.06,29.55,21.02,621.21
7650,255.255,1219,3065.18,1556.98,15.94,20.55,327.61
7650,255.255,1217,1340.64,1761.65,14.6,20.03,292.46
7650,255.255,1220,1626.23,1766.11,19.33,15.12,292.2
7650,255.255,1248,2881.61,621.41,14.12,17.48,246.95
7650,255.255,1257,1989.4,1728.54,21.72,25.17,546.79
7650,255.255,1273,2619.45,733.64,16.91,13.28,224.55
7650,255.255,1252,2091.1,2067.29,13.45,16.25,218.53
7650,255.255,1288,1574.6,1313.51,30.58,21.79,666.34
7650,255.255,1246,1783.24,734.36,14.66,12.27,179.87
7656,255.4552,1219,3067.06,1554.7,15.64,20.31,317.77
7656,255.4552,1217,1341.35,1763.17,14.83,19.85,294.47
7656,255.4552,1220,1629.28,1765.98,19.7,15.47,304.65
7656,255.4552,1248,2883.68,625.28,15.14,18.7,283.17
7656,255.4552,1257,1989.84,1730.11,21.44,25.15,539.12
7656,255.4552,1273,2623.31,732.77,17.03,13.29,226.43
7656,255.4552,1252,2091.96,2065.37,13.3,16.02,213.08
7656,255.4552,1246,1786.74,735.03,14.44,12.08,174.45
7662,255.6554,1219,3068.75,1552.76,15.61,20.02,312.46
7662,255.6554,1217,1341.72,1764.35,14.68,19.04,279.53
7662,255.6554,1220,1632.97,1765.78,19.53,15.17,296.16
7662,255.6554,1248,2884.97,627.39,14.54,17.9,260.25
7662,255.6554,1257,1990.19,1732.23,21.18,25.16,533.0
7662,255.6554,1273,2627.18,731.97,16.83,13.05,219.71
7662,255.6554,1252,2093.29,2063.6,13.4,16.1,215.76
7662,255.6554,1246,1789.95,736.07,15.07,12.63,190.22
7668,255.8556,1219,3069.84,1550.89,15.73,19.72,310.31
7668,255.8556,1217,1345.5,1765.83,15.44,19.66,303.51
7668,255.8556,1220,1635.76,1766.17,19.76,15.37,303.81
7668,255.8556,1248,2885.97,629.17,13.64,16.87,230.03
7668,255.8556,1257,1990.26,1733.77,21.33,25.75,549.19
7668,255.8556,1273,2631.0,731.23,17.26,13.31,229.71
7668,255.8556,1252,2094.04,2062.59,14.07,16.85,237.19
7668,255.8556,1246,1793.32,737.63,14.62,12.27,179.42
7668,255.8556,1288,1585.71,1313.25,29.22,20.9,610.62
7674,256.0558,1219,3073.67,1548.49,16.29,20.14,328.1
7674,256.0558,1217,1347.17,1767.28,15.61,19.63,306.38
7674,256.0558,1220,1638.55,1767.0,19.04,14.75,280.95
7674,256.0558,1248,2887.25,631.42,12.84,16.0,205.44
7674,256.0558,1257,1990.28,1735.72,20.75,25.32,525.48
7674,256.0558,1273,2634.49,730.65,17.7,13.61,240.83
7674,256.0558,1252,2094.25,2061.17,13.1,15.58,204.06
7674,256.0558,1246,1796.34,739.17,16.59,14.02,232.58
7680,256.256,1219,3075.54,1546.25,16.63,20.53,341.45
7680,256.256,1217,1348.25,1768.89,15.54,19.51,303.21
7680,256.256,1220,1641.48,1767.81,19.06,14.73,280.78
7680,256.256,1248,2888.75,633.82,12.66,15.96,202.02
7680,256.256,1273,2637.86,730.61,17.55,13.33,233.9
7680,256.256,1252,2095.32,2059.22,13.34,15.81,210.86
7680,256.256,1246,1801.33,739.76,17.53,14.69,257.41
7680,256.256,1288,1593.59,1313.61,30.1,21.59,649.94
7686,256.4562,1219,3076.76,1544.07,16.33,20.27,331.04
7686,256.4562,1217,1348.89,1770.51,15.53,19.56,303.7
7686,256.4562,1220,1644.18,1768.02,19.37,14.97,289.93
7686,256.4562,1248,2890.57,635.93,12.71,16.1,204.59
7686,256.4562,1273,2642.27,730.51,17.06,12.8,218.49
7686,256.4562,1252,2096.0,2058.0,13.86,16.42,227.59
7686,256.4562,1246,1803.97,739.93,17.7,14.9,263.68
7686,256.4562,1257,1991.21,1739.14,20.37,25.13,511.89
7692,256.6564,1219,3077.77,1542.05,15.89,19.7,312.98
7692,256.6564,1217,1349.71,1772.28,15.09,19.2,289.75
7692,256.6564,1220,1646.68,1767.99,19.92,15.34,305.64
7692,256.6564,1248,2892.36,638.07,12.85,16.45,211.47
7692,256.6564,1273,2646.0,729.76,17.16,12.82,220.04
7692,256.6564,1252,2096.18,2056.53,13.7,16.11,220.72
7692,256.6564,1246,1806.4,740.04,17.63,15.16,267.22
7692,256.6564,1288,1599.63,1313.0,30.12,21.63,651.53
7698,256.8566,1219,3079.34,1540.26,16.17,20.23,327.06
7698,256.8566,1217,1350.77,1774.08,15.47,20.02,309.71
7698,256.8566,1220,1649.66,1767.79,19.42,14.9,289.44
7698,256.8566,1248,2893.76,640.15,12.62,16.23,204.89
7698,256.8566,1273,2649.27,728.65,17.52,13.05,228.66
7698,256.8566,1252,2096.63,2055.49,13.36,15.58,208.2
7698,256.8566,1246,1808.96,740.53,18.4,16.2,298.07
7698,256.8566,1288,1602.45,1312.98,29.98,21.64,648.64
7704,257.0568,1219,3080.63,1538.01,16.06,20.26,325.37
7704,257.0568,1217,1351.55,1776.65,16.01,21.11,337.82
7704,257.0568,1220,1652.24,1767.52,19.96,15.3,305.41
7704,257.0568,1248,2895.25,642.62,12.51,16.13,201.73
7704,257.0568,1273,2652.41,728.07,17.64,13.13,231.66
7704,257.0568,1252,2096.9,2053.97,13.86,16.13,223.62
7704,257.0568,1246,1811.96,741.29,19.63,17.78,348.95
7704,257.0568,1257,1993.55,1744.86,20.04,24.69,494.64
7710,257.257,1219,3081.9,1535.09,16.48,20.99,346.03
7710,257.257,1217,1351.93,1778.17,15.26,20.39,311.14
7710,257.257,1220,1654.75,1767.71,20.49,15.66,320.87
7710,257.257,1248,2896.8,644.49,12.7,16.48,209.33
7710,257.257,1273,2655.58,727.53,17.87,13.33,238.22
7710,257.257,1252,2096.85,2052.8,13.71,15.91,218.18
7710,257.257,1288,1609.19,1312.74,30.01,21.81,654.41
7716,257.4572,1219,3083.25,1532.97,15.83,20.12,318.36
7716,257.4572,1217,1352.37,1779.27,14.56,19.56,284.86
7716,257.4572,1220,1657.16,1768.3,20.18,15.45,311.84
7716,257.4572,1248,2898.21,645.97,13.88,18.3,253.9
7716,257.4572,1273,2658.8,727.06,18.0,13.41,241.36
7716,257.4572,1252,2097.2,2050.96,13.96,16.19,225.9
7722,257.6574,1219,3084.3,1531.08,15.57,19.79,308.15
7722,257.6574,1217,1352.77,1781.01,14.59,19.65,286.65
7722,257.6574,1220,1659.91,1768.7,20.18,15.42,311.14
7722,257.6574,1248,2899.2,649.63,14.18,18.76,265.92
7722,257.6574,1273,2662.07,726.8,18.44,13.8,254.45
7722,257.6574,1252,2097.28,2049.88,14.15,16.36,231.54
7728,257.8576,1219,3085.47,1528.84,15.73,20.02,314.91
7728,257.8576,1217,1353.64,1782.89,14.0,19.01,266.1
7728,257.8576,1220,1662.6,1768.55,20.33,15.51,315.31
7728,257.8576,1248,2900.08,651.72,13.53,17.53,237.22
7728,257.8576,1273,2665.81,726.4,17.83,13.35,238.03
7728,257.8576,1252,2097.93,2048.8,13.88,15.97,221.64
7728,257.8576,1246,1821.64,747.63,17.9,16.11,288.34
7734,258.0578,1219,3086.48,1526.49,15.55,19.84,308.46
7734,258.0578,1217,1354.65,1784.27,13.61,18.48,251.53
7734,258.0578,1220,1664.84,1768.49,19.88,15.18,301.77
7734,258.0578,1248,2900.79,653.74,12.92,16.07,207.61
7734,258.0578,1273,2669.4,725.97,17.54,13.05,228.88
7734,258.0578,1252,2098.52,2047.43,13.91,15.96,221.91
7734,258.0578,1246,1826.13,748.71,16.89,14.95,252.63
7740,258.258,1219,3087.45,1524.67,15.27,19.49,297.49
7740,258.258,1217,1355.78,1785.81,13.25,17.87,236.75
7740,258.258,1220,1667.41,1768.29,20.75,15.97,331.29
7740,258.258,1248,2905.66,655.79,13.05,15.65,204.28
7740,258.258,1273,2673.02,725.35,18.32,13.64,249.99
7740,258.258,1252,2098.6,2046.36,14.01,16.01,224.3
7740,258.258,1246,1828.62,749.52,15.51,13.68,212.11
7746,258.4582,1219,3088.61,1522.75,15.52,19.79,306.98
7746,258.4582,1217,1356.29,1787.16,13.56,18.24,247.29
7746,258.4582,1220,1669.91,1768.2,20.4,15.78,321.97
7746,258.4582,1248,2907.92,657.81,13.29,15.64,207.93
7746,258.4582,1273,2675.81,724.86,18.8,14.06,264.36
7746,258.4582,1252,2098.56,2044.45,14.31,16.37,234.26
7746,258.4582,1246,1831.19,750.41,15.3,13.43,205.45
7752,258.6584,1219,3089.67,1519.82,15.44,19.77,305.38
7752,258.6584,1217,1357.17,1788.32,13.46,18.14,244.24
7752,258.6584,1220,1672.95,1767.6,20.79,16.19,336.6
7752,258.6584,1248,2908.92,659.53,13.71,16.0,219.35
7752,258.6584,1273,2678.73,724.36,19.59,14.89,291.62
7752,258.6584,1252,2098.53,2042.89,15.26,17.68,269.71
7752,258.6584,1246,1833.37,750.84,14.86,13.05,193.96
7752,258.6584,1257,1996.54,1759.32,19.78,24.68,488.03
7752,258.6584,1288,1629.96,1308.92,26.86,19.58,525.99
7758,258.8586,1219,3090.86,1516.84,15.44,19.92,307.5
7758,258.8586,1217,1358.04,1790.07,13.54,18.23,246.81
7758,258.8586,1220,1676.01,1767.06,21.12,16.6,350.61
7758,258.8586,1248,2910.02,661.96,13.6,16.0,217.6
7758,258.8586,1273,2682.19,723.84,20.54,15.87,325.86
7758,258.8586,1252,2098.91,2041.88,16.15,19.04,307.49
7758,258.8586,1246,1836.46,751.6,14.9,13.02,193.99
7764,259.0588,1219,3092.04,1513.95,15.85,20.47,324.5
7764,259.0588,1217,1359.51,1791.04,13.47,18.12,244.1
7764,259.0588,1220,1678.83,1766.7,21.08,16.5,347.93
7764,259.0588,1248,2912.04,663.77,13.3,15.79,210.09
7764,259.0588,1273,2685.48,723.38,21.43,16.8,360.17
7764,259.0588,1252,2099.8,2038.46,15.82,18.86,298.33
7764,259.0588,1288,1636.13,1307.8,29.36,21.43,629.27
7770,259.259,1219,3092.93,1510.78,16.13,20.66,333.17
7770,259.259,1217,1360.98,1792.34,13.58,18.31,248.59
7770,259.259,1220,1682.19,1766.14,20.53,16.16,331.83
7770,259.259,1248,2913.88,665.84,13.04,15.6,203.36
7770,259.259,1273,2689.94,723.15,21.72,17.27,375.15
7770,259.259,1252,2101.0,2037.01,15.4,18.5,284.96
7770,259.259,1288,1639.79,1306.71,27.55,20.07,552.87
7770,259.259,1246,1843.55,753.44,15.41,13.44,207.1
7776,259.4592,1219,3093.63,1509.12,15.84,19.84,314.24
7776,259.4592,1217,1361.99,1793.6,13.69,18.52,253.45
7776,259.4592,1220,1685.55,1765.64,20.55,16.29,334.78
7776,259.4592,1248,2915.88,667.48,13.33,16.07,214.21
7776,259.4592,1273,2693.58,722.98,21.79,17.66,384.76
7776,259.4592,1252,2101.67,2036.13,14.68,17.59,258.22
7776,259.4592,1288,1642.46,1305.68,28.79,21.02,605.2
7776,259.4592,1246,1845.76,754.48,15.35,13.0,199.44
7782,259.6594,1219,3097.31,1507.33,15.96,19.59,312.72
7782,259.6594,1217,1362.89,1794.77,13.52,18.25,246.76
7782,259.6594,1220,1688.51,1765.05,20.79,16.63,345.7
7782,259.6594,1248,2918.14,669.05,13.91,17.08,237.5
7782,259.6594,1273,2697.29,722.5,22.51,18.66,420.02
7782,259.6594,1252,2102.13,2035.38,14.44,17.3,249.86
7782,259.6594,1288,1645.58,1305.59,30.82,22.63,697.46
7782,259.6594,1246,1850.28,755.51,15.4,12.77,196.68
7788,259.8596,1219,3098.98,1505.3,15.92,19.27,306.72
7788,259.8596,1217,1363.93,1796.48,13.9,18.51,257.22
7788,259.8596,1220,1691.27,1764.91,20.57,16.57,340.94
7788,259.8596,1248,2920.04,670.24,14.93,18.74,279.76
7788,259.8596,1273,2701.83,720.16,18.76,15.23,285.69
7788,259.8596,1252,2102.84,2034.35,14.02,16.8,235.45
7788,259.8596,1288,1648.4,1305.43,28.23,20.73,585.11
7788,259.8596,1246,1852.92,756.14,15.51,12.91,200.26
7794,260.0598,1219,3100.16,1503.13,15.55,18.73,291.24
7794,260.0598,1217,1364.64,1797.95,14.78,19.43,287.14
7794,260.0598,1220,1694.36,1764.69,21.12,17.17,362.47
7794,260.0598,1248,2922.17,673.91,14.54,18.46,268.4
7794,260.0598,1273,2704.51,718.81,17.44,14.17,247.04
7794,260.0598,1252,2103.2,2032.78,13.89,16.56,230.06
7794,260.0598,1288,1652.08,1304.47,28.96,21.35,618.41
7794,260.0598,1246,1855.76,756.95,15.94,13.31,212.17
7800,260.26,1219,3101.15,1500.83,15.97,19.36,309.22
7800,260.26,1217,1365.42,1800.61,16.02,20.78,332.84
7800,260.26,1220,1697.5,1764.32,21.08,17.28,364.25
7800,260.26,1248,2923.77,676.99,13.76,17.15,235.98
7800,260.26,1273,2707.96,717.98,17.42,14.13,246.28
7800,260.26,1252,2103.76,2031.42,13.91,16.56,230.45
7800,260.26,1288,1655.81,1304.01,28.89,21.19,612.27
7800,260.26,1246,1858.53,758.01,16.03,13.41,215.06
7806,260.4602,1219,3102.0,1498.26,15.97,19.56,312.36
7806,260.4602,1217,1365.88,1802.6,16.23,20.62,334.54
7806,260.4602,1220,1700.62,1763.63,20.7,17.17,355.36
7806,260.4602,1248,2925.07,679.39,13.46,16.16,217.57
7806,260.4602,1273,2711.98,717.25,16.73,13.45,224.91
7806,260.4602,1252,2104.48,2029.77,13.73,16.31,223.87
7806,260.4602,1288,1658.4,1304.16,27.69,20.14,557.84
7806,260.4602,1246,1861.71,759.48,16.18,13.67,221.18
7812,260.6604,1219,3102.67,1496.29,15.63,19.22,300.49
7812,260.6604,1217,1369.65,1804.67,16.22,20.39,330.71
7812,260.6604,1220,1702.63,1762.73,20.86,17.36,362.25
7812,260.6604,1248,2930.16,681.66,13.6,15.96,217.08
7812,260.6604,1273,2715.68,716.96,16.73,13.39,224.07
7812,260.6604,1252,2105.18,2028.93,13.57,16.09,218.36
7812,260.6604,1288,1662.1,1303.47,27.4,19.83,543.43
7812,260.6604,1246,1864.97,761.12,15.63,13.27,207.44
7818,260.8606,1219,3104.2,1494.95,15.38,18.86,290.14
7818,260.8606,1217,1371.16,1805.96,15.93,19.8,315.53
7818,260.8606,1220,1706.06,1762.69,21.01,17.65,370.79
7818,260.8606,1248,2932.5,684.07,13.65,15.86,216.47
7818,260.8606,1273,2718.79,717.08,16.95,13.53,229.27
7818,260.8606,1252,2105.7,2028.71,14.01,16.63,232.98
7818,260.8606,1288,1664.34,1302.85,27.85,20.12,560.37
7824,261.0608,1219,3105.62,1493.68,15.62,19.17,299.35
7824,261.0608,1217,1371.93,1807.24,15.84,19.58,310.13
7824,261.0608,1220,1709.22,1762.57,19.99,16.93,338.43
7824,261.0608,1248,2934.3,686.78,13.73,16.17,222.04
7824,261.0608,1273,2722.06,717.1,16.88,13.2,222.91
7824,261.0608,1252,2106.55,2027.79,14.32,17.04,244.05
7824,261.0608,1288,1667.55,1303.56,29.14,21.02,612.65
7830,261.261,1219,3107.17,1492.23,15.76,19.42,306.01
7830,261.261,1217,1372.7,1809.14,16.07,20.01,321.61
7830,261.261,1220,1712.73,1762.54,19.91,17.02,338.89
7830,261.261,1248,2936.47,688.88,13.61,16.22,220.64
7830,261.261,1273,2726.67,715.94,18.43,14.52,267.64
7830,261.261,1252,2107.18,2026.65,14.08,16.68,234.89
7830,261.261,1288,1671.16,1303.51,28.87,20.84,601.58
7836,261.4612,1219,3108.35,1490.12,15.81,19.72,311.87
7836,261.4612,1217,1373.71,1811.31,15.57,19.58,304.89
7836,261.4612,1220,1715.82,1762.01,19.72,17.02,335.67
7836,261.4612,1248,2938.87,691.37,13.49,16.32,220.02
7836,261.4612,1273,2730.29,715.3,18.43,14.56,268.37
7836,261.4612,1252,2107.49,2025.64,13.66,16.0,218.48
7836,261.4612,1288,1674.54,1303.66,29.24,21.14,618.21
7836,261.4612,1246,1877.19,764.7,19.21,16.8,322.68
7842,261.6614,1219,3108.91,1487.03,16.34,20.51,335.14
7842,261.6614,1217,1374.67,1812.99,15.55,19.85,308.69
7842,261.6614,1220,1718.12,1761.33,19.81,17.33,343.42
7842,261.6614,1248,2940.85,693.26,14.17,17.51,248.02
7842,261.6614,1273,2733.33,714.54,17.61,13.82,243.36
7842,261.6614,1252,2107.54,2023.86,13.82,16.1,222.52
7842,261.6614,1288,1678.05,1302.45,29.17,21.04,613.72
7848,261.8616,1219,3109.29,1484.02,15.38,19.19,295.12
7848,261.8616,1217,1375.72,1814.76,15.38,19.72,303.24
7848,261.8616,1220,1720.55,1759.73,19.78,17.52,346.46
7848,261.8616,1248,2943.36,697.14,15.1,19.09,288.2
7848,261.8616,1273,2737.47,714.08,17.98,13.91,250.15
7848,261.8616,1252,2107.71,2021.99,14.36,16.68,239.67
7848,261.8616,1288,1680.49,1301.42,28.65,20.72,593.56
7854,262.0618,1219,3109.35,1480.91,15.11,18.79,283.97
7854,262.0618,1217,1376.34,1815.97,15.13,19.45,294.29
7854,262.0618,1220,1723.11,1758.25,19.59,17.5,342.81
7854,262.0618,1248,2945.34,699.37,14.2,18.18,258.15
7854,262.0618,1273,2740.5,713.6,17.58,13.57,238.51
7854,262.0618,1252,2107.93,2020.09,14.74,17.04,251.13
7854,262.0618,1288,1683.7,1300.91,29.27,21.19,620.2
7860,262.262,1219,3110.1,1478.72,15.2,18.9,287.35
7860,262.262,1217,1377.05,1817.12,15.24,19.7,300.28
7860,262.262,1220,1725.66,1756.4,19.57,17.53,343.02
7860,262.262,1248,2946.81,701.01,13.3,17.01,226.2
7860,262.262,1273,2743.78,713.06,17.49,13.56,237.22
7860,262.262,1252,2107.97,2018.79,15.46,17.9,276.77
7860,262.262,1288,1686.49,1300.64,28.96,20.9,605.23
7860,262.262,1246,1889.43,770.34,15.61,13.7,213.77
7866,262.4622,1219,3111.24,1477.21,15.09,18.7,282.26
7866,262.4622,1217,1377.98,1818.21,15.4,20.07,309.18
7866,262.4622,1220,1729.62,1755.5,19.44,17.39,338.12
7866,262.4622,1248,2947.67,702.97,12.83,16.18,207.61
7866,262.4622,1273,2746.74,712.72,17.3,13.34,230.78
7866,262.4622,1252,2108.23,2018.1,16.13,18.69,301.48
7872,262.6624,1219,3112.35,1475.64,15.23,18.78,285.99
7872,262.6624,1217,1378.68,1819.51,15.21,19.99,304.17
7872,262.6624,1220,1732.01,1755.06,19.47,17.58,342.18
7872,262.6624,1248,2948.59,705.01,12.94,15.86,205.22
7872,262.6624,1273,2750.11,711.53,16.93,12.92,218.85
7872,262.6624,1252,2108.62,2014.77,16.58,19.15,317.36
7872,262.6624,1288,1693.4,1298.4,28.09,20.27,569.34
7878,262.8626,1219,3112.82,1473.07,15.07,18.54,279.46
7878,262.8626,1217,1379.41,1820.7,14.61,19.23,280.88
7878,262.8626,1220,1734.56,1754.6,20.01,18.24,365.07
7878,262.8626,1248,2951.62,708.78,15.2,19.27,292.87
7878,262.8626,1273,2753.22,710.63,17.38,13.25,230.15
7878,262.8626,1252,2108.7,2013.1,16.16,18.5,299.13
7878,262.8626,1288,1695.9,1298.61,27.64,19.89,549.75
7884,263.0628,1219,3112.65,1469.87,15.15,18.62,282.0
7884,263.0628,1217,1380.19,1822.1,15.12,19.92,301.11
7884,263.0628,1220,1737.15,1753.87,21.14,19.64,415.01
7884,263.0628,1248,2953.49,710.81,14.79,19.18,283.74
7884,263.0628,1273,2755.92,709.57,17.82,13.59,242.05
7884,263.0628,1252,2108.37,2011.33,15.0,16.94,253.98
7884,263.0628,1288,1698.89,1297.75,28.35,20.39,578.1
7890,263.263,1219,3111.9,1466.81,15.48,18.99,293.94
7890,263.263,1217,1380.68,1824.46,16.04,21.38,342.96
7890,263.263,1220,1739.16,1750.67,20.25,18.99,384.52
7890,263.263,1248,2955.21,712.65,13.17,17.19,226.36
7890,263.263,1273,2758.07,709.19,17.97,13.63,245.0
7890,263.263,1252,2108.42,2009.25,15.07,16.83,253.74
7890,263.263,1288,1701.96,1296.2,28.01,20.17,564.92
7896,263.4632,1219,3111.38,1463.15,16.4,20.28,332.67
7896,263.4632,1217,1381.33,1825.59,15.89,21.42,340.19
7896,263.4632,1220,1741.16,1748.65,19.34,18.23,352.5
7896,263.4632,1248,2956.81,714.84,12.55,16.51,207.18
7896,263.4632,1273,2762.0,708.73,17.64,13.23,233.33
7896,263.4632,1252,2108.28,2007.51,14.9,16.48,245.6
7896,263.4632,1288,1704.57,1295.6,28.92,20.79,601.34
7896,263.4632,1314,2036.68,1803.13,22.65,20.04,453.81
7896,263.4632,1246,1906.72,776.27,14.89,12.93,192.56
7902,263.6634,1219,3111.91,1461.21,15.95,19.56,312.06
7902,263.6634,1217,1382.5,1826.33,15.27,20.72,316.44
7902,263.6634,1220,1743.86,1746.74,19.01,18.04,343.01
7902,263.6634,1248,2958.08,717.12,11.91,15.62,185.98
7902,263.6634,1273,2765.43,707.99,17.49,13.05,228.25
7902,263.6634,1252,2108.78,2005.56,15.03,16.29,244.77
7902,263.6634,1288,1707.97,1295.51,27.91,20.01,558.55
7908,263.8636,1219,3112.5,1459.68,15.17,18.41,279.21
7908,263.8636,1217,1383.53,1826.84,14.62,19.93,291.36
7908,263.8636,1220,1746.94,1745.31,19.28,18.44,355.54
7908,263.8636,1248,2960.35,718.08,13.27,17.81,236.39
7908,263.8636,1273,2768.4,707.31,17.4,12.98,225.81
7908,263.8636,1252,2109.17,2003.39,15.72,16.75,263.22
7908,263.8636,1288,1711.16,1294.63,28.04,20.15,565.07
7908,263.8636,1316,3833.83,1203.33,12.34,17.84,220.19
7908,263.8636,1314,2041.89,1805.1,21.89,19.3,422.59
7908,263.8636,1246,1912.41,778.14,15.14,13.2,199.81
7914,264.0638,1219,3113.01,1458.19,14.67,17.53,257.2
7914,264.0638,1217,1384.46,1827.54,14.33,19.57,280.57
7914,264.0638,1220,1749.56,1744.15,19.02,18.18,345.79
7914,264.0638,1248,2961.7,721.89,13.37,18.21,243.39
7914,264.0638,1273,2771.4,706.78,17.22,12.8,220.45
7914,264.0638,1252,2109.29,2002.07,15.8,16.53,261.07
7914,264.0638,1288,1714.6,1294.04,28.41,20.37,578.82
7914,264.0638,1316,3833.73,1202.98,12.55,18.44,231.32
7914,264.0638,1314,2044.27,1806.2,21.42,18.8,402.79
7914,264.0638,1246,1915.68,778.94,15.04,12.98,195.27
7920,264.264,1219,3113.45,1456.31,14.83,17.39,257.91
7920,264.264,1217,1385.33,1828.88,14.8,20.37,301.32
7920,264.264,1220,1753.05,1743.27,19.36,18.34,355.07
7920,264.264,1248,2962.93,724.56,12.17,16.62,202.3
7920,264.264,1273,2774.42,706.22,17.74,13.17,233.65
7920,264.264,1252,2109.44,2000.23,15.93,16.34,260.21
7920,264.264,1288,1717.63,1293.67,28.62,20.53,587.63
7920,264.264,1316,3833.59,1203.73,12.82,19.25,246.77
7926,264.4642,1219,3113.06,1454.18,14.8,17.11,253.18
7926,264.4642,1217,1386.28,1830.19,14.5,20.09,291.35
7926,264.4642,1220,1755.28,1742.25,19.35,18.43,356.78
7926,264.4642,1248,2964.34,727.13,11.72,16.06,188.13
7926,264.4642,1273,2777.61,706.07,17.98,13.32,239.52
7926,264.4642,1252,2109.48,1998.97,16.03,16.14,258.67
7926,264.4642,1288,1720.52,1293.02,27.29,19.52,532.55
7926,264.4642,1316,3833.57,1204.95,12.86,19.34,248.73
7926,264.4642,1314,2048.53,1807.64,20.74,18.04,374.19
7932,264.6644,1219,3111.98,1451.78,15.11,17.31,261.58
7932,264.6644,1217,1387.16,1832.13,14.12,19.47,274.97
7932,264.6644,1220,1758.08,1740.83,19.4,18.7,362.83
7932,264.6644,1248,2965.88,730.25,11.52,15.86,182.8
7932,264.6644,1273,2780.17,706.31,17.89,13.3,237.99
7932,264.6644,1252,2109.71,1997.42,16.92,16.81,284.44
7932,264.6644,1288,1723.66,1292.08,28.52,20.33,579.73
7932,264.6644,1316,3833.63,1206.84,12.74,18.98,241.76
7932,264.6644,1318,2113.89,1997.8,21.31,17.08,363.93
7932,264.6644,1314,2051.39,1809.16,21.08,18.12,381.92
7932,264.6644,1246,1924.32,783.67,15.88,13.76,218.51
7938,264.8646,1219,3110.53,1449.51,15.0,17.05,255.7
7938,264.8646,1217,1387.63,1833.54,14.32,19.67,281.75
7938,264.8646,1220,1760.15,1739.04,19.29,18.85,363.61
7938,264.8646,1248,2966.86,733.09,11.7,16.13,188.69
7938,264.8646,1273,2782.32,706.81,17.55,12.86,225.72
7938,264.8646,1252,2109.49,1995.87,16.78,16.46,276.16
7938,264.8646,1288,1726.09,1291.79,28.92,20.76,600.33
7938,264.8646,1316,3833.26,1208.25,13.47,19.83,267.15
7938,264.8646,1314,2053.82,1810.64,20.78,17.58,365.44
7938,264.8646,1246,1927.05,785.22,14.94,12.82,191.5
7944,265.0648,1219,3110.09,1447.78,14.95,16.76,250.58
7944,265.0648,1217,1387.79,1834.99,14.54,19.94,289.92
7944,265.0648,1220,1762.3,1737.38,18.73,18.49,346.26
7944,265.0648,1248,2967.36,735.86,11.56,15.93,184.18
7944,265.0648,1273,2786.16,706.9,17.41,12.63,220.0
7944,265.0648,1252,2109.18,1994.53,18.16,17.92,325.36
7944,265.0648,1288,1729.2,1292.44,28.81,20.73,597.09
7944,265.0648,1316,3832.88,1209.34,13.99,20.15,281.95
7944,265.0648,1314,2056.12,1811.83,20.92,17.48,365.69
7944,265.0648,1246,1929.94,786.86,15.8,13.7,216.44
7950,265.265,1219,3110.23,1446.27,14.74,16.24,239.38
7950,265.265,1217,1388.07,1836.52,14.9,20.34,303.09
7950,265.265,1220,1764.72,1735.97,18.72,18.65,349.22
7950,265.265,1248,2968.4,738.91,11.48,15.99,183.51
7950,265.265,1273,2788.89,706.93,17.51,12.71,222.46
7950,265.265,1252,2109.22,1993.68,19.28,19.18,369.83
7950,265.265,1288,1732.26,1291.84,28.36,20.3,575.54
7950,265.265,1316,3832.01,1210.13,13.89,19.86,275.84
7950,265.265,1246,1932.65,787.72,16.49,14.58,240.42
7956,265.4652,1219,3109.95,1444.94,15.14,16.43,248.71
7956,265.4652,1217,1388.46,1837.87,14.73,19.81,291.9
7956,265.4652,1220,1767.54,1734.75,19.21,19.34,371.65
7956,265.4652,1248,2969.44,741.64,12.85,18.25,234.51
7956,265.4652,1273,2791.49,707.0,17.81,12.98,231.12
7956,265.4652,1252,2109.3,1990.48,19.22,19.18,368.68
7956,265.4652,1288,1735.91,1291.46,28.89,20.72,598.51
7956,265.4652,1316,3830.75,1211.7,13.77,19.24,264.8
7962,265.6654,1219,3109.29,1443.64,15.29,16.32,249.6
7962,265.6654,1217,1389.16,1839.08,14.97,19.65,294.17
7962,265.6654,1220,1770.36,1733.82,18.95,19.26,364.85
7962,265.6654,1248,2970.32,746.32,12.35,17.52,216.42
7962,265.6654,1273,2794.16,706.82,17.98,13.12,235.94
7962,265.6654,1252,2109.44,1988.75,18.3,18.12,331.68
7962,265.6654,1288,1738.88,1290.98,28.15,20.14,566.99
7962,265.6654,1316,3829.59,1213.31,14.26,19.37,276.19
7962,265.6654,1314,2064.0,1813.54,22.13,18.34,405.79
7968,265.8656,1219,3108.89,1442.7,16.17,17.16,277.4
7968,265.8656,1217,1389.61,1840.99,15.22,19.45,296.0
7968,265.8656,1220,1772.67,1733.07,19.11,19.65,375.38
7968,265.8656,1248,2971.24,749.46,11.83,16.37,193.67
7968,265.8656,1273,2797.09,707.18,18.04,13.18,237.79
7968,265.8656,1252,2109.62,1987.68,17.32,16.85,291.94
7968,265.8656,1288,1741.63,1290.62,28.54,20.47,584.22
7968,265.8656,1316,3829.1,1214.69,15.11,20.05,302.98
7968,265.8656,1323,2113.91,1988.13,19.63,16.49,323.74
7974,266.0658,1219,3107.27,1441.02,15.78,16.08,253.66
7974,266.0658,1217,1393.55,1842.54,15.36,19.32,296.77
7974,266.0658,1220,1774.08,1731.77,19.1,19.66,375.54
7974,266.0658,1248,2971.79,752.32,12.25,16.58,203.12
7974,266.0658,1273,2800.18,707.76,18.15,13.3,241.3
7974,266.0658,1252,2109.7,1986.53,16.74,15.97,267.27
7974,266.0658,1288,1744.96,1289.87,29.27,21.06,616.4
7974,266.0658,1316,3828.51,1215.81,15.87,20.53,325.67
7974,266.0658,1323,2114.15,1987.08,18.75,15.74,294.96
7980,266.266,1219,3106.05,1439.03,16.08,16.05,258.09
7980,266.266,1217,1395.11,1844.19,15.34,19.03,291.97
7980,266.266,1220,1777.97,1730.25,19.2,19.83,380.68
7980,266.266,1248,2972.22,755.45,12.54,16.52,207.12
7980,266.266,1273,2802.81,708.4,18.25,13.37,244.05
7980,266.266,1252,2109.8,1985.14,17.08,16.05,274.08
7980,266.266,1288,1747.87,1289.33,29.02,20.98,609.02
7980,266.266,1316,3827.67,1216.64,16.27,20.34,330.93
7980,266.266,1323,2114.02,1985.46,19.15,16.06,307.56
7986,266.4662,1219,3105.25,1437.18,16.22,15.98,259.22
7986,266.4662,1217,1396.07,1845.17,15.04,18.5,278.18
7986,266.4662,1220,1780.27,1727.46,19.72,20.81,410.3
7986,266.4662,1273,2805.52,708.75,18.13,13.21,239.43
7986,266.4662,1252,2109.74,1983.45,16.87,15.59,263.02
7986,266.4662,1288,1751.0,1289.41,29.09,21.05,612.48
7986,266.4662,1316,3826.72,1217.86,16.78,20.23,339.49
7986,266.4662,1323,2113.78,1983.63,18.68,15.59,291.22
7992,266.6664,1219,3104.93,1435.45,16.27,15.82,257.47
7992,266.6664,1217,1396.79,1846.02,15.45,19.13,295.46
7992,266.6664,1220,1782.47,1725.81,18.77,20.15,378.12
7992,266.6664,1273,2809.31,708.23,18.37,13.22,242.79
7992,266.6664,1252,2109.6,1981.36,17.17,15.71,269.82
7992,266.6664,1288,1753.93,1288.83,30.76,22.46,690.8
7992,266.6664,1316,3825.78,1219.01,17.7,20.52,363.16
7992,266.6664,1248,2972.99,762.3,12.5,15.73,196.68
7998,266.8666,1219,3104.42,1433.84,16.1,15.48,249.25
7998,266.8666,1217,1397.61,1846.85,16.19,20.45,330.99
7998,266.8666,1220,1784.49,1724.27,17.84,19.46,347.16
7998,266.8666,1273,2811.4,707.81,18.11,13.02,235.68
7998,266.8666,1252,2109.53,1979.46,16.79,15.13,253.98
7998,266.8666,1288,1757.4,1288.43,28.89,21.15,610.99
7998,266.8666,1316,3824.87,1219.87,19.06,21.3,406.15
7998,266.8666,1246,1956.03,802.35,14.4,12.68,182.52
7998,266.8666,1323,2113.8,1979.54,18.03,14.94,269.44
8004,267.0668,1219,3103.89,1432.16,16.33,15.5,253.08
8004,267.0668,1217,1398.88,1849.34,15.71,20.19,317.12
8004,267.0668,1220,1786.95,1722.25,17.54,19.41,340.3
8004,267.0668,1273,2813.29,707.89,17.95,12.95,232.43
8004,267.0668,1252,2109.6,1977.47,16.86,14.96,252.25
8004,267.0668,1288,1760.16,1287.4,30.05,22.17,666.25
8004,267.0668,1316,3823.79,1220.54,20.2,21.72,438.82
8004,267.0668,1323,2113.72,1977.5,17.98,14.75,265.3
8010,267.267,1219,3102.57,1430.08,16.4,15.38,252.33
8010,267.267,1217,1400.1,1850.36,15.38,19.88,305.66
8010,267.267,1220,1789.25,1719.79,17.22,19.27,331.79
8010,267.267,1273,2815.65,707.92,17.64,12.71,224.19
8010,267.267,1252,2109.62,1975.21,17.35,15.25,264.67
8010,267.267,1288,1763.93,1286.58,29.57,21.97,649.52
8010,267.267,1316,3822.39,1221.8,21.02,21.66,455.15
8010,267.267,1323,2113.62,1975.2,18.68,15.23,284.46
8010,267.267,1248,2979.63,771.57,13.48,16.65,224.39
8010,267.267,1246,1961.95,805.71,14.32,12.52,179.32
8016,267.4672,1219,3101.31,1428.31,16.49,15.35,253.02
8016,267.4672,1217,1401.14,1850.87,14.87,19.4,288.55
8016,267.4672,1220,1791.75,1717.8,17.04,19.27,328.48
8016,267.4672,1273,2818.7,708.15,17.88,12.85,229.71
8016,267.4672,1252,2109.69,1973.05,17.75,15.47,274.53
8016,267.4672,1288,1766.62,1285.41,28.61,21.25,608.03
8016,267.4672,1316,3820.85,1222.85,22.01,21.86,481.23
8016,267.4672,1323,2113.43,1973.09,19.3,15.62,301.44
8016,267.4672,1248,2980.65,774.32,13.43,16.3,218.87
8016,267.4672,1246,1964.4,806.83,14.99,12.94,193.95
8022,267.6674,1219,3099.88,1426.24,16.44,15.12,248.45
8022,267.6674,1217,1402.01,1851.18,14.47,18.9,273.45
8022,267.6674,1220,1793.89,1715.82,16.78,19.22,322.37
8022,267.6674,1273,2821.32,707.81,17.62,12.71,223.82
8022,267.6674,1252,2109.55,1971.57,18.52,16.14,298.82
8022,267.6674,1288,1770.13,1284.01,29.42,22.07,649.31
8022,267.6674,1316,3818.76,1223.52,23.06,22.47,518.03
8022,267.6674,1323,2113.5,1971.59,20.07,16.22,325.55
8022,267.6674,1248,2981.48,776.27,12.8,15.36,196.59
8022,267.6674,1246,1969.08,808.13,15.4,12.65,194.87
8028,267.8676,1219,3099.14,1424.13,16.41,14.93,245.01
8028,267.8676,1217,1403.28,1851.43,14.23,18.52,263.58
8028,267.8676,1220,1795.91,1713.54,16.81,19.43,326.62
8028,267.8676,1273,2824.52,706.96,17.67,12.78,225.8
8028,267.8676,1252,2109.84,1970.3,20.41,17.92,365.91
8028,267.8676,1288,1772.83,1282.9,29.35,22.07,647.54
8028,267.8676,1316,3817.36,1223.81,23.71,22.8,540.66
8028,267.8676,1323,2113.74,1970.36,21.94,17.9,392.75
8028,267.8676,1248,2981.99,778.52,12.82,15.4,197.48
8034,268.0678,1219,3098.6,1421.78,17.21,15.56,267.84
8034,268.0678,1217,1404.49,1851.91,14.03,18.24,255.9
8034,268.0678,1220,1797.54,1710.78,16.86,19.3,325.52
8034,268.0678,1273,2827.61,705.71,17.78,12.88,229.02
8034,268.0678,1252,2109.95,1966.46,20.78,18.33,380.83
8034,268.0678,1288,1776.57,1282.23,28.47,21.67,616.82
8034,268.0678,1316,3816.41,1224.66,24.16,22.9,553.14
8034,268.0678,1248,2982.7,781.16,12.92,15.73,203.36
8034,268.0678,1246,1973.79,809.42,15.66,13.02,203.86
8040,268.268,1219,3097.93,1419.76,18.11,16.23,293.94
8040,268.268,1217,1405.76,1852.39,13.68,17.62,240.96
8040,268.268,1220,1801.49,1707.81,16.96,19.11,324.02
8040,268.268,1273,2829.9,705.19,17.96,12.92,232.15
8040,268.268,1252,2109.69,1964.12,19.13,16.77,320.92
8040,268.268,1288,1779.35,1280.7,28.47,21.69,617.7
8040,268.268,1316,3815.06,1225.12,24.19,22.6,546.56
8040,268.268,1248,2983.83,783.76,12.66,15.64,197.96
8040,268.268,1246,1976.83,810.41,15.82,13.32,210.62
8046,268.4682,1219,3097.78,1418.66,19.26,17.26,332.32
8046,268.4682,1217,1406.98,1853.45,14.19,18.33,260.05
8046,268.4682,1220,1803.6,1705.99,17.36,19.61,340.47
8046,268.4682,1273,2833.69,705.21,17.72,12.59,223.04
8046,268.4682,1252,2109.79,1962.62,17.58,15.12,265.77
8046,268.4682,1288,1782.66,1278.72,28.14,21.46,603.85
8046,268.4682,1316,3813.53,1226.09,24.04,22.07,530.62
8046,268.4682,1248,2985.31,786.29,12.43,15.54,193.08
8046,268.4682,1246,1979.96,811.48,16.59,14.27,236.88
8046,268.4682,1323,2113.64,1963.19,18.59,14.9,276.97
8052,268.6684,1219,3097.54,1417.67,20.91,18.87,394.57
8052,268.6684,1217,1407.98,1854.39,14.9,19.34,288.04
8052,268.6684,1220,1805.19,1703.13,17.99,20.75,373.32
8052,268.6684,1273,2836.56,705.42,17.61,12.52,220.49
8052,268.6684,1252,2110.01,1960.87,17.18,14.47,248.72
8052,268.6684,1288,1785.67,1277.42,28.99,22.36,648.33
8052,268.6684,1316,3812.31,1227.34,24.41,22.08,538.87
8052,268.6684,1248,2986.84,788.76,13.05,16.67,217.56
8052,268.6684,1246,1983.64,813.52,15.66,13.35,209.06
8052,268.6684,1323,2113.7,1961.03,18.15,14.33,260.02
8058,268.8686,1219,3097.19,1414.27,20.92,18.81,393.37
8058,268.8686,1217,1409.15,1855.67,14.43,18.69,269.74
8058,268.8686,1220,1807.28,1701.4,16.97,19.87,337.31
8058,268.8686,1273,2840.38,705.31,17.88,12.72,227.4
8058,268.8686,1252,2110.08,1959.44,17.69,14.7,260.05
8058,268.8686,1288,1788.73,1276.53,29.23,22.78,665.91
8058,268.8686,1316,3811.44,1228.66,24.51,21.89,536.65
8058,268.8686,1248,2988.34,790.49,14.26,18.79,268.05
8058,268.8686,1246,1986.15,815.2,15.18,13.07,198.49
8058,268.8686,1323,2113.86,1959.44,18.61,14.6,271.72
8064,269.0688,1219,3096.99,1412.46,20.0,17.75,355.02
8064,269.0688,1217,1410.19,1856.52,14.81,19.11,283.02
8064,269.0688,1220,1809.64,1700.08,16.47,19.52,321.44
8064,269.0688,1273,2844.13,705.02,17.74,12.62,223.91
8064,269.0688,1288,1791.63,1275.97,28.82,22.5,648.32
8064,269.0688,1316,3811.25,1229.93,24.58,21.72,533.8
8064,269.0688,1248,2990.05,794.41,13.58,18.18,246.89
8064,269.0688,1323,2113.83,1957.99,18.62,14.46,269.31
8070,269.269,1219,3094.97,1411.18,18.48,16.1,297.38
8070,269.269,1217,1411.28,1857.5,14.57,18.73,272.95
8070,269.269,1220,1811.49,1698.52,16.05,19.17,307.59
8070,269.269,1273,2847.05,704.05,18.24,13.06,238.23
8070,269.269,1288,1794.63,1274.71,28.74,22.58,649.16
8070,269.269,1316,3810.89,1230.23,24.6,21.58,530.92
8070,269.269,1248,2991.43,796.92,12.54,16.87,211.59
8070,269.269,1323,2113.79,1956.64,19.02,14.68,279.26
8070,269.269,1252,2110.03,1956.64,18.05,14.83,267.67
8070,269.269,1246,1992.12,817.32,16.01,13.92,222.91
8076,269.4692,1219,3094.24,1410.13,18.0,15.42,277.68
8076,269.4692,1217,1411.93,1858.74,14.85,19.03,282.7
8076,269.4692,1220,1813.14,1696.91,16.04,19.21,308.21
8076,269.4692,1273,2850.13,703.28,18.34,13.17,241.62
8076,269.4692,1288,1797.91,1273.26,28.27,22.38,632.69
8076,269.4692,1316,3809.92,1230.89,25.1,21.84,548.01
8076,269.4692,1248,2993.2,799.6,11.93,16.14,192.51
8076,269.4692,1323,2113.75,1955.26,19.03,14.57,277.39
8076,269.4692,1252,2109.99,1955.31,18.12,14.71,266.63
8076,269.4692,1246,1995.12,818.34,15.45,13.51,208.74
8082,269.6694,1219,3093.8,1408.33,17.84,15.09,269.2
8082,269.6694,1217,1412.44,1859.77,15.24,19.41,295.81
8082,269.6694,1220,1814.54,1694.58,15.87,19.19,304.4
8082,269.6694,1273,2853.11,702.6,18.06,12.95,233.95
8082,269.6694,1288,1800.86,1271.68,28.55,22.8,650.88
8082,269.6694,1316,3809.17,1231.6,25.27,21.88,552.81
8082,269.6694,1248,2994.38,801.49,11.7,15.68,183.48
8082,269.6694,1323,2113.62,1954.05,19.4,14.75,286.09
8082,269.6694,1252,2109.98,1954.15,18.57,14.96,277.82
8082,269.6694,1246,1997.91,819.28,14.86,13.07,194.27
8088,269.8696,1219,3093.26,1406.23,17.32,14.49,250.86
8088,269.8696,1217,1413.0,1861.46,15.82,20.25,320.42
8088,269.8696,1220,1816.16,1692.33,15.65,19.1,299.04
8088,269.8696,1273,2857.1,702.45,18.14,12.79,232.04
8088,269.8696,1288,1803.31,1270.16,28.92,23.38,676.15
8088,269.8696,1316,3808.68,1233.2,25.67,22.14,568.41
8088,269.8696,1248,2995.48,803.95,12.1,15.85,191.72
8088,269.8696,1252,2109.61,1952.66,18.07,14.46,261.24
8088,269.8696,1246,2000.94,821.0,15.31,13.52,206.93
8094,270.0698,1219,3092.66,1404.32,17.34,14.4,249.75
8094,270.0698,1217,1413.41,1862.86,15.6,19.84,309.61
8094,270.0698,1220,1817.5,1689.8,15.63,19.2,300.14
8094,270.0698,1273,2859.7,702.37,18.21,12.83,233.67
8094,270.0698,1288,1805.34,1268.99,28.08,22.81,640.72
8094,270.0698,1316,3808.25,1234.65,26.19,22.54,590.12
8094,270.0698,1248,2997.3,807.0,12.8,17.02,217.84
8094,270.0698,1252,2109.32,1950.99,18.13,14.49,262.58
8094,270.0698,1246,2003.54,822.79,14.7,12.98,190.72
8100,270.27,1219,3092.48,1402.74,17.33,14.31,247.99
8100,270.27,1217,1414.06,1863.55,15.19,19.16,291.05
8100,270.27,1220,1818.63,1688.11,15.6,19.08,297.51
8100,270.27,1273,2862.54,702.19,18.46,13.03,240.57
8100,270.27,1288,1808.82,1267.57,27.36,22.29,609.92
8100,270.27,1316,3808.03,1235.93,26.94,23.23,625.74
8100,270.27,1248,2999.31,809.29,11.65,15.56,181.25
8100,270.27,1252,2109.14,1949.52,18.37,14.71,270.22
8100,270.27,1246,2006.3,823.86,14.88,13.26,197.34
8106,270.4702,1219,3092.13,1401.55,17.56,14.37,252.27
8106,270.4702,1217,1414.75,1865.0,15.67,19.76,309.74
8106,270.4702,1220,1820.1,1686.41,15.73,19.24,302.68
8106,270.4702,1273,2865.98,701.61,18.49,13.13,242.75
8106,270.4702,1288,1811.61,1266.04,28.32,23.21,657.17
8106,270.4702,1316,3807.14,1236.99,27.07,23.44,634.58
8106,270.4702,1248,3000.83,811.68,11.09,14.78,163.95
8106,270.4702,1252,2109.09,1948.24,18.72,15.06,281.86
8106,270.4702,1246,2008.86,824.66,14.65,13.16,192.75
8112,270.6704,1219,3091.82,1400.79,17.35,14.08,244.24
8112,270.6704,1217,1415.16,1867.01,15.3,19.15,292.93
8112,270.6704,1220,1821.25,1684.95,16.59,20.19,334.95
8112,270.6704,1273,2869.34,701.08,19.16,13.74,263.15
8112,270.6704,1288,1814.29,1264.74,28.72,23.68,680.04
8112,270.6704,1316,3806.76,1238.01,26.79,23.36,625.76
8112,270.6704,1248,3002.76,814.65,11.27,15.16,170.85
8112,270.6704,1252,2109.09,1947.53,19.4,15.74,305.33
8112,270.6704,1246,2011.34,825.37,15.1,13.66,206.26
8118,270.8706,1219,3091.65,1400.1,17.86,14.41,257.42
8118,270.8706,1217,1415.68,1868.82,15.25,19.03,290.22
8118,270.8706,1220,1822.07,1683.58,16.8,20.14,338.23
8118,270.8706,1273,2872.58,700.76,19.57,14.22,278.25
8118,270.8706,1288,1817.21,1264.03,27.1,22.41,607.2
8118,270.8706,1316,3806.49,1239.63,26.78,23.53,630.23
8118,270.8706,1248,3005.25,817.85,11.37,15.22,173.11
8118,270.8706,1252,2109.19,1947.29,19.61,16.01,313.86
8118,270.8706,1246,2013.09,826.85,14.69,13.0,191.02
8124,271.0708,1219,3091.26,1399.26,17.88,14.4,257.57
8124,271.0708,1217,1415.78,1870.82,15.37,19.02,292.27
8124,271.0708,1220,1825.45,1682.59,16.52,19.41,320.7
8124,271.0708,1273,2875.9,700.86,19.16,13.99,268.03
8124,271.0708,1288,1819.48,1263.47,28.35,23.5,666.17
8124,271.0708,1316,3806.28,1241.68,26.83,23.8,638.46
8124,271.0708,1248,3006.89,820.41,11.62,15.59,181.12
8124,271.0708,1252,2108.97,1947.31,19.44,16.01,311.19
8124,271.0708,1246,2017.82,828.76,15.33,13.29,203.7
8124,271.0708,1337,1822.66,1683.17,19.32,19.11,369.25
8130,271.271,1219,3090.98,1398.52,17.84,14.32,255.35
8130,271.271,1217,1415.6,1872.94,15.16,18.64,282.62
8130,271.271,1220,1827.08,1681.71,16.94,19.78,335.19
8130,271.271,1273,2878.71,701.23,18.69,13.42,250.88
8130,271.271,1288,1822.23,1262.55,27.74,23.12,641.37
8130,271.271,1316,3806.68,1244.34,27.03,24.18,653.71
8130,271.271,1248,3008.75,823.16,11.44,15.35,175.5
8130,271.271,1252,2108.79,1947.33,19.32,16.07,310.37
8130,271.271,1246,2020.43,831.5,15.72,13.67,214.91
8136,271.4712,1219,3090.42,1397.67,17.45,13.87,242.07
8136,271.4712,1217,1415.76,1875.25,15.34,18.77,287.92
8136,271.4712,1220,1827.98,1680.81,17.82,20.97,373.79
8136,271.4712,1273,2883.07,701.43,18.24,13.07,238.5
8136,271.4712,1288,1825.04,1261.48,26.7,22.21,593.09
8136,271.4712,1316,3807.02,1246.82,27.15,24.46,664.08
8136,271.4712,1248,3010.82,826.15,11.44,15.44,176.58
8136,271.4712,1252,2108.51,1947.14,19.62,16.58,325.3
8136,271.4712,1246,2022.88,833.38,15.02,13.18,197.94
8142,271.6714,1219,3089.86,1396.62,17.37,13.67,237.3
8142,271.6714,1217,1415.82,1877.08,15.67,19.06,298.54
8142,271.6714,1220,1828.64,1678.24,17.05,20.15,343.62
8142,271.6714,1273,2887.21,701.43,18.19,13.07,237.79
8142,271.6714,1288,1827.68,1260.09,27.99,23.3,652.08
8142,271.6714,1316,3807.6,1248.72,27.41,24.93,683.44
8142,271.6714,1248,3012.72,828.83,11.51,15.58,179.37
8142,271.6714,1252,2108.16,1946.71,20.26,17.53,355.05
8142,271.6714,1246,2025.64,834.86,15.42,13.64,210.38
8148,271.8716,1219,3089.61,1395.94,17.76,13.88,246.64
8148,271.8716,1217,1416.16,1878.52,15.44,18.66,288.07
8148,271.8716,1220,1829.5,1676.46,16.34,19.35,316.11
8148,271.8716,1273,2891.09,701.17,18.71,13.52,253.07
8148,271.8716,1288,1831.02,1259.44,27.1,22.6,612.32
8148,271.8716,1316,3807.41,1250.34,26.78,24.57,657.88
8148,271.8716,1248,3014.86,831.76,11.48,15.58,178.92
8148,271.8716,1252,2107.86,1946.2,20.95,18.64,390.65
8148,271.8716,1246,2027.97,835.87,16.26,14.68,238.65
8154,272.0718,1219,3089.76,1395.27,17.79,13.81,245.55
8154,272.0718,1217,1416.6,1880.31,15.41,18.6,286.65
8154,272.0718,1220,1830.38,1674.74,15.86,18.73,297.05
8154,272.0718,1273,2894.73,700.53,20.16,14.79,298.27
8154,272.0718,1288,1833.23,1258.26,27.09,22.81,617.77
8154,272.0718,1316,3807.25,1251.21,26.69,24.78,661.49
8154,272.0718,1248,3016.9,834.79,11.69,15.91,185.97
8154,272.0718,1252,2107.89,1942.63,20.32,18.46,375.2
8154,272.0718,1246,2030.55,836.29,16.52,15.21,251.18
8160,272.272,1219,3089.75,1394.36,17.86,13.78,246.06
8160,272.272,1217,1417.16,1881.54,15.9,19.17,304.76
8160,272.272,1220,1831.98,1673.29,16.18,19.26,311.53
8160,272.272,1273,2898.04,700.0,21.18,15.84,335.52
8160,272.272,1288,1836.33,1256.3,26.75,22.59,604.48
8160,272.272,1316,3807.23,1252.57,26.92,25.27,680.44
8160,272.272,1248,3018.58,836.9,12.32,16.7,205.75
8160,272.272,1252,2108.13,1941.07,19.59,18.05,353.74
8160,272.272,1246,2033.34,836.74,17.06,16.1,274.67
8166,272.4722,1219,3088.83,1393.03,17.88,13.69,244.84
8166,272.4722,1217,1417.77,1882.58,16.58,20.15,334.06
8166,272.4722,1220,1833.04,1671.44,16.11,19.34,311.51
8166,272.4722,1273,2900.51,699.85,21.14,16.14,341.24
8166,272.4722,1288,1838.34,1255.0,26.21,21.98,576.19
8166,272.4722,1316,3806.94,1254.45,26.58,25.27,671.85
8166,272.4722,1248,3019.61,838.36,13.62,18.45,251.34
8166,272.4722,1252,2108.11,1940.18,18.52,17.22,318.77
8166,272.4722,1246,2035.56,837.35,17.98,17.36,312.17
8172,272.6724,1219,3087.64,1392.09,17.99,13.71,246.58
8172,272.6724,1217,1418.55,1884.69,16.38,19.58,320.87
8172,272.6724,1220,1833.94,1670.06,15.99,19.21,307.26
8172,272.6724,1273,2904.75,699.92,21.07,16.03,337.71
8172,272.6724,1288,1840.6,1253.4,26.74,22.54,602.8
8172,272.6724,1316,3806.54,1256.37,26.51,25.53,676.67
8172,272.6724,1248,3020.56,842.24,13.77,18.28,251.69
8172,272.6724,1252,2107.93,1939.84,17.86,16.77,299.54
8172,272.6724,1246,2037.38,841.6,17.99,17.38,312.67
8178,272.8726,1219,3086.81,1391.22,17.82,13.46,239.97
8178,272.8726,1217,1418.73,1885.93,16.45,19.33,317.95
8178,272.8726,1220,1834.27,1668.37,15.63,18.65,291.39
8178,272.8726,1273,2907.93,699.99,20.61,15.89,327.44
8178,272.8726,1288,1843.49,1252.07,27.57,23.35,643.78
8178,272.8726,1316,3806.25,1258.13,26.17,25.5,667.45
8178,272.8726,1252,2107.57,1939.32,16.66,15.72,261.82
8178,272.8726,1246,2041.88,843.76,17.18,16.41,281.97
8184,273.0728,1219,3086.18,1390.36,17.75,13.21,234.56
8184,273.0728,1217,1418.84,1887.26,16.31,18.85,307.45
8184,273.0728,1220,1835.01,1666.36,15.63,18.66,291.59
8184,273.0728,1273,2910.9,700.04,20.23,15.81,319.8
8184,273.0728,1288,1845.59,1251.42,26.79,22.64,606.42
8184,273.0728,1316,3806.32,1260.05,25.62,25.27,647.35
8184,273.0728,1252,2107.14,1939.01,15.85,14.99,237.66
8184,273.0728,1246,2044.37,845.25,15.6,14.8,230.98
8184,273.0728,1248,3026.84,847.25,12.58,15.97,200.84
8190,273.273,1219,3085.67,1389.41,17.78,13.0,231.09
8190,273.273,1217,1418.76,1888.82,17.25,19.76,340.88
8190,273.273,1220,1835.46,1664.09,15.88,19.09,303.24
8190,273.273,1273,2913.88,699.69,20.78,16.52,343.39
8190,273.273,1288,1848.16,1249.84,26.29,22.05,579.65
8190,273.273,1316,3805.77,1261.86,25.44,25.5,648.71
8190,273.273,1252,2106.36,1938.62,15.07,14.14,213.13
8190,273.273,1246,2046.04,846.47,14.87,14.19,211.08
8190,273.273,1248,3028.37,849.96,12.76,15.8,201.58
8196,273.4732,1219,3084.1,1387.75,19.36,14.23,275.45
8196,273.4732,1217,1418.74,1890.3,17.21,19.48,335.23
8196,273.4732,1220,1835.99,1661.98,15.95,19.15,305.48
8196,273.4732,1273,2916.56,699.34,21.34,17.24,367.79
8196,273.4732,1288,1850.58,1247.89,27.7,23.52,651.47
8196,273.4732,1316,3804.9,1263.87,24.72,25.06,619.4
8196,273.4732,1252,2105.56,1937.81,14.62,13.56,198.28
8196,273.4732,1246,2047.97,848.16,14.39,13.78,198.22
8196,273.4732,1248,3029.68,852.79,12.64,15.57,196.73
8202,273.6734,1219,3083.43,1387.03,19.59,14.4,282.22
8202,273.6734,1217,1418.97,1891.91,17.29,19.47,336.67
8202,273.6734,1220,1836.9,1660.46,15.97,19.12,305.37
8202,273.6734,1273,2919.5,699.13,21.46,17.67,379.15
8202,273.6734,1288,1852.86,1246.72,26.71,22.65,604.76
8202,273.6734,1316,3804.39,1265.96,25.29,26.05,658.77
8202,273.6734,1252,2105.39,1937.06,14.5,13.34,193.39
8202,273.6734,1246,2049.93,849.22,14.47,13.95,201.92
8202,273.6734,1248,3030.3,855.52,12.77,15.77,201.35
8208,273.8736,1219,3082.72,1386.66,19.4,14.21,275.69
8208,273.8736,1217,1419.1,1892.91,16.96,18.95,321.38
8208,273.8736,1220,1838.0,1658.97,15.83,18.98,300.41
8208,273.8736,1273,2922.24,698.93,21.54,18.07,389.24
8208,273.8736,1288,1855.63,1245.65,26.83,22.83,612.49
8208,273.8736,1316,3803.89,1267.79,24.58,25.59,628.8
8208,273.8736,1252,2105.64,1936.8,14.27,12.97,185.08
8208,273.8736,1246,2052.28,850.53,14.35,13.87,198.98
8208,273.8736,1248,3030.85,858.15,12.48,15.52,193.76
8208,273.8736,1344,2160.8,1779.22,21.21,25.0,530.1
8214,274.0738,1219,3081.79,1386.44,18.99,13.88,263.66
8214,274.0738,1217,1419.43,1894.21,17.66,19.84,350.3
8214,274.0738,1220,1838.72,1657.73,16.28,19.7,320.67
8214,274.0738,1273,2925.18,698.8,21.5,18.34,394.31
8214,274.0738,1288,1857.79,1243.78,27.13,23.2,629.32
8214,274.0738,1316,3803.7,1269.32,24.01,25.25,606.21
8214,274.0738,1252,2105.95,1936.88,14.39,12.9,185.61
8214,274.0738,1246,2054.9,851.79,14.27,13.86,197.71
8214,274.0738,1248,3032.4,860.52,12.87,16.29,209.77
8214,274.0738,1344,2161.67,1778.0,21.11,24.9,525.54
8220,274.274,1219,3080.66,1386.11,19.05,13.82,263.26
8220,274.274,1217,1419.26,1895.14,18.65,21.09,393.46
8220,274.274,1220,1839.5,1655.23,17.12,20.95,358.65
8220,274.274,1273,2929.49,698.6,21.76,18.75,407.94
8220,274.274,1316,3803.9,1271.15,23.92,25.47,609.32
8220,274.274,1252,2105.72,1936.48,14.34,12.66,181.54
8220,274.274,1246,2057.84,853.7,14.41,14.0,201.77
8220,274.274,1248,3033.8,862.22,14.12,18.33,258.83
8220,274.274,1344,2163.63,1776.13,20.42,24.07,491.6
8220,274.274,1346,2929.17,693.21,17.69,18.43,326.0
8226,274.4742,1219,3080.07,1385.27,18.94,13.64,258.37
8226,274.4742,1217,1419.29,1897.36,18.26,20.69,377.81
8226,274.4742,1220,1840.03,1653.32,16.1,19.55,314.68
8226,274.4742,1316,3804.29,1272.76,23.66,25.53,603.99
8226,274.4742,1252,2105.52,1935.34,14.4,12.57,181.04
8226,274.4742,1246,2059.99,855.17,14.24,13.68,194.73
8226,274.4742,1248,3035.71,865.9,14.1,18.74,264.18
8226,274.4742,1344,2165.95,1774.43,20.42,24.02,490.55
8226,274.4742,1346,2932.24,692.82,16.97,17.65,299.43
8226,274.4742,1288,1863.3,1239.95,27.43,23.49,644.26
8232,274.6744,1219,3079.56,1384.39,18.8,13.5,253.9
8232,274.6744,1217,1419.55,1898.57,17.42,19.74,343.88
8232,274.6744,1220,1840.71,1651.53,15.66,18.9,296.08
8232,274.6744,1316,3804.48,1274.77,23.22,25.33,588.02
8232,274.6744,1252,2105.47,1934.21,14.89,12.95,192.81
8232,274.6744,1246,2061.59,856.57,14.2,13.2,187.4
8232,274.6744,1248,3037.7,868.04,12.97,17.4,225.64
8232,274.6744,1344,2167.63,1772.42,20.49,24.1,493.82
8232,274.6744,1346,2935.62,692.21,15.82,16.42,259.72
8238,274.8746,1219,3079.32,1383.39,18.87,13.43,253.45
8238,274.8746,1217,1419.69,1899.41,16.66,18.82,313.54
8238,274.8746,1220,1841.18,1648.85,15.6,18.75,292.45
8238,274.8746,1316,3805.23,1276.12,22.65,24.78,561.24
8238,274.8746,1252,2105.55,1933.39,15.25,13.2,201.28
8238,274.8746,1246,2066.57,857.62,15.07,13.93,209.88
8238,274.8746,1248,3040.21,870.2,12.55,16.96,212.86
8238,274.8746,1344,2168.59,1770.45,20.35,23.93,486.89
8238,274.8746,1346,2939.52,691.52,14.6,15.04,219.59
8238,274.8746,1288,1868.54,1236.56,27.37,23.65,647.15
8244,275.0748,1219,3078.7,1383.02,18.64,13.13,244.77
8244,275.0748,1217,1419.94,1901.12,16.92,19.23,325.31
8244,275.0748,1220,1842.0,1646.43,15.62,18.7,291.99
8244,275.0748,1316,3805.81,1277.6,22.6,24.8,560.55
8244,275.0748,1252,2105.66,1932.67,15.35,13.12,201.46
8244,275.0748,1246,2068.95,858.3,15.19,14.11,214.38
8244,275.0748,1248,3041.59,872.15,12.01,16.26,195.3
8244,275.0748,1344,2169.95,1768.53,20.51,24.06,493.67
8244,275.0748,1346,2942.83,691.34,14.4,14.68,211.45
8244,275.0748,1288,1871.27,1234.61,26.19,22.67,593.81
8250,275.275,1219,3078.3,1382.73,19.05,13.36,254.5
8250,275.275,1217,1420.28,1902.64,16.55,18.89,312.74
8250,275.275,1220,1842.84,1644.42,15.64,18.54,289.83
8250,275.275,1316,3806.5,1279.45,22.67,25.16,570.36
8250,275.275,1252,2106.21,1932.71,15.78,13.41,211.66
8250,275.275,1246,2071.58,859.44,15.47,14.54,224.96
8250,275.275,1248,3043.92,873.75,12.94,17.84,230.81
8250,275.275,1344,2171.35,1766.27,19.83,23.16,459.27
8250,275.275,1346,2946.86,691.29,14.48,14.58,211.06
8256,275.4752,1219,3078.52,1382.47,19.34,13.5,261.09
8256,275.4752,1217,1420.69,1904.33,16.5,18.97,313.02
8256,275.4752,1220,1843.9,1643.23,15.68,18.42,288.9
8256,275.4752,1316,3807.0,1281.13,22.99,25.79,593.07
8256,275.4752,1252,2106.81,1932.75,15.98,13.49,215.56
8256,275.4752,1246,2074.01,860.15,15.99,15.29,244.41
8256,275.4752,1248,3046.11,875.17,14.21,20.09,285.34
8256,275.4752,1344,2172.96,1764.23,19.45,22.58,439.28
8256,275.4752,1346,2949.86,690.97,14.18,13.94,197.69
8262,275.6754,1219,3078.52,1382.59,19.12,13.29,254.0
8262,275.6754,1217,1421.23,1905.66,15.98,18.46,295.06
8262,275.6754,1220,1844.88,1642.22,15.49,17.88,276.95
8262,275.6754,1316,3807.97,1283.37,22.42,25.3,567.29
8262,275.6754,1252,2107.73,1932.7,15.87,13.29,210.89
8262,275.6754,1344,2173.87,1762.25,19.12,22.16,423.7
8262,275.6754,1346,2954.51,690.41,13.53,12.98,175.64
8262,275.6754,1288,1880.01,1229.73,25.55,22.32,570.32
8268,275.8756,1219,3078.34,1382.52,19.69,13.61,268.0
8268,275.8756,1217,1421.75,1907.42,16.13,18.73,302.07
8268,275.8756,1220,1846.03,1640.82,15.8,18.16,286.8
8268,275.8756,1316,3809.2,1285.04,21.93,24.77,543.11
8268,275.8756,1252,2108.21,1932.57,15.77,13.09,206.48
8268,275.8756,1344,2175.32,1760.59,19.22,22.25,427.53
8268,275.8756,1346,2958.38,689.69,13.27,12.41,164.7
8268,275.8756,1288,1882.67,1228.14,27.01,23.79,642.51
8268,275.8756,1246,2080.41,863.13,14.49,13.71,198.59
8268,275.8756,1248,3051.86,881.4,12.53,17.18,215.37
8274,276.0758,1219,3077.87,1381.99,19.88,13.69,272.2
8274,276.0758,1217,1422.71,1908.64,16.03,18.62,298.51
8274,276.0758,1220,1846.79,1638.5,15.98,18.19,290.66
8274,276.0758,1316,3811.06,1286.45,22.28,25.2,561.45
8274,276.0758,1252,2108.84,1932.17,15.58,12.68,197.59
8274,276.0758,1344,2177.56,1759.4,19.53,22.5,439.46
8274,276.0758,1346,2962.81,688.79,13.67,12.48,170.68
8274,276.0758,1246,2083.54,864.59,15.31,14.66,224.37
8274,276.0758,1248,3053.84,883.87,12.03,16.42,197.47
8280,276.276,1219,3077.66,1381.21,19.97,13.74,274.42
8280,276.276,1217,1423.33,1909.88,16.39,19.17,314.06
8280,276.276,1220,1847.75,1636.09,15.87,17.84,283.17
8280,276.276,1316,3813.15,1287.92,22.46,25.53,573.47
8280,276.276,1252,2109.27,1930.97,15.61,12.44,194.18
8280,276.276,1344,2179.63,1757.69,19.43,22.26,432.5
8280,276.276,1346,2966.81,688.23,13.48,12.04,162.3
8280,276.276,1246,2086.87,866.18,15.02,14.52,218.11
8280,276.276,1248,3055.95,885.29,12.41,17.15,212.79
8286,276.4762,1219,3077.94,1380.36,20.13,13.86,279.05
8286,276.4762,1217,1423.98,1911.16,16.33,19.19,313.3
8286,276.4762,1220,1848.48,1633.45,15.59,17.23,268.66
8286,276.4762,1316,3814.25,1289.57,22.6,25.74,581.88
8286,276.4762,1252,2109.64,1930.24,16.19,12.65,204.81
8286,276.4762,1344,2181.22,1755.12,19.08,21.61,412.32
8286,276.4762,1346,2971.06,687.56,14.11,12.32,173.8
8286,276.4762,1246,2090.16,867.42,14.27,13.84,197.42
8286,276.4762,1248,3058.33,886.41,13.24,18.7,247.62
8292,276.6764,1219,3078.22,1380.04,20.15,13.85,279.06
8292,276.6764,1217,1425.2,1911.53,16.47,19.43,320.02
8292,276.6764,1220,1849.29,1631.18,15.81,17.36,274.4
8292,276.6764,1316,3814.9,1291.08,22.07,25.14,554.81
8292,276.6764,1252,2110.1,1929.7,16.62,12.67,210.59
8292,276.6764,1344,2182.29,1751.83,19.46,21.98,427.73
8292,276.6764,1346,2974.66,686.67,14.68,12.34,181.23
8292,276.6764,1246,2093.54,868.16,14.38,14.03,201.78
8292,276.6764,1248,3060.68,890.03,12.95,18.45,238.89
8298,276.8766,1219,3077.64,1380.21,20.14,13.82,278.29
8298,276.8766,1217,1425.84,1912.84,16.73,19.84,331.85
8298,276.8766,1220,1850.15,1629.05,15.89,17.29,274.76
8298,276.8766,1316,3815.35,1292.45,22.2,25.27,561.05
8298,276.8766,1252,2110.41,1929.25,16.96,12.63,214.24
8298,276.8766,1344,2183.06,1749.56,19.07,21.24,404.98
8298,276.8766,1346,2979.21,685.71,15.04,12.49,187.79
8298,276.8766,1246,2096.37,868.92,14.7,14.48,212.9
8298,276.8766,1248,3062.82,892.0,11.99,17.11,205.19
8298,276.8766,1288,1897.35,1217.82,26.57,23.68,629.18
8304,277.0768,1219,3077.7,1380.43,20.22,13.86,280.26
8304,277.0768,1217,1426.78,1914.22,16.27,19.31,314.32
8304,277.0768,1220,1851.32,1627.66,15.88,16.95,269.25
8304,277.0768,1316,3816.72,1294.54,21.93,24.91,546.27
8304,277.0768,1252,2113.21,1928.71,16.32,11.89,193.99
8304,277.0768,1344,2184.57,1747.96,19.32,21.16,408.75
8304,277.0768,1346,2982.86,684.65,15.09,12.33,186.13
8304,277.0768,1246,2099.73,870.08,14.0,13.73,192.13
8304,277.0768,1248,3065.34,894.53,11.3,16.07,181.64
8310,277.277,1219,3078.0,1380.38,20.03,13.75,275.45
8310,277.277,1217,1427.92,1915.62,16.16,19.2,310.27
8310,277.277,1220,1852.63,1626.61,15.62,16.41,256.39
8310,277.277,1316,3818.1,1296.6,21.63,24.75,535.5
8310,277.277,1252,2114.71,1928.6,16.57,12.0,198.91
8310,277.277,1344,2185.71,1746.56,19.18,20.73,397.62
8310,277.277,1346,2987.1,683.76,15.5,12.5,193.72
8310,277.277,1246,2103.11,871.12,14.35,14.2,203.77
8310,277.277,1248,3067.14,897.18,11.29,15.62,176.29
8310,277.277,1288,1903.92,1213.38,27.26,24.59,670.25
8316,277.4772,1219,3078.08,1380.44,20.12,13.83,278.36
8316,277.4772,1217,1429.0,1916.79,16.24,19.29,313.24
8316,277.4772,1220,1853.97,1625.19,15.8,16.37,258.59
8316,277.4772,1316,3819.43,1298.81,22.29,25.71,573.09
8316,277.4772,1252,2115.89,1928.81,16.62,12.05,200.33
8316,277.4772,1344,2187.14,1744.84,19.24,20.43,393.05
8316,277.4772,1346,2991.3,683.16,15.9,12.67,201.5
8316,277.4772,1246,2106.64,872.42,14.26,14.1,201.07
8316,277.4772,1248,3068.81,899.87,12.16,16.13,196.16
8322,277.6774,1219,3077.55,1380.5,20.25,13.9,281.62
8322,277.6774,1217,1430.18,1917.7,16.07,19.11,307.18
8322,277.6774,1220,1854.54,1623.17,15.82,16.09,254.59
8322,277.6774,1316,3820.32,1300.84,22.06,25.45,561.48
8322,277.6774,1252,2116.6,1929.1,16.58,12.06,199.89
8322,277.6774,1344,2188.67,1743.16,18.93,19.73,373.5
8322,277.6774,1346,2995.28,683.01,16.1,12.71,204.69
8322,277.6774,1246,2109.18,874.15,14.44,13.92,201.07
8322,277.6774,1288,1909.99,1209.49,27.35,25.05,685.1
8328,277.8776,1219,3077.18,1380.74,19.99,13.71,274.02
8328,277.8776,1217,1430.92,1918.79,17.2,20.64,355.09
8328,277.8776,1220,1854.92,1621.28,15.82,15.77,249.45
8328,277.8776,1316,3822.11,1302.68,21.78,24.95,543.46
8328,277.8776,1252,2117.16,1929.22,16.74,12.2,204.22
8328,277.8776,1344,2189.83,1741.76,19.21,19.59,376.25
8328,277.8776,1346,2998.71,683.35,16.65,12.82,213.49
8328,277.8776,1246,2114.35,876.04,15.07,14.34,216.15
8328,277.8776,1288,1913.95,1208.21,26.77,24.94,667.62
8328,277.8776,1248,3075.89,905.22,12.42,16.15,200.57
8334,278.0778,1219,3077.24,1381.45,20.1,13.82,277.8
8334,278.0778,1217,1431.85,1920.93,17.38,21.02,365.42
8334,278.0778,1220,1855.58,1619.63,16.14,15.82,255.35
8334,278.0778,1316,3823.1,1304.56,22.12,25.32,560.04
8334,278.0778,1252,2118.08,1928.97,16.77,12.26,205.57
8334,278.0778,1344,2191.24,1740.48,19.49,19.44,378.87
8334,278.0778,1346,3003.63,683.44,16.56,12.65,209.51
8334,278.0778,1246,2117.23,878.06,14.99,14.37,215.51
8334,278.0778,1288,1916.35,1206.78,26.87,25.17,676.32
8334,278.0778,1248,3077.99,907.88,12.38,16.12,199.62
8340,278.278,1219,3077.01,1382.2,20.01,13.77,275.44
8340,278.278,1217,1432.46,1922.55,16.28,19.54,318.08
8340,278.278,1220,1856.44,1618.03,16.28,15.67,255.16
8340,278.278,1316,3824.07,1307.2,22.65,25.87,585.79
8340,278.278,1252,2118.71,1928.57,16.89,12.46,210.44
8340,278.278,1344,2192.14,1738.9,19.67,19.24,378.59
8340,278.278,1346,3007.48,683.13,16.23,12.28,199.35
8340,278.278,1246,2119.86,879.66,15.11,14.62,220.91
8340,278.278,1288,1919.4,1204.7,26.16,24.64,644.49
8340,278.278,1248,3079.75,909.62,13.24,17.7,234.45
8346,278.4782,1219,3076.66,1382.81,19.89,13.69,272.22
8346,278.4782,1217,1433.62,1923.67,15.85,18.9,299.62
8346,278.4782,1220,1856.94,1617.05,16.72,15.8,264.19
8346,278.4782,1316,3824.42,1309.63,22.46,25.65,576.04
8346,278.4782,1252,2119.25,1928.52,16.51,12.23,201.87
8346,278.4782,1344,2192.82,1736.91,19.35,18.5,357.92
8346,278.4782,1346,3011.0,682.73,17.16,12.94,222.12
8346,278.4782,1246,2122.6,881.4,14.81,14.45,214.02
8346,278.4782,1288,1922.39,1202.49,27.05,25.83,698.48
8346,278.4782,1248,3081.58,913.58,13.67,18.66,255.04
8352,278.6784,1219,3076.05,1383.17,19.88,13.73,272.93
8352,278.6784,1217,1434.25,1925.24,15.94,18.91,301.45
8352,278.6784,1220,1857.31,1616.17,16.64,15.44,257.01
8352,278.6784,1316,3825.02,1311.94,22.39,25.54,571.79
8352,278.6784,1252,2119.48,1928.57,16.33,12.13,198.07
8352,278.6784,1344,2193.21,1735.48,19.88,18.63,370.46
8352,278.6784,1346,3014.19,682.15,17.47,13.16,229.86
8352,278.6784,1246,2125.27,882.83,15.15,14.84,224.79
8352,278.6784,1288,1924.86,1200.68,27.03,26.0,702.79
8352,278.6784,1248,3083.75,916.47,12.42,17.01,211.31
8358,278.8786,1219,3075.62,1383.85,20.28,14.12,286.37
8358,278.8786,1217,1434.98,1926.69,16.23,19.13,310.47
8358,278.8786,1220,1857.84,1615.3,16.95,15.47,262.2
8358,278.8786,1316,3825.75,1314.08,22.81,26.02,593.48
8358,278.8786,1252,2120.41,1928.87,16.36,12.24,200.27
8358,278.8786,1344,2193.66,1734.25,20.73,19.09,395.77
8358,278.8786,1346,3018.09,681.65,17.57,13.23,232.56
8358,278.8786,1246,2128.2,883.96,15.44,15.34,236.94
8358,278.8786,1288,1927.91,1199.1,25.53,24.64,629.15
8358,278.8786,1248,3085.8,919.02,11.75,16.09,189.07
8364,279.0788,1219,3075.43,1384.48,20.18,14.14,285.42
8364,279.0788,1217,1435.27,1928.38,16.24,18.96,307.8
8364,279.0788,1220,1858.46,1614.38,17.34,15.6,270.49
8364,279.0788,1316,3826.72,1316.25,23.06,26.47,610.28
8364,279.0788,1252,2121.58,1929.58,16.49,12.47,205.57
8364,279.0788,1344,2194.42,1733.36,21.11,19.18,404.89
8364,279.0788,1346,3021.64,681.5,17.74,13.27,235.33
8364,279.0788,1246,2131.19,884.84,16.37,16.52,270.39
8364,279.0788,1288,1930.67,1197.47,26.38,25.74,678.98
8364,279.0788,1248,3087.58,921.6,11.64,15.89,184.93
8370,279.279,1219,3074.84,1384.94,19.93,14.01,279.2
8370,279.279,1217,1435.36,1929.8,15.83,18.2,288.25
8370,279.279,1220,1858.43,1613.01,17.3,15.31,264.95
8370,279.279,1316,3827.34,1318.63,22.83,26.37,602.08
8370,279.279,1252,2122.14,1930.19,16.21,12.34,199.91
8370,279.279,1344,2194.85,1732.44,21.76,19.58,426.03
8370,279.279,1346,3025.98,681.47,17.58,12.98,228.07
8370,279.279,1288,1933.55,1195.18,26.25,25.86,678.92
8370,279.279,1248,3089.29,924.48,11.8,16.21,191.25
8376,279.4792,1219,3074.22,1385.28,20.01,14.07,281.65
8376,279.4792,1217,1435.73,1931.01,16.16,18.4,297.41
8376,279.4792,1220,1858.11,1611.81,18.01,15.84,285.32
8376,279.4792,1316,3827.76,1321.18,22.67,26.46,599.83
8376,279.4792,1252,2122.47,1930.51,16.08,12.28,197.49
8376,279.4792,1344,2195.05,1731.04,21.69,19.2,416.6
8376,279.4792,1346,3029.27,681.3,17.58,12.98,228.23
8376,279.4792,1288,1935.3,1193.79,25.57,25.26,645.99
8376,279.4792,1248,3090.59,927.53,11.91,16.3,194.03
8382,279.6794,1219,3074.2,1385.79,20.33,14.39,292.63
8382,279.6794,1217,1435.95,1932.14,16.5,18.72,308.98
8382,279.6794,1220,1858.15,1611.01,19.08,16.8,320.63
8382,279.6794,1316,3827.91,1323.69,21.69,25.38,550.67
8382,279.6794,1252,2122.85,1930.31,16.34,12.53,204.76
8382,279.6794,1344,2194.67,1729.61,21.11,18.37,387.76
8382,279.6794,1346,3033.15,680.74,17.52,12.88,225.7
8382,279.6794,1288,1938.46,1191.68,26.01,25.87,673.04
8382,279.6794,1248,3091.66,929.82,11.61,15.42,178.98
8382,279.6794,1246,2140.25,891.84,15.35,15.44,236.89
8388,279.8796,1219,3074.0,1386.33,20.75,14.76,306.28
8388,279.8796,1217,1436.2,1933.66,16.43,18.54,304.55
8388,279.8796,1220,1858.15,1610.39,20.19,17.88,360.89
8388,279.8796,1316,3828.46,1325.55,21.61,25.48,550.59
8388,279.8796,1252,2123.23,1929.75,17.0,13.2,224.51
8388,279.8796,1344,2194.56,1728.44,20.97,17.98,377.02
8388,279.8796,1346,3036.43,680.09,17.7,12.99,229.94
8388,279.8796,1288,1940.37,1189.64,25.87,25.91,670.14
8388,279.8796,1248,3092.63,931.98,12.15,15.56,189.17
8388,279.8796,1246,2142.43,893.11,14.62,14.88,217.54
8394,280.0798,1219,3073.6,1386.89,20.7,14.71,304.47
8394,280.0798,1217,1436.53,1934.65,16.45,18.47,303.84
8394,280.0798,1220,1858.08,1609.75,21.4,19.17,410.36
8394,280.0798,1316,3829.04,1327.03,21.61,25.82,557.81
8394,280.0798,1252,2123.57,1929.27,16.81,13.13,220.65
8394,280.0798,1344,2194.55,1727.24,22.09,18.84,416.03
8394,280.0798,1346,3039.73,679.19,17.89,13.15,235.18
8394,280.0798,1288,1942.86,1187.43,25.26,25.39,641.13
8394,280.0798,1246,2144.93,894.14,14.28,14.69,209.74
8400,280.28,1219,3073.43,1387.32,21.01,14.93,313.66
8400,280.28,1217,1436.64,1935.86,16.92,18.92,320.26
8400,280.28,1220,1857.83,1606.4,20.8,18.73,389.45
8400,280.28,1316,3829.46,1328.95,21.07,26.25,553.18
8400,280.28,1252,2124.0,1929.3,16.66,13.07,217.74
8400,280.28,1344,2194.55,1725.7,22.94,19.46,446.44
8400,280.28,1346,3042.59,678.24,17.79,13.07,232.57
8400,280.28,1288,1945.09,1185.06,25.49,25.68,654.77
8400,280.28,1246,2146.93,895.4,14.06,14.47,203.42
8406,280.4802,1219,3073.48,1387.8,21.69,15.52,336.54
8406,280.4802,1217,1436.92,1937.33,16.75,18.6,311.56
8406,280.4802,1220,1857.75,1604.93,20.14,18.17,365.97
8406,280.4802,1316,3829.83,1331.05,20.35,26.92,547.68
8406,280.4802,1252,2124.75,1930.18,16.34,12.81,209.37
8406,280.4802,1344,2194.21,1724.25,22.46,18.84,423.15
8406,280.4802,1346,3046.07,677.82,17.77,13.07,232.2
8406,280.4802,1288,1947.06,1182.72,24.67,24.85,613.05
8406,280.4802,1246,2148.99,896.86,13.68,14.1,192.9
8406,280.4802,1248,3101.0,939.65,12.9,16.54,213.41
8412,280.6804,1219,3073.48,1388.31,22.65,16.38,371.15
8412,280.6804,1217,1437.15,1938.89,17.21,19.03,327.61
8412,280.6804,1220,1857.64,1604.37,19.75,17.84,352.38
8412,280.6804,1316,3830.21,1333.32,19.57,26.64,521.32
8412,280.6804,1252,2125.45,1930.72,16.08,12.57,202.15
8412,280.6804,1344,2194.03,1723.34,22.45,18.59,417.23
8412,280.6804,1346,3049.73,677.41,17.67,13.01,229.83
8412,280.6804,1288,1949.55,1180.5,26.0,26.43,686.94
8412,280.6804,1246,2151.98,898.81,13.54,13.98,189.34
8412,280.6804,1248,3102.65,942.13,12.8,16.52,211.47
8418,280.8806,1219,3073.33,1388.65,23.29,17.02,396.52
8418,280.8806,1217,1436.93,1940.04,17.16,18.96,325.31
8418,280.8806,1220,1857.79,1603.99,19.21,17.27,331.78
8418,280.8806,1316,3830.76,1335.38,18.48,26.19,483.94
8418,280.8806,1252,2126.09,1930.95,16.12,12.6,203.19
8418,280.8806,1344,2194.3,1722.76,23.34,19.2,448.06
8418,280.8806,1346,3053.47,677.03,18.55,13.69,253.96
8418,280.8806,1288,1951.98,1178.68,25.21,25.67,647.16
8418,280.8806,1246,2154.99,900.64,14.26,14.77,210.66
8418,280.8806,1248,3104.46,944.31,12.14,15.66,190.11
8424,281.0808,1219,3071.67,1388.8,23.52,17.33,407.47
8424,281.0808,1217,1437.06,1940.73,17.11,18.81,321.83
8424,281.0808,1220,1857.79,1603.51,18.31,16.27,297.88
8424,281.0808,1316,3831.23,1337.89,17.54,26.49,464.75
8424,281.0808,1252,2126.05,1930.67,16.42,12.88,211.48
8424,281.0808,1344,2194.54,1722.37,23.75,19.5,462.98
8424,281.0808,1346,3057.13,676.34,18.56,13.68,253.94
8424,281.0808,1288,1954.27,1177.13,24.58,25.19,619.41
8424,281.0808,1246,2156.99,902.25,14.41,14.61,210.53
8424,281.0808,1248,3106.41,946.31,12.1,15.72,190.28
8430,281.281,1219,3072.62,1389.08,24.01,17.92,430.2
8430,281.281,1217,1437.07,1941.49,17.0,18.58,315.86
8430,281.281,1220,1857.66,1603.09,17.71,15.48,274.18
8430,281.281,1316,3831.9,1340.16,16.2,26.87,435.22
8430,281.281,1252,2126.26,1930.59,16.59,13.03,216.21
8430,281.281,1344,2194.68,1721.7,23.92,19.55,467.63
8430,281.281,1346,3061.06,676.28,19.51,14.54,283.76
8430,281.281,1288,1957.0,1174.59,25.98,26.86,697.82
8430,281.281,1246,2161.6,903.56,15.18,15.02,227.89
8430,281.281,1248,3108.53,948.92,12.21,15.93,194.44
8436,281.4812,1219,3073.19,1389.43,24.53,18.62,456.95
8436,281.4812,1217,1437.18,1942.22,17.82,19.48,347.13
8436,281.4812,1220,1857.78,1602.49,17.41,14.9,259.41
8436,281.4812,1316,3832.41,1342.9,15.19,26.39,400.8
8436,281.4812,1252,2126.69,1930.97,16.54,12.95,214.25
8436,281.4812,1344,2194.82,1720.95,23.29,18.77,437.23
8436,281.4812,1346,3064.9,676.15,19.97,15.11,301.79
8436,281.4812,1288,1959.89,1172.72,25.11,26.0,652.92
8436,281.4812,1246,2164.22,904.88,15.21,14.98,227.78
8436,281.4812,1248,3110.63,951.77,12.15,15.94,193.55
8442,281.6814,1219,3073.37,1392.69,24.84,19.18,476.41
8442,281.6814,1217,1437.65,1944.73,18.82,20.55,386.7
8442,281.6814,1220,1857.91,1601.58,17.58,14.79,260.02
8442,281.6814,1316,3832.74,1345.69,14.52,25.87,375.61
8442,281.6814,1252,2127.53,1931.5,16.43,12.87,211.39
8442,281.6814,1344,2194.2,1719.66,22.94,18.31,420.14
8442,281.6814,1346,3068.56,676.04,20.22,15.47,312.73
8442,281.6814,1288,1962.2,1170.43,24.61,25.48,627.07
8442,281.6814,1246,2166.4,906.21,14.88,14.83,220.66
8442,281.6814,1248,3113.32,954.38,11.97,15.64,187.21
8448,281.8816,1219,3073.31,1394.24,24.13,18.83,454.45
8448,281.8816,1217,1437.65,1946.46,17.94,19.37,347.42
8448,281.8816,1220,1857.7,1600.95,17.61,14.59,256.91
8448,281.8816,1316,3832.93,1347.48,14.14,25.61,362.06
8448,281.8816,1252,2128.06,1932.11,16.6,13.0,215.76
8448,281.8816,1344,2193.67,1718.58,23.31,18.53,432.04
8448,281.8816,1346,3071.07,675.84,20.83,15.95,332.2
8448,281.8816,1288,1964.59,1167.9,24.96,25.87,645.84
8448,281.8816,1246,2168.9,907.9,15.42,15.59,240.41
8448,281.8816,1248,3115.01,956.65,12.73,16.56,210.84
8454,282.0818,1219,3073.31,1395.33,22.64,17.7,400.67
8454,282.0818,1217,1437.79,1947.84,16.57,17.44,288.94
8454,282.0818,1220,1857.68,1600.89,17.53,14.28,250.3
8454,282.0818,1316,3833.21,1349.79,13.58,24.47,332.22
8454,282.0818,1252,2128.37,1933.07,16.87,13.25,223.56
8454,282.0818,1344,2193.59,1717.66,24.36,19.38,472.03
8454,282.0818,1346,3075.31,675.53,21.33,16.61,354.31
8454,282.0818,1288,1966.89,1166.42,24.68,25.77,635.89
8454,282.0818,1246,2171.83,909.42,17.07,17.72,302.4
8454,282.0818,1248,3116.15,961.09,14.34,18.64,267.23
8460,282.282,1219,3071.35,1395.91,21.59,16.89,364.74
8460,282.282,1217,1437.91,1949.36,17.97,18.79,337.5
8460,282.282,1220,1857.71,1600.62,17.92,14.38,257.66
8460,282.282,1316,3833.5,1352.54,13.0,22.94,298.17
8460,282.282,1252,2128.49,1933.85,16.8,13.2,221.9
8460,282.282,1344,2193.45,1716.94,24.26,19.26,467.12
8460,282.282,1346,3078.88,675.27,21.65,17.17,371.71
8460,282.282,1288,1969.51,1164.34,24.8,25.97,644.15
8460,282.282,1246,2175.41,912.16,15.75,16.16,254.58
8460,282.282,1248,3117.03,963.44,14.23,18.07,257.19
8466,282.4822,1219,3070.53,1396.21,21.22,16.64,353.19
8466,282.4822,1217,1437.68,1950.5,17.67,18.32,323.62
8466,282.4822,1220,1857.69,1600.32,18.43,14.65,270.13
8466,282.4822,1252,2128.6,1934.47,16.99,13.39,227.45
8466,282.4822,1344,2193.32,1717.0,23.79,18.78,446.75
8466,282.4822,1346,3082.44,675.1,21.72,17.54,381.07
8466,282.4822,1288,1971.66,1162.31,25.02,26.26,656.79
8466,282.4822,1246,2177.29,913.64,14.72,15.07,221.72
8466,282.4822,1248,3121.82,965.92,13.74,16.85,231.41
8472,282.6824,1219,3070.05,1396.52,21.05,16.59,349.24
8472,282.6824,1217,1437.61,1951.22,17.46,17.9,312.51
8472,282.6824,1220,1857.62,1599.74,18.41,14.47,266.42
8472,282.6824,1252,2128.63,1934.66,16.83,13.31,224.03
8472,282.6824,1344,2193.22,1717.08,23.53,18.45,434.05
8472,282.6824,1346,3086.77,673.51,18.7,14.97,279.89
8472,282.6824,1288,1974.07,1160.06,24.56,25.97,637.89
8472,282.6824,1246,2179.14,914.93,14.04,14.42,202.44
8472,282.6824,1248,3124.51,968.23,12.9,15.53,200.32
8478,282.8826,1219,3069.69,1397.49,21.67,17.3,375.03
8478,282.8826,1217,1437.73,1952.09,17.38,17.59,305.79
8478,282.8826,1220,1856.93,1599.22,18.32,14.24,260.94
8478,282.8826,1252,2128.62,1934.87,16.8,13.33,223.81
8478,282.8826,1344,2193.16,1717.16,23.79,18.59,442.27
8478,282.8826,1346,3090.19,672.59,17.75,14.13,250.85
8478,282.8826,1288,1976.26,1158.08,24.79,26.32,652.41
8478,282.8826,1246,2181.26,916.87,14.31,14.78,211.56
8478,282.8826,1248,3126.0,970.5,13.35,16.19,216.11
8484,283.0828,1219,3069.54,1398.6,21.6,17.44,376.76
8484,283.0828,1217,1437.94,1953.47,17.08,16.95,289.61
8484,283.0828,1220,1856.35,1598.2,18.37,14.11,259.14
8484,283.0828,1252,2128.65,1935.43,16.88,13.43,226.7
8484,283.0828,1344,2192.75,1716.7,24.76,19.48,482.25
8484,283.0828,1346,3093.85,672.02,17.33,13.73,237.87
8484,283.0828,1288,1978.52,1155.58,24.73,26.42,653.2
8484,283.0828,1246,2184.19,918.88,14.47,15.03,217.42
8484,283.0828,1248,3127.63,973.06,13.07,16.03,209.52
8490,283.283,1219,3069.5,1399.78,21.32,17.37,370.24
8490,283.283,1217,1438.05,1955.43,17.84,17.52,312.56
8490,283.283,1220,1856.2,1597.49,18.76,14.28,267.9
8490,283.283,1252,2128.7,1936.23,17.1,13.67,233.76
8490,283.283,1344,2192.39,1715.98,25.15,19.87,499.75
8490,283.283,1346,3096.88,671.51,17.3,13.69,236.85
8490,283.283,1288,1980.45,1154.01,24.49,26.39,646.22
8490,283.283,1246,2187.09,920.18,14.87,15.69,233.31
8490,283.283,1248,3129.48,975.69,12.84,15.92,204.52
8496,283.4832,1219,3069.58,1401.44,21.5,17.69,380.36
8496,283.4832,1217,1438.29,1957.1,18.14,17.56,318.51
8496,283.4832,1220,1856.56,1597.39,19.08,14.47,276.05
8496,283.4832,1252,2128.84,1937.45,17.23,13.85,238.56
8496,283.4832,1344,2191.86,1715.61,24.52,19.3,473.23
8496,283.4832,1346,3100.55,671.01,17.38,13.72,238.41
8496,283.4832,1288,1982.57,1152.15,24.11,26.1,629.19
8496,283.4832,1246,2189.9,922.45,14.13,15.0,211.9
8496,283.4832,1248,3131.39,978.83,13.04,16.33,212.98
8502,283.6834,1219,3069.62,1403.22,21.48,17.85,383.39
8502,283.6834,1217,1438.31,1958.63,18.15,17.31,314.17
8502,283.6834,1220,1856.25,1598.14,19.13,14.38,275.16
8502,283.6834,1252,2129.17,1938.28,17.4,14.05,244.39
8502,283.6834,1344,2191.26,1716.0,24.63,19.37,477.08
8502,283.6834,1346,3103.92,670.56,17.21,13.52,232.71
8502,283.6834,1288,1985.87,1149.63,24.26,26.37,639.63
8502,283.6834,1246,2192.69,924.56,14.34,15.35,220.08
8502,283.6834,1248,3133.48,981.13,13.64,17.38,237.18
8508,283.8836,1219,3069.61,1404.75,21.07,17.63,371.63
8508,283.8836,1217,1438.11,1959.95,17.74,16.68,295.95
8508,283.8836,1220,1855.87,1598.51,18.79,13.98,262.7
8508,283.8836,1252,2129.12,1938.97,17.57,14.27,250.78
8508,283.8836,1344,2190.96,1717.13,25.69,20.32,522.18
8508,283.8836,1346,3106.73,670.51,17.34,13.35,231.45
8508,283.8836,1288,1987.96,1148.14,23.64,25.74,608.61
8508,283.8836,1246,2194.87,926.33,14.3,15.45,220.94
8508,283.8836,1248,3135.37,985.47,14.26,18.58,265.0
8514,284.0838,1219,3069.43,1405.87,21.18,17.93,379.79
8514,284.0838,1217,1438.01,1960.63,17.71,16.43,291.09
8514,284.0838,1220,1855.84,1598.76,18.8,13.86,260.53
8514,284.0838,1252,2129.06,1939.41,17.8,14.6,259.93
8514,284.0838,1344,2191.38,1717.98,26.49,21.16,560.63
8514,284.0838,1346,3110.75,669.17,20.46,16.08,328.97
8514,284.0838,1288,1989.9,1146.06,25.33,27.82,704.44
8514,284.0838,1246,2197.27,927.8,14.2,15.39,218.49
8514,284.0838,1248,3137.33,988.13,13.15,17.2,226.11
8520,284.284,1219,3069.28,1406.76,21.17,18.16,384.51
8520,284.284,1217,1438.19,1961.75,18.53,17.04,315.67
8520,284.284,1220,1855.58,1598.35,19.23,14.11,271.37
8520,284.284,1252,2129.04,1939.7,18.09,15.02,271.57
8520,284.284,1344,2191.5,1717.83,25.53,20.4,520.86
8520,284.284,1346,3114.93,668.31,20.4,16.27,331.96
8520,284.284,1288,1991.83,1143.95,25.38,28.12,713.59
8520,284.284,1248,3138.91,990.59,12.55,16.23,203.73
8526,284.4842,1219,3069.24,1407.96,21.12,18.34,387.5
8526,284.4842,1217,1438.14,1963.07,18.69,17.05,318.76
8526,284.4842,1220,1854.93,1597.77,19.39,14.17,274.76
8526,284.4842,1252,2129.0,1939.83,18.16,15.23,276.59
8526,284.4842,1344,2191.15,1717.75,24.93,19.83,494.41
8526,284.4842,1346,3118.22,667.64,19.74,15.66,309.2
8526,284.4842,1288,1993.96,1141.77,23.96,26.84,643.09
8526,284.4842,1248,3140.19,992.87,12.92,16.34,211.04
8526,284.4842,1246,2202.12,931.35,14.32,15.68,224.6
8532,284.6844,1219,3069.35,1409.22,21.1,18.52,390.77
8532,284.6844,1217,1437.96,1964.17,18.65,16.91,315.44
8532,284.6844,1220,1853.96,1596.78,19.42,14.1,273.87
8532,284.6844,1252,2128.85,1939.77,17.85,15.11,269.64
8532,284.6844,1344,2190.61,1717.51,25.11,19.91,500.04
8532,284.6844,1346,3122.3,667.37,19.33,15.33,296.39
8532,284.6844,1248,3143.28,996.85,14.9,19.42,289.32
8538,284.8846,1219,3069.75,1410.26,20.98,18.49,387.85
8538,284.8846,1217,1438.03,1964.75,18.73,16.86,315.81
8538,284.8846,1220,1853.6,1596.02,19.84,14.35,284.7
8538,284.8846,1252,2128.84,1939.89,18.01,15.39,277.23
8538,284.8846,1344,2190.29,1717.23,25.19,19.94,502.25
8538,284.8846,1346,3125.63,666.75,18.41,14.51,267.15
8538,284.8846,1248,3145.72,998.74,14.78,19.74,291.62
8538,284.8846,1288,1998.03,1136.43,24.74,27.85,689.0
8544,285.0848,1219,3070.01,1411.78,21.24,18.8,399.43
8544,285.0848,1217,1438.02,1965.48,19.88,17.93,356.34
8544,285.0848,1220,1853.79,1596.2,20.27,14.64,296.73
8544,285.0848,1252,2129.17,1940.2,18.53,16.04,297.22
8544,285.0848,1344,2190.35,1716.87,25.82,20.47,528.45
8544,285.0848,1346,3129.63,666.07,17.6,13.79,242.69
8544,285.0848,1248,3148.29,1000.25,13.42,18.13,243.26
8544,285.0848,1364,3073.85,1411.6,20.74,18.85,390.92
8544,285.0848,1288,2000.04,1134.22,22.96,25.91,594.95
8550,285.285,1217,1437.67,1966.1,20.89,19.06,398.23
8550,285.285,1220,1853.59,1596.71,20.74,15.02,311.42
8550,285.285,1252,2129.31,1940.62,19.18,16.92,324.55
8550,285.285,1344,2190.52,1716.97,25.75,20.38,524.87
8550,285.285,1346,3133.4,665.13,17.28,13.41,231.69
8550,285.285,1248,3150.51,1002.06,12.47,16.88,210.51
8550,285.285,1364,3073.81,1412.95,20.77,18.88,392.16
8550,285.285,1288,2001.64,1131.42,23.35,26.49,618.51
8556,285.4852,1217,1437.3,1966.57,21.58,20.02,432.06
8556,285.4852,1220,1853.21,1596.72,20.5,14.77,302.63
8556,285.4852,1252,2129.31,1941.02,19.73,17.74,349.97
8556,285.4852,1344,2190.48,1717.42,25.29,19.96,504.79
8556,285.4852,1346,3137.36,663.9,17.41,13.42,233.7
8556,285.4852,1248,3152.77,1004.15,12.04,16.27,195.85
8556,285.4852,1364,3073.95,1413.96,21.8,19.87,433.07
8556,285.4852,1219,3070.13,1414.06,22.22,19.88,441.6
8562,285.6854,1217,1436.71,1969.31,21.05,19.74,415.35
8562,285.6854,1220,1852.51,1596.92,20.49,14.72,301.62
8562,285.6854,1252,2129.03,1941.54,20.44,18.81,384.37
8562,285.6854,1344,2190.66,1718.65,25.21,19.82,499.72
8562,285.6854,1346,3141.2,663.19,17.79,13.65,242.85
8562,285.6854,1248,3154.67,1005.92,13.18,18.2,239.84
8562,285.6854,1364,3073.91,1414.52,22.63,20.72,468.7
8562,285.6854,1366,3641.44,7.0,14.18,14.0,198.54
8562,285.6854,1367,2128.76,1946.6,15.47,18.8,290.84
8562,285.6854,1219,3069.99,1416.68,22.78,20.71,471.86
8568,285.8856,1217,1436.33,1970.72,19.97,18.87,376.83
8568,285.8856,1220,1851.83,1597.16,20.56,14.8,304.31
8568,285.8856,1344,2190.87,1719.9,25.36,19.93,505.25
8568,285.8856,1346,3145.31,662.71,17.91,13.49,241.67
8568,285.8856,1248,3156.57,1010.18,12.87,17.85,229.74
8568,285.8856,1364,3073.74,1417.26,22.01,20.19,444.41
8568,285.8856,1366,3643.0,7.52,15.23,15.05,229.2
8568,285.8856,1367,2128.57,1946.87,15.05,18.27,274.98
8568,285.8856,1219,3069.79,1418.05,21.93,20.16,442.2
8568,285.8856,1288,2007.28,1124.6,23.74,27.11,643.61
8574,286.0858,1217,1435.67,1971.95,18.94,17.82,337.54
8574,286.0858,1220,1850.68,1597.14,20.62,14.86,306.35
8574,286.0858,1344,2190.43,1720.34,25.53,20.18,515.17
8574,286.0858,1346,3147.8,662.45,17.95,13.51,242.5
8574,286.0858,1248,3158.01,1012.91,11.86,16.46,195.13
8574,286.0858,1366,3644.09,8.23,16.65,16.47,274.24
8574,286.0858,1367,2128.34,1947.27,14.45,17.46,252.33
8574,286.0858,1219,3069.48,1419.66,20.78,19.26,400.06
8574,286.0858,1288,2008.84,1122.79,23.98,27.49,659.07
8580,286.286,1217,1434.46,1973.63,18.98,17.9,339.85
8580,286.286,1220,1849.7,1597.26,20.45,14.65,299.59
8580,286.286,1344,2189.94,1720.61,25.44,20.19,513.53
8580,286.286,1346,3150.5,662.54,17.49,13.1,229.15
8580,286.286,1248,3159.12,1015.37,11.33,15.61,176.92
8580,286.286,1366,3649.39,9.68,17.89,17.72,317.04
8580,286.286,1367,2127.25,1947.59,13.99,16.81,235.21
8580,286.286,1219,3069.37,1421.8,20.07,18.72,375.72
8580,286.286,1288,2009.54,1120.42,24.5,28.58,700.19
8586,286.4862,1217,1433.33,1975.43,18.46,17.35,320.34
8586,286.4862,1220,1848.96,1597.69,20.35,14.41,293.25
8586,286.4862,1344,2189.08,1721.41,26.0,20.79,540.57
8586,286.4862,1346,3153.41,662.33,18.04,13.47,243.04
8586,286.4862,1248,3160.53,1018.57,11.61,16.03,186.13
8586,286.4862,1366,3651.56,12.28,18.72,18.63,348.74
8586,286.4862,1367,2126.33,1948.05,13.36,15.9,212.42
8586,286.4862,1219,3069.24,1423.85,19.74,18.54,365.97
8586,286.4862,1288,2011.13,1118.06,23.95,28.22,675.76
8592,286.6864,1217,1432.44,1977.14,17.93,16.78,300.94
8592,286.6864,1220,1847.5,1598.68,20.93,14.75,308.8
8592,286.6864,1344,2188.0,1722.59,26.57,21.6,573.91
8592,286.6864,1346,3156.34,661.84,18.24,13.57,247.46
8592,286.6864,1248,3161.8,1021.4,11.71,16.2,189.81
8592,286.6864,1366,3652.69,14.97,19.05,19.14,364.57
8592,286.6864,1367,2125.76,1948.99,12.08,14.07,169.86
8592,286.6864,1219,3069.19,1426.21,19.84,18.79,372.77
8592,286.6864,1288,2013.02,1116.28,23.37,27.85,650.81
8592,286.6864,1246,2225.81,950.42,13.51,14.97,202.27
8598,286.8866,1217,1431.58,1978.33,18.21,17.06,310.57
8598,286.8866,1220,1846.44,1599.88,21.05,14.88,313.18
8598,286.8866,1344,2187.03,1723.52,26.15,21.58,564.4
8598,286.8866,1346,3158.75,661.76,18.59,13.86,257.62
8598,286.8866,1248,3162.28,1024.44,11.5,15.87,182.38
8598,286.8866,1366,3653.78,17.16,18.08,18.43,333.36
8598,286.8866,1367,2125.34,1950.11,11.97,13.67,163.59
8598,286.8866,1219,3068.61,1428.33,19.49,18.72,364.74
8598,286.8866,1288,2014.24,1114.74,24.34,29.29,712.81
8604,287.0868,1217,1430.99,1980.15,18.93,17.8,337.02
8604,287.0868,1220,1845.83,1600.88,21.32,15.14,322.82
8604,287.0868,1344,2186.51,1724.7,26.33,22.11,582.13
8604,287.0868,1346,3161.86,661.45,18.68,13.94,260.26
8604,287.0868,1248,3163.09,1027.78,11.81,16.09,190.08
8604,287.0868,1366,3654.84,18.75,18.16,18.87,342.69
8604,287.0868,1367,2125.02,1951.19,12.04,13.47,162.2
8604,287.0868,1219,3068.03,1430.43,18.68,18.18,339.59
8604,287.0868,1288,2015.11,1112.53,23.92,28.97,692.99
8604,287.0868,1246,2229.59,954.55,12.71,13.95,177.2
8610,287.287,1217,1430.06,1981.42,18.89,17.75,335.3
8610,287.287,1220,1845.07,1601.57,21.44,15.28,327.5
8610,287.287,1344,2186.47,1726.03,26.41,22.69,599.41
8610,287.287,1346,3165.45,661.24,18.83,14.02,263.98
8610,287.287,1248,3164.11,1030.22,13.82,18.7,258.43
8610,287.287,1366,3656.66,20.38,17.58,18.52,325.43
8610,287.287,1367,2124.28,1952.1,12.29,13.45,165.31
8610,287.287,1219,3067.83,1432.51,18.2,17.92,326.15
8610,287.287,1288,2016.89,1110.48,22.78,27.58,628.29
8610,287.287,1246,2231.06,956.2,12.92,14.2,183.48
8616,287.4872,1217,1429.07,1982.49,18.79,17.67,331.96
8616,287.4872,1220,1844.17,1601.79,21.21,15.18,321.97
8616,287.4872,1344,2186.25,1727.22,26.52,23.37,619.82
8616,287.4872,1346,3169.6,660.67,19.24,14.28,274.74
8616,287.4872,1248,3165.02,1034.51,13.64,17.84,243.34
8616,287.4872,1366,3658.48,21.63,17.71,19.05,337.37
8616,287.4872,1367,2123.21,1952.59,12.36,13.2,163.06
8616,287.4872,1219,3067.74,1434.52,18.17,18.11,329.08
8616,287.4872,1246,2233.25,958.03,13.43,14.85,199.39
8622,287.6874,1217,1428.64,1983.52,18.76,17.6,330.15
8622,287.6874,1220,1843.7,1602.12,21.72,15.67,340.48
8622,287.6874,1344,2185.85,1728.29,26.21,23.67,620.33
8622,287.6874,1346,3172.84,660.21,18.79,14.02,263.43
8622,287.6874,1248,3169.79,1037.16,13.18,16.61,218.94
8622,287.6874,1366,3660.46,22.59,18.45,20.28,374.18
8622,287.6874,1367,2122.64,1952.88,12.27,12.77,156.73
8622,287.6874,1219,3067.47,1436.7,17.85,17.94,320.28
8622,287.6874,1246,2235.04,959.5,13.39,14.88,199.23
8628,287.8876,1217,1428.32,1985.01,18.54,17.4,322.55
8628,287.8876,1220,1843.23,1602.48,21.43,15.53,332.69
8628,287.8876,1344,2185.7,1729.16,25.76,23.72,610.95
8628,287.8876,1346,3175.77,659.57,18.89,14.09,266.11
8628,287.8876,1248,3172.2,1039.68,12.72,15.67,199.39
8628,287.8876,1366,3663.19,25.49,17.88,19.89,355.59
8628,287.8876,1367,2122.41,1953.5,12.94,13.21,170.89
8628,287.8876,1219,3067.31,1438.08,18.74,19.1,357.85
8628,287.8876,1288,2020.33,1103.8,22.72,27.69,629.23
8634,288.0878,1217,1427.99,1986.7,18.86,17.72,334.1
8634,288.0878,1220,1842.7,1602.77,21.25,15.48,328.89
8634,288.0878,1344,2185.86,1729.45,25.5,23.9,609.34
8634,288.0878,1346,3179.57,658.6,18.66,13.9,259.47
8634,288.0878,1248,3173.56,1042.3,13.02,16.03,208.77
8634,288.0878,1366,3665.65,27.23,16.66,18.61,310.04
8634,288.0878,1367,2122.25,1954.58,13.31,13.33,177.36
8634,288.0878,1219,3067.66,1440.97,19.47,20.24,393.99
8634,288.0878,1288,2022.6,1101.05,22.67,27.8,630.03
8640,288.288,1217,1427.62,1988.13,18.9,17.75,335.4
8640,288.288,1220,1842.5,1603.01,21.12,15.46,326.43
8640,288.288,1344,2186.17,1729.95,25.26,24.07,608.14
8640,288.288,1346,3183.24,657.61,18.54,13.85,256.68
8640,288.288,1248,3174.74,1044.45,12.91,16.08,207.49
8640,288.288,1366,3667.85,28.74,16.12,17.99,290.1
8640,288.288,1367,2122.06,1955.84,13.51,13.27,179.2
8640,288.288,1219,3068.09,1442.78,18.47,19.2,354.71
8640,288.288,1288,2024.07,1098.13,23.59,29.24,689.75
8646,288.4882,1217,1427.34,1989.18,19.04,17.94,341.63
8646,288.4882,1220,1842.22,1603.52,21.24,15.63,332.01
8646,288.4882,1344,2186.98,1730.89,25.31,24.71,625.57
8646,288.4882,1346,3186.73,656.99,18.78,14.08,264.31
8646,288.4882,1248,3176.65,1047.31,12.72,15.96,203.07
8646,288.4882,1366,3669.41,30.39,16.09,17.68,284.37
8646,288.4882,1367,2121.68,1957.06,14.06,13.6,191.17
8646,288.4882,1219,3067.86,1444.74,17.92,18.74,335.68
8646,288.4882,1288,2025.54,1095.82,23.3,29.15,679.18
8646,288.4882,1246,2244.29,966.08,13.75,15.53,213.51
8652,288.6884,1217,1426.92,1989.66,19.32,18.27,352.95
8652,288.6884,1220,1841.73,1604.17,21.96,16.37,359.45
8652,288.6884,1344,2187.57,1732.42,25.16,25.15,632.91
8652,288.6884,1346,3189.83,656.36,18.91,14.14,267.46
8652,288.6884,1248,3178.66,1050.38,12.59,15.96,200.97
8652,288.6884,1366,3673.72,31.85,16.09,17.44,280.54
8652,288.6884,1367,2121.2,1957.67,14.04,13.37,187.7
8652,288.6884,1219,3067.71,1446.29,17.71,18.59,329.28
8652,288.6884,1288,2027.19,1093.35,22.33,28.03,625.93
8652,288.6884,1246,2246.75,967.17,13.42,15.43,207.07
8658,288.8886,1217,1426.18,1990.26,20.23,19.31,390.62
8658,288.8886,1220,1841.36,1604.65,22.64,17.11,387.36
8658,288.8886,1344,2188.32,1734.21,25.06,25.55,640.22
8658,288.8886,1346,3194.07,655.81,18.79,14.03,263.64
8658,288.8886,1248,3180.49,1052.91,13.16,17.01,223.8
8658,288.8886,1366,3675.96,33.59,15.81,17.09,270.19
8658,288.8886,1367,2120.77,1958.0,14.3,13.48,192.75
8658,288.8886,1219,3067.56,1448.15,17.38,18.28,317.8
8658,288.8886,1288,2028.94,1090.86,22.67,28.46,645.36
8658,288.8886,1246,2248.34,968.48,13.54,15.68,212.22
8664,289.0888,1217,1425.38,1992.98,20.75,20.03,415.6
8664,289.0888,1220,1840.63,1604.91,22.95,17.56,403.05
8664,289.0888,1344,2188.88,1735.85,24.17,25.05,605.44
8664,289.0888,1346,3197.66,655.57,19.05,14.28,271.93
8664,289.0888,1248,3182.36,1057.34,14.09,18.66,262.96
8664,289.0888,1366,3677.96,34.86,15.65,16.92,264.9
8664,289.0888,1367,2120.17,1958.5,14.77,13.79,203.57
8664,289.0888,1219,3067.18,1450.14,17.38,18.38,319.42
8664,289.0888,1288,2029.95,1088.75,23.25,29.2,678.83
8664,289.0888,1246,2249.88,969.64,13.35,15.6,208.16
8670,289.289,1217,1425.3,1994.5,19.95,19.32,385.47
8670,289.289,1220,1840.12,1605.13,23.17,17.99,416.74
8670,289.289,1344,2189.58,1737.13,23.7,24.84,588.88
8670,289.289,1346,3200.68,655.47,18.59,13.96,259.39
8670,289.289,1248,3183.8,1060.09,12.96,17.28,223.97
8670,289.289,1366,3680.24,36.98,16.04,17.33,278.1
8670,289.289,1367,2119.71,1959.67,14.96,13.85,207.18
8670,289.289,1219,3066.83,1452.46,17.47,18.56,324.26
8670,289.289,1288,2031.44,1086.78,22.6,28.52,644.35
8670,289.289,1246,2251.44,972.1,13.21,15.24,201.38
8676,289.4892,1217,1425.33,1995.81,18.21,17.49,318.47
8676,289.4892,1220,1839.94,1605.47,23.67,18.69,442.22
8676,289.4892,1344,2190.22,1738.08,23.47,25.09,589.02
8676,289.4892,1346,3204.05,654.6,18.73,14.09,263.9
8676,289.4892,1248,3184.99,1062.59,12.17,16.22,197.36
8676,289.4892,1366,3682.68,39.2,15.74,16.99,267.49
8676,289.4892,1367,2119.44,1960.74,14.9,13.68,203.84
8676,289.4892,1219,3066.48,1454.71,17.78,18.99,337.55
8676,289.4892,1288,2033.2,1084.47,22.76,28.77,654.81
8676,289.4892,1246,2252.9,974.55,13.86,15.52,215.15
8682,289.6894,1217,1425.6,1997.3,18.59,17.87,332.21
8682,289.6894,1220,1839.84,1605.75,23.93,19.25,460.57
8682,289.6894,1344,2190.68,1739.25,22.96,24.96,573.15
8682,289.6894,1346,3207.02,654.22,18.55,13.95,258.84
8682,289.6894,1248,3186.04,1064.87,12.07,16.16,195.11
8682,289.6894,1366,3684.85,40.97,15.6,16.79,261.95
8682,289.6894,1367,2119.54,1961.76,15.19,13.88,210.85
8682,289.6894,1219,3066.06,1456.67,17.23,18.52,318.95
8682,289.6894,1288,2034.72,1081.83,22.26,28.27,629.21
8682,289.6894,1371,1840.0,1609.54,19.6,20.92,410.12
8688,289.8896,1217,1425.06,1999.07,18.56,17.87,331.79
8688,289.8896,1220,1839.88,1606.21,24.53,20.2,495.48
8688,289.8896,1344,2191.38,1740.13,23.06,25.47,587.32
8688,289.8896,1346,3210.27,653.98,18.58,14.02,260.49
8688,289.8896,1248,3186.86,1067.97,12.23,16.28,199.13
8688,289.8896,1366,3686.75,42.82,15.78,16.92,266.99
8688,289.8896,1367,2119.44,1962.54,15.52,14.16,219.9
8688,289.8896,1219,3065.84,1458.36,17.08,18.52,316.28
8688,289.8896,1288,2036.36,1079.72,22.64,28.97,656.02
8688,289.8896,1371,1840.07,1610.01,18.74,19.98,374.38
8694,290.0898,1217,1424.3,2000.04,18.59,17.9,332.9
8694,290.0898,1346,3212.93,653.65,18.9,14.31,270.55
8694,290.0898,1248,3187.69,1070.94,12.35,16.11,199.06
8694,290.0898,1366,3688.81,44.85,16.33,17.65,288.15
8694,290.0898,1367,2118.53,1963.21,15.91,14.45,229.9
8694,290.0898,1219,3065.0,1460.82,17.46,19.09,333.46
8694,290.0898,1288,2037.7,1077.25,22.62,28.8,651.52
8694,290.0898,1371,1839.7,1610.63,17.62,18.75,330.37
8694,290.0898,1246,2260.51,979.63,13.72,15.27,209.57
8700,290.29,1217,1423.85,2000.57,18.45,17.8,328.44
8700,290.29,1346,3217.08,653.45,19.22,14.42,277.23
8700,290.29,1248,3188.41,1074.18,12.64,16.01,202.45
8700,290.29,1366,3690.93,46.12,17.48,19.04,332.66
8700,290.29,1367,2117.6,1963.61,16.25,14.74,239.59
8700,290.29,1219,3064.46,1462.57,18.17,20.28,368.6
8700,290.29,1288,2038.56,1075.02,22.16,28.2,624.91
8700,290.29,1371,1839.3,1611.36,16.33,17.28,282.23
8700,290.29,1246,2261.99,980.72,14.41,16.35,235.7
8700,290.29,1344,2193.07,1743.43,23.05,25.73,593.23
8706,290.4902,1217,1423.85,2000.72,18.51,17.92,331.73
8706,290.4902,1346,3220.01,653.04,19.01,14.28,271.51
8706,290.4902,1248,3189.24,1076.93,13.9,17.14,238.2
8706,290.4902,1366,3692.96,49.58,17.49,19.01,332.44
8706,290.4902,1367,2117.18,1963.87,16.59,15.08,250.15
8706,290.4902,1219,3064.24,1465.5,17.71,20.11,356.31
8706,290.4902,1288,2040.48,1072.6,22.7,28.95,657.33
8706,290.4902,1371,1839.08,1611.81,15.6,16.39,255.6
8706,290.4902,1246,2263.6,981.58,15.12,17.63,266.65
8712,290.6904,1217,1423.64,2001.93,18.29,17.69,323.62
8712,290.6904,1346,3223.22,652.63,19.29,14.63,282.14
8712,290.6904,1366,3694.41,51.31,17.06,18.13,309.32
8712,290.6904,1367,2116.88,1964.47,17.63,16.23,286.17
8712,290.6904,1219,3064.1,1467.07,16.86,19.29,325.18
8712,290.6904,1288,2041.8,1070.11,22.93,29.36,673.3
8712,290.6904,1371,1838.85,1611.87,15.57,16.26,253.17
8718,290.8906,1217,1423.5,2003.67,18.16,17.55,318.59
8718,290.8906,1346,3226.27,652.31,19.67,15.06,296.24
8718,290.8906,1366,3698.66,52.92,16.2,17.08,276.62
8718,290.8906,1367,2116.74,1964.93,18.39,17.15,315.49
8718,290.8906,1219,3063.92,1469.32,16.39,18.98,311.11
8718,290.8906,1288,2043.48,1067.77,22.19,28.37,629.57
8718,290.8906,1371,1838.31,1612.49,15.66,16.23,254.23
8718,290.8906,1248,3195.46,1083.32,13.96,17.06,238.14
8724,291.0908,1217,1423.62,2005.67,18.1,17.48,316.3
8724,291.0908,1346,3229.32,652.09,20.0,15.44,308.82
8724,291.0908,1366,3701.5,54.73,15.47,16.22,250.92
8724,291.0908,1367,2116.55,1965.62,19.54,18.58,362.95
8724,291.0908,1219,3063.53,1471.96,15.83,18.42,291.57
8724,291.0908,1288,2044.47,1065.73,22.14,28.02,620.24
8724,291.0908,1371,1838.36,1613.18,15.74,16.24,255.67
8724,291.0908,1248,3197.14,1086.58,13.6,16.58,225.43
8724,291.0908,1344,2196.7,1750.07,22.61,25.72,581.59
8730,291.291,1217,1423.36,2007.14,17.57,16.9,296.99
8730,291.291,1346,3232.52,652.0,20.07,15.63,313.75
8730,291.291,1366,3703.47,56.83,14.83,15.27,226.55
8730,291.291,1367,2116.16,1969.22,19.12,18.41,351.84
8730,291.291,1219,3063.33,1474.43,15.69,18.37,288.34
8730,291.291,1288,2045.47,1063.37,22.17,28.17,624.69
8730,291.291,1371,1838.42,1614.44,16.01,16.43,262.96
8730,291.291,1248,3197.91,1089.45,13.29,16.23,215.72
8730,291.291,1344,2197.4,1751.64,22.24,25.81,574.15
8730,291.291,1246,2270.89,990.4,13.01,15.35,199.68
8736,291.4912,1217,1423.06,2008.46,18.14,17.44,316.38
8736,291.4912,1346,3235.78,652.08,19.8,15.51,307.13
8736,291.4912,1366,3706.09,58.76,15.21,15.59,237.01
8736,291.4912,1367,2115.87,1970.93,18.34,17.79,326.16
8736,291.4912,1219,3063.56,1476.56,15.6,18.4,287.05
8736,291.4912,1288,2046.97,1060.95,22.73,29.11,661.63
8736,291.4912,1371,1838.51,1616.07,16.51,16.91,279.19
8736,291.4912,1248,3198.78,1092.36,12.81,15.78,202.05
8736,291.4912,1344,2198.47,1753.67,21.62,25.44,549.95
8742,291.6914,1217,1422.79,2009.41,18.43,17.74,326.94
8742,291.6914,1346,3238.5,652.04,19.99,15.62,312.2
8742,291.6914,1366,3708.59,60.71,15.5,15.66,242.69
8742,291.6914,1367,2115.8,1971.74,17.6,17.16,301.91
8742,291.6914,1219,3063.53,1479.02,16.0,19.03,304.54
8742,291.6914,1288,2048.33,1059.15,22.29,28.58,637.09
8742,291.6914,1371,1838.23,1617.64,16.41,16.69,273.94
8742,291.6914,1248,3200.02,1095.42,12.71,15.78,200.65
8742,291.6914,1344,2200.11,1756.07,21.48,25.73,552.71
8748,291.8916,1217,1422.53,2010.2,18.57,17.9,332.3
8748,291.8916,1346,3242.56,651.78,20.51,16.16,331.5
8748,291.8916,1366,3711.37,62.44,15.62,15.63,244.22
8748,291.8916,1367,2115.38,1972.27,16.91,16.38,277.05
8748,291.8916,1219,3063.13,1481.39,15.83,19.04,301.51
8748,291.8916,1288,2049.97,1056.45,22.14,28.38,628.23
8748,291.8916,1371,1837.94,1618.57,16.99,17.15,291.34
8748,291.8916,1248,3201.67,1098.39,12.78,16.06,205.14
8748,291.8916,1344,2201.45,1758.25,21.35,25.99,554.73
8754,292.0918,1217,1422.84,2010.91,18.29,17.6,321.86
8754,292.0918,1346,3246.22,651.37,21.31,17.02,362.68
8754,292.0918,1366,3713.51,63.87,14.74,14.46,213.23
8754,292.0918,1367,2115.02,1972.52,16.6,15.9,264.01
8754,292.0918,1219,3062.7,1483.29,15.6,18.87,294.46
8754,292.0918,1288,2051.2,1054.06,22.44,28.62,642.11
8754,292.0918,1371,1837.4,1619.34,17.3,17.44,301.69
8754,292.0918,1248,3203.16,1100.89,13.22,16.86,222.85
8754,292.0918,1344,2202.91,1760.1,20.9,25.64,535.99
8760,292.292,1217,1423.4,2011.85,18.57,17.9,332.54
8760,292.292,1346,3249.69,651.09,21.71,17.6,382.15
8760,292.292,1366,3716.07,65.39,15.18,14.75,223.87
8760,292.292,1367,2115.11,1972.83,16.07,15.23,244.84
8760,292.292,1219,3062.53,1485.12,15.15,18.41,278.96
8760,292.292,1288,2052.56,1052.14,22.86,29.07,664.53
8760,292.292,1371,1837.6,1619.87,17.76,17.95,318.85
8760,292.292,1248,3204.46,1105.32,14.31,18.74,268.2
8760,292.292,1344,2204.24,1761.23,20.92,25.85,540.89
8766,292.4922,1217,1423.86,2012.61,18.53,17.94,332.26
8766,292.4922,1346,3252.78,650.91,21.77,17.98,391.35
8766,292.4922,1366,3718.31,67.34,15.83,14.93,236.37
8766,292.4922,1367,2115.06,1973.26,15.47,14.39,222.5
8766,292.4922,1219,3062.63,1486.71,16.24,20.06,325.74
8766,292.4922,1288,2054.06,1049.45,22.83,29.24,667.44
8766,292.4922,1371,1838.05,1620.4,17.89,18.13,324.4
8766,292.4922,1248,3206.04,1107.98,13.17,17.51,230.62
8766,292.4922,1344,2205.34,1762.33,20.59,25.59,527.11
8772,292.6924,1217,1424.01,2013.83,17.95,17.26,309.82
8772,292.6924,1346,3256.43,650.75,21.82,18.32,399.69
8772,292.6924,1366,3722.17,68.58,17.01,15.99,272.05
8772,292.6924,1367,2114.97,1973.88,14.59,13.18,192.17
8772,292.6924,1219,3062.63,1489.73,15.84,19.75,312.72
8772,292.6924,1288,2056.21,1046.85,23.1,29.72,686.4
8772,292.6924,1371,1838.48,1621.56,18.11,18.46,334.37
8772,292.6924,1248,3207.78,1110.49,12.44,16.63,206.98
8772,292.6924,1344,2206.1,1764.07,20.5,25.55,523.87
8778,292.8926,1217,1424.26,2015.26,18.27,17.63,322.12
8778,292.8926,1346,3259.95,650.71,21.67,18.42,399.1
8778,292.8926,1366,3724.55,69.7,18.72,17.78,332.85
8778,292.8926,1367,2114.91,1974.41,15.04,13.32,200.21
8778,292.8926,1219,3062.99,1492.17,15.47,19.41,300.22
8778,292.8926,1288,2057.53,1044.92,22.71,29.31,665.8
8778,292.8926,1371,1838.84,1623.06,17.99,18.37,330.43
8778,292.8926,1248,3208.82,1112.75,12.01,16.05,192.73
8778,292.8926,1344,2208.44,1765.99,20.94,26.01,544.57
8784,293.0928,1217,1424.74,2016.22,18.43,17.8,328.23
8784,293.0928,1346,3262.52,650.69,21.59,18.47,398.83
8784,293.0928,1366,3727.27,73.45,19.22,18.41,353.81
8784,293.0928,1367,2114.98,1975.25,15.73,13.76,216.42
8784,293.0928,1219,3063.22,1494.14,15.03,18.91,284.29
8784,293.0928,1288,2058.97,1043.03,22.97,29.65,680.99
8784,293.0928,1371,1839.02,1624.94,17.97,18.43,331.13
8784,293.0928,1248,3209.81,1115.44,11.99,16.09,192.84
8784,293.0928,1344,2209.78,1767.94,20.86,26.0,542.26
8790,293.293,1217,1424.95,2017.08,17.95,17.26,309.94
8790,293.293,1346,3266.73,650.65,21.45,18.57,398.23
8790,293.293,1366,3730.34,75.58,18.17,17.31,314.52
8790,293.293,1367,2115.08,1976.23,15.79,13.64,215.27
8790,293.293,1219,3063.39,1495.97,14.74,18.68,275.38
8790,293.293,1288,2060.95,1040.73,22.45,29.09,653.0
8790,293.293,1371,1839.54,1625.84,17.99,18.54,333.49
8790,293.293,1248,3210.87,1118.56,12.17,16.16,196.66
8790,293.293,1344,2211.29,1769.83,20.51,25.67,526.58
8796,293.4932,1217,1425.15,2018.13,18.03,17.28,311.53
8796,293.4932,1346,3270.45,647.1,21.3,18.68,397.9
8796,293.4932,1366,3732.67,76.94,16.52,15.59,257.5
8796,293.4932,1367,2115.19,1976.86,15.53,13.23,205.46
8796,293.4932,1219,3063.17,1498.4,15.21,19.37,294.51
8796,293.4932,1288,2062.43,1037.84,23.01,29.95,689.28
8796,293.4932,1371,1839.79,1626.86,17.92,18.64,333.95
8796,293.4932,1248,3211.65,1121.28,12.05,15.6,188.08
8796,293.4932,1344,2212.47,1771.79,20.29,25.53,517.87
8802,293.6934,1217,1425.41,2018.84,18.71,17.9,334.9
8802,293.6934,1346,3273.78,645.45,20.52,18.12,371.82
8802,293.6934,1366,3734.6,77.81,15.8,14.7,232.34
8802,293.6934,1367,2114.8,1977.02,15.78,13.18,207.93
8802,293.6934,1219,3062.24,1500.39,14.89,19.03,283.44
8802,293.6934,1371,1839.61,1627.97,17.97,18.8,337.9
8802,293.6934,1248,3212.33,1124.01,12.65,15.94,201.69
8802,293.6934,1344,2214.19,1773.65,20.85,26.44,551.24
8808,293.8936,1217,1425.46,2019.38,18.38,17.46,320.98
8808,293.8936,1346,3276.42,644.95,20.34,18.14,368.95
8808,293.8936,1366,3737.17,78.98,15.52,14.24,220.93
8808,293.8936,1367,2114.6,1977.24,15.87,13.0,206.34
8808,293.8936,1219,3062.15,1502.64,14.69,18.82,276.51
8808,293.8936,1371,1839.8,1628.59,17.59,18.56,326.46
8808,293.8936,1248,3213.15,1125.94,14.46,17.89,258.82
8808,293.8936,1344,2215.46,1775.56,20.25,25.82,522.71
8808,293.8936,1288,2065.34,1032.8,22.15,28.87,639.5
8814,294.0938,1217,1425.94,2020.05,17.69,16.72,295.66
8814,294.0938,1346,3278.9,644.81,20.24,18.18,367.85
8814,294.0938,1366,3739.59,80.5,15.95,14.33,228.55
8814,294.0938,1367,2114.23,1977.32,16.16,12.93,209.04
8814,294.0938,1219,3062.09,1505.12,15.04,19.33,290.66
8814,294.0938,1371,1840.21,1629.31,17.53,18.66,327.15
8814,294.0938,1248,3213.5,1130.06,15.04,18.23,274.21
8814,294.0938,1344,2216.97,1776.95,20.07,25.66,514.99
8814,294.0938,1288,2066.82,1030.71,22.73,29.55,671.73
8820,294.294,1217,1426.34,2020.6,17.33,16.22,281.03
8820,294.294,1346,3282.0,644.63,19.86,17.9,355.43
8820,294.294,1366,3741.35,82.37,15.13,13.26,200.61
8820,294.294,1367,2114.07,1977.56,16.47,12.9,212.52
8820,294.294,1219,3061.6,1507.29,14.71,18.9,277.99
8820,294.294,1371,1840.44,1630.88,17.47,18.8,328.36
8820,294.294,1248,3217.59,1132.37,14.6,17.23,251.59
8820,294.294,1344,2217.84,1778.39,19.78,25.26,499.62
8820,294.294,1288,2066.94,1028.02,22.33,28.91,645.81
8826,294.4942,1217,1426.4,2021.18,17.6,16.36,287.79
8826,294.4942,1346,3284.78,644.19,18.9,16.98,320.83
8826,294.4942,1366,3742.52,83.38,15.22,12.9,196.36
8826,294.4942,1367,2113.81,1977.68,16.97,13.03,221.05
8826,294.4942,1219,3060.8,1508.9,14.72,18.93,278.57
8826,294.4942,1371,1840.44,1631.81,17.21,18.7,321.83
8826,294.4942,1248,3219.02,1134.74,14.63,16.82,245.98
8826,294.4942,1344,2218.56,1779.04,19.74,25.17,497.08
8826,294.4942,1288,2068.31,1024.95,22.18,28.94,641.89
8832,294.6944,1217,1426.34,2021.77,18.24,16.91,308.48
8832,294.6944,1346,3286.61,643.72,18.03,15.96,287.81
8832,294.6944,1366,3745.56,84.37,16.02,13.25,212.28
8832,294.6944,1367,2111.15,1977.79,17.56,13.32,233.76
8832,294.6944,1219,3060.25,1509.84,14.6,18.72,273.37
8832,294.6944,1371,1840.45,1632.51,17.03,18.68,318.22
8832,294.6944,1248,3219.66,1136.78,14.09,15.71,221.27
8832,294.6944,1344,2219.65,1779.76,19.83,25.24,500.43
8838,294.8946,1217,1426.04,2021.81,17.81,16.35,291.22
8838,294.8946,1346,3289.67,643.56,17.93,15.61,279.92
8838,294.8946,1366,3747.09,85.76,15.83,12.84,203.26
8838,294.8946,1367,2109.88,1977.41,17.49,13.14,229.77
8838,294.8946,1219,3059.61,1510.63,15.19,19.6,297.63
8838,294.8946,1371,1840.43,1632.69,16.49,18.19,299.93
8838,294.8946,1248,3220.11,1139.13,14.54,15.99,232.43
8844,295.0948,1217,1426.06,2021.42,17.58,16.0,281.31
8844,295.0948,1346,3291.96,643.17,17.2,14.84,255.35
8844,295.0948,1366,3748.02,87.33,15.71,12.59,197.88
8844,295.0948,1367,2109.24,1977.13,17.74,13.29,235.8
8844,295.0948,1219,3058.51,1513.17,15.75,20.48,322.5
8844,295.0948,1371,1840.57,1633.1,16.42,18.27,299.86
8844,295.0948,1248,3220.69,1141.87,14.71,16.13,237.18
8844,295.0948,1344,2222.44,1782.26,20.1,25.57,513.95
8850,295.295,1217,1426.24,2021.05,17.62,15.86,279.43
8850,295.295,1346,3294.16,643.0,17.18,14.69,252.41
8850,295.295,1366,3749.41,88.91,15.76,12.49,196.9
8850,295.295,1367,2108.63,1976.84,17.52,13.14,230.16
8850,295.295,1219,3058.01,1515.17,15.35,20.05,307.63
8850,295.295,1371,1840.72,1634.28,16.45,18.47,303.75
8850,295.295,1248,3220.81,1144.56,14.68,16.0,234.81
8850,295.295,1344,2223.84,1783.94,19.82,25.06,496.84
8850,295.295,1288,2072.22,1014.4,22.53,29.44,663.21
8856,295.4952,1217,1426.27,2021.01,17.69,15.72,278.16
8856,295.4952,1346,3296.14,642.96,16.91,14.39,243.46
8856,295.4952,1366,3750.79,90.65,16.67,13.14,219.11
8856,295.4952,1367,2108.13,1976.59,18.25,13.79,251.75
8856,295.4952,1219,3057.36,1517.29,15.1,19.8,299.02
8856,295.4952,1371,1840.71,1635.97,16.34,18.55,302.98
8856,295.4952,1248,3220.69,1147.14,14.6,15.77,230.26
8856,295.4952,1344,2224.43,1785.01,19.86,25.02,496.98
8862,295.6954,1217,1426.15,2021.41,18.05,15.91,287.19
8862,295.6954,1346,3297.91,643.01,17.07,14.38,245.42
8862,295.6954,1366,3752.5,92.0,18.61,14.86,276.64
8862,295.6954,1367,2106.87,1976.69,18.19,13.83,251.7
8862,295.6954,1219,3056.42,1519.2,14.88,19.47,289.78
8862,295.6954,1371,1840.78,1637.03,16.03,18.28,293.04
8862,295.6954,1248,3220.37,1149.24,15.9,17.19,273.21
8862,295.6954,1344,2224.97,1786.49,19.77,24.67,487.77
8868,295.8956,1217,1426.0,2022.12,17.89,15.62,279.35
8868,295.8956,1346,3299.73,642.71,16.79,13.98,234.72
8868,295.8956,1366,3753.49,92.89,20.03,16.29,326.28
8868,295.8956,1367,2105.75,1977.0,18.15,13.94,253.02
8868,295.8956,1219,3054.7,1521.03,14.68,19.21,282.06
8868,295.8956,1371,1840.88,1637.68,15.92,18.3,291.27
8868,295.8956,1248,3220.13,1153.48,17.05,18.53,315.95
8868,295.8956,1344,2225.19,1787.82,20.06,24.84,498.33
8874,296.0958,1217,1425.52,2022.93,17.86,15.48,276.53
8874,296.0958,1346,3301.56,642.92,17.15,14.24,244.22
8874,296.0958,1366,3756.26,95.73,17.81,13.85,246.71
8874,296.0958,1367,2105.01,1977.48,18.2,14.14,257.29
8874,296.0958,1219,3053.34,1522.86,14.57,18.99,276.83
8874,296.0958,1371,1841.08,1638.37,16.19,18.8,304.45
8874,296.0958,1248,3219.99,1156.02,16.03,17.21,275.97
8874,296.0958,1288,2073.87,1004.91,22.72,29.68,674.54
8880,296.296,1217,1425.29,2023.41,18.2,15.63,284.47
8880,296.296,1346,3303.81,642.89,17.13,14.1,241.43
8880,296.296,1366,3757.64,97.95,16.92,12.73,215.38
8880,296.296,1367,2104.35,1977.88,17.99,14.05,252.74
8880,296.296,1219,3052.51,1524.44,14.7,19.1,280.67
8880,296.296,1371,1841.43,1639.72,16.04,18.76,300.85
8880,296.296,1248,3220.02,1158.88,15.5,16.49,255.62
8880,296.296,1344,2227.57,1790.87,20.03,24.51,491.06
8886,296.4962,1217,1424.69,2023.31,18.6,15.8,294.03
8886,296.4962,1346,3306.33,642.75,17.07,13.92,237.6
8886,296.4962,1367,2103.46,1978.03,17.63,13.79,243.08
8886,296.4962,1219,3052.06,1526.51,14.68,19.1,280.31
8886,296.4962,1371,1841.81,1640.82,16.11,18.93,304.84
8886,296.4962,1248,3220.57,1161.4,14.99,15.93,238.81
8886,296.4962,1344,2228.84,1792.52,20.0,24.19,483.88
8886,296.4962,1288,2075.04,999.98,22.49,29.58,665.27
8892,296.6964,1217,1424.6,2023.08,18.0,15.16,272.82
8892,296.6964,1346,3309.12,642.69,16.98,13.69,232.45
8892,296.6964,1367,2102.62,1978.14,17.59,13.84,243.48
8892,296.6964,1219,3051.84,1529.05,14.72,19.13,281.66
8892,296.6964,1371,1842.58,1642.0,16.48,19.43,320.11
8892,296.6964,1248,3220.97,1163.92,14.89,15.9,236.65
8892,296.6964,1344,2230.56,1794.7,19.84,23.56,467.46
8892,296.6964,1366,3760.04,101.64,16.57,12.39,205.24
8898,296.8966,1217,1425.15,2022.79,17.86,14.96,267.17
8898,296.8966,1346,3310.75,642.37,17.35,13.72,237.92
8898,296.8966,1367,2101.78,1978.01,17.67,14.02,247.67
8898,296.8966,1219,3051.28,1531.61,14.8,19.2,284.22
8898,296.8966,1371,1843.12,1643.06,16.36,19.39,317.24
8898,296.8966,1248,3221.2,1166.42,14.76,15.87,234.32
8898,296.8966,1344,2232.2,1796.84,20.17,23.5,474.06
8898,296.8966,1366,3761.67,102.94,17.21,12.78,219.87
8904,297.0968,1217,1425.93,2023.4,18.52,15.4,285.23
8904,297.0968,1346,3313.92,642.34,17.58,13.76,241.86
8904,297.0968,1367,2101.35,1978.14,17.41,13.9,241.91
8904,297.0968,1219,3051.11,1533.7,14.23,18.35,261.19
8904,297.0968,1371,1843.5,1643.67,16.39,19.56,320.58
8904,297.0968,1248,3221.39,1168.42,14.71,15.96,234.85
8904,297.0968,1344,2233.46,1798.21,20.18,23.04,465.09
8904,297.0968,1366,3764.46,104.25,18.17,13.54,246.03
8910,297.297,1217,1426.43,2024.5,18.85,15.58,293.7
8910,297.297,1346,3317.13,641.75,17.4,13.52,235.38
8910,297.297,1367,2101.14,1978.54,17.52,14.06,246.33
8910,297.297,1219,3051.38,1535.14,14.55,18.69,271.83
8910,297.297,1371,1844.08,1643.97,16.51,19.71,325.44
8910,297.297,1248,3221.47,1170.26,14.48,15.82,229.15
8910,297.297,1344,2235.33,1799.26,20.08,22.51,451.96
8910,297.297,1366,3766.09,105.07,18.25,13.43,245.16
8916,297.4972,1217,1426.67,2025.36,18.9,15.51,293.08
8916,297.4972,1346,3320.66,641.28,17.77,13.7,243.45
8916,297.4972,1367,2101.11,1979.2,16.79,13.44,225.63
8916,297.4972,1219,3051.14,1536.87,14.46,18.56,268.39
8916,297.4972,1371,1845.5,1643.69,17.56,21.36,375.02
8916,297.4972,1248,3222.42,1172.44,14.6,16.3,237.9
8916,297.4972,1344,2237.74,1800.73,20.63,22.71,468.41
8916,297.4972,1366,3769.84,105.93,17.96,13.17,236.48
8922,297.6974,1217,1426.8,2025.85,18.72,15.29,286.34
8922,297.6974,1346,3323.7,640.52,17.87,13.68,244.48
8922,297.6974,1367,2101.32,1979.85,16.99,13.65,231.83
8922,297.6974,1219,3051.16,1538.94,14.77,18.93,279.56
8922,297.6974,1371,1845.77,1645.48,17.26,20.66,356.65
8922,297.6974,1248,3224.15,1174.08,15.9,18.25,290.2
8922,297.6974,1344,2240.6,1802.16,20.94,22.7,475.22
8928,297.8976,1217,1426.75,2025.85,18.32,14.89,272.85
8928,297.8976,1346,3327.5,640.48,17.49,13.33,233.04
8928,297.8976,1367,2101.34,1980.37,17.19,13.89,238.71
8928,297.8976,1219,3051.78,1540.81,14.6,18.56,270.88
8928,297.8976,1371,1849.32,1647.26,17.38,20.71,359.9
8928,297.8976,1248,3225.71,1177.75,15.98,18.81,300.56
8928,297.8976,1344,2243.24,1803.97,21.01,22.42,470.86
8928,297.8976,1366,3776.54,107.52,17.47,12.8,223.65
8934,298.0978,1217,1426.78,2025.89,18.62,15.05,280.2
8934,298.0978,1346,3331.73,640.37,18.08,13.72,247.98
8934,298.0978,1367,2101.26,1980.88,17.01,13.79,234.59
8934,298.0978,1219,3052.5,1542.53,14.56,18.42,268.18
8934,298.0978,1371,1850.92,1649.15,17.1,20.33,347.71
8934,298.0978,1248,3227.81,1179.93,14.67,17.43,255.68
8934,298.0978,1344,2246.03,1805.91,20.86,21.86,456.05
8934,298.0978,1366,3779.93,108.08,17.45,12.74,222.31
8940,298.298,1217,1427.11,2025.91,18.49,14.91,275.66
8940,298.298,1346,3336.42,639.56,18.27,13.61,248.72
8940,298.298,1367,2100.81,1981.13,17.28,14.06,242.97
8940,298.298,1219,3053.24,1544.28,14.58,18.38,267.93
8940,298.298,1371,1851.72,1649.97,16.72,19.86,331.93
8940,298.298,1248,3229.47,1181.38,13.08,15.49,202.65
8940,298.298,1344,2248.9,1807.02,20.94,21.55,451.43
8940,298.298,1366,3783.13,108.18,16.94,12.34,209.08
8940,298.298,1288,2085.65,975.99,21.9,28.63,627.06
8946,298.4982,1217,1427.52,2026.66,19.22,15.58,299.46
8946,298.4982,1346,3339.99,638.67,18.12,13.5,244.57
8946,298.4982,1367,2100.44,1981.35,17.02,13.85,235.78
8946,298.4982,1219,3053.58,1546.43,14.79,18.55,274.4
8946,298.4982,1371,1852.29,1649.99,16.58,19.79,328.23
8946,298.4982,1248,3230.91,1182.68,12.15,14.17,172.17
8946,298.4982,1344,2251.11,1807.84,20.9,21.18,442.84
8946,298.4982,1366,3787.13,108.85,17.49,12.65,221.32
8952,298.6984,1217,1428.06,2027.38,18.89,15.33,289.55
8952,298.6984,1346,3343.72,637.54,18.28,13.56,247.98
8952,298.6984,1367,2100.52,1981.98,16.94,13.79,233.64
8952,298.6984,1219,3054.29,1548.64,14.56,18.14,264.18
8952,298.6984,1371,1853.07,1650.2,16.24,19.61,318.45
8952,298.6984,1248,3232.58,1184.29,12.14,13.99,169.82
8952,298.6984,1344,2253.79,1809.04,21.6,21.67,467.99
8952,298.6984,1366,3792.45,109.4,17.87,12.73,227.6
8958,298.8986,1217,1427.51,2028.55,18.74,15.24,285.68
8958,298.8986,1346,3347.33,636.78,18.52,13.7,253.72
8958,298.8986,1367,2100.21,1983.19,16.69,13.59,226.78
8958,298.8986,1219,3054.76,1551.15,14.5,17.99,260.74
8958,298.8986,1371,1854.06,1651.75,15.78,19.28,304.21
8958,298.8986,1248,3233.66,1186.44,12.02,13.6,163.46
8958,298.8986,1344,2256.53,1810.65,21.54,21.32,459.37
8964,299.0988,1217,1426.52,2030.08,18.8,15.35,288.69
8964,299.0988,1346,3350.82,636.79,18.91,14.0,264.73
8964,299.0988,1367,2099.86,1984.68,16.74,13.58,227.4
8964,299.0988,1219,3055.23,1553.52,14.84,18.38,272.87
8964,299.0988,1371,1855.43,1653.63,16.1,19.92,320.74
8964,299.0988,1248,3234.94,1189.45,11.93,13.2,157.4
8964,299.0988,1344,2259.11,1812.39,21.68,21.2,459.67
8964,299.0988,1366,3798.94,110.6,17.9,12.65,226.52
8970,299.299,1217,1425.66,2031.38,18.86,15.44,291.26
8970,299.299,1346,3354.54,636.98,18.81,13.9,261.38
8970,299.299,1367,2099.29,1986.28,17.11,13.95,238.68
8970,299.299,1219,3055.18,1556.1,15.08,18.67,281.56
8970,299.299,1371,1856.6,1656.68,16.32,20.32,331.47
8970,299.299,1248,3235.73,1191.45,12.22,13.2,161.33
8970,299.299,1344,2261.74,1815.21,21.71,21.0,455.97
8976,299.4992,1217,1424.67,2032.07,18.79,15.5,291.29
8976,299.4992,1346,3358.02,636.9,18.82,13.8,259.74
8976,299.4992,1367,2098.55,1987.11,17.31,14.25,246.66
8976,299.4992,1219,3054.81,1557.88,15.39,19.16,294.85
8976,299.4992,1371,1857.05,1658.59,15.53,19.35,300.61
8976,299.4992,1248,3236.61,1193.39,12.57,13.44,168.98
8976,299.4992,1344,2263.86,1816.9,21.68,20.71,448.97
8982,299.6994,1217,1424.26,2032.94,18.85,15.72,296.27
8982,299.6994,1346,3362.58,636.1,18.62,13.62,253.76
8982,299.6994,1367,2097.77,1987.69,17.92,14.93,267.59
8982,299.6994,1219,3054.8,1561.09,16.01,20.13,322.38
8982,299.6994,1371,1857.42,1660.3,15.22,19.02,289.46
8982,299.6994,1248,3237.57,1194.56,12.4,13.19,163.55
8982,299.6994,1344,2265.99,1818.79,21.72,20.42,443.52
8982,299.6994,1366,3808.88,111.96,17.0,12.02,204.32
8988,299.8996,1217,1423.22,2034.62,19.37,16.19,313.61
8988,299.8996,1346,3366.04,635.39,18.76,13.7,256.86
8988,299.8996,1367,2096.84,1988.35,19.0,16.11,306.01
8988,299.8996,1219,3055.23,1563.08,15.21,19.06,289.74
8988,299.8996,1371,1857.77,1661.59,14.93,18.66,278.69
8988,299.8996,1248,3238.41,1196.02,12.84,13.6,174.61
8988,299.8996,1344,2268.1,1820.24,21.7,20.07,435.42
8988,299.8996,1366,3812.82,111.9,16.96,11.75,199.33
8994,300.0998,1217,1422.83,2036.1,19.87,16.7,331.91
8994,300.0998,1346,3369.79,634.59,18.8,13.74,258.35
8994,300.0998,1367,2096.02,1989.0,20.03,17.36,347.82
8994,300.0998,1219,3055.79,1565.71,15.13,18.96,286.92
8994,300.0998,1371,1858.69,1662.75,14.91,18.56,276.73
8994,300.0998,1248,3239.9,1197.58,13.0,13.76,178.9
8994,300.0998,1344,2270.53,1821.58,21.5,19.56,420.46
9000,300.3,1217,1422.84,2036.98,20.73,17.57,364.13
9000,300.3,1346,3373.73,633.61,19.26,14.11,271.72
9000,300.3,1367,2095.82,1989.53,20.76,18.44,382.72
9000,300.3,1219,3057.07,1567.96,15.16,18.95,287.26
9000,300.3,1371,1859.79,1663.94,14.45,17.91,258.78
9000,300.3,1248,3241.47,1199.02,13.75,14.65,201.48
9000,300.3,1344,2273.45,1822.91,21.82,19.65,428.73
9006,300.5002,1217,1423.07,2037.22,20.7,17.75,367.31
9006,300.5002,1346,3377.72,632.67,19.52,14.32,279.46
9006,300.5002,1367,2095.58,1989.92,21.15,19.26,407.28
9006,300.5002,1219,3057.94,1569.4,15.01,18.72,280.99
9006,300.5002,1371,1861.69,1665.31,14.5,17.97,260.49
9006,300.5002,1248,3242.73,1200.25,14.23,15.26,217.17
9006,300.5002,1344,2276.55,1823.86,22.58,20.13,454.54
9006,300.5002,1399,2095.76,1994.77,16.09,18.46,297.15
9012,300.7004,1217,1423.06,2037.51,21.06,18.27,384.74
9012,300.7004,1346,3381.76,632.08,19.31,14.11,272.43
9012,300.7004,1219,3058.68,1570.9,15.06,18.78,282.83
9012,300.7004,1371,1863.54,1667.24,14.64,18.07,264.59
9012,300.7004,1248,3244.06,1201.22,14.39,15.62,224.71
9012,300.7004,1344,2279.68,1824.98,22.78,20.01,455.7
9012,300.7004,1399,2095.93,1995.14,15.46,17.72,274.05
