jelly_id,frame_idx,x_center,y_center,width,height,marked,nb_pixels
1,0,1866.27,1669.39,15.53,17.72,0,275.2
2,0,3058.94,1573.7,15.29,19.34,0,295.7
3,0,3388.63,631.03,18.51,13.98,0,258.87
4,0,2285.07,1826.12,25.89,19.63,0,508.34
5,0,3246.0,1203.64,12.26,15.85,0,194.27
6,0,2370.11,1073.75,14.12,14.85,0,209.75
7,0,1422.56,2037.9,19.47,19.79,0,385.34
8,0,2095.59,1995.99,16.35,16.02,0,261.95
9,0,3832.8,109.77,12.52,13.0,0,162.77
10,0,1422.53,2041.81,19.57,20.38,0,398.84
1,1,1866.63,1669.68,15.8,18.03,0,284.88
2,1,3059.04,1575.5,15.06,19.05,0,286.9
3,1,3392.23,630.33,18.28,13.79,0,252.04
4,1,2286.83,1826.69,26.36,20.0,0,527.14
5,1,3246.88,1204.59,12.18,15.76,0,192.03
7,1,1422.48,2038.28,20.19,20.55,0,414.93
8,1,2094.42,1996.22,15.88,15.56,0,247.11
9,1,3833.8,110.24,12.19,12.66,0,154.31
10,1,1422.45,2042.33,18.6,19.35,0,359.83
1,2,1867.35,1670.19,16.04,18.32,0,293.76
2,2,3059.34,1577.58,14.98,18.95,0,283.88
3,2,3395.62,629.56,18.72,14.11,0,264.22
4,2,2288.9,1827.29,26.5,20.13,0,533.5
5,2,3247.63,1205.96,11.96,15.47,0,185.05
7,2,1422.43,2038.55,20.68,21.09,0,436.13
8,2,2093.58,1996.39,15.56,15.22,0,236.86
10,2,1422.41,2042.51,18.29,18.99,0,347.35
1,3,1868.54,1670.92,15.88,18.06,0,286.86
2,3,3059.89,1579.46,14.78,18.71,0,276.48
3,3,3398.89,628.98,18.79,14.18,0,266.35
4,3,2291.52,1827.19,26.06,19.81,0,516.19
5,3,3248.87,1207.61,12.54,16.25,0,203.76
8,3,2093.07,1996.39,15.59,15.22,0,237.29
10,3,1422.37,2042.68,17.99,18.63,0,335.28
1,4,1869.5,1672.06,16.68,18.84,0,314.09
2,4,3060.63,1581.52,15.23,19.29,0,293.7
3,4,3401.96,628.65,19.26,14.55,0,280.34
4,4,2294.33,1827.47,25.29,19.21,0,485.7
5,4,3249.77,1209.92,12.93,16.83,0,217.55
8,4,2092.55,1996.53,15.35,14.94,0,229.35
10,4,1422.21,2042.9,17.67,18.2,0,321.57
1,5,1873.07,1673.27,16.8,18.81,0,315.94
2,5,3060.9,1584.66,16.31,20.81,0,339.31
3,5,3405.49,628.36,19.91,15.06,0,299.74
4,5,2297.38,1827.77,25.74,19.55,0,503.22
5,5,3250.76,1211.4,12.48,16.28,0,203.26
8,5,2092.31,1996.84,14.86,14.33,0,213.0
10,5,1422.08,2043.16,17.27,17.68,0,305.29
11,5,2381.83,1083.38,14.11,17.24,0,243.29
1,6,1874.82,1674.45,17.33,19.36,0,335.65
2,6,3061.27,1586.36,15.7,20.06,0,314.91
3,6,3409.41,627.97,20.85,15.81,0,329.75
4,6,2300.57,1828.09,25.61,19.47,0,498.48
5,6,3251.61,1212.8,12.64,16.57,0,209.42
8,6,2092.2,1997.16,14.33,13.68,0,196.14
10,6,1421.96,2043.74,16.33,16.53,0,269.97
1,7,1876.12,1675.51,17.58,19.78,0,347.82
2,7,3061.35,1587.02,15.22,19.51,0,296.94
3,7,3413.4,627.59,21.63,16.58,0,358.59
4,7,2303.68,1828.8,26.45,20.18,0,533.86
5,7,3252.58,1214.68,12.52,16.51,0,206.7
8,7,2092.13,1997.5,13.91,13.12,0,182.55
10,7,1422.22,2043.92,16.17,16.18,0,261.73
1,8,1877.23,1676.36,17.36,19.62,0,340.72
2,8,3060.76,1588.45,14.98,19.23,0,288.1
3,8,3416.83,627.24,22.32,17.3,0,386.07
4,8,2306.28,1828.97,26.41,20.2,0,533.66
5,8,3253.52,1216.16,12.41,16.37,0,203.21
8,8,2091.69,1997.74,13.81,12.8,0,176.77
10,8,1421.63,2044.07,16.13,15.91,0,256.71
1,9,1878.38,1676.91,17.16,19.46,0,334.03
2,9,3060.07,1590.07,14.78,19.03,0,281.18
3,9,3420.88,625.61,20.38,15.64,0,318.67
4,9,2308.46,1828.59,26.12,20.01,0,522.64
5,9,3254.58,1218.11,12.26,16.14,0,197.85
8,9,2090.93,1997.9,14.04,12.71,0,178.43
10,9,1420.57,2044.1,16.21,15.83,0,256.69
1,10,1879.45,1677.89,17.4,19.92,0,346.71
2,10,3060.1,1592.09,14.6,18.81,0,274.69
3,10,3423.46,624.46,19.39,14.89,0,288.82
4,10,2310.75,1827.93,25.43,19.47,0,495.25
5,10,3255.6,1219.44,12.51,16.51,0,206.48
8,10,2090.41,1997.74,14.45,12.73,0,184.02
10,10,1419.86,2044.09,16.49,15.88,0,261.81
15,10,2393.0,1088.53,12.68,14.17,0,179.76
1,11,1880.86,1678.72,18.12,20.98,0,380.29
2,11,3060.84,1593.75,14.22,18.21,0,259.0
3,11,3425.91,623.25,18.83,14.48,0,272.68
4,11,2313.21,1827.18,24.67,18.86,0,465.28
5,11,3256.83,1220.59,12.65,16.76,0,212.01
8,11,2090.09,1997.65,15.03,12.9,0,193.89
10,11,1419.97,2044.26,16.33,15.54,0,253.65
16,11,2086.36,1997.54,21.32,13.14,0,280.1
1,12,1882.42,1679.07,18.35,21.5,0,394.44
2,12,3060.96,1595.75,14.4,18.41,0,265.16
3,12,3428.74,622.41,18.45,14.17,0,261.45
4,12,2316.01,1826.78,24.7,18.91,0,467.1
5,12,3257.59,1221.47,13.36,17.82,0,238.06
10,12,1420.19,2044.71,16.74,15.72,0,263.14
16,12,2086.15,1997.6,21.54,13.29,0,286.21
1,13,1883.92,1681.07,17.83,21.01,0,374.67
2,13,3060.72,1597.85,14.45,18.46,0,266.74
3,13,3431.77,621.66,18.48,14.12,0,261.03
4,13,2318.64,1826.57,25.09,19.27,0,483.53
5,13,3258.64,1222.43,14.5,19.56,0,283.69
10,13,1420.08,2045.46,16.99,15.74,0,267.48
16,13,2085.76,1997.94,21.54,13.33,0,287.05
1,14,1885.4,1682.49,16.75,19.7,0,329.94
2,14,3060.23,1599.49,14.65,18.75,0,274.67
3,14,3435.21,621.1,18.59,14.17,0,263.55
4,14,2321.48,1827.67,26.59,20.61,0,547.88
5,14,3259.63,1226.06,13.76,18.24,0,250.88
10,14,1419.92,2046.54,17.0,15.5,0,263.47
16,14,2085.52,1998.92,21.66,13.47,0,291.78
1,15,1887.24,1684.52,16.68,19.59,0,326.84
2,15,3060.14,1601.34,14.76,18.91,0,279.1
3,15,3438.61,620.57,18.6,14.19,0,264.07
4,15,2324.58,1828.1,26.76,20.94,0,560.51
5,15,3260.49,1228.49,12.9,16.44,0,212.09
10,15,1419.56,2047.46,17.23,15.52,0,267.31
16,15,2085.39,1999.81,21.07,13.16,0,277.15
1,16,1888.93,1686.0,16.58,19.54,0,323.97
2,16,3060.1,1603.61,14.61,18.69,0,273.07
3,16,3441.89,620.1,18.44,13.94,0,257.07
4,16,2327.15,1828.01,26.94,21.28,0,573.24
5,16,3265.66,1230.61,13.21,16.39,0,216.46
10,16,1419.26,2048.06,17.76,15.83,0,281.18
16,16,2085.18,2000.78,21.42,13.48,0,288.78
21,16,2405.82,1097.75,15.04,14.51,0,218.2
1,17,1890.23,1687.55,16.04,18.82,0,301.89
2,17,3060.62,1605.96,15.39,19.86,0,305.62
3,17,3445.86,619.29,18.94,14.33,0,271.49
4,17,2329.33,1828.02,26.49,21.15,0,560.21
5,17,3267.74,1232.94,13.68,16.72,0,228.74
10,17,1418.64,2048.37,17.49,15.38,0,269.07
16,17,2084.7,2001.69,21.22,13.52,0,286.84
21,17,2407.66,1099.11,15.43,14.94,0,230.5
1,18,1891.56,1688.8,15.9,18.54,0,294.76
2,18,3061.36,1609.2,15.48,20.07,0,310.66
3,18,3449.15,618.87,18.74,14.19,0,265.85
4,18,2331.74,1827.77,26.53,21.41,0,567.96
5,18,3269.19,1234.51,13.52,16.49,0,222.88
10,18,1417.96,2049.08,17.75,15.36,0,272.75
16,18,2083.91,2002.18,21.25,13.73,0,291.84
1,19,1892.87,1690.52,16.15,18.65,0,301.33
2,19,3062.16,1611.0,14.74,19.03,0,280.52
3,19,3452.6,618.46,18.1,13.65,0,246.97
4,19,2334.47,1827.63,26.21,21.37,0,560.07
5,19,3270.35,1236.03,13.15,16.01,0,210.56
10,19,1417.83,2050.1,17.86,15.21,0,271.77
16,19,2083.56,2002.43,20.96,13.73,0,287.75
1,20,1894.01,1691.99,16.54,18.73,0,309.8
2,20,3062.45,1612.69,14.9,19.25,0,286.87
3,20,3456.77,617.93,18.77,13.95,0,261.85
4,20,2337.26,1827.41,26.6,21.98,0,584.76
5,20,3272.04,1238.72,13.38,16.27,0,217.66
10,20,1417.83,2051.38,17.95,15.09,0,270.88
16,20,2083.26,2002.8,20.35,13.53,0,275.2
1,21,1897.44,1693.7,16.96,18.98,0,321.85
2,21,3062.51,1614.95,14.9,19.24,0,286.69
3,21,3460.29,617.45,18.52,13.74,0,254.51
4,21,2340.44,1827.29,26.56,22.18,0,589.15
5,21,3274.38,1241.36,12.96,15.81,0,204.93
10,21,1418.29,2052.86,18.23,15.24,0,277.8
16,21,2083.46,2003.72,19.97,13.45,0,268.58
25,21,2417.65,1106.78,15.2,13.9,0,211.38
1,22,1899.42,1695.49,16.49,18.32,0,302.21
2,22,3062.74,1617.3,14.21,18.23,0,259.03
3,22,3464.51,617.02,18.71,13.88,0,259.75
4,22,2343.86,1827.4,26.13,22.08,0,576.99
5,22,3277.0,1243.43,12.96,15.86,0,205.47
10,22,1418.04,2053.91,18.38,15.22,0,279.78
16,22,2083.49,2005.18,19.67,13.41,0,263.67
25,22,2420.34,1108.16,15.27,14.0,0,213.76
1,23,1901.35,1696.9,16.45,18.21,0,299.55
2,23,3063.27,1619.29,14.54,18.6,0,270.4
3,23,3468.05,615.99,18.28,13.49,0,246.63
4,23,2346.72,1827.36,26.4,22.63,0,597.25
5,23,3280.13,1245.77,12.9,15.6,0,201.24
10,23,1417.84,2054.24,18.24,14.9,0,271.79
16,23,2083.47,2006.0,19.25,13.26,0,255.41
25,23,2423.56,1109.74,15.51,14.28,0,221.48
1,24,1903.34,1698.52,16.83,18.62,0,313.38
2,24,3063.96,1621.76,14.69,18.73,0,275.16
3,24,3472.49,615.24,18.42,13.56,0,249.85
4,24,2349.57,1826.84,26.16,22.76,0,595.37
5,24,3282.23,1247.88,12.68,15.34,0,194.49
10,24,1417.53,2054.31,18.78,15.18,0,285.18
16,24,2083.18,2006.78,19.24,13.43,0,258.26
25,24,2426.32,1111.25,16.02,14.86,0,238.1
1,25,1905.32,1699.94,16.84,18.57,0,312.59
2,25,3064.8,1624.28,14.88,18.94,0,281.92
3,25,3476.66,614.96,19.04,13.96,0,265.82
4,25,2352.45,1825.81,26.15,22.97,0,600.62
5,25,3284.65,1249.51,13.03,15.78,0,205.61
10,25,1417.77,2054.24,18.77,15.06,0,282.79
16,25,2083.31,2007.11,18.88,13.32,0,251.36
25,25,2429.54,1113.21,15.33,14.29,0,219.08
1,26,1907.56,1700.84,16.77,18.36,0,307.76
2,26,3065.23,1626.19,14.63,18.55,0,271.32
3,26,3480.99,614.39,18.97,13.71,0,260.03
4,26,2355.57,1824.24,26.38,23.51,0,620.27
5,26,3286.94,1251.12,12.92,15.62,0,201.81
10,26,1417.69,2054.39,18.58,14.73,0,273.78
16,26,2082.92,2007.17,18.59,13.21,0,245.48
25,26,2432.65,1115.36,15.36,14.42,0,221.38
1,27,1909.53,1701.78,17.21,18.86,0,324.57
2,27,3065.33,1627.7,14.51,18.29,0,265.46
3,27,3483.99,613.82,19.24,13.96,0,268.62
4,27,2358.22,1823.32,26.39,23.89,0,630.48
5,27,3289.09,1253.56,13.01,15.72,0,204.46
10,27,1417.75,2055.22,18.46,14.46,0,266.91
16,27,2082.0,2007.28,18.34,13.1,0,240.28
25,27,2435.11,1117.22,15.9,15.08,0,239.75
1,28,1911.4,1704.63,18.4,20.34,0,374.34
2,28,3065.54,1629.33,14.59,18.32,0,267.27
3,28,3487.03,613.25,19.33,14.05,0,271.56
4,28,2361.02,1822.66,25.8,23.63,0,609.43
5,28,3291.54,1255.87,13.22,16.01,0,211.72
10,28,1417.63,2056.64,19.08,14.95,0,285.1
16,28,2081.46,2007.82,18.26,13.14,0,239.97
25,28,2437.35,1118.78,15.52,14.81,0,229.82
1,29,1914.0,1706.31,17.85,19.65,0,350.7
2,29,3065.53,1630.76,15.79,20.04,0,316.47
3,29,3490.2,612.6,18.75,13.62,0,255.47
4,29,2363.76,1822.27,25.88,24.03,0,621.73
5,29,3293.87,1258.54,13.06,15.83,0,206.85
10,29,1417.45,2057.86,19.18,15.03,0,288.22
16,29,2081.63,2008.77,17.72,12.83,0,227.43
25,29,2439.49,1120.43,14.9,14.38,0,214.25
29,29,2111.71,859.99,22.74,27.84,0,633.17
1,30,1916.39,1707.78,17.59,19.19,0,337.63
2,30,3065.65,1633.83,15.38,19.47,0,299.53
3,30,3493.37,612.42,19.08,13.94,0,266.02
4,30,2366.61,1821.51,25.23,23.72,0,598.43
5,30,3296.31,1260.96,12.77,15.49,0,197.71
10,30,1417.38,2058.42,19.51,15.3,0,298.66
16,30,2081.8,2009.82,18.13,13.21,0,239.54
25,30,2441.74,1122.2,15.06,14.67,0,221.04
29,30,2112.2,857.43,23.22,28.41,0,659.8
1,31,1917.77,1709.03,17.29,18.65,0,322.44
2,31,3065.69,1636.16,14.67,18.39,0,269.73
3,31,3497.08,612.24,19.37,14.21,0,275.21
4,31,2369.22,1820.88,25.48,24.22,0,617.09
5,31,3298.18,1263.11,12.97,15.71,0,203.78
10,31,1416.86,2058.38,19.43,15.22,0,295.74
16,31,2081.35,2010.71,17.98,13.19,0,237.12
25,31,2443.7,1123.7,15.47,15.12,0,233.94
29,31,2113.03,854.47,23.25,28.46,0,661.85
1,32,1918.88,1710.11,17.53,18.51,0,324.51
2,32,3066.16,1638.19,14.87,18.52,0,275.4
3,32,3500.42,611.92,19.41,14.19,0,275.45
4,32,2372.19,1819.62,25.42,24.44,0,621.24
5,32,3299.76,1264.97,12.59,15.27,0,192.23
10,32,1416.51,2058.09,19.15,14.98,0,286.92
16,32,2080.85,2010.83,17.81,13.16,0,234.28
25,32,2445.31,1124.51,16.34,15.89,0,259.65
1,33,1921.65,1711.06,17.52,18.22,0,319.2
2,33,3065.97,1640.26,14.92,18.47,0,275.65
3,33,3503.02,611.7,19.43,14.07,0,273.47
4,33,2374.4,1818.11,25.07,24.36,0,610.82
5,33,3301.54,1267.1,13.01,15.82,0,205.75
10,33,1416.69,2057.88,19.19,14.98,0,287.45
16,33,2080.42,2010.61,17.52,13.0,0,227.8
25,33,2449.94,1125.6,18.2,17.82,0,324.34
29,33,2113.57,850.11,23.45,28.67,0,672.38
1,34,1923.9,1712.36,17.52,18.05,0,316.28
2,34,3065.39,1642.57,14.9,18.31,0,272.81
3,34,3506.37,611.28,18.81,13.55,0,254.88
4,34,2376.11,1816.1,24.78,24.27,0,601.44
5,34,3303.38,1268.99,13.87,17.08,0,236.81
10,34,1417.07,2058.06,19.53,15.27,0,298.18
16,34,2079.92,2010.02,17.53,13.08,0,229.31
25,34,2452.22,1129.75,17.85,17.63,0,314.63
29,34,2114.23,847.68,22.63,27.52,0,622.77
1,35,1926.07,1713.59,16.87,17.15,0,289.29
2,35,3064.95,1644.59,14.8,18.07,0,267.53
3,35,3508.98,611.27,19.0,13.75,0,261.19
4,35,2378.22,1814.82,24.5,24.28,0,594.8
5,35,3304.95,1273.14,14.79,18.6,0,275.02
10,35,1417.45,2058.58,19.95,15.62,0,311.67
16,35,2079.15,2010.04,17.47,13.07,0,228.26
25,35,2453.91,1131.82,16.62,16.68,0,277.16
1,36,1928.61,1715.28,16.91,17.03,0,288.0
2,36,3064.57,1646.24,14.65,17.71,0,259.4
3,36,3511.32,611.26,18.75,13.59,0,254.73
4,36,2380.55,1813.51,24.2,24.32,0,588.4
5,36,3306.82,1275.6,13.92,17.46,0,242.98
10,36,1417.45,2059.24,20.08,15.68,0,314.85
16,36,2078.66,2010.66,17.88,13.45,0,240.42
25,36,2455.76,1133.15,14.9,15.1,0,224.9
29,36,2113.92,842.75,23.89,29.05,0,693.94
1,37,1930.72,1717.1,17.02,16.87,0,287.14
2,37,3064.12,1648.16,14.92,17.88,0,266.8
3,37,3514.13,611.5,18.93,13.72,0,259.69
4,37,2383.28,1812.76,24.05,24.5,0,589.25
5,37,3308.11,1278.02,13.28,16.27,0,216.14
10,37,1417.43,2060.08,20.48,15.96,0,326.92
16,37,2078.96,2011.88,17.78,13.37,0,237.69
25,37,2457.47,1134.96,14.13,14.45,0,204.14
29,37,2113.73,840.13,23.82,29.04,0,691.56
1,38,1933.16,1718.51,17.22,16.86,0,290.4
2,38,3063.26,1649.98,15.05,17.9,0,269.41
3,38,3516.62,611.53,19.22,13.99,0,268.91
4,38,2385.95,1811.87,23.51,24.21,0,569.35
5,38,3309.05,1280.31,12.94,15.22,0,196.89
10,38,1417.65,2059.89,20.43,15.9,0,324.84
16,38,2079.42,2012.44,17.6,13.3,0,234.15
25,38,2459.81,1136.33,13.8,14.15,0,195.34
29,38,2113.97,837.59,22.67,27.44,0,622.12
1,39,1935.4,1719.41,17.06,16.46,0,280.84
2,39,3062.48,1651.65,15.04,17.71,0,266.43
3,39,3519.46,611.59,19.54,14.24,0,278.16
4,39,2388.07,1810.56,23.61,24.53,0,579.1
5,39,3309.78,1281.88,13.53,15.3,0,206.96
10,39,1417.92,2059.49,20.19,15.75,0,318.05
16,39,2079.23,2012.47,17.74,13.4,0,237.7
25,39,2462.04,1138.26,13.98,14.39,0,201.09
29,39,2114.85,835.49,22.8,27.37,0,623.94
1,40,1937.77,1719.73,17.36,16.57,0,287.59
2,40,3062.05,1653.12,15.23,17.86,0,272.13
3,40,3522.23,611.06,19.12,13.92,0,266.13
4,40,2390.28,1808.61,23.31,24.44,0,569.58
5,40,3313.82,1283.75,14.0,15.38,0,215.34
10,40,1418.32,2058.85,20.01,15.67,0,313.68
16,40,2078.4,2011.64,18.06,13.79,0,249.14
25,40,2464.61,1140.17,13.92,14.45,0,201.26
29,40,2115.08,832.95,23.84,28.69,0,683.83
1,41,1940.43,1720.18,17.77,16.79,0,298.42
2,41,3061.54,1654.24,16.16,19.03,0,307.58
3,41,3525.02,610.41,19.13,13.89,0,265.75
4,41,2392.32,1806.05,23.11,24.53,0,566.9
5,41,3316.02,1285.56,14.28,15.53,0,221.76
10,41,1418.35,2058.43,20.49,16.14,0,330.71
16,41,2077.95,2010.98,17.61,13.54,0,238.4
25,41,2466.88,1141.83,13.99,14.55,0,203.62
29,41,2115.05,830.66,23.08,27.72,0,639.63
1,42,1943.05,1720.66,17.69,16.51,0,292.13
2,42,3060.57,1656.97,17.13,20.37,0,348.94
3,42,3526.35,610.09,19.38,14.1,0,273.29
4,42,2394.06,1803.03,23.32,25.24,0,588.66
5,42,3317.25,1287.54,13.93,15.09,0,210.24
10,42,1418.36,2058.33,20.91,16.57,0,346.53
16,42,2077.49,2010.23,17.25,13.33,0,230.04
25,42,2468.84,1143.97,14.45,15.29,0,220.88
1,43,1945.96,1721.47,17.52,16.13,0,282.66
2,43,3059.86,1658.46,16.73,19.93,0,333.5
3,43,3527.62,609.73,19.05,13.63,0,259.64
4,43,2396.31,1800.18,23.11,25.44,0,587.93
5,43,3318.16,1289.53,13.87,15.13,0,209.95
10,43,1418.92,2058.2,20.09,16.04,0,322.18
16,43,2077.44,2009.46,16.71,12.94,0,216.13
25,43,2470.87,1145.04,14.16,15.06,0,213.34
29,43,2115.19,825.54,23.22,27.8,0,645.48
1,44,1948.18,1722.64,17.49,15.97,0,279.43
2,44,3059.04,1659.1,16.28,19.45,0,316.61
3,44,3530.58,609.55,19.52,13.99,0,273.1
4,44,2398.19,1797.71,22.74,25.34,0,576.12
5,44,3319.48,1291.64,13.9,15.34,0,213.23
10,44,1419.53,2057.92,19.91,16.01,0,318.74
16,44,2077.44,2009.38,16.68,12.94,0,215.79
25,44,2473.2,1145.79,13.3,14.2,0,188.92
29,44,2115.47,823.18,22.83,27.05,0,617.74
1,45,1950.26,1723.12,17.43,15.78,0,274.99
2,45,3058.08,1659.41,15.92,19.02,0,302.89
3,45,3532.95,609.28,19.52,14.04,0,274.0
4,45,2400.77,1796.47,23.17,25.96,0,601.43
5,45,3320.98,1292.94,14.66,16.46,0,241.42
10,45,1419.62,2057.67,20.13,16.3,0,328.01
16,45,2077.19,2009.34,16.65,12.93,0,215.37
25,45,2474.91,1147.26,13.43,14.45,0,194.14
29,45,2115.34,820.52,22.94,27.01,0,619.54
1,46,1952.39,1723.32,17.54,15.7,0,275.32
2,46,3056.31,1660.37,15.52,18.56,0,288.14
3,46,3534.85,608.84,19.27,13.88,0,267.48
4,46,2402.51,1794.69,22.5,25.51,0,574.06
5,46,3322.03,1294.05,15.85,18.19,0,288.42
10,46,1419.04,2057.43,20.53,16.84,0,345.74
16,46,2076.3,2008.95,16.65,12.88,0,214.4
25,46,2476.81,1148.65,13.18,14.19,0,186.91
29,46,2114.64,817.96,23.72,27.94,0,662.59
1,47,1954.61,1723.47,17.44,15.37,0,268.15
2,47,3055.1,1662.1,15.56,18.64,0,290.02
3,47,3537.43,607.94,19.11,13.74,0,262.58
4,47,2403.6,1792.5,21.75,24.98,0,543.46
5,47,3323.63,1297.81,15.66,18.31,0,286.71
10,47,1418.76,2056.91,19.99,16.56,0,331.04
16,47,2075.46,2008.26,16.75,12.96,0,217.18
25,47,2478.5,1150.42,13.18,14.23,0,187.66
29,47,2114.1,814.92,23.51,27.68,0,650.78
1,48,1956.49,1723.55,17.53,15.32,0,268.61
2,48,3054.79,1663.98,15.34,18.35,0,281.54
3,48,3539.98,606.74,19.35,13.91,0,269.23
4,48,2404.87,1790.16,20.99,24.35,0,511.08
5,48,3325.01,1299.79,14.77,17.26,0,254.92
10,48,1418.61,2056.36,19.45,16.27,0,316.36
16,48,2074.98,2007.48,16.97,13.15,0,223.13
25,48,2480.01,1152.18,13.28,14.09,0,187.2
29,48,2114.12,812.58,23.8,28.05,0,667.36
1,49,1959.12,1723.96,17.84,15.48,0,276.2
2,49,3054.89,1666.04,15.51,18.61,0,288.57
3,49,3541.89,606.19,19.7,14.25,0,280.69
5,49,3326.54,1301.11,13.57,15.82,0,214.76
10,49,1419.11,2055.94,19.09,15.98,0,305.04
16,49,2074.62,2007.19,16.97,13.17,0,223.45
25,49,2482.69,1154.59,15.45,16.68,0,257.64
29,49,2113.94,810.43,23.44,27.56,0,646.01
1,50,1962.25,1724.68,19.21,16.7,0,320.94
2,50,3054.49,1668.09,15.34,18.51,0,283.85
3,50,3544.45,606.14,19.61,14.25,0,279.46
5,50,3328.79,1303.01,13.28,15.38,0,204.28
10,50,1419.43,2056.23,18.96,15.89,0,301.2
16,50,2074.67,2007.13,17.11,13.26,0,226.97
25,50,2484.87,1155.85,15.45,16.88,0,260.82
29,50,2114.72,808.33,22.93,26.66,0,611.25
4,50,2407.95,1785.0,20.47,23.86,0,488.51
1,51,1965.52,1725.29,20.47,17.87,0,365.93
2,51,3054.22,1669.91,15.7,19.07,0,299.47
3,51,3547.75,606.57,19.31,14.01,0,270.55
5,51,3331.03,1305.44,12.97,14.79,0,191.95
10,51,1419.71,2057.11,19.1,16.03,0,306.23
16,51,2074.62,2007.43,17.19,13.35,0,229.42
25,51,2487.06,1156.86,14.41,15.77,0,227.32
29,51,2115.13,806.11,23.46,27.25,0,639.41
1,52,1968.8,1725.92,21.83,19.15,0,417.94
2,52,3053.99,1671.21,15.45,18.89,0,291.83
3,52,3550.59,606.51,19.79,14.26,0,282.16
5,52,3332.74,1308.12,13.26,14.62,0,193.83
10,52,1419.78,2057.97,19.29,16.25,0,313.48
16,52,2074.53,2007.71,16.81,13.06,0,219.58
25,52,2489.51,1158.73,13.57,14.84,0,201.38
29,52,2114.51,803.66,24.06,27.94,0,672.24
4,52,2412.51,1780.01,22.09,26.29,0,580.79
1,53,1971.07,1729.12,21.49,19.06,0,409.43
2,53,3053.68,1672.83,15.2,18.66,0,283.58
3,53,3554.45,606.48,19.76,14.26,0,281.9
5,53,3337.47,1311.01,13.86,14.8,0,205.08
10,53,1420.29,2058.58,18.91,15.98,0,302.19
16,53,2074.95,2008.52,16.75,12.94,0,216.66
25,53,2491.69,1160.48,13.34,14.32,0,190.92
29,53,2114.76,801.57,23.83,27.56,0,656.84
4,53,2414.69,1779.17,21.42,26.04,0,557.9
1,54,1973.49,1730.42,21.19,18.92,0,401.05
2,54,3054.02,1675.46,15.29,18.97,0,290.07
3,54,3557.78,605.81,19.73,14.31,0,282.33
5,54,3340.31,1313.45,13.37,14.09,0,188.46
10,54,1420.67,2058.95,18.92,16.03,0,303.39
16,54,2075.31,2009.14,16.93,13.05,0,220.93
25,54,2493.34,1162.07,14.22,14.85,0,211.16
29,54,2115.18,799.47,23.64,27.2,0,642.97
4,54,2416.94,1777.86,20.64,25.62,0,528.94
1,55,1976.87,1731.0,20.77,18.63,0,386.93
2,55,3054.9,1677.82,15.79,19.85,0,313.46
3,55,3561.54,604.9,20.15,14.74,0,297.07
5,55,3342.6,1315.01,13.65,14.33,0,195.6
10,55,1420.99,2059.01,19.08,16.16,0,308.22
16,55,2075.6,2009.72,17.4,13.43,0,233.79
25,55,2498.35,1163.54,14.01,14.35,0,201.06
29,55,2115.68,797.32,23.07,26.39,0,608.86
4,55,2418.24,1775.46,21.15,26.45,0,559.39
1,56,1979.88,1731.29,20.32,18.32,0,372.22
2,56,3054.99,1679.85,14.99,18.86,0,282.7
3,56,3564.63,604.27,20.79,15.42,0,320.45
5,56,3344.82,1316.1,14.08,14.83,0,208.8
10,56,1421.19,2058.69,19.14,16.2,0,309.93
16,56,2075.93,2009.45,17.35,13.39,0,232.17
25,56,2500.91,1165.14,14.3,14.69,0,210.12
29,56,2115.74,794.74,23.99,27.4,0,657.3
4,56,2419.36,1772.99,20.65,25.74,0,531.38
1,57,1982.74,1731.16,18.83,16.76,0,315.66
2,57,3055.88,1681.88,15.47,19.71,0,304.97
3,57,3567.62,604.0,20.92,15.73,0,329.16
5,57,3347.21,1317.23,15.57,16.58,0,258.15
10,57,1421.5,2058.76,18.74,15.86,0,297.19
16,57,2075.97,2008.66,16.93,13.0,0,220.16
25,57,2502.98,1166.5,14.07,14.48,0,203.68
29,57,2115.27,791.53,23.03,26.26,0,604.74
4,57,2420.4,1770.69,20.25,25.22,0,510.76
1,58,1985.66,1731.81,18.01,15.83,0,285.26
2,58,3056.31,1684.06,15.68,20.19,0,316.5
3,58,3571.51,603.73,21.32,16.24,0,346.18
5,58,3350.18,1321.51,16.35,17.7,0,289.36
10,58,1422.19,2059.32,18.96,16.07,0,304.65
16,58,2076.04,2008.86,17.05,13.04,0,222.34
25,58,2505.57,1168.23,14.02,14.45,0,202.54
29,58,2115.67,789.44,23.32,26.43,0,616.29
4,58,2421.9,1768.75,20.19,25.02,0,505.06
1,59,1988.74,1733.32,17.47,15.07,0,263.31
2,59,3055.78,1686.04,14.93,19.32,0,288.52
3,59,3574.54,603.64,21.51,16.41,0,353.04
5,59,3353.12,1324.17,14.94,16.13,0,241.09
10,59,1422.16,2060.26,19.18,16.27,0,312.15
16,59,2075.74,2009.67,17.52,13.41,0,234.96
25,59,2508.1,1170.08,13.97,14.51,0,202.66
29,59,2115.46,787.39,23.8,26.98,0,642.12
4,59,2422.84,1767.42,19.69,24.25,0,477.41
1,60,1990.96,1734.57,17.45,14.75,0,257.38
2,60,3056.21,1688.28,14.52,18.76,0,272.45
3,60,3577.99,603.41,21.87,16.88,0,369.19
5,60,3355.76,1326.17,13.85,14.63,0,202.7
10,60,1421.64,2061.83,19.01,16.12,0,306.45
16,60,2075.64,2010.75,18.41,14.19,0,261.17
25,60,2510.49,1171.55,14.17,14.79,0,209.51
29,60,2115.12,785.47,23.32,26.23,0,611.9
4,60,2424.06,1766.41,20.02,24.47,0,489.88
1,61,1993.4,1735.0,17.51,14.5,0,253.94
2,61,3056.6,1691.0,14.59,18.86,0,275.09
3,61,3581.04,603.05,22.35,17.63,0,393.93
5,61,3357.57,1328.18,13.63,13.79,0,187.88
10,61,1421.11,2063.16,19.38,16.47,0,319.08
16,61,2075.6,2011.25,18.79,14.63,0,274.85
25,61,2512.37,1172.77,15.38,16.34,0,251.29
29,61,2114.82,782.76,23.46,26.18,0,614.09
4,61,2425.43,1764.61,19.51,23.52,0,458.71
1,62,1995.54,1735.08,18.11,14.89,0,269.76
2,62,3057.47,1693.6,14.81,19.22,0,284.58
3,62,3584.17,602.7,22.82,18.35,0,418.73
5,62,3362.1,1329.49,13.95,13.71,0,191.17
10,62,1420.6,2063.61,19.05,16.17,0,308.03
16,62,2075.46,2011.43,18.84,14.79,0,278.63
25,62,2514.56,1173.9,16.75,18.29,0,306.35
29,62,2114.41,780.27,23.78,26.38,0,627.39
4,62,2426.45,1763.24,19.69,23.65,0,465.66
1,63,1998.44,1735.7,18.38,14.96,0,274.89
2,63,3058.28,1696.86,14.91,19.46,0,290.04
3,63,3588.03,602.4,23.09,18.98,0,438.27
5,63,3364.56,1331.51,13.62,13.22,0,179.99
10,63,1420.07,2063.95,18.56,15.71,0,291.51
16,63,2075.23,2011.51,18.75,14.88,0,278.96
25,63,2516.48,1177.97,16.21,17.61,0,285.55
29,63,2113.9,777.95,23.79,26.26,0,624.8
4,63,2427.32,1759.98,18.38,21.89,0,402.33
42,63,3587.73,597.79,17.91,19.58,0,350.74
1,64,2001.6,1736.06,18.2,14.62,0,266.05
2,64,3059.13,1698.95,14.5,18.97,0,275.07
3,64,3591.7,602.08,23.29,19.63,0,457.12
5,64,3367.17,1333.44,14.01,13.59,0,190.34
10,64,1419.83,2063.99,18.81,15.94,0,299.92
16,64,2074.98,2011.42,18.36,14.7,0,269.85
25,64,2517.73,1179.8,15.84,16.85,0,266.84
29,64,2114.16,775.95,24.33,26.74,0,650.47
4,64,2428.15,1758.1,18.08,21.28,0,384.74
42,64,3591.17,597.3,17.05,18.61,0,317.2
1,65,2004.26,1736.82,18.72,14.9,0,278.83
2,65,3060.03,1700.99,14.5,19.04,0,276.19
5,65,3370.09,1335.79,13.93,13.44,0,187.2
10,65,1419.61,2064.52,18.54,15.72,0,291.41
16,65,2074.98,2011.45,18.26,14.75,0,269.38
25,65,2522.1,1180.76,15.31,15.96,0,244.38
29,65,2113.61,773.82,23.75,25.88,0,614.7
4,65,2429.29,1756.59,18.79,21.94,0,412.36
42,65,3594.46,596.98,16.51,17.95,0,296.43
1,66,2006.74,1737.65,18.89,14.91,0,281.71
2,66,3060.81,1704.6,15.46,20.56,0,317.88
5,66,3373.61,1338.48,14.48,13.96,0,202.12
10,66,1419.29,2065.72,18.48,15.73,0,290.72
16,66,2074.83,2011.45,18.12,14.77,0,267.6
25,66,2524.54,1182.06,14.51,15.03,0,217.96
29,66,2113.59,771.53,23.44,25.33,0,593.71
4,66,2430.11,1754.98,19.36,22.43,0,434.26
42,66,3597.88,596.78,16.3,17.56,0,286.18
1,67,2009.81,1738.25,18.84,14.77,0,278.37
2,67,3061.67,1706.65,14.86,19.87,0,295.36
5,67,3377.53,1340.79,14.32,13.75,0,196.9
10,67,1419.04,2066.85,18.0,15.29,0,275.29
16,67,2074.8,2011.52,18.16,14.92,0,271.09
25,67,2526.33,1183.78,13.85,14.38,0,199.15
29,67,2113.36,769.33,24.47,26.37,0,645.28
4,67,2430.83,1751.1,18.15,20.85,0,378.49
42,67,3602.19,596.4,15.79,16.81,0,265.33
1,68,2012.48,1738.57,19.16,14.91,0,285.75
2,68,3062.67,1708.54,14.42,19.25,0,277.55
5,68,3380.17,1342.4,14.38,13.79,0,198.25
10,68,1418.28,2068.19,18.41,15.69,0,288.82
16,68,2074.81,2012.1,19.26,16.08,0,309.82
25,68,2528.57,1185.31,13.41,13.86,0,185.93
29,68,2112.41,766.27,24.69,26.54,0,655.34
4,68,2431.35,1748.75,16.72,18.79,0,314.18
42,68,3605.12,596.09,15.43,16.2,0,249.85
44,68,2077.2,2013.62,21.78,13.15,0,286.37
1,69,2014.86,1739.01,18.88,14.46,0,273.04
2,69,3063.62,1710.39,14.41,19.17,0,276.26
5,69,3383.28,1343.84,14.04,13.41,0,188.23
10,69,1417.17,2069.03,18.78,16.01,0,300.75
16,69,2074.84,2012.81,20.5,17.52,0,359.23
25,69,2531.2,1187.28,13.63,14.1,0,192.24
29,69,2111.82,763.8,24.52,26.09,0,639.77
4,69,2432.29,1748.26,18.11,20.11,0,364.19
42,69,3608.74,595.67,14.97,15.47,0,231.63
44,69,2077.22,2015.0,22.02,13.3,0,292.91
1,70,2017.51,1739.19,19.26,14.62,0,281.5
2,70,3064.83,1712.93,14.17,18.84,0,266.99
5,70,3386.21,1346.03,14.44,13.77,0,198.86
10,70,1416.07,2069.63,19.32,16.58,0,320.34
16,70,2074.67,2013.07,20.62,18.04,0,371.92
25,70,2533.94,1189.78,13.84,14.27,0,197.54
29,70,2111.11,761.08,23.87,25.14,0,599.9
4,70,2433.31,1747.27,18.53,20.34,0,376.97
42,70,3612.35,594.98,14.93,15.14,0,226.12
44,70,2077.18,2015.59,21.47,12.96,0,278.3
1,71,2019.96,1739.65,19.82,15.07,0,298.7
2,71,3066.5,1715.98,14.5,19.18,0,278.03
5,71,3389.43,1348.31,14.24,13.59,0,193.51
10,71,1415.66,2069.72,18.52,15.91,0,294.73
16,71,2074.52,2012.87,19.84,17.66,0,350.27
25,71,2536.4,1191.39,13.93,14.33,0,199.66
29,71,2110.8,758.94,24.25,25.39,0,615.86
4,71,2434.02,1746.24,18.93,20.52,0,388.42
42,71,3616.01,593.84,14.53,14.4,0,209.27
44,71,2077.09,2015.19,20.9,12.59,0,263.02
1,72,2022.74,1740.05,19.42,14.72,0,285.91
2,72,3067.39,1718.77,14.71,19.33,0,284.23
5,72,3392.5,1350.35,14.03,13.41,0,188.22
10,72,1415.35,2069.67,18.44,15.88,0,292.95
16,72,2073.38,2012.73,19.3,17.38,0,335.5
25,72,2538.1,1192.69,13.96,14.36,0,200.45
29,72,2110.15,756.99,24.54,25.61,0,628.51
4,72,2434.26,1744.8,19.47,21.02,0,409.33
42,72,3619.28,592.99,14.79,14.35,0,212.24
1,73,2025.89,1740.92,19.75,14.91,0,294.43
2,73,3067.96,1721.24,14.49,18.83,0,272.88
5,73,3395.63,1352.57,14.47,13.82,0,199.95
10,73,1415.04,2070.85,18.4,15.8,0,290.8
16,73,2072.64,2013.09,19.74,18.12,0,357.74
25,73,2539.76,1194.15,13.8,14.08,0,194.31
29,73,2109.55,755.32,24.21,25.05,0,606.5
4,73,2434.25,1742.99,19.94,21.43,0,427.29
42,73,3622.29,592.24,15.27,14.44,0,220.37
1,74,2028.46,1741.4,19.81,14.97,0,296.61
2,74,3068.36,1723.48,14.25,18.19,0,259.27
5,74,3398.26,1354.28,14.46,13.8,0,199.51
10,74,1414.88,2071.94,19.06,16.37,0,312.06
16,74,2072.86,2013.16,19.6,18.26,0,357.82
25,74,2540.77,1195.27,14.05,14.08,0,197.83
29,74,2108.51,753.1,24.56,25.26,0,620.35
4,74,2433.86,1741.01,20.31,21.68,0,440.33
42,74,3625.68,591.36,15.91,14.7,0,233.94
44,74,2076.29,2015.42,21.68,12.98,0,281.45
1,75,2031.2,1741.66,19.73,14.89,0,293.86
2,75,3069.1,1725.6,15.03,18.8,0,282.58
5,75,3401.26,1355.59,14.28,13.62,0,194.58
10,75,1414.6,2073.12,19.02,16.11,0,306.35
16,75,2073.56,2013.17,19.21,18.28,0,351.26
25,75,2541.7,1196.1,15.17,14.95,0,226.82
29,75,2107.85,750.88,24.97,25.52,0,637.19
4,75,2434.4,1739.43,20.01,21.24,0,424.95
42,75,3628.36,590.82,16.18,14.79,0,239.3
44,75,2076.74,2015.59,21.51,12.86,0,276.54
1,76,2034.52,1741.58,19.7,14.83,0,292.18
2,76,3072.6,1727.0,16.46,20.23,0,332.98
5,76,3403.88,1357.95,14.48,13.72,0,198.58
10,76,1414.39,2073.65,18.7,15.62,0,292.14
16,76,2074.08,2017.25,18.44,17.74,0,327.0
25,76,2546.43,1197.36,17.26,17.23,0,297.31
29,76,2107.29,749.0,24.56,24.97,0,613.1
4,76,2435.26,1738.11,19.98,20.95,0,418.6
42,76,3631.46,590.83,15.89,14.29,0,227.04
44,76,2076.96,2016.92,22.07,13.21,0,291.63
1,77,2037.44,1741.21,19.96,15.03,0,300.08
2,77,3074.27,1730.14,16.06,19.32,0,310.39
5,77,3405.84,1360.38,14.81,13.64,0,201.93
10,77,1414.28,2073.8,18.92,15.64,0,295.8
16,77,2074.52,2018.84,17.98,17.46,0,314.02
25,77,2549.75,1201.55,17.24,17.59,0,303.24
29,77,2107.13,746.77,24.47,24.6,0,602.09
4,77,2435.94,1736.97,20.56,21.34,0,438.67
42,77,3634.93,590.07,16.81,14.94,0,251.07
44,77,2077.18,2017.44,22.0,13.2,0,290.42
1,78,2041.06,1740.69,20.43,15.36,0,313.86
2,78,3075.54,1732.86,15.37,18.21,0,279.89
5,78,3410.66,1362.53,15.16,13.83,0,209.65
10,78,1414.16,2073.87,19.22,15.78,0,303.26
16,78,2074.58,2019.1,18.25,17.99,0,328.31
25,78,2552.7,1203.64,16.25,16.87,0,274.12
29,78,2106.63,744.53,24.55,24.39,0,598.83
4,78,2436.38,1735.32,20.75,21.26,0,441.2
42,78,3638.41,588.84,16.9,14.93,0,252.29
44,78,2077.25,2017.06,21.96,13.2,0,289.8
1,79,2043.83,1740.46,20.28,15.36,0,311.47
2,79,3077.09,1735.21,15.28,17.93,0,274.0
5,79,3413.94,1364.06,16.09,14.97,0,240.84
10,79,1414.24,2074.01,19.43,15.84,0,307.78
16,79,2074.58,2019.0,18.51,18.56,0,343.55
25,79,2555.0,1204.67,15.27,15.99,0,244.21
29,79,2105.44,742.2,25.4,25.13,0,638.35
4,79,2436.36,1733.4,20.85,21.16,0,441.2
42,79,3641.46,587.65,17.1,14.97,0,255.92
44,79,2077.27,2016.29,21.58,12.96,0,279.56
1,80,2047.12,1740.47,20.14,15.27,0,307.46
2,80,3079.24,1737.29,15.38,17.85,0,274.48
5,80,3417.1,1365.3,17.61,16.79,0,295.68
10,80,1414.42,2074.29,19.55,15.79,0,308.68
25,80,2557.11,1205.27,14.42,15.09,0,217.62
29,80,2105.27,740.03,25.9,25.51,0,660.59
4,80,2436.39,1731.11,21.03,21.12,0,444.09
42,80,3644.56,586.21,17.2,14.88,0,256.03
44,80,2077.29,2015.77,21.47,12.89,0,276.76
53,80,2074.82,2013.07,15.27,18.14,0,277.05
1,81,2050.42,1740.24,20.29,15.39,0,312.27
2,81,3080.58,1738.77,15.2,17.33,0,263.49
5,81,3420.03,1366.05,18.43,18.07,0,333.03
10,81,1414.51,2075.26,19.89,15.95,0,317.27
25,81,2559.42,1206.15,13.92,14.59,0,203.05
29,81,2104.73,737.95,24.69,24.06,0,594.01
4,81,2436.43,1727.84,21.7,21.75,0,472.14
42,81,3648.68,585.06,17.82,15.1,0,269.04
44,81,2077.3,2015.61,21.33,12.8,0,272.93
53,81,2074.91,2012.99,15.17,17.99,0,272.94
1,82,2053.57,1740.24,20.2,15.35,0,310.14
2,82,3082.21,1740.79,15.16,17.04,0,258.2
5,82,3423.37,1370.07,17.73,17.7,0,313.92
10,82,1414.78,2076.48,20.19,16.04,0,323.82
25,82,2561.7,1207.59,14.31,15.08,0,215.86
29,82,2104.63,735.77,25.54,24.81,0,633.7
4,82,2436.79,1726.14,21.17,20.96,0,443.69
42,82,3651.92,584.42,17.77,14.99,0,266.37
44,82,2077.36,2015.82,21.79,13.12,0,285.78
53,82,2075.09,2013.26,15.65,18.52,0,289.92
1,83,2056.86,1740.18,20.46,15.63,0,319.7
2,83,3084.74,1743.58,15.64,17.38,0,271.67
5,83,3427.03,1372.53,15.79,15.74,0,248.47
10,83,1414.65,2077.63,20.05,15.81,0,316.9
25,83,2564.89,1208.68,15.21,16.31,0,248.2
29,83,2104.4,733.62,25.87,25.04,0,647.97
4,83,2437.51,1724.94,20.67,20.12,0,415.86
42,83,3655.89,583.92,17.7,14.78,0,261.49
44,83,2077.71,2016.88,21.88,13.27,0,290.28
1,84,2059.99,1739.63,21.21,16.32,0,346.21
2,84,3087.4,1746.24,15.84,17.37,0,275.12
5,84,3429.7,1374.62,15.16,14.63,0,221.88
10,84,1414.54,2078.46,20.19,15.84,0,319.89
25,84,2568.01,1209.81,16.61,18.27,0,303.44
29,84,2104.31,731.42,25.15,24.07,0,605.51
4,84,2438.19,1724.12,20.7,19.88,0,411.39
42,84,3660.05,583.36,18.05,15.01,0,270.87
44,84,2078.35,2017.88,21.5,13.2,0,283.82
1,85,2064.44,1738.96,20.34,15.49,0,315.01
2,85,3089.97,1748.59,15.87,17.25,0,273.74
5,85,3434.96,1376.56,14.76,14.08,0,207.81
10,85,1414.44,2079.31,19.94,15.55,0,310.08
25,85,2571.76,1213.16,14.63,15.85,0,231.88
29,85,2104.09,729.31,25.86,24.78,0,640.81
4,85,2438.81,1723.41,20.73,19.61,0,406.44
42,85,3663.98,582.52,18.21,15.15,0,275.87
44,85,2078.68,2018.72,21.25,13.22,0,280.84
1,86,2067.28,1738.82,20.35,15.6,0,317.49
2,86,3092.65,1750.19,17.32,18.82,0,325.9
5,86,3438.68,1379.03,14.46,13.78,0,199.37
10,86,1414.59,2079.78,19.91,15.39,0,306.41
25,86,2574.76,1215.4,13.68,14.76,0,201.94
29,86,2103.91,727.58,25.89,24.7,0,639.37
4,86,2439.18,1722.53,20.55,19.1,0,392.43
42,86,3667.9,581.58,17.94,14.87,0,266.81
44,86,2078.81,2018.91,21.16,13.34,0,282.2
1,87,2070.16,1739.3,20.57,15.92,0,327.6
2,87,3094.33,1753.85,17.62,18.8,0,331.28
5,87,3442.23,1381.6,14.62,13.89,0,203.0
10,87,1414.51,2080.52,19.91,15.3,0,304.6
25,87,2576.98,1217.14,13.18,14.2,0,187.15
29,87,2103.06,726.05,26.19,24.89,0,651.94
4,87,2439.28,1721.49,20.97,19.2,0,402.48
42,87,3671.28,580.44,18.15,15.04,0,272.96
44,87,2078.86,2018.91,21.04,13.44,0,282.74
1,88,2073.55,1739.68,20.66,16.1,0,332.53
2,88,3097.82,1756.2,16.92,17.78,0,301.0
5,88,3445.56,1384.03,14.72,13.97,0,205.67
10,88,1414.64,2081.63,20.4,15.61,0,318.47
25,88,2579.88,1219.01,13.71,14.78,0,202.64
29,88,2102.54,724.3,25.59,24.14,0,617.78
4,88,2439.21,1719.73,20.98,18.89,0,396.28
42,88,3674.71,579.38,18.2,15.07,0,274.32
44,88,2078.93,2019.13,20.77,13.43,0,278.91
1,89,2076.72,1739.61,20.68,16.18,0,334.66
2,89,3100.15,1758.0,16.43,17.06,0,280.34
5,89,3448.94,1386.36,14.89,14.23,0,211.84
10,89,1414.66,2082.71,19.97,15.14,0,302.25
25,89,2582.48,1220.25,14.35,15.6,0,223.99
29,89,2102.13,722.32,25.51,23.88,0,609.1
4,89,2438.76,1717.84,20.87,18.43,0,384.67
42,89,3678.37,578.52,18.75,15.59,0,292.4
44,89,2078.98,2019.59,20.47,13.39,0,274.11
1,90,2080.05,1739.24,20.92,16.47,0,344.46
2,90,3102.63,1760.05,16.47,16.97,0,279.54
5,90,3452.46,1388.06,15.91,15.14,0,240.96
10,90,1416.28,2083.77,20.87,15.78,0,329.43
29,90,2101.8,720.88,26.35,24.61,0,648.47
4,90,2438.46,1716.54,21.0,18.28,0,383.86
42,90,3682.0,578.15,18.63,15.35,0,285.9
44,90,2079.2,2020.38,20.63,13.71,0,282.72
1,91,2083.18,1738.51,20.65,16.38,0,338.2
2,91,3105.57,1762.52,16.34,16.65,0,272.06
5,91,3457.78,1389.09,17.22,16.34,0,281.35
10,91,1415.46,2084.58,21.99,16.69,0,366.94
29,91,2101.47,719.25,25.82,24.01,0,619.81
4,91,2438.65,1715.85,21.4,18.43,0,394.28
42,91,3686.6,578.36,20.63,17.27,0,356.24
44,91,2079.28,2021.75,20.22,13.71,0,277.33
25,91,2587.78,1226.07,16.21,17.77,0,288.11
1,92,2086.16,1738.09,20.91,16.65,0,348.18
2,92,3109.26,1765.53,16.53,16.72,0,276.27
5,92,3460.99,1390.08,18.59,18.1,0,336.53
10,92,1414.94,2085.04,22.72,17.38,0,394.85
29,92,2101.4,717.27,26.05,24.12,0,628.28
4,92,2439.26,1715.49,22.04,18.76,0,413.61
42,92,3690.9,577.98,22.01,18.85,0,414.87
44,92,2079.77,2022.77,19.82,13.72,0,271.92
1,93,2089.71,1737.68,20.37,16.2,0,329.94
2,93,3112.89,1768.27,16.87,16.98,0,286.41
5,93,3464.86,1394.31,17.59,17.31,0,304.43
10,93,1414.71,2085.21,22.9,17.67,0,404.68
29,93,2100.53,715.05,26.27,24.18,0,635.19
4,93,2439.42,1714.82,21.99,18.44,0,405.43
42,93,3694.6,574.6,21.53,18.43,0,396.71
44,93,2080.35,2023.64,19.91,14.07,0,280.28
25,93,2595.25,1228.81,14.63,15.73,0,230.19
1,94,2093.39,1737.56,19.92,15.89,0,316.5
2,94,3116.22,1770.76,16.88,16.85,0,284.45
5,94,3469.13,1396.92,15.54,15.3,0,237.78
10,94,1414.66,2085.51,23.49,18.32,0,430.22
29,94,2099.68,712.6,26.63,24.45,0,650.94
4,94,2439.69,1713.82,21.95,18.08,0,396.83
42,94,3699.28,572.84,20.26,17.43,0,353.21
44,94,2080.7,2024.46,20.02,14.45,0,289.29
25,94,2598.04,1230.25,13.88,14.87,0,206.43
1,95,2097.39,1737.47,19.95,15.94,0,318.01
2,95,3120.74,1772.71,17.3,16.93,0,292.86
5,95,3473.67,1399.59,15.1,14.86,0,224.37
10,95,1416.2,2089.09,23.64,18.58,0,439.26
29,95,2099.32,710.22,26.24,23.94,0,628.19
4,95,2440.01,1712.77,22.11,17.93,0,396.44
42,95,3703.31,571.62,18.83,16.16,0,304.27
44,95,2081.08,2024.89,19.96,14.68,0,293.09
1,96,2100.8,1737.37,20.27,16.28,0,329.93
2,96,3123.3,1774.08,18.66,18.36,0,342.59
5,96,3478.15,1401.2,16.85,16.85,0,283.95
10,96,1416.88,2091.02,22.35,17.56,0,392.46
29,96,2099.4,708.23,26.29,23.87,0,627.65
4,96,2439.75,1712.04,22.29,17.91,0,399.11
42,96,3707.98,570.77,18.18,15.52,0,282.1
44,96,2081.29,2025.4,19.91,14.93,0,297.11
25,96,2604.09,1233.1,13.65,14.7,0,200.6
1,97,2104.51,1737.33,20.49,16.53,0,338.68
2,97,3126.39,1777.48,19.39,19.32,0,374.53
5,97,3483.1,1403.96,15.53,15.31,0,237.81
10,97,1417.45,2092.07,21.06,16.51,0,347.66
29,97,2099.24,707.06,25.79,23.36,0,602.41
4,97,2439.97,1711.28,23.18,18.47,0,428.13
42,97,3712.67,570.07,17.64,14.87,0,262.21
44,97,2082.09,2026.01,19.67,15.06,0,296.16
1,98,2107.81,1736.77,20.41,16.5,0,336.69
2,98,3129.38,1779.6,18.06,17.99,0,324.77
5,98,3486.24,1406.05,14.74,14.47,0,213.38
10,98,1417.62,2092.93,20.57,16.09,0,330.89
29,98,2099.29,705.88,25.85,23.25,0,600.84
4,98,2439.74,1710.45,23.27,18.36,0,427.19
42,98,3717.32,569.44,18.07,15.12,0,273.31
44,98,2082.84,2027.23,19.41,15.17,0,294.44
25,98,2610.47,1237.31,13.94,15.09,0,210.32
1,99,2110.78,1736.0,20.86,16.86,0,351.62
2,99,3132.77,1782.21,17.49,17.29,0,302.35
5,99,3489.67,1407.92,14.58,14.27,0,208.0
10,99,1417.77,2094.03,20.29,15.84,0,321.45
4,99,2439.57,1709.99,23.47,18.35,0,430.7
42,99,3721.72,568.94,17.84,14.92,0,266.27
44,99,2083.75,2028.94,19.3,15.35,0,296.3
25,99,2613.88,1239.73,14.36,15.73,0,225.81
1,100,2114.35,1735.06,20.56,16.7,0,343.39
2,100,3136.84,1784.6,17.32,16.99,0,294.22
5,100,3493.65,1410.17,14.66,14.3,0,209.54
10,100,1417.69,2094.8,20.39,15.87,0,323.6
4,100,2439.67,1709.75,23.68,18.33,0,434.18
42,100,3725.62,568.04,17.69,14.7,0,260.01
44,100,2084.23,2030.35,19.19,15.48,0,297.04
25,100,2616.92,1241.38,13.35,14.64,0,195.42
29,100,2098.15,702.13,25.59,22.73,0,581.65
1,101,2117.47,1734.45,20.41,16.67,0,340.25
2,101,3139.9,1786.69,16.92,16.46,0,278.45
5,101,3497.32,1412.05,15.5,15.29,0,237.08
10,101,1417.53,2095.23,20.66,16.05,0,331.7
4,101,2439.68,1709.84,24.08,18.52,0,446.1
42,101,3729.36,566.56,17.79,14.69,0,261.33
44,101,2084.32,2031.25,18.99,15.54,0,294.99
29,101,2097.17,700.06,25.91,22.78,0,590.25
1,102,2121.18,1733.87,20.57,16.96,0,348.86
2,102,3142.11,1788.29,17.07,16.37,0,279.42
5,102,3500.53,1413.53,17.34,17.3,0,299.86
10,102,1417.58,2095.25,20.36,15.76,0,320.85
4,102,2439.62,1709.6,24.74,18.98,0,469.47
42,102,3733.03,564.7,17.91,14.77,0,264.64
44,102,2084.4,2031.32,18.5,15.29,0,282.82
29,102,2096.78,698.56,25.92,22.57,0,585.16
1,103,2124.69,1733.45,20.83,17.32,0,360.81
2,103,3145.74,1789.63,17.18,16.19,0,278.08
5,103,3505.93,1417.91,17.59,17.48,0,307.49
10,103,1417.84,2096.05,20.5,15.9,0,325.86
4,103,2439.24,1708.75,24.03,18.33,0,440.37
42,103,3736.75,563.87,18.17,14.97,0,272.01
44,103,2084.63,2030.96,18.07,15.0,0,271.12
29,103,2095.97,696.94,26.17,22.57,0,590.59
1,104,2128.1,1732.93,20.12,16.92,0,340.36
2,104,3148.43,1791.63,17.51,16.46,0,288.13
5,104,3509.34,1420.04,16.69,16.69,0,278.61
10,104,1418.26,2097.13,20.57,16.07,0,330.5
4,104,2438.52,1707.79,23.81,18.04,0,429.42
42,104,3740.7,563.23,18.64,15.34,0,285.88
44,104,2084.84,2031.64,18.09,15.06,0,272.43
29,104,2094.98,695.28,26.56,22.66,0,601.86
1,105,2131.05,1732.39,19.76,16.79,0,331.65
2,105,3151.6,1793.81,17.3,16.18,0,279.8
5,105,3512.45,1421.39,15.17,15.11,0,229.2
10,105,1418.58,2098.5,19.95,15.66,0,312.33
4,105,2438.0,1706.91,24.18,18.24,0,441.1
42,105,3745.47,562.49,18.39,14.95,0,274.87
44,105,2085.25,2033.0,18.62,15.53,0,289.17
29,105,2094.3,693.94,26.13,21.96,0,573.87
25,105,2631.52,1251.57,14.83,16.51,0,244.72
1,106,2134.56,1731.3,20.18,17.31,0,349.39
2,106,3154.88,1795.77,17.17,15.96,0,274.06
5,106,3516.62,1423.4,14.3,14.02,0,200.58
10,106,1418.4,2099.56,19.68,15.45,0,303.95
4,106,2437.49,1706.5,24.54,18.52,0,454.32
42,106,3749.54,561.56,18.23,14.75,0,268.91
44,106,2085.64,2034.44,18.95,15.77,0,298.83
29,106,2093.73,692.39,25.82,21.42,0,553.15
1,107,2137.72,1730.22,20.33,17.66,0,359.13
2,107,3158.6,1797.61,19.08,17.91,0,341.9
5,107,3520.31,1425.0,14.34,13.93,0,199.72
10,107,1418.26,2100.52,19.87,15.62,0,310.47
4,107,2437.36,1706.61,24.67,18.6,0,458.91
42,107,3753.61,560.26,18.4,14.88,0,273.8
44,107,2085.86,2035.91,19.6,16.34,0,320.35
29,107,2093.05,691.17,26.61,21.91,0,582.85
63,107,2089.8,2035.96,21.7,16.47,0,357.37
25,107,2636.49,1254.7,13.89,14.91,0,207.0
1,108,2140.65,1728.95,19.95,17.48,0,348.64
2,108,3162.23,1801.39,19.79,18.82,0,372.48
5,108,3523.9,1427.14,14.01,13.42,0,187.98
10,108,1418.24,2100.8,19.73,15.51,0,306.15
4,108,2437.55,1706.92,24.79,18.66,0,462.73
42,108,3756.95,558.71,18.73,15.17,0,284.17
44,108,2086.18,2036.51,20.02,16.67,0,333.86
29,108,2092.01,689.69,26.01,21.04,0,547.08
63,108,2090.12,2036.28,21.96,16.7,0,366.82
1,109,2143.82,1728.13,19.74,17.55,0,346.49
2,109,3165.32,1803.35,19.09,18.15,0,346.58
5,109,3528.34,1430.73,16.45,15.92,0,261.82
10,109,1418.06,2101.12,20.08,15.79,0,317.03
4,109,2437.1,1707.22,25.2,18.96,0,477.86
42,109,3760.95,557.74,18.87,15.34,0,289.47
44,109,2086.23,2036.7,20.14,16.77,0,337.7
29,109,2091.11,687.73,25.98,20.71,0,537.99
63,109,2090.45,2036.36,21.9,16.72,0,366.2
25,109,2643.79,1256.8,13.78,14.47,0,199.43
1,110,2146.43,1727.54,19.78,17.54,0,346.86
2,110,3169.2,1804.39,18.35,17.12,0,314.28
5,110,3532.92,1432.89,15.46,14.79,0,228.69
10,110,1417.93,2101.65,20.65,16.3,0,336.64
4,110,2436.71,1707.25,24.78,18.57,0,460.14
42,110,3765.15,557.18,19.31,15.76,0,304.27
44,110,2086.28,2037.07,20.87,17.45,0,364.08
29,110,2090.08,685.75,26.43,20.87,0,551.66
63,110,2090.52,2036.77,22.76,17.5,0,398.23
25,110,2646.53,1258.1,13.58,14.31,0,194.28
1,111,2150.32,1726.47,21.49,19.5,0,419.15
2,111,3171.5,1806.0,18.2,16.94,0,308.26
5,111,3536.09,1434.66,14.54,13.79,0,200.46
10,111,1417.63,2102.99,21.32,17.11,0,364.75
4,111,2435.7,1706.87,25.21,18.94,0,477.63
42,111,3769.37,556.57,19.81,16.07,0,318.29
44,111,2086.32,2037.45,21.62,18.22,0,394.01
29,111,2088.79,684.59,26.99,21.15,0,570.68
63,111,2090.56,2037.18,23.58,18.3,0,431.57
25,111,2649.06,1260.34,13.55,14.2,0,192.41
65,111,732.24,2153.35,14.25,13.04,0,185.83
1,112,2153.47,1725.78,21.26,19.64,0,417.52
2,112,3174.24,1808.18,18.05,16.79,0,303.0
5,112,3539.6,1436.19,15.83,15.09,0,238.94
10,112,1418.36,2104.17,20.91,17.05,0,356.55
4,112,2435.21,1706.44,25.38,19.17,0,486.41
42,112,3772.85,555.94,19.57,15.98,0,312.8
44,112,2089.27,2040.5,22.84,19.69,0,449.8
29,112,2088.07,684.06,27.05,21.07,0,569.75
63,112,2090.8,2037.82,24.87,19.6,0,487.4
25,112,2651.99,1263.05,13.77,14.52,0,199.84
65,112,732.69,2153.2,14.8,13.54,0,200.37
1,113,2156.15,1725.14,20.16,18.93,0,381.63
2,113,3177.45,1810.31,17.65,16.39,0,289.34
5,113,3542.97,1437.31,17.22,16.68,0,287.25
10,113,1419.01,2105.88,20.18,16.59,0,334.85
4,113,2434.29,1706.18,25.58,19.4,0,496.28
42,113,3776.25,555.35,20.16,16.64,0,335.47
44,113,2090.69,2041.97,22.31,19.65,0,438.41
29,113,2087.39,683.56,27.21,20.96,0,570.21
63,113,2091.15,2038.49,26.01,20.93,0,544.28
25,113,2655.29,1265.46,13.89,14.69,0,204.05
65,113,732.51,2152.74,15.85,14.52,0,230.13
1,114,2158.31,1723.93,19.71,18.5,0,364.51
2,114,3180.72,1812.34,18.12,16.83,0,304.95
5,114,3546.64,1438.11,18.32,18.1,0,331.56
10,114,1419.23,2106.8,20.1,16.72,0,336.09
4,114,2433.82,1706.46,24.87,18.83,0,468.3
42,114,3779.46,555.06,20.49,17.08,0,350.02
44,114,2091.7,2043.07,20.65,18.53,0,382.51
29,114,2086.33,683.01,27.08,20.62,0,558.57
25,114,2658.28,1267.05,13.57,14.34,0,194.62
65,114,732.58,2152.07,17.25,15.87,0,273.75
1,115,2162.29,1722.33,19.81,18.72,0,370.79
2,115,3184.14,1814.74,18.4,17.07,0,314.17
5,115,3549.57,1442.36,17.59,17.23,0,303.13
10,115,1419.27,2107.55,20.73,17.46,0,361.94
4,115,2433.72,1707.22,25.18,19.06,0,480.04
42,115,3783.06,554.64,21.18,17.91,0,379.19
44,115,2092.17,2043.99,18.71,16.99,0,317.87
29,115,2085.39,682.11,27.13,20.45,0,554.87
25,115,2660.26,1268.22,14.51,15.26,0,221.44
1,116,2165.11,1721.47,19.52,18.73,0,365.68
2,116,3187.64,1817.17,18.36,17.06,0,313.37
5,116,3554.82,1444.94,15.66,15.06,0,235.86
10,116,1419.35,2108.04,20.65,17.58,0,363.02
4,116,2434.01,1708.07,24.93,18.87,0,470.59
42,116,3787.43,554.01,22.26,19.21,0,427.65
44,116,2092.59,2045.29,18.26,16.83,0,307.34
29,116,2084.68,681.15,27.49,20.49,0,563.29
25,116,2661.99,1269.29,16.28,16.94,0,275.83
65,116,733.72,2150.06,18.5,17.19,0,318.04
1,117,2168.42,1721.2,19.54,19.0,0,371.21
2,117,3191.4,1819.25,17.96,16.7,0,299.88
5,117,3559.52,1447.73,14.52,13.8,0,200.3
10,117,1419.83,2108.62,20.3,17.46,0,354.36
4,117,2434.09,1708.47,24.71,18.79,0,464.28
42,117,3790.87,551.03,22.48,19.52,0,438.94
44,117,2093.32,2045.99,17.49,16.43,0,287.51
29,117,2083.9,680.05,28.43,21.13,0,600.6
25,117,2666.9,1270.05,17.35,18.31,0,317.55
65,117,734.88,2148.62,18.48,17.39,0,321.42
1,118,2172.11,1720.56,18.96,18.76,0,355.69
2,118,3194.98,1821.22,18.25,16.93,0,308.98
5,118,3563.85,1449.53,14.88,14.01,0,208.46
10,118,1420.74,2109.91,20.05,17.38,0,348.55
4,118,2434.19,1708.61,25.16,19.19,0,482.91
42,118,3795.5,549.41,21.27,18.72,0,398.25
44,118,2094.5,2046.81,16.79,15.99,0,268.47
29,118,2083.21,679.15,28.27,20.82,0,588.48
25,118,2670.21,1273.7,17.09,18.36,0,313.75
65,118,736.17,2147.65,18.54,17.67,0,327.63
1,119,2174.96,1719.88,19.38,19.49,0,377.61
2,119,3197.97,1823.1,18.33,17.08,0,313.06
5,119,3567.98,1451.61,15.33,14.29,0,219.11
10,119,1421.35,2111.59,20.26,17.68,0,358.35
4,119,2433.19,1708.7,24.84,18.94,0,470.39
42,119,3799.22,548.62,20.3,17.98,0,364.98
44,119,2095.2,2047.72,16.43,15.84,0,260.27
29,119,2082.01,678.39,28.29,20.64,0,583.76
65,119,736.46,2147.06,18.17,17.52,0,318.32
1,120,2177.79,1719.09,19.3,19.77,0,381.53
2,120,3201.1,1825.46,18.42,17.18,0,316.44
5,120,3571.88,1454.19,14.92,13.76,0,205.34
10,120,1421.87,2113.55,19.81,17.39,0,344.36
4,120,2432.29,1709.2,25.25,19.35,0,488.72
42,120,3803.36,548.21,19.62,17.39,0,341.05
44,120,2095.93,2049.28,16.2,15.81,0,256.13
29,120,2080.78,677.91,28.56,20.61,0,588.7
65,120,736.22,2146.75,17.28,16.85,0,291.13
25,120,2677.19,1279.22,14.86,15.98,0,237.52
1,121,2180.37,1717.69,18.81,19.54,0,367.6
2,121,3204.68,1827.75,17.99,16.8,0,302.18
5,121,3574.59,1456.46,15.14,13.48,0,204.15
10,121,1421.96,2115.89,20.1,17.85,0,358.86
4,121,2432.24,1709.79,25.7,19.81,0,509.27
42,121,3807.25,547.54,18.44,16.34,0,301.34
44,121,2096.78,2050.88,16.15,15.94,0,257.42
29,121,2079.74,677.38,28.95,20.83,0,602.91
65,121,736.12,2146.09,16.99,16.68,0,283.5
25,121,2680.76,1281.24,13.79,14.73,0,203.14
1,122,2183.28,1717.1,19.69,20.92,0,411.81
2,122,3208.59,1830.39,18.13,16.99,0,307.9
5,122,3579.77,1458.95,15.72,14.0,0,220.14
10,122,1422.18,2117.33,19.93,17.8,0,354.68
4,122,2432.39,1710.82,25.27,19.53,0,493.55
42,122,3811.38,546.96,17.92,15.84,0,283.84
44,122,2097.6,2052.9,15.75,15.69,0,247.13
29,122,2079.16,676.96,29.62,21.31,0,631.21
65,122,735.54,2144.89,17.15,17.04,0,292.27
25,122,2683.63,1282.93,13.34,14.02,0,187.0
1,123,2186.75,1715.02,18.89,20.1,0,379.54
2,123,3212.44,1833.03,18.35,17.25,0,316.61
5,123,3584.69,1460.56,17.3,15.61,0,270.01
10,123,1421.97,2118.09,19.89,17.89,0,355.83
4,123,2432.42,1712.14,25.33,19.72,0,499.6
42,123,3814.92,546.25,18.09,15.68,0,283.75
44,123,2098.42,2054.82,15.82,15.86,0,250.87
29,123,2078.59,676.58,28.72,20.49,0,588.48
65,123,735.35,2143.56,17.21,17.24,0,296.76
25,123,2685.32,1283.71,13.14,13.29,0,174.64
1,124,2188.82,1713.58,18.55,20.05,0,371.99
2,124,3214.98,1835.58,19.21,17.91,0,344.09
5,124,3588.92,1461.64,18.66,17.19,0,320.82
10,124,1421.65,2118.64,19.57,17.56,0,343.71
4,124,2432.23,1713.09,26.23,20.6,0,540.36
42,124,3819.48,545.0,18.25,15.9,0,290.2
44,124,2099.2,2056.23,15.82,15.99,0,252.97
29,124,2076.67,675.59,28.35,20.13,0,570.67
65,124,735.4,2142.16,17.38,17.63,0,306.4
25,124,2689.98,1284.38,13.91,13.6,0,189.17
75,124,1076.03,2151.07,17.73,17.77,0,315.11
1,125,2191.38,1712.73,17.81,19.48,0,346.89
2,125,3219.09,1837.77,18.8,17.6,0,330.75
5,125,3593.57,1465.89,18.79,17.58,0,330.37
10,125,1422.02,2119.21,18.97,16.98,0,322.17
4,125,2431.71,1713.91,26.16,20.74,0,542.49
42,125,3824.04,543.45,18.0,15.72,0,282.88
44,125,2099.91,2057.16,15.36,15.65,0,240.43
65,125,735.89,2141.08,17.27,17.67,0,305.2
25,125,2692.51,1285.84,13.71,13.19,0,180.9
75,125,1077.99,2150.79,18.33,18.4,0,337.4
1,126,2193.88,1711.91,17.73,19.64,0,348.24
2,126,3222.56,1839.44,18.17,17.06,0,310.13
5,126,3597.48,1468.36,17.45,16.08,0,280.49
10,126,1422.45,2120.09,19.32,17.3,0,334.22
4,126,2430.87,1714.28,26.6,21.29,0,566.18
42,126,3827.88,542.13,18.02,15.7,0,282.88
44,126,2100.04,2057.72,15.1,15.47,0,233.51
65,126,736.13,2139.95,17.26,17.82,0,307.68
25,126,2694.8,1287.03,13.1,12.54,0,164.22
75,126,1079.91,2150.39,19.1,19.21,0,366.95
29,126,2074.11,673.82,28.78,20.4,0,587.17
1,127,2196.68,1710.31,17.71,19.9,0,352.31
2,127,3225.78,1841.15,18.22,17.15,0,312.49
5,127,3602.75,1469.66,16.04,14.54,0,233.25
10,127,1423.44,2121.56,18.8,16.74,0,314.7
4,127,2430.37,1714.31,26.67,21.6,0,576.06
42,127,3830.86,540.82,18.03,15.83,0,285.35
44,127,2100.88,2058.4,15.22,15.62,0,237.76
65,127,736.16,2138.98,17.23,18.06,0,311.22
25,127,2698.17,1289.13,13.46,12.86,0,173.11
75,127,1082.55,2148.03,18.22,18.32,0,333.8
29,127,2073.28,673.06,29.98,21.35,0,640.04
1,128,2199.02,1708.69,17.49,19.9,0,348.03
2,128,3229.17,1843.27,17.84,16.79,0,299.66
5,128,3606.7,1471.72,15.36,13.82,0,212.24
10,128,1424.46,2123.01,18.77,16.65,0,312.49
4,128,2430.0,1714.72,26.72,21.97,0,587.05
42,128,3832.17,539.98,15.65,16.16,0,252.95
44,128,2102.14,2059.31,15.29,15.76,0,241.08
65,128,736.49,2138.32,17.64,18.77,0,331.05
25,128,2702.4,1292.05,13.93,12.91,0,179.82
75,128,1084.86,2145.69,17.0,17.1,0,290.67
29,128,2072.56,672.88,30.12,21.52,0,648.0
1,129,2201.2,1706.73,17.13,19.68,0,337.08
2,129,3232.72,1845.24,18.76,17.79,0,333.64
5,129,3610.76,1473.7,15.34,13.71,0,210.34
10,129,1424.98,2123.81,18.74,16.58,0,310.67
4,129,2429.95,1715.62,26.82,22.32,0,598.69
42,129,3833.25,539.73,13.51,15.83,0,213.81
44,129,2103.4,2060.33,15.59,16.29,0,254.0
65,129,736.07,2137.58,18.46,20.06,0,370.32
25,129,2705.27,1293.48,13.63,12.54,0,170.97
29,129,2071.97,672.86,30.11,21.53,0,648.27
1,130,2203.56,1705.23,18.04,21.15,0,381.6
2,130,3236.26,1846.5,20.05,19.29,0,386.83
5,130,3614.71,1475.07,15.51,13.78,0,213.73
10,130,1425.41,2123.92,18.83,16.65,0,313.59
4,130,2429.75,1716.65,26.2,22.05,0,577.52
44,130,2104.55,2061.03,16.2,17.19,0,278.44
65,130,735.98,2134.15,16.88,18.46,0,311.7
75,130,1091.04,2142.9,17.44,17.59,0,306.78
1,131,2205.07,1702.95,17.79,20.95,0,372.77
2,131,3238.72,1849.62,20.31,19.53,0,396.58
5,131,3618.91,1476.66,15.59,13.74,0,214.13
10,131,1425.72,2123.56,18.49,16.28,0,301.06
4,131,2429.67,1717.59,26.27,22.44,0,589.45
44,131,2105.12,2061.49,16.66,17.97,0,299.46
65,131,736.0,2131.94,16.27,17.78,0,289.24
75,131,1093.41,2142.12,17.59,17.79,0,312.9
25,131,2710.0,1293.83,13.43,12.37,0,166.08
1,132,2206.47,1701.26,17.28,19.98,0,345.4
2,132,3242.49,1851.29,19.4,18.67,0,362.09
5,132,3622.03,1478.52,15.79,13.61,0,214.9
10,132,1426.21,2123.21,18.38,16.12,0,296.3
4,132,2429.44,1718.39,25.83,22.39,0,578.3
44,132,2105.59,2061.81,16.94,18.63,0,315.5
65,132,736.26,2130.07,15.63,17.1,0,267.31
75,132,1095.27,2141.36,17.55,17.83,0,312.91
25,132,2712.95,1294.31,13.52,12.36,0,167.09
29,132,2069.13,669.33,30.08,21.56,0,648.52
1,133,2210.53,1699.96,17.12,19.76,0,338.27
2,133,3245.79,1852.78,18.63,17.93,0,334.1
5,133,3626.67,1480.87,16.14,13.94,0,224.92
10,133,1427.39,2123.24,18.44,16.15,0,297.84
4,133,2429.45,1719.21,25.06,22.0,0,551.19
44,133,2106.23,2061.88,16.78,18.83,0,315.94
65,133,737.43,2128.62,15.66,17.09,0,267.61
75,133,1097.86,2140.03,17.29,17.66,0,305.24
25,133,2715.9,1295.77,13.57,12.32,0,167.17
29,133,2068.12,668.84,30.37,21.78,0,661.45
1,134,2212.8,1698.39,16.93,19.75,0,334.19
2,134,3249.17,1854.49,18.2,17.62,0,320.6
5,134,3631.12,1482.35,16.05,13.82,0,221.83
10,134,1428.71,2124.38,18.15,15.78,0,286.48
4,134,2429.33,1720.09,24.9,22.19,0,552.6
44,134,2107.1,2062.19,17.09,19.53,0,333.79
65,134,738.47,2127.33,15.58,16.98,0,264.56
75,134,1100.27,2138.67,18.0,18.5,0,333.04
25,134,2719.2,1297.18,13.73,12.33,0,169.25
29,134,2067.34,667.9,29.49,21.11,0,622.61
79,134,2106.87,2065.77,13.33,20.45,0,272.61
1,135,2215.1,1696.99,16.81,19.89,0,334.35
2,135,3251.89,1856.82,18.21,17.61,0,320.81
5,135,3635.01,1483.85,17.1,14.76,0,252.36
10,135,1429.91,2126.1,18.91,16.43,0,310.65
4,135,2429.04,1721.26,25.41,23.05,0,585.61
65,135,739.28,2126.09,15.88,17.32,0,275.1
25,135,2722.97,1299.63,15.9,14.49,0,230.32
29,135,2065.77,667.99,29.64,21.16,0,627.02
79,135,2107.52,2066.28,12.72,19.44,0,247.32
1,136,2217.0,1695.37,17.13,20.44,0,350.02
2,136,3255.05,1859.25,18.29,17.74,0,324.46
5,136,3638.84,1484.77,18.12,15.89,0,287.96
10,136,1430.45,2127.19,18.15,15.68,0,284.72
4,136,2428.82,1722.24,25.12,23.13,0,580.94
65,136,739.4,2125.31,15.83,17.32,0,274.29
25,136,2726.35,1301.04,15.52,14.24,0,220.99
29,136,2064.87,668.06,30.15,21.54,0,649.47
79,136,2107.99,2067.42,11.47,17.29,0,198.34
75,136,1106.4,2134.43,18.94,19.55,0,370.4
1,137,2218.86,1693.76,16.82,20.19,0,339.59
2,137,3258.34,1861.19,18.44,17.87,0,329.61
5,137,3642.29,1485.62,19.39,17.4,0,337.38
10,137,1430.8,2127.55,17.96,15.51,0,278.51
4,137,2428.6,1723.09,24.11,22.5,0,542.46
65,137,739.32,2124.05,15.32,16.69,0,255.68
25,137,2728.88,1301.78,14.86,13.66,0,202.94
29,137,2063.81,668.19,30.6,22.0,0,673.02
79,137,2108.51,2068.15,10.83,15.96,0,172.86
75,137,1108.89,2133.43,18.68,19.39,0,362.12
1,138,2220.44,1691.9,16.21,19.46,0,315.33
2,138,3260.77,1863.19,17.81,17.11,0,304.59
5,138,3645.34,1490.07,18.88,17.03,0,321.37
10,138,1430.86,2127.45,17.97,15.54,0,279.26
4,138,2428.47,1724.01,24.44,23.15,0,565.7
25,138,2731.17,1302.18,14.38,13.19,0,189.78
29,138,2062.97,668.26,31.12,22.51,0,700.3
75,138,1111.66,2132.95,18.3,19.12,0,350.02
44,138,2109.18,2068.7,15.41,17.13,0,264.0
1,139,2222.03,1689.95,16.09,19.46,0,313.06
2,139,3262.69,1864.45,17.74,16.78,0,297.58
5,139,3650.01,1492.48,17.5,15.51,0,271.39
10,139,1431.22,2127.19,17.97,15.6,0,280.22
4,139,2428.38,1725.29,24.97,24.18,0,603.77
25,139,2732.78,1302.74,14.52,13.15,0,191.02
29,139,2061.64,668.2,30.62,22.16,0,678.65
75,139,1114.1,2132.24,17.64,18.45,0,325.4
44,139,2109.06,2069.69,14.81,16.04,0,237.56
65,139,739.26,2120.63,15.45,16.87,0,260.61
1,140,2223.94,1688.26,16.04,19.32,0,309.83
2,140,3265.98,1866.53,18.21,17.08,0,310.98
5,140,3653.66,1493.82,15.9,13.93,0,221.43
10,140,1431.93,2127.6,18.14,15.81,0,286.8
4,140,2428.26,1727.55,25.53,25.3,0,645.69
25,140,2734.07,1303.75,14.74,12.96,0,191.14
29,140,2059.98,668.03,30.04,21.63,0,649.73
75,140,1116.05,2131.59,17.07,17.83,0,304.35
44,140,2109.33,2070.78,15.35,16.25,0,249.51
65,140,739.95,2119.64,15.11,16.47,0,248.78
1,141,2225.48,1686.85,15.99,19.34,0,309.27
2,141,3268.28,1868.49,18.19,17.04,0,309.91
5,141,3656.69,1495.27,14.86,12.8,0,190.21
10,141,1433.13,2128.32,18.01,15.78,0,284.22
4,141,2427.93,1729.39,25.2,25.45,0,641.15
25,141,2738.06,1304.9,15.0,12.85,0,192.68
29,141,2058.39,667.64,29.86,21.43,0,639.87
75,141,1117.68,2130.29,17.15,18.0,0,308.62
44,141,2109.44,2071.77,15.59,16.15,0,251.74
65,141,740.55,2118.58,15.3,16.67,0,255.06
83,141,2114.37,2071.44,18.91,16.33,0,308.76
1,142,2227.02,1685.76,15.88,19.11,0,303.49
2,142,3270.93,1869.96,19.58,18.59,0,363.89
5,142,3660.18,1496.55,15.16,12.93,0,195.97
10,142,1434.42,2129.11,17.54,15.42,0,270.5
4,142,2427.16,1730.73,23.82,24.48,0,582.99
25,142,2740.66,1306.54,14.72,12.55,0,184.73
29,142,2056.83,667.51,30.36,21.81,0,662.0
75,142,1120.27,2128.51,16.93,17.82,0,301.77
44,142,2109.6,2072.88,15.87,16.08,0,255.21
65,142,741.07,2117.64,15.51,16.88,0,261.81
83,142,2114.77,2072.49,18.79,16.24,0,305.13
1,143,2228.08,1684.68,15.48,18.6,0,287.91
2,143,3273.61,1873.42,19.99,19.17,0,383.18
5,143,3663.07,1497.96,15.02,12.67,0,190.28
10,143,1434.81,2130.38,17.61,15.54,0,273.64
4,143,2426.17,1731.25,23.04,23.98,0,552.7
25,143,2742.95,1307.71,14.66,12.43,0,182.22
29,143,2055.45,667.66,30.65,22.08,0,676.63
75,143,1122.74,2126.79,16.44,17.23,0,283.18
65,143,740.7,2116.58,15.42,16.74,0,258.2
83,143,2115.16,2073.85,18.95,16.42,0,311.1
1,144,2229.0,1682.76,15.4,18.58,0,286.1
2,144,3275.99,1875.33,19.0,18.18,0,345.41
5,144,3666.16,1499.71,15.65,13.1,0,205.0
10,144,1434.38,2130.97,17.69,15.77,0,278.85
4,144,2425.08,1731.89,23.07,24.35,0,561.71
25,144,2745.2,1309.34,14.54,12.26,0,178.22
29,144,2053.77,668.14,30.39,21.97,0,667.83
75,144,1124.92,2125.78,16.81,17.55,0,294.94
65,144,740.04,2115.81,15.43,16.71,0,257.95
83,144,2115.36,2075.13,19.14,16.64,0,318.53
1,145,2229.64,1681.15,15.33,18.39,0,281.96
2,145,3277.77,1876.71,18.24,17.33,0,316.18
5,145,3669.11,1502.01,16.25,13.5,0,219.31
10,145,1434.18,2131.09,17.68,15.94,0,281.9
4,145,2424.32,1733.6,22.75,24.41,0,555.41
25,145,2747.16,1310.81,15.22,12.79,0,194.59
29,145,2051.55,668.83,29.58,21.37,0,632.2
65,145,739.34,2114.31,15.55,16.85,0,261.92
83,145,2115.4,2076.34,19.23,16.8,0,323.01
1,146,2230.24,1679.03,14.85,17.6,0,261.41
2,146,3280.03,1878.22,17.73,16.76,0,297.08
5,146,3673.52,1504.22,16.13,13.03,0,210.28
10,146,1434.55,2131.12,17.66,16.11,0,284.39
4,146,2424.08,1735.95,22.84,24.9,0,568.75
25,146,2749.23,1312.25,15.55,12.99,0,202.06
29,146,2049.84,669.3,28.83,20.71,0,597.07
65,146,738.59,2112.31,14.94,16.1,0,240.51
83,146,2115.34,2077.53,18.96,16.63,0,315.27
75,146,1130.59,2124.19,16.42,16.9,0,277.63
1,147,2230.99,1676.49,14.87,17.58,0,261.32
2,147,3281.62,1879.63,17.74,16.67,0,295.82
5,147,3675.95,1505.21,16.0,12.81,0,204.92
10,147,1435.4,2131.31,17.65,16.3,0,287.65
4,147,2424.41,1738.01,22.34,24.66,0,550.98
25,147,2751.09,1313.29,15.68,13.07,0,204.97
29,147,2048.24,669.33,29.38,21.12,0,620.51
65,147,739.1,2110.49,14.81,15.83,0,234.58
83,147,2115.76,2078.37,18.17,16.02,0,291.25
75,147,1132.52,2123.28,16.37,16.78,0,274.81
1,148,2231.93,1674.19,14.95,17.69,0,264.52
2,148,3283.75,1881.63,17.62,16.47,0,290.16
5,148,3678.0,1505.75,16.12,12.87,0,207.45
10,148,1436.16,2131.83,18.3,17.09,0,312.83
4,148,2424.32,1739.52,22.25,24.92,0,554.39
25,148,2753.26,1313.89,15.49,12.88,0,199.49
29,148,2046.72,669.41,29.79,21.43,0,638.36
65,148,739.53,2109.19,14.33,15.26,0,218.73
83,148,2115.75,2079.09,18.54,16.47,0,305.4
75,148,1134.02,2122.09,16.54,16.86,0,278.87
1,149,2233.54,1673.59,15.14,17.98,0,272.23
2,149,3285.96,1883.47,17.98,16.66,0,299.64
5,149,3679.95,1506.74,16.7,13.34,0,222.74
10,149,1436.59,2132.08,18.42,17.34,0,319.55
4,149,2424.07,1740.25,22.05,25.14,0,554.24
25,149,2755.57,1314.69,15.6,12.96,0,202.19
29,149,2044.85,669.29,29.77,21.39,0,636.79
65,149,740.77,2107.8,14.49,15.33,0,222.23
83,149,2116.0,2079.97,18.28,16.39,0,299.62
75,149,1136.25,2120.46,16.37,16.76,0,274.5
1,150,2235.09,1673.08,15.31,18.1,0,277.11
2,150,3289.06,1884.93,18.26,16.63,0,303.59
5,150,3682.51,1507.56,17.42,14.01,0,244.06
10,150,1437.27,2132.41,18.66,17.56,0,327.71
4,150,2423.83,1740.56,21.89,25.35,0,554.95
29,150,2043.37,669.52,29.41,21.05,0,618.95
65,150,741.56,2106.51,14.51,15.19,0,220.42
83,150,2116.34,2080.7,17.85,16.2,0,289.12
75,150,1138.89,2118.43,16.28,16.69,0,271.7
1,151,2236.64,1671.94,15.42,18.08,0,278.74
2,151,3290.85,1886.18,18.42,16.71,0,307.84
5,151,3685.62,1508.25,18.53,15.11,0,280.15
10,151,1437.76,2132.45,19.19,18.05,0,346.41
4,151,2424.77,1741.76,22.03,25.62,0,564.22
65,151,741.88,2104.84,14.91,15.51,0,231.13
83,151,2116.87,2081.42,17.79,16.43,0,292.29
75,151,1142.02,2116.61,16.61,17.1,0,284.01
1,152,2237.45,1669.07,15.73,18.52,0,291.23
2,152,3293.24,1887.35,18.2,16.38,0,298.15
5,152,3689.64,1508.98,19.91,16.52,0,328.92
10,152,1438.2,2132.42,19.75,18.55,0,366.41
4,152,2425.22,1742.86,22.1,25.85,0,571.33
65,152,742.33,2103.8,15.28,15.9,0,242.95
83,152,2117.35,2082.09,17.38,16.4,0,285.18
75,152,1145.26,2115.26,16.73,17.36,0,290.42
25,152,2763.75,1316.24,18.16,15.34,0,278.57
29,152,2040.77,670.6,29.72,21.28,0,632.4
1,153,2238.07,1666.49,15.95,18.92,0,301.83
2,153,3295.44,1888.44,18.34,16.37,0,300.34
5,153,3692.98,1509.55,20.98,17.7,0,371.29
10,153,1441.15,2132.3,19.87,18.74,0,372.49
4,153,2425.8,1744.87,21.57,25.43,0,548.38
65,153,742.81,2102.75,16.57,17.41,0,288.51
83,153,2118.03,2082.65,16.96,16.4,0,278.07
75,153,1148.1,2114.36,17.5,18.32,0,320.63
25,153,2766.25,1316.83,19.2,16.63,0,319.16
29,153,2040.01,670.98,29.52,21.16,0,624.63
1,154,2239.23,1664.38,16.0,18.97,0,303.46
2,154,3298.0,1889.23,18.45,16.43,0,303.04
5,154,3695.01,1513.34,21.5,18.22,0,391.77
10,154,1442.67,2132.16,19.85,18.92,0,375.63
4,154,2426.27,1746.07,21.14,25.17,0,532.2
83,154,2118.52,2083.15,16.96,16.76,0,284.26
75,154,1150.2,2113.5,18.94,19.79,0,374.79
25,154,2768.43,1317.03,19.28,17.11,0,329.85
29,154,2039.02,671.3,29.08,20.86,0,606.63
1,155,2240.29,1662.32,16.2,19.23,0,311.59
2,155,3300.19,1889.81,18.21,16.09,0,293.02
5,155,3698.57,1514.87,21.33,18.33,0,390.96
10,155,1443.51,2131.55,19.78,19.13,0,378.48
4,155,2426.86,1746.89,21.12,25.55,0,539.57
83,155,2118.97,2083.22,16.61,16.77,0,278.56
75,155,1154.11,2110.34,18.31,19.08,0,349.29
29,155,2037.48,671.07,29.5,21.14,0,623.61
65,155,742.53,2097.67,15.43,15.48,0,238.83
1,156,2241.88,1660.76,16.52,19.63,0,324.32
2,156,3302.78,1891.05,18.66,16.42,0,306.42
5,156,3701.65,1515.65,20.55,17.89,0,367.63
10,156,1444.67,2131.59,19.86,19.62,0,389.66
4,156,2427.18,1747.92,20.93,25.61,0,535.93
83,156,2120.09,2083.37,16.24,16.7,0,271.19
75,156,1156.47,2108.03,17.24,17.94,0,309.29
29,156,2036.11,670.74,29.22,20.82,0,608.3
65,156,745.17,2095.27,15.79,15.41,0,243.35
1,157,2242.84,1659.39,16.82,20.14,0,338.71
2,157,3305.42,1891.85,18.97,16.65,0,315.72
5,157,3704.51,1516.12,19.62,17.26,0,338.57
10,157,1445.4,2131.77,19.48,19.62,0,382.06
4,157,2427.52,1748.39,20.9,25.72,0,537.54
83,157,2120.76,2083.69,16.24,16.99,0,275.97
75,157,1158.87,2105.81,16.45,17.05,0,280.43
29,157,2034.27,670.06,29.42,20.89,0,614.6
65,157,746.07,2093.63,15.82,15.02,0,237.59
25,157,2776.02,1317.4,19.46,17.78,0,345.91
1,158,2244.06,1657.94,16.72,20.11,0,336.33
2,158,3308.08,1892.79,19.32,16.99,0,328.22
5,158,3708.22,1516.61,18.43,16.25,0,299.61
10,158,1446.36,2132.0,19.6,20.02,0,392.29
4,158,2427.82,1748.77,20.92,25.88,0,541.35
83,158,2121.38,2084.39,15.89,16.97,0,269.67
75,158,1161.34,2103.5,16.49,17.14,0,282.64
29,158,2032.63,669.7,31.15,22.23,0,692.38
65,158,746.48,2092.15,16.41,15.33,0,251.46
1,159,2245.19,1655.24,17.25,21.02,0,362.61
2,159,3310.45,1893.62,20.6,18.16,0,374.05
5,159,3712.22,1517.13,17.19,15.08,0,259.28
10,159,1447.42,2132.55,19.46,20.18,0,392.81
83,159,2122.21,2085.09,16.33,17.85,0,291.61
75,159,1164.29,2101.86,16.33,16.97,0,277.1
29,159,2031.82,670.26,30.06,21.39,0,642.85
65,159,746.64,2091.34,17.33,16.06,0,278.29
1,160,2245.59,1653.4,16.43,20.0,0,328.67
2,160,3313.61,1894.17,21.5,19.12,0,411.14
5,160,3715.46,1517.5,16.25,14.15,0,229.89
10,160,1448.18,2133.11,18.89,19.86,0,375.1
83,160,2122.9,2085.73,16.94,18.95,0,320.92
75,160,1166.91,2100.83,16.77,17.51,0,293.66
29,160,2030.75,671.02,29.62,21.05,0,623.38
65,160,746.65,2090.79,18.3,16.91,0,309.46
1,161,2245.39,1651.01,16.08,19.51,0,313.68
2,161,3316.18,1897.21,21.69,19.44,0,421.5
5,161,3717.96,1517.96,15.53,13.12,0,203.84
10,161,1448.45,2134.0,19.34,20.7,0,400.41
83,161,2123.25,2086.16,17.12,19.77,0,338.47
75,161,1169.19,2099.9,16.25,17.01,0,276.5
29,161,2029.32,671.72,29.72,21.09,0,626.74
65,161,746.33,2090.35,19.28,17.78,0,342.8
44,161,2123.16,2089.9,18.13,20.22,0,366.54
1,162,2245.73,1649.17,15.66,18.86,0,295.39
2,162,3318.39,1899.0,20.4,18.29,0,373.1
5,162,3721.99,1518.95,15.26,12.52,0,190.97
10,162,1448.76,2134.55,19.53,21.25,0,414.97
75,162,1171.6,2098.87,16.85,17.79,0,299.7
29,162,2027.46,672.65,30.25,21.63,0,654.43
44,162,2123.89,2090.42,16.87,19.91,0,335.89
1,163,2246.83,1648.47,15.36,18.18,0,279.3
2,163,3321.21,1900.1,19.18,17.15,0,329.06
5,163,3725.04,1520.14,15.35,12.46,0,191.21
75,163,1173.53,2097.35,16.6,17.3,0,287.11
29,163,2025.86,672.92,30.5,21.98,0,670.31
44,163,2124.61,2090.66,16.05,19.61,0,314.69
25,163,2791.4,1324.73,15.69,14.33,0,224.79
1,164,2247.91,1647.7,15.29,17.81,0,272.22
2,164,3323.86,1901.68,18.76,16.63,0,311.9
5,164,3728.77,1521.23,15.26,12.22,0,186.47
75,164,1174.64,2096.29,16.7,17.03,0,284.27
29,164,2024.75,673.12,30.61,22.26,0,681.49
44,164,2125.22,2091.39,14.58,18.22,0,265.67
25,164,2794.43,1325.77,14.4,12.86,0,185.27
10,164,1450.08,2136.82,19.38,21.43,0,415.43
1,165,2248.6,1646.63,15.41,17.7,0,272.76
2,165,3326.81,1903.18,18.49,16.29,0,301.26
5,165,3732.49,1522.07,16.03,12.7,0,203.62
75,165,1178.11,2094.87,16.93,17.09,0,289.23
29,165,2022.91,673.18,30.72,22.42,0,688.88
44,165,2125.79,2092.22,13.4,16.8,0,225.04
25,165,2797.5,1326.81,13.9,12.05,0,167.61
10,165,1450.85,2138.13,18.59,20.83,0,387.11
4,165,2432.89,1760.48,20.28,25.3,0,513.1
65,165,746.24,2084.09,17.84,16.15,0,288.03
1,166,2249.16,1644.88,15.21,17.2,0,261.55
2,166,3329.83,1904.96,18.98,16.64,0,315.77
5,166,3735.92,1522.58,15.78,12.41,0,195.8
75,166,1179.95,2093.26,17.27,17.5,0,302.38
29,166,2020.92,673.18,30.63,22.45,0,687.56
44,166,2126.6,2093.57,13.22,16.7,0,220.79
10,166,1451.22,2139.43,18.64,21.16,0,394.46
4,166,2433.74,1762.61,20.28,25.47,0,516.67
1,167,2249.58,1643.02,15.06,16.68,0,251.28
2,167,3332.89,1906.32,18.55,16.17,0,299.94
5,167,3739.63,1524.06,15.68,12.18,0,190.94
75,167,1182.49,2091.55,16.93,17.31,0,293.13
29,167,2019.46,674.18,29.49,21.58,0,636.33
44,167,2127.38,2094.88,13.28,16.92,0,224.68
10,167,1451.79,2140.76,18.26,20.91,0,381.89
4,167,2434.88,1764.69,20.18,25.44,0,513.18
65,167,743.1,2082.77,16.86,14.74,0,248.55
1,168,2250.22,1641.14,14.99,16.16,0,242.27
2,168,3335.28,1907.54,19.03,16.3,0,310.24
5,168,3745.14,1525.56,16.27,12.38,0,201.34
75,168,1185.12,2090.67,17.22,17.81,0,306.74
29,168,2018.88,674.69,29.4,21.49,0,631.79
44,168,2127.93,2096.36,12.92,16.57,0,214.09
65,168,742.2,2081.83,15.93,13.38,0,213.16
25,168,2804.89,1327.5,14.11,11.75,0,165.85
1,169,2250.59,1639.37,15.22,16.0,0,243.42
2,169,3338.64,1908.8,19.17,16.37,0,313.92
5,169,3748.42,1526.54,16.72,12.73,0,212.93
75,169,1187.74,2090.16,17.58,18.43,0,323.97
29,169,2017.79,675.16,29.1,21.31,0,620.14
44,169,2128.4,2097.5,12.77,16.45,0,210.12
10,169,1452.45,2141.73,17.54,20.17,0,353.72
4,169,2437.36,1768.19,19.87,24.93,0,495.19
1,170,2251.18,1638.39,15.81,16.28,0,257.33
2,170,3341.84,1909.83,18.73,15.89,0,297.67
5,170,3751.86,1527.49,16.24,12.31,0,199.88
75,170,1190.2,2089.87,17.75,18.94,0,336.07
29,170,2016.78,675.61,29.5,21.65,0,638.61
44,170,2129.28,2098.44,12.83,16.6,0,212.95
10,170,1453.21,2142.26,17.19,19.82,0,340.68
65,170,741.65,2079.86,16.77,13.83,0,231.87
1,171,2252.04,1637.59,16.15,16.23,0,262.11
2,171,3345.06,1911.9,19.15,16.2,0,310.33
5,171,3755.75,1528.7,16.44,12.38,0,203.54
75,171,1192.29,2089.36,18.43,20.03,0,369.08
29,171,2014.95,676.05,29.5,21.66,0,639.01
44,171,2129.94,2099.81,12.91,16.79,0,216.78
10,171,1454.35,2143.46,16.77,19.46,0,326.37
65,171,741.49,2079.1,16.82,13.6,0,228.79
25,171,2815.58,1329.86,14.06,11.48,0,161.38
4,171,2440.34,1771.67,20.11,25.38,0,510.44
1,172,2253.07,1636.99,16.19,15.87,0,256.95
2,172,3348.7,1913.76,18.96,15.93,0,302.1
5,172,3760.26,1529.45,16.55,12.4,0,205.16
75,172,1194.44,2086.62,17.93,19.74,0,353.88
29,172,2013.8,676.3,29.57,21.69,0,641.43
44,172,2130.53,2101.51,12.76,16.54,0,210.97
25,172,2819.27,1330.83,14.63,11.72,0,171.52
4,172,2442.05,1773.6,20.08,25.41,0,510.08
1,173,2253.73,1636.4,16.92,16.34,0,276.54
2,173,3352.78,1915.55,19.19,16.03,0,307.67
5,173,3764.09,1530.53,16.53,12.33,0,203.84
75,173,1196.23,2085.25,17.13,18.96,0,324.74
29,173,2012.44,677.09,29.34,21.53,0,631.63
44,173,2131.57,2103.36,13.04,16.92,0,220.75
10,173,1456.48,2147.19,16.63,19.41,0,322.86
65,173,741.88,2078.2,17.41,13.78,0,239.88
1,174,2254.25,1635.7,17.07,16.16,0,275.92
2,174,3356.92,1917.04,20.62,17.34,0,357.65
5,174,3769.08,1532.12,17.2,12.83,0,220.63
75,174,1198.02,2083.67,16.27,17.52,0,285.06
29,174,2011.89,678.23,30.4,22.45,0,682.56
44,174,2132.75,2105.07,12.46,16.1,0,200.65
10,174,1457.15,2149.35,16.45,19.26,0,316.83
65,174,741.59,2078.4,16.52,12.74,0,210.42
25,174,2826.04,1331.46,14.95,11.81,0,176.44
4,174,2445.46,1778.02,19.99,25.23,0,504.4
1,175,2254.76,1635.08,18.08,16.84,0,304.39
2,175,3360.8,1917.7,21.48,18.1,0,388.77
5,175,3774.03,1533.47,17.04,12.67,0,216.01
75,175,1202.18,2082.65,16.45,17.56,0,288.74
29,175,2011.03,678.7,30.34,22.48,0,682.3
44,175,2133.64,2107.27,12.55,16.21,0,203.56
10,175,1457.47,2150.36,16.54,19.27,0,318.74
4,175,2446.66,1780.29,19.56,24.33,0,475.91
1,176,2254.92,1634.75,18.85,17.36,0,327.28
2,176,3363.7,1918.51,22.82,19.6,0,447.28
5,176,3778.23,1534.82,17.28,12.58,0,217.43
75,176,1204.57,2082.42,16.28,17.45,0,284.12
29,176,2009.98,679.3,29.58,21.89,0,647.41
44,176,2134.19,2109.04,12.86,16.69,0,214.53
10,176,1457.35,2150.93,15.98,18.14,0,289.78
4,176,2448.73,1782.49,19.68,24.14,0,475.18
65,176,740.8,2077.79,17.95,13.9,0,249.41
1,177,2254.8,1634.26,19.96,18.35,0,366.29
2,177,3367.03,1921.77,21.82,18.86,0,411.47
5,177,3782.7,1533.97,21.45,16.1,0,345.35
75,177,1206.72,2082.42,16.11,17.36,0,279.6
29,177,2008.29,680.06,29.13,21.53,0,627.01
44,177,2134.98,2110.38,12.82,16.73,0,214.45
10,177,1457.65,2151.4,15.43,17.19,0,265.32
4,177,2450.49,1784.66,19.98,24.33,0,486.09
65,177,739.73,2077.69,17.31,13.39,0,231.79
25,177,2835.81,1333.35,14.59,11.29,0,164.66
1,178,2254.67,1633.75,21.04,19.44,0,408.92
2,178,3370.93,1923.93,20.24,17.41,0,352.49
75,178,1208.15,2081.75,16.25,17.63,0,286.49
29,178,2006.69,680.57,29.03,21.39,0,621.06
44,178,2135.12,2111.89,12.72,16.58,0,210.93
10,178,1458.2,2151.98,14.64,16.04,0,234.83
65,178,738.66,2076.62,17.05,13.15,0,224.16
1,179,2254.49,1630.68,20.77,19.21,0,399.02
2,179,3374.05,1925.43,19.32,16.51,0,318.95
75,179,1209.16,2080.13,16.54,18.05,0,298.49
29,179,2004.9,680.53,28.47,20.93,0,595.86
44,179,2135.5,2113.6,12.74,16.74,0,213.28
10,179,1458.49,2152.94,13.35,14.12,0,188.48
65,179,737.31,2075.69,16.9,12.92,0,218.28
5,179,3789.93,1538.74,21.66,16.47,0,356.81
4,179,2453.05,1788.55,19.3,23.08,0,445.36
25,179,2841.98,1334.7,15.13,11.59,0,175.41
1,180,2254.53,1629.57,20.79,19.24,0,400.12
2,180,3377.8,1927.19,19.29,16.44,0,317.22
75,180,1210.85,2078.17,16.34,17.9,0,292.5
29,180,2003.58,680.91,28.94,21.25,0,615.0
44,180,2136.4,2115.77,12.93,17.04,0,220.35
5,180,3795.04,1539.93,20.94,16.22,0,339.71
4,180,2454.46,1790.3,19.36,22.74,0,440.26
25,180,2845.11,1335.05,14.98,11.41,0,170.9
1,181,2254.5,1629.0,20.46,18.9,0,386.67
2,181,3381.39,1928.46,19.33,16.39,0,316.91
75,181,1212.23,2076.76,16.23,17.85,0,289.84
29,181,2001.65,681.53,28.88,21.18,0,611.79
44,181,2136.93,2117.71,12.62,16.65,0,210.12
5,181,3800.49,1540.64,19.78,15.53,0,307.33
4,181,2456.11,1791.94,19.4,22.4,0,434.6
25,181,2848.25,1334.86,15.42,11.68,0,180.11
65,181,736.33,2075.53,17.45,13.31,0,232.28
1,182,2254.53,1628.51,19.76,18.1,0,357.7
2,182,3385.69,1930.1,19.17,16.18,0,310.06
75,182,1214.35,2075.83,16.84,18.69,0,314.69
29,182,2000.17,682.05,29.46,21.58,0,635.86
44,182,2137.64,2119.65,12.44,16.46,0,204.71
5,182,3806.25,1541.36,17.54,13.59,0,238.25
4,182,2458.48,1794.32,19.21,21.78,0,418.49
65,182,735.04,2075.85,17.04,12.94,0,220.53
1,183,2254.59,1628.16,19.19,17.36,0,333.09
2,183,3389.3,1931.49,18.64,15.59,0,290.59
75,183,1216.77,2075.54,17.02,19.07,0,324.52
29,183,1998.61,682.48,29.69,21.84,0,648.41
44,183,2138.52,2121.06,12.99,17.45,0,226.71
5,183,3811.18,1542.1,16.88,13.05,0,220.3
4,183,2460.69,1796.8,19.39,21.53,0,417.4
65,183,733.25,2076.33,16.75,12.69,0,212.62
25,183,2854.07,1335.53,15.8,11.52,0,182.09
1,184,2254.45,1627.74,18.43,16.43,0,302.71
2,184,3393.41,1933.74,19.03,15.85,0,301.73
75,184,1218.77,2075.72,16.46,18.6,0,306.18
29,184,1997.69,683.21,29.97,22.1,0,662.11
44,184,2139.21,2122.03,13.67,18.72,0,255.82
5,184,3816.17,1543.02,17.7,13.75,0,243.31
4,184,2462.97,1798.6,19.34,21.11,0,408.28
65,184,731.62,2076.63,16.46,12.42,0,204.51
111,184,2140.61,2122.72,15.46,16.15,0,249.76
25,184,2858.93,1336.04,15.79,11.44,0,180.67
1,185,2254.29,1627.4,17.83,15.64,0,278.82
2,185,3397.87,1936.05,19.4,16.05,0,311.29
75,185,1220.22,2075.46,16.32,18.49,0,301.79
29,185,1996.62,683.55,29.58,21.85,0,646.38
44,185,2140.51,2125.11,13.03,17.57,0,228.81
5,185,3821.49,1544.1,17.06,13.2,0,225.34
4,185,2465.18,1801.03,19.82,21.3,0,422.32
25,185,2862.92,1336.85,16.04,11.64,0,186.78
1,186,2254.15,1627.01,17.57,15.18,0,266.67
2,186,3402.47,1938.19,19.25,15.8,0,304.19
75,186,1221.64,2074.11,16.88,19.35,0,326.55
29,186,1995.45,683.91,29.37,21.7,0,637.3
44,186,2141.61,2127.45,12.61,16.99,0,214.29
5,186,3826.69,1544.97,16.54,12.62,0,208.63
4,186,2467.06,1802.99,19.8,20.88,0,413.47
25,186,2866.89,1337.37,15.79,11.42,0,180.22
65,186,729.01,2075.93,16.46,12.39,0,203.96
1,187,2254.16,1626.97,17.87,15.24,0,272.39
2,187,3405.98,1939.71,19.26,15.71,0,302.54
75,187,1222.78,2072.79,15.94,18.35,0,292.53
29,187,1993.73,684.7,29.56,21.86,0,646.26
44,187,2141.85,2129.63,12.41,16.63,0,206.39
5,187,3831.06,1545.75,15.95,12.11,0,193.17
4,187,2469.14,1804.73,20.1,20.86,0,419.23
25,187,2870.41,1337.9,16.12,11.76,0,189.56
1,188,2254.35,1627.07,18.27,15.38,0,280.93
2,188,3410.09,1940.66,19.96,16.23,0,323.92
75,188,1224.28,2071.49,15.83,18.19,0,287.78
29,188,1992.12,685.0,29.56,21.85,0,645.78
44,188,2142.37,2131.96,12.33,16.62,0,204.89
5,188,3833.15,1546.63,13.69,12.69,0,173.81
4,188,2471.55,1806.08,20.37,20.76,0,422.82
25,188,2873.93,1337.96,15.89,11.61,0,184.42
1,189,2254.42,1626.9,18.38,15.26,0,280.45
2,189,3414.05,1941.58,21.51,17.66,0,379.79
75,189,1226.62,2070.26,15.92,18.31,0,291.45
29,189,1990.78,685.44,29.88,22.19,0,662.96
44,189,2143.27,2133.62,13.31,18.22,0,242.62
4,189,2473.68,1808.05,19.59,19.49,0,381.66
1,190,2254.57,1626.34,18.55,15.19,0,281.75
2,190,3418.14,1942.43,23.03,19.23,0,442.88
75,190,1229.12,2069.19,15.54,17.91,0,278.36
29,190,1989.75,685.85,30.64,22.89,0,701.5
44,190,2143.85,2136.93,14.16,19.72,0,279.28
4,190,2476.46,1810.0,19.71,19.2,0,378.47
65,190,725.19,2076.25,16.58,12.45,0,206.46
1,191,2254.58,1625.53,19.11,15.5,0,296.22
2,191,3422.38,1945.82,22.21,18.65,0,414.07
75,191,1231.81,2068.66,15.66,18.15,0,284.13
29,191,1989.16,686.98,29.56,22.11,0,653.56
44,191,2144.74,2138.78,13.61,19.13,0,260.34
4,191,2479.57,1812.12,20.02,19.0,0,380.25
25,191,2884.96,1338.25,16.4,12.08,0,198.03
1,192,2254.65,1624.45,19.27,15.46,0,298.0
2,192,3426.2,1947.73,20.54,17.21,0,353.39
75,192,1233.98,2067.98,16.01,18.7,0,299.24
29,192,1988.35,687.91,29.27,21.9,0,641.15
44,192,2145.69,2139.62,13.1,18.51,0,242.47
4,192,2482.13,1813.82,20.13,18.75,0,377.52
1,193,2254.6,1623.38,19.74,15.76,0,311.12
2,193,3430.33,1949.05,19.79,16.43,0,325.27
75,193,1236.14,2066.85,15.86,18.63,0,295.47
29,193,1987.48,689.09,29.11,21.73,0,632.64
44,193,2146.52,2141.15,12.48,17.63,0,219.92
4,193,2484.57,1814.65,20.06,18.32,0,367.64
1,194,2256.6,1622.72,20.33,16.21,0,329.42
2,194,3434.35,1950.54,19.75,16.31,0,322.13
75,194,1238.1,2065.68,16.86,20.11,0,339.06
29,194,1986.29,689.54,29.48,22.04,0,649.7
44,194,2148.08,2142.93,12.0,16.99,0,203.81
4,194,2486.87,1815.41,21.0,18.89,0,396.58
25,194,2895.98,1339.89,16.11,11.81,0,190.24
1,195,2257.57,1622.49,20.78,16.64,0,345.79
2,195,3437.84,1951.48,19.52,16.05,0,313.25
75,195,1240.24,2062.61,16.17,19.44,0,314.29
29,195,1985.15,689.98,28.86,21.6,0,623.17
44,195,2149.56,2144.05,12.04,17.02,0,204.86
4,195,2489.62,1816.34,21.26,18.78,0,399.12
25,195,2899.85,1340.29,16.3,11.94,0,194.58
1,196,2258.01,1621.76,20.31,16.28,0,330.68
2,196,3441.07,1951.94,19.59,16.06,0,314.64
75,196,1242.49,2060.15,15.39,18.54,0,285.23
29,196,1984.18,689.86,29.01,21.75,0,631.02
44,196,2150.25,2145.37,11.54,16.16,0,186.39
4,196,2492.33,1817.09,21.2,18.37,0,389.47
25,196,2903.35,1340.12,16.22,11.84,0,192.08
1,197,2258.51,1620.97,20.22,16.32,0,330.01
2,197,3444.49,1953.03,19.32,15.69,0,303.14
75,197,1244.41,2058.34,15.27,18.2,0,277.93
29,197,1983.28,690.5,29.95,22.52,0,674.4
44,197,2151.44,2146.3,10.95,15.18,0,166.21
4,197,2495.45,1818.17,21.84,18.59,0,405.99
25,197,2906.77,1339.76,15.88,11.62,0,184.55
1,198,2258.69,1620.34,20.32,16.52,0,335.78
2,198,3448.11,1954.32,19.56,15.78,0,308.76
75,198,1245.8,2057.46,15.45,17.97,0,277.65
29,198,1982.11,691.9,29.53,22.15,0,654.14
44,198,2152.24,2148.51,11.72,16.21,0,190.01
4,198,2498.15,1819.41,22.58,18.9,0,426.69
25,198,2909.5,1339.41,16.32,11.97,0,195.31
1,199,2258.59,1619.27,19.99,16.29,0,325.47
2,199,3452.23,1955.85,19.86,16.01,0,318.0
75,199,1249.94,2056.43,15.74,18.03,0,283.67
29,199,1980.88,693.65,28.86,21.59,0,623.3
44,199,2153.13,2150.19,11.82,16.33,0,193.02
4,199,2501.22,1820.54,23.27,19.36,0,450.5
25,199,2912.64,1339.39,15.58,11.25,0,175.21
1,200,2258.21,1618.0,19.79,16.07,0,317.9
2,200,3455.27,1957.56,19.63,15.62,0,306.6
75,200,1252.31,2055.58,15.96,18.38,0,293.29
29,200,1980.08,694.74,29.82,22.38,0,667.24
44,200,2154.02,2151.86,11.73,16.13,0,189.11
4,200,2503.59,1821.28,22.62,18.59,0,420.39
1,201,2258.24,1617.16,19.63,15.91,0,312.29
2,201,3459.52,1958.98,19.56,15.55,0,304.13
75,201,1254.44,2053.97,15.45,17.88,0,276.14
29,201,1978.81,695.43,29.98,22.66,0,679.09
44,201,2154.98,2152.6,11.46,14.81,0,169.67
4,201,2506.61,1821.4,23.4,19.08,0,446.51
1,202,2258.87,1616.71,19.45,15.83,0,307.77
2,202,3463.79,1960.49,20.03,15.89,0,318.32
75,202,1256.36,2051.97,15.28,17.81,0,272.12
29,202,1977.77,696.58,29.72,22.54,0,669.96
44,202,2155.44,2153.24,10.97,13.52,0,148.29
4,202,2509.38,1822.34,23.45,18.95,0,444.42
1,203,2259.3,1616.82,19.43,15.82,0,307.25
2,203,3467.44,1961.64,20.14,15.94,0,320.97
75,203,1258.49,2050.18,15.32,17.9,0,274.26
29,203,1976.55,697.27,30.18,23.0,0,694.11
4,203,2512.23,1823.19,23.66,19.01,0,449.87
1,204,2259.86,1616.62,18.85,15.28,0,288.1
2,204,3470.95,1962.4,20.31,16.05,0,325.9
75,204,1261.23,2048.68,15.43,18.16,0,280.26
29,204,1975.17,697.9,30.69,23.55,0,722.8
4,204,2515.38,1824.13,24.03,19.22,0,461.83
1,205,2260.21,1615.8,19.05,15.33,0,292.12
2,205,3474.87,1963.37,20.37,16.09,0,327.77
75,205,1263.83,2047.54,15.29,18.05,0,276.13
29,205,1974.2,698.99,29.98,23.06,0,691.42
4,205,2518.79,1825.04,24.24,19.24,0,466.35
25,205,2934.58,1339.42,19.36,14.47,0,280.12
1,206,2260.06,1614.2,19.04,15.22,0,289.74
2,206,3478.71,1964.31,20.48,16.15,0,330.8
75,206,1265.96,2046.6,15.16,17.98,0,272.58
29,206,1973.37,699.9,29.76,22.98,0,683.86
4,206,2521.75,1825.13,24.55,19.38,0,475.64
1,207,2260.23,1612.7,19.26,15.33,0,295.22
2,207,3482.96,1965.23,20.87,16.46,0,343.6
75,207,1268.11,2045.05,15.15,17.85,0,270.3
29,207,1973.04,700.81,29.68,23.03,0,683.52
4,207,2525.35,1824.93,23.59,18.45,0,435.25
25,207,2942.83,1340.74,16.9,12.4,0,209.45
1,208,2260.19,1611.89,19.97,15.9,0,317.52
2,208,3487.03,1966.15,20.62,16.27,0,335.44
75,208,1269.76,2043.13,16.1,18.67,0,300.48
29,208,1972.28,701.61,29.23,22.67,0,662.58
4,208,2528.45,1824.66,24.62,19.18,0,472.17
25,208,2946.34,1341.5,16.1,11.78,0,189.71
1,209,2260.21,1611.19,21.15,16.95,0,358.48
2,209,3490.5,1967.12,20.16,15.82,0,318.85
75,209,1274.06,2041.95,16.82,19.46,0,327.28
29,209,1971.03,702.18,29.42,22.86,0,672.46
4,209,2531.48,1824.1,23.98,18.64,0,446.98
25,209,2949.56,1341.93,15.83,11.57,0,183.15
1,210,2260.81,1610.95,21.53,17.32,0,373.01
2,210,3494.58,1966.68,23.08,18.44,0,425.6
75,210,1276.3,2039.16,17.39,20.37,0,354.18
29,210,1970.17,702.43,28.61,22.28,0,637.35
4,210,2534.52,1825.2,25.88,20.25,0,524.01
25,210,2954.08,1341.94,15.9,11.62,0,184.76
1,211,2261.53,1610.92,21.56,17.42,0,375.65
2,211,3498.76,1969.28,23.64,19.2,0,453.9
75,211,1278.47,2037.11,16.26,19.28,0,313.45
29,211,1969.35,703.08,28.31,22.11,0,625.97
4,211,2537.97,1825.56,26.47,20.89,0,552.97
25,211,2957.94,1341.49,15.79,11.53,0,182.08
1,212,2262.38,1610.62,22.13,18.07,0,399.96
2,212,3502.32,1970.29,23.7,19.55,0,463.23
75,212,1281.02,2034.37,15.84,18.97,0,300.5
29,212,1969.08,703.83,28.64,22.51,0,644.66
4,212,2541.86,1823.88,26.7,21.2,0,566.02
25,212,2960.85,1340.52,15.25,10.95,0,167.02
124,212,3501.56,1965.98,19.63,19.97,0,392.0
1,213,2262.06,1607.14,22.8,18.84,0,429.52
2,213,3505.92,1970.93,22.98,19.1,0,438.91
75,213,1283.51,2031.82,15.67,18.95,0,296.94
29,213,1968.32,704.46,28.99,22.88,0,663.29
4,213,2545.31,1823.17,26.69,21.32,0,569.05
1,214,2261.35,1605.05,21.39,17.61,0,376.61
2,214,3509.66,1971.43,21.89,18.31,0,400.81
75,214,1286.15,2030.41,15.46,18.82,0,290.98
29,214,1967.5,705.15,29.88,23.77,0,710.16
4,214,2548.17,1822.55,25.71,20.64,0,530.82
25,214,2968.07,1339.14,17.74,12.98,0,230.28
1,215,2261.09,1604.1,20.46,16.76,0,342.86
2,215,3514.05,1972.05,20.48,17.06,0,349.38
75,215,1288.08,2029.23,15.13,18.55,0,280.6
29,215,1966.09,706.49,29.53,23.61,0,697.1
4,215,2550.96,1822.41,25.61,20.69,0,529.84
25,215,2971.61,1338.83,18.01,13.4,0,241.32
1,216,2261.06,1603.7,19.92,16.27,0,324.05
2,216,3517.75,1972.45,19.79,16.39,0,324.32
75,216,1290.4,2027.42,15.22,18.95,0,288.46
29,216,1964.9,707.21,30.04,24.24,0,728.06
4,216,2553.9,1821.73,25.65,20.84,0,534.59
25,216,2974.44,1339.0,19.06,14.13,0,269.44
1,217,2261.3,1603.7,20.0,16.3,0,326.06
2,217,3520.97,1973.13,19.15,15.68,0,300.3
75,217,1292.24,2025.3,15.3,18.95,0,289.9
29,217,1964.33,708.03,30.23,24.67,0,745.89
4,217,2557.03,1821.32,25.53,20.81,0,531.32
25,217,2979.26,1338.87,18.64,14.02,0,261.25
1,218,2261.68,1603.63,19.86,16.1,0,319.79
2,218,3524.71,1973.87,19.08,15.53,0,296.16
75,218,1293.52,2023.22,15.15,18.36,0,278.11
29,218,1963.65,709.09,29.95,24.71,0,740.04
4,218,2560.24,1821.22,25.25,20.66,0,521.51
25,218,2982.73,1338.95,18.55,14.19,0,263.32
1,219,2262.32,1603.74,20.08,16.25,0,326.37
2,219,3528.0,1974.08,19.34,15.62,0,302.1
75,219,1297.89,2020.83,15.44,18.38,0,283.71
29,219,1962.68,710.19,30.14,25.09,0,756.45
4,219,2563.86,1820.58,25.94,21.33,0,553.23
25,219,2986.04,1338.75,17.79,13.79,0,245.38
1,220,2262.68,1603.7,19.99,16.11,0,322.07
2,220,3531.39,1974.44,19.52,15.69,0,306.16
75,220,1300.74,2018.5,15.86,19.12,0,303.17
29,220,1962.02,711.44,29.75,25.08,0,746.17
4,220,2566.8,1820.14,25.52,21.09,0,538.25
25,220,2990.22,1339.47,16.49,12.45,0,205.41
129,220,716.38,2068.08,17.07,15.85,0,270.54
1,221,2262.87,1602.89,19.2,15.34,0,294.61
2,221,3535.01,1974.97,19.31,15.42,0,297.78
75,221,1304.15,2015.32,16.65,20.56,0,342.27
29,221,1961.63,712.65,29.46,25.13,0,740.38
4,221,2570.24,1819.03,25.62,21.38,0,547.71
25,221,2993.37,1339.55,15.71,11.73,0,184.32
129,221,716.65,2068.03,17.17,15.93,0,273.49
1,222,2262.68,1601.74,18.7,14.75,0,275.93
2,222,3539.21,1975.75,18.92,14.98,0,283.51
75,222,1306.8,2013.62,16.05,20.04,0,321.6
29,222,1961.66,714.11,27.97,24.08,0,673.51
4,222,2573.23,1817.8,26.95,22.79,0,614.22
25,222,2996.74,1339.34,15.78,11.81,0,186.34
129,222,716.71,2067.88,17.5,16.24,0,284.25
1,223,2262.47,1600.59,18.69,14.56,0,272.23
2,223,3543.03,1976.07,19.55,15.4,0,301.14
75,223,1309.4,2012.1,15.47,19.41,0,300.26
29,223,1961.14,714.75,28.31,24.55,0,695.16
4,223,2576.23,1816.12,26.24,22.43,0,588.59
129,223,716.98,2067.38,18.55,17.24,0,319.84
1,224,2262.4,1599.75,18.79,14.48,0,272.15
2,224,3546.28,1976.24,19.7,15.46,0,304.42
75,224,1311.8,2010.09,15.19,19.19,0,291.45
29,224,1960.0,715.91,28.63,25.08,0,718.03
4,224,2579.01,1814.67,25.64,22.27,0,570.95
129,224,716.71,2067.39,18.5,17.23,0,318.73
25,224,3004.06,1338.97,15.22,11.34,0,172.64
1,225,2262.98,1599.09,19.28,14.78,0,285.08
2,225,3548.81,1975.87,19.81,15.49,0,306.86
75,225,1314.45,2007.46,14.89,18.99,0,282.68
29,225,1958.9,717.22,28.56,25.22,0,720.36
4,225,2581.83,1812.9,25.92,22.82,0,591.47
25,225,3007.46,1338.63,15.3,11.3,0,172.87
1,226,2263.36,1599.47,19.34,14.72,0,284.78
2,226,3551.41,1976.21,19.71,15.22,0,299.88
75,226,1317.05,2005.7,15.43,19.89,0,307.01
29,226,1958.41,718.54,28.55,25.45,0,726.73
4,226,2584.65,1811.84,25.93,23.18,0,601.18
129,226,717.48,2066.98,19.32,17.99,0,347.58
1,227,2263.48,1599.14,19.02,14.32,0,272.35
2,227,3554.79,1976.63,19.9,15.33,0,305.13
75,227,1319.52,2004.17,16.74,22.05,0,369.06
29,227,1957.65,720.06,27.87,24.99,0,696.24
4,227,2588.0,1810.64,26.06,23.77,0,619.22
129,227,717.85,2066.83,19.61,18.25,0,357.76
25,227,3013.61,1337.99,15.79,11.68,0,184.44
1,228,2263.51,1598.37,19.24,14.36,0,276.15
2,228,3558.21,1976.98,19.91,15.3,0,304.68
75,228,1323.28,2000.21,15.45,20.12,0,310.89
29,228,1957.43,721.48,27.6,24.97,0,689.06
4,228,2591.02,1809.21,25.94,24.03,0,623.2
129,228,718.15,2066.79,19.72,18.31,0,361.13
25,228,3016.46,1337.88,15.99,11.82,0,189.03
1,229,2263.34,1597.45,19.72,14.67,0,289.33
2,229,3561.82,1977.1,20.06,15.39,0,308.73
75,229,1325.88,1997.5,14.59,19.14,0,279.24
29,229,1956.96,723.5,27.55,25.23,0,695.06
4,229,2593.64,1807.87,25.39,23.81,0,604.43
129,229,720.57,2066.81,19.76,18.27,0,361.13
1,230,2263.53,1596.49,19.45,14.39,0,279.91
2,230,3565.61,1977.44,19.95,15.22,0,303.52
75,230,1329.05,1995.98,14.2,18.69,0,265.4
4,230,2596.19,1805.92,25.03,23.89,0,598.0
129,230,721.73,2066.79,19.82,18.32,0,363.28
1,231,2263.47,1595.65,19.26,14.14,0,272.39
2,231,3568.79,1977.7,19.87,15.09,0,299.91
75,231,1331.5,1994.39,14.13,18.79,0,265.46
4,231,2599.13,1804.38,24.69,24.08,0,594.51
129,231,719.65,2066.8,19.89,18.32,0,364.3
25,231,3027.31,1337.66,15.82,11.55,0,182.82
29,231,1955.99,725.85,26.2,24.1,0,631.46
1,232,2263.58,1595.8,19.59,14.33,0,280.75
2,232,3572.01,1978.19,20.14,15.27,0,307.45
75,232,1333.81,1992.96,15.15,20.53,0,311.11
4,232,2601.67,1803.1,24.65,24.51,0,604.19
29,232,1955.44,727.11,26.3,24.28,0,638.47
1,233,2263.63,1595.97,20.06,14.67,0,294.24
2,233,3574.92,1978.83,20.7,15.66,0,324.32
75,233,1335.9,1990.0,14.46,19.69,0,284.63
4,233,2603.81,1801.66,23.74,24.12,0,572.59
29,233,1954.71,728.46,26.61,24.76,0,658.87
129,233,721.51,2066.93,19.66,18.05,0,354.84
1,234,2264.0,1595.88,19.8,14.49,0,286.9
2,234,3578.79,1979.57,20.35,15.36,0,312.57
75,234,1338.22,1987.27,13.56,18.47,0,250.45
4,234,2606.91,1799.82,23.27,24.05,0,559.68
29,234,1954.36,730.11,26.48,24.79,0,656.32
129,234,722.18,2067.11,19.31,17.7,0,341.87
25,234,3036.9,1337.53,15.47,11.26,0,174.13
1,235,2263.77,1596.29,19.67,14.35,0,282.13
2,235,3582.51,1980.57,20.59,15.49,0,318.89
75,235,1339.79,1985.2,13.43,18.11,0,243.23
4,235,2609.08,1799.02,23.72,24.84,0,589.37
129,235,722.01,2067.63,18.45,16.66,0,307.3
25,235,3040.13,1337.6,15.66,11.37,0,178.02
1,236,2263.4,1596.02,19.81,14.44,0,286.06
2,236,3586.33,1981.06,20.63,15.5,0,319.7
75,236,1341.26,1983.35,14.07,18.52,0,260.6
4,236,2611.78,1797.64,22.96,24.43,0,560.81
129,236,719.5,2068.04,17.86,15.86,0,283.22
1,237,2262.81,1595.49,20.11,14.72,0,295.9
2,237,3589.49,1981.41,20.57,15.43,0,317.38
75,237,1346.27,1981.46,14.21,18.34,0,260.71
4,237,2613.96,1795.18,23.0,24.91,0,573.12
129,237,718.57,2068.18,17.8,15.58,0,277.26
29,237,1953.39,735.39,26.63,25.39,0,676.19
1,238,2262.37,1594.74,20.19,14.86,0,299.88
2,238,3592.8,1981.54,21.15,15.85,0,335.24
75,238,1348.86,1979.83,14.28,18.42,0,263.0
4,238,2615.44,1792.98,23.82,26.11,0,621.96
129,238,717.99,2068.19,17.95,15.58,0,279.77
29,238,1953.01,736.7,26.1,25.09,0,654.86
25,238,3049.71,1337.73,16.79,12.29,0,206.35
1,239,2261.97,1593.71,20.1,14.8,0,297.37
2,239,3596.09,1981.95,21.02,15.75,0,330.93
75,239,1350.33,1978.31,14.07,18.3,0,257.45
4,239,2618.01,1790.81,22.5,24.86,0,559.28
129,239,717.64,2068.03,18.36,15.89,0,291.72
29,239,1952.17,738.08,26.58,25.83,0,686.56
25,239,3053.3,1337.41,16.37,11.97,0,195.84
1,240,2261.87,1593.45,20.03,14.77,0,295.93
2,240,3599.33,1982.42,20.9,15.52,0,324.44
75,240,1352.07,1975.77,13.99,18.31,0,256.17
4,240,2620.08,1789.24,21.7,24.37,0,528.81
129,240,717.83,2067.91,18.75,16.13,0,302.48
29,240,1951.4,739.89,25.69,25.15,0,646.03
1,241,2262.24,1593.68,20.19,14.91,0,300.97
2,241,3603.12,1983.45,20.96,15.6,0,327.09
75,241,1354.14,1972.92,14.18,18.7,0,265.09
4,241,2622.74,1787.67,22.21,25.27,0,561.32
129,241,717.9,2068.26,18.17,15.44,0,280.56
29,241,1951.02,741.56,26.1,25.73,0,671.36
25,241,3060.31,1336.97,15.74,11.39,0,179.21
1,242,2262.78,1594.4,20.28,14.99,0,304.0
2,242,3606.85,1984.01,20.95,15.57,0,326.08
75,242,1356.8,1970.76,14.29,19.0,0,271.48
4,242,2625.01,1786.24,22.06,25.54,0,563.4
129,242,720.68,2068.4,18.06,15.18,0,274.17
29,242,1951.0,743.49,26.48,26.37,0,698.28
1,243,2263.18,1594.71,20.35,15.02,0,305.73
2,243,3610.82,1984.64,20.97,15.57,0,326.47
75,243,1359.47,1969.09,15.2,20.55,0,312.29
4,243,2627.31,1784.46,20.97,24.74,0,518.7
129,243,721.94,2068.89,17.25,14.29,0,246.45
1,244,2263.23,1594.37,20.85,15.41,0,321.31
2,244,3614.7,1984.96,20.9,15.5,0,324.03
75,244,1362.09,1966.69,14.33,19.52,0,279.86
4,244,2628.98,1782.37,20.21,24.09,0,487.02
129,244,722.22,2069.36,16.84,13.7,0,230.66
25,244,3069.65,1336.45,16.5,11.66,0,192.34
29,244,1950.77,747.39,26.01,26.1,0,678.8
1,245,2263.17,1593.52,20.57,15.17,0,312.11
2,245,3618.37,1984.94,20.96,15.52,0,325.25
75,245,1364.64,1964.92,13.88,19.01,0,263.85
4,245,2631.06,1780.0,19.59,23.43,0,458.96
129,245,722.26,2069.14,17.43,14.01,0,244.31
29,245,1950.19,749.61,25.92,26.14,0,677.53
1,246,2263.11,1592.77,20.68,15.29,0,316.24
2,246,3621.86,1985.24,20.91,15.48,0,323.69
75,246,1367.12,1963.17,13.47,18.46,0,248.59
129,246,722.33,2069.36,17.8,14.18,0,252.46
29,246,1950.07,750.7,25.61,25.81,0,660.89
1,247,2263.26,1592.03,20.98,15.59,0,327.23
2,247,3625.69,1985.69,21.04,15.55,0,327.19
75,247,1369.06,1960.89,13.38,18.33,0,245.27
129,247,722.41,2069.32,17.51,13.78,0,241.36
29,247,1949.75,751.68,25.17,25.45,0,640.61
4,247,2635.11,1774.13,21.08,25.58,0,539.09
1,248,2263.48,1591.7,21.0,15.63,0,328.16
2,248,3629.59,1985.72,21.02,15.53,0,326.39
75,248,1371.16,1958.03,14.34,19.94,0,286.01
129,248,722.49,2069.12,18.1,14.19,0,256.92
29,248,1949.13,752.27,24.72,25.04,0,619.06
4,248,2636.62,1771.8,20.41,25.11,0,512.57
1,249,2263.78,1591.97,21.06,15.72,0,331.01
2,249,3633.02,1985.38,21.21,15.69,0,332.7
75,249,1373.43,1954.53,13.8,19.21,0,265.12
129,249,722.73,2069.6,18.88,14.87,0,280.64
29,249,1948.69,753.2,24.94,25.31,0,631.27
4,249,2638.31,1769.07,19.92,24.43,0,486.66
1,250,2264.31,1592.12,21.09,15.84,0,334.08
2,250,3636.63,1985.25,21.23,15.7,0,333.37
75,250,1375.9,1951.71,13.22,18.39,0,243.22
129,250,722.96,2069.9,17.88,14.02,0,250.61
29,250,1948.52,754.78,25.21,25.7,0,647.93
4,250,2641.47,1764.68,18.47,22.24,0,410.82
1,251,2264.8,1591.6,21.06,15.98,0,336.45
2,251,3640.7,1985.58,20.97,15.46,0,324.21
75,251,1378.64,1949.73,13.4,18.77,0,251.54
129,251,723.38,2070.58,17.93,14.13,0,253.38
29,251,1948.72,756.15,25.61,26.24,0,672.07
4,251,2643.83,1763.12,19.19,22.73,0,436.38
1,252,2264.74,1590.98,20.4,15.58,0,317.73
2,252,3645.09,1985.69,21.12,15.57,0,328.74
75,252,1381.98,1947.62,13.48,19.04,0,256.63
129,252,723.47,2070.8,18.35,14.58,0,267.48
29,252,1948.77,757.56,24.75,25.51,0,631.33
4,252,2644.68,1760.77,18.0,21.1,0,379.72
1,253,2264.98,1590.01,19.86,15.22,0,302.23
2,253,3649.52,1985.67,21.5,15.87,0,341.28
75,253,1384.57,1945.79,13.71,19.66,0,269.51
129,253,723.72,2070.66,18.37,14.76,0,271.09
29,253,1949.2,758.41,24.82,25.68,0,637.57
1,254,2265.23,1589.48,19.92,15.33,0,305.36
2,254,3653.48,1985.37,21.02,15.53,0,326.47
75,254,1386.49,1942.7,13.95,20.25,0,282.47
129,254,724.24,2070.58,17.85,14.54,0,259.54
29,254,1949.69,759.84,24.96,26.02,0,649.41
4,254,2648.0,1754.79,17.87,20.79,0,371.49
1,255,2265.5,1589.38,19.61,15.21,0,298.34
2,255,3657.9,1985.78,20.94,15.42,0,322.99
75,255,1387.79,1940.84,13.34,19.13,0,255.23
129,255,724.52,2071.13,17.82,14.74,0,262.74
29,255,1949.42,761.11,25.48,26.8,0,683.0
4,255,2650.06,1752.96,18.67,21.76,0,406.2
1,256,2266.46,1589.91,19.91,15.62,0,310.87
2,256,3662.55,1986.61,21.33,15.75,0,336.04
75,256,1389.0,1938.52,13.65,19.09,0,260.68
129,256,724.97,2071.98,17.72,14.84,0,263.01
29,256,1949.82,762.2,25.39,26.9,0,682.76
4,256,2652.82,1750.34,18.19,21.02,0,382.29
1,257,2267.1,1590.78,19.65,15.55,0,305.6
2,257,3667.36,1987.5,21.51,15.93,0,342.69
75,257,1394.11,1936.33,14.06,19.27,0,270.92
129,257,725.39,2073.12,18.08,15.36,0,277.66
4,257,2655.0,1748.2,17.68,20.18,0,356.86
1,258,2267.75,1591.31,19.8,15.81,0,313.15
2,258,3672.39,1988.27,22.4,16.64,0,372.68
75,258,1396.7,1934.58,13.83,18.82,0,260.22
129,258,725.8,2074.44,17.18,14.79,0,254.09
4,258,2656.94,1747.0,19.01,21.6,0,410.66
29,258,1950.1,765.88,24.91,26.71,0,665.5
1,259,2267.83,1591.3,19.99,16.16,0,323.04
2,259,3676.76,1988.64,22.85,17.09,0,390.42
75,259,1398.16,1933.52,13.48,18.42,0,248.38
129,259,725.76,2075.48,17.38,15.1,0,262.38
4,259,2658.24,1744.48,18.29,20.87,0,381.71
1,260,2267.96,1590.92,19.92,16.27,0,324.14
2,260,3681.21,1988.86,23.0,17.43,0,400.91
75,260,1399.6,1932.22,13.49,18.55,0,250.2
129,260,725.27,2077.08,17.17,15.12,0,259.58
4,260,2659.13,1743.29,19.81,22.67,0,449.08
29,260,1950.39,769.08,25.64,27.79,0,712.71
1,261,2268.06,1590.91,19.47,16.03,0,311.99
2,261,3685.0,1989.08,23.27,17.86,0,415.62
75,261,1401.2,1929.92,13.7,18.96,0,259.71
129,261,724.89,2077.77,16.87,15.0,0,253.02
4,261,2660.09,1740.78,19.11,21.85,0,417.43
29,261,1950.23,770.73,24.87,27.12,0,674.53
1,262,2268.49,1591.22,19.34,16.02,0,309.89
2,262,3689.08,1989.38,23.77,18.47,0,438.99
75,262,1402.62,1927.89,13.47,18.79,0,252.98
129,262,724.82,2078.1,16.77,15.07,0,252.65
4,262,2661.31,1737.85,17.82,20.25,0,360.85
1,263,2268.94,1591.81,19.66,16.45,0,323.37
2,263,3693.2,1989.79,24.43,19.31,0,471.67
75,263,1403.88,1926.58,13.51,19.05,0,257.35
129,263,724.67,2079.07,16.53,14.99,0,247.82
4,263,2662.78,1735.43,18.01,20.26,0,364.82
29,263,1950.1,773.58,24.97,27.48,0,686.21
1,264,2269.72,1592.3,19.24,16.26,0,312.74
2,264,3697.88,1993.2,23.46,18.67,0,438.08
75,264,1405.92,1924.98,13.12,18.58,0,243.77
129,264,724.51,2080.4,17.19,15.79,0,271.48
4,264,2663.72,1733.7,17.96,20.02,0,359.65
1,265,2270.43,1593.01,18.89,16.07,0,303.47
2,265,3702.73,1994.48,23.15,18.53,0,429.12
75,265,1408.08,1923.1,13.22,18.93,0,250.35
129,265,724.45,2082.06,17.22,15.98,0,275.02
4,265,2665.17,1732.54,19.61,21.89,0,429.21
1,266,2271.1,1593.38,19.41,16.6,0,322.24
2,266,3707.43,1995.27,22.17,17.82,0,395.12
75,266,1410.31,1920.7,13.23,19.06,0,252.28
129,266,724.44,2083.2,17.17,16.1,0,276.59
4,266,2666.98,1730.75,19.47,21.61,0,420.75
1,267,2271.39,1593.54,19.38,16.63,0,322.33
2,267,3711.99,1995.77,21.27,17.08,0,363.36
75,267,1411.87,1919.51,13.09,18.86,0,246.76
129,267,724.25,2084.26,17.47,16.56,0,289.31
4,267,2668.62,1728.85,19.64,21.61,0,424.58
1,268,2271.65,1593.34,19.47,16.79,0,326.89
2,268,3716.06,1995.89,21.03,16.87,0,354.89
75,268,1413.34,1917.95,13.09,18.82,0,246.31
129,268,723.83,2084.84,17.93,17.13,0,307.23
4,268,2669.29,1726.13,19.26,21.07,0,405.64
1,269,2272.04,1593.55,19.58,16.99,0,332.63
2,269,3721.14,1996.38,20.2,16.03,0,323.77
75,269,1414.66,1916.86,12.95,18.63,0,241.21
129,269,723.34,2085.43,18.83,18.14,0,341.62
4,269,2670.18,1724.64,18.78,20.3,0,381.38
1,270,2272.67,1594.46,19.82,17.34,0,343.67
2,270,3725.66,1997.47,19.32,15.17,0,293.19
75,270,1416.26,1915.23,13.28,19.07,0,253.26
129,270,723.39,2085.93,19.53,19.1,0,372.94
4,270,2671.37,1723.02,19.34,20.74,0,401.09
1,271,2273.56,1595.82,19.86,17.5,0,347.56
2,271,3730.94,1999.02,19.67,15.32,0,301.36
75,271,1417.58,1913.81,12.9,18.55,0,239.37
129,271,723.32,2089.37,18.96,18.66,0,353.74
4,271,2672.84,1722.18,19.8,21.0,0,415.8
1,272,2274.21,1597.21,20.14,17.89,0,360.39
2,272,3736.15,2000.11,19.62,15.16,0,297.34
75,272,1419.38,1911.93,12.57,18.06,0,227.11
129,272,723.05,2091.46,17.47,17.01,0,297.19
4,272,2673.84,1720.53,19.78,20.66,0,408.74
1,273,2275.07,1598.08,20.21,18.16,0,367.05
2,273,3740.58,2000.76,19.89,15.27,0,303.67
75,273,1421.44,1910.55,12.68,18.2,0,230.69
129,273,723.01,2093.39,17.08,16.5,0,281.86
4,273,2674.74,1719.21,20.35,21.1,0,429.38
1,274,2275.92,1598.4,20.12,18.27,0,367.63
2,274,3744.94,2001.37,20.06,15.22,0,305.22
75,274,1423.01,1908.71,12.89,18.56,0,239.19
129,274,722.92,2095.0,16.76,16.02,0,268.46
4,274,2675.39,1717.18,19.7,20.14,0,396.86
1,275,2276.45,1598.96,20.02,18.37,0,367.65
2,275,3748.84,2002.0,20.23,15.27,0,308.97
75,275,1424.83,1907.09,13.05,18.74,0,244.6
129,275,722.84,2096.28,16.72,15.81,0,264.3
4,275,2676.16,1715.22,19.94,20.08,0,400.48
1,276,2277.24,1599.52,20.06,18.53,0,371.77
2,276,3753.84,2002.56,20.27,15.23,0,308.79
75,276,1427.09,1905.33,12.97,18.67,0,242.18
129,276,722.99,2097.37,16.89,15.89,0,268.37
4,276,2677.18,1713.09,19.76,19.69,0,389.07
1,277,2277.92,1599.8,20.09,18.56,0,372.95
2,277,3758.42,2003.07,20.53,15.36,0,315.35
75,277,1429.34,1903.08,13.1,19.05,0,249.47
129,277,723.03,2097.94,17.11,16.04,0,274.5
4,277,2678.2,1710.75,19.57,19.08,0,373.47
1,278,2278.44,1600.05,20.28,18.69,0,379.2
2,278,3763.47,2003.7,20.48,15.28,0,312.89
75,278,1431.15,1901.62,13.04,19.04,0,248.2
129,278,723.26,2098.85,16.57,15.44,0,255.88
4,278,2678.67,1708.55,20.25,19.49,0,394.63
1,279,2280.99,1601.02,20.72,19.19,0,397.73
2,279,3768.68,2004.52,20.88,15.5,0,323.69
75,279,1432.96,1899.45,13.14,19.37,0,254.49
129,279,723.37,2100.45,17.15,16.01,0,274.55
4,279,2679.22,1706.88,20.15,19.02,0,383.13
1,280,2282.39,1602.37,20.86,19.55,0,407.92
2,280,3772.94,2005.04,20.68,15.28,0,315.96
75,280,1434.34,1897.72,13.52,20.15,0,272.43
129,280,723.26,2102.61,17.36,16.19,0,281.01
4,280,2679.67,1705.79,20.75,19.36,0,401.8
1,281,2283.18,1603.06,20.46,19.44,0,397.69
2,281,3777.42,2005.64,20.17,14.86,0,299.84
75,281,1435.56,1894.77,13.68,20.27,0,277.4
129,281,722.91,2104.48,18.06,16.83,0,303.85
4,281,2681.08,1703.08,22.12,20.58,0,455.32
1,282,2283.84,1603.49,20.33,19.69,0,400.24
2,282,3781.96,2006.21,20.3,14.9,0,302.35
75,282,1436.78,1893.2,13.67,19.68,0,268.99
129,282,722.93,2105.91,17.82,16.56,0,295.16
4,282,2681.94,1701.88,22.31,20.59,0,459.22
29,282,1953.69,807.42,24.95,28.17,0,702.83
1,283,2284.59,1603.96,19.92,19.73,0,393.03
2,283,3786.81,2006.9,21.22,15.53,0,329.4
75,283,1441.59,1891.09,13.61,18.91,0,257.27
129,283,722.97,2107.02,17.8,16.52,0,294.1
4,283,2682.25,1700.68,21.11,19.1,0,403.26
1,284,2285.43,1604.78,19.75,20.01,0,395.15
2,284,3792.3,2007.34,20.91,15.16,0,316.88
75,284,1443.81,1890.02,13.85,18.92,0,262.05
129,284,723.0,2108.36,18.27,17.02,0,310.94
4,284,2682.46,1698.6,20.5,18.17,0,372.45
29,284,1954.18,810.78,24.16,27.77,0,670.98
1,285,2286.88,1605.99,19.75,20.56,0,406.24
2,285,3796.75,2008.01,20.68,14.93,0,308.82
75,285,1445.31,1888.73,13.64,18.56,0,253.08
129,285,723.16,2109.25,18.84,17.71,0,333.5
4,285,2682.74,1697.27,20.88,18.24,0,380.86
29,285,1954.75,812.4,23.94,28.08,0,672.19
1,286,2287.91,1606.85,20.08,21.51,0,431.95
2,286,3800.78,2009.15,21.17,15.24,0,322.49
75,286,1446.14,1886.59,13.46,18.39,0,247.64
129,286,723.15,2110.13,20.02,19.11,0,382.68
4,286,2683.0,1696.41,21.17,18.23,0,386.02
1,287,2289.23,1608.77,19.52,21.34,0,416.45
2,287,3804.65,2009.97,21.11,15.18,0,320.51
75,287,1447.03,1884.57,13.49,18.59,0,250.88
129,287,723.09,2113.37,19.84,19.12,0,379.43
4,287,2683.36,1695.19,21.92,18.69,0,409.66
1,288,2290.51,1609.76,18.77,20.92,0,392.53
2,288,3809.02,2010.72,21.37,15.29,0,326.89
75,288,1448.61,1882.63,13.41,18.43,0,247.15
129,288,723.12,2115.32,18.46,17.77,0,328.04
4,288,2683.15,1693.88,21.61,18.12,0,391.7
1,289,2291.64,1611.12,18.55,21.1,0,391.3
2,289,3813.58,2011.02,21.62,15.38,0,332.63
75,289,1450.48,1880.63,13.23,18.34,0,242.56
129,289,723.17,2117.08,17.59,16.88,0,296.87
4,289,2683.11,1692.28,22.48,18.66,0,419.64
1,290,2293.36,1612.07,18.39,21.34,0,392.39
2,290,3817.36,2011.37,21.94,15.55,0,341.18
75,290,1452.62,1878.57,13.47,18.88,0,254.3
129,290,723.44,2118.19,17.51,16.87,0,295.49
4,290,2682.96,1691.5,22.52,18.54,0,417.5
29,290,1956.5,822.73,22.95,27.29,0,626.19
1,291,2294.65,1612.77,17.84,21.1,0,376.45
2,291,3821.28,2011.54,21.54,15.17,0,326.59
75,291,1454.75,1877.08,13.1,18.44,0,241.44
129,291,723.7,2119.07,16.88,16.29,0,275.0
4,291,2683.01,1690.59,23.16,19.0,0,440.12
1,292,2295.96,1613.65,17.26,20.71,0,357.42
2,292,3825.41,2011.64,21.57,15.07,0,324.96
75,292,1456.59,1875.62,13.06,18.56,0,242.39
129,292,723.95,2120.37,16.99,16.52,0,280.67
4,292,2682.69,1689.1,23.14,18.89,0,437.06
157,292,3267.83,1325.03,19.09,13.95,0,266.32
1,293,2297.89,1615.18,17.36,21.1,0,366.38
2,293,3828.48,2011.71,21.32,15.0,0,319.78
75,293,1458.06,1873.45,12.85,18.24,0,234.37
129,293,724.55,2121.98,16.35,16.06,0,262.53
4,293,2682.5,1687.77,22.57,18.24,0,411.73
157,293,3270.39,1325.06,18.91,13.87,0,262.32
1,294,2299.45,1617.05,17.3,21.29,0,368.32
2,294,3830.11,2011.72,19.79,15.0,0,296.79
75,294,1459.59,1870.9,12.82,18.26,0,234.16
129,294,725.2,2123.35,15.9,15.84,0,252.01
4,294,2682.2,1687.07,22.45,17.93,0,402.68
157,294,3274.38,1325.08,18.76,13.85,0,259.79
1,295,2300.6,1618.23,17.3,21.31,0,368.57
2,295,3831.26,2011.58,17.48,14.75,0,257.92
75,295,1461.45,1868.48,12.49,17.76,0,221.93
129,295,726.01,2124.73,16.22,16.42,0,266.28
4,295,2681.86,1685.75,22.69,17.95,0,407.14
157,295,3278.69,1325.02,18.75,13.97,0,261.91
1,296,2301.54,1618.9,17.15,20.88,0,357.97
2,296,3832.5,2011.37,15.01,14.36,0,215.6
75,296,1463.63,1866.28,12.36,17.53,0,216.75
129,296,726.17,2126.17,16.27,16.74,0,272.29
4,296,2682.0,1684.71,23.53,18.63,0,438.35
157,296,3282.36,1325.15,18.23,13.71,0,249.92
1,297,2305.07,1619.31,17.17,20.59,0,353.69
2,297,3833.22,2011.07,13.55,13.88,0,188.11
75,297,1465.52,1864.66,12.22,17.39,0,212.55
129,297,726.37,2127.46,15.93,16.62,0,264.78
4,297,2681.05,1683.97,24.53,19.31,0,473.66
157,297,3284.5,1325.19,18.01,13.61,0,245.18
29,297,1958.65,839.61,23.79,28.86,0,686.63
1,298,2306.82,1620.19,17.34,20.71,0,359.15
75,298,1467.52,1862.7,12.77,18.33,0,233.98
129,298,726.86,2128.35,15.89,16.75,0,266.09
4,298,2680.12,1682.78,23.8,18.73,0,445.81
1,299,2307.97,1621.07,17.58,21.17,0,372.24
75,299,1469.2,1860.34,13.05,18.64,0,243.25
129,299,727.49,2128.78,15.47,16.43,0,254.14
4,299,2679.28,1681.74,25.09,19.8,0,496.93
157,299,3291.15,1323.72,21.56,16.57,0,357.25
29,299,1959.28,843.56,23.08,28.24,0,651.76
1,300,2309.37,1622.04,17.59,21.41,0,376.68
75,300,1470.12,1857.76,12.85,18.34,0,235.64
129,300,727.95,2130.08,16.29,17.51,0,285.24
4,300,2678.74,1679.24,26.0,20.67,0,537.36
157,300,3293.48,1323.46,21.71,17.09,0,371.19
1,301,2311.33,1623.18,17.12,20.91,0,357.94
75,301,1471.36,1855.04,13.07,18.8,0,245.72
129,301,729.07,2131.57,16.2,17.74,0,287.38
4,301,2678.45,1677.93,25.34,20.25,0,513.08
157,301,3296.52,1323.22,21.77,17.58,0,382.67
29,301,1961.12,846.97,22.76,28.19,0,641.77
1,302,2313.24,1624.29,16.88,20.68,0,349.08
75,302,1473.14,1852.37,13.06,18.86,0,246.32
129,302,729.91,2132.79,16.05,17.79,0,285.46
4,302,2678.36,1677.23,24.61,19.57,0,481.66
1,303,2314.89,1624.88,16.58,20.38,0,337.86
75,303,1474.47,1850.37,13.31,19.33,0,257.39
129,303,730.2,2133.56,16.24,18.36,0,298.13
4,303,2677.67,1676.58,23.57,18.59,0,438.11
29,303,1962.1,851.47,22.66,28.42,0,644.01
1,304,2316.77,1625.68,16.38,20.18,0,330.6
75,304,1476.1,1849.09,13.75,20.37,0,280.08
129,304,730.24,2136.64,17.21,19.93,0,342.87
4,304,2676.81,1676.01,23.24,18.22,0,423.35
160,304,3306.09,1316.16,15.16,16.33,0,247.57
29,304,1962.32,853.59,22.76,28.74,0,654.12
1,305,2318.89,1626.52,16.34,20.08,0,328.04
75,305,1478.19,1846.16,13.31,19.79,0,263.46
129,305,730.56,2138.18,16.82,19.76,0,332.32
4,305,2676.39,1675.16,22.81,17.73,0,404.45
160,305,3308.18,1315.84,14.62,15.68,0,229.22
1,306,2321.0,1627.75,16.06,19.65,0,315.55
75,306,1479.49,1844.28,12.84,19.18,0,246.38
129,306,731.03,2139.36,15.63,18.45,0,288.41
4,306,2675.96,1674.57,23.15,17.95,0,415.39
29,306,1963.68,857.57,22.72,28.96,0,658.07
1,307,2323.33,1629.44,16.24,19.77,0,321.13
75,307,1480.38,1842.74,12.3,18.34,0,225.46
129,307,731.71,2140.92,14.9,17.67,0,263.22
4,307,2675.36,1674.31,23.66,18.33,0,433.52
29,307,1964.25,859.99,22.58,29.12,0,657.63
160,307,3315.34,1315.14,13.48,14.32,0,192.93
1,308,2326.0,1631.17,15.99,19.19,0,306.86
75,308,1481.38,1841.42,12.31,18.4,0,226.44
129,308,731.57,2143.09,15.01,17.97,0,269.77
4,308,2674.76,1674.09,23.87,18.51,0,441.77
160,308,3319.21,1315.27,13.84,14.59,0,202.05
1,309,2328.04,1632.8,16.08,18.99,0,305.38
75,309,1482.19,1840.25,12.18,18.25,0,222.2
129,309,731.6,2145.21,14.12,16.94,0,239.27
4,309,2673.74,1674.33,23.84,18.38,0,438.25
160,309,3322.86,1315.11,13.71,14.29,0,195.85
1,310,2330.0,1633.86,16.04,18.64,0,298.92
75,310,1482.91,1838.62,12.44,18.55,0,230.71
129,310,731.28,2148.09,14.62,17.58,0,257.11
4,310,2673.31,1674.99,24.01,18.49,0,444.07
160,310,3326.59,1314.98,13.65,14.02,0,191.45
29,310,1965.96,867.2,22.12,28.37,0,627.43
1,311,2331.8,1634.68,16.26,18.59,0,302.26
75,311,1483.4,1836.85,12.26,17.99,0,220.66
129,311,730.38,2150.28,14.68,17.73,0,260.23
4,311,2672.72,1675.12,23.93,18.44,0,441.27
160,311,3330.11,1314.67,13.24,13.38,0,177.21
1,312,2334.08,1635.81,16.19,18.16,0,294.07
75,312,1484.2,1835.7,12.8,18.32,0,234.58
129,312,729.91,2152.03,13.6,15.94,0,216.81
4,312,2672.71,1675.22,24.76,19.17,0,474.74
160,312,3333.44,1314.56,13.43,13.16,0,176.8
29,312,1966.72,872.58,21.73,27.94,0,606.92
1,313,2336.99,1637.33,16.57,18.28,0,302.77
75,313,1484.82,1834.59,13.2,18.32,0,241.87
129,313,729.92,2152.84,12.65,14.32,0,181.14
4,313,2672.35,1675.52,24.32,18.85,0,458.41
160,313,3338.52,1314.3,13.26,12.66,0,167.84
1,314,2339.6,1639.01,16.46,17.8,0,292.97
75,314,1485.13,1832.82,13.5,18.14,0,244.81
4,314,2672.03,1675.74,24.28,18.82,0,457.03
1,315,2342.69,1640.55,16.54,17.56,0,290.47
75,315,1489.38,1830.83,13.96,18.2,0,253.99
4,315,2671.85,1675.9,24.25,18.84,0,456.9
160,315,3347.45,1314.04,13.11,12.22,0,160.29
1,316,2345.9,1641.53,16.48,17.12,0,282.13
75,316,1491.13,1829.15,14.34,18.28,0,262.09
4,316,2671.87,1676.2,24.56,19.24,0,472.62
160,316,3352.01,1313.74,13.06,11.87,0,155.1
1,317,2348.84,1641.87,16.61,16.86,0,279.98
75,317,1492.25,1827.77,14.18,17.83,0,252.8
4,317,2671.98,1676.34,24.57,19.39,0,476.53
160,317,3356.25,1312.81,13.47,11.91,0,160.32
1,318,2351.17,1642.2,16.75,16.4,0,274.73
75,318,1492.95,1826.25,14.98,18.92,0,283.5
4,318,2672.19,1676.74,24.97,19.88,0,496.39
160,318,3361.39,1312.1,13.94,11.78,0,164.3
1,319,2353.71,1642.7,17.18,16.49,0,283.26
75,319,1493.58,1825.25,15.68,20.14,0,315.74
4,319,2671.71,1676.96,24.57,19.67,0,483.46
160,319,3364.38,1311.3,14.34,11.96,0,171.54
1,320,2356.59,1643.41,17.0,15.94,0,270.96
75,320,1494.2,1822.59,15.39,20.1,0,309.43
4,320,2671.17,1677.31,24.36,19.66,0,478.98
160,320,3368.25,1310.72,14.62,11.98,0,175.12
1,321,2359.59,1644.59,17.07,15.66,0,267.39
75,321,1494.63,1821.15,14.5,19.22,0,278.7
4,321,2670.67,1677.98,24.98,20.3,0,507.22
160,321,3371.98,1310.3,14.53,11.78,0,171.11
1,322,2362.67,1645.6,17.27,15.48,0,267.25
75,322,1495.35,1819.78,13.94,18.73,0,261.05
4,322,2670.1,1678.47,24.73,20.3,0,502.13
160,322,3375.98,1310.28,15.02,12.06,0,181.07
1,323,2365.44,1646.21,17.85,15.75,0,281.14
75,323,1495.98,1818.02,13.84,18.76,0,259.68
4,323,2669.6,1678.95,26.13,21.85,0,570.87
160,323,3379.33,1309.59,15.41,12.26,0,188.91
1,324,2367.92,1646.78,17.94,15.61,0,280.12
75,324,1496.83,1816.54,13.37,18.24,0,243.81
4,324,2668.9,1680.0,25.37,21.47,0,544.7
160,324,3382.0,1308.92,15.36,11.92,0,183.1
1,325,2370.77,1646.86,18.31,15.79,0,289.05
75,325,1497.31,1814.57,13.16,18.07,0,237.81
4,325,2668.41,1680.76,25.51,21.97,0,560.51
160,325,3386.75,1308.26,15.44,11.81,0,182.32
29,325,1979.61,902.53,21.84,28.03,0,612.33
1,326,2373.35,1646.36,18.43,15.72,0,289.64
4,326,2667.97,1681.64,25.38,22.27,0,565.21
160,326,3390.43,1307.71,15.59,11.94,0,186.08
29,326,1980.91,904.58,22.4,28.6,0,640.59
1,327,2375.46,1646.47,18.81,15.73,0,295.73
4,327,2667.29,1682.88,24.94,22.23,0,554.38
160,327,3393.83,1307.22,15.4,11.77,0,181.3
75,327,1499.28,1811.42,13.49,18.71,0,252.42
1,328,2378.38,1647.12,19.67,16.53,0,325.22
4,328,2666.94,1683.56,24.86,22.46,0,558.33
160,328,3396.99,1306.67,15.47,11.76,0,181.92
75,328,1500.29,1810.11,12.96,17.98,0,232.93
1,329,2381.42,1647.65,19.78,16.61,0,328.45
4,329,2665.93,1684.02,24.54,22.44,0,550.49
160,329,3400.39,1305.57,15.74,11.98,0,188.66
75,329,1501.16,1808.42,13.13,18.24,0,239.48
29,329,1983.04,911.45,22.27,28.62,0,637.19
1,330,2384.42,1648.06,20.08,16.97,0,340.72
4,330,2665.34,1684.68,25.11,23.39,0,587.41
160,330,3403.68,1304.79,16.05,12.24,0,196.38
75,330,1501.88,1806.32,12.83,18.02,0,231.21
29,330,1984.32,913.77,22.29,28.89,0,644.03
1,331,2387.12,1648.0,20.61,17.59,0,362.58
4,331,2664.68,1685.5,24.97,23.66,0,590.81
160,331,3405.99,1304.16,16.48,12.4,0,204.34
75,331,1502.8,1804.1,12.89,18.13,0,233.73
1,332,2389.72,1647.28,20.61,17.69,0,364.55
4,332,2664.28,1686.25,23.95,23.02,0,551.51
160,332,3410.45,1303.08,16.58,12.35,0,204.76
75,332,1503.28,1802.38,13.25,18.9,0,250.5
29,332,1986.43,918.63,21.36,27.73,0,592.22
1,333,2392.33,1646.41,20.07,17.2,0,345.35
4,333,2663.76,1687.12,24.24,23.68,0,574.06
160,333,3413.63,1302.18,16.43,12.3,0,202.05
75,333,1503.85,1799.18,13.9,20.17,0,280.26
1,334,2395.21,1645.33,20.15,17.35,0,349.55
4,334,2663.02,1688.32,24.2,24.09,0,582.93
160,334,3417.01,1301.36,17.28,13.06,0,225.77
75,334,1504.81,1797.35,13.26,19.35,0,256.5
29,334,1988.5,923.71,22.66,29.69,0,672.85
1,335,2397.78,1644.37,20.34,17.6,0,357.89
4,335,2662.31,1689.26,23.55,23.9,0,562.89
160,335,3420.09,1300.57,18.56,14.33,0,265.89
75,335,1505.68,1795.84,12.46,18.21,0,226.83
1,336,2399.26,1644.13,20.46,17.63,0,360.86
4,336,2661.54,1690.22,23.44,24.24,0,568.37
160,336,3423.28,1298.91,17.87,13.75,0,245.73
75,336,1506.07,1794.44,12.29,17.93,0,220.31
29,336,1990.36,927.33,22.5,29.32,0,659.84
1,337,2402.22,1644.24,20.42,17.7,0,361.38
4,337,2661.2,1690.9,22.53,23.75,0,534.96
160,337,3426.31,1297.95,17.17,13.29,0,228.22
75,337,1506.38,1793.08,12.25,17.86,0,218.74
1,338,2404.96,1644.08,20.51,17.88,0,366.67
4,338,2661.06,1692.01,22.5,24.17,0,543.87
160,338,3429.6,1297.4,16.48,12.77,0,210.46
75,338,1506.83,1791.1,12.35,17.85,0,220.49
1,339,2407.12,1643.5,20.25,17.77,0,359.79
4,339,2661.07,1694.09,22.47,24.52,0,551.05
160,339,3433.76,1296.85,16.52,12.86,0,212.46
75,339,1507.06,1788.91,12.38,17.69,0,218.94
1,340,2409.44,1642.46,19.71,17.33,0,341.59
4,340,2661.02,1695.73,22.04,24.43,0,538.41
160,340,3438.18,1295.49,16.63,12.93,0,215.0
75,340,1508.19,1786.54,13.62,19.58,0,266.68
1,341,2411.43,1641.66,18.69,16.55,0,309.36
4,341,2661.13,1697.38,21.78,24.48,0,533.32
160,341,3441.55,1294.25,16.93,13.01,0,220.25
75,341,1509.23,1785.16,13.31,19.22,0,255.74
1,342,2414.99,1641.04,19.3,17.05,0,329.1
4,342,2661.58,1699.12,21.43,24.23,0,519.05
160,342,3445.71,1292.44,18.99,14.92,0,283.37
75,342,1510.45,1784.33,12.83,18.57,0,238.28
29,342,1997.6,942.01,21.99,28.59,0,628.66
1,343,2418.35,1640.79,19.46,17.14,0,333.5
4,343,2661.75,1700.49,21.29,24.23,0,515.68
160,343,3449.73,1291.5,18.91,15.09,0,285.35
75,343,1511.54,1783.2,12.91,18.62,0,240.31
29,343,1998.33,945.11,21.73,28.33,0,615.81
1,344,2421.93,1641.0,19.96,17.51,0,349.44
4,344,2661.94,1702.02,21.79,25.01,0,544.86
160,344,3453.28,1290.81,18.17,14.43,0,262.18
75,344,1512.4,1782.03,12.84,18.53,0,238.04
29,344,2000.18,947.63,21.99,28.93,0,636.2
1,345,2425.26,1641.3,20.41,17.84,0,364.15
4,345,2661.98,1704.18,21.77,25.18,0,548.26
75,345,1513.46,1781.08,12.55,17.98,0,225.55
29,345,2002.08,950.54,22.47,29.7,0,667.28
1,346,2427.54,1640.95,20.62,17.95,0,370.1
4,346,2662.23,1706.36,22.07,25.7,0,567.3
75,346,1514.2,1779.62,13.0,18.58,0,241.42
29,346,2003.32,953.79,22.27,29.14,0,649.04
160,346,3461.27,1290.43,17.48,13.97,0,244.06
1,347,2429.75,1640.28,20.66,17.94,0,370.69
4,347,2662.74,1708.51,22.0,25.58,0,562.81
75,347,1514.56,1777.73,13.56,19.37,0,262.53
160,347,3465.53,1290.07,16.53,13.24,0,218.82
1,348,2432.09,1639.27,20.6,17.88,0,368.27
4,348,2664.65,1710.26,21.39,24.91,0,532.83
75,348,1515.1,1776.17,13.39,19.15,0,256.4
160,348,3469.6,1288.83,16.37,13.1,0,214.48
1,349,2435.22,1638.32,20.06,17.36,0,348.39
4,349,2665.57,1712.21,21.68,25.48,0,552.38
75,349,1515.74,1774.88,12.6,17.9,0,225.46
160,349,3473.67,1287.44,15.68,12.46,0,195.29
1,350,2438.38,1638.26,19.95,17.28,0,344.69
4,350,2665.41,1714.62,22.1,26.38,0,583.0
75,350,1516.45,1773.41,12.68,17.97,0,227.9
160,350,3476.73,1287.01,15.75,12.44,0,195.89
1,351,2441.42,1638.87,20.26,17.59,0,356.36
4,351,2665.52,1716.27,21.73,26.23,0,569.84
75,351,1517.09,1772.65,13.2,18.79,0,247.99
160,351,3481.06,1287.66,17.77,14.28,0,253.72
29,351,2009.21,967.34,22.1,28.67,0,633.41
1,352,2444.8,1639.42,21.6,18.91,0,408.45
4,352,2666.46,1718.09,21.65,26.31,0,569.58
75,352,1517.9,1771.33,12.95,18.47,0,239.07
160,352,3485.3,1286.88,16.6,13.33,0,221.36
1,353,2447.18,1638.35,20.21,17.43,0,352.38
4,353,2667.29,1720.21,21.33,26.16,0,557.92
75,353,1518.47,1770.02,12.83,18.37,0,235.6
160,353,3489.2,1286.17,15.48,12.36,0,191.45
29,353,2012.53,971.86,21.94,28.54,0,626.18
1,354,2449.98,1637.02,19.24,16.35,0,314.48
4,354,2668.03,1722.42,21.36,26.55,0,567.06
75,354,1518.81,1768.58,12.89,18.46,0,238.03
160,354,3492.86,1284.97,16.2,12.97,0,210.17
29,354,2013.77,974.56,22.49,29.48,0,662.95
1,355,2452.68,1636.73,19.04,15.99,0,304.3
4,355,2668.82,1725.2,21.03,26.39,0,554.85
75,355,1519.12,1767.1,12.99,18.6,0,241.68
160,355,3496.19,1283.95,16.78,13.56,0,227.54
29,355,2015.08,977.78,22.44,29.45,0,660.72
1,356,2455.55,1636.5,19.87,16.57,0,329.25
4,356,2669.83,1727.79,20.98,26.5,0,555.84
75,356,1520.07,1765.38,12.67,18.05,0,228.64
160,356,3499.65,1283.0,16.81,13.67,0,229.79
1,357,2458.53,1636.06,19.77,16.34,0,323.06
4,357,2670.56,1729.82,20.79,26.23,0,545.31
75,357,1521.1,1763.98,13.01,18.53,0,241.08
160,357,3502.24,1281.96,16.17,12.82,0,207.35
1,358,2461.53,1635.43,19.5,15.95,0,311.03
4,358,2671.35,1731.62,20.14,25.35,0,510.43
75,358,1521.84,1762.87,12.86,18.25,0,234.63
160,358,3506.66,1281.22,16.27,12.76,0,207.69
1,359,2463.76,1635.59,19.68,16.06,0,316.05
4,359,2671.58,1733.73,20.68,26.16,0,540.98
75,359,1522.39,1761.14,12.95,18.42,0,238.46
160,359,3509.59,1280.82,16.4,12.89,0,211.47
1,360,2466.36,1634.74,20.39,16.61,0,338.8
4,360,2672.23,1735.66,20.31,25.98,0,527.65
75,360,1523.11,1759.16,13.09,18.57,0,243.03
160,360,3512.41,1279.84,15.86,12.43,0,197.01
1,361,2468.78,1633.64,20.12,16.38,0,329.6
4,361,2672.93,1737.28,19.8,25.45,0,504.05
75,361,1523.58,1756.9,12.69,17.95,0,227.83
160,361,3514.77,1278.63,15.98,12.48,0,199.43
1,362,2471.61,1632.46,19.69,16.0,0,314.96
4,362,2673.74,1738.82,19.92,25.61,0,510.14
75,362,1524.74,1754.93,13.15,18.63,0,244.99
160,362,3517.76,1277.21,17.3,13.59,0,235.24
29,362,2025.26,996.68,21.18,27.48,0,582.07
1,363,2474.23,1631.42,19.73,15.89,0,313.4
4,363,2674.32,1740.23,19.66,25.24,0,496.3
75,363,1525.93,1751.55,14.19,20.35,0,288.79
160,363,3520.25,1276.32,18.46,14.75,0,272.31
29,363,2026.86,998.62,22.05,28.37,0,625.47
1,364,2477.41,1630.18,19.47,15.62,0,304.1
4,364,2675.06,1741.03,19.11,24.54,0,468.98
75,364,1527.05,1749.0,13.39,19.16,0,256.53
160,364,3522.86,1275.57,19.66,16.06,0,315.64
4,365,2676.29,1742.06,19.54,25.17,0,491.73
75,365,1528.51,1746.9,12.88,18.36,0,236.39
160,365,3525.39,1274.77,21.14,17.6,0,372.07
29,365,2030.02,1003.6,22.09,28.21,0,623.23
4,366,2677.26,1743.12,19.31,24.89,0,480.52
75,366,1529.81,1744.62,12.75,18.13,0,231.13
29,366,2031.96,1005.62,22.15,28.25,0,625.58
1,366,2483.18,1627.3,20.53,16.46,0,337.97
4,367,2678.42,1743.83,19.17,24.58,0,471.16
75,367,1530.71,1741.42,13.0,18.45,0,239.76
29,367,2034.04,1006.95,22.36,28.27,0,632.14
1,367,2485.75,1625.64,20.57,16.52,0,339.91
75,368,1531.52,1738.43,12.97,18.1,0,234.71
29,368,2035.41,1008.28,22.81,28.66,0,653.76
1,368,2488.4,1623.54,20.12,16.08,0,323.63
160,368,3533.48,1267.44,17.05,14.17,0,241.58
75,369,1531.89,1735.79,12.86,17.56,0,225.9
29,369,2036.98,1010.39,22.6,28.33,0,640.08
1,369,2491.31,1621.53,20.37,16.16,0,329.25
160,369,3536.4,1265.65,16.67,13.86,0,231.17
4,369,2679.87,1745.54,18.97,24.15,0,458.23
75,370,1532.46,1733.24,13.4,17.86,0,239.42
29,370,2039.11,1012.13,22.94,28.61,0,656.18
1,370,2494.22,1619.87,20.29,16.05,0,325.56
160,370,3539.28,1263.95,16.29,13.54,0,220.57
4,370,2681.38,1746.19,19.05,24.09,0,458.9
1,371,2497.26,1618.15,19.98,15.67,0,313.21
160,371,3542.13,1262.03,15.98,13.29,0,212.26
4,371,2682.72,1747.66,19.7,24.77,0,487.98
1,372,2499.86,1616.87,20.61,16.16,0,333.11
160,372,3545.43,1260.04,16.17,13.51,0,218.46
4,372,2684.49,1748.75,19.33,24.03,0,464.42
1,373,2502.82,1615.39,20.76,16.24,0,337.15
160,373,3547.96,1258.09,16.04,13.44,0,215.54
4,373,2685.73,1749.25,19.28,23.61,0,455.22
75,373,1538.62,1725.68,14.54,18.92,0,275.08
29,373,2044.53,1018.35,22.54,27.94,0,629.8
1,374,2506.08,1614.02,20.97,16.38,0,343.44
160,374,3549.84,1256.03,16.58,13.74,0,227.88
4,374,2686.87,1750.15,19.15,23.06,0,441.6
75,374,1539.8,1723.22,14.52,18.56,0,269.42
29,374,2046.34,1020.6,22.52,27.66,0,622.98
1,375,2509.07,1612.95,21.38,16.67,0,356.41
160,375,3554.14,1254.54,16.83,13.83,0,232.69
4,375,2688.57,1751.47,19.48,23.09,0,449.91
75,375,1540.42,1720.81,14.31,18.04,0,258.13
29,375,2048.74,1022.4,22.98,28.21,0,648.33
1,376,2511.85,1611.83,21.06,16.44,0,346.14
160,376,3556.57,1253.01,16.94,14.06,0,238.17
4,376,2690.17,1752.94,20.11,23.46,0,471.85
75,376,1540.82,1718.42,14.23,17.79,0,253.07
1,377,2514.79,1610.97,21.87,17.26,0,377.53
160,377,3559.3,1252.46,16.72,14.03,0,234.57
4,377,2691.95,1754.97,19.94,22.94,0,457.36
75,377,1541.45,1716.46,14.24,17.83,0,253.85
29,377,2052.44,1027.36,23.16,28.31,0,655.85
1,378,2517.72,1610.3,22.91,18.31,0,419.51
160,378,3561.55,1252.0,17.15,14.63,0,250.95
4,378,2693.49,1756.92,19.53,22.08,0,431.11
75,378,1542.12,1714.81,14.42,18.16,0,261.97
29,378,2054.33,1029.85,22.74,27.74,0,630.9
1,379,2520.86,1610.05,23.3,18.75,0,436.89
160,379,3564.47,1251.46,17.97,15.65,0,281.28
4,379,2694.87,1758.71,19.94,22.2,0,442.68
75,379,1542.73,1713.15,14.49,18.39,0,266.56
1,380,2523.8,1609.84,23.58,19.24,0,453.57
160,380,3567.89,1249.52,17.16,15.03,0,257.92
4,380,2696.95,1760.19,19.99,21.91,0,437.8
75,380,1543.65,1711.82,14.11,17.76,0,250.69
29,380,2058.89,1035.54,22.36,27.06,0,605.02
1,381,2527.06,1609.59,23.93,19.82,0,474.38
160,381,3570.11,1248.01,16.39,14.51,0,237.87
4,381,2698.79,1762.1,19.88,21.38,0,424.98
75,381,1544.3,1710.66,14.19,17.84,0,253.14
165,381,2526.64,1606.51,19.75,21.01,0,415.02
29,381,2061.14,1038.6,22.7,27.56,0,625.55
1,382,2529.98,1609.25,24.41,20.59,0,502.73
160,382,3572.61,1246.5,15.87,14.24,0,226.0
4,382,2700.46,1764.08,19.84,20.94,0,415.45
75,382,1544.53,1709.16,14.37,18.14,0,260.8
165,382,2529.31,1605.9,18.65,19.8,0,369.31
160,383,3575.82,1245.52,15.55,14.06,0,218.61
4,383,2702.67,1765.39,20.15,20.89,0,420.95
75,383,1545.19,1707.23,14.09,17.83,0,251.24
165,383,2532.49,1605.07,17.18,18.14,0,311.7
29,383,2064.74,1042.7,22.4,26.92,0,602.92
160,384,3578.83,1244.59,15.61,14.23,0,222.15
4,384,2704.73,1766.7,19.95,20.22,0,403.34
75,384,1545.59,1705.54,15.38,19.71,0,303.04
165,384,2535.12,1604.17,15.9,16.66,0,264.86
29,384,2066.67,1044.78,22.9,27.43,0,627.99
160,385,3581.07,1242.87,15.32,14.14,0,216.66
4,385,2706.51,1768.08,20.35,20.26,0,412.43
75,385,1545.73,1702.8,15.83,20.38,0,322.67
165,385,2538.29,1602.99,15.82,16.43,0,260.05
29,385,2068.49,1047.49,22.9,27.26,0,624.3
160,386,3583.81,1241.12,15.42,14.39,0,221.95
4,386,2708.66,1769.09,20.31,19.79,0,401.96
75,386,1546.11,1700.97,14.86,19.09,0,283.73
165,386,2541.4,1601.59,16.64,17.16,0,285.51
29,386,2070.71,1049.84,22.67,26.74,0,606.28
160,387,3586.63,1239.42,15.59,14.72,0,229.44
4,387,2711.31,1770.1,20.3,19.33,0,392.42
75,387,1546.91,1699.54,14.39,18.37,0,264.34
165,387,2545.26,1600.72,16.28,16.51,0,268.84
29,387,2073.31,1052.09,23.11,27.15,0,627.43
160,388,3589.89,1237.47,14.84,14.18,0,210.47
4,388,2713.87,1771.67,20.66,19.3,0,398.77
75,388,1547.41,1698.04,14.47,18.35,0,265.39
165,388,2548.46,1600.0,16.42,16.5,0,270.97
29,388,2075.36,1054.16,22.94,26.86,0,616.11
160,389,3592.71,1235.81,15.19,14.74,0,223.93
4,389,2715.86,1773.1,21.05,19.35,0,407.22
75,389,1548.01,1696.78,14.23,17.93,0,255.17
165,389,2551.79,1599.13,16.98,16.96,0,287.82
29,389,2077.67,1055.98,22.78,26.36,0,600.64
160,390,3595.3,1234.78,15.32,14.97,0,229.31
4,390,2718.92,1774.1,20.71,18.62,0,385.65
75,390,1548.93,1694.69,14.3,17.9,0,255.96
165,390,2554.57,1597.27,17.1,16.98,0,290.4
29,390,2079.35,1058.27,22.63,26.06,0,589.71
160,391,3596.96,1233.5,15.1,14.57,0,219.99
4,391,2721.7,1775.26,20.86,18.36,0,383.03
75,391,1549.37,1692.78,14.44,17.99,0,259.84
165,391,2556.97,1595.68,17.53,17.32,0,303.73
29,391,2082.25,1060.34,22.63,25.92,0,586.49
160,392,3601.77,1231.65,15.56,14.74,0,229.3
4,392,2724.2,1775.82,21.21,18.33,0,388.84
165,392,2560.01,1594.31,17.55,17.28,0,303.26
29,392,2084.94,1062.64,23.15,26.17,0,605.66
160,393,3604.54,1229.4,15.71,14.96,0,234.97
4,393,2727.18,1775.26,22.99,19.87,0,456.83
165,393,2563.25,1593.22,17.97,17.7,0,318.19
29,393,2087.31,1064.33,23.42,26.37,0,617.59
75,393,1549.95,1688.12,14.2,17.49,0,248.38
160,394,3606.4,1228.09,15.85,15.36,0,243.55
4,394,2729.45,1777.17,23.7,20.38,0,483.0
165,394,2566.69,1592.1,17.68,17.36,0,306.91
29,394,2089.62,1066.05,23.98,26.86,0,643.91
75,394,1550.32,1685.92,14.21,17.36,0,246.78
160,395,3609.25,1227.07,16.72,16.67,0,278.74
4,395,2732.47,1777.82,24.13,20.7,0,499.32
165,395,2569.91,1590.78,17.69,17.28,0,305.54
29,395,2092.27,1068.75,24.05,26.74,0,642.98
75,395,1551.03,1684.26,14.2,17.13,0,243.22
160,396,3612.25,1223.23,18.08,18.71,0,338.36
165,396,2572.85,1589.39,17.99,17.54,0,315.54
29,396,2094.72,1070.92,23.94,26.49,0,634.15
75,396,1552.12,1682.9,14.82,17.73,0,262.74
160,397,3614.62,1221.1,17.13,18.21,0,312.07
165,397,2575.58,1587.48,18.1,17.66,0,319.57
29,397,2097.66,1073.32,24.28,26.73,0,649.04
75,397,1552.66,1681.38,14.52,17.19,0,249.51
160,398,3616.74,1219.96,15.93,17.26,0,275.03
165,398,2577.68,1585.9,17.96,17.46,0,313.67
29,398,2100.25,1075.55,24.3,26.58,0,645.78
75,398,1552.99,1679.75,14.25,16.66,0,237.38
4,398,2741.42,1779.07,22.86,19.26,0,440.37
160,399,3618.92,1219.05,14.75,16.04,0,236.64
165,399,2580.18,1585.29,19.88,19.61,0,389.97
29,399,2102.25,1077.45,23.91,25.91,0,619.64
75,399,1552.9,1678.14,14.31,16.47,0,235.75
160,400,3620.44,1217.74,14.5,15.59,0,226.08
165,400,2583.22,1584.95,20.62,20.61,0,424.86
29,400,2104.72,1079.76,24.64,26.63,0,656.26
75,400,1552.76,1676.09,14.61,16.63,0,242.99
4,400,2747.08,1779.54,22.52,18.66,0,420.05
160,401,3625.5,1216.4,15.0,15.74,0,235.98
165,401,2586.26,1582.92,20.58,20.85,0,429.19
75,401,1552.57,1674.49,14.6,16.33,0,238.4
160,402,3627.98,1215.07,14.95,15.52,0,231.98
165,402,2588.99,1581.53,19.34,19.67,0,380.43
75,402,1552.64,1673.03,14.94,16.61,0,248.19
4,402,2752.31,1780.63,22.2,17.97,0,399.04
160,403,3629.84,1212.99,14.82,15.54,0,230.19
165,403,2590.94,1580.91,19.05,19.13,0,364.42
75,403,1552.96,1672.21,15.0,16.51,0,247.71
4,403,2755.41,1780.67,23.32,18.61,0,433.93
29,403,2111.75,1086.21,24.42,26.47,0,646.43
160,404,3631.39,1211.03,14.61,15.5,0,226.49
165,404,2594.19,1579.94,19.02,19.09,0,363.0
75,404,1553.19,1671.59,14.77,16.05,0,237.03
4,404,2757.82,1781.36,23.94,18.93,0,453.29
29,404,2114.29,1087.92,24.07,25.87,0,622.65
160,405,3632.72,1209.27,14.28,15.32,0,218.8
165,405,2596.17,1578.67,18.69,18.79,0,351.23
75,405,1553.15,1670.17,15.51,16.79,0,260.34
4,405,2760.45,1781.79,23.82,18.65,0,444.06
29,405,2116.45,1089.68,25.12,27.06,0,679.8
160,406,3634.51,1208.08,14.28,15.52,0,221.58
165,406,2598.44,1577.83,18.2,18.29,0,332.97
75,406,1552.9,1669.08,15.4,16.53,0,254.55
4,406,2763.24,1782.05,24.32,18.94,0,460.8
160,407,3637.5,1207.35,14.45,15.93,0,230.13
165,407,2600.8,1577.27,18.54,18.65,0,345.86
75,407,1552.08,1667.76,15.36,16.34,0,250.99
4,407,2766.39,1782.32,25.15,19.53,0,491.03
160,408,3640.6,1206.28,14.19,15.73,0,223.12
165,408,2603.57,1576.45,18.58,18.82,0,349.67
4,408,2769.09,1782.91,25.2,19.51,0,491.58
160,409,3643.26,1204.72,13.9,15.28,0,212.33
165,409,2606.72,1575.45,18.32,18.61,0,340.8
4,409,2772.31,1782.71,24.37,18.82,0,458.66
29,409,2126.09,1099.04,23.95,25.85,0,619.07
75,409,1551.94,1664.55,15.46,16.33,0,252.41
160,410,3645.3,1203.06,15.75,17.15,0,270.13
165,410,2609.81,1574.14,18.02,18.34,0,330.52
4,410,2775.3,1783.07,24.97,19.32,0,482.39
29,410,2128.42,1100.72,24.79,26.97,0,668.37
75,410,1551.99,1663.64,15.23,15.99,0,243.52
160,411,3650.31,1198.89,16.63,18.18,0,302.42
165,411,2612.14,1572.49,18.1,18.54,0,335.7
4,411,2779.0,1783.12,25.8,19.88,0,512.97
29,411,2131.27,1103.01,24.89,27.14,0,675.49
160,412,3652.75,1196.56,15.7,17.19,0,269.9
165,412,2613.88,1571.17,18.6,19.06,0,354.6
4,412,2781.94,1783.0,25.87,20.0,0,517.53
29,412,2133.38,1104.9,24.57,26.82,0,659.21
75,412,1551.32,1661.71,15.44,15.98,0,246.7
160,413,3654.31,1195.2,14.78,16.36,0,241.88
165,413,2617.53,1569.73,18.73,19.08,0,357.43
4,413,2784.85,1782.48,25.53,19.78,0,505.01
29,413,2136.46,1107.07,24.44,26.46,0,646.61
75,413,1550.97,1660.53,15.9,16.3,0,259.03
160,414,3656.63,1193.99,14.31,15.94,0,228.04
165,414,2619.55,1568.23,18.27,18.65,0,340.67
4,414,2787.56,1781.93,25.76,20.06,0,516.67
29,414,2138.65,1108.82,24.42,26.58,0,649.09
75,414,1550.26,1659.47,16.27,16.64,0,270.74
160,415,3659.49,1193.01,14.0,15.66,0,219.26
165,415,2621.9,1566.91,18.29,18.84,0,344.71
4,415,2790.44,1782.19,25.6,20.06,0,513.49
29,415,2140.83,1110.99,24.25,26.37,0,639.5
75,415,1549.94,1658.48,17.42,18.03,0,314.13
160,416,3662.59,1191.79,13.58,15.33,0,208.21
165,416,2624.51,1566.03,18.37,19.11,0,351.03
4,416,2793.67,1782.02,25.77,20.39,0,525.43
29,416,2143.09,1112.79,24.13,26.37,0,636.2
160,417,3666.15,1190.05,13.82,15.69,0,216.86
165,417,2627.53,1565.4,18.41,19.39,0,357.1
4,417,2796.69,1781.77,26.09,20.76,0,541.75
29,417,2145.94,1114.86,24.23,26.54,0,643.18
160,418,3668.07,1187.53,14.04,15.79,0,221.65
165,418,2630.61,1564.32,18.38,19.64,0,360.99
4,418,2799.64,1781.22,26.6,21.37,0,568.41
75,418,1550.17,1653.71,18.05,18.87,0,340.75
160,419,3669.46,1185.51,14.17,15.5,0,219.61
165,419,2633.08,1563.26,17.82,19.27,0,343.33
4,419,2803.01,1781.25,26.99,22.04,0,594.99
160,420,3674.32,1183.79,14.43,15.49,0,223.51
165,420,2635.95,1562.06,18.08,19.78,0,357.53
4,420,2806.15,1781.72,26.86,22.15,0,594.8
29,420,2153.35,1120.85,24.62,27.05,0,665.98
75,420,1549.02,1652.09,16.66,17.25,0,287.52
160,421,3677.04,1182.39,14.76,15.96,0,235.53
165,421,2637.58,1561.1,19.05,21.02,0,400.51
4,421,2809.39,1781.19,26.22,21.94,0,575.11
29,421,2156.26,1123.23,23.74,26.02,0,617.56
75,421,1548.3,1651.48,15.82,16.01,0,253.24
160,422,3679.65,1181.67,14.17,15.55,0,220.34
165,422,2641.66,1558.76,18.71,20.57,0,384.81
4,422,2812.25,1780.08,27.48,23.34,0,641.32
75,422,1548.0,1650.8,15.09,14.98,0,226.0
160,423,3682.45,1180.65,13.97,15.55,0,217.29
165,423,2643.97,1557.54,18.28,20.27,0,370.37
4,423,2815.25,1779.74,27.26,23.63,0,644.2
75,423,1547.6,1649.59,15.29,14.88,0,227.5
160,424,3685.79,1179.24,14.73,16.77,0,247.0
165,424,2646.18,1556.82,17.77,19.94,0,354.34
4,424,2818.45,1779.35,26.36,23.29,0,614.06
75,424,1547.41,1648.75,15.85,15.3,0,242.54
160,425,3688.5,1177.93,16.02,18.84,0,301.76
165,425,2648.92,1555.52,17.82,20.23,0,360.31
4,425,2821.65,1778.51,25.99,23.28,0,605.13
75,425,1547.64,1648.04,16.06,15.26,0,245.1
160,426,3690.57,1174.11,15.12,18.08,0,273.3
165,426,2651.61,1553.16,17.81,20.5,0,365.1
4,426,2824.56,1777.32,25.42,23.12,0,587.73
160,427,3692.02,1171.75,13.68,16.09,0,220.07
165,427,2653.86,1550.99,17.57,20.44,0,359.14
4,427,2827.83,1775.83,25.87,24.01,0,621.04
75,427,1547.26,1646.39,15.77,14.74,0,232.47
160,428,3693.56,1169.97,13.73,15.57,0,213.81
165,428,2656.05,1549.46,17.38,20.39,0,354.46
4,428,2831.04,1775.21,25.1,23.54,0,590.84
75,428,1546.87,1645.38,16.32,15.14,0,247.04
160,429,3698.65,1168.7,13.69,15.2,0,208.18
165,429,2659.22,1548.0,17.41,20.7,0,360.46
4,429,2834.64,1773.4,25.26,24.16,0,610.37
75,429,1546.74,1643.57,16.06,14.73,0,236.45
160,430,3701.45,1167.82,13.49,15.0,0,202.41
165,430,2662.14,1546.44,17.29,20.88,0,360.86
4,430,2837.63,1772.53,25.4,24.72,0,627.91
75,430,1546.71,1642.09,16.26,14.82,0,241.03
29,430,2180.7,1139.66,24.36,26.51,0,645.8
160,431,3704.49,1166.12,13.53,15.15,0,204.89
165,431,2664.96,1545.22,16.77,20.31,0,340.68
4,431,2840.54,1771.3,25.34,25.15,0,637.29
75,431,1546.89,1640.65,15.86,14.27,0,226.37
29,431,2183.64,1141.43,24.97,26.99,0,673.88
160,432,3707.08,1164.29,13.36,15.06,0,201.28
165,432,2667.54,1544.12,16.39,19.81,0,324.68
4,432,2843.66,1769.85,24.34,24.65,0,600.08
75,432,1546.93,1639.93,16.06,14.3,0,229.66
29,432,2186.38,1143.48,24.76,26.8,0,663.54
160,433,3708.95,1162.02,13.05,14.73,0,192.31
165,433,2669.64,1542.24,16.28,19.82,0,322.7
4,433,2846.56,1768.26,23.93,24.74,0,591.9
75,433,1546.74,1639.35,16.03,14.21,0,227.85
29,433,2189.24,1144.88,24.7,26.74,0,660.34
160,434,3710.57,1159.85,12.92,14.65,0,189.27
165,434,2671.89,1540.29,16.32,20.08,0,327.78
4,434,2849.28,1767.42,23.77,24.94,0,592.89
75,434,1546.93,1639.17,16.43,14.49,0,238.08
29,434,2192.26,1147.02,24.52,26.53,0,650.46
160,435,3712.1,1158.39,13.28,15.29,0,203.01
165,435,2673.95,1538.28,16.27,20.08,0,326.68
4,435,2851.83,1766.29,23.21,24.67,0,572.51
75,435,1546.6,1638.24,16.12,14.01,0,225.86
29,435,2195.02,1148.96,23.82,25.59,0,609.59
160,436,3714.41,1157.75,13.21,15.38,0,203.2
165,436,2676.34,1537.19,16.71,20.79,0,347.48
4,436,2854.8,1764.86,23.4,25.32,0,592.47
75,436,1545.7,1637.22,16.94,14.59,0,247.15
160,437,3716.98,1157.0,13.36,15.62,0,208.64
165,437,2678.85,1534.91,16.8,20.96,0,352.18
4,437,2857.51,1764.18,22.47,24.82,0,557.65
160,438,3720.0,1156.55,13.32,15.68,0,208.84
165,438,2681.22,1533.8,16.29,20.42,0,332.65
4,438,2859.65,1762.92,22.17,24.86,0,551.18
75,438,1545.09,1635.65,18.51,16.07,0,297.31
160,439,3722.84,1155.28,13.23,15.75,0,208.39
165,439,2683.5,1532.75,15.41,19.26,0,296.78
4,439,2862.7,1761.42,21.39,24.33,0,520.39
75,439,1544.92,1635.19,19.22,16.82,0,323.24
160,440,3725.57,1153.3,13.33,16.05,0,213.93
165,440,2685.25,1531.69,15.13,18.52,0,280.2
4,440,2865.74,1760.15,21.0,24.11,0,506.24
75,440,1544.79,1634.78,19.89,17.6,0,350.05
160,441,3727.31,1151.02,13.14,15.73,0,206.7
165,441,2686.57,1530.25,15.53,18.43,0,286.34
75,441,1544.63,1634.62,20.06,17.96,0,360.34
160,442,3729.17,1148.52,13.25,16.05,0,212.65
165,442,2689.94,1528.46,15.92,18.51,0,294.63
75,442,1544.54,1634.58,19.98,18.09,0,361.47
160,443,3731.06,1146.89,12.87,15.69,0,201.9
165,443,2691.99,1526.85,16.31,19.0,0,309.97
160,444,3733.45,1145.9,12.84,15.59,0,200.05
165,444,2693.92,1525.98,16.58,19.37,0,321.11
75,444,1543.26,1630.11,20.15,18.35,0,369.77
160,445,3736.13,1144.89,13.07,16.0,0,209.14
165,445,2696.38,1525.52,16.46,19.26,0,316.91
75,445,1543.4,1628.81,19.35,17.65,0,341.65
4,445,2877.91,1751.31,20.07,23.14,0,464.47
160,446,3738.57,1143.25,12.76,15.52,0,198.05
165,446,2698.32,1524.32,16.66,19.6,0,326.66
75,446,1543.24,1627.8,17.91,16.27,0,291.34
4,446,2879.45,1748.64,20.45,23.36,0,477.81
160,447,3740.38,1141.11,13.46,16.07,0,216.24
165,447,2700.14,1522.8,16.71,19.8,0,330.8
75,447,1543.32,1627.52,17.54,15.82,0,277.45
4,447,2882.39,1748.08,21.26,24.55,0,522.01
160,448,3741.48,1138.73,13.79,15.97,0,220.3
165,448,2702.0,1520.86,16.59,19.86,0,329.46
75,448,1543.06,1627.29,17.23,15.37,0,264.8
4,448,2884.57,1746.56,20.75,24.31,0,504.49
29,448,2234.53,1172.93,23.83,24.45,0,582.62
160,449,3745.99,1136.51,13.79,15.46,0,213.25
165,449,2703.76,1518.85,16.81,20.34,0,341.78
75,449,1542.94,1627.08,16.89,14.89,0,251.4
4,449,2885.84,1744.89,19.93,23.5,0,468.29
160,450,3748.14,1134.65,14.27,15.81,0,225.64
165,450,2705.66,1517.45,16.91,20.58,0,347.97
75,450,1542.48,1626.47,16.58,14.42,0,239.03
4,450,2887.53,1742.8,19.86,23.49,0,466.6
160,451,3749.4,1132.89,14.14,15.62,0,220.88
165,451,2707.16,1515.86,17.05,20.94,0,357.1
75,451,1541.91,1625.5,16.24,13.96,0,226.67
4,451,2889.44,1739.98,18.7,22.19,0,415.11
160,452,3751.44,1131.59,14.31,16.13,0,230.89
165,452,2708.51,1513.82,17.06,21.05,0,358.97
75,452,1541.5,1623.56,15.88,13.43,0,213.41
4,452,2890.88,1737.32,18.97,22.71,0,430.68
160,453,3754.01,1130.66,15.05,17.27,0,259.99
165,453,2709.8,1512.73,17.74,21.77,0,386.18
75,453,1541.34,1622.56,16.14,13.51,0,218.12
4,453,2892.37,1735.12,18.76,22.53,0,422.64
160,454,3756.63,1129.58,16.25,19.23,0,312.57
165,454,2713.31,1510.74,17.6,21.29,0,374.73
75,454,1541.49,1621.36,16.17,13.4,0,216.72
4,454,2894.06,1732.4,18.14,21.79,0,395.27
160,455,3758.95,1125.71,14.8,17.76,0,262.87
165,455,2715.04,1508.99,17.08,20.45,0,349.21
75,455,1541.77,1620.34,16.1,13.14,0,211.59
4,455,2895.8,1730.7,19.03,22.86,0,435.18
160,456,3759.81,1122.54,13.82,16.78,0,231.95
165,456,2715.74,1506.22,17.22,20.55,0,353.97
4,456,2897.14,1729.62,19.94,24.15,0,481.55
160,457,3760.43,1119.84,12.92,15.83,0,204.51
165,457,2716.23,1503.79,17.01,20.28,0,344.9
4,457,2897.77,1726.95,20.02,24.42,0,488.96
75,457,1540.48,1619.15,16.75,13.52,0,226.49
160,458,3761.53,1117.62,12.88,15.91,0,204.95
165,458,2716.71,1501.96,16.96,20.33,0,344.65
4,458,2898.36,1723.92,19.31,23.6,0,455.73
75,458,1539.78,1618.22,17.08,13.65,0,233.1
160,459,3763.02,1116.04,13.17,16.23,0,213.64
165,459,2718.31,1500.36,16.92,20.4,0,345.26
4,459,2898.87,1720.66,18.34,22.36,0,410.0
160,460,3765.66,1113.49,14.1,17.65,0,248.9
165,460,2719.91,1498.71,16.69,20.29,0,338.67
4,460,2900.06,1717.61,18.03,21.88,0,394.36
160,461,3768.92,1112.01,13.61,17.09,0,232.72
165,461,2721.4,1496.92,16.35,19.94,0,326.04
4,461,2901.65,1715.67,17.57,21.05,0,369.9
160,462,3771.94,1110.44,12.95,16.25,0,210.38
165,462,2722.9,1495.12,16.14,19.7,0,318.03
4,462,2902.65,1713.58,17.46,20.47,0,357.39
75,462,1539.74,1613.98,17.31,13.68,0,236.82
160,463,3774.15,1107.84,12.78,16.05,0,205.23
165,463,2724.44,1493.07,16.23,19.74,0,320.33
4,463,2905.1,1712.07,18.75,21.81,0,408.93
160,464,3775.31,1104.75,12.64,15.73,0,198.82
165,464,2726.08,1491.09,16.17,19.71,0,318.67
4,464,2906.36,1710.7,19.52,22.65,0,442.02
160,465,3777.1,1101.44,13.45,17.05,0,229.32
165,465,2727.72,1489.53,16.59,20.36,0,337.93
4,465,2907.24,1708.98,20.05,23.16,0,464.36
182,465,2287.83,1191.16,25.93,23.33,0,604.94
75,465,1538.77,1612.77,17.74,13.91,0,246.81
160,466,3779.06,1099.59,13.22,16.93,0,223.75
165,466,2728.95,1486.71,16.57,20.35,0,337.29
4,466,2908.58,1706.2,19.51,22.36,0,436.19
182,466,2290.76,1191.55,25.44,22.84,0,581.0
160,467,3781.84,1098.12,12.66,16.34,0,206.76
165,467,2730.44,1485.31,16.17,19.74,0,319.15
4,467,2909.76,1703.1,19.37,22.04,0,426.88
160,468,3785.4,1096.47,12.51,16.12,0,201.6
165,468,2732.21,1483.97,15.89,19.21,0,305.29
4,468,2910.72,1700.89,18.8,21.0,0,394.77
160,469,3787.65,1093.33,12.79,16.16,0,206.65
165,469,2733.4,1481.58,16.21,19.33,0,313.44
4,469,2911.96,1698.54,18.62,20.54,0,382.43
160,470,3789.07,1089.81,13.01,15.84,0,205.99
165,470,2734.06,1478.65,16.46,19.28,0,317.35
4,470,2913.13,1695.91,19.16,20.87,0,400.03
160,471,3794.0,1086.44,13.4,15.82,0,212.01
165,471,2736.98,1476.06,16.82,19.25,0,323.93
4,471,2914.29,1693.51,19.78,21.37,0,422.79
160,472,3796.47,1083.9,13.79,16.14,0,222.5
165,472,2738.77,1473.88,16.5,18.64,0,307.57
4,472,2915.42,1691.25,18.94,20.02,0,379.21
160,473,3798.24,1082.38,14.68,17.53,0,257.32
165,473,2740.04,1472.36,16.77,18.89,0,316.76
4,473,2916.3,1688.5,18.49,19.01,0,351.48
75,473,1537.69,1603.75,19.59,15.19,0,297.63
160,474,3800.84,1081.21,15.7,19.3,0,302.87
165,474,2741.35,1470.66,17.17,19.36,0,332.27
4,474,2917.43,1686.6,19.39,19.51,0,378.37
160,475,3804.2,1078.14,15.47,19.42,0,300.44
165,475,2743.1,1469.56,17.45,19.66,0,343.17
4,475,2918.48,1685.38,19.61,19.4,0,380.55
160,476,3807.64,1076.15,14.05,17.8,0,250.19
165,476,2744.81,1468.7,17.15,19.28,0,330.7
4,476,2919.54,1683.97,20.31,19.75,0,400.98
160,477,3810.25,1073.93,13.17,16.71,0,220.12
165,477,2745.79,1467.1,17.12,19.17,0,328.21
4,477,2920.06,1682.69,20.18,19.26,0,388.76
160,478,3811.9,1071.22,13.07,16.32,0,213.33
165,478,2746.54,1465.46,18.08,20.35,0,368.02
4,478,2920.47,1681.68,20.7,19.5,0,403.72
160,479,3814.55,1066.67,14.33,18.25,0,261.46
165,479,2747.66,1462.83,18.26,20.61,0,376.27
4,479,2921.74,1678.57,21.15,19.69,0,416.5
160,480,3817.8,1064.29,13.75,17.53,0,241.07
165,480,2748.96,1461.36,17.5,19.72,0,345.02
4,480,2922.46,1677.1,20.87,19.06,0,397.68
160,481,3821.12,1063.13,12.98,16.46,0,213.65
165,481,2750.39,1460.43,17.13,19.26,0,330.02
4,481,2923.24,1676.05,20.59,18.54,0,381.66
189,481,1534.18,1600.8,21.22,13.02,0,276.3
160,482,3824.3,1061.58,12.71,16.22,0,206.18
165,482,2751.56,1458.71,16.99,19.02,0,323.04
4,482,2924.01,1674.99,20.9,18.51,0,386.9
160,483,3828.72,1059.53,13.12,16.63,0,218.14
165,483,2752.49,1456.98,17.09,19.1,0,326.4
4,483,2924.77,1673.22,20.71,17.98,0,372.36
189,483,1533.43,1599.01,21.32,13.12,0,279.74
160,484,3831.7,1057.89,14.46,18.57,0,268.55
165,484,2753.16,1455.03,17.18,19.13,0,328.57
4,484,2924.28,1671.64,20.89,17.77,0,371.09
160,485,3833.29,1054.46,13.42,19.26,0,258.43
165,485,2753.56,1453.49,17.05,18.93,0,322.73
4,485,2924.36,1670.88,21.14,17.69,0,373.89
160,486,3834.18,1051.86,11.64,17.31,0,201.49
165,486,2754.5,1451.97,17.07,18.85,0,321.74
4,486,2925.0,1669.66,21.47,17.78,0,381.63
160,487,3834.35,1049.33,11.29,16.98,0,191.78
165,487,2755.66,1450.29,16.9,18.55,0,313.4
4,487,2925.31,1668.95,22.35,18.35,0,410.07
165,488,2756.83,1449.04,17.39,19.01,0,330.53
4,488,2925.62,1667.8,21.97,17.86,0,392.28
165,489,2757.69,1448.36,17.17,18.7,0,321.04
4,489,2925.31,1666.62,22.35,17.98,0,401.81
165,490,2758.36,1446.82,16.72,18.04,0,301.66
4,490,2925.06,1665.52,22.56,18.05,0,407.39
165,491,2759.16,1444.92,16.72,17.89,0,299.06
4,491,2925.48,1664.71,23.06,18.39,0,424.1
165,492,2759.81,1443.22,16.98,18.12,0,307.67
4,492,2926.18,1663.95,23.91,19.06,0,455.8
165,493,2760.36,1441.99,16.71,17.68,0,295.43
4,493,2926.16,1663.12,24.04,19.07,0,458.62
165,494,2761.64,1440.17,16.86,17.66,0,297.77
4,494,2926.28,1661.95,24.08,19.0,0,457.38
165,495,2762.82,1438.17,16.8,17.39,0,292.27
4,495,2926.45,1660.93,23.89,18.73,0,447.34
165,496,2763.71,1436.54,17.21,17.64,0,303.61
4,496,2926.36,1659.98,24.07,18.79,0,452.34
165,497,2765.2,1435.56,17.12,17.39,0,297.69
4,497,2926.81,1659.12,24.6,19.26,0,473.79
165,498,2766.61,1434.67,16.99,17.08,0,290.17
4,498,2927.02,1658.3,24.7,19.35,0,477.78
165,499,2767.7,1433.4,17.34,17.25,0,299.14
4,499,2927.34,1657.83,25.03,19.6,0,490.69
165,500,2768.55,1431.72,17.8,17.62,0,313.64
4,500,2927.34,1657.4,25.77,20.27,0,522.22
165,501,2768.54,1429.65,17.64,17.31,0,305.3
4,501,2926.38,1657.36,25.76,20.33,0,523.66
165,502,2768.92,1428.39,17.8,17.36,0,309.04
4,502,2926.43,1655.07,25.85,20.59,0,532.24
200,502,1523.55,1598.59,18.9,12.74,0,240.79
165,503,2769.97,1427.48,18.03,17.43,0,314.19
4,503,2926.01,1654.39,26.29,20.98,0,551.73
200,503,1522.28,1598.2,18.74,12.64,0,236.91
165,504,2770.93,1426.84,18.27,17.4,0,317.86
4,504,2925.1,1653.91,25.83,20.63,0,532.91
200,504,1521.5,1598.13,19.3,13.01,0,251.12
165,505,2771.43,1425.66,18.03,16.86,0,304.01
4,505,2924.57,1653.36,24.8,19.67,0,487.96
165,506,2772.07,1424.53,18.41,17.07,0,314.32
4,506,2924.41,1653.62,25.38,20.14,0,511.2
200,506,1520.86,1598.35,19.09,12.86,0,245.55
165,507,2772.5,1423.2,18.38,16.83,0,309.34
4,507,2924.36,1653.68,25.47,20.24,0,515.6
200,507,1520.84,1599.35,18.87,12.71,0,239.82
165,508,2772.8,1421.7,18.28,16.51,0,301.71
4,508,2923.95,1653.48,24.88,19.74,0,491.12
165,509,2772.98,1420.62,18.51,16.48,0,305.02
4,509,2923.2,1653.45,24.73,19.58,0,484.21
165,510,2773.7,1420.29,18.62,16.34,0,304.27
4,510,2922.76,1653.58,25.0,19.78,0,494.39
200,510,1519.68,1600.92,18.4,12.39,0,227.88
165,511,2774.98,1419.9,18.59,16.14,0,300.09
4,511,2922.66,1653.77,25.37,20.07,0,509.35
165,512,2776.09,1419.25,19.33,16.72,0,323.08
4,512,2922.63,1653.58,24.93,19.7,0,491.07
165,513,2776.14,1418.56,20.56,17.89,0,367.71
4,513,2922.72,1653.46,24.6,19.42,0,477.76
200,513,1519.54,1600.98,18.52,12.46,0,230.77
165,514,2776.21,1417.92,21.76,19.12,0,416.07
4,514,2922.62,1653.67,25.12,19.9,0,499.7
200,514,1520.25,1601.43,18.77,12.67,0,237.91
165,515,2776.66,1414.48,21.16,18.57,0,392.99
4,515,2922.57,1654.15,26.03,20.74,0,539.94
200,515,1520.77,1602.09,19.54,13.25,0,258.86
165,516,2777.7,1412.97,20.63,18.0,0,371.42
4,516,2922.41,1654.11,25.78,20.6,0,531.02
200,516,1520.69,1602.44,19.6,13.37,0,262.16
165,517,2778.37,1412.53,20.63,17.93,0,369.93
4,517,2922.34,1654.43,26.2,21.18,0,554.98
200,517,1520.93,1602.45,19.89,13.64,0,271.15
165,518,2779.16,1412.23,20.32,17.56,0,356.85
4,518,2922.44,1654.85,26.8,21.95,0,588.31
200,518,1520.81,1602.18,19.62,13.51,0,265.02
165,519,2779.62,1411.88,19.66,16.84,0,331.07
4,519,2922.04,1655.91,27.29,22.66,0,618.33
200,519,1520.67,1602.16,19.58,13.52,0,264.73
165,520,2779.82,1411.35,18.87,15.92,0,300.37
4,520,2921.4,1656.5,26.83,22.59,0,606.04
200,520,1520.94,1602.36,19.85,13.76,0,273.18
165,521,2779.43,1410.68,18.74,15.51,0,290.65
4,521,2921.07,1656.79,26.39,22.51,0,594.01
165,522,2778.96,1409.59,18.77,15.26,0,286.45
4,522,2920.2,1657.09,25.94,22.44,0,582.01
200,522,1521.01,1603.32,20.97,14.73,0,308.9
165,523,2778.82,1409.03,18.6,14.88,0,276.7
4,523,2919.5,1657.57,25.32,22.19,0,561.98
200,523,1520.09,1603.75,21.61,15.39,0,332.68
165,524,2778.81,1408.84,18.6,14.65,0,272.43
4,524,2918.56,1658.29,25.28,22.54,0,569.62
165,525,2778.58,1408.6,19.39,15.06,0,292.13
4,525,2917.56,1659.23,25.08,22.71,0,569.6
165,526,2778.04,1408.32,19.52,14.91,0,291.05
4,526,2916.82,1660.16,24.37,22.38,0,545.29
200,526,1517.44,1603.71,20.94,15.15,0,317.31
165,527,2777.62,1408.13,19.34,14.54,0,281.11
4,527,2916.64,1661.17,24.34,22.75,0,553.87
200,527,1516.65,1603.93,21.29,15.65,0,333.25
165,528,2777.62,1407.83,19.88,14.78,0,293.8
4,528,2916.23,1662.21,24.55,23.3,0,572.06
165,529,2777.3,1407.67,20.33,14.97,0,304.35
4,529,2915.79,1663.31,23.84,22.99,0,548.12
200,529,1515.75,1604.91,23.25,17.59,0,409.12
165,530,2776.99,1406.97,20.46,14.93,0,305.43
4,530,2915.52,1664.27,24.06,23.66,0,569.25
200,530,1515.66,1605.17,23.37,18.15,0,424.3
165,531,2776.75,1406.56,20.47,14.81,0,303.21
4,531,2914.98,1665.57,24.34,24.42,0,594.44
200,531,1515.09,1605.3,23.16,18.42,0,426.54
165,532,2776.72,1406.24,20.83,15.04,0,313.3
4,532,2914.71,1666.78,23.69,24.2,0,573.34
165,533,2776.6,1405.75,21.45,15.52,0,332.96
4,533,2914.61,1667.51,23.33,24.18,0,564.25
200,533,1514.14,1604.83,21.76,17.45,0,379.71
165,534,2776.39,1405.37,21.25,15.36,0,326.25
4,534,2914.81,1668.09,23.03,24.34,0,560.68
200,534,1514.1,1605.24,22.38,18.29,0,409.23
165,535,2776.29,1405.01,20.96,15.12,0,316.84
4,535,2915.43,1669.96,23.06,24.85,0,573.22
200,535,1513.79,1609.09,21.9,18.03,0,394.84
165,536,2776.13,1404.56,21.51,15.6,0,335.55
4,536,2915.49,1671.78,22.05,24.13,0,532.16
200,536,1513.71,1610.88,20.99,17.3,0,363.29
165,537,2775.83,1404.01,21.35,15.63,0,333.67
4,537,2915.69,1673.15,22.41,24.92,0,558.29
200,537,1513.65,1611.85,20.0,16.4,0,327.94
165,538,2775.4,1403.87,20.82,15.34,0,319.3
4,538,2915.75,1674.4,21.65,24.39,0,528.16
200,538,1513.36,1612.29,19.55,15.84,0,309.79
165,539,2774.99,1403.98,20.48,15.12,0,309.6
4,539,2915.93,1675.69,21.08,24.06,0,507.14
200,539,1511.19,1612.34,19.61,15.81,0,310.0
165,540,2774.9,1404.02,20.49,15.21,0,311.74
4,540,2915.95,1677.31,21.33,24.7,0,526.73
200,540,1510.38,1612.22,19.92,16.04,0,319.64
165,541,2774.91,1403.78,20.86,15.66,0,326.62
4,541,2916.01,1679.01,21.43,25.18,0,539.51
200,541,1509.96,1612.44,19.43,15.57,0,302.54
165,542,2774.53,1403.68,21.35,16.22,0,346.43
4,542,2916.05,1680.62,21.48,25.6,0,549.84
200,542,1509.9,1612.85,18.58,14.71,0,273.29
165,543,2773.65,1403.54,19.8,15.02,0,297.39
4,543,2916.17,1682.3,21.22,25.53,0,541.73
200,543,1509.81,1613.71,17.95,14.01,0,251.51
165,544,2772.92,1403.39,19.98,15.16,0,302.97
4,544,2916.27,1683.58,20.37,24.67,0,502.6
200,544,1509.71,1614.99,18.42,14.3,0,263.37
213,544,2561.93,1227.38,28.87,20.29,0,585.98
165,545,2772.5,1403.56,20.04,15.28,0,306.1
4,545,2916.24,1685.34,20.69,25.45,0,526.53
200,545,1509.57,1616.26,18.37,14.17,0,260.33
165,546,2772.31,1403.89,20.05,15.36,0,307.93
4,546,2916.17,1687.25,20.7,25.8,0,534.09
200,546,1509.45,1616.95,18.23,14.0,0,255.15
165,547,2772.04,1404.42,19.5,14.89,0,290.42
4,547,2916.11,1688.98,20.19,25.42,0,513.24
200,547,1509.54,1617.13,18.57,14.2,0,263.68
213,547,2571.04,1227.61,28.59,20.08,0,574.05
165,548,2771.38,1404.8,19.5,14.79,0,288.51
4,548,2916.08,1691.01,19.93,25.22,0,502.7
200,548,1509.28,1617.72,18.9,14.5,0,273.99
213,548,2573.9,1228.47,28.94,20.33,0,588.37
165,549,2771.07,1404.1,19.91,15.06,0,299.7
4,549,2916.66,1692.39,20.07,25.55,0,512.83
200,549,1509.69,1618.46,18.57,14.11,0,262.03
213,549,2577.23,1229.75,27.93,19.62,0,547.9
165,550,2770.83,1403.63,20.4,15.4,0,314.19
4,550,2916.93,1694.05,20.64,26.58,0,548.63
200,550,1510.02,1619.48,18.36,13.76,0,252.71
165,551,2770.31,1403.03,20.48,15.42,0,315.68
4,551,2917.14,1695.42,19.9,25.81,0,513.52
200,551,1510.13,1620.32,18.57,13.77,0,255.7
213,551,2583.92,1228.33,28.46,20.0,0,569.29
165,552,2770.05,1402.83,20.21,15.12,0,305.64
4,552,2917.54,1696.71,19.5,25.43,0,495.79
200,552,1510.19,1620.72,18.95,13.95,0,264.39
165,553,2769.98,1402.86,20.44,15.2,0,310.65
4,553,2917.92,1698.21,18.94,24.75,0,468.74
200,553,1512.42,1620.66,18.83,13.69,0,257.82
213,553,2590.43,1227.66,28.79,20.21,0,581.77
165,554,2769.61,1402.7,20.8,15.46,0,321.69
4,554,2918.48,1699.06,18.83,24.48,0,460.94
200,554,1513.4,1620.46,19.12,13.83,0,264.39
165,555,2769.09,1402.63,20.48,15.17,0,310.62
4,555,2918.89,1700.16,19.52,25.46,0,496.97
200,555,1513.68,1620.59,19.75,14.24,0,281.3
165,556,2767.95,1402.22,20.84,15.35,0,319.85
4,556,2919.01,1701.37,19.01,24.88,0,472.9
200,556,1513.74,1621.06,19.95,14.33,0,285.8
165,557,2765.98,1401.74,20.68,15.15,0,313.42
4,557,2918.85,1703.63,18.96,24.86,0,471.46
200,557,1513.98,1621.93,20.07,14.42,0,289.35
165,558,2764.93,1401.29,21.01,15.35,0,322.47
4,558,2918.86,1705.23,18.88,24.54,0,463.24
200,558,1513.33,1623.75,20.48,15.0,0,307.06
165,559,2764.34,1401.96,21.69,15.87,0,344.18
4,559,2919.47,1706.69,18.58,24.01,0,446.15
200,559,1513.11,1624.75,20.09,14.82,0,297.79
165,560,2763.15,1402.54,21.43,15.66,0,335.54
4,560,2919.62,1708.12,18.7,24.13,0,451.24
200,560,1512.58,1625.29,19.74,14.66,0,289.26
213,560,2608.88,1226.62,29.35,20.55,0,603.3
165,561,2762.09,1403.18,21.13,15.36,0,324.51
4,561,2920.0,1710.41,18.62,24.04,0,447.63
200,561,1512.59,1625.57,19.14,14.31,0,273.93
165,562,2761.13,1403.04,21.47,15.56,0,333.95
4,562,2920.75,1711.91,19.0,24.59,0,467.23
200,562,1513.03,1625.53,19.0,14.35,0,272.55
165,563,2759.74,1402.6,22.27,16.12,0,359.08
4,563,2921.93,1713.17,19.27,24.9,0,479.88
200,563,1513.53,1626.03,19.06,14.56,0,277.65
213,563,2617.67,1225.65,29.98,21.17,0,634.43
165,564,2759.04,1402.06,22.28,16.13,0,359.21
4,564,2922.7,1713.96,18.98,24.4,0,463.08
200,564,1514.03,1626.63,19.25,14.92,0,287.31
165,565,2758.42,1401.74,22.48,16.31,0,366.66
4,565,2923.4,1714.73,19.33,24.75,0,478.48
200,565,1514.69,1626.72,19.36,15.21,0,294.44
165,566,2757.72,1401.79,22.43,16.34,0,366.45
4,566,2924.54,1716.32,19.36,24.72,0,478.75
200,566,1514.93,1626.95,19.5,15.54,0,302.97
213,566,2625.52,1222.78,29.18,20.78,0,606.51
165,567,2757.39,1401.88,22.57,16.59,0,374.5
4,567,2925.9,1718.16,18.53,23.27,0,431.16
200,567,1515.04,1627.47,19.09,15.37,0,293.36
165,568,2757.35,1402.08,22.63,16.82,0,380.69
4,568,2928.37,1719.41,18.78,23.23,0,436.44
200,568,1515.54,1627.81,18.74,15.18,0,284.47
165,569,2757.08,1402.46,22.53,16.88,0,380.4
4,569,2929.7,1721.3,19.03,23.28,0,442.96
200,569,1516.22,1628.33,18.01,14.68,0,264.39
213,569,2635.91,1221.28,27.1,19.07,0,516.82
165,570,2757.0,1402.85,22.95,17.4,0,399.16
4,570,2931.41,1722.85,18.98,22.83,0,433.26
200,570,1517.14,1628.58,17.62,14.39,0,253.57
165,571,2757.04,1403.32,23.0,17.7,0,407.05
4,571,2934.14,1724.28,19.33,22.99,0,444.57
200,571,1517.65,1629.38,17.38,14.24,0,247.52
165,572,2756.92,1403.77,22.5,17.55,0,394.92
4,572,2936.15,1726.27,19.12,22.4,0,428.21
200,572,1517.89,1630.81,17.35,14.24,0,247.18
213,572,2646.33,1220.37,27.08,19.09,0,516.97
165,573,2756.9,1404.41,22.16,17.5,0,387.83
4,573,2937.9,1728.49,19.4,22.4,0,434.58
200,573,1518.03,1631.65,16.61,13.59,0,225.73
213,573,2649.71,1220.14,28.6,20.04,0,573.29
165,574,2756.29,1405.47,21.79,17.42,0,379.51
4,574,2939.74,1730.52,18.81,21.31,0,400.71
200,574,1518.08,1632.75,17.28,14.28,0,246.83
165,575,2755.53,1407.43,21.89,17.81,0,389.77
4,575,2941.17,1732.98,18.88,20.89,0,394.5
200,575,1517.78,1633.86,16.66,13.79,0,229.75
165,576,2755.32,1409.32,21.79,18.09,0,394.28
4,576,2943.59,1735.29,19.53,21.26,0,415.32
200,576,1517.41,1635.03,16.99,14.17,0,240.65
213,576,2659.18,1220.34,28.99,20.3,0,588.52
165,577,2755.02,1411.0,21.11,17.85,0,376.78
4,577,2945.67,1737.78,19.82,21.17,0,419.67
200,577,1517.13,1636.38,16.88,14.2,0,239.75
213,577,2661.67,1220.62,27.75,19.29,0,535.37
165,578,2754.49,1412.08,20.84,17.92,0,373.57
4,578,2947.79,1740.35,19.56,20.47,0,400.37
200,578,1517.66,1637.85,16.8,14.18,0,238.25
213,578,2664.46,1220.8,27.62,19.1,0,527.42
165,579,2753.68,1413.32,21.38,18.78,0,401.38
4,579,2949.77,1743.17,19.81,20.39,0,403.92
200,579,1517.52,1639.72,16.26,13.72,0,223.04
213,579,2667.46,1220.58,29.22,20.32,0,593.72
165,580,2753.26,1416.34,22.32,20.19,0,450.67
4,580,2951.62,1745.37,19.72,19.79,0,390.28
200,580,1517.56,1641.28,16.71,14.16,0,236.69
165,581,2753.63,1418.08,21.22,19.56,0,415.01
4,581,2953.7,1747.7,20.4,19.91,0,406.11
200,581,1517.56,1642.81,15.88,13.41,0,212.92
213,581,2673.79,1221.4,28.31,19.68,0,557.12
165,582,2754.01,1419.71,20.84,19.6,0,408.45
4,582,2956.33,1750.16,21.15,20.33,0,430.02
200,582,1517.79,1644.46,16.78,14.22,0,238.61
213,582,2677.15,1221.59,28.04,19.48,0,546.27
165,583,2754.19,1421.49,20.36,19.51,0,397.17
4,583,2959.11,1753.0,21.98,20.94,0,460.32
200,583,1517.87,1645.95,16.76,14.23,0,238.39
213,583,2679.89,1220.99,29.22,20.35,0,594.62
165,584,2754.2,1423.1,20.09,19.62,0,394.08
4,584,2961.52,1754.49,21.56,20.22,0,435.86
200,584,1517.88,1646.62,16.86,14.33,0,241.59
165,585,2754.29,1423.9,19.54,19.41,0,379.31
4,585,2963.92,1755.29,21.35,19.62,0,419.0
200,585,1518.05,1647.45,16.72,14.19,0,237.19
165,586,2754.22,1424.27,19.26,19.43,0,374.15
4,586,2966.2,1756.89,21.59,19.47,0,420.3
200,586,1517.86,1648.11,16.93,14.38,0,243.38
165,587,2754.29,1425.31,19.46,19.98,0,388.79
4,587,2969.16,1758.25,21.49,18.97,0,407.74
200,587,1517.35,1648.6,17.13,14.62,0,250.51
213,587,2692.17,1219.08,29.25,20.37,0,595.76
165,588,2754.37,1427.29,19.25,20.09,0,386.84
4,588,2971.25,1759.43,21.6,18.67,0,403.36
200,588,1516.58,1649.37,17.23,14.74,0,253.87
165,589,2754.76,1429.4,19.24,20.35,0,391.58
4,589,2973.32,1760.95,21.99,18.72,0,411.68
200,589,1516.33,1650.32,17.27,14.81,0,255.74
213,589,2696.9,1218.25,28.36,19.73,0,559.63
165,590,2754.8,1430.85,19.28,20.66,0,398.25
4,590,2975.43,1761.76,22.29,18.66,0,415.83
200,590,1515.86,1651.39,17.65,15.19,0,268.14
213,590,2700.85,1218.36,29.12,20.26,0,590.0
165,591,2754.64,1432.28,19.23,20.93,0,402.45
4,591,2977.71,1763.33,23.05,19.0,0,438.04
165,592,2754.61,1433.4,18.61,20.54,0,382.13
4,592,2980.71,1764.89,22.87,18.56,0,424.38
200,592,1515.49,1652.7,19.08,16.6,0,316.73
213,592,2705.96,1217.94,29.58,20.61,0,609.73
165,593,2755.24,1434.62,18.49,20.66,0,381.98
213,593,2708.83,1217.24,28.02,19.43,0,544.47
165,594,2756.01,1436.63,17.88,20.16,0,360.55
4,594,2986.55,1766.61,23.94,19.2,0,459.78
165,595,2757.35,1438.98,17.8,20.27,0,360.69
4,595,2989.4,1767.79,23.8,18.98,0,451.69
213,595,2715.5,1216.72,30.08,20.92,0,629.2
165,596,2758.56,1440.64,17.92,20.59,0,368.91
4,596,2993.01,1768.32,24.22,19.09,0,462.33
165,597,2759.61,1442.15,17.49,20.32,0,355.33
4,597,2996.37,1769.37,24.44,19.08,0,466.27
165,598,2760.67,1443.28,17.46,20.4,0,356.18
4,598,2999.59,1770.57,24.93,19.25,0,480.0
200,598,1514.89,1660.57,17.22,14.8,0,254.73
213,598,2726.2,1215.86,29.58,20.56,0,608.21
165,599,2762.16,1444.9,17.37,20.47,0,355.57
4,599,3003.03,1771.12,24.65,18.89,0,465.54
200,599,1514.78,1662.01,17.1,14.51,0,248.2
165,600,2764.01,1446.79,17.22,20.58,0,354.3
4,600,3006.24,1772.18,25.4,19.39,0,492.4
213,600,2733.09,1213.46,27.71,19.17,0,531.02
165,601,2765.78,1449.31,16.98,20.46,0,347.39
4,601,3009.65,1773.46,24.73,18.7,0,462.34
213,601,2737.07,1212.69,30.32,21.2,0,642.9
200,601,1514.71,1663.73,17.46,14.69,0,256.53
165,602,2767.75,1451.32,16.4,19.77,0,324.09
4,602,3013.65,1774.24,25.86,19.61,0,507.02
165,603,2769.1,1452.8,16.27,19.65,0,319.72
4,603,3017.19,1774.65,26.64,20.22,0,538.65
165,604,2770.3,1454.54,16.18,19.63,0,317.55
4,604,3020.44,1775.03,27.48,20.99,0,576.78
213,604,2747.37,1211.65,29.65,20.89,0,619.44
165,605,2772.24,1456.92,16.4,19.98,0,327.56
4,605,3023.99,1777.19,27.01,20.67,0,558.46
165,606,2773.99,1459.38,16.28,19.84,0,322.95
4,606,3027.07,1778.37,26.24,20.07,0,526.58
200,606,1512.19,1672.11,18.15,15.32,0,278.04
213,606,2753.93,1211.63,27.35,19.15,0,523.82
165,607,2776.29,1461.65,16.29,19.81,0,322.67
4,607,3030.98,1779.22,25.9,19.8,0,512.81
200,607,1511.44,1673.56,17.8,14.88,0,264.91
213,607,2756.77,1210.95,28.58,20.05,0,573.04
165,608,2778.58,1463.05,17.1,21.02,0,359.37
4,608,3034.95,1780.08,26.3,20.06,0,527.52
213,608,2761.27,1210.59,28.73,20.21,0,580.52
165,609,2780.59,1465.57,17.01,20.78,0,353.57
4,609,3038.67,1780.3,25.63,19.51,0,500.01
213,609,2764.52,1210.84,27.96,19.6,0,547.91
200,609,1511.07,1675.8,17.42,14.5,0,252.64
165,610,2781.95,1467.8,16.95,20.31,0,344.23
4,610,3042.67,1780.8,26.12,20.01,0,522.77
200,610,1510.57,1677.15,17.63,14.57,0,256.76
165,611,2785.22,1469.59,16.93,19.9,0,337.0
4,611,3045.5,1781.53,27.57,21.24,0,585.75
200,611,1509.88,1678.81,17.49,14.4,0,251.91
213,611,2771.56,1209.04,28.32,19.83,0,561.56
165,612,2787.01,1471.39,17.17,20.1,0,345.19
4,612,3048.98,1782.36,26.48,20.43,0,540.79
200,612,1509.47,1680.55,17.75,14.61,0,259.26
165,613,2789.03,1473.67,17.37,20.42,0,354.74
4,613,3052.54,1782.59,26.16,20.28,0,530.57
200,613,1509.08,1682.07,17.79,14.66,0,260.76
213,613,2777.82,1207.93,29.33,20.55,0,602.78
165,614,2791.37,1475.74,17.47,20.65,0,360.75
4,614,3056.36,1782.71,27.08,21.11,0,571.63
200,614,1508.54,1683.4,18.04,14.88,0,268.45
165,615,2793.95,1477.58,17.19,20.37,0,350.06
4,615,3059.72,1782.79,27.6,21.69,0,598.63
200,615,1508.52,1684.19,18.0,14.88,0,267.83
165,616,2796.03,1479.13,16.68,19.77,0,329.81
4,616,3062.96,1782.86,26.81,21.17,0,567.5
200,616,1508.5,1685.11,17.75,14.72,0,261.38
165,617,2798.19,1481.27,16.82,19.88,0,334.52
4,617,3066.49,1782.57,27.74,22.23,0,616.88
200,617,1508.14,1686.26,17.2,14.2,0,244.11
213,617,2791.16,1205.83,29.63,20.89,0,618.92
165,618,2800.87,1483.26,16.97,20.11,0,341.17
4,618,3069.8,1781.92,28.25,22.92,0,647.4
200,618,1508.08,1687.55,18.47,15.33,0,283.15
213,618,2795.32,1204.39,28.07,19.77,0,555.02
165,619,2802.97,1484.66,17.05,20.26,0,345.35
4,619,3073.23,1781.48,27.57,22.66,0,624.62
200,619,1507.99,1688.44,17.89,14.84,0,265.53
165,620,2804.74,1486.0,16.71,19.8,0,330.82
4,620,3076.11,1781.07,27.54,22.98,0,632.81
200,620,1507.51,1689.62,17.84,14.86,0,265.08
213,620,2801.98,1202.01,30.98,21.94,0,679.76
165,621,2806.52,1487.5,16.47,19.43,0,320.13
4,621,3078.73,1780.71,27.43,23.22,0,636.75
200,621,1507.02,1690.63,18.46,15.49,0,285.96
165,622,2808.98,1489.68,16.92,19.98,0,337.95
4,622,3081.66,1780.64,26.88,23.14,0,622.06
200,622,1506.21,1691.79,18.26,15.38,0,280.89
165,623,2811.35,1492.06,17.24,20.33,0,350.54
4,623,3084.94,1780.07,27.23,23.87,0,650.14
200,623,1505.65,1693.26,18.11,15.29,0,276.91
213,623,2811.15,1198.72,32.11,23.05,0,740.02
165,624,2813.36,1494.16,16.83,19.84,0,334.05
4,624,3087.63,1779.14,26.29,23.45,0,616.49
200,624,1505.34,1693.91,18.06,15.31,0,276.6
165,625,2815.33,1495.56,16.59,19.53,0,323.97
4,625,3090.01,1778.18,25.08,22.7,0,569.33
200,625,1504.8,1695.5,17.55,14.92,0,261.7
213,625,2816.54,1197.86,28.96,20.72,0,599.94
165,626,2817.24,1497.48,16.69,19.52,0,325.84
4,626,3092.95,1778.02,25.55,23.52,0,600.79
200,626,1503.86,1697.32,17.58,14.83,0,260.69
213,626,2820.33,1196.87,28.84,20.84,0,601.12
165,627,2819.18,1499.11,16.7,19.43,0,324.5
4,627,3095.8,1776.98,26.06,24.59,0,640.76
200,627,1503.18,1698.73,17.67,14.91,0,263.6
213,627,2823.19,1195.85,29.08,21.14,0,614.97
165,628,2821.89,1501.14,16.89,19.62,0,331.41
4,628,3098.59,1776.28,25.73,24.73,0,636.28
200,628,1503.16,1699.76,18.05,15.27,0,275.59
165,629,2824.6,1502.87,17.03,19.62,0,334.17
4,629,3101.96,1775.36,25.53,24.98,0,637.74
200,629,1503.21,1700.24,18.32,15.54,0,284.62
165,630,2826.67,1504.65,17.23,19.73,0,339.96
4,630,3104.78,1774.36,25.72,25.69,0,660.57
200,630,1502.98,1700.95,19.57,16.77,0,328.17
165,631,2828.89,1506.56,17.3,19.73,0,341.36
4,631,3106.9,1773.58,25.25,25.73,0,649.64
200,631,1502.26,1701.46,20.41,17.77,0,362.61
213,631,2835.6,1191.6,28.57,20.89,0,596.81
165,632,2830.48,1508.34,17.28,19.3,0,333.53
4,632,3108.95,1772.92,24.59,25.49,0,626.8
200,632,1501.81,1702.01,21.28,18.93,0,402.71
165,633,2833.44,1509.65,17.29,18.95,0,327.69
4,633,3111.66,1771.57,23.78,25.15,0,598.05
200,633,1500.93,1705.5,20.65,18.56,0,383.18
165,634,2835.29,1510.77,18.41,20.21,0,371.98
4,634,3114.32,1770.34,23.93,25.78,0,617.11
200,634,1499.95,1707.52,19.01,17.06,0,324.24
165,635,2837.8,1513.55,18.2,19.93,0,362.76
4,635,3116.72,1769.71,23.59,25.74,0,607.01
200,635,1499.43,1708.64,17.66,15.75,0,278.17
165,636,2840.55,1515.67,17.77,19.18,0,340.71
4,636,3118.61,1768.69,23.02,25.41,0,584.94
200,636,1498.72,1709.63,16.26,14.32,0,232.99
213,636,2850.37,1186.15,27.19,20.11,0,546.72
165,637,2843.11,1517.59,17.51,18.6,0,325.72
4,637,3121.5,1767.02,22.57,25.1,0,566.53
200,637,1498.17,1710.52,16.46,14.34,0,236.0
213,637,2853.34,1184.01,29.62,22.09,0,654.41
165,638,2845.32,1518.98,16.88,17.45,0,294.54
4,638,3123.15,1766.47,22.13,24.93,0,551.76
200,638,1497.59,1711.68,16.98,14.66,0,249.04
165,639,2848.04,1520.73,17.03,17.21,0,293.19
200,639,1497.0,1713.16,17.16,14.68,0,251.78
165,640,2850.93,1522.53,17.17,16.95,0,291.18
200,640,1496.61,1714.97,16.71,14.15,0,236.47
165,641,2853.71,1524.54,16.97,16.4,0,278.29
200,641,1496.11,1716.59,16.9,14.25,0,240.85
213,641,2864.67,1180.01,28.8,21.52,0,619.88
4,641,3129.37,1762.08,23.12,26.4,0,610.4
165,642,2856.65,1526.27,17.1,15.99,0,273.49
200,642,1495.59,1717.82,17.36,14.51,0,251.84
4,642,3131.29,1760.45,22.36,25.64,0,573.27
165,643,2858.79,1528.06,17.27,15.75,0,272.01
200,643,1494.96,1719.37,17.36,14.38,0,249.59
4,643,3134.16,1757.9,22.21,25.62,0,569.11
165,644,2861.72,1529.77,17.27,15.4,0,265.91
200,644,1495.25,1720.54,16.71,13.72,0,229.25
4,644,3136.42,1757.36,22.59,26.26,0,593.32
165,645,2864.63,1531.06,17.66,15.41,0,272.15
200,645,1495.88,1721.48,16.41,13.33,0,218.82
4,645,3137.18,1756.41,21.31,24.76,0,527.54
213,645,2876.4,1176.91,29.39,22.2,0,652.5
165,646,2866.69,1532.13,17.87,15.26,0,272.65
200,646,1495.71,1722.44,17.18,13.88,0,238.37
4,646,3138.38,1754.9,20.31,23.49,0,477.11
165,647,2868.56,1532.8,19.04,16.11,0,306.76
200,647,1495.45,1723.4,18.01,14.49,0,260.94
4,647,3138.89,1753.77,20.73,23.93,0,496.09
165,648,2871.08,1533.53,20.69,17.46,0,361.17
200,648,1494.83,1724.07,18.76,15.19,0,285.03
4,648,3139.71,1752.56,20.7,23.86,0,493.92
165,649,2873.79,1533.83,21.42,18.08,0,387.35
200,649,1494.45,1724.93,20.35,16.74,0,340.52
4,649,3140.75,1750.14,20.21,23.46,0,474.18
213,649,2885.83,1171.7,30.17,22.87,0,689.86
165,650,2876.94,1534.1,22.18,18.74,0,415.77
200,650,1494.71,1724.6,19.48,16.05,0,312.66
4,650,3141.91,1747.81,19.53,22.67,0,442.82
165,651,2879.36,1534.22,22.61,19.11,0,432.18
200,651,1494.92,1724.41,19.11,15.8,0,301.97
4,651,3142.49,1745.67,19.41,22.45,0,435.72
165,652,2882.12,1534.52,23.35,19.84,0,463.38
200,652,1495.28,1724.41,19.09,15.91,0,303.86
4,652,3142.99,1743.86,19.79,22.78,0,450.96
250,652,2881.61,1538.05,22.43,19.89,0,446.12
165,653,2884.75,1534.7,23.75,20.32,0,482.5
200,653,1495.84,1724.65,19.51,16.47,0,321.41
4,653,3145.09,1741.8,20.37,23.4,0,476.56
250,653,2884.16,1538.28,21.93,19.45,0,426.54
200,654,1495.69,1724.77,19.61,16.79,0,329.19
4,654,3145.09,1739.12,19.19,22.02,0,422.51
200,655,1495.79,1724.89,19.72,17.1,0,337.21
4,655,3145.68,1735.95,17.47,19.74,0,344.89
213,655,2901.91,1161.93,29.53,22.36,0,660.18
165,655,2891.68,1537.55,20.07,16.65,0,334.06
200,656,1495.8,1725.2,20.11,17.79,0,357.73
4,656,3146.89,1735.12,18.92,21.28,0,402.61
213,656,2904.71,1161.21,29.2,22.41,0,654.5
165,656,2893.87,1537.96,18.76,15.26,0,286.32
200,657,1496.05,1725.65,20.67,18.74,0,387.52
4,657,3147.45,1734.81,19.9,22.26,0,442.96
165,657,2896.35,1539.1,18.41,14.67,0,270.17
165,658,2898.92,1539.81,18.85,14.79,0,278.78
165,659,2901.85,1540.06,19.23,14.96,0,287.67
213,659,2912.53,1157.1,28.76,21.88,0,629.11
4,659,3148.79,1731.04,19.31,21.38,0,412.83
165,660,2904.76,1540.18,19.5,15.08,0,294.19
213,660,2914.92,1155.85,28.81,22.11,0,636.99
4,660,3149.19,1729.38,20.23,22.44,0,453.89
4,661,3150.05,1727.44,19.72,21.81,0,430.05
4,662,3150.49,1725.41,19.7,21.69,0,427.37
4,663,3150.92,1723.24,19.51,21.3,0,415.49
213,663,2922.03,1151.17,29.1,22.41,0,652.22
4,664,3150.54,1721.43,19.91,21.57,0,429.55
213,664,2924.33,1149.55,29.07,22.52,0,654.78
200,664,1496.44,1725.62,20.13,18.71,0,376.67
4,665,3150.1,1719.6,20.35,21.91,0,445.82
213,665,2926.96,1148.38,27.83,21.48,0,597.9
200,665,1496.55,1725.29,19.27,18.26,0,351.85
4,666,3150.21,1717.68,20.73,22.23,0,460.87
213,666,2929.04,1147.06,29.68,22.98,0,682.08
4,667,3150.26,1715.68,20.15,21.29,0,428.95
213,667,2930.95,1145.58,28.3,21.79,0,616.56
200,667,1497.51,1724.44,17.49,16.6,0,290.28
4,668,3150.68,1713.26,20.24,21.09,0,426.92
213,668,2933.71,1143.95,27.93,21.55,0,601.87
200,668,1498.18,1724.21,16.95,16.25,0,275.53
165,668,2925.81,1539.46,22.38,17.54,0,392.51
4,669,3150.9,1710.97,20.31,20.9,0,424.48
200,669,1498.76,1724.23,16.92,16.31,0,275.98
165,669,2928.65,1539.51,22.27,17.39,0,387.29
4,670,3150.39,1709.12,20.38,20.55,0,418.84
200,670,1498.9,1724.07,16.61,16.02,0,266.02
165,670,2930.83,1539.59,21.96,17.21,0,377.89
4,671,3149.69,1707.08,20.35,20.25,0,412.17
200,671,1499.01,1723.52,15.72,14.95,0,234.98
165,671,2933.57,1539.34,22.26,17.64,0,392.7
4,672,3149.82,1705.54,20.81,20.41,0,424.82
200,672,1499.2,1722.77,14.95,13.91,0,207.94
165,672,2936.75,1539.13,22.41,18.03,0,403.98
213,672,2943.47,1137.46,29.11,22.39,0,651.84
4,673,3149.66,1702.99,21.56,20.98,0,452.33
200,673,1499.4,1722.22,14.56,13.2,0,192.2
165,673,2940.15,1537.58,20.85,16.41,0,342.28
213,673,2946.36,1135.01,29.66,22.78,0,675.55
4,674,3149.57,1701.49,21.15,20.24,0,428.05
200,674,1499.76,1721.95,14.84,13.19,0,195.64
165,674,2942.44,1536.74,20.2,15.84,0,319.99
213,674,2948.69,1133.73,28.75,22.27,0,640.39
4,675,3149.04,1699.55,20.94,19.56,0,409.69
200,675,1500.07,1721.66,15.83,13.9,0,220.01
165,675,2945.15,1536.36,20.46,16.11,0,329.7
213,675,2950.66,1132.6,29.29,22.79,0,667.74
4,676,3148.56,1697.98,20.79,18.97,0,394.4
200,676,1500.14,1720.92,16.19,14.02,0,227.06
165,676,2948.04,1535.67,20.71,16.41,0,339.7
213,676,2953.39,1130.75,29.04,22.68,0,658.69
4,677,3147.92,1696.06,20.78,18.66,0,387.63
200,677,1499.81,1719.95,15.38,13.1,0,201.52
165,677,2950.3,1535.31,21.29,17.0,0,361.94
213,677,2955.1,1129.75,27.56,21.52,0,592.97
4,678,3147.68,1694.13,20.7,18.23,0,377.37
200,678,1499.59,1719.29,15.73,13.24,0,208.35
165,678,2953.52,1534.93,21.11,16.93,0,357.49
213,678,2958.12,1127.78,29.32,23.15,0,678.88
4,679,3147.0,1692.59,20.97,18.12,0,380.04
200,679,1499.5,1718.5,15.81,13.16,0,208.08
165,679,2957.12,1534.54,20.72,16.7,0,345.97
213,679,2961.07,1125.93,29.34,23.24,0,681.73
200,680,1499.57,1717.64,16.49,13.66,0,225.14
165,680,2960.41,1534.09,20.68,16.71,0,345.6
213,680,2963.99,1124.5,28.76,23.02,0,662.18
200,681,1499.57,1716.63,16.54,13.62,0,225.27
165,681,2963.23,1533.25,21.54,17.57,0,378.47
213,681,2966.02,1122.71,28.98,23.29,0,674.79
200,682,1499.7,1716.06,16.65,13.61,0,226.58
165,682,2965.77,1532.08,21.19,17.37,0,368.24
213,682,2968.82,1120.55,28.92,23.31,0,674.08
4,682,3145.98,1688.18,20.8,17.67,0,367.67
200,683,1499.59,1715.31,16.97,13.85,0,234.97
165,683,2968.4,1531.21,20.75,17.02,0,353.14
213,683,2971.85,1119.15,29.76,24.3,0,723.16
4,683,3145.67,1687.01,21.77,18.14,0,394.84
200,684,1499.58,1713.98,17.17,13.99,0,240.27
165,684,2971.52,1530.68,20.66,16.95,0,350.32
4,684,3145.13,1685.25,22.43,18.39,0,412.47
200,685,1499.24,1712.91,16.94,13.8,0,233.82
165,685,2974.14,1530.38,20.78,17.12,0,355.71
4,685,3144.22,1683.55,22.71,18.29,0,415.39
213,685,2976.75,1115.74,30.9,25.55,0,789.63
200,686,1498.7,1712.03,17.1,13.9,0,237.7
165,686,2977.41,1529.78,21.14,17.46,0,369.08
4,686,3143.28,1682.21,22.5,17.76,0,399.64
213,686,2979.03,1113.83,28.69,23.9,0,685.79
200,687,1498.14,1711.01,17.07,13.87,0,236.76
165,687,2980.11,1528.71,20.65,17.1,0,353.07
4,687,3142.33,1680.85,22.21,17.32,0,384.75
165,688,2982.81,1527.37,20.49,17.02,0,348.57
4,688,3141.91,1679.93,23.18,17.96,0,416.24
213,688,2984.1,1110.52,29.9,25.23,0,754.47
165,689,2985.27,1526.23,20.03,16.69,0,334.28
4,689,3141.04,1679.51,23.4,17.97,0,420.42
200,689,1497.66,1709.35,17.39,14.11,0,245.35
165,690,2988.04,1525.5,20.01,16.73,0,334.67
4,690,3140.04,1678.18,22.77,17.24,0,392.59
213,690,2988.5,1107.36,27.32,23.2,0,633.9
165,691,2990.89,1524.92,19.5,16.31,0,318.02
4,691,3138.77,1676.97,22.98,17.19,0,394.83
213,691,2991.1,1105.75,27.62,23.55,0,650.39
165,692,2993.51,1524.33,19.89,16.61,0,330.41
4,692,3137.17,1676.51,23.35,17.31,0,404.06
213,692,2993.47,1104.18,28.04,24.23,0,679.55
165,693,2996.0,1523.33,20.38,17.14,0,349.38
4,693,3136.24,1675.5,23.99,17.67,0,424.0
213,693,2996.21,1102.1,27.37,23.87,0,653.33
165,694,2998.21,1522.54,19.93,16.74,0,333.66
4,694,3135.25,1674.78,23.97,17.59,0,421.72
213,694,2998.89,1100.1,28.53,24.97,0,712.41
165,695,3001.35,1521.86,19.84,16.57,0,328.82
4,695,3134.26,1674.94,24.39,17.88,0,436.18
213,695,3001.28,1098.78,28.75,25.58,0,735.25
165,696,3003.8,1521.56,19.91,16.59,0,330.39
4,696,3133.51,1674.52,23.84,17.29,0,412.07
213,696,3003.17,1097.72,29.17,26.21,0,764.33
165,697,3006.24,1521.18,19.79,16.49,0,326.46
4,697,3132.29,1673.78,23.56,16.95,0,399.36
213,697,3005.98,1095.33,28.78,26.19,0,753.84
165,698,3008.81,1520.89,19.95,16.68,0,332.72
4,698,3131.73,1673.59,24.24,17.4,0,421.84
213,698,3008.34,1093.98,27.54,25.2,0,694.18
165,699,3011.56,1520.62,20.09,16.86,0,338.84
4,699,3131.12,1674.19,25.05,17.97,0,450.13
213,699,3011.26,1092.17,28.38,26.32,0,746.88
165,700,3014.53,1520.13,20.24,16.99,0,343.91
4,700,3130.31,1674.27,25.01,17.86,0,446.7
213,700,3013.49,1090.3,28.91,27.07,0,782.62
165,701,3017.81,1520.08,20.53,17.35,0,356.25
4,701,3129.56,1674.32,24.48,17.45,0,427.23
213,701,3016.4,1088.57,26.81,25.3,0,678.29
165,702,3021.08,1520.24,20.54,17.47,0,358.76
4,702,3129.16,1674.33,24.9,17.73,0,441.31
213,702,3019.57,1087.33,27.7,26.48,0,733.48
165,703,3024.97,1519.56,21.23,18.12,0,384.6
4,703,3128.69,1674.62,24.96,17.81,0,444.5
213,703,3023.62,1084.86,27.92,26.95,0,752.56
165,704,3027.87,1518.22,21.02,18.14,0,381.35
4,704,3128.79,1674.41,25.12,17.93,0,450.31
213,704,3025.88,1083.28,26.33,25.59,0,673.72
165,705,3030.81,1517.4,21.18,18.53,0,392.58
4,705,3128.35,1674.61,25.02,17.89,0,447.59
213,705,3029.1,1081.59,27.17,26.55,0,721.4
165,706,3033.67,1516.84,21.21,18.88,0,400.45
4,706,3128.02,1674.6,25.33,18.16,0,460.05
213,706,3032.42,1079.35,26.7,26.34,0,703.32
165,707,3037.46,1516.31,20.51,18.6,0,381.66
4,707,3127.45,1675.01,25.56,18.3,0,467.67
213,707,3034.88,1077.45,27.39,27.27,0,747.06
165,708,3040.84,1515.64,20.32,18.77,0,381.45
4,708,3126.81,1674.92,24.38,17.45,0,425.6
213,708,3037.41,1075.52,26.87,27.0,0,725.39
165,709,3043.77,1514.74,20.19,19.09,0,385.53
4,709,3126.32,1675.01,25.36,18.25,0,462.89
213,709,3040.47,1073.11,27.32,27.66,0,755.61
165,710,3045.56,1514.01,20.62,19.8,0,408.37
4,710,3124.88,1675.83,25.9,18.78,0,486.21
213,710,3043.19,1071.59,26.8,27.43,0,735.2
165,711,3046.64,1513.42,21.34,20.74,0,442.46
4,711,3123.96,1676.49,26.02,18.96,0,493.31
213,711,3044.73,1070.11,25.74,26.41,0,679.75
165,712,3049.79,1511.03,20.93,20.41,0,427.19
4,712,3122.21,1676.81,25.49,18.68,0,476.09
213,712,3046.99,1068.44,25.29,26.09,0,659.72
165,713,3051.63,1510.08,20.46,20.21,0,413.39
4,713,3120.99,1677.2,25.72,18.99,0,488.26
213,713,3048.11,1066.51,26.67,27.66,0,737.62
165,714,3052.83,1509.73,19.93,20.09,0,400.48
4,714,3119.49,1677.23,25.07,18.64,0,467.29
213,714,3050.28,1064.36,26.22,27.58,0,723.29
165,715,3054.19,1509.24,18.76,19.27,0,361.34
4,715,3117.87,1677.51,25.5,19.14,0,487.88
213,715,3051.37,1063.06,25.53,26.87,0,686.11
165,716,3055.4,1508.09,17.93,18.7,0,335.44
4,716,3116.12,1677.68,25.5,19.39,0,494.3
213,716,3053.5,1061.19,25.47,27.02,0,688.11
165,717,3056.29,1506.84,18.12,19.18,0,347.54
4,717,3114.27,1678.38,26.93,20.75,0,558.86
213,717,3054.42,1059.3,25.92,27.67,0,717.13
165,718,3056.86,1506.02,17.89,19.24,0,344.24
4,718,3112.43,1680.06,27.63,21.76,0,601.2
213,718,3056.14,1057.33,24.58,26.27,0,645.7
165,719,3057.4,1505.15,17.55,19.13,0,335.76
4,719,3111.03,1680.89,27.08,21.8,0,590.53
213,719,3057.72,1055.08,25.22,27.02,0,681.52
165,720,3058.59,1504.22,17.8,19.74,0,351.2
4,720,3109.3,1681.22,26.57,21.79,0,578.87
213,720,3059.5,1053.12,26.58,28.72,0,763.46
165,721,3059.99,1503.12,17.74,19.93,0,353.6
4,721,3107.64,1681.55,25.53,21.36,0,545.24
213,721,3061.11,1051.49,25.95,28.14,0,730.18
165,722,3061.42,1501.71,17.23,19.66,0,338.78
4,722,3106.55,1681.53,25.55,21.82,0,557.37
213,722,3062.66,1049.61,24.48,26.34,0,644.87
165,723,3062.89,1500.58,17.09,19.83,0,338.95
4,723,3105.27,1682.45,24.51,21.34,0,522.92
213,723,3065.18,1046.99,24.82,26.67,0,661.88
165,724,3063.83,1499.25,17.23,20.31,0,349.9
4,724,3104.7,1683.01,24.02,21.21,0,509.65
213,724,3067.18,1044.84,25.33,27.3,0,691.47
165,725,3065.15,1497.61,16.75,20.09,0,336.57
4,725,3103.49,1683.92,24.33,22.0,0,535.26
213,725,3069.48,1043.0,25.51,27.6,0,703.93
165,726,3066.62,1496.59,16.66,20.2,0,336.41
4,726,3102.43,1684.92,24.21,22.33,0,540.44
213,726,3071.43,1041.06,25.61,27.64,0,707.86
165,727,3067.85,1495.42,17.17,21.08,0,361.95
4,727,3101.41,1685.41,23.7,22.21,0,526.2
213,727,3073.3,1038.94,25.42,27.51,0,699.28
165,728,3068.74,1494.22,16.98,20.85,0,354.06
4,728,3100.53,1686.37,23.61,22.54,0,532.21
213,728,3075.02,1037.09,25.46,27.65,0,703.98
294,728,1462.07,1687.17,16.77,14.39,0,241.23
165,729,3069.65,1492.47,17.38,21.18,0,368.0
4,729,3100.17,1687.44,23.56,22.9,0,539.51
213,729,3077.85,1035.12,25.22,27.45,0,692.5
294,729,1461.76,1686.89,16.3,13.96,0,227.59
165,730,3073.12,1490.98,17.63,21.24,0,374.4
4,730,3099.64,1688.27,22.87,22.62,0,517.38
213,730,3080.11,1032.85,25.8,28.21,0,727.84
294,730,1460.57,1686.49,15.68,13.37,0,209.73
165,731,3074.69,1489.87,17.54,20.97,0,367.92
4,731,3098.85,1689.7,23.3,23.61,0,550.12
213,731,3082.27,1030.31,25.33,27.64,0,700.09
165,732,3076.03,1489.05,17.71,21.37,0,378.37
4,732,3098.48,1691.08,22.58,23.28,0,525.54
213,732,3084.32,1028.46,24.68,26.96,0,665.41
165,733,3077.08,1487.07,17.57,21.45,0,376.81
4,733,3098.23,1691.86,22.02,23.03,0,507.16
213,733,3086.43,1026.5,25.6,27.98,0,716.36
294,733,1458.62,1684.64,16.01,13.57,0,217.24
165,734,3078.23,1485.19,16.68,20.57,0,343.15
4,734,3097.89,1692.98,22.09,23.38,0,516.54
213,734,3088.91,1024.27,26.01,28.57,0,743.21
165,735,3079.47,1483.55,16.46,20.31,0,334.26
4,735,3097.78,1694.37,21.88,23.39,0,511.84
213,735,3091.12,1021.76,24.91,27.45,0,683.86
165,736,3080.42,1481.71,16.18,20.02,0,323.86
4,736,3097.61,1695.16,21.8,23.48,0,511.79
213,736,3093.24,1019.33,24.66,27.19,0,670.52
294,736,1455.92,1681.88,16.42,13.86,0,227.57
165,737,3081.57,1479.72,16.09,20.04,0,322.45
4,737,3097.41,1696.63,21.16,22.8,0,482.34
213,737,3095.24,1017.19,25.99,28.68,0,745.48
165,738,3082.72,1477.97,16.1,20.2,0,325.34
4,738,3094.98,1698.06,21.76,23.67,0,515.12
213,738,3096.76,1015.17,25.67,28.43,0,729.8
165,739,3083.81,1476.2,15.96,20.01,0,319.49
4,739,3094.18,1699.05,21.64,23.69,0,512.63
213,739,3098.3,1012.98,25.76,28.55,0,735.49
165,740,3085.39,1474.97,15.75,19.74,0,310.9
4,740,3093.67,1700.22,21.07,23.2,0,488.94
213,740,3101.07,1010.4,26.34,29.41,0,774.78
165,741,3086.87,1473.73,15.64,19.56,0,305.9
4,741,3093.6,1702.4,21.77,24.23,0,527.55
213,741,3103.05,1008.71,25.45,28.49,0,724.9
294,741,1453.18,1678.45,16.22,13.11,0,212.7
165,742,3087.9,1471.95,15.66,19.73,0,308.92
4,742,3093.47,1704.23,22.12,24.96,0,552.14
213,742,3104.67,1006.86,25.16,28.08,0,706.53
165,743,3089.57,1470.2,15.69,19.87,0,311.79
4,743,3093.24,1705.8,21.67,24.75,0,536.26
213,743,3106.69,1005.19,25.09,28.11,0,705.12
165,744,3090.71,1469.23,15.86,19.97,0,316.83
4,744,3093.4,1707.42,21.27,24.48,0,520.63
213,744,3108.43,1003.4,25.49,28.52,0,726.95
165,745,3091.74,1468.03,15.45,19.42,0,300.01
4,745,3093.45,1709.27,21.23,24.64,0,522.99
213,745,3110.98,1001.39,25.37,28.55,0,724.43
165,746,3092.68,1466.47,16.05,20.08,0,322.27
4,746,3093.2,1710.9,21.56,25.41,0,547.81
213,746,3113.46,999.25,25.3,28.61,0,724.05
165,747,3093.45,1465.15,16.94,21.07,0,357.08
4,747,3093.6,1713.22,21.39,25.37,0,542.66
213,747,3115.57,997.23,25.09,28.28,0,709.47
165,748,3094.12,1464.54,17.66,21.73,0,383.69
4,748,3093.85,1715.64,20.56,24.65,0,506.78
213,748,3117.23,995.82,25.25,28.46,0,718.51
165,749,3097.04,1462.45,17.21,20.74,0,356.91
4,749,3094.2,1716.93,20.08,24.26,0,487.05
213,749,3118.89,993.51,25.18,28.58,0,719.61
305,749,3094.88,1462.27,18.78,20.54,0,385.8
165,750,3098.44,1460.76,17.13,20.37,0,348.85
4,750,3094.2,1718.59,20.4,24.72,0,504.19
213,750,3120.82,991.36,25.8,29.49,0,760.89
165,751,3099.04,1459.08,17.29,20.39,0,352.44
4,751,3093.71,1720.35,20.04,24.44,0,489.83
213,751,3121.45,989.77,26.16,30.03,0,785.5
165,752,3099.17,1457.55,17.35,20.27,0,351.71
4,752,3093.01,1722.81,20.2,24.81,0,501.26
213,752,3122.53,987.97,25.43,29.15,0,741.26
165,753,3099.06,1455.62,17.23,19.87,0,342.39
4,753,3092.06,1724.23,19.53,24.04,0,469.58
213,753,3123.21,986.09,25.25,28.92,0,730.07
165,754,3097.92,1452.27,18.45,21.76,0,401.63
4,754,3091.17,1725.27,19.38,23.97,0,464.51
213,754,3123.72,983.83,25.77,29.72,0,765.82
165,755,3097.72,1450.31,17.66,21.15,0,373.41
4,755,3090.69,1726.15,19.26,24.01,0,462.44
213,755,3124.72,981.29,25.01,29.01,0,725.39
165,756,3096.82,1448.46,16.64,20.06,0,333.71
4,756,3089.9,1726.98,19.27,24.05,0,463.51
213,756,3125.39,978.59,25.4,29.73,0,755.14
165,757,3096.06,1446.27,16.44,19.84,0,326.15
4,757,3088.9,1728.31,19.39,24.3,0,471.26
213,757,3126.18,976.13,25.4,29.8,0,756.9
165,758,3096.06,1444.04,16.7,20.3,0,338.9
4,758,3088.47,1730.01,19.22,24.1,0,463.3
213,758,3126.44,973.96,24.88,29.12,0,724.56
165,759,3095.9,1442.28,16.98,20.83,0,353.82
4,759,3088.3,1731.31,18.46,22.98,0,424.1
213,759,3126.73,972.04,25.25,29.75,0,751.29
165,760,3095.71,1439.91,16.52,20.34,0,336.02
4,760,3088.11,1732.53,18.24,22.54,0,411.23
213,760,3128.12,968.56,24.45,28.82,0,704.84
165,761,3096.2,1437.47,15.99,19.72,0,315.34
4,761,3088.51,1734.2,18.19,22.42,0,407.66
213,761,3129.52,966.24,25.02,29.75,0,744.32
165,762,3097.0,1435.38,16.28,20.16,0,328.05
4,762,3089.33,1735.34,18.7,23.02,0,430.53
213,762,3131.32,964.11,25.01,29.73,0,743.7
165,763,3097.91,1433.28,16.38,20.44,0,334.71
4,763,3090.19,1737.12,19.31,23.78,0,459.09
213,763,3132.94,961.38,24.93,29.51,0,735.75
165,764,3098.89,1430.77,16.2,20.28,0,328.62
4,764,3091.3,1738.34,19.37,23.76,0,460.11
213,764,3134.48,959.0,25.08,29.63,0,743.15
165,765,3099.64,1428.64,16.27,20.32,0,330.65
4,765,3092.76,1739.32,19.05,23.27,0,443.33
213,765,3136.36,956.07,24.42,28.94,0,706.54
165,766,3100.53,1426.87,15.95,19.91,0,317.46
4,766,3093.66,1741.07,19.02,23.1,0,439.46
213,766,3138.29,953.48,24.75,29.51,0,730.23
165,767,3101.13,1424.5,15.67,19.55,0,306.36
4,767,3094.49,1742.74,19.36,23.25,0,450.14
213,767,3140.64,951.27,24.58,29.36,0,721.54
165,768,3101.95,1422.07,15.78,19.69,0,310.6
4,768,3096.7,1744.7,18.96,22.49,0,426.45
213,768,3142.69,949.21,24.41,28.97,0,707.07
165,769,3103.12,1420.43,16.22,20.2,0,327.65
4,769,3098.24,1746.59,19.46,22.94,0,446.37
213,769,3144.47,947.04,24.43,28.9,0,705.93
165,770,3103.95,1418.98,15.68,19.3,0,302.55
4,770,3099.77,1748.3,19.03,22.16,0,421.59
213,770,3146.91,944.53,24.27,28.7,0,696.57
165,771,3104.66,1417.74,16.03,19.63,0,314.72
4,771,3101.49,1750.68,19.4,22.37,0,433.9
213,771,3148.89,942.18,24.6,29.29,0,720.57
165,772,3105.35,1416.73,17.05,20.94,0,356.98
4,772,3103.3,1753.11,19.35,22.1,0,427.53
213,772,3150.66,940.2,24.54,29.33,0,719.77
165,773,3105.9,1414.55,16.96,20.82,0,353.16
4,773,3105.15,1755.51,19.41,21.87,0,424.31
213,773,3152.54,938.53,24.05,28.63,0,688.42
165,774,3106.45,1413.15,16.12,19.57,0,315.51
4,774,3107.06,1757.34,19.71,21.94,0,432.47
213,774,3154.21,937.21,24.0,28.31,0,679.6
165,775,3107.42,1411.64,15.63,18.66,0,291.8
4,775,3109.46,1759.84,19.05,20.78,0,395.91
213,775,3156.48,935.23,24.23,28.64,0,694.06
165,776,3107.68,1410.37,15.49,18.22,0,282.18
4,776,3111.15,1762.26,19.3,20.65,0,398.58
213,776,3159.01,932.89,24.07,28.55,0,687.13
165,777,3108.32,1409.04,15.69,18.2,0,285.55
4,777,3113.49,1764.75,19.97,21.08,0,421.01
213,777,3160.75,930.89,24.39,28.98,0,706.84
165,778,3108.56,1407.82,15.54,17.75,0,275.82
4,778,3115.83,1766.94,20.01,20.75,0,415.12
213,778,3162.03,929.05,24.58,29.13,0,715.91
165,779,3108.73,1406.71,15.64,17.61,0,275.44
4,779,3117.34,1769.24,19.65,19.94,0,391.74
213,779,3163.69,927.44,24.58,28.9,0,710.54
165,780,3109.07,1405.35,15.79,17.55,0,277.08
4,780,3119.46,1771.2,19.81,19.72,0,390.57
213,780,3165.96,925.92,24.69,29.01,0,716.34
165,781,3109.37,1403.87,16.07,17.67,0,283.94
4,781,3121.72,1773.3,19.9,19.27,0,383.53
213,781,3168.26,924.02,25.44,30.1,0,765.83
165,782,3109.59,1402.47,15.88,17.16,0,272.64
4,782,3123.65,1774.78,21.23,20.36,0,432.08
213,782,3169.93,921.34,25.12,29.73,0,747.02
165,783,3109.63,1400.71,15.57,16.52,0,257.23
4,783,3126.11,1777.13,21.99,20.98,0,461.39
213,783,3171.29,919.04,25.29,29.98,0,758.06
165,784,3109.77,1398.89,15.84,16.5,0,261.28
4,784,3128.47,1778.42,21.82,20.48,0,446.83
213,784,3172.86,916.36,25.25,29.8,0,752.48
318,784,3365.97,295.97,17.25,10.27,0,177.13
165,785,3109.64,1397.0,16.27,16.72,0,271.95
4,785,3130.49,1779.8,21.11,19.45,0,410.64
213,785,3174.21,913.64,25.44,29.88,0,760.14
165,786,3109.52,1395.52,16.57,16.8,0,278.38
4,786,3132.86,1781.07,20.53,18.57,0,381.17
213,786,3175.64,910.95,25.19,29.69,0,747.81
165,787,3109.83,1394.45,17.69,17.94,0,317.38
4,787,3135.21,1782.6,20.31,17.89,0,363.22
213,787,3177.57,908.77,25.32,30.09,0,762.11
165,788,3110.04,1393.66,18.87,19.19,0,362.13
4,788,3138.66,1784.2,20.44,17.66,0,361.03
213,788,3179.5,906.43,25.28,30.23,0,764.18
165,789,3109.85,1390.53,18.91,19.22,0,363.48
4,789,3140.94,1785.38,21.03,17.81,0,374.53
213,789,3180.99,904.31,25.39,30.32,0,769.7
165,790,3109.53,1388.75,17.85,18.05,0,322.07
4,790,3143.37,1786.29,21.89,18.2,0,398.31
213,790,3182.15,901.99,25.52,30.42,0,776.17
165,791,3109.35,1387.4,16.82,16.68,0,280.69
4,791,3145.27,1787.37,22.07,18.09,0,399.21
213,791,3183.37,899.31,25.39,30.46,0,773.25
165,792,3108.73,1386.28,16.35,15.94,0,260.63
4,792,3147.38,1788.48,21.87,17.6,0,384.86
213,792,3184.38,896.53,25.68,31.07,0,797.81
165,793,3108.09,1384.67,16.59,15.84,0,262.75
213,793,3185.63,894.12,25.34,30.91,0,783.06
165,794,3107.59,1383.42,16.54,15.41,0,254.84
213,794,3186.87,892.16,24.72,30.21,0,746.69
4,794,3151.84,1790.29,22.8,18.04,0,411.47
165,795,3107.04,1382.23,16.37,14.91,0,244.13
213,795,3187.95,889.99,24.16,29.25,0,706.74
4,795,3154.05,1791.25,22.64,17.63,0,399.19
165,796,3106.7,1380.58,16.72,14.92,0,249.43
213,796,3189.26,887.48,24.55,29.65,0,727.89
4,796,3156.5,1791.56,22.97,17.7,0,406.65
165,797,3106.44,1379.1,17.33,15.21,0,263.7
213,797,3190.61,885.02,25.14,30.51,0,767.1
165,798,3105.97,1377.86,17.46,15.11,0,263.91
213,798,3191.81,882.67,25.04,30.59,0,765.91
328,798,3413.7,299.95,17.9,10.31,0,184.52
4,798,3162.1,1793.19,23.71,18.03,0,427.51
165,799,3105.57,1376.84,17.22,14.7,0,253.03
213,799,3192.81,880.69,24.45,29.96,0,732.62
328,799,3416.2,299.87,17.14,9.9,0,169.58
4,799,3164.82,1793.88,23.25,17.39,0,404.33
165,800,3105.06,1376.02,17.46,14.67,0,256.09
213,800,3193.79,878.61,23.75,28.93,0,687.17
4,800,3167.55,1794.86,24.0,17.7,0,424.87
165,801,3104.49,1375.22,17.94,14.87,0,266.78
213,801,3195.07,876.39,23.94,29.08,0,696.15
4,801,3169.9,1795.26,24.54,18.03,0,442.54
328,801,3422.78,301.56,17.64,10.27,0,181.12
165,802,3103.64,1373.99,17.7,14.42,0,255.22
213,802,3196.02,874.16,24.03,29.14,0,700.26
4,802,3172.27,1795.78,24.96,18.2,0,454.29
328,802,3425.79,301.88,17.69,10.38,0,183.54
165,803,3102.81,1372.88,18.32,14.8,0,271.18
213,803,3196.81,871.68,24.08,29.16,0,702.21
4,803,3175.25,1796.67,25.04,18.21,0,456.04
328,803,3428.71,302.49,18.34,10.79,0,197.88
165,804,3102.39,1372.18,18.81,15.12,0,284.52
213,804,3197.98,870.11,24.18,29.26,0,707.43
4,804,3178.14,1796.61,25.62,18.6,0,476.53
165,805,3101.82,1371.74,19.37,15.52,0,300.57
213,805,3199.51,867.82,23.42,28.09,0,657.89
4,805,3180.85,1796.89,25.63,18.57,0,475.94
165,806,3101.05,1371.24,20.49,16.42,0,336.31
213,806,3200.64,865.63,23.05,27.46,0,633.14
4,806,3183.37,1797.28,25.36,18.41,0,466.86
328,806,3439.72,303.08,17.45,10.39,0,181.31
165,807,3100.07,1370.67,21.66,17.56,0,380.29
213,807,3201.45,863.69,23.19,27.49,0,637.66
4,807,3185.94,1797.62,25.88,18.8,0,486.64
165,808,3099.6,1370.22,22.53,18.51,0,417.11
213,808,3202.28,861.56,23.32,27.5,0,641.42
4,808,3188.56,1797.75,26.07,18.93,0,493.36
328,808,3446.26,304.11,17.18,10.38,0,178.32
165,809,3098.69,1370.0,22.88,19.03,0,435.44
213,809,3203.09,859.7,23.13,27.05,0,625.44
4,809,3191.83,1797.89,26.35,19.21,0,506.23
331,809,3098.78,1365.92,19.27,19.84,0,382.42
328,809,3449.54,304.89,17.07,10.42,0,177.76
165,810,3097.86,1369.81,23.21,19.5,0,452.58
213,810,3204.11,857.97,23.35,27.05,0,631.75
4,810,3194.78,1798.03,26.67,19.55,0,521.36
331,810,3098.06,1365.63,18.74,19.25,0,360.88
165,811,3097.21,1369.68,23.44,19.85,0,465.3
213,811,3205.1,856.45,23.72,27.23,0,645.94
4,811,3197.29,1798.44,27.58,20.42,0,563.24
331,811,3097.38,1365.48,18.55,18.97,0,351.92
213,812,3206.35,854.87,23.51,26.62,0,625.66
4,812,3200.1,1798.6,27.7,20.74,0,574.5
331,812,3097.21,1365.25,18.22,18.5,0,337.14
213,813,3207.13,852.78,23.4,26.14,0,611.7
4,813,3203.02,1798.43,27.11,20.45,0,554.29
331,813,3096.8,1365.03,18.0,18.06,0,325.23
328,813,3463.74,306.44,19.8,12.56,0,248.65
213,814,3207.35,850.36,23.68,26.17,0,619.48
4,814,3205.99,1798.52,27.25,20.68,0,563.52
331,814,3095.15,1364.83,17.81,17.66,0,314.59
328,814,3467.05,306.33,18.94,12.33,0,233.4
213,815,3208.06,848.45,23.34,25.52,0,595.66
4,815,3208.64,1798.59,27.13,20.85,0,565.78
331,815,3093.89,1364.49,17.34,16.98,0,294.38
213,816,3208.62,846.48,23.72,25.49,0,604.44
4,816,3211.44,1798.62,27.0,20.95,0,565.73
331,816,3093.27,1364.38,17.31,16.75,0,289.89
328,816,3473.35,306.97,20.07,13.55,0,271.91
213,817,3209.44,845.03,23.47,24.85,0,583.32
4,817,3213.88,1798.59,26.76,20.94,0,560.32
331,817,3092.55,1364.36,17.51,16.73,0,292.79
328,817,3476.49,307.41,20.86,14.46,0,301.71
213,818,3209.92,843.75,24.05,25.27,0,607.61
4,818,3216.71,1798.69,26.82,21.21,0,569.01
331,818,3091.44,1363.97,16.98,15.94,0,270.71
213,819,3210.03,841.76,24.56,25.68,0,630.81
4,819,3219.54,1798.27,27.07,21.65,0,586.02
331,819,3090.0,1363.59,16.63,15.21,0,252.99
213,820,3209.88,839.63,24.48,25.38,0,621.31
4,820,3221.87,1797.76,26.65,21.53,0,573.85
331,820,3088.71,1363.06,16.49,14.74,0,242.95
213,821,3209.78,837.53,25.08,25.88,0,649.14
4,821,3223.92,1796.99,25.93,21.17,0,548.76
331,821,3087.72,1362.42,16.7,14.65,0,244.59
213,822,3209.71,835.76,25.24,25.9,0,653.59
4,822,3226.35,1796.38,25.51,21.04,0,536.76
331,822,3086.29,1362.32,17.43,14.99,0,261.23
213,823,3209.88,833.9,25.37,25.9,0,657.03
4,823,3228.55,1795.59,26.47,22.08,0,584.38
331,823,3084.8,1362.0,17.37,14.69,0,255.06
213,824,3209.93,832.19,25.9,26.46,0,685.29
4,824,3231.21,1794.64,26.03,21.96,0,571.62
331,824,3083.56,1361.77,18.09,15.09,0,272.93
213,825,3209.64,830.53,26.37,26.89,0,709.02
4,825,3233.74,1793.73,26.96,23.11,0,623.06
331,825,3082.62,1361.4,18.62,15.36,0,285.97
213,826,3209.53,828.91,26.1,26.51,0,691.93
4,826,3236.03,1792.37,26.35,22.84,0,601.73
331,826,3081.28,1361.15,18.47,15.05,0,278.01
213,827,3209.39,826.85,26.53,26.95,0,714.98
4,827,3238.3,1791.21,25.25,22.18,0,560.21
331,827,3079.94,1361.1,18.12,14.56,0,263.75
213,828,3208.99,825.1,26.68,27.17,0,724.9
4,828,3240.68,1790.63,26.63,23.77,0,632.96
331,828,3078.79,1361.05,18.56,14.82,0,275.05
213,829,3208.81,823.26,26.85,27.46,0,737.24
4,829,3242.81,1790.21,26.15,23.75,0,621.01
331,829,3077.68,1360.86,18.78,14.88,0,279.4
213,830,3208.7,821.35,27.07,27.91,0,755.51
4,830,3244.88,1788.72,24.89,22.84,0,568.37
331,830,3076.86,1360.27,18.68,14.61,0,273.03
213,831,3208.24,819.68,26.94,28.01,0,754.61
4,831,3247.34,1787.43,25.51,23.8,0,607.17
331,831,3075.42,1360.24,18.63,14.42,0,268.66
213,832,3207.94,818.17,26.75,27.92,0,746.84
4,832,3249.36,1786.18,25.69,24.37,0,626.19
331,832,3073.88,1360.48,19.28,14.8,0,285.35
213,833,3207.58,816.33,27.09,28.41,0,769.76
4,833,3251.21,1784.89,24.35,23.44,0,570.8
331,833,3073.04,1360.49,19.81,15.09,0,298.99
213,834,3207.4,814.22,27.25,28.82,0,785.42
4,834,3253.14,1782.93,24.64,24.15,0,594.98
331,834,3071.41,1360.39,20.0,15.06,0,301.17
213,835,3206.95,812.22,27.71,29.57,0,819.56
4,835,3254.85,1781.19,24.36,24.3,0,591.96
331,835,3070.25,1360.13,20.06,15.04,0,301.59
213,836,3206.27,810.32,27.43,29.51,0,809.48
331,836,3069.05,1360.03,19.98,14.94,0,298.56
213,837,3205.85,808.21,26.59,28.79,0,765.34
331,837,3067.87,1359.9,20.03,14.96,0,299.68
4,837,3258.95,1778.75,23.49,23.85,0,560.16
213,838,3205.45,806.03,26.3,28.67,0,753.92
331,838,3066.87,1359.26,19.96,14.93,0,298.0
4,838,3260.7,1776.77,23.81,24.76,0,589.58
213,839,3205.17,803.87,27.14,29.92,0,811.8
331,839,3065.62,1359.44,20.35,15.2,0,309.35
4,839,3262.07,1774.77,23.09,24.44,0,564.22
213,840,3205.03,801.54,27.27,30.44,0,830.08
331,840,3064.86,1359.97,20.41,15.24,0,310.98
4,840,3265.06,1773.21,22.95,24.54,0,563.27
213,841,3204.75,799.19,26.47,29.72,0,786.84
331,841,3064.01,1360.13,20.41,15.23,0,310.88
4,841,3266.7,1771.3,22.8,24.78,0,564.99
213,842,3204.15,796.89,25.68,28.99,0,744.48
331,842,3063.0,1360.27,20.99,15.8,0,331.7
4,842,3267.67,1769.6,22.28,24.67,0,549.54
213,843,3203.66,794.88,25.14,28.49,0,716.16
331,843,3061.44,1360.17,21.44,16.25,0,348.23
4,843,3269.24,1767.66,21.47,24.05,0,516.21
351,843,3548.35,307.48,15.4,14.97,0,230.47
213,844,3203.28,792.61,25.79,29.49,0,760.55
331,844,3060.1,1360.52,21.39,16.29,0,348.29
213,845,3202.87,790.69,25.57,29.41,0,752.14
331,845,3059.4,1361.27,21.69,16.63,0,360.69
352,845,1354.69,1625.82,18.09,13.14,0,237.68
213,846,3202.57,789.3,25.11,28.93,0,726.56
331,846,3058.88,1362.24,21.48,16.56,0,355.63
213,847,3202.21,787.54,25.0,28.83,0,720.82
331,847,3058.19,1363.32,21.73,16.88,0,366.89
213,848,3201.82,785.49,25.16,29.04,0,730.8
331,848,3057.55,1364.0,21.81,17.06,0,372.05
213,849,3201.25,783.62,25.05,28.95,0,725.45
331,849,3055.98,1364.29,21.8,17.16,0,374.19
355,849,3564.45,306.78,14.01,13.55,0,189.9
4,849,3275.91,1755.35,21.88,25.08,0,548.89
213,850,3200.17,781.37,24.93,28.84,0,719.16
331,850,3054.37,1364.42,22.19,17.65,0,391.59
355,850,3565.63,306.56,13.58,13.12,0,178.11
4,850,3276.54,1753.89,21.27,24.86,0,528.9
213,851,3199.05,779.31,24.56,28.41,0,697.95
331,851,3052.92,1365.0,22.52,18.14,0,408.5
355,851,3567.6,306.44,13.34,12.88,0,171.77
4,851,3277.05,1750.97,19.09,22.51,0,429.72
213,852,3198.57,777.29,24.35,28.16,0,685.53
331,852,3052.35,1365.62,23.4,19.16,0,448.32
355,852,3569.79,306.46,13.45,12.93,0,173.93
4,852,3278.19,1749.24,18.83,22.33,0,420.5
213,853,3197.97,775.74,24.41,28.13,0,686.86
331,853,3051.8,1368.28,24.33,20.32,0,494.43
4,853,3279.18,1747.73,19.06,22.71,0,432.92
213,854,3197.64,773.78,24.7,28.62,0,706.95
331,854,3051.26,1369.68,23.57,20.03,0,472.14
4,854,3279.91,1746.28,18.98,22.6,0,428.8
213,855,3197.15,771.38,24.23,28.06,0,679.85
331,855,3050.71,1370.31,22.79,19.71,0,449.25
4,855,3280.96,1744.24,18.83,22.47,0,423.26
213,856,3196.87,768.8,24.65,28.5,0,702.41
331,856,3049.97,1370.48,22.48,19.67,0,442.17
4,856,3281.86,1742.14,19.37,23.39,0,452.92
213,857,3196.65,766.63,24.93,28.82,0,718.29
331,857,3049.49,1370.94,21.77,19.12,0,416.12
4,857,3282.77,1739.97,19.15,23.24,0,444.88
357,857,3582.8,303.67,13.5,11.15,0,150.56
213,858,3195.97,764.87,24.35,27.94,0,680.39
331,858,3049.19,1372.06,21.68,19.1,0,414.04
4,858,3283.21,1737.43,17.93,21.43,0,384.38
357,858,3585.18,303.15,13.96,11.54,0,161.18
213,859,3196.04,762.8,24.28,27.74,0,673.53
331,859,3047.09,1373.17,21.69,19.18,0,415.98
4,859,3283.61,1735.16,17.41,20.54,0,357.57
357,859,3587.79,302.61,13.9,11.5,0,159.78
213,860,3194.98,760.48,24.82,28.34,0,703.37
331,860,3046.1,1374.32,21.91,19.54,0,428.1
4,860,3283.51,1733.16,18.97,22.5,0,426.74
357,860,3590.06,301.88,14.09,11.68,0,164.6
213,861,3194.08,758.35,24.65,27.96,0,689.12
331,861,3045.33,1375.2,21.51,19.42,0,417.74
4,861,3283.58,1730.85,19.07,22.57,0,430.51
357,861,3592.38,300.55,15.05,12.55,0,188.81
213,862,3193.26,756.09,24.11,27.2,0,655.77
331,862,3044.79,1376.07,21.18,19.42,0,411.19
4,862,3283.21,1728.33,17.28,19.99,0,345.45
357,862,3594.26,299.05,15.04,12.6,0,189.41
213,863,3192.89,754.26,23.86,26.71,0,637.39
331,863,3044.46,1377.2,20.87,19.45,0,405.88
4,863,3284.2,1726.86,17.58,20.02,0,351.84
357,863,3596.24,298.15,15.49,12.93,0,200.32
213,864,3192.67,752.25,24.22,27.04,0,654.95
331,864,3044.16,1378.53,20.84,19.82,0,413.12
4,864,3285.27,1724.92,17.82,19.97,0,355.88
357,864,3597.6,297.36,15.89,13.1,0,208.23
213,865,3191.89,750.04,24.65,27.3,0,672.81
331,865,3044.02,1379.91,20.75,20.15,0,418.03
4,865,3286.16,1723.66,19.15,21.34,0,408.62
357,865,3602.39,296.04,15.7,12.89,0,202.43
213,866,3191.33,747.59,24.43,26.75,0,653.52
331,866,3043.84,1381.13,20.3,20.12,0,408.61
4,866,3286.56,1722.26,19.53,21.61,0,422.09
357,866,3605.11,295.4,15.02,12.4,0,186.3
213,867,3190.91,745.54,25.08,27.28,0,684.15
331,867,3044.03,1382.46,19.97,20.17,0,402.88
4,867,3286.64,1720.58,20.05,22.13,0,443.53
357,867,3607.7,294.18,14.76,12.23,0,180.44
213,868,3190.38,743.59,25.02,26.9,0,673.05
331,868,3045.03,1384.01,19.96,20.5,0,409.17
4,868,3286.99,1718.36,20.54,22.56,0,463.52
357,868,3610.27,293.29,15.58,13.04,0,203.27
213,869,3189.96,741.81,24.97,26.56,0,663.07
331,869,3045.39,1385.79,19.56,20.48,0,400.59
4,869,3287.22,1716.77,20.22,21.96,0,443.98
357,869,3613.08,292.73,16.29,13.82,0,225.19
213,870,3189.98,739.52,25.22,26.66,0,672.49
331,870,3046.01,1387.09,19.32,20.63,0,398.53
4,870,3288.86,1715.51,20.3,21.93,0,445.13
357,870,3616.27,291.35,14.67,12.35,0,181.11
213,871,3189.25,737.06,25.44,26.58,0,676.17
331,871,3046.5,1388.49,18.38,19.9,0,365.81
4,871,3289.18,1713.71,20.99,22.57,0,473.84
357,871,3619.28,290.38,14.6,12.3,0,179.63
213,872,3189.33,734.97,25.48,26.48,0,674.83
331,872,3047.34,1390.0,18.21,19.93,0,363.02
4,872,3289.55,1711.94,20.69,22.16,0,458.54
357,872,3622.54,289.29,13.96,11.78,0,164.47
213,873,3189.21,733.28,25.4,26.05,0,661.47
331,873,3047.9,1392.19,18.03,19.99,0,360.46
4,873,3289.97,1710.32,20.23,21.49,0,434.75
357,873,3625.15,288.34,14.02,11.88,0,166.51
213,874,3188.71,731.93,25.75,26.23,0,675.34
331,874,3048.74,1394.11,17.97,20.23,0,363.58
4,874,3290.53,1709.02,19.9,20.95,0,416.95
357,874,3628.36,287.14,14.07,11.99,0,168.75
213,875,3187.96,730.1,25.48,25.76,0,656.35
331,875,3049.42,1395.69,17.87,20.37,0,363.92
4,875,3291.13,1707.58,20.44,21.42,0,437.85
357,875,3631.12,286.6,14.18,12.07,0,171.11
213,876,3187.19,728.1,26.03,26.03,0,677.67
331,876,3049.86,1396.81,17.32,19.93,0,345.08
4,876,3290.63,1705.95,20.38,21.11,0,430.29
357,876,3632.81,286.13,14.05,11.72,0,164.56
213,877,3186.56,726.07,26.08,25.82,0,673.63
331,877,3050.29,1398.14,17.21,19.97,0,343.58
4,877,3290.7,1703.38,20.87,21.58,0,450.45
357,877,3636.6,283.83,15.81,13.42,0,212.14
213,878,3186.39,723.71,25.76,25.22,0,649.71
331,878,3051.35,1400.09,17.05,19.97,0,340.63
4,878,3291.09,1702.11,20.65,21.22,0,438.16
357,878,3639.87,282.42,15.02,12.84,0,192.82
213,879,3185.7,721.99,26.19,25.37,0,664.47
331,879,3052.11,1402.23,17.13,20.25,0,346.9
4,879,3291.5,1701.23,20.66,20.97,0,433.31
357,879,3642.13,281.88,14.62,12.53,0,183.18
213,880,3184.73,720.29,26.12,25.04,0,653.92
331,880,3053.01,1404.27,17.0,20.29,0,344.99
4,880,3291.44,1700.27,19.89,19.82,0,394.26
357,880,3644.3,281.51,14.34,12.11,0,173.55
213,881,3183.84,718.38,26.55,25.27,0,671.1
331,881,3053.84,1406.05,17.07,20.6,0,351.61
4,881,3291.18,1698.7,20.23,19.9,0,402.45
213,882,3182.9,716.8,27.02,25.59,0,691.47
331,882,3054.83,1407.33,16.94,20.68,0,350.42
4,882,3290.96,1696.82,19.98,19.35,0,386.66
357,882,3651.57,280.32,13.89,11.52,0,160.05
213,883,3182.11,715.39,27.51,25.99,0,714.88
331,883,3055.1,1408.53,16.99,20.92,0,355.43
4,883,3290.64,1695.34,20.42,19.56,0,399.28
357,883,3653.81,279.47,13.71,11.35,0,155.67
213,884,3181.59,713.7,26.65,24.96,0,665.24
331,884,3055.59,1410.07,16.87,20.81,0,351.02
4,884,3290.5,1693.96,19.96,18.83,0,375.75
357,884,3656.28,278.55,13.85,11.51,0,159.39
213,885,3181.6,711.67,26.82,25.1,0,673.09
331,885,3056.95,1411.63,16.6,20.68,0,343.25
4,885,3291.0,1692.4,19.9,18.44,0,366.98
357,885,3659.2,277.78,13.78,11.43,0,157.57
213,886,3181.05,709.89,27.3,25.43,0,694.06
331,886,3058.75,1413.47,16.57,20.84,0,345.3
4,886,3291.41,1690.78,20.12,18.29,0,367.88
357,886,3662.88,276.94,13.89,11.53,0,160.1
213,887,3180.54,707.83,27.02,24.94,0,673.91
331,887,3060.55,1414.83,16.71,21.27,0,355.46
4,887,3291.6,1688.95,20.32,18.17,0,369.15
357,887,3665.99,276.04,13.75,11.45,0,157.47
362,887,1318.38,1633.06,17.61,12.55,0,221.1
213,888,3180.15,705.6,27.2,25.07,0,681.84
331,888,3061.75,1416.8,16.88,21.75,0,367.03
4,888,3291.0,1687.65,20.76,18.34,0,380.79
213,889,3179.45,703.84,27.22,25.01,0,680.95
331,889,3062.53,1417.8,16.53,21.32,0,352.38
4,889,3290.2,1686.32,21.14,18.54,0,391.94
357,889,3669.9,274.25,14.64,11.8,0,172.78
213,890,3178.58,702.92,26.82,24.46,0,656.16
331,890,3063.28,1418.88,15.75,20.37,0,320.93
4,890,3290.06,1684.92,21.47,18.64,0,400.24
357,890,3674.92,272.76,14.63,11.67,0,170.68
213,891,3177.34,701.29,26.85,24.34,0,653.64
331,891,3064.33,1420.78,15.62,20.34,0,317.76
4,891,3289.18,1684.08,21.07,18.05,0,380.34
357,891,3677.63,272.08,14.11,11.31,0,159.54
213,892,3176.23,699.53,27.16,24.5,0,665.54
331,892,3065.21,1422.84,15.44,20.13,0,310.74
4,892,3288.33,1682.43,21.47,18.18,0,390.28
357,892,3679.93,271.79,13.94,11.24,0,156.66
362,892,1315.74,1634.99,18.66,13.35,0,249.15
213,893,3174.87,697.7,27.91,25.06,0,699.42
331,893,3066.52,1425.02,15.05,19.44,0,292.6
4,893,3287.42,1681.13,21.22,17.68,0,375.13
362,893,1315.12,1634.89,18.63,13.36,0,248.89
213,894,3173.93,696.13,27.62,24.69,0,682.06
331,894,3067.5,1426.91,15.01,19.35,0,290.55
4,894,3286.44,1679.92,21.05,17.38,0,365.83
357,894,3685.49,270.78,14.25,11.54,0,164.39
213,895,3172.85,694.12,27.79,24.8,0,689.34
331,895,3068.2,1428.0,15.15,19.41,0,294.0
4,895,3285.72,1678.61,21.49,17.61,0,378.3
357,895,3687.98,270.23,14.49,11.84,0,171.48
362,895,1314.49,1635.44,18.62,13.45,0,250.44
213,896,3171.19,692.62,27.83,24.78,0,689.7
331,896,3068.61,1428.91,15.14,19.17,0,290.13
4,896,3284.33,1676.84,21.57,17.45,0,376.51
362,896,1314.48,1635.32,18.19,13.22,0,240.48
213,897,3170.04,690.68,27.79,24.65,0,685.09
331,897,3069.12,1430.1,15.1,18.72,0,282.72
4,897,3283.43,1675.33,21.9,17.49,0,382.98
362,897,1313.82,1635.41,18.17,13.25,0,240.69
213,898,3168.63,688.5,27.97,24.7,0,690.67
331,898,3069.6,1431.39,15.54,18.85,0,292.8
4,898,3282.54,1674.1,21.49,16.88,0,362.61
213,899,3167.36,686.77,27.86,24.65,0,686.89
331,899,3072.83,1432.87,16.09,19.06,0,306.72
4,899,3281.47,1673.14,21.57,16.69,0,360.0
213,900,3166.67,684.88,27.63,24.45,0,675.65
331,900,3074.4,1434.1,16.33,19.06,0,311.29
4,900,3280.85,1671.86,22.79,17.52,0,399.44
362,900,1313.15,1636.7,18.26,13.38,0,244.31
213,901,3165.36,683.08,28.25,25.05,0,707.69
331,901,3075.24,1435.26,16.48,19.07,0,314.26
4,901,3279.81,1670.78,22.72,17.24,0,391.82
362,901,1313.16,1636.74,18.17,13.42,0,243.79
213,902,3163.98,681.23,28.37,25.1,0,712.13
331,902,3076.09,1436.33,16.62,19.28,0,320.38
4,902,3278.44,1669.97,23.12,17.36,0,401.42
362,902,1312.45,1637.36,18.25,13.59,0,247.93
213,903,3162.25,679.34,28.33,24.96,0,707.22
331,903,3076.9,1437.4,16.69,19.41,0,323.94
4,903,3276.94,1668.89,22.38,16.63,0,372.17
362,903,1311.94,1637.89,18.75,14.08,0,264.02
213,904,3161.19,677.23,27.92,24.52,0,684.37
331,904,3078.33,1438.45,17.24,20.2,0,348.23
4,904,3275.99,1667.36,23.61,17.49,0,413.01
362,904,1311.93,1638.1,18.58,14.11,0,262.25
213,905,3160.2,675.65,28.0,24.58,0,688.15
331,905,3080.01,1439.08,17.77,21.02,0,373.42
4,905,3274.87,1666.68,24.16,17.95,0,433.59
362,905,1311.63,1638.32,18.16,13.85,0,251.55
213,906,3158.9,674.29,28.14,24.68,0,694.46
331,906,3081.55,1441.05,17.75,21.11,0,374.71
4,906,3274.32,1665.7,23.89,17.66,0,421.89
362,906,1311.19,1638.55,18.2,13.95,0,253.95
213,907,3158.24,672.69,27.45,23.99,0,658.58
331,907,3083.72,1442.34,17.12,20.29,0,347.47
4,907,3273.93,1664.98,24.01,17.69,0,424.78
213,908,3157.4,670.49,28.22,24.67,0,696.28
331,908,3085.47,1443.38,16.89,19.95,0,337.03
4,908,3272.91,1664.33,24.34,17.87,0,435.09
213,909,3156.38,668.55,28.7,25.09,0,720.01
331,909,3087.1,1444.29,16.58,19.4,0,321.52
4,909,3272.02,1663.26,23.99,17.57,0,421.58
213,910,3155.69,666.63,28.05,24.47,0,686.37
331,910,3088.97,1445.12,16.43,19.05,0,312.98
4,910,3271.27,1662.29,24.48,18.02,0,441.1
213,911,3154.9,665.38,27.62,24.01,0,663.19
331,911,3090.75,1446.53,16.41,18.94,0,310.77
4,911,3270.37,1661.87,25.15,18.62,0,468.22
213,912,3153.91,663.98,27.31,23.63,0,645.49
331,912,3092.7,1448.51,16.26,18.51,0,300.96
4,912,3269.2,1661.42,24.48,18.13,0,443.86
213,913,3152.75,662.72,27.25,23.33,0,635.69
331,913,3094.15,1450.12,16.33,18.1,0,295.68
4,913,3268.05,1661.1,23.78,17.58,0,418.22
365,913,3833.58,1868.24,11.18,16.51,0,184.64
213,914,3151.59,661.18,26.87,22.71,0,610.27
331,914,3095.94,1450.35,17.25,19.08,0,329.02
4,914,3267.0,1660.53,24.3,17.97,0,436.76
365,914,3832.79,1867.08,9.8,14.35,0,140.61
213,915,3150.64,659.34,27.18,22.78,0,619.08
331,915,3097.83,1451.31,16.81,18.16,0,305.13
4,915,3265.79,1659.82,24.32,18.03,0,438.46
365,915,3832.06,1865.88,9.22,13.3,0,122.56
213,916,3149.56,657.97,26.97,22.3,0,601.57
331,916,3099.5,1452.74,16.36,17.37,0,284.21
4,916,3265.09,1659.4,24.12,17.87,0,431.11
365,916,3831.77,1865.04,9.02,12.73,0,114.8
213,917,3148.62,656.19,27.33,22.31,0,609.78
331,917,3101.66,1454.03,16.09,16.74,0,269.32
4,917,3263.73,1659.04,23.97,17.84,0,427.57
213,918,3147.66,654.55,27.37,22.07,0,604.21
331,918,3104.27,1455.49,16.42,16.82,0,276.2
4,918,3263.03,1658.88,24.4,18.27,0,445.72
365,918,3832.02,1861.53,9.43,12.95,0,122.15
213,919,3147.09,653.18,27.96,22.29,0,623.24
331,919,3107.09,1456.78,16.97,17.22,0,292.22
4,919,3262.65,1658.78,24.45,18.39,0,449.63
213,920,3146.79,651.88,27.67,21.83,0,604.19
331,920,3110.07,1457.98,17.36,17.49,0,303.75
4,920,3262.92,1658.54,24.53,18.58,0,455.67
365,920,3832.59,1858.34,9.92,13.27,0,131.61
213,921,3146.69,650.15,27.75,21.73,0,602.84
331,921,3112.95,1458.7,17.5,17.49,0,306.14
4,921,3263.03,1658.44,24.56,18.73,0,459.92
365,921,3832.96,1857.0,10.19,13.37,0,136.21
213,922,3146.62,648.9,28.3,21.97,0,621.75
331,922,3116.09,1459.26,17.53,17.29,0,303.19
4,922,3263.79,1658.57,24.48,18.77,0,459.55
365,922,3833.4,1856.4,10.35,13.36,0,138.19
213,923,3146.62,647.1,28.43,21.94,0,623.72
331,923,3118.4,1459.93,17.62,17.03,0,300.11
4,923,3263.52,1658.8,24.87,19.2,0,477.49
365,923,3833.75,1856.09,10.49,13.35,0,140.08
213,924,3145.96,645.39,28.08,21.41,0,601.24
331,924,3121.83,1461.21,18.7,18.06,0,337.58
4,924,3263.41,1659.17,24.48,18.99,0,464.95
213,925,3145.39,643.95,28.27,21.34,0,603.27
331,925,3125.21,1462.42,20.44,19.96,0,408.01
4,925,3264.02,1659.49,24.63,19.25,0,474.22
213,926,3145.25,643.03,28.6,21.47,0,614.22
331,926,3128.83,1465.02,20.51,20.22,0,414.6
4,926,3264.25,1660.02,25.17,19.87,0,500.27
213,927,3144.94,642.1,28.73,21.39,0,614.6
331,927,3131.56,1466.28,20.06,19.78,0,396.91
4,927,3264.46,1660.71,24.82,19.76,0,490.55
213,928,3144.18,641.13,28.98,21.34,0,618.49
331,928,3133.87,1467.01,19.37,19.01,0,368.3
4,928,3263.76,1661.75,24.88,19.96,0,496.67
213,929,3143.11,639.78,28.54,20.75,0,592.2
331,929,3136.29,1467.78,18.77,18.19,0,341.36
4,929,3263.19,1662.3,25.1,20.41,0,512.4
213,930,3141.93,637.94,29.15,21.04,0,613.24
331,930,3139.54,1469.09,19.22,18.51,0,355.75
4,930,3262.83,1662.6,24.9,20.51,0,510.65
213,931,3141.18,636.3,29.78,21.47,0,639.25
331,931,3142.33,1469.91,19.41,18.55,0,360.08
4,931,3262.51,1662.86,24.99,20.94,0,523.19
213,932,3139.88,635.16,30.2,21.66,0,654.13
331,932,3145.22,1470.68,19.3,18.21,0,351.38
4,932,3262.4,1663.46,25.08,21.37,0,535.92
213,933,3138.63,634.25,30.23,21.59,0,652.53
331,933,3147.67,1471.42,18.97,17.73,0,336.47
4,933,3261.9,1664.04,25.06,21.77,0,545.57
213,934,3137.01,632.95,29.04,20.53,0,596.14
331,934,3150.06,1471.67,18.72,17.35,0,324.74
4,934,3261.3,1664.55,24.76,21.87,0,541.44
213,935,3136.08,631.63,28.43,19.91,0,566.04
331,935,3152.69,1472.07,18.73,17.22,0,322.51
4,935,3260.98,1665.15,24.62,22.16,0,545.55
383,935,1313.25,1659.65,16.17,16.7,0,270.05
213,936,3134.96,630.33,29.15,20.33,0,592.57
331,936,3154.82,1472.95,18.81,17.16,0,322.75
4,936,3260.87,1665.61,24.11,22.03,0,531.18
213,937,3134.19,629.3,30.26,21.12,0,639.1
331,937,3157.29,1473.53,18.33,16.46,0,301.74
4,937,3260.49,1666.23,24.09,22.46,0,541.13
213,938,3132.86,628.55,30.65,21.43,0,656.85
331,938,3160.01,1474.29,18.38,16.29,0,299.39
4,938,3259.74,1667.29,24.93,23.73,0,591.63
213,939,3131.16,627.69,30.73,21.5,0,660.62
331,939,3162.86,1475.4,18.36,16.17,0,296.93
4,939,3258.65,1668.38,23.84,23.1,0,550.59
387,939,3830.62,223.52,15.8,10.72,0,169.36
383,939,1312.48,1660.49,14.59,15.03,0,219.35
213,940,3129.36,626.65,30.33,21.21,0,643.23
331,940,3165.17,1475.69,17.77,15.49,0,275.28
4,940,3258.16,1669.25,23.43,23.1,0,541.37
387,940,3832.12,222.59,15.75,11.6,0,182.69
213,941,3128.21,626.06,30.53,21.38,0,652.64
331,941,3168.76,1476.38,17.89,15.27,0,273.05
4,941,3258.08,1670.06,23.21,23.22,0,538.94
387,941,3832.85,222.48,14.3,11.18,0,159.83
383,941,1312.57,1661.36,13.31,13.52,0,179.97
213,942,3127.07,624.96,31.33,22.06,0,691.1
331,942,3171.01,1476.85,18.01,15.26,0,274.77
4,942,3258.04,1670.6,22.95,23.36,0,536.08
213,943,3126.57,623.66,32.08,22.78,0,730.83
331,943,3173.61,1477.32,18.37,15.48,0,284.42
4,943,3257.67,1671.45,22.75,23.53,0,535.28
213,944,3125.2,622.76,31.47,22.35,0,703.21
331,944,3176.53,1478.0,18.48,15.5,0,286.42
4,944,3257.67,1672.27,22.31,23.57,0,525.82
213,945,3123.87,621.61,31.07,22.08,0,686.07
331,945,3179.46,1478.19,18.18,15.05,0,273.56
4,945,3257.13,1673.56,22.37,23.97,0,536.31
383,945,1313.81,1663.88,13.77,13.65,0,187.9
213,946,3122.24,620.13,30.04,21.3,0,640.04
331,946,3182.97,1478.11,18.48,15.13,0,279.59
4,946,3257.28,1674.63,21.57,23.45,0,505.98
383,946,1314.02,1664.28,14.2,13.8,0,195.97
213,947,3121.14,619.17,30.89,21.98,0,679.05
331,947,3185.74,1477.6,18.93,15.38,0,291.15
4,947,3257.4,1675.41,21.35,23.5,0,501.83
213,948,3120.41,618.36,30.68,21.91,0,672.18
331,948,3188.31,1477.38,19.1,15.42,0,294.53
4,948,3257.87,1676.8,21.78,24.33,0,530.0
383,948,1313.9,1665.17,14.15,13.48,0,190.75
213,949,3119.73,617.27,29.88,21.28,0,635.86
331,949,3190.78,1477.26,18.8,14.95,0,280.92
4,949,3258.39,1677.7,21.43,24.37,0,522.29
213,950,3118.76,615.81,30.27,21.49,0,650.5
331,950,3193.9,1477.48,19.44,15.39,0,299.2
4,950,3258.37,1678.97,21.63,24.92,0,538.93
213,951,3117.89,614.24,30.67,21.78,0,667.99
331,951,3197.87,1477.78,19.48,15.26,0,297.3
4,951,3258.97,1680.12,20.91,24.34,0,508.95
383,951,1313.43,1666.61,14.45,13.42,0,193.97
213,952,3116.9,612.62,30.57,21.66,0,662.06
331,952,3201.29,1478.06,19.7,15.32,0,301.83
4,952,3259.59,1681.26,20.53,24.12,0,495.15
383,952,1313.47,1666.65,14.85,13.55,0,201.24
213,953,3116.12,611.12,30.97,21.97,0,680.38
331,953,3204.48,1477.41,19.97,15.37,0,306.92
4,953,3260.08,1682.63,20.84,24.85,0,517.88
383,953,1313.3,1667.15,14.97,13.43,0,201.11
213,954,3115.41,610.23,30.87,21.88,0,675.39
331,954,3207.56,1476.8,20.01,15.23,0,304.79
4,954,3260.71,1683.77,20.62,24.92,0,513.81
383,954,1313.11,1667.82,15.23,13.44,0,204.71
213,955,3114.35,609.09,30.36,21.33,0,647.5
331,955,3210.46,1476.11,19.73,14.95,0,294.92
4,955,3261.34,1685.12,20.73,25.26,0,523.76
383,955,1313.0,1668.53,15.32,13.39,0,205.09
213,956,3113.61,607.49,30.65,21.44,0,657.32
4,956,3261.63,1686.41,20.4,24.97,0,509.47
383,956,1312.79,1669.5,15.26,13.24,0,201.96
213,957,3112.66,606.54,30.53,21.28,0,649.92
4,957,3262.24,1688.12,19.88,24.16,0,480.23
383,957,1312.47,1670.39,15.56,13.39,0,208.3
213,958,3111.96,605.77,30.9,21.58,0,666.74
4,958,3262.72,1690.28,20.71,25.09,0,519.6
383,958,1311.89,1671.4,15.97,13.66,0,218.28
213,959,3111.06,605.26,31.45,21.98,0,691.29
4,959,3264.84,1692.51,20.77,25.22,0,523.81
383,959,1311.45,1672.61,16.02,13.63,0,218.3
213,960,3109.45,605.25,31.01,21.63,0,670.63
4,960,3265.68,1694.86,20.67,25.16,0,520.03
383,960,1310.92,1673.73,16.12,13.67,0,220.4
213,961,3108.29,604.69,30.6,21.29,0,651.5
4,961,3266.52,1697.11,20.43,25.04,0,511.54
383,961,1310.33,1674.97,16.92,14.38,0,243.31
331,961,3229.03,1476.62,20.29,15.49,0,314.31
213,962,3107.09,604.47,30.62,21.29,0,651.8
4,962,3267.81,1698.54,20.38,25.12,0,511.88
383,962,1310.34,1676.7,16.47,13.7,0,225.73
213,963,3106.96,603.57,30.83,21.48,0,662.08
4,963,3269.21,1700.53,20.15,25.04,0,504.61
383,963,1310.53,1677.75,17.13,14.14,0,242.17
213,964,3107.23,602.65,30.98,21.6,0,669.12
4,964,3270.91,1702.26,20.61,25.8,0,531.75
383,964,1310.63,1678.38,17.51,14.38,0,251.74
213,965,3107.06,602.27,30.81,21.47,0,661.58
4,965,3273.43,1704.62,20.06,25.16,0,504.51
383,965,1310.7,1679.67,17.5,14.27,0,249.78
213,966,3106.61,601.49,30.48,21.21,0,646.44
4,966,3275.27,1706.75,19.94,24.9,0,496.5
383,966,1310.85,1680.59,17.69,14.4,0,254.76
213,967,3106.41,600.98,30.97,21.57,0,667.98
4,967,3277.91,1708.13,19.49,24.31,0,473.67
383,967,1310.97,1681.34,17.75,14.43,0,256.12
391,967,71.23,5.55,10.31,11.11,0,114.5
331,967,3256.4,1476.46,20.69,15.56,0,321.86
213,968,3106.17,599.54,31.59,22.12,0,698.92
4,968,3280.16,1709.97,19.93,25.09,0,500.03
383,968,1311.13,1682.56,17.33,14.04,0,243.22
391,968,72.3,5.85,10.81,11.7,0,126.47
331,968,3260.69,1476.67,21.03,15.89,0,334.12
213,969,3106.31,599.13,32.07,22.55,0,723.31
4,969,3282.37,1711.91,20.12,25.43,0,511.59
383,969,1311.03,1683.34,16.96,13.62,0,230.99
391,969,73.63,6.06,11.18,12.13,0,135.62
331,969,3265.27,1476.46,21.16,16.03,0,339.18
213,970,3106.16,598.63,31.33,22.06,0,691.1
383,970,1311.07,1683.75,17.42,13.98,0,243.5
331,970,3269.53,1475.97,20.73,15.71,0,325.72
213,971,3105.73,597.46,30.92,21.61,0,668.18
383,971,1311.08,1683.95,17.2,13.73,0,236.08
331,971,3273.73,1475.25,20.72,15.74,0,326.06
4,971,3286.26,1714.5,19.86,24.92,0,494.98
213,972,3104.98,596.26,30.78,21.41,0,659.11
383,972,1310.86,1684.71,17.78,14.34,0,254.98
331,972,3277.79,1474.28,20.26,15.31,0,310.22
4,972,3288.85,1716.21,19.81,24.7,0,489.16
213,973,3104.76,595.35,31.4,21.84,0,685.74
383,973,1310.72,1685.47,17.34,13.97,0,242.33
331,973,3282.1,1473.49,20.7,15.61,0,323.13
4,973,3291.38,1717.45,19.68,24.57,0,483.54
213,974,3104.15,594.97,31.72,22.1,0,700.89
383,974,1310.73,1686.54,17.9,14.54,0,260.15
331,974,3285.78,1472.93,21.26,16.09,0,342.13
4,974,3293.5,1719.46,19.87,24.8,0,492.77
213,975,3103.54,594.92,30.99,21.54,0,667.47
383,975,1310.55,1687.45,17.34,14.15,0,245.31
331,975,3289.28,1472.56,21.97,16.64,0,365.61
4,975,3295.65,1721.86,20.16,25.17,0,507.3
213,976,3102.47,595.07,30.39,21.03,0,639.13
383,976,1310.12,1688.53,17.09,13.95,0,238.37
331,976,3292.96,1472.32,21.92,16.59,0,363.55
4,976,3297.8,1724.35,19.89,24.77,0,492.63
213,977,3101.46,594.96,30.53,21.04,0,642.28
383,977,1309.32,1689.44,17.4,14.19,0,247.06
331,977,3296.99,1472.02,22.4,17.11,0,383.19
4,977,3299.07,1726.28,19.94,24.59,0,490.37
213,978,3100.66,594.51,31.29,21.61,0,676.29
383,978,1309.11,1690.11,16.93,13.8,0,233.66
331,978,3299.86,1471.53,22.84,17.46,0,398.75
4,978,3301.1,1727.93,19.59,24.06,0,471.38
213,979,3099.96,593.79,31.18,21.54,0,671.63
383,979,1308.63,1691.05,17.08,13.93,0,237.85
331,979,3302.47,1471.04,23.19,17.72,0,410.92
4,979,3303.13,1730.05,19.62,23.87,0,468.5
213,980,3099.23,593.04,31.09,21.54,0,669.75
383,980,1308.44,1692.39,17.39,14.17,0,246.44
4,980,3305.43,1732.26,19.73,23.78,0,469.15
213,981,3098.06,593.03,30.8,21.29,0,655.71
383,981,1307.83,1693.69,17.35,14.1,0,244.52
4,981,3307.56,1733.89,19.57,23.42,0,458.27
213,982,3096.71,592.82,30.72,21.22,0,651.94
383,982,1307.23,1694.83,17.41,14.16,0,246.47
4,982,3310.16,1735.7,19.7,23.36,0,460.17
331,982,3313.34,1469.03,23.32,17.84,0,416.01
213,983,3095.75,592.82,30.53,21.05,0,642.68
383,983,1306.99,1695.89,17.41,14.15,0,246.29
4,983,3312.7,1738.15,19.67,22.91,0,450.56
331,983,3316.75,1468.2,23.28,17.96,0,418.23
213,984,3095.59,592.81,30.74,21.21,0,652.22
383,984,1306.43,1696.86,17.71,14.44,0,255.72
4,984,3315.05,1740.26,19.68,22.53,0,443.19
331,984,3320.74,1467.72,23.14,18.12,0,419.18
213,985,3095.22,592.77,31.16,21.51,0,670.45
383,985,1305.91,1698.18,17.62,14.33,0,252.56
4,985,3317.98,1742.1,20.05,22.65,0,454.23
331,985,3324.06,1467.73,23.77,18.7,0,444.41
213,986,3095.35,592.86,30.82,21.27,0,655.37
383,986,1305.73,1699.36,18.07,14.73,0,266.19
4,986,3320.68,1744.87,19.96,22.1,0,441.15
331,986,3327.82,1467.5,24.31,19.27,0,468.38
213,987,3094.32,593.34,30.92,21.29,0,658.38
383,987,1305.49,1700.31,19.24,15.92,0,306.38
4,987,3323.27,1747.23,20.2,22.0,0,444.37
213,988,3093.82,594.26,30.81,21.19,0,652.81
383,988,1305.69,1701.11,20.53,17.3,0,355.05
4,988,3326.31,1749.36,19.71,21.06,0,415.1
331,988,3337.95,1466.84,23.22,18.86,0,437.8
213,989,3092.97,594.5,31.19,21.45,0,669.21
383,989,1305.24,1701.78,21.55,18.58,0,400.42
4,989,3328.99,1751.33,20.95,22.01,0,461.13
331,989,3341.28,1466.44,22.99,19.2,0,441.4
213,990,3092.05,595.15,32.29,22.26,0,718.88
383,990,1304.92,1705.12,21.61,18.96,0,409.76
4,990,3331.52,1753.69,20.68,21.41,0,442.65
331,990,3344.16,1465.89,23.32,20.04,0,467.23
213,991,3091.13,595.49,32.07,22.16,0,710.59
383,991,1304.69,1706.66,20.94,18.64,0,390.33
4,991,3333.86,1755.42,20.71,20.95,0,433.98
331,991,3347.21,1465.45,23.41,20.78,0,486.46
213,992,3090.15,595.35,31.82,21.95,0,698.65
383,992,1304.48,1707.61,19.76,17.72,0,350.19
4,992,3336.29,1756.92,20.98,20.83,0,436.95
331,992,3350.44,1463.55,23.19,21.27,0,493.16
213,993,3088.78,595.36,31.97,22.11,0,706.82
383,993,1304.16,1708.38,18.37,16.44,0,302.08
331,993,3353.17,1462.33,21.73,20.47,0,444.78
213,994,3087.63,595.48,31.16,21.6,0,672.94
383,994,1303.86,1708.83,17.39,15.49,0,269.33
331,994,3356.11,1460.8,19.95,19.1,0,381.17
213,995,3086.36,595.18,31.7,22.02,0,697.97
383,995,1303.79,1709.25,16.44,14.56,0,239.31
331,995,3358.09,1459.33,20.61,19.98,0,411.86
4,995,3343.39,1761.02,20.42,19.6,0,400.21
213,996,3085.16,595.38,31.2,21.73,0,677.87
383,996,1303.79,1709.31,16.34,14.3,0,233.73
331,996,3362.0,1457.73,20.45,19.93,0,407.39
4,996,3345.91,1761.9,21.02,19.67,0,413.41
213,997,3083.77,595.96,31.41,21.89,0,687.56
383,997,1303.13,1709.64,16.18,13.94,0,225.57
331,997,3364.18,1456.43,20.44,20.31,0,415.09
4,997,3347.98,1763.28,20.77,18.84,0,391.33
213,998,3082.35,596.89,31.06,21.63,0,672.06
331,998,3365.93,1455.38,20.43,20.87,0,426.36
4,998,3350.24,1764.35,20.86,18.4,0,383.65
213,999,3081.27,597.47,30.82,21.49,0,662.42
331,999,3367.89,1454.24,20.14,21.13,0,425.58
4,999,3352.6,1765.38,21.99,19.0,0,417.86
383,999,1303.43,1710.18,16.49,14.1,0,232.46
213,1000,3079.84,597.88,32.59,22.94,0,747.53
331,1000,3369.74,1453.07,19.7,21.1,0,415.75
4,1000,3354.7,1766.58,21.86,18.43,0,402.77
383,1000,1303.85,1710.57,16.54,14.01,0,231.72
213,1001,3078.27,598.6,32.84,23.36,0,766.99
331,1001,3371.01,1451.48,19.11,20.85,0,398.43
4,1001,3356.94,1767.51,22.31,18.45,0,411.48
383,1001,1303.25,1711.67,17.2,14.45,0,248.55
213,1002,3076.47,599.1,31.94,22.86,0,730.07
331,1002,3372.13,1449.69,18.48,20.55,0,379.77
4,1002,3359.19,1768.57,22.96,18.59,0,426.78
383,1002,1302.96,1712.49,17.32,14.4,0,249.43
213,1003,3074.77,600.13,32.06,23.11,0,741.04
331,1003,3373.78,1448.15,18.0,20.36,0,366.63
4,1003,3361.27,1769.4,22.61,17.9,0,404.8
383,1003,1302.79,1713.11,17.05,14.08,0,240.09
213,1004,3073.03,601.07,31.73,23.03,0,730.71
331,1004,3375.47,1446.73,17.97,20.7,0,371.87
4,1004,3363.16,1769.53,23.58,18.44,0,434.9
213,1005,3071.29,601.53,31.26,22.76,0,711.64
331,1005,3376.83,1445.13,17.65,20.59,0,363.44
4,1005,3365.68,1769.91,23.5,18.12,0,425.72
383,1005,1302.44,1713.62,16.87,13.78,0,232.54
213,1006,3070.02,601.57,30.95,22.66,0,701.46
331,1006,3378.21,1443.21,17.71,20.96,0,371.18
4,1006,3367.71,1770.53,23.2,17.57,0,407.51
213,1007,3068.42,601.77,31.11,22.9,0,712.44
331,1007,3379.34,1441.18,17.53,21.03,0,368.65
4,1007,3370.6,1770.71,23.44,17.53,0,410.98
213,1008,3066.27,602.45,31.29,23.17,0,724.96
331,1008,3380.11,1438.97,17.4,21.04,0,366.13
4,1008,3372.61,1770.34,24.52,18.29,0,448.41
383,1008,1301.88,1714.34,17.09,13.88,0,237.19
213,1009,3064.35,602.72,30.58,22.68,0,693.49
331,1009,3381.55,1436.87,17.25,21.01,0,362.44
4,1009,3374.5,1769.73,25.34,18.79,0,476.11
383,1009,1301.84,1714.08,17.29,13.93,0,240.91
213,1010,3062.55,603.38,31.34,23.41,0,733.49
331,1010,3382.87,1435.01,17.29,21.21,0,366.62
4,1010,3376.94,1769.66,25.14,18.51,0,465.35
383,1010,1301.25,1714.29,17.41,13.98,0,243.31
213,1011,3061.27,604.15,30.83,23.23,0,716.26
331,1011,3384.15,1433.26,17.12,21.15,0,361.95
4,1011,3380.0,1769.67,25.58,18.72,0,478.78
383,1011,1301.03,1714.84,16.75,13.4,0,224.42
213,1012,3059.65,604.92,31.02,23.51,0,729.36
331,1012,3385.3,1431.77,17.27,21.39,0,369.49
4,1012,3382.1,1770.09,26.15,19.06,0,498.43
383,1012,1300.45,1715.23,16.67,13.2,0,220.02
213,1013,3057.82,606.43,30.87,23.5,0,725.5
331,1013,3386.7,1430.56,17.23,21.36,0,368.13
4,1013,3384.26,1770.96,26.19,19.05,0,498.96
383,1013,1299.76,1716.35,17.32,13.67,0,236.75
213,1014,3056.79,607.15,30.99,23.75,0,736.02
331,1014,3388.48,1428.9,16.86,20.96,0,353.44
4,1014,3387.24,1771.1,26.16,19.03,0,497.68
383,1014,1299.45,1717.41,17.58,13.83,0,243.09
213,1015,3056.06,607.73,30.6,23.57,0,721.22
331,1015,3390.9,1427.2,16.52,20.59,0,340.17
4,1015,3390.89,1771.49,26.39,19.14,0,505.2
383,1015,1299.43,1718.46,17.26,13.56,0,234.08
213,1016,3054.99,608.57,31.21,24.2,0,755.5
331,1016,3392.87,1425.2,16.39,20.21,0,331.17
4,1016,3394.02,1771.44,25.95,18.73,0,486.0
383,1016,1299.19,1719.02,17.25,13.49,0,232.8
213,1017,3054.12,608.62,31.59,24.63,0,778.01
331,1017,3395.15,1422.86,16.03,19.66,0,315.07
4,1017,3397.56,1771.21,26.25,18.9,0,496.18
383,1017,1298.81,1719.33,17.26,13.38,0,230.9
213,1018,3052.94,609.5,30.19,23.6,0,712.68
331,1018,3396.84,1421.18,16.08,19.54,0,314.18
4,1018,3399.8,1771.46,26.08,18.8,0,490.26
213,1019,3051.73,610.48,30.71,24.03,0,737.92
331,1019,3398.48,1419.13,15.83,19.15,0,303.19
4,1019,3402.97,1771.89,26.96,19.44,0,524.06
383,1019,1298.07,1720.66,17.83,13.64,0,243.25
213,1020,3050.72,611.76,30.66,24.09,0,738.68
331,1020,3400.6,1418.09,16.08,19.39,0,311.7
4,1020,3405.95,1772.37,27.15,19.59,0,531.81
383,1020,1297.61,1721.64,18.64,14.09,0,262.62
213,1021,3049.85,612.81,29.31,23.03,0,674.96
331,1021,3402.79,1417.54,16.32,19.62,0,320.26
4,1021,3409.73,1772.71,26.67,19.22,0,512.48
383,1021,1295.44,1722.85,19.1,14.28,0,272.62
213,1022,3049.12,613.83,30.42,24.02,0,730.61
331,1022,3405.05,1416.87,17.35,20.77,0,360.42
4,1022,3413.48,1773.26,26.66,19.24,0,513.02
383,1022,1294.37,1723.71,20.22,15.17,0,306.89
213,1023,3048.64,614.92,30.34,24.05,0,729.83
331,1023,3408.88,1414.25,16.93,19.79,0,335.02
4,1023,3416.93,1773.45,27.22,19.72,0,536.78
383,1023,1293.69,1724.31,21.16,16.08,0,340.25
213,1024,3048.5,616.07,29.35,23.18,0,680.39
331,1024,3411.57,1412.52,16.52,19.28,0,318.44
4,1024,3421.12,1773.66,26.99,19.71,0,531.97
383,1024,1293.53,1724.63,21.67,16.65,0,360.84
213,1025,3048.36,616.58,29.83,23.55,0,702.76
331,1025,3414.61,1411.41,16.67,19.39,0,323.09
4,1025,3425.77,1774.35,27.25,20.02,0,545.36
213,1026,3048.47,617.81,28.78,22.58,0,649.86
331,1026,3417.6,1410.21,16.43,18.99,0,312.07
4,1026,3430.54,1774.72,27.68,20.39,0,564.4
383,1026,1293.46,1729.61,23.1,18.12,0,418.61
213,1027,3048.63,618.54,28.69,22.45,0,643.91
331,1027,3421.19,1409.02,16.61,19.24,0,319.46
4,1027,3435.29,1774.36,26.92,19.98,0,537.78
383,1027,1293.38,1731.34,21.61,17.11,0,369.87
213,1028,3048.97,619.37,28.79,22.57,0,649.84
331,1028,3424.97,1407.58,17.41,20.31,0,353.64
4,1028,3439.98,1774.65,27.17,20.25,0,550.15
383,1028,1293.48,1732.33,20.18,15.97,0,322.4
213,1029,3049.0,620.1,29.57,23.18,0,685.36
331,1029,3428.16,1405.96,17.63,20.67,0,364.48
4,1029,3444.13,1774.7,27.85,20.99,0,584.48
383,1029,1293.48,1732.69,19.55,15.47,0,302.49
213,1030,3048.54,620.97,29.02,22.69,0,658.32
331,1030,3430.14,1404.27,17.62,20.4,0,359.35
4,1030,3448.19,1774.31,27.19,20.68,0,562.11
383,1030,1293.12,1733.23,18.4,14.49,0,266.54
213,1031,3047.99,621.91,29.43,22.96,0,675.88
331,1031,3432.79,1402.67,18.02,21.0,0,378.59
4,1031,3452.26,1774.05,27.55,21.16,0,583.03
383,1031,1292.87,1733.84,17.61,13.8,0,243.04
213,1032,3047.5,622.8,29.51,23.1,0,681.49
331,1032,3435.3,1401.5,17.91,20.98,0,375.67
4,1032,3455.71,1774.34,27.81,21.49,0,597.69
383,1032,1292.25,1734.86,17.42,13.59,0,236.87
213,1033,3046.91,623.78,28.77,22.5,0,647.32
331,1033,3437.86,1400.19,17.27,20.32,0,350.97
4,1033,3459.39,1774.25,27.71,21.66,0,600.22
213,1034,3046.2,625.1,29.46,23.05,0,678.93
331,1034,3440.18,1399.37,17.69,20.86,0,369.06
4,1034,3462.82,1774.32,27.63,21.85,0,603.57
383,1034,1290.88,1737.72,18.27,14.16,0,258.81
213,1035,3045.1,626.72,29.6,23.19,0,686.58
331,1035,3441.91,1398.23,17.62,20.92,0,368.49
4,1035,3466.28,1774.13,27.54,22.06,0,607.52
213,1036,3043.55,628.17,29.79,23.35,0,695.69
331,1036,3443.45,1396.64,17.61,21.16,0,372.63
4,1036,3469.16,1774.39,27.71,22.47,0,622.72
383,1036,1289.79,1739.82,18.16,14.01,0,254.37
213,1037,3042.64,629.54,30.87,24.33,0,751.05
331,1037,3444.84,1395.25,17.87,21.69,0,387.66
4,1037,3472.4,1773.8,27.85,22.9,0,637.67
383,1037,1288.79,1740.79,18.17,13.95,0,253.4
213,1038,3041.19,630.71,29.91,23.62,0,706.53
331,1038,3446.27,1393.87,17.6,21.52,0,378.64
4,1038,3475.39,1773.17,27.36,22.75,0,622.28
213,1039,3040.07,632.06,29.72,23.51,0,698.57
331,1039,3447.52,1392.91,17.61,21.71,0,382.2
4,1039,3478.14,1773.07,27.5,23.14,0,636.48
383,1039,1287.33,1743.45,18.11,13.84,0,250.73
213,1040,3038.68,633.73,30.19,23.98,0,723.9
331,1040,3448.45,1391.07,17.53,21.69,0,380.1
4,1040,3480.59,1772.81,27.41,23.41,0,641.77
383,1040,1287.0,1744.82,17.88,13.61,0,243.42
213,1041,3037.23,634.89,30.06,23.88,0,717.93
331,1041,3449.63,1389.36,16.97,21.1,0,358.07
4,1041,3483.35,1772.13,27.29,23.72,0,647.5
383,1041,1286.14,1745.68,17.66,13.35,0,235.9
213,1042,3035.94,636.17,29.41,23.43,0,689.0
331,1042,3451.02,1387.66,16.98,21.14,0,359.0
4,1042,3486.49,1771.24,27.98,24.85,0,695.33
213,1043,3035.04,637.04,29.86,23.93,0,714.59
331,1043,3452.33,1386.04,16.69,20.69,0,345.22
4,1043,3489.02,1770.34,27.94,25.27,0,706.08
213,1044,3033.7,638.18,29.31,23.56,0,690.63
331,1044,3453.44,1384.4,16.97,20.89,0,354.36
4,1044,3492.14,1769.37,26.31,24.19,0,636.59
213,1045,3032.78,639.03,29.61,23.88,0,706.91
331,1045,3454.18,1382.32,17.35,21.11,0,366.37
4,1045,3494.76,1768.13,26.11,24.44,0,638.12
213,1046,3031.15,640.07,30.0,24.34,0,730.0
331,1046,3454.78,1380.24,17.6,21.04,0,370.44
4,1046,3497.64,1766.92,26.43,25.21,0,666.21
213,1047,3030.27,640.93,29.93,24.36,0,729.1
331,1047,3457.59,1378.22,17.28,20.34,0,351.42
4,1047,3501.05,1765.48,25.98,25.26,0,656.22
213,1048,3029.8,641.8,30.08,24.65,0,741.41
331,1048,3459.04,1376.51,17.03,19.88,0,338.57
4,1048,3504.88,1764.62,25.54,25.24,0,644.53
213,1049,3029.23,642.8,29.69,24.51,0,727.57
331,1049,3460.48,1374.8,17.39,20.27,0,352.38
4,1049,3507.9,1763.62,25.43,25.58,0,650.64
213,1050,3028.5,644.04,29.67,24.63,0,730.57
331,1050,3461.86,1373.17,17.31,20.07,0,347.38
4,1050,3510.93,1762.7,24.66,25.14,0,620.0
213,1051,3027.71,645.4,30.57,25.49,0,779.2
331,1051,3463.47,1371.61,16.89,19.45,0,328.59
4,1051,3513.86,1762.13,23.94,24.83,0,594.22
383,1051,1280.09,1755.32,22.12,17.31,0,383.02
213,1052,3026.65,646.85,29.47,24.66,0,726.87
331,1052,3464.65,1370.37,16.92,19.28,0,326.13
4,1052,3516.84,1761.55,23.1,24.28,0,560.71
383,1052,1279.83,1756.07,20.93,16.69,0,349.32
213,1053,3026.07,648.11,29.55,24.87,0,734.81
331,1053,3465.46,1369.24,17.92,20.42,0,365.75
4,1053,3519.44,1760.58,22.34,23.76,0,530.77
213,1054,3025.42,649.59,30.29,25.75,0,779.97
331,1054,3466.33,1366.8,18.06,20.58,0,371.54
4,1054,3522.85,1758.94,21.72,23.33,0,506.67
383,1054,1279.14,1756.89,19.31,15.38,0,297.14
213,1055,3024.08,651.0,29.49,25.22,0,743.63
331,1055,3467.13,1365.33,17.28,19.49,0,336.76
4,1055,3525.34,1757.57,21.58,23.53,0,507.77
213,1056,3023.47,652.58,29.36,25.25,0,741.53
331,1056,3468.11,1364.21,16.88,18.75,0,316.61
383,1056,1279.67,1757.71,17.15,13.58,0,232.92
213,1057,3022.51,654.08,29.21,25.32,0,739.64
331,1057,3468.58,1362.59,16.56,18.13,0,300.11
383,1057,1279.93,1757.84,16.76,13.16,0,220.56
213,1058,3021.82,655.35,28.76,25.02,0,719.41
331,1058,3469.38,1360.41,16.39,17.68,0,289.77
383,1058,1279.84,1757.85,16.7,13.02,0,217.46
213,1059,3020.94,656.43,28.54,24.97,0,712.72
331,1059,3470.23,1358.25,16.6,17.6,0,292.22
383,1059,1279.72,1757.66,17.08,13.29,0,226.95
213,1060,3020.03,657.55,29.44,26.01,0,765.59
331,1060,3470.78,1356.4,16.89,17.72,0,299.18
383,1060,1279.69,1757.73,17.09,13.31,0,227.45
4,1060,3536.38,1747.47,23.83,26.57,0,633.11
213,1061,3018.75,658.62,29.45,26.23,0,772.47
331,1061,3471.21,1354.38,16.82,17.4,0,292.79
383,1061,1279.63,1757.71,17.05,13.27,0,226.18
4,1061,3538.51,1745.73,23.57,26.94,0,634.86
213,1062,3017.6,659.66,29.13,26.08,0,759.75
331,1062,3471.77,1352.57,17.05,17.45,0,297.41
383,1062,1279.41,1757.59,17.14,13.34,0,228.62
4,1062,3540.59,1743.42,21.76,25.34,0,551.5
213,1063,3017.11,660.94,29.17,26.35,0,768.66
331,1063,3472.65,1351.04,16.92,17.07,0,288.83
383,1063,1279.06,1757.47,17.36,13.52,0,234.74
4,1063,3542.51,1740.87,20.68,24.5,0,506.64
213,1064,3016.54,662.28,28.4,25.8,0,732.7
331,1064,3473.54,1349.53,17.53,17.55,0,307.61
383,1064,1278.86,1757.49,17.22,13.43,0,231.24
4,1064,3543.86,1739.35,21.0,25.26,0,530.26
412,1064,166.4,135.85,9.54,16.33,0,155.78
213,1065,3015.55,663.35,28.08,25.62,0,719.4
331,1065,3473.99,1347.66,17.04,16.81,0,286.47
383,1065,1278.64,1757.81,16.57,12.84,0,212.7
4,1065,3546.0,1737.6,20.53,24.83,0,509.68
412,1065,166.36,136.59,8.77,14.92,0,130.85
213,1066,3014.77,665.02,28.51,26.17,0,746.25
331,1066,3474.21,1346.11,17.15,16.75,0,287.13
4,1066,3547.75,1736.29,20.01,24.35,0,487.13
412,1066,166.36,137.13,8.25,13.95,0,115.04
213,1067,3014.34,666.79,28.39,26.15,0,742.66
331,1067,3474.95,1345.14,17.44,16.86,0,294.0
4,1067,3549.8,1734.77,20.05,24.5,0,491.29
412,1067,166.9,138.06,7.33,12.2,0,89.34
213,1068,3013.99,668.52,28.18,26.06,0,734.32
331,1068,3475.81,1344.58,17.75,17.03,0,302.41
4,1068,3551.03,1733.15,20.2,24.59,0,496.81
412,1068,166.06,138.83,7.81,12.74,0,99.54
213,1069,3013.73,669.82,28.37,26.47,0,750.76
331,1069,3477.28,1344.02,17.63,16.75,0,295.33
4,1069,3553.58,1731.18,19.49,23.52,0,458.55
412,1069,166.67,139.7,7.61,12.17,0,92.62
213,1070,3013.36,671.33,27.77,26.0,0,722.09
331,1070,3478.81,1342.82,18.02,16.94,0,305.3
4,1070,3555.87,1730.1,19.34,23.33,0,451.29
412,1070,167.32,140.64,7.6,11.87,0,90.14
213,1071,3013.37,673.5,28.08,26.49,0,743.82
331,1071,3479.65,1341.82,18.08,16.85,0,304.64
4,1071,3558.36,1729.15,18.99,22.74,0,431.86
213,1072,3012.42,675.5,27.77,26.34,0,731.34
331,1072,3480.04,1341.39,18.21,16.79,0,305.67
4,1072,3559.73,1726.62,18.48,21.96,0,405.86
412,1072,167.76,143.91,8.06,12.28,0,98.97
213,1073,3011.41,677.3,27.22,25.9,0,704.77
331,1073,3480.49,1341.02,18.49,16.91,0,312.6
4,1073,3560.9,1724.37,17.62,20.7,0,364.64
412,1073,167.65,145.88,8.33,12.49,0,103.95
213,1074,3010.05,678.85,26.98,25.75,0,694.74
331,1074,3480.66,1340.05,18.52,16.7,0,309.28
4,1074,3561.67,1722.95,18.16,21.18,0,384.6
412,1074,167.31,147.09,8.86,13.02,0,115.37
213,1075,3009.11,680.04,27.07,25.9,0,701.26
331,1075,3480.65,1338.97,18.67,16.62,0,310.38
4,1075,3562.75,1721.51,18.52,21.4,0,396.31
412,1075,167.41,149.0,8.97,12.98,0,116.44
213,1076,3008.42,681.66,27.62,26.55,0,733.28
331,1076,3480.75,1338.22,19.22,16.89,0,324.69
4,1076,3563.53,1720.32,19.31,22.31,0,430.86
412,1076,168.01,150.07,9.17,13.01,0,119.31
213,1077,3007.2,683.76,28.11,27.13,0,762.83
331,1077,3480.75,1337.08,19.08,16.5,0,314.85
4,1077,3564.46,1718.59,19.79,22.9,0,453.29
412,1077,168.78,151.22,9.93,14.03,0,139.32
213,1078,3005.42,685.36,27.93,26.99,0,753.64
331,1078,3480.1,1336.04,19.33,16.38,0,316.55
4,1078,3564.48,1716.99,19.78,22.87,0,452.49
412,1078,169.56,151.99,10.62,15.05,0,159.71
213,1079,3003.9,687.51,27.43,26.55,0,728.08
331,1079,3479.46,1335.26,19.21,15.98,0,307.0
4,1079,3564.49,1714.79,20.2,23.36,0,471.82
412,1079,170.18,152.8,11.46,16.51,0,189.23
213,1080,3002.64,689.01,27.42,26.55,0,728.14
331,1080,3477.75,1334.24,19.7,16.13,0,317.68
4,1080,3564.49,1712.29,19.8,22.8,0,451.4
213,1081,3001.26,690.7,26.7,25.9,0,691.45
331,1081,3476.95,1333.12,19.94,16.07,0,320.39
4,1081,3564.47,1710.4,19.8,22.7,0,449.63
424,1081,3533.98,304.0,14.47,11.65,0,168.61
213,1082,2999.74,692.36,27.25,26.45,0,720.74
331,1082,3476.11,1331.59,19.8,15.7,0,310.8
4,1082,3564.24,1707.65,19.86,22.65,0,449.97
424,1082,3534.58,304.61,13.73,11.11,0,152.5
412,1082,173.64,159.2,9.91,13.88,0,137.61
213,1083,2998.37,694.07,27.19,26.45,0,719.11
331,1083,3475.32,1330.31,20.22,15.78,0,319.07
4,1083,3564.46,1705.1,20.1,22.89,0,460.01
213,1084,2997.01,696.04,26.63,25.81,0,687.34
331,1084,3474.42,1329.53,20.39,15.65,0,319.15
4,1084,3564.58,1702.67,20.22,22.89,0,462.91
424,1084,3535.22,307.67,18.68,15.41,0,287.84
412,1084,176.48,162.68,9.91,13.71,0,135.8
213,1085,2995.77,698.17,26.89,26.07,0,700.91
331,1085,3473.69,1329.62,20.37,15.4,0,313.66
4,1085,3564.28,1700.86,19.4,21.7,0,420.99
412,1085,177.59,163.7,10.54,14.58,0,153.65
213,1086,2994.69,700.07,26.67,25.91,0,690.95
331,1086,3473.26,1329.56,20.47,15.29,0,313.09
4,1086,3564.45,1699.04,19.0,20.92,0,397.56
213,1087,2993.66,702.42,27.05,26.25,0,710.0
331,1087,3472.64,1329.02,20.8,15.38,0,319.89
4,1087,3564.81,1696.75,19.59,21.32,0,417.7
213,1088,2992.87,704.55,27.0,26.27,0,709.29
331,1088,3471.71,1328.3,21.26,15.55,0,330.56
4,1088,3564.93,1694.69,19.59,21.04,0,412.16
213,1089,2991.82,706.14,27.16,26.44,0,718.02
331,1089,3471.06,1327.98,21.47,15.58,0,334.35
4,1089,3564.77,1692.59,19.58,20.7,0,405.27
213,1090,2990.87,708.42,27.12,26.39,0,715.65
331,1090,3470.52,1328.14,21.79,15.73,0,342.73
4,1090,3565.16,1690.55,19.6,20.35,0,398.9
213,1091,2990.07,710.98,26.58,25.91,0,688.83
331,1091,3469.94,1328.49,21.66,15.55,0,336.81
4,1091,3565.2,1689.02,19.25,19.65,0,378.38
213,1092,2989.26,713.73,27.09,26.54,0,718.96
331,1092,3468.93,1328.97,22.0,15.69,0,345.34
4,1092,3564.96,1688.25,19.88,19.96,0,396.71
213,1093,2988.25,716.73,26.98,26.38,0,711.67
331,1093,3468.15,1329.76,22.1,15.68,0,346.4
4,1093,3565.11,1687.01,19.63,19.21,0,377.13
213,1094,2987.35,718.97,26.99,26.43,0,713.56
331,1094,3467.74,1330.45,22.44,15.91,0,357.01
4,1094,3565.19,1685.88,19.92,19.14,0,381.22
213,1095,2986.64,721.31,26.73,26.19,0,699.9
331,1095,3467.1,1330.86,22.49,15.93,0,358.21
4,1095,3565.07,1684.24,20.33,19.19,0,390.12
213,1096,2985.45,723.62,26.67,26.25,0,699.88
331,1096,3465.93,1331.14,22.56,15.95,0,359.73
4,1096,3564.45,1683.06,20.48,19.03,0,389.74
213,1097,2983.94,725.06,26.33,25.92,0,682.5
331,1097,3464.7,1331.17,22.31,15.73,0,351.05
4,1097,3563.42,1681.77,21.47,19.72,0,423.28
213,1098,2982.55,726.71,26.72,26.37,0,704.43
331,1098,3463.67,1330.98,22.34,15.75,0,351.93
4,1098,3562.33,1678.76,21.83,19.88,0,434.08
213,1099,2981.36,728.41,27.21,26.95,0,733.42
331,1099,3462.93,1330.69,22.68,16.04,0,363.7
4,1099,3561.81,1676.8,21.1,18.91,0,398.94
213,1100,2980.37,729.97,26.92,26.77,0,720.61
331,1100,3462.17,1330.48,22.46,15.87,0,356.54
4,1100,3561.48,1675.1,20.65,18.15,0,374.76
213,1101,2979.63,731.56,26.76,26.75,0,715.9
331,1101,3461.4,1330.68,22.06,15.57,0,343.35
4,1101,3561.71,1674.13,20.71,17.9,0,370.72
213,1102,2979.21,732.8,26.74,26.9,0,719.15
331,1102,3461.21,1330.7,21.49,15.17,0,325.95
4,1102,3562.15,1672.93,21.01,17.85,0,375.12
213,1103,2978.94,734.66,26.69,26.95,0,719.34
331,1103,3461.58,1331.11,21.67,15.4,0,333.75
4,1103,3562.32,1671.33,20.33,16.87,0,342.94
213,1104,2978.48,736.84,27.1,27.44,0,743.62
331,1104,3462.08,1331.07,21.49,15.34,0,329.67
4,1104,3562.33,1669.65,20.34,16.51,0,335.9
213,1105,2977.94,739.06,26.33,26.63,0,701.17
331,1105,3461.86,1331.2,21.1,15.15,0,319.73
4,1105,3562.55,1668.65,20.77,16.55,0,343.64
213,1106,2977.7,740.98,26.54,26.93,0,714.77
331,1106,3461.49,1331.53,21.13,15.33,0,323.85
4,1106,3562.2,1667.71,20.94,16.45,0,344.37
213,1107,2977.22,742.54,26.65,27.15,0,723.42
331,1107,3461.2,1331.77,21.16,15.57,0,329.5
4,1107,3562.43,1666.72,22.33,17.44,0,389.57
213,1108,2977.27,744.78,26.48,27.05,0,716.46
331,1108,3461.36,1332.38,20.9,15.64,0,326.97
4,1108,3562.69,1666.06,22.26,17.16,0,381.84
213,1109,2976.81,746.83,26.6,27.36,0,727.79
331,1109,3461.06,1333.17,20.28,15.43,0,312.94
4,1109,3562.47,1665.6,22.42,17.07,0,382.75
443,1109,3564.58,353.72,8.99,11.8,0,106.11
213,1110,2975.86,749.09,26.94,27.81,0,749.34
331,1110,3461.51,1334.03,20.31,15.71,0,319.19
4,1110,3562.16,1665.13,23.08,17.43,0,402.26
213,1111,2975.26,751.0,26.2,27.12,0,710.44
331,1111,3462.2,1334.37,20.44,16.06,0,328.22
4,1111,3562.14,1664.44,22.94,17.23,0,395.35
213,1112,2975.18,752.88,26.22,27.25,0,714.48
331,1112,3462.51,1334.45,19.88,15.78,0,313.7
4,1112,3562.46,1663.94,23.89,17.92,0,428.01
213,1113,2974.76,755.39,25.94,27.01,0,700.64
331,1113,3462.86,1335.39,19.16,15.31,0,293.3
4,1113,3562.71,1663.87,23.93,17.86,0,427.54
213,1114,2974.86,757.45,26.77,28.11,0,752.41
331,1114,3463.33,1336.3,18.95,15.27,0,289.39
4,1114,3562.46,1663.51,23.7,17.55,0,415.86
213,1115,2974.73,759.99,26.61,28.03,0,746.06
331,1115,3464.14,1337.36,19.33,15.74,0,304.12
4,1115,3562.25,1663.64,23.84,17.52,0,417.7
213,1116,2974.35,762.45,26.1,27.57,0,719.32
331,1116,3465.01,1338.08,19.46,15.94,0,310.16
4,1116,3562.35,1663.46,24.41,17.88,0,436.48
213,1117,2974.31,764.74,26.25,27.89,0,732.05
331,1117,3465.3,1338.76,19.38,15.89,0,308.03
4,1117,3562.35,1663.49,25.07,18.35,0,460.03
213,1118,2974.05,766.92,25.87,27.62,0,714.53
331,1118,3465.81,1339.33,19.31,15.74,0,303.84
4,1118,3562.04,1663.76,24.86,18.14,0,450.9
213,1119,2974.13,769.54,26.41,28.42,0,750.67
331,1119,3466.83,1340.0,19.79,16.09,0,318.38
4,1119,3561.8,1663.73,24.54,17.82,0,437.46
446,1119,197.78,219.49,12.63,17.02,0,214.89
213,1120,2973.5,772.42,26.23,28.39,0,744.7
331,1120,3467.39,1340.84,21.22,17.34,0,368.0
4,1120,3561.07,1663.95,24.8,17.92,0,444.34
213,1121,2973.08,775.06,25.75,28.09,0,723.24
331,1121,3468.19,1342.47,20.64,16.59,0,342.38
4,1121,3560.2,1664.05,25.12,18.11,0,454.94
446,1121,198.14,221.49,10.16,13.6,0,138.26
213,1122,2972.08,777.37,26.05,28.57,0,744.16
331,1122,3468.06,1343.1,20.44,16.05,0,327.96
4,1122,3559.1,1663.78,25.26,18.19,0,459.44
446,1122,198.31,223.7,10.24,13.64,0,139.66
213,1123,2971.32,779.73,25.33,27.95,0,707.99
331,1123,3467.95,1343.5,20.55,15.78,0,324.17
4,1123,3558.15,1663.62,25.78,18.61,0,479.75
446,1123,198.37,225.92,9.6,12.6,0,120.96
213,1124,2970.69,782.01,25.74,28.69,0,738.51
331,1124,3468.02,1344.02,20.69,15.59,0,322.4
4,1124,3556.88,1663.27,25.44,18.36,0,467.02
446,1124,199.51,227.59,9.45,12.3,0,116.2
213,1125,2969.92,784.95,25.96,29.14,0,756.64
331,1125,3468.07,1344.62,21.17,15.72,0,332.83
4,1125,3555.47,1663.21,24.9,17.91,0,445.84
446,1125,200.71,229.75,9.9,12.79,0,126.59
213,1126,2969.45,787.77,25.53,28.76,0,734.15
331,1126,3467.69,1345.15,21.45,15.63,0,335.15
4,1126,3554.24,1663.23,25.02,17.98,0,449.88
446,1126,201.79,231.58,10.22,13.19,0,134.73
331,1127,3466.12,1346.09,24.63,18.18,0,447.94
4,1127,3552.93,1662.62,24.93,17.98,0,448.19
446,1127,202.68,232.85,9.91,12.73,0,126.21
331,1128,3465.36,1346.51,25.4,18.95,0,481.36
4,1128,3551.7,1662.5,25.26,18.29,0,461.83
446,1128,203.77,233.64,10.24,13.09,0,134.0
213,1128,2968.19,792.57,25.03,28.32,0,708.83
331,1129,3464.96,1346.78,25.24,19.01,0,479.75
4,1129,3550.67,1662.67,25.57,18.57,0,474.8
213,1129,2967.65,794.68,24.68,27.97,0,690.3
331,1130,3464.08,1347.19,24.3,18.34,0,445.68
4,1130,3549.3,1662.89,25.3,18.37,0,464.7
213,1130,2967.08,797.25,25.59,29.17,0,746.28
331,1131,3462.5,1347.26,24.01,18.19,0,436.84
4,1131,3547.66,1662.7,25.12,18.27,0,458.93
446,1131,209.15,238.82,10.0,12.41,0,124.13
331,1132,3461.51,1347.3,23.72,18.06,0,428.5
4,1132,3546.27,1662.52,25.31,18.46,0,467.34
446,1132,209.95,241.17,10.74,13.15,0,141.17
213,1132,2965.26,802.3,25.73,29.54,0,759.94
331,1133,3460.97,1347.35,23.4,17.91,0,419.1
4,1133,3544.82,1662.28,25.35,18.47,0,468.28
446,1133,210.87,242.88,11.05,13.55,0,149.76
331,1134,3460.34,1347.46,22.9,17.62,0,403.37
4,1134,3543.66,1662.13,25.23,18.41,0,464.46
213,1134,2964.77,806.93,25.64,29.67,0,760.7
331,1135,3459.34,1347.59,22.44,17.31,0,388.34
4,1135,3542.35,1662.25,26.01,19.07,0,496.03
213,1135,2964.53,809.45,25.64,29.97,0,768.28
446,1135,215.02,246.24,10.5,12.85,0,134.84
331,1136,3458.61,1347.82,21.78,16.79,0,365.82
4,1136,3540.8,1662.5,25.27,18.61,0,470.24
213,1136,2964.37,812.26,24.98,29.51,0,737.22
446,1136,216.45,247.73,11.7,14.52,0,169.91
331,1137,3458.28,1347.99,21.38,16.44,0,351.53
4,1137,3539.61,1662.64,25.21,18.73,0,472.28
213,1137,2964.19,815.03,24.68,29.5,0,728.09
331,1138,3457.9,1348.66,20.76,15.78,0,327.73
4,1138,3538.57,1663.05,25.53,19.17,0,489.41
213,1138,2964.01,817.97,24.2,29.17,0,705.94
446,1138,220.9,252.24,11.15,13.51,0,150.67
331,1139,3457.26,1349.19,20.48,15.39,0,315.13
4,1139,3537.31,1663.89,25.39,19.27,0,489.31
213,1139,2963.76,821.08,23.64,28.55,0,674.87
331,1140,3456.68,1349.5,20.71,15.41,0,319.13
4,1140,3535.65,1664.5,25.31,19.37,0,490.31
213,1140,2963.85,823.71,23.77,28.9,0,686.88
446,1140,224.23,257.06,11.19,13.56,0,151.65
331,1141,3455.79,1350.51,21.25,15.67,0,333.03
4,1141,3534.52,1665.69,25.89,20.07,0,519.74
213,1141,2963.78,827.07,24.02,29.41,0,706.27
331,1142,3455.31,1351.46,21.31,15.6,0,332.54
4,1142,3533.61,1666.9,26.42,20.78,0,549.22
213,1142,2963.48,830.25,23.99,29.55,0,709.03
331,1143,3454.62,1352.09,21.48,15.61,0,335.4
4,1143,3532.44,1667.17,26.03,20.73,0,539.69
213,1143,2962.87,833.19,23.43,28.87,0,676.27
331,1144,3454.23,1352.59,21.43,15.49,0,331.86
4,1144,3530.9,1667.59,25.9,20.95,0,542.61
213,1144,2962.76,835.81,23.26,28.62,0,665.85
331,1145,3453.89,1352.89,22.1,15.94,0,352.32
4,1145,3529.36,1668.35,24.89,20.27,0,504.65
331,1146,3453.08,1353.11,22.09,15.9,0,351.3
4,1146,3528.76,1668.91,25.41,21.01,0,533.95
213,1146,2963.13,840.89,23.81,29.63,0,705.36
331,1147,3452.2,1353.63,21.91,15.72,0,344.46
4,1147,3527.62,1670.24,25.12,21.03,0,528.2
213,1147,2962.99,844.02,23.77,29.74,0,706.79
331,1148,3451.43,1354.54,21.95,15.68,0,344.26
4,1148,3526.58,1671.36,24.76,21.05,0,520.99
213,1148,2962.71,846.64,23.03,28.87,0,664.92
331,1149,3451.43,1355.46,22.0,15.71,0,345.65
4,1149,3526.13,1672.66,24.64,21.27,0,524.11
213,1149,2963.12,849.42,23.12,28.88,0,667.72
446,1149,234.91,275.39,11.4,13.27,0,151.24
331,1150,3451.38,1356.07,22.28,15.95,0,355.5
4,1150,3525.83,1674.24,24.74,21.63,0,534.91
213,1150,2963.35,852.06,23.38,29.27,0,684.35
331,1151,3451.09,1356.82,22.31,16.01,0,357.19
4,1151,3525.1,1675.8,24.49,21.77,0,533.14
213,1151,2963.76,854.91,23.43,29.35,0,687.76
331,1152,3450.8,1357.76,22.21,15.99,0,355.17
4,1152,3524.95,1677.4,24.3,22.01,0,534.92
213,1152,2964.12,857.92,23.72,29.89,0,708.93
331,1153,3450.63,1358.56,22.23,16.08,0,357.51
4,1153,3524.98,1678.76,24.34,22.42,0,545.85
213,1153,2964.87,861.06,23.27,29.36,0,683.18
331,1154,3450.97,1359.24,21.67,15.78,0,341.87
4,1154,3525.5,1680.13,23.71,22.18,0,525.9
213,1154,2965.93,863.91,23.64,29.99,0,708.89
331,1155,3451.55,1360.12,21.83,16.06,0,350.5
4,1155,3525.93,1681.62,24.11,22.89,0,551.76
213,1155,2966.94,866.42,23.14,29.1,0,673.23
331,1156,3451.91,1360.72,22.33,16.66,0,372.13
4,1156,3526.13,1683.16,24.14,23.38,0,564.42
213,1156,2968.01,868.32,23.34,29.39,0,686.06
331,1157,3452.68,1361.38,22.92,17.38,0,398.3
4,1157,3527.08,1684.74,23.56,23.18,0,546.1
213,1157,2968.98,870.73,23.24,29.37,0,682.77
331,1158,3453.28,1362.15,22.05,16.91,0,372.72
4,1158,3528.28,1686.33,23.54,23.53,0,554.08
213,1158,2970.51,873.28,23.32,29.72,0,692.92
331,1159,3453.87,1362.57,22.5,17.45,0,392.74
4,1159,3529.81,1688.15,23.25,23.64,0,549.52
213,1159,2972.09,875.37,23.28,29.74,0,692.36
331,1160,3456.43,1363.86,22.96,18.03,0,413.94
4,1160,3531.46,1689.93,23.26,24.04,0,559.03
213,1160,2974.07,877.68,23.35,29.76,0,694.93
331,1161,3458.03,1364.87,22.73,18.2,0,413.54
4,1161,3532.71,1691.86,23.15,24.36,0,563.89
213,1161,2975.33,879.88,23.52,30.06,0,707.0
331,1162,3459.15,1365.69,23.17,19.08,0,442.0
4,1162,3533.84,1694.16,22.27,23.8,0,530.11
213,1162,2976.73,882.66,22.96,29.41,0,675.37
331,1163,3460.45,1366.52,24.0,20.47,0,491.45
4,1163,3535.44,1696.37,22.2,24.03,0,533.61
213,1163,2978.14,885.55,22.83,29.28,0,668.35
331,1164,3461.6,1368.98,23.15,20.33,0,470.81
4,1164,3536.96,1699.08,21.66,23.81,0,515.71
331,1165,3462.6,1370.39,21.93,19.71,0,432.24
4,1165,3538.61,1701.25,21.86,24.42,0,533.79
213,1165,2980.68,891.76,22.58,28.61,0,645.9
331,1166,3463.68,1371.8,20.85,19.18,0,399.8
4,1166,3539.46,1703.79,21.68,24.54,0,532.22
213,1166,2982.26,893.8,22.83,28.97,0,661.31
331,1167,3465.43,1373.24,20.77,19.44,0,403.76
4,1167,3540.2,1706.12,20.86,23.92,0,498.91
213,1167,2984.15,896.84,23.11,29.36,0,678.43
331,1168,3466.79,1374.81,20.56,19.7,0,405.16
4,1168,3541.34,1708.36,20.54,23.74,0,487.62
213,1168,2985.68,899.95,23.24,29.6,0,687.79
331,1169,3467.65,1376.46,20.21,19.76,0,399.33
4,1169,3542.3,1710.55,20.85,24.38,0,508.27
213,1169,2987.19,902.98,23.51,30.05,0,706.34
331,1170,3468.49,1378.39,19.96,19.87,0,396.53
4,1170,3544.06,1712.8,21.04,24.94,0,524.77
213,1170,2987.85,906.05,22.83,29.12,0,664.96
331,1171,3469.13,1379.93,19.88,20.13,0,400.26
4,1171,3544.53,1715.71,21.19,25.41,0,538.35
213,1171,2989.08,908.9,22.91,29.18,0,668.5
331,1172,3469.85,1381.57,19.41,19.98,0,387.98
4,1172,3544.68,1718.06,20.71,25.1,0,519.78
213,1172,2989.61,911.5,23.08,29.47,0,680.23
331,1173,3469.75,1383.17,19.56,20.5,0,400.97
4,1173,3544.79,1719.71,20.64,25.23,0,520.77
213,1173,2989.49,914.51,22.55,28.74,0,648.01
456,1173,246.03,307.93,13.13,15.87,0,208.34
331,1174,3469.19,1384.91,19.23,20.47,0,393.67
4,1174,3544.0,1721.76,20.69,25.42,0,526.03
213,1174,2989.59,917.2,22.55,28.83,0,650.08
456,1174,246.03,308.87,14.61,17.73,0,259.1
331,1175,3468.16,1386.31,19.01,20.5,0,389.64
4,1175,3543.53,1723.77,20.15,25.06,0,504.93
213,1175,2989.24,919.9,22.81,29.11,0,664.04
331,1176,3467.74,1387.79,18.41,20.06,0,369.39
4,1176,3543.22,1725.75,20.07,25.05,0,502.64
213,1176,2989.44,922.42,22.67,28.86,0,654.43
331,1177,3467.98,1389.01,18.54,20.45,0,379.01
4,1177,3543.19,1728.0,20.12,25.3,0,509.0
213,1177,2989.81,924.64,22.94,29.32,0,672.5
331,1178,3467.61,1390.37,18.72,20.93,0,391.92
4,1178,3543.1,1729.47,19.54,24.7,0,482.52
213,1178,2989.66,927.57,23.42,29.96,0,701.84
331,1179,3467.44,1391.29,19.11,21.75,0,415.71
4,1179,3543.03,1731.39,19.33,24.46,0,472.92
213,1179,2989.9,930.03,23.21,29.8,0,691.88
331,1180,3467.48,1392.94,18.98,21.85,0,414.91
4,1180,3543.33,1732.77,19.47,24.8,0,482.77
213,1180,2990.31,932.28,23.38,30.03,0,701.95
460,1180,249.85,319.64,11.47,12.99,0,149.01
331,1181,3467.58,1394.01,18.21,21.14,0,385.03
4,1181,3543.44,1734.51,19.41,24.85,0,482.21
213,1181,2990.27,934.74,22.87,29.3,0,670.31
460,1181,250.87,320.8,11.94,13.54,0,161.64
331,1182,3468.41,1395.82,18.24,21.4,0,390.36
4,1182,3544.1,1736.36,19.37,24.92,0,482.76
213,1182,2991.61,937.07,22.82,29.19,0,666.04
460,1182,251.9,322.19,11.68,13.25,0,154.77
331,1183,3469.23,1397.62,17.69,20.89,0,369.67
4,1183,3545.71,1737.94,19.55,25.21,0,492.86
213,1183,2992.8,939.55,23.33,29.83,0,695.99
460,1183,252.94,323.47,11.79,13.43,0,158.27
331,1184,3470.01,1398.88,17.41,20.74,0,361.18
4,1184,3546.8,1739.72,20.13,26.01,0,523.57
213,1184,2994.09,942.25,23.16,29.66,0,686.9
331,1185,3470.95,1400.0,17.13,20.59,0,352.79
4,1185,3548.05,1741.47,19.92,25.78,0,513.44
213,1185,2995.76,944.56,22.93,29.51,0,676.69
331,1186,3471.39,1401.49,17.16,20.84,0,357.6
4,1186,3549.07,1743.46,19.41,25.19,0,489.04
213,1186,2996.54,946.88,23.32,29.83,0,695.85
331,1187,3472.51,1403.66,17.51,21.47,0,376.09
4,1187,3550.01,1745.98,19.52,25.22,0,492.19
213,1187,2997.44,949.45,23.42,29.89,0,700.19
331,1188,3473.4,1405.5,17.46,21.52,0,375.63
4,1188,3550.84,1747.98,19.7,25.16,0,495.63
213,1188,2999.25,952.1,23.83,30.44,0,725.43
331,1189,3474.62,1407.27,17.24,21.31,0,367.37
4,1189,3552.89,1749.83,19.84,25.19,0,499.57
213,1189,3000.31,955.19,23.75,30.34,0,720.53
331,1190,3475.39,1409.44,16.91,21.01,0,355.37
4,1190,3554.05,1752.08,19.92,25.32,0,504.28
213,1190,3001.4,958.32,23.32,29.79,0,694.65
331,1191,3475.7,1411.48,16.87,21.12,0,356.24
4,1191,3554.9,1754.36,19.8,25.15,0,497.8
213,1191,3002.19,961.09,23.24,29.62,0,688.44
331,1192,3476.16,1413.44,16.74,21.02,0,351.85
4,1192,3555.96,1756.39,19.28,24.38,0,470.14
213,1192,3003.24,963.42,22.77,29.03,0,660.99
331,1193,3476.62,1414.87,16.98,21.33,0,362.11
4,1193,3557.18,1758.72,19.64,24.71,0,485.35
213,1193,3004.19,965.87,23.99,30.71,0,736.67
331,1194,3477.11,1417.44,17.21,21.51,0,370.23
4,1194,3558.21,1760.75,19.85,24.84,0,493.14
213,1194,3005.2,969.83,23.34,30.02,0,700.56
331,1195,3477.78,1420.21,17.68,21.84,0,386.07
4,1195,3559.68,1762.68,19.71,24.62,0,485.16
213,1195,3006.81,972.49,22.84,29.49,0,673.49
331,1196,3478.05,1422.54,17.72,21.61,0,383.05
4,1196,3560.63,1764.6,20.06,24.97,0,500.89
213,1196,3007.61,975.53,23.02,29.74,0,684.52
468,1196,3481.75,1422.09,20.8,21.36,0,444.26
331,1197,3478.11,1424.25,17.62,21.18,0,373.16
4,1197,3561.4,1766.73,19.98,24.74,0,494.25
213,1197,3007.97,977.87,22.88,29.4,0,672.66
468,1197,3481.63,1423.52,20.44,20.98,0,428.87
331,1198,3478.19,1425.64,17.72,21.02,0,372.48
4,1198,3562.44,1768.38,19.83,24.3,0,481.88
213,1198,3008.88,979.95,22.91,29.57,0,677.49
468,1198,3481.71,1424.96,20.25,20.77,0,420.62
331,1199,3479.55,1428.23,18.51,22.2,0,410.87
4,1199,3563.49,1770.53,20.04,24.29,0,486.83
213,1199,3009.09,982.59,23.21,30.07,0,697.96
331,1200,3480.42,1429.93,18.14,21.99,0,398.8
4,1200,3564.13,1772.15,19.79,23.79,0,471.01
331,1201,3481.22,1431.79,17.81,21.73,0,386.88
4,1201,3565.33,1773.69,20.13,24.04,0,483.85
331,1202,3481.91,1433.67,17.19,21.04,0,361.72
4,1202,3566.22,1775.98,20.42,24.19,0,493.99
331,1203,3482.63,1435.87,17.21,21.23,0,365.24
4,1203,3567.28,1777.86,20.16,23.53,0,474.36
331,1204,3483.61,1438.47,17.45,21.6,0,376.85
4,1204,3568.39,1780.06,19.71,22.6,0,445.38
213,1204,3012.95,996.2,23.02,29.87,0,687.7
331,1205,3484.27,1441.08,17.43,21.74,0,379.02
4,1205,3569.44,1781.99,20.06,22.63,0,454.1
213,1205,3013.59,999.27,23.3,30.2,0,703.67
331,1206,3485.02,1443.06,17.08,21.23,0,362.7
4,1206,3570.79,1784.02,19.99,22.29,0,445.52
331,1207,3485.97,1445.06,16.95,21.14,0,358.2
4,1207,3572.63,1785.9,20.75,22.86,0,474.38
213,1207,3015.46,1004.49,23.09,29.74,0,686.76
331,1208,3487.19,1447.06,16.81,21.05,0,353.89
4,1208,3574.55,1787.64,21.13,23.05,0,487.07
213,1208,3016.95,1007.22,22.61,28.9,0,653.47
331,1209,3488.65,1449.56,16.67,20.88,0,347.98
4,1209,3576.33,1790.12,20.57,22.0,0,452.66
213,1209,3017.97,1009.84,22.62,28.86,0,652.95
331,1210,3490.5,1451.7,16.45,20.48,0,336.77
4,1210,3578.48,1792.39,20.42,21.43,0,437.66
213,1210,3019.78,1012.92,23.15,29.63,0,685.82
331,1211,3491.88,1453.6,16.63,20.74,0,344.98
4,1211,3580.73,1793.99,20.83,21.52,0,448.2
213,1211,3021.31,1015.52,22.95,29.51,0,677.36
331,1212,3493.25,1456.12,17.04,21.38,0,364.37
4,1212,3582.71,1796.22,21.19,21.51,0,455.68
213,1212,3022.62,1018.53,23.34,29.94,0,698.73
331,1213,3495.06,1458.52,16.96,21.3,0,361.18
4,1213,3584.69,1797.99,20.81,20.7,0,430.84
213,1213,3023.49,1021.35,22.86,29.31,0,669.93
331,1214,3496.98,1460.51,16.61,20.84,0,346.05
4,1214,3586.87,1799.25,21.72,21.37,0,464.26
213,1214,3024.62,1023.79,22.59,28.88,0,652.4
331,1215,3499.9,1462.45,16.67,20.8,0,346.91
4,1215,3590.68,1802.02,21.55,20.83,0,448.77
213,1215,3026.69,1026.32,23.56,30.35,0,715.1
-1,1216,3514.74,1468.62,16.38,21.72,0,355.85
-1,1216,3606.49,1809.73,25.7,20.12,0,517.02
486,1217,3612.1,1812.94,25.77,20.16,0,519.39
486,1218,3606.93,1810.95,24.53,19.17,0,470.35
331,1218,3511.79,1470.79,16.78,20.94,0,351.43
331,1219,3509.33,1471.27,16.67,20.63,0,343.95
4,1219,3598.35,1807.92,21.11,19.76,0,417.15
213,1219,3032.16,1038.05,21.21,26.93,0,571.15
-1,1220,3497.96,1469.37,16.34,20.6,0,336.55
-1,1220,3588.49,1803.87,25.46,19.18,0,488.3
-1,1220,316.33,387.76,10.51,13.46,0,141.47
-1,1220,3027.45,1039.69,22.19,28.43,0,630.76
492,1221,3500.79,1471.8,16.08,20.23,0,325.21
486,1221,3595.92,1807.04,23.53,18.32,0,430.92
213,1221,3031.32,1043.43,23.01,29.25,0,673.19
213,1222,3033.43,1045.92,22.25,28.34,0,630.72
331,1222,3509.44,1475.31,16.25,20.0,0,324.98
4,1222,3602.25,1809.88,20.79,18.53,0,385.32
213,1223,3035.13,1048.27,22.94,29.0,0,665.19
331,1223,3509.95,1476.71,16.07,19.66,0,315.99
4,1223,3604.66,1810.88,21.39,18.5,0,395.77
213,1224,3035.89,1050.37,22.81,28.61,0,652.45
331,1224,3510.81,1478.6,15.86,19.32,0,306.4
4,1224,3606.34,1811.68,21.92,18.53,0,406.28
497,1224,310.58,392.18,13.26,16.38,0,217.2
213,1225,3036.12,1052.46,23.11,28.95,0,668.94
331,1225,3512.05,1480.49,15.71,19.05,0,299.34
4,1225,3607.76,1812.47,22.37,18.5,0,413.74
213,1226,3037.26,1054.85,23.12,28.99,0,670.31
331,1226,3513.75,1482.01,15.68,18.95,0,297.12
4,1226,3609.63,1813.21,22.65,18.36,0,415.88
213,1227,3038.4,1057.55,22.92,28.68,0,657.45
331,1227,3515.2,1483.6,15.3,18.19,0,278.16
4,1227,3611.73,1813.79,22.97,18.26,0,419.43
213,1228,3039.02,1059.88,22.66,28.29,0,641.04
331,1228,3516.22,1485.14,15.39,18.12,0,278.78
4,1228,3614.11,1814.8,23.59,18.56,0,437.66
213,1229,3040.64,1062.45,22.93,28.52,0,654.0
331,1229,3518.49,1486.89,15.65,18.13,0,283.65
4,1229,3616.7,1815.23,24.03,18.71,0,449.63
213,1230,3041.45,1064.83,22.86,28.29,0,646.95
331,1230,3520.2,1488.36,15.5,17.8,0,275.86
4,1230,3619.2,1815.59,24.33,18.73,0,455.79
213,1231,3043.01,1067.58,23.05,28.54,0,657.75
331,1231,3521.98,1489.57,15.44,17.47,0,269.75
4,1231,3621.81,1816.38,24.46,18.59,0,454.76
503,1231,315.88,404.24,19.39,16.49,0,319.67
213,1232,3044.52,1069.99,23.18,28.87,0,669.18
331,1232,3523.75,1490.68,15.9,17.86,0,284.01
4,1232,3624.69,1816.94,24.32,18.24,0,443.61
213,1233,3046.52,1072.33,23.13,28.72,0,664.25
331,1233,3526.43,1493.11,16.11,18.0,0,289.97
4,1233,3628.22,1817.78,24.37,18.05,0,439.75
213,1234,3047.76,1074.5,23.1,28.59,0,660.44
331,1234,3529.19,1495.33,16.19,17.86,0,289.11
4,1234,3631.44,1818.94,25.51,18.79,0,479.42
504,1234,316.88,411.73,12.92,16.54,0,213.73
213,1235,3050.35,1077.01,23.17,28.56,0,661.76
331,1235,3533.01,1497.06,16.43,17.93,0,294.54
4,1235,3635.8,1820.0,25.61,18.79,0,481.35
504,1235,316.69,412.36,12.0,15.29,0,183.44
213,1236,3053.07,1079.44,23.03,28.33,0,652.57
331,1236,3536.34,1498.41,16.61,17.96,0,298.37
4,1236,3639.97,1820.85,25.14,18.3,0,459.96
213,1237,3055.28,1081.99,23.28,28.6,0,665.69
331,1237,3539.28,1499.75,17.17,18.45,0,316.85
4,1237,3643.54,1821.67,26.09,18.92,0,493.64
213,1238,3056.99,1083.95,22.97,28.24,0,648.78
331,1238,3542.03,1500.55,17.45,18.59,0,324.54
4,1238,3647.07,1821.61,26.2,18.92,0,495.8
504,1238,316.96,414.5,10.66,13.37,0,142.56
213,1239,3059.12,1086.19,22.67,27.67,0,627.2
331,1239,3545.27,1501.94,17.5,18.5,0,323.82
4,1239,3650.52,1821.27,25.7,18.43,0,473.64
213,1240,3061.57,1088.02,22.55,27.37,0,617.14
331,1240,3548.52,1502.97,17.77,18.54,0,329.46
4,1240,3654.62,1821.31,26.84,19.29,0,517.84
504,1240,317.75,416.33,10.45,12.95,0,135.26
213,1241,3063.52,1090.17,23.45,28.36,0,664.86
331,1241,3550.89,1504.41,18.2,18.62,0,338.76
4,1241,3657.73,1821.52,26.91,19.37,0,521.22
504,1241,318.1,417.74,11.0,13.58,0,149.38
213,1242,3065.67,1092.4,24.07,29.05,0,699.15
331,1242,3553.93,1505.54,18.76,19.04,0,357.18
4,1242,3661.29,1821.69,26.55,19.1,0,507.24
504,1242,318.61,419.79,10.67,13.13,0,140.09
213,1243,3068.25,1102.57,23.02,27.6,0,635.29
-1,1244,3453.07,1785.87,19.22,20.92,0,402.07
-1,1244,444.89,163.14,11.05,14.31,0,158.13
-1,1244,3497.92,2120.51,27.02,19.44,0,525.11
-1,1244,3049.6,1286.52,24.46,31.07,0,760.12
-1,1245,3284.39,2060.14,18.19,21.14,0,384.45
-1,1245,2985.26,1493.25,22.28,29.25,0,651.72
-1,1246,2880.64,1682.57,22.78,29.2,0,665.15
-1,1246,928.25,1250.45,17.75,15.24,0,270.49
-1,1247,2742.76,1841.39,21.55,29.43,0,634.31
-1,1247,910.3,1047.63,20.6,15.38,0,316.74
-1,1248,2568.18,1972.77,23.53,28.09,0,660.88
-1,1248,931.42,833.76,15.97,17.33,0,276.66
-1,1249,2475.7,2021.28,22.89,27.32,0,625.32
-1,1249,957.63,713.85,19.27,18.01,0,347.03
-1,1249,94.33,2051.6,20.67,12.37,0,255.64
-1,1249,3633.48,2146.18,8.59,11.49,0,98.69
523,1250,2473.41,2021.12,22.08,26.35,0,581.84
524,1250,956.29,710.91,19.1,17.89,0,341.61
523,1251,2471.15,2022.47,23.31,27.81,0,648.07
524,1251,953.05,707.57,18.14,17.05,0,309.41
523,1252,2469.26,2028.19,23.69,28.27,0,669.83
523,1253,2469.16,2038.58,23.83,28.41,0,677.06
523,1254,2468.14,2047.52,23.97,28.59,0,685.33
523,1255,2466.09,2052.9,24.13,28.86,0,696.39
523,1256,2462.99,2051.07,24.12,28.79,0,694.32
-1,1257,2459.34,2020.54,23.75,27.94,0,663.69
-1,1257,902.39,650.75,16.21,18.63,0,301.94
-1,1258,900.04,605.07,16.24,17.28,0,280.61
-1,1258,2456.69,1976.28,23.74,28.19,0,669.26
-1,1259,2454.84,1915.21,23.14,27.63,0,639.33
-1,1259,899.04,542.38,16.38,18.03,0,295.28
-1,1259,31.9,1937.24,20.29,13.61,0,276.15
-1,1260,2453.21,1837.69,23.9,27.63,0,660.25
-1,1260,896.68,464.15,15.97,18.22,0,291.07
-1,1260,3657.83,1962.17,9.08,12.47,0,113.32
-1,1261,895.08,370.81,16.44,18.31,0,301.09
-1,1261,2452.36,1746.66,22.58,27.52,0,621.5
-1,1262,893.46,262.06,16.3,20.11,0,327.79
-1,1262,2451.32,1640.8,23.63,28.5,0,673.37
-1,1263,892.8,141.91,16.69,19.17,0,319.98
-1,1263,2356.58,2143.52,15.14,22.26,0,336.91
-1,1263,2451.35,1521.92,23.69,27.54,0,652.37
-1,1264,2360.56,2010.67,15.05,21.55,0,324.21
-1,1264,892.18,8.57,15.96,17.14,0,273.42
-1,1264,3830.31,91.49,18.35,30.66,0,562.47
-1,1265,2365.85,1866.33,15.4,20.83,0,320.85
-1,1265,1206.73,2087.05,14.9,22.2,0,330.79
-1,1265,3667.04,44.12,21.99,23.34,0,513.29
-1,1265,2172.64,2104.99,25.71,19.35,0,497.32
-1,1266,2371.56,1711.35,15.26,20.65,0,314.99
-1,1266,1212.56,1935.4,14.56,20.59,0,299.85
-1,1266,3474.79,210.95,19.0,20.78,0,394.89
-1,1266,2180.83,1951.01,25.72,19.42,0,499.52
-1,1266,3822.85,212.02,22.82,21.01,0,479.5
-1,1267,2379.54,1547.99,16.95,21.35,0,361.91
-1,1267,1218.58,1775.28,15.02,19.94,0,299.53
-1,1267,2190.05,1787.94,25.78,20.46,0,527.6
-1,1267,3774.09,17.43,29.95,33.87,0,1014.36
-1,1268,2388.04,1374.3,15.84,20.74,0,328.55
-1,1268,1227.86,1605.05,16.29,19.93,0,324.68
-1,1268,1370.97,2139.54,18.06,23.17,0,418.49
-1,1268,2200.05,1614.07,26.91,20.15,0,542.27
-1,1268,2471.81,764.5,23.21,29.57,0,686.31
-1,1269,1380.05,1955.65,14.81,22.06,0,326.74
-1,1269,3715.86,17.32,28.71,32.42,0,930.95
-1,1269,2397.23,1192.02,18.47,20.51,0,378.71
-1,1269,1237.56,1427.12,15.23,20.47,0,311.82
-1,1269,2210.99,1432.69,25.84,19.41,0,501.49
-1,1270,2408.62,1002.11,16.49,19.88,0,327.88
-1,1270,2223.77,1242.86,25.74,19.07,0,490.9
-1,1270,1250.45,1240.6,19.09,19.08,0,364.35
-1,1270,1389.7,1764.74,19.39,22.01,0,426.81
-1,1270,1394.07,1764.67,19.87,21.86,0,434.31
-1,1270,1246.02,1240.74,20.04,19.26,0,386.03
-1,1270,458.29,2138.6,19.42,18.9,0,367.1
-1,1270,84.09,431.98,24.2,13.36,0,323.25
-1,1271,2419.21,806.23,16.46,20.43,0,336.24
-1,1271,1259.3,1048.61,15.52,18.95,0,294.01
-1,1271,1403.18,1568.0,13.9,21.85,0,303.71
-1,1271,468.59,1946.59,15.58,18.82,0,293.19
-1,1271,2236.06,1047.69,26.38,19.42,0,512.4
-1,1271,2497.24,203.28,22.81,29.33,0,669.09
-1,1271,1997.24,1796.03,13.52,16.13,0,218.05
-1,1272,2503.71,9.64,22.04,19.27,0,424.67
-1,1272,2431.38,605.52,16.3,19.89,0,324.28
-1,1272,3545.56,93.78,19.58,28.37,0,555.44
-1,1272,2780.14,2089.21,16.27,21.6,0,351.41
-1,1272,482.77,1748.47,18.46,17.28,0,318.99
-1,1272,1271.02,853.11,15.74,21.79,0,343.02
-1,1272,1413.47,1365.64,18.94,21.32,0,403.7
-1,1272,2249.1,846.93,25.82,19.83,0,511.87
-1,1272,1418.12,1365.52,19.76,21.31,0,421.09
-1,1272,109.89,43.31,20.34,13.23,0,269.1
-1,1273,2444.43,398.75,16.95,19.87,0,336.71
-1,1273,1284.02,650.39,15.35,19.24,0,295.4
-1,1273,495.76,1546.44,15.89,17.06,0,271.13
-1,1273,2793.3,1880.57,14.24,20.29,0,288.88
-1,1273,2263.08,641.54,25.7,20.16,0,517.89
-1,1273,1428.82,1158.69,14.68,21.74,0,319.28
-1,1274,2458.46,188.14,16.94,19.87,0,336.56
-1,1274,1444.11,948.15,15.79,21.06,0,332.55
-1,1274,510.32,1340.41,16.23,17.08,0,277.26
-1,1274,1299.08,443.98,17.84,18.85,0,336.22
-1,1274,2805.65,1669.11,15.2,21.84,0,331.87
-1,1274,2278.09,432.64,24.93,18.6,0,463.66
-1,1275,1312.86,233.74,14.76,17.16,0,253.36
-1,1275,1458.33,733.65,14.48,20.89,0,302.6
-1,1275,2293.61,218.51,25.8,19.2,0,495.42
-1,1275,3506.34,337.12,19.35,21.76,0,421.2
-1,1275,524.44,1131.13,16.88,17.75,0,299.61
-1,1275,2819.07,1452.88,14.13,19.78,0,279.33
-1,1276,1327.36,18.96,15.54,17.66,0,274.46
-1,1276,1473.8,515.74,14.51,21.09,0,306.01
-1,1276,541.08,917.02,15.03,16.53,0,248.4
-1,1276,2835.21,1233.79,17.59,19.29,0,339.27
-1,1276,3547.34,83.37,46.98,46.79,0,2198.58
-1,1277,2850.13,1014.27,14.91,20.24,0,301.79
-1,1277,554.59,700.88,18.83,16.78,0,315.86
-1,1277,3666.57,181.17,21.04,23.05,0,485.01
-1,1277,1490.19,293.34,19.62,21.03,0,412.58
-1,1277,1485.95,293.53,19.91,21.28,0,423.55
-1,1277,3394.72,204.11,23.17,20.93,0,484.74
-1,1277,3818.02,57.39,22.73,27.19,0,617.96
-1,1278,559.63,485.18,15.5,16.43,0,254.72
-1,1278,3499.14,271.82,17.57,16.97,0,298.22
-1,1278,1499.94,70.09,16.22,20.59,0,333.94
-1,1278,2870.17,796.22,13.71,19.68,0,269.83
-1,1278,3683.04,137.81,19.7,29.38,0,578.83
-1,1279,557.98,271.07,15.45,16.94,0,261.67
-1,1279,3460.45,10.73,19.64,21.46,0,421.47
-1,1279,2895.09,581.68,14.24,19.61,0,279.35
-1,1279,3824.72,15.44,22.65,28.3,0,640.84
-1,1280,547.86,55.98,16.4,16.47,0,270.11
-1,1280,2924.98,370.02,17.96,20.06,0,360.31
-1,1281,2963.56,166.39,14.54,20.84,0,303.03
-1,1320,694.29,2135.39,31.13,43.66,0,1358.99
-1,1320,2448.68,2134.38,42.62,43.34,0,1847.51
-1,1321,702.29,1910.37,32.53,44.58,0,1450.44
-1,1321,2887.89,2105.39,32.15,37.17,0,1194.97
-1,1322,711.26,1710.12,32.96,42.57,0,1403.2
-1,1322,3520.03,2129.46,34.78,30.77,0,1069.97
-1,1322,2438.91,1805.69,45.11,45.76,0,2064.17
-1,1323,711.63,1549.55,32.79,42.11,0,1380.92
-1,1323,2440.29,1638.75,31.36,45.87,0,1438.73
-1,1323,3533.87,1958.99,26.17,29.08,0,760.95
-1,1323,2898.94,1736.16,27.32,36.4,0,994.21
-1,1324,2443.92,1517.36,31.39,44.9,0,1409.36
-1,1324,711.32,1429.97,32.07,43.62,0,1399.09
-1,1324,2910.45,1608.97,35.96,44.4,0,1596.51
-1,1324,2903.24,1613.09,33.94,39.4,0,1337.2
-1,1325,712.01,1341.04,31.55,42.4,0,1337.54
-1,1325,3542.62,1743.49,28.6,27.15,0,776.48
-1,1325,2915.4,1522.34,26.27,38.5,0,1011.36
-1,1325,2446.05,1426.05,26.36,44.9,0,1183.65
-1,1326,714.05,1284.1,32.58,44.43,0,1447.32
-1,1326,3541.79,1695.37,28.72,28.43,0,816.38
-1,1326,2917.68,1466.01,23.76,37.29,0,885.99
-1,1326,2489.68,1265.19,29.56,34.5,0,1019.69
-1,1326,2915.09,1473.65,25.2,39.01,0,983.17
-1,1327,702.52,1111.29,33.1,43.03,0,1424.34
-1,1327,2417.25,1402.6,31.84,43.84,0,1395.91
-1,1327,3459.28,1851.46,26.07,25.52,0,665.36
-1,1327,2936.07,1662.01,28.16,21.01,0,591.78
-1,1327,2868.01,1547.24,26.59,36.29,0,964.84
-1,1327,3134.6,1673.53,33.47,29.91,0,1001.14
-1,1327,2871.53,1537.21,24.39,34.07,0,830.99
-1,1328,2349.42,1466.95,35.86,41.99,0,1505.83
-1,1328,3276.55,2113.25,23.82,23.14,0,550.97
-1,1328,2532.74,1668.45,39.15,35.94,0,1407.32
-1,1328,721.29,847.45,35.15,42.55,0,1495.77
-1,1328,2678.2,1817.64,43.98,32.5,0,1429.45
-1,1328,2489.03,1636.82,38.61,30.45,0,1175.7
-1,1328,3671.78,287.98,34.36,35.36,0,1214.91
-1,1328,2469.01,1620.91,34.34,36.91,0,1267.47
-1,1328,2660.73,1809.45,38.35,30.94,0,1186.45
-1,1329,2366.71,1712.55,32.09,36.62,0,1175.44
-1,1329,788.78,600.49,35.73,43.94,0,1570.0
-1,1329,2514.92,1931.62,39.55,37.78,0,1493.88
-1,1329,2269.96,1527.51,42.32,45.66,0,1932.54
-1,1329,2491.18,1904.41,32.94,35.28,0,1162.25
-1,1330,2344.61,2029.99,36.04,39.36,0,1418.77
-1,1330,902.11,370.96,38.96,42.66,0,1662.24
-1,1330,2172.88,1569.77,38.98,33.87,0,1320.44
-1,1330,2418.78,2141.35,41.82,37.3,0,1560.09
-1,1331,2445.34,2142.82,37.08,34.37,0,1274.19
-1,1331,1058.34,165.81,41.56,40.98,0,1703.18
-1,1332,2043.21,1995.94,28.57,41.4,0,1182.6
-1,1332,1243.02,7.19,22.32,14.37,0,320.87
-1,1332,2126.9,2048.52,35.21,29.57,0,1040.85
-1,1333,3831.54,2090.02,15.45,22.58,0,348.96
-1,1333,1857.79,1963.4,27.68,40.0,0,1107.47
-1,1333,1735.47,2137.23,44.61,41.83,0,1865.81
-1,1334,1756.25,2143.88,21.38,32.24,0,689.36
-1,1334,1790.01,2030.05,23.72,41.31,0,980.16
-1,1334,1474.97,2142.58,35.64,34.84,0,1241.9
-1,1334,1674.17,1646.43,33.9,40.06,0,1358.22
-1,1334,1480.37,2128.75,43.67,54.03,0,2359.6
-1,1334,1558.96,1863.61,37.21,50.53,0,1880.33
-1,1334,1576.03,1838.52,48.04,42.58,0,2045.62
-1,1335,1454.44,1699.24,42.7,46.93,0,2003.84
-1,1335,1625.69,1486.31,56.03,47.38,0,2654.63
-1,1335,1489.01,1628.7,40.27,43.97,0,1770.44
-1,1335,1339.33,1844.91,44.05,51.18,0,2254.66
-1,1335,1409.41,1744.38,46.34,51.0,0,2363.47
-1,1336,1320.81,1674.44,45.25,50.33,0,2277.55
-1,1336,1043.97,2143.46,28.37,33.08,0,938.47
-1,1336,1381.63,1630.64,53.95,54.58,0,2944.38
-1,1336,1242.42,1774.12,47.04,51.84,0,2438.78
-1,1337,1557.09,1485.25,48.76,41.83,0,2039.58
-1,1337,1314.55,1743.73,46.38,48.34,0,2242.24
-1,1337,1073.32,2143.27,28.09,33.47,0,940.23
-1,1337,1412.81,1624.99,45.16,46.63,0,2105.79
-1,1337,1361.71,1699.27,40.29,43.45,0,1750.68
-1,1337,1364.71,1884.32,35.52,32.65,0,1159.7
-1,1337,1477.43,1574.84,49.45,43.1,0,2131.16
-1,1338,2293.6,1762.31,47.21,54.42,0,2568.87
-1,1425,3826.2,1010.95,23.07,18.1,0,417.59
