jelly_id,frame_idx,x_center,y_center,width,height,marked,nb_pixels,balisee_id
764,200,2193.86,1336.03,21.45,19.31,1,414.39,Balisée #3
765,200,3302.22,1956.38,18.37,20.1,0,369.23,
770,200,2105.1,1797.42,17.13,16.95,0,290.39,
771,200,491.81,1604.56,22.48,18.1,1,406.99,Balisée #2
767,200,172.1,1069.06,19.24,18.5,1,356.06,Balisée #1
775,200,662.17,1186.34,27.43,22.61,0,620.12,
764,201,2195.62,1334.28,21.91,19.83,1,434.32,Balisée #3
765,201,3302.07,1957.44,18.03,20.0,0,360.45,
770,201,2106.82,1794.49,15.62,15.58,0,243.32,
771,201,490.81,1602.6,21.13,17.08,1,360.87,Balisée #2
767,201,173.05,1068.41,18.71,18.13,1,339.24,Balisée #1
764,202,2197.59,1332.86,21.77,19.76,1,430.2,Balisée #3
765,202,3302.05,1958.09,17.98,20.19,0,362.95,
770,202,2108.29,1791.54,14.92,14.71,0,219.48,
771,202,490.66,1600.26,21.17,17.16,1,363.31,Balisée #2
767,202,174.0,1067.38,18.81,18.5,1,347.96,Balisée #1
764,203,2200.35,1330.89,21.39,19.41,1,415.01,Balisée #3
765,203,3302.39,1958.63,17.55,20.0,0,351.01,
770,203,2109.61,1788.44,15.17,14.58,0,221.17,
771,203,490.98,1598.22,21.06,17.13,1,360.83,Balisée #2
767,203,175.4,1065.86,19.09,18.98,1,362.41,Balisée #1
764,204,2202.91,1329.38,21.76,19.78,1,430.39,Balisée #3
765,204,3301.97,1959.08,17.41,20.09,0,349.69,
770,204,2114.32,1785.02,15.4,14.72,0,226.63,
771,204,491.04,1596.52,20.65,16.86,1,348.3,Balisée #2
767,204,176.55,1064.56,18.74,18.87,1,353.7,Balisée #1
764,205,2205.47,1328.05,22.31,20.29,1,452.71,Balisée #3
765,205,3301.34,1960.02,17.39,20.33,0,353.62,
770,205,2116.7,1782.0,15.47,14.9,0,230.43,
771,205,491.52,1595.52,20.96,17.22,1,360.92,Balisée #2
767,205,178.14,1063.78,18.62,19.0,1,353.63,Balisée #1
764,206,2208.54,1326.39,22.02,20.0,1,440.52,Balisée #3
765,206,3301.08,1960.88,16.81,19.92,0,334.88,
770,206,2118.62,1779.61,15.71,15.44,0,242.65,
771,206,492.25,1594.59,21.04,17.42,1,366.53,Balisée #2
767,206,180.08,1063.2,18.51,19.11,1,353.7,Balisée #1
764,207,2210.53,1325.06,22.33,20.31,1,453.47,Balisée #3
765,207,3300.94,1961.74,16.35,19.61,0,320.55,
770,207,2121.13,1777.81,17.4,17.65,0,307.19,
771,207,492.45,1594.07,20.92,17.5,1,366.22,Balisée #2
767,207,181.74,1062.76,17.5,18.17,1,317.94,Balisée #1
764,208,2213.5,1323.59,22.39,20.39,1,456.63,Balisée #3
765,208,3301.16,1963.37,16.22,19.68,0,319.28,
770,208,2123.54,1773.19,16.49,17.09,0,281.81,
771,208,492.66,1593.32,21.07,17.73,1,373.64,Balisée #2
767,208,184.19,1062.25,18.02,18.92,1,341.06,Balisée #1
764,209,2216.14,1322.72,22.81,20.86,1,475.89,Balisée #3
765,209,3301.35,1965.32,16.57,20.35,0,337.32,
770,209,2125.99,1770.84,15.12,15.84,0,239.55,
771,209,492.57,1591.98,21.1,17.88,1,377.24,Balisée #2
767,209,186.07,1062.34,17.59,18.52,1,325.83,Balisée #1
764,210,2218.59,1321.87,22.8,20.89,1,476.31,Balisée #3
765,210,3301.95,1966.58,17.02,21.31,0,362.61,
770,210,2128.25,1769.1,14.39,15.14,0,217.9,
771,210,492.87,1590.53,20.9,17.91,1,374.45,Balisée #2
767,210,187.66,1062.18,18.08,19.08,1,344.87,Balisée #1
764,211,2221.11,1321.22,22.6,20.75,1,468.94,Balisée #3
765,211,3301.63,1967.02,16.96,21.61,0,366.35,
770,211,2130.39,1766.68,13.98,14.83,0,207.31,
771,211,493.89,1589.27,20.36,17.64,1,359.2,Balisée #2
767,211,189.14,1061.51,17.92,18.82,1,337.38,Balisée #1
764,212,2223.53,1320.53,23.4,21.68,1,507.39,Balisée #3
765,212,3300.84,1968.78,16.56,21.5,0,356.09,
770,212,2132.12,1763.72,14.38,15.11,0,217.28,
771,212,494.48,1588.89,21.01,18.36,1,385.79,Balisée #2
767,212,190.24,1061.32,17.91,18.51,1,331.54,Balisée #1
764,213,2226.01,1318.65,23.18,21.64,1,501.63,Balisée #3
765,213,3299.92,1970.21,15.68,20.54,0,322.19,
770,213,2133.24,1761.58,14.55,14.97,0,217.91,
771,213,495.13,1588.71,21.34,18.85,1,402.3,Balisée #2
767,213,193.1,1060.67,17.92,18.27,1,327.47,Balisée #1
764,214,2228.17,1317.43,23.32,21.91,1,511.1,Balisée #3
765,214,3299.15,1972.44,15.43,20.38,0,314.41,
770,214,2133.88,1759.42,14.67,14.68,0,215.26,
771,214,495.36,1588.84,20.68,18.5,1,382.68,Balisée #2
767,214,194.6,1060.73,17.9,18.16,1,325.05,Balisée #1
764,215,2230.42,1317.32,23.61,22.38,1,528.43,Balisée #3
765,215,3298.74,1974.8,14.75,19.51,0,287.67,
770,215,2138.43,1757.45,15.14,15.03,0,227.43,
771,215,495.07,1588.92,20.88,18.89,1,394.59,Balisée #2
767,215,195.86,1061.11,17.49,17.67,1,309.16,Balisée #1
764,216,2231.96,1317.83,23.53,22.34,1,525.62,Balisée #3
765,216,3298.69,1977.31,14.83,19.69,0,291.96,
770,216,2140.6,1756.0,15.14,15.07,0,228.2,
771,216,494.22,1589.09,20.69,18.88,1,390.67,Balisée #2
767,216,197.27,1061.73,17.61,17.65,1,310.76,Balisée #1
764,217,2233.95,1317.7,23.59,22.62,1,533.64,Balisée #3
765,217,3298.14,1980.24,14.74,19.57,0,288.43,
770,217,2142.01,1755.44,15.01,15.14,0,227.2,
771,217,493.6,1589.21,20.27,18.62,1,377.37,Balisée #2
767,217,198.42,1062.63,16.58,16.37,1,271.4,Balisée #1
764,218,2235.92,1317.0,23.97,23.28,1,558.06,Balisée #3
765,218,3296.99,1982.85,14.97,19.96,0,298.84,
770,218,2143.23,1754.69,15.86,16.37,0,259.57,
771,218,493.07,1589.26,20.07,18.59,1,372.94,Balisée #2
767,218,199.46,1063.23,16.86,16.44,1,277.25,Balisée #1
764,219,2237.55,1316.58,24.21,23.79,1,575.98,Balisée #3
765,219,3296.01,1984.99,14.62,19.55,0,285.71,
770,219,2144.36,1753.97,16.7,17.75,0,296.47,
771,219,493.15,1589.33,19.97,18.63,1,372.07,Balisée #2
767,219,199.65,1063.9,16.83,16.23,1,273.14,Balisée #1
764,220,2239.29,1316.34,24.16,24.01,1,580.1,Balisée #3
765,220,3295.37,1986.73,14.38,19.24,0,276.69,
770,220,2145.7,1750.19,16.64,18.2,0,302.86,
771,220,493.43,1589.64,20.0,18.84,1,376.69,Balisée #2
767,220,200.37,1064.26,16.54,15.58,1,257.69,Balisée #1
764,221,2241.5,1315.84,24.08,24.12,1,580.77,Balisée #3
765,221,3295.26,1988.63,14.78,19.79,0,292.56,
770,221,2147.82,1748.34,15.78,17.55,0,277.04,
771,221,493.91,1590.57,20.17,19.2,1,387.32,Balisée #2
767,221,201.38,1064.68,16.19,14.97,1,242.41,Balisée #1
764,222,2243.92,1314.93,23.96,24.29,1,581.87,Balisée #3
765,222,3295.31,1990.67,15.49,21.02,0,325.67,
770,222,2149.47,1747.42,14.77,16.68,0,246.34,
771,222,494.19,1591.77,19.75,18.95,1,374.28,Balisée #2
767,222,202.63,1064.69,16.02,14.5,1,232.28,Balisée #1
764,223,2246.04,1314.36,23.9,24.54,1,586.46,Balisée #3
765,223,3295.4,1994.47,14.99,20.4,0,305.66,
770,223,2151.49,1746.61,13.94,15.91,0,221.73,
771,223,493.99,1592.53,19.11,18.45,1,352.66,Balisée #2
767,223,204.24,1064.8,16.62,14.82,1,246.35,Balisée #1
764,224,2248.46,1313.9,23.97,24.94,1,597.84,Balisée #3
765,224,3295.71,1997.43,14.89,20.32,0,302.69,
770,224,2153.57,1745.26,13.28,15.24,0,202.31,
771,224,493.9,1592.38,19.41,18.91,1,366.95,Balisée #2
767,224,206.01,1065.34,17.2,15.05,1,258.73,Balisée #1
764,225,2251.23,1313.05,23.61,24.91,1,588.21,Balisée #3
765,225,3296.34,1999.55,14.22,19.33,0,274.85,
770,225,2155.17,1743.38,13.32,15.19,0,202.39,
771,225,493.77,1592.31,19.53,19.21,1,375.26,Balisée #2
767,225,207.26,1065.74,17.47,15.04,1,262.79,Balisée #1
764,226,2253.22,1311.83,23.55,25.19,1,593.31,Balisée #3
765,226,3296.61,2001.04,14.04,19.04,0,267.29,
770,226,2155.94,1741.83,13.22,14.88,0,196.8,
771,226,493.91,1592.29,19.41,19.29,1,374.43,Balisée #2
767,226,207.96,1066.06,17.26,14.65,1,252.82,Balisée #1
764,227,2254.86,1310.67,23.53,25.44,1,598.59,Balisée #3
765,227,3296.3,2002.32,14.51,19.65,0,285.17,
770,227,2157.15,1740.42,13.32,14.43,0,192.23,
771,227,494.3,1592.57,19.25,19.3,1,371.48,Balisée #2
767,227,208.8,1065.75,17.78,14.88,1,264.55,Balisée #1
764,228,2257.38,1309.32,23.34,25.51,1,595.41,Balisée #3
765,228,3295.36,2004.07,14.26,19.33,0,275.72,
770,228,2161.83,1738.4,13.54,14.23,0,192.75,
771,228,494.51,1592.93,18.86,19.05,1,359.4,Balisée #2
767,228,208.78,1065.15,18.12,15.01,1,272.11,Balisée #1
764,229,2259.13,1308.33,22.62,25.06,1,566.91,Balisée #3
765,229,3295.36,2006.44,14.35,19.47,0,279.43,
770,229,2163.97,1736.59,13.11,13.42,0,175.93,
771,229,494.58,1593.7,19.01,19.39,1,368.67,Balisée #2
767,229,209.22,1064.68,18.35,15.07,1,276.44,Balisée #1
764,230,2261.35,1307.66,22.14,24.9,1,551.34,Balisée #3
765,230,3295.94,2008.94,14.0,18.95,0,265.41,
770,230,2165.04,1735.35,13.43,13.62,0,182.91,
771,230,494.17,1595.08,18.81,19.39,1,364.62,Balisée #2
767,230,209.76,1064.5,18.64,15.22,1,283.58,Balisée #1
764,231,2263.7,1306.88,21.88,24.85,1,543.75,Balisée #3
765,231,3296.81,2011.95,14.39,19.63,0,282.46,
770,231,2166.43,1734.17,13.51,13.78,0,186.15,
771,231,493.43,1595.82,18.93,19.63,1,371.75,Balisée #2
767,231,210.31,1064.32,18.58,15.04,1,279.48,Balisée #1
764,232,2265.57,1306.0,21.49,24.67,1,530.18,Balisée #3
765,232,3297.49,2016.11,15.14,20.95,0,317.27,
770,232,2168.29,1733.56,13.41,13.74,0,184.21,
771,232,492.64,1596.23,18.93,19.77,1,374.23,Balisée #2
767,232,211.01,1064.51,19.3,15.53,1,299.69,Balisée #1
764,233,2267.68,1304.92,21.27,24.71,1,525.56,Balisée #3
765,233,3298.53,2018.9,14.68,20.39,0,299.39,
770,233,2169.79,1733.16,13.4,13.82,0,185.21,
771,233,492.26,1596.97,18.6,19.54,1,363.4,Balisée #2
767,233,211.25,1065.04,19.24,15.39,1,296.19,Balisée #1
764,234,2269.26,1304.08,21.05,24.81,1,522.28,Balisée #3
765,234,3299.68,2020.91,14.16,19.71,0,279.01,
770,234,2171.62,1732.45,13.71,14.22,0,194.99,
771,234,492.29,1597.75,18.85,19.96,1,376.35,Balisée #2
767,234,210.75,1065.92,19.66,15.63,1,307.22,Balisée #1
764,235,2271.17,1303.31,20.94,25.1,1,525.61,Balisée #3
765,235,3300.43,2022.67,13.93,19.41,0,270.51,
770,235,2173.38,1731.87,14.35,15.05,0,215.97,
771,235,491.82,1599.51,18.96,20.26,1,384.2,Balisée #2
767,235,210.11,1066.17,20.41,16.17,1,330.06,Balisée #1
764,236,2272.77,1302.44,20.71,24.95,1,516.78,Balisée #3
765,236,3301.21,2024.71,14.18,19.79,0,280.76,
770,236,2175.93,1730.84,13.91,14.39,0,200.21,
771,236,491.24,1601.16,19.05,20.52,1,390.83,Balisée #2
767,236,209.32,1066.27,19.46,15.37,1,299.02,Balisée #1
764,237,2274.45,1301.85,20.47,24.99,1,511.38,Balisée #3
765,237,3301.57,2028.38,14.07,19.64,0,276.21,
770,237,2177.42,1730.62,13.73,14.15,0,194.23,
771,237,490.81,1603.31,18.54,20.12,1,373.15,Balisée #2
767,237,208.44,1066.53,19.51,15.3,1,298.47,Balisée #1
764,238,2276.3,1300.66,20.35,25.14,1,511.6,Balisée #3
765,238,3303.33,2032.39,13.95,19.52,0,272.31,
770,238,2179.39,1730.16,14.16,14.69,0,208.0,
771,238,490.14,1604.99,18.56,20.29,1,376.55,Balisée #2
767,238,207.65,1066.38,20.36,15.95,1,324.72,Balisée #1
764,239,2277.97,1299.49,20.41,25.4,1,518.42,Balisée #3
765,239,3304.44,2035.25,13.81,19.41,0,268.04,
770,239,2181.37,1729.4,14.21,14.79,0,210.15,
771,239,489.73,1605.95,18.45,20.32,1,374.89,Balisée #2
767,239,208.65,1066.68,20.7,16.21,1,335.53,Balisée #1
787,239,1081.8,1702.39,25.71,20.89,1,537.04,Balisée #4
764,240,2279.67,1298.8,20.12,25.05,1,503.94,Balisée #3
765,240,3306.06,2038.33,14.49,20.52,0,297.46,
770,240,2183.17,1729.05,14.28,14.96,0,213.66,
771,240,489.29,1606.68,18.83,20.94,1,394.21,Balisée #2
767,240,209.42,1067.19,20.88,16.39,1,342.11,Balisée #1
787,240,1083.24,1702.69,26.29,21.41,1,562.77,Balisée #4
764,241,2281.06,1297.91,19.77,24.56,1,485.49,Balisée #3
765,241,3306.92,2041.46,14.52,20.63,0,299.54,
770,241,2185.54,1727.91,14.31,15.03,0,215.13,
771,241,488.83,1607.06,18.94,21.4,1,405.46,Balisée #2
767,241,209.49,1067.6,20.29,15.94,1,323.48,Balisée #1
787,241,1084.87,1704.88,25.85,21.1,1,545.57,Balisée #4
764,242,2282.6,1296.86,19.84,24.54,1,486.85,Balisée #3
765,242,3307.69,2043.71,14.42,20.32,0,292.9,
770,242,2187.66,1726.41,14.27,15.02,0,214.22,
771,242,489.07,1608.64,19.1,21.8,1,416.42,Balisée #2
767,242,208.87,1068.39,20.93,16.51,1,345.7,Balisée #1
787,242,1086.86,1706.43,24.6,20.07,1,493.86,Balisée #4
764,243,2283.97,1295.74,19.77,24.5,1,484.3,Balisée #3
765,243,3308.03,2045.44,14.43,20.14,0,290.64,
770,243,2189.76,1725.42,13.49,14.27,0,192.38,
771,243,489.35,1610.37,18.08,20.75,1,375.16,Balisée #2
767,243,208.24,1069.16,20.67,16.39,1,338.68,Balisée #1
787,243,1088.88,1707.91,23.96,19.54,1,468.14,Balisée #4
764,244,2285.36,1294.6,19.74,24.39,1,481.32,Balisée #3
765,244,3308.55,2047.37,14.25,19.45,0,277.18,
770,244,2191.98,1723.94,14.15,15.05,0,212.9,
771,244,489.32,1612.33,17.83,20.62,1,367.58,Balisée #2
767,244,207.73,1069.18,20.38,16.19,1,329.94,Balisée #1
787,244,1091.44,1708.78,23.18,18.85,1,436.99,Balisée #4
764,245,2287.09,1293.49,19.83,24.47,1,485.26,Balisée #3
765,245,3309.55,2050.19,14.85,19.62,0,291.33,
770,245,2194.32,1723.2,14.18,15.2,0,215.53,
771,245,488.88,1614.41,17.72,20.67,1,366.37,Balisée #2
767,245,207.74,1069.0,19.98,15.94,1,318.53,Balisée #1
787,245,1093.66,1710.61,22.48,18.16,1,408.25,Balisée #4
764,246,2288.5,1292.69,19.9,24.34,1,484.44,Balisée #3
765,246,3313.66,2053.79,15.18,19.8,0,300.53,
770,246,2196.8,1722.42,14.06,15.04,0,211.37,
771,246,489.0,1615.81,17.62,20.69,1,364.49,Balisée #2
767,246,207.93,1069.04,20.02,16.07,1,321.63,Balisée #1
787,246,1095.22,1711.89,22.42,18.04,1,404.55,Balisée #4
764,247,2290.25,1291.63,19.95,24.17,1,482.25,Balisée #3
765,247,3315.79,2057.09,15.04,19.56,0,294.23,
770,247,2199.18,1721.78,13.89,14.88,0,206.67,
771,247,489.31,1616.63,16.9,19.94,1,337.05,Balisée #2
767,247,208.17,1069.6,20.26,16.4,1,332.31,Balisée #1
787,247,1097.79,1712.5,22.31,17.85,1,398.19,Balisée #4
764,248,2291.61,1290.18,19.91,23.98,1,477.36,Balisée #3
765,248,3317.85,2059.23,14.85,19.44,0,288.77,
770,248,2201.9,1720.65,13.69,14.79,0,202.51,
771,248,489.9,1617.43,16.87,20.02,1,337.67,Balisée #2
767,248,208.86,1070.53,20.09,16.33,1,328.06,Balisée #1
787,248,1100.56,1713.13,22.58,17.95,1,405.29,Balisée #4
764,249,2293.02,1288.09,20.14,24.12,1,485.84,Balisée #3
765,249,3319.79,2061.04,15.07,19.83,0,298.92,
770,249,2203.82,1719.42,13.86,14.8,0,205.14,
771,249,490.44,1618.78,17.01,20.29,1,345.13,Balisée #2
767,249,209.83,1071.02,20.22,16.55,1,334.47,Balisée #1
787,249,1103.23,1714.11,23.69,18.76,1,444.4,Balisée #4
764,250,2294.3,1286.82,20.1,23.77,1,477.87,Balisée #3
765,250,3321.03,2062.31,15.16,20.03,0,303.73,
770,250,2205.3,1717.45,14.37,14.97,0,215.17,
771,250,491.2,1620.01,17.02,20.36,1,346.66,Balisée #2
767,250,210.1,1071.59,19.64,16.2,1,318.05,Balisée #1
787,250,1106.42,1714.88,22.56,17.71,1,399.47,Balisée #4
764,251,2295.76,1285.69,19.85,23.19,1,460.3,Balisée #3
765,251,3322.6,2063.47,15.76,21.1,0,332.57,
770,251,2209.87,1715.35,14.88,15.21,0,226.26,
771,251,492.03,1621.4,17.06,20.51,1,349.87,Balisée #2
767,251,209.72,1071.96,20.47,17.02,1,348.55,Balisée #1
787,251,1109.26,1715.62,22.64,17.63,1,399.05,Balisée #4
764,252,2297.89,1284.27,20.25,23.37,1,473.23,Balisée #3
765,252,3324.34,2065.65,15.53,20.96,0,325.61,
770,252,2212.68,1713.67,14.54,14.88,0,216.47,
771,252,493.31,1622.72,17.04,20.66,1,351.95,Balisée #2
767,252,210.22,1071.24,20.83,17.55,1,365.52,Balisée #1
787,252,1112.44,1715.52,23.64,18.4,1,434.92,Balisée #4
764,253,2299.56,1283.18,20.47,23.49,1,480.85,Balisée #3
765,253,3326.39,2067.78,15.06,20.33,0,306.21,
770,253,2215.11,1712.51,14.35,14.77,0,212.01,
771,253,494.14,1624.76,17.02,20.77,1,353.39,Balisée #2
767,253,210.49,1071.51,20.42,17.4,1,355.4,Balisée #1
787,253,1115.03,1715.92,23.22,17.99,1,417.71,Balisée #4
764,254,2300.76,1281.7,20.79,23.76,1,493.82,Balisée #3
765,254,3328.17,2069.81,14.75,19.95,0,294.16,
770,254,2217.95,1711.62,14.78,15.35,0,226.82,
771,254,494.39,1626.04,16.42,20.15,1,330.87,Balisée #2
767,254,211.2,1071.86,20.65,17.78,1,367.04,Balisée #1
787,254,1118.15,1716.44,23.82,18.42,1,438.8,Balisée #4
764,255,2302.05,1280.04,20.72,23.45,1,485.86,Balisée #3
765,255,3330.79,2072.59,14.73,19.83,0,291.93,
770,255,2220.75,1710.36,14.26,14.87,0,212.16,
771,255,495.11,1627.17,16.29,20.14,1,328.07,Balisée #2
767,255,212.43,1072.79,21.08,18.45,1,388.84,Balisée #1
787,255,1121.01,1717.21,22.83,17.54,1,400.61,Balisée #4
764,256,2303.19,1278.35,20.74,23.3,1,483.09,Balisée #3
765,256,3332.92,2074.37,14.87,20.15,0,299.56,
770,256,2223.41,1708.72,14.52,15.27,0,221.79,
771,256,495.87,1628.23,16.48,20.42,1,336.63,Balisée #2
767,256,213.14,1074.19,20.79,18.38,1,382.22,Balisée #1
787,256,1124.03,1717.15,23.93,18.33,1,438.67,Balisée #4
764,257,2303.93,1276.53,20.63,22.86,1,471.55,Balisée #3
765,257,3334.6,2075.16,15.09,20.61,0,311.01,
770,257,2225.64,1707.62,15.11,16.14,0,243.81,
771,257,496.89,1629.37,16.4,20.39,1,334.34,Balisée #2
767,257,213.16,1075.26,20.71,18.55,1,384.24,Balisée #1
787,257,1126.27,1717.64,24.03,18.37,1,441.5,Balisée #4
764,258,2304.8,1274.9,20.98,22.98,1,482.07,Balisée #3
765,258,3335.97,2075.55,15.41,21.1,0,325.04,
770,258,2227.54,1706.44,16.6,18.06,0,299.73,
771,258,497.69,1631.35,16.37,20.41,1,334.08,Balisée #2
767,258,212.53,1075.77,20.4,18.48,1,376.87,Balisée #1
787,258,1128.95,1717.85,23.69,18.12,1,429.28,Balisée #4
764,259,2305.67,1273.95,20.78,22.57,1,469.07,Balisée #3
765,259,3338.13,2077.89,15.25,20.25,0,308.77,
770,259,2229.12,1702.84,17.15,18.67,0,320.2,
771,259,498.39,1633.53,16.61,20.79,1,345.37,Balisée #2
767,259,212.05,1075.97,20.09,18.43,1,370.28,Balisée #1
787,259,1131.54,1718.65,23.79,18.11,1,430.72,Balisée #4
764,260,2306.6,1273.48,20.76,22.25,1,461.91,Balisée #3
770,260,2233.79,1701.31,17.25,18.71,0,322.85,
771,260,498.82,1635.85,17.14,21.49,1,368.3,Balisée #2
767,260,211.72,1076.38,20.1,18.67,1,375.21,Balisée #1
787,260,1134.31,1719.93,23.81,18.09,1,430.71,Balisée #4
764,261,2307.88,1273.19,20.8,22.11,1,459.85,Balisée #3
770,261,2236.36,1700.4,16.5,17.97,0,296.47,
767,261,211.62,1077.29,20.3,19.1,1,387.76,Balisée #1
787,261,1136.64,1720.45,23.51,17.79,1,418.3,Balisée #4
765,261,3341.81,2083.82,14.67,19.22,0,281.91,
764,262,2308.59,1272.74,20.73,21.87,1,453.55,Balisée #3
770,262,2238.44,1699.77,15.42,16.99,0,262.01,
767,262,211.82,1078.12,20.92,20.13,1,421.2,Balisée #1
787,262,1139.21,1720.87,23.68,17.95,1,425.15,Balisée #4
765,262,3344.01,2085.86,14.88,19.48,0,289.82,
771,262,499.36,1640.05,16.73,21.03,1,351.79,Balisée #2
764,263,2308.98,1270.84,20.73,21.64,1,448.44,Balisée #3
770,263,2240.79,1699.11,14.22,15.76,0,224.11,
767,263,211.78,1080.68,20.79,20.38,1,423.78,Balisée #1
787,263,1141.46,1721.5,24.15,18.37,1,443.7,Balisée #4
765,263,3345.66,2089.05,15.52,20.37,0,316.31,
771,263,499.9,1641.9,16.66,20.93,1,348.81,Balisée #2
764,264,2308.61,1269.26,20.32,21.02,1,427.28,Balisée #3
770,264,2242.98,1697.99,13.81,15.36,0,212.1,
767,264,211.78,1082.0,19.99,19.82,1,396.31,Balisée #1
787,264,1144.01,1722.02,23.89,18.1,1,432.48,Balisée #4
765,264,3346.79,2090.75,15.1,19.76,0,298.45,
771,264,500.34,1643.93,16.5,20.7,1,341.56,Balisée #2
764,265,2308.94,1267.74,20.22,20.64,1,417.37,Balisée #3
770,265,2244.79,1696.6,13.82,15.4,0,212.77,
767,265,211.68,1084.05,19.41,19.53,1,379.22,Balisée #1
787,265,1146.53,1722.41,23.96,18.15,1,434.88,Balisée #4
765,265,3347.95,2092.27,14.85,19.2,0,285.22,
771,265,500.64,1646.06,16.66,20.86,1,347.56,Balisée #2
764,266,2308.51,1266.93,20.55,20.74,1,426.1,Balisée #3
770,266,2246.69,1695.58,13.83,15.43,0,213.37,
767,266,210.98,1085.74,18.71,18.91,1,353.9,Balisée #1
787,266,1148.45,1722.75,24.45,18.58,1,454.2,Balisée #4
765,266,3348.64,2093.05,14.33,18.23,0,261.22,
771,266,501.03,1648.56,16.75,20.79,1,348.19,Balisée #2
764,267,2308.99,1266.44,20.52,20.52,1,421.07,Balisée #3
770,267,2248.4,1693.86,13.67,15.24,0,208.33,
767,267,210.15,1086.19,18.2,18.56,1,337.77,Balisée #1
787,267,1150.88,1723.28,24.22,18.44,1,446.54,Balisée #4
771,267,500.97,1650.97,17.19,21.34,1,366.84,Balisée #2
764,268,2309.25,1265.73,20.3,20.08,1,407.57,Balisée #3
770,268,2250.62,1692.21,13.61,15.21,0,207.05,
767,268,210.31,1086.17,18.28,18.82,1,344.11,Balisée #1
787,268,1153.27,1723.74,24.26,18.6,1,451.1,Balisée #4
771,268,501.23,1653.15,17.06,20.99,1,358.2,Balisée #2
765,268,3350.68,2097.86,14.86,18.9,0,280.87,
764,269,2309.35,1265.18,20.48,20.06,1,411.01,Balisée #3
770,269,2252.02,1690.59,13.44,14.79,0,198.83,
767,269,210.58,1087.38,18.42,19.13,1,352.32,Balisée #1
787,269,1155.05,1723.65,24.34,18.75,1,456.34,Balisée #4
765,269,3351.8,2100.53,15.05,19.03,0,286.43,
764,270,2309.29,1264.1,20.36,19.73,1,401.74,Balisée #3
770,270,2253.43,1689.77,13.84,14.73,0,203.8,
767,270,210.67,1089.05,18.53,19.43,1,359.9,Balisée #1
787,270,1157.26,1724.01,25.64,20.0,1,512.9,Balisée #4
765,270,3352.97,2102.72,14.87,18.71,0,278.22,
771,270,501.67,1657.12,17.68,21.56,1,381.05,Balisée #2
764,271,2309.05,1262.95,20.31,19.45,1,394.88,Balisée #3
770,271,2257.92,1688.42,14.06,14.55,0,204.49,
767,271,210.77,1090.94,18.27,19.36,1,353.61,Balisée #1
787,271,1159.31,1723.96,25.12,19.73,1,495.59,Balisée #4
765,271,3354.03,2104.78,14.65,18.48,0,270.79,
771,271,501.89,1659.18,17.85,21.51,1,383.94,Balisée #2
764,272,2308.66,1261.59,20.57,19.6,1,403.26,Balisée #3
770,272,2260.13,1686.51,14.43,14.79,0,213.45,
767,272,210.5,1092.26,17.95,19.17,1,344.11,Balisée #1
787,272,1161.16,1724.01,24.09,19.06,1,459.07,Balisée #4
765,272,3354.72,2106.3,14.67,18.54,0,272.05,
764,273,2308.0,1260.4,20.48,19.26,1,394.56,Balisée #3
770,273,2261.27,1684.77,14.6,14.97,0,218.57,
767,273,210.35,1094.11,18.02,19.4,1,349.52,Balisée #1
787,273,1162.73,1724.42,25.57,20.55,1,525.41,Balisée #4
765,273,3355.59,2107.22,14.57,18.36,0,267.52,
771,273,502.08,1663.64,17.77,21.08,1,374.62,Balisée #2
764,274,2307.94,1259.02,20.32,18.84,1,382.89,Balisée #3
770,274,2262.63,1683.56,15.38,16.08,0,247.32,
767,274,209.73,1095.41,17.97,19.54,1,351.14,Balisée #1
787,274,1165.12,1724.36,25.86,21.11,1,546.05,Balisée #4
765,274,3356.08,2108.62,14.7,18.43,0,270.99,
771,274,503.92,1667.47,18.68,22.62,1,422.48,Balisée #2
764,275,2308.56,1258.15,20.55,18.85,1,387.2,Balisée #3
770,275,2264.92,1682.44,16.59,17.87,0,296.48,
767,275,209.9,1095.8,18.38,20.21,1,371.56,Balisée #1
787,275,1167.71,1724.1,24.31,20.01,1,486.47,Balisée #4
765,275,3357.23,2110.43,16.14,20.01,0,322.94,
771,275,505.66,1669.2,18.22,22.37,1,407.64,Balisée #2
764,276,2309.19,1257.6,20.75,18.88,1,391.92,Balisée #3
770,276,2267.49,1678.84,16.88,18.7,0,315.65,
767,276,210.53,1096.07,17.87,19.76,1,352.96,Balisée #1
787,276,1170.3,1723.24,25.32,21.16,1,535.78,Balisée #4
765,276,3361.24,2113.29,16.53,20.27,0,335.16,
771,276,506.53,1670.43,17.22,21.24,1,365.89,Balisée #2
764,277,2310.39,1257.04,20.84,18.87,1,393.3,Balisée #3
770,277,2270.61,1676.89,15.9,17.95,0,285.4,
767,277,211.57,1096.61,17.46,19.45,1,339.65,Balisée #1
787,277,1173.11,1722.65,24.86,20.98,1,521.49,Balisée #4
765,277,3363.79,2114.98,16.17,19.93,0,322.35,
771,277,507.89,1671.83,17.29,21.35,1,369.05,Balisée #2
764,278,2310.84,1255.91,21.31,19.23,1,409.82,Balisée #3
770,278,2273.78,1675.46,14.35,16.16,0,232.01,
767,278,212.36,1097.42,17.39,19.54,1,339.89,Balisée #1
787,278,1175.82,1722.23,25.24,21.63,1,545.91,Balisée #4
765,278,3365.58,2116.02,16.01,19.99,0,320.01,
771,278,508.95,1673.3,16.71,20.6,1,344.2,Balisée #2
764,279,2310.43,1253.64,21.19,18.98,1,402.3,Balisée #3
770,279,2276.2,1673.15,13.74,15.53,0,213.41,
767,279,213.57,1098.02,17.49,19.85,1,347.07,Balisée #1
787,279,1178.1,1720.76,25.41,22.11,1,561.8,Balisée #4
765,279,3366.6,2116.12,15.49,19.54,0,302.7,
771,279,510.27,1673.89,16.62,20.44,1,339.73,Balisée #2
764,280,2310.05,1251.3,21.13,18.78,1,396.79,Balisée #3
770,280,2278.44,1671.02,15.18,17.46,0,265.02,
767,280,215.28,1099.06,17.34,20.03,1,347.4,Balisée #1
787,280,1180.76,1719.51,25.3,22.42,1,567.38,Balisée #4
765,280,3367.53,2115.8,15.68,20.09,0,314.86,
771,280,512.07,1675.88,16.56,20.37,1,337.32,Balisée #2
764,281,2310.08,1249.71,22.6,20.16,1,455.64,Balisée #3
770,281,2282.36,1667.56,14.53,16.24,0,235.92,
767,281,216.73,1100.32,16.86,19.68,1,331.89,Balisée #1
787,281,1183.71,1718.54,25.39,22.94,1,582.39,Balisée #4
765,281,3368.56,2116.04,15.41,19.97,0,307.84,
771,281,513.99,1677.96,16.57,20.35,1,337.18,Balisée #2
795,281,6.49,1303.54,12.99,17.62,0,228.87,
764,282,2310.71,1247.14,23.0,20.65,1,474.81,Balisée #3
770,282,2284.85,1664.21,13.9,15.44,0,214.47,
767,282,217.61,1100.42,16.42,19.33,1,317.41,Balisée #1
787,282,1186.97,1716.75,24.26,22.2,1,538.66,Balisée #4
765,282,3370.42,2117.01,15.23,19.94,0,303.66,
771,282,516.56,1679.18,17.21,21.25,1,365.87,Balisée #2
795,282,7.85,1302.56,13.79,18.62,0,256.7,
764,283,2311.57,1246.25,23.21,20.97,1,486.75,Balisée #3
770,283,2287.06,1661.92,13.41,14.89,0,199.73,
767,283,218.68,1100.89,16.32,19.53,1,318.84,Balisée #1
787,283,1189.78,1715.71,24.79,23.21,1,575.56,Balisée #4
765,283,3372.32,2117.73,14.99,19.74,0,295.9,
771,283,518.58,1681.55,16.68,20.61,1,343.75,Balisée #2
795,283,9.79,1301.35,13.92,18.6,0,258.81,
764,284,2311.99,1245.85,22.94,20.88,1,478.9,Balisée #3
770,284,2289.52,1660.11,13.79,15.37,0,211.96,
767,284,220.78,1101.84,16.32,19.75,1,322.19,Balisée #1
787,284,1192.46,1714.9,24.72,23.6,1,583.46,Balisée #4
765,284,3374.13,2119.11,15.37,20.39,0,313.34,
771,284,520.73,1683.26,16.13,19.81,1,319.48,Balisée #2
795,284,13.4,1299.47,13.99,18.45,0,258.11,
764,285,2312.59,1245.11,21.65,19.56,1,423.4,Balisée #3
770,285,2292.42,1659.01,14.56,16.43,0,239.23,
767,285,222.57,1103.05,15.94,19.47,1,310.28,Balisée #1
787,285,1195.66,1713.43,23.97,23.41,1,561.15,Balisée #4
765,285,3375.96,2120.6,15.35,20.52,0,314.98,
771,285,522.71,1684.7,16.59,20.27,1,336.33,Balisée #2
795,285,16.87,1297.41,14.04,18.2,0,255.55,
764,286,2312.69,1244.33,20.88,18.69,1,390.15,Balisée #3
770,286,2295.05,1657.99,15.7,18.14,0,284.83,
767,286,224.3,1104.98,16.56,20.48,1,339.09,Balisée #1
787,286,1198.49,1712.29,24.62,24.43,1,601.36,Balisée #4
765,286,3377.51,2122.01,15.43,20.71,0,319.45,
771,286,524.67,1686.25,16.58,20.1,1,333.32,Balisée #2
795,286,20.51,1295.58,14.33,18.27,0,261.85,
764,287,2312.88,1243.23,21.39,19.1,1,408.57,Balisée #3
770,287,2298.07,1654.44,15.87,18.7,0,296.9,
767,287,225.86,1106.34,15.71,19.54,1,306.97,Balisée #1
787,287,1201.99,1711.6,24.43,24.72,1,604.08,Balisée #4
765,287,3379.36,2122.8,15.57,21.05,0,327.7,
771,287,526.26,1688.37,16.55,19.49,1,322.53,Balisée #2
795,287,24.05,1294.28,14.5,18.17,0,263.41,
764,288,2313.26,1242.57,21.74,19.42,1,422.09,Balisée #3
770,288,2299.93,1652.44,15.05,17.65,0,265.54,
767,288,227.86,1108.22,15.42,19.28,1,297.33,Balisée #1
787,288,1204.72,1711.8,23.44,24.19,1,567.08,Balisée #4
765,288,3381.26,2123.42,16.05,21.86,0,350.85,
771,288,529.96,1690.97,16.56,19.33,1,320.15,Balisée #2
795,288,27.74,1293.58,14.89,18.35,0,273.1,
764,289,2313.28,1242.51,21.59,19.2,1,414.53,Balisée #3
770,289,2301.4,1651.1,14.19,16.08,0,228.19,
767,289,229.76,1110.8,15.07,18.92,1,285.1,Balisée #1
787,289,1207.6,1711.38,22.91,24.11,1,552.49,Balisée #4
765,289,3382.17,2125.56,16.11,21.4,0,344.77,
771,289,532.37,1693.95,16.57,19.18,1,317.86,Balisée #2
795,289,30.81,1293.15,15.64,18.98,0,296.88,
764,290,2313.46,1242.19,20.89,18.43,1,385.05,Balisée #3
770,290,2306.09,1649.92,13.86,15.19,0,210.54,
767,290,231.34,1113.23,14.59,18.33,1,267.4,Balisée #1
787,290,1210.5,1711.47,22.5,24.08,1,541.7,Balisée #4
765,290,3385.23,2128.33,16.19,20.94,0,338.96,
771,290,534.96,1697.33,16.71,19.22,1,321.2,Balisée #2
795,290,34.07,1293.04,16.08,19.24,0,309.4,
764,291,2313.49,1242.26,21.03,18.45,1,387.95,Balisée #3
770,291,2308.54,1648.46,14.1,15.34,0,216.33,
767,291,232.22,1114.72,14.56,18.18,1,264.77,Balisée #1
787,291,1212.51,1711.28,21.79,23.63,1,515.08,Balisée #4
765,291,3386.78,2130.83,16.42,20.93,0,343.65,
771,291,537.03,1700.15,16.44,18.73,1,307.83,Balisée #2
795,291,36.82,1292.73,16.19,19.17,0,310.37,
764,292,2313.6,1242.72,21.95,19.26,1,422.61,Balisée #3
770,292,2310.15,1647.24,13.59,14.78,0,200.96,
767,292,233.38,1116.4,14.33,17.92,1,256.84,Balisée #1
787,292,1215.02,1710.27,20.95,23.09,1,483.64,Balisée #4
765,292,3388.3,2132.99,16.25,20.49,0,332.89,
771,292,538.65,1702.11,17.2,19.49,1,335.21,Balisée #2
795,292,39.63,1291.98,16.15,18.89,0,305.15,
764,293,2313.6,1243.07,22.33,19.61,1,437.98,Balisée #3
770,293,2312.56,1646.42,13.97,15.3,0,213.69,
767,293,234.95,1119.0,14.34,17.9,1,256.68,Balisée #1
787,293,1216.97,1709.63,21.45,23.97,1,514.17,Balisée #4
765,293,3389.82,2134.23,16.25,20.26,0,329.27,
771,293,540.09,1705.37,17.66,19.91,1,351.62,Balisée #2
795,293,42.7,1291.24,16.18,18.7,0,302.65,
764,294,2313.4,1243.32,22.61,19.84,1,448.59,Balisée #3
770,294,2314.68,1645.12,14.0,15.39,0,215.44,
767,294,236.19,1121.33,14.71,18.17,1,267.26,Balisée #1
787,294,1218.99,1708.5,21.43,24.28,1,520.3,Balisée #4
765,294,3391.3,2135.0,16.81,20.89,0,351.14,
771,294,542.47,1707.19,16.93,18.78,1,317.82,Balisée #2
795,294,45.44,1290.41,16.21,18.44,0,298.87,
764,295,2312.94,1242.01,21.44,18.57,1,398.07,Balisée #3
770,295,2316.84,1643.16,13.82,15.28,0,211.22,
767,295,236.83,1123.28,14.77,17.95,1,265.08,Balisée #1
787,295,1221.08,1708.07,20.92,24.04,1,502.89,Balisée #4
765,295,3392.3,2135.28,17.12,21.18,0,362.64,
771,295,544.86,1709.09,16.64,18.13,1,301.65,Balisée #2
795,295,47.14,1289.54,16.23,17.91,0,290.76,
764,296,2311.83,1240.27,22.27,19.16,1,426.67,Balisée #3
770,296,2318.88,1640.82,13.62,15.1,0,205.66,
767,296,237.38,1124.75,14.98,17.8,1,266.62,Balisée #1
787,296,1222.39,1706.85,20.0,22.97,1,459.29,Balisée #4
765,296,3393.48,2135.41,17.44,21.45,0,374.02,
771,296,546.89,1711.0,16.73,17.91,1,299.6,Balisée #2
795,296,50.6,1288.33,16.4,17.9,0,293.44,
764,297,2310.93,1238.47,23.17,19.89,1,460.76,Balisée #3
770,297,2320.39,1638.06,13.29,14.75,0,196.07,
767,297,241.18,1126.03,16.21,19.0,1,308.09,Balisée #1
787,297,1225.4,1705.21,20.73,23.87,1,494.82,Balisée #4
765,297,3394.7,2135.55,17.82,21.83,0,388.99,
771,297,548.67,1713.36,16.23,17.02,1,276.33,Balisée #2
795,297,53.29,1287.72,16.83,18.23,0,306.75,
764,298,2310.58,1238.04,24.08,20.62,1,496.61,Balisée #3
770,298,2321.95,1635.39,12.82,14.17,0,181.69,
767,298,242.84,1128.96,17.19,20.1,1,345.38,Balisée #1
787,298,1227.21,1701.91,17.51,19.79,1,346.39,Balisée #4
765,298,3396.38,2137.78,16.85,20.28,0,341.73,
771,298,550.66,1715.58,16.49,16.76,1,276.47,Balisée #2
795,298,55.6,1286.8,16.74,17.98,0,300.92,
764,299,2310.25,1238.23,23.9,20.32,1,485.6,Balisée #3
770,299,2324.06,1633.06,13.03,14.45,0,188.28,
767,299,243.9,1130.5,16.8,19.63,1,329.79,Balisée #1
787,299,1228.3,1700.78,17.7,20.02,1,354.35,Balisée #4
765,299,3398.54,2139.65,16.96,20.08,0,340.62,
771,299,553.48,1717.74,16.27,16.08,1,261.63,Balisée #2
795,299,58.26,1285.43,16.93,18.03,0,305.26,
764,300,2309.78,1238.02,23.56,19.85,1,467.7,Balisée #3
770,300,2325.9,1631.54,13.15,14.57,0,191.48,
767,300,244.23,1131.57,15.96,18.49,1,295.15,Balisée #1
787,300,1229.35,1699.76,18.07,20.52,1,370.84,Balisée #4
765,300,3400.94,2140.76,16.85,19.56,0,329.61,
771,300,554.93,1719.71,16.8,16.25,1,273.08,Balisée #2
795,300,60.43,1284.07,17.02,18.0,0,306.36,
764,301,2309.4,1237.62,23.83,19.89,1,474.0,Balisée #3
770,301,2328.24,1630.25,13.07,14.45,0,188.93,
767,301,244.61,1133.0,16.37,19.07,1,312.2,Balisée #1
787,301,1230.4,1697.51,17.22,19.54,1,336.37,Balisée #4
765,301,3402.95,2140.75,16.41,18.74,0,307.5,
771,301,556.19,1721.45,16.64,15.74,1,261.81,Balisée #2
795,301,62.78,1282.6,17.68,18.67,0,330.12,
764,302,2309.27,1236.6,23.67,19.56,1,463.09,Balisée #3
770,302,2330.99,1628.07,13.32,14.74,0,196.39,
767,302,244.96,1134.26,16.24,19.07,1,309.56,Balisée #1
787,302,1232.02,1694.53,14.93,16.74,1,250.0,Balisée #4
765,302,3404.71,2140.47,16.63,18.7,0,311.0,
771,302,557.51,1722.78,16.69,15.5,1,258.77,Balisée #2
795,302,64.56,1281.55,17.42,18.33,0,319.44,
764,303,2309.29,1235.4,23.63,19.32,1,456.55,Balisée #3
770,303,2333.65,1626.24,13.0,14.41,0,187.31,
767,303,245.07,1135.72,15.98,18.89,1,301.88,Balisée #1
787,303,1233.56,1695.23,17.59,19.91,1,350.19,Balisée #4
765,303,3406.58,2140.91,17.18,18.85,0,323.85,
771,303,559.61,1723.95,17.14,15.58,1,266.92,Balisée #2
795,303,65.83,1280.35,17.34,18.16,0,314.78,
764,304,2309.13,1233.34,23.58,19.0,1,447.86,Balisée #3
770,304,2336.11,1624.11,13.52,15.09,0,204.01,
767,304,245.57,1136.95,15.67,18.72,1,293.4,Balisée #1
787,304,1235.09,1694.17,17.73,20.19,1,357.96,Balisée #4
765,304,3410.21,2141.39,17.18,18.67,0,320.81,
771,304,561.94,1725.65,17.31,15.42,1,267.0,Balisée #2
795,304,67.44,1279.0,17.74,18.53,0,328.61,
764,305,2308.84,1231.57,24.33,19.43,1,472.68,Balisée #3
770,305,2338.5,1621.55,13.76,15.41,0,212.1,
767,305,246.16,1138.28,15.45,18.62,1,287.67,Balisée #1
787,305,1236.42,1691.17,14.87,16.46,1,244.75,Balisée #4
765,305,3413.21,2142.25,17.06,18.36,0,313.26,
771,305,563.6,1727.36,17.67,15.26,1,269.63,Balisée #2
795,305,69.49,1277.34,18.1,18.85,0,341.05,
764,306,2308.74,1230.36,24.38,19.29,1,470.35,Balisée #3
770,306,2341.1,1618.85,13.54,15.26,0,206.53,
767,306,246.91,1139.28,15.83,19.24,1,304.72,Balisée #1
787,306,1237.47,1688.26,14.56,15.8,1,230.05,Balisée #4
765,306,3415.65,2143.46,16.66,17.75,0,295.64,
771,306,566.2,1729.96,20.6,17.95,1,369.62,Balisée #2
795,306,70.76,1275.83,18.58,19.16,0,356.01,
764,307,2309.45,1229.88,24.55,19.34,1,474.81,Balisée #3
770,307,2343.92,1616.47,13.44,15.14,0,203.4,
767,307,247.83,1140.66,15.53,19.07,1,296.09,Balisée #1
787,307,1239.79,1686.51,14.0,14.86,1,208.05,Balisée #4
765,307,3419.16,2144.23,16.47,17.28,0,284.57,
771,307,569.11,1731.28,20.76,18.15,1,376.8,Balisée #2
795,307,73.55,1274.72,18.42,18.77,0,345.82,
764,308,2310.19,1229.58,24.77,19.5,1,482.94,Balisée #3
770,308,2346.95,1613.88,13.72,15.37,0,210.81,
767,308,248.87,1142.06,15.9,19.69,1,313.02,Balisée #1
787,308,1241.77,1685.16,14.18,15.03,1,213.04,Balisée #4
765,308,3422.73,2144.4,16.25,16.86,0,274.01,
771,308,571.98,1732.26,19.72,17.12,1,337.57,Balisée #2
795,308,76.2,1273.63,19.63,20.03,0,393.23,
764,309,2310.62,1229.14,24.41,19.08,1,465.64,Balisée #3
770,309,2348.76,1612.1,14.08,15.45,0,217.5,
767,309,249.94,1142.93,15.66,19.54,1,306.02,Balisée #1
787,309,1243.2,1683.38,16.51,17.53,1,289.47,Balisée #4
765,309,3426.15,2144.38,16.29,16.73,0,272.56,
771,309,574.44,1732.71,19.11,16.36,1,312.58,Balisée #2
795,309,78.92,1270.89,19.78,20.11,0,397.87,
764,310,2310.46,1227.99,23.65,18.34,1,433.71,Balisée #3
770,310,2353.76,1610.95,15.28,16.55,0,252.86,
767,310,251.04,1144.01,15.43,19.41,1,299.53,Balisée #1
787,310,1244.25,1682.11,17.81,18.97,1,337.74,Balisée #4
765,310,3428.45,2144.47,16.02,16.19,0,259.38,
771,310,576.91,1733.07,18.71,15.68,1,293.32,Balisée #2
795,310,81.35,1269.21,19.25,19.28,0,371.07,
764,311,2309.97,1226.79,24.03,18.6,1,447.0,Balisée #3
770,311,2356.31,1606.75,16.62,18.2,0,302.4,
767,311,251.54,1145.75,15.18,19.25,1,292.26,Balisée #1
787,311,1244.6,1681.31,18.72,20.11,1,376.44,Balisée #4
765,311,3430.14,2144.12,16.34,16.19,0,264.44,
771,311,578.99,1733.45,18.49,15.29,1,282.6,Balisée #2
795,311,83.04,1268.1,19.11,18.94,0,361.82,
764,312,2309.16,1225.64,25.78,20.15,1,519.29,Balisée #3
770,312,2358.25,1603.99,15.0,16.57,0,248.5,
767,312,251.89,1146.78,15.59,19.97,1,311.4,Balisée #1
787,312,1244.75,1678.05,17.77,19.11,1,339.58,Balisée #4
765,312,3433.32,2144.34,16.4,15.8,0,259.12,
771,312,581.22,1733.75,18.07,14.69,1,265.54,Balisée #2
795,312,84.73,1266.3,18.72,18.26,0,341.97,
764,313,2308.36,1225.05,26.75,21.08,1,563.79,Balisée #3
770,313,2359.8,1601.79,13.76,15.2,0,209.18,
767,313,251.67,1148.24,15.23,19.69,1,299.9,Balisée #1
787,313,1245.42,1676.31,18.46,19.83,1,366.02,Balisée #4
765,313,3435.47,2145.06,15.9,15.06,0,239.4,
771,313,583.55,1735.13,18.55,14.91,1,276.73,Balisée #2
795,313,86.26,1264.94,18.97,18.18,0,344.87,
764,314,2307.87,1223.07,26.5,21.04,1,557.63,Balisée #3
770,314,2361.82,1599.38,13.42,14.89,0,199.84,
767,314,252.31,1149.16,15.14,19.61,1,296.85,Balisée #1
787,314,1246.07,1674.54,18.63,19.91,1,370.85,Balisée #4
765,314,3439.01,2146.53,15.81,14.72,0,232.73,
771,314,585.77,1736.44,18.91,15.04,1,284.45,Balisée #2
795,314,87.91,1263.12,19.16,18.21,0,348.94,
764,315,2307.76,1224.23,26.56,21.24,1,564.12,Balisée #3
770,315,2364.42,1597.25,14.0,15.62,0,218.61,
767,315,252.56,1150.6,15.77,20.76,1,327.28,Balisée #1
787,315,1246.5,1673.62,18.66,19.75,1,368.43,Balisée #4
765,315,3442.3,2147.44,15.46,13.98,0,216.12,
771,315,587.64,1737.76,19.12,15.1,1,288.62,Balisée #2
795,315,89.56,1261.76,19.62,18.43,0,361.58,
764,316,2307.64,1224.79,26.27,21.13,1,555.12,Balisée #3
770,316,2367.1,1596.05,13.68,15.33,0,209.71,
767,316,253.36,1153.0,15.75,20.88,1,328.85,Balisée #1
787,316,1246.94,1672.29,19.06,19.94,1,380.14,Balisée #4
765,316,3444.71,2147.83,15.1,13.32,0,201.11,
771,316,589.81,1739.42,19.07,14.93,1,284.66,Balisée #2
795,316,92.11,1260.78,19.9,18.42,0,366.55,
764,317,2307.43,1225.02,26.08,21.13,1,551.14,Balisée #3
770,317,2369.92,1594.88,13.74,15.5,0,213.01,
767,317,253.65,1154.64,15.29,20.34,1,311.07,Balisée #1
787,317,1246.92,1670.56,19.11,19.81,1,378.61,Balisée #4
765,317,3447.24,2148.24,15.78,13.7,0,216.2,
771,317,591.9,1740.92,18.99,14.68,1,278.79,Balisée #2
795,317,94.35,1259.97,20.36,18.68,0,380.28,
764,318,2307.24,1225.05,26.06,21.28,1,554.43,Balisée #3
770,318,2372.6,1592.83,14.71,16.93,0,249.11,
767,318,253.99,1156.94,14.77,19.63,1,289.92,Balisée #1
765,318,3449.97,2149.0,15.68,13.35,0,209.35,
771,318,593.5,1741.97,19.58,15.0,1,293.69,Balisée #2
795,318,96.74,1259.45,20.46,18.59,0,380.24,
764,319,2306.78,1224.98,26.11,21.52,1,561.93,Balisée #3
770,319,2375.22,1591.3,13.96,16.09,0,224.58,
767,319,255.01,1159.05,14.25,18.81,1,268.15,Balisée #1
765,319,3452.87,2149.62,15.72,13.14,0,206.64,
771,319,595.9,1742.96,20.13,15.39,1,309.74,Balisée #2
795,319,98.53,1258.94,20.33,18.32,0,372.59,
787,319,1249.45,1668.08,19.6,20.18,1,395.47,Balisée #4
764,320,2305.87,1225.07,25.82,21.41,1,552.77,Balisée #3
770,320,2377.03,1589.88,13.24,15.15,0,200.69,
767,320,255.15,1161.47,14.41,18.92,1,272.57,Balisée #1
765,320,3454.83,2150.86,16.48,13.42,0,221.26,
771,320,598.11,1744.36,19.59,14.87,1,291.36,Balisée #2
795,320,100.42,1257.75,20.61,18.49,0,381.04,
787,320,1249.91,1666.53,18.25,18.37,1,335.27,Balisée #4
764,321,2305.41,1223.36,25.58,21.41,1,547.69,Balisée #3
770,321,2378.77,1588.09,13.06,15.02,0,196.26,
767,321,255.37,1163.32,14.62,19.26,1,281.49,Balisée #1
765,321,3458.04,2151.95,17.07,13.72,0,234.23,
771,321,600.7,1745.29,19.99,15.02,1,300.29,Balisée #2
795,321,102.3,1256.51,21.07,18.83,0,396.68,
787,321,1250.04,1665.67,17.64,17.37,1,306.45,Balisée #4
764,322,2305.17,1224.31,25.78,21.73,1,560.14,Balisée #3
770,322,2380.72,1585.76,13.29,15.36,0,204.14,
767,322,255.9,1164.49,14.87,19.57,1,291.0,Balisée #1
765,322,3460.59,2152.63,17.72,14.17,0,251.01,
771,322,603.01,1746.39,20.4,15.27,1,311.47,Balisée #2
795,322,104.17,1255.29,20.66,18.33,0,378.87,
787,322,1250.12,1662.81,16.99,16.29,1,276.63,Balisée #4
764,323,2305.01,1224.77,25.65,21.68,1,556.06,Balisée #3
770,323,2382.97,1583.64,12.93,14.79,0,191.3,
767,323,256.22,1165.83,14.34,18.72,1,268.45,Balisée #1
765,323,3463.5,2152.75,17.98,14.26,0,256.47,
771,323,605.25,1747.47,20.16,15.08,1,303.94,Balisée #2
795,323,106.22,1254.21,20.68,18.24,0,377.18,
787,323,1250.41,1661.17,17.91,17.05,1,305.45,Balisée #4
810,323,1574.56,2153.33,15.96,13.33,0,212.85,
764,324,2304.8,1225.15,25.12,21.27,1,534.27,Balisée #3
770,324,2385.64,1580.99,14.19,16.47,0,233.76,
767,324,257.78,1167.14,14.68,19.08,1,280.05,Balisée #1
765,324,3465.88,2152.7,18.66,14.61,0,272.49,
771,324,607.42,1747.97,20.45,15.3,1,312.82,Balisée #2
795,324,108.74,1252.24,21.53,19.06,0,410.32,
787,324,1250.09,1659.49,19.33,18.32,1,354.15,Balisée #4
810,324,1576.06,2152.4,18.13,15.2,0,275.69,
764,325,2304.91,1225.34,24.93,21.06,1,524.98,Balisée #3
770,325,2388.5,1579.53,13.84,16.11,0,223.02,
767,325,259.17,1168.84,14.8,19.11,1,282.8,Balisée #1
765,325,3468.14,2152.51,19.21,14.97,0,287.65,
771,325,610.12,1748.06,20.61,15.37,1,316.82,Balisée #2
795,325,111.72,1250.77,21.14,18.83,0,398.13,
787,325,1250.51,1659.2,19.26,18.22,1,350.93,Balisée #4
810,325,1578.42,2151.36,20.44,17.27,0,353.12,
764,326,2304.87,1225.41,24.88,21.0,1,522.45,Balisée #3
770,326,2391.4,1578.3,13.45,15.6,0,209.81,
767,326,260.24,1170.85,14.62,18.53,1,270.9,Balisée #1
765,326,3471.01,2152.22,19.59,15.53,0,304.28,
771,326,613.51,1748.46,21.31,15.98,1,340.48,Balisée #2
795,326,115.02,1249.84,21.19,18.98,0,402.1,
787,326,1251.38,1658.02,20.36,19.35,1,394.09,Balisée #4
810,326,1580.17,2149.89,21.89,18.66,0,408.39,
764,327,2305.04,1225.27,25.24,21.31,1,538.03,Balisée #3
770,327,2394.26,1576.62,13.23,15.33,0,202.75,
767,327,261.43,1172.61,15.28,18.87,1,288.48,Balisée #1
765,327,3473.95,2151.85,19.68,15.6,0,306.98,
771,327,617.3,1748.74,21.92,16.51,1,361.73,Balisée #2
795,327,118.32,1249.46,21.23,19.16,0,406.81,
787,327,1251.89,1657.17,21.57,20.61,1,444.53,Balisée #4
810,327,1585.0,2147.95,22.02,18.9,0,416.09,
764,328,2304.91,1225.4,24.98,21.09,1,526.64,Balisée #3
770,328,2396.0,1574.29,13.65,15.64,0,213.45,
767,328,265.04,1174.18,16.26,19.78,1,321.66,Balisée #1
765,328,3476.35,2152.05,20.05,15.91,0,318.96,
771,328,621.02,1749.25,23.1,17.58,1,405.97,Balisée #2
795,328,122.0,1248.63,21.54,19.55,0,421.14,
810,328,1587.71,2145.83,21.46,18.65,0,400.08,
764,329,2304.48,1225.45,24.88,21.0,1,522.27,Balisée #3
770,329,2397.11,1571.57,13.67,15.25,0,208.53,
767,329,266.84,1176.86,17.04,20.71,1,352.97,Balisée #1
765,329,3478.72,2152.18,20.01,15.63,0,312.87,
771,329,623.35,1749.66,24.02,18.45,1,443.3,Balisée #2
795,329,124.9,1247.46,21.02,19.24,0,404.47,
810,329,1589.52,2144.32,21.36,18.9,0,403.66,
787,329,1252.61,1653.28,20.35,19.49,1,396.64,Balisée #4
764,330,2303.55,1225.66,24.55,20.6,1,505.87,Balisée #3
770,330,2398.05,1569.15,13.7,14.65,0,200.75,
767,330,267.89,1178.2,16.78,20.4,1,342.36,Balisée #1
765,330,3481.22,2151.9,20.84,16.21,0,337.67,
771,330,626.66,1750.2,25.07,19.59,1,491.07,Balisée #2
795,330,127.12,1246.11,20.87,19.36,0,404.09,
810,330,1591.4,2142.65,21.57,19.49,0,420.39,
814,330,626.58,1754.11,21.75,19.79,0,430.44,
787,330,1253.88,1651.94,20.69,19.67,1,406.91,Balisée #4
764,331,2303.52,1225.97,24.71,20.63,1,509.76,Balisée #3
770,331,2402.94,1567.08,14.25,15.13,0,215.57,
767,331,269.38,1179.4,16.29,19.77,1,322.0,Balisée #1
765,331,3483.39,2151.12,20.86,16.45,0,343.22,
771,331,630.39,1750.41,25.26,20.08,1,507.29,Balisée #2
795,331,130.15,1244.74,21.04,19.75,0,415.43,
810,331,1593.7,2140.58,20.93,19.36,0,405.12,
814,331,630.03,1754.28,21.38,19.44,0,415.55,
787,331,1254.64,1650.33,21.08,20.01,1,421.82,Balisée #4
764,332,2304.11,1226.41,23.95,19.9,1,476.67,Balisée #3
770,332,2405.78,1565.21,13.8,14.79,0,204.08,
767,332,271.86,1180.74,15.49,18.62,1,288.44,Balisée #1
765,332,3485.64,2149.91,20.92,16.58,0,346.74,
771,332,633.82,1750.31,24.71,19.96,1,493.09,Balisée #2
795,332,133.83,1243.17,20.94,20.0,0,418.73,
810,332,1596.38,2138.47,21.08,19.95,0,420.48,
814,332,633.55,1754.42,21.07,19.17,0,403.86,
764,333,2304.45,1226.71,24.89,20.64,1,513.81,Balisée #3
770,333,2409.16,1563.86,14.23,15.33,0,218.16,
767,333,274.27,1182.26,15.45,18.41,1,284.44,Balisée #1
765,333,3488.22,2148.79,20.77,16.49,0,342.56,
771,333,637.4,1750.38,24.6,20.17,1,496.33,Balisée #2
795,333,137.68,1241.76,20.1,19.43,0,390.53,
810,333,1598.6,2135.37,21.4,20.84,0,445.99,
814,333,637.23,1753.93,22.09,20.14,0,444.91,
764,334,2303.66,1227.03,24.73,20.37,1,503.69,Balisée #3
770,334,2411.75,1562.59,15.59,17.15,0,267.29,
767,334,277.15,1184.36,15.89,18.76,1,298.1,Balisée #1
765,334,3490.42,2148.0,20.67,16.43,0,339.57,
771,334,640.92,1750.22,23.96,19.91,1,477.02,Balisée #2
795,334,140.97,1240.62,19.99,19.48,0,389.49,
810,334,1601.12,2132.79,19.6,19.51,0,382.37,
814,334,640.85,1754.17,21.53,19.66,0,423.12,
787,334,1256.38,1645.83,21.32,19.94,1,425.28,Balisée #4
764,335,2302.72,1227.02,24.4,20.02,1,488.53,Balisée #3
770,335,2414.39,1558.41,15.89,17.85,0,283.74,
767,335,279.34,1185.74,15.91,18.64,1,296.59,Balisée #1
765,335,3492.31,2146.75,20.34,16.11,0,327.56,
771,335,644.75,1750.13,23.58,19.79,1,466.6,Balisée #2
795,335,145.16,1239.17,19.94,19.38,0,386.51,
810,335,1603.43,2130.05,19.09,19.36,0,369.53,
814,335,644.81,1754.2,21.44,19.61,0,420.48,
764,336,2301.94,1226.98,24.75,20.29,1,502.11,Balisée #3
770,336,2416.41,1555.8,14.67,16.52,0,242.29,
767,336,281.09,1187.08,15.8,18.34,1,289.8,Balisée #1
765,336,3494.59,2145.65,20.21,15.92,0,321.81,
771,336,648.79,1750.35,23.92,20.28,1,485.05,Balisée #2
795,336,147.56,1238.02,19.44,19.08,0,370.95,
810,336,1605.06,2127.71,19.21,19.63,0,377.02,
814,336,648.82,1754.32,21.22,19.36,0,410.87,
764,337,2301.44,1226.71,25.03,20.58,1,515.27,Balisée #3
770,337,2418.57,1553.03,13.96,15.75,0,219.85,
767,337,283.3,1188.38,15.51,17.86,1,277.0,Balisée #1
765,337,3496.99,2144.61,20.4,16.0,0,326.42,
771,337,651.89,1750.49,23.9,20.6,1,492.31,Balisée #2
795,337,149.94,1236.09,19.37,19.18,0,371.52,
810,337,1608.04,2124.04,20.33,21.46,0,436.28,
814,337,651.92,1754.25,21.31,19.49,0,415.48,
764,338,2301.29,1226.76,25.21,20.84,1,525.38,Balisée #3
770,338,2420.23,1550.16,14.07,15.67,0,220.48,
767,338,285.41,1189.15,15.92,17.96,1,285.82,Balisée #1
765,338,3499.7,2143.46,20.65,16.2,0,334.52,
771,338,655.21,1750.36,23.35,20.37,1,475.72,Balisée #2
795,338,152.46,1234.36,19.14,19.1,0,365.59,
810,338,1610.8,2121.96,19.2,20.76,0,398.5,
814,338,655.3,1754.16,21.46,19.69,0,422.43,
764,339,2300.96,1227.52,25.18,20.89,1,525.88,Balisée #3
770,339,2423.34,1546.58,16.17,18.46,0,298.53,
767,339,288.63,1190.42,16.31,17.79,1,290.16,Balisée #1
765,339,3502.03,2142.26,21.09,16.58,0,349.79,
771,339,658.72,1750.39,23.21,20.48,1,475.31,Balisée #2
795,339,155.41,1232.49,18.63,18.67,0,347.72,
810,339,1613.68,2119.97,17.89,19.72,0,352.84,
814,339,658.74,1754.19,21.35,19.62,0,418.96,
764,340,2300.44,1227.91,25.52,21.26,1,542.54,Balisée #3
770,340,2426.19,1544.53,15.51,18.02,0,279.46,
767,340,290.65,1191.81,15.93,17.03,1,271.32,Balisée #1
765,340,3503.68,2140.82,21.34,16.69,0,356.16,
771,340,661.75,1750.06,22.39,19.86,1,444.74,Balisée #2
795,340,157.77,1230.57,18.97,19.16,0,363.4,
810,340,1615.77,2118.01,17.27,19.33,0,333.95,
814,340,661.67,1753.74,22.19,20.51,0,455.06,
819,340,2427.66,1546.15,18.15,14.93,0,270.98,
764,341,2299.62,1228.21,24.97,20.8,1,519.59,Balisée #3
770,341,2428.9,1543.24,14.05,16.18,0,227.3,
767,341,292.5,1193.3,16.32,17.34,1,283.04,Balisée #1
771,341,664.67,1749.65,21.45,19.07,1,409.05,Balisée #2
795,341,160.32,1229.16,18.57,18.83,0,349.7,
810,341,1617.8,2115.44,16.62,18.85,0,313.19,
764,342,2298.71,1228.14,24.85,20.78,1,516.37,Balisée #3
770,342,2431.41,1540.94,13.42,15.4,0,206.71,
767,342,294.56,1194.94,16.2,16.92,1,274.12,Balisée #1
771,342,668.12,1749.42,20.89,18.65,1,389.7,Balisée #2
795,342,162.72,1228.41,18.66,19.0,0,354.44,
810,342,1619.58,2113.43,17.51,20.34,0,356.27,
764,343,2298.23,1227.97,24.77,20.84,1,516.05,Balisée #3
770,343,2433.8,1539.37,13.99,16.18,0,226.28,
767,343,297.11,1196.61,16.98,17.55,1,298.11,Balisée #1
771,343,672.43,1749.57,21.3,18.97,1,403.92,Balisée #2
795,343,165.22,1227.38,18.69,19.06,0,356.22,
810,343,1622.1,2110.25,16.99,20.08,0,341.23,
765,343,3509.81,2138.38,23.88,18.97,0,453.07,
814,343,672.63,1753.53,22.59,20.91,0,472.33,
764,344,2298.14,1228.48,24.7,20.87,1,515.62,Balisée #3
770,344,2436.03,1538.0,15.33,18.13,0,277.81,
767,344,300.58,1198.41,16.38,16.3,1,266.97,Balisée #1
771,344,676.18,1749.77,21.59,19.39,1,418.68,Balisée #2
795,344,168.86,1226.37,19.12,19.28,0,368.52,
810,344,1624.66,2107.76,16.24,19.48,0,316.49,
814,344,676.23,1753.56,22.31,20.84,0,464.98,
764,345,2297.56,1229.07,24.16,20.5,1,495.34,Balisée #3
770,345,2438.42,1533.98,14.97,17.98,0,269.24,
767,345,302.57,1199.75,16.48,16.11,1,265.62,Balisée #1
771,345,679.27,1749.79,21.46,19.44,1,417.07,Balisée #2
795,345,171.1,1225.5,19.77,20.11,0,397.58,
810,345,1627.01,2105.67,16.01,19.39,0,310.32,
814,345,679.33,1753.61,21.99,20.74,0,456.08,
764,346,2296.83,1229.7,24.15,20.67,1,499.21,Balisée #3
770,346,2440.7,1531.56,13.59,16.17,0,219.74,
767,346,304.13,1200.8,17.05,16.49,1,281.07,Balisée #1
771,346,682.32,1749.64,20.96,19.17,1,401.73,Balisée #2
795,346,173.17,1223.09,20.19,20.69,0,417.81,
810,346,1628.29,2103.81,15.88,19.26,0,305.83,
764,347,2296.35,1230.71,24.6,21.22,1,522.14,Balisée #3
770,347,2442.71,1529.95,12.82,15.14,0,194.08,
767,347,306.64,1202.45,16.6,15.76,1,261.46,Balisée #1
771,347,684.88,1749.56,20.63,19.02,1,392.34,Balisée #2
795,347,175.56,1221.58,19.56,20.04,0,392.0,
810,347,1629.43,2101.6,16.21,19.48,0,315.81,
764,348,2295.77,1231.44,24.51,21.36,1,523.71,Balisée #3
770,348,2444.28,1528.11,13.04,15.06,0,196.3,
767,348,309.38,1204.29,17.07,16.01,1,273.35,Balisée #1
771,348,687.96,1749.16,19.74,18.22,1,359.82,Balisée #2
795,348,178.05,1220.38,19.57,20.03,0,392.01,
810,348,1633.77,2098.95,16.11,19.08,0,307.45,
764,349,2294.98,1231.85,23.41,20.54,1,480.72,Balisée #3
770,349,2445.58,1526.58,13.21,14.63,0,193.35,
767,349,311.73,1206.09,17.17,15.86,1,272.32,Balisée #1
771,349,690.84,1748.66,18.83,17.32,1,326.13,Balisée #2
795,349,180.41,1219.32,19.76,20.24,0,399.95,
810,349,1635.62,2096.61,16.13,18.96,0,305.83,
764,350,2294.02,1232.06,23.36,20.68,1,483.01,Balisée #3
770,350,2450.22,1524.42,13.23,14.16,0,187.32,
767,350,313.71,1207.5,17.25,15.7,1,270.83,Balisée #1
771,350,693.67,1748.4,18.74,17.22,1,322.76,Balisée #2
795,350,182.9,1218.22,19.29,19.83,0,382.5,
810,350,1637.11,2093.99,15.54,18.34,0,284.92,
764,351,2293.0,1232.22,23.48,20.93,1,491.56,Balisée #3
770,351,2452.55,1521.64,13.72,14.57,0,199.91,
767,351,315.74,1208.49,18.51,16.67,1,308.63,Balisée #1
771,351,697.31,1747.69,19.09,17.39,1,332.12,Balisée #2
795,351,185.1,1217.24,19.16,19.67,0,376.86,
810,351,1638.4,2091.01,15.64,18.62,0,291.14,
764,352,2291.93,1232.56,22.9,20.62,1,472.2,Balisée #3
770,352,2454.17,1518.58,13.6,14.5,0,197.16,
767,352,317.61,1209.98,17.36,15.32,1,265.9,Balisée #1
771,352,699.9,1747.52,18.59,16.99,1,315.88,Balisée #2
795,352,187.13,1215.7,19.37,19.86,0,384.68,
810,352,1640.1,2089.16,16.72,20.28,0,339.07,
764,353,2291.49,1233.04,22.53,20.52,1,462.36,Balisée #3
770,353,2455.76,1516.37,13.88,14.95,0,207.4,
767,353,320.16,1210.26,16.96,14.68,1,248.91,Balisée #1
771,353,702.49,1747.18,18.69,17.15,1,320.53,Balisée #2
795,353,189.06,1213.63,19.65,20.21,0,397.01,
810,353,1641.97,2086.28,16.3,20.12,0,328.0,
764,354,2291.73,1233.69,22.52,20.8,1,468.33,Balisée #3
770,354,2457.9,1514.97,14.96,16.37,0,244.92,
767,354,322.32,1211.25,17.35,14.8,1,256.68,Balisée #1
771,354,704.93,1746.55,19.06,17.56,1,334.58,Balisée #2
795,354,190.55,1211.37,19.58,20.06,0,392.68,
810,354,1643.61,2084.21,15.23,18.91,0,288.02,
764,355,2291.15,1234.7,22.75,21.28,1,484.18,Balisée #3
770,355,2460.39,1513.68,16.51,18.49,0,305.29,
767,355,324.23,1212.52,17.13,14.41,1,246.72,Balisée #1
771,355,707.04,1745.71,19.08,17.74,1,338.51,Balisée #2
795,355,193.45,1209.11,19.53,19.89,0,388.43,
810,355,1645.64,2082.24,15.02,18.77,0,281.97,
764,356,2291.0,1235.81,22.01,20.79,1,457.55,Balisée #3
770,356,2463.12,1509.85,15.93,18.07,0,287.72,
767,356,327.3,1213.92,16.62,13.68,1,227.33,Balisée #1
771,356,709.87,1744.9,18.53,17.4,1,322.39,Balisée #2
795,356,196.06,1207.6,19.48,19.95,0,388.66,
810,356,1647.59,2079.84,14.89,18.77,0,279.52,
764,357,2290.63,1236.37,21.49,20.41,1,438.58,Balisée #3
770,357,2465.62,1507.73,14.59,16.56,0,241.67,
767,357,330.2,1215.55,17.07,13.79,1,235.39,Balisée #1
771,357,712.49,1744.25,18.76,17.77,1,333.3,Balisée #2
795,357,198.78,1206.85,19.36,19.94,0,385.93,
810,357,1649.4,2077.6,14.32,18.11,0,259.41,
764,358,2290.36,1236.77,21.52,20.66,1,444.56,Balisée #3
770,358,2467.74,1506.37,13.66,15.22,0,207.77,
767,358,332.08,1217.26,16.96,13.49,1,228.81,Balisée #1
771,358,715.04,1743.51,18.82,17.99,1,338.59,Balisée #2
795,358,201.37,1206.46,19.16,19.85,0,380.21,
810,358,1651.03,2075.58,14.37,18.25,0,262.24,
764,359,2290.33,1237.64,20.81,20.07,1,417.64,Balisée #3
770,359,2469.43,1504.51,13.93,15.0,0,208.92,
767,359,334.02,1218.5,18.12,14.29,1,258.89,Balisée #1
771,359,717.6,1743.4,18.85,18.01,1,339.66,Balisée #2
795,359,203.16,1205.75,19.16,19.9,0,381.31,
810,359,1653.08,2073.59,14.98,19.18,0,287.32,
764,360,2289.92,1238.3,20.59,20.02,1,412.17,Balisée #3
770,360,2473.93,1502.63,14.14,14.79,0,209.18,
767,360,336.9,1219.6,18.84,14.66,1,276.2,Balisée #1
771,360,721.25,1743.07,19.14,18.14,1,347.21,Balisée #2
795,360,205.34,1203.88,19.34,20.25,0,391.62,
810,360,1655.54,2071.5,14.32,18.31,0,262.33,
764,361,2289.69,1239.38,20.65,20.29,1,419.03,Balisée #3
770,361,2476.23,1500.64,14.37,14.88,0,213.93,
767,361,338.93,1220.15,19.42,15.18,1,294.83,Balisée #1
771,361,723.36,1742.95,19.05,18.16,1,345.9,Balisée #2
795,361,207.41,1202.63,18.6,19.53,0,363.18,
810,361,1657.36,2070.0,14.32,18.37,0,263.05,
764,362,2289.62,1240.54,20.39,20.16,1,411.06,Balisée #3
770,362,2478.38,1498.7,14.06,14.67,0,206.2,
767,362,341.45,1220.69,20.26,16.11,1,326.47,Balisée #1
771,362,725.4,1742.23,18.95,18.29,1,346.63,Balisée #2
795,362,209.07,1200.66,18.39,19.37,0,356.21,
810,362,1659.61,2068.55,14.36,18.37,0,263.72,
764,363,2290.21,1241.57,19.79,19.6,1,387.95,Balisée #3
770,363,2480.87,1497.3,14.02,14.71,0,206.16,
767,363,343.91,1221.32,21.35,17.38,1,370.97,Balisée #1
771,363,727.52,1741.27,18.82,18.37,1,345.8,Balisée #2
795,363,211.21,1198.57,18.67,19.84,0,370.37,
810,363,1661.28,2066.36,14.41,18.43,0,265.55,
764,364,2290.45,1242.26,19.89,19.66,1,391.07,Balisée #3
770,364,2483.75,1495.43,13.89,14.62,0,203.1,
767,364,346.32,1221.81,21.97,18.41,1,404.6,Balisée #1
771,364,729.71,1740.3,18.99,18.76,1,356.14,Balisée #2
795,364,213.62,1196.7,18.55,19.81,0,367.48,
810,364,1663.22,2063.93,14.12,17.97,0,253.74,
764,365,2290.76,1242.81,20.0,19.84,1,396.85,Balisée #3
770,365,2486.49,1493.32,13.99,14.85,0,207.76,
767,365,348.73,1225.44,21.48,18.36,1,394.3,Balisée #1
771,365,731.56,1739.21,18.44,18.36,1,338.58,Balisée #2
795,365,215.94,1195.32,18.51,19.88,0,367.93,
810,365,1665.06,2061.16,14.52,18.52,0,268.86,
764,366,2290.59,1243.0,20.02,19.99,1,400.3,Balisée #3
770,366,2488.72,1491.67,14.73,15.81,0,232.81,
767,366,349.76,1227.14,20.42,17.75,1,362.39,Balisée #1
771,366,733.69,1738.07,18.44,18.55,1,342.13,Balisée #2
795,366,217.29,1194.2,18.15,19.64,0,356.46,
810,366,1666.48,2058.85,14.36,18.29,0,262.66,
764,367,2290.3,1243.03,19.72,19.77,1,390.04,Balisée #3
770,367,2490.8,1490.44,15.94,17.47,0,278.39,
767,367,351.29,1227.85,19.48,17.29,1,336.81,Balisée #1
771,367,735.4,1737.11,18.4,18.75,1,345.05,Balisée #2
795,367,218.61,1192.44,18.42,20.12,0,370.49,
810,367,1668.33,2056.76,14.08,17.9,0,252.03,
764,368,2290.47,1243.58,19.8,19.86,1,393.16,Balisée #3
770,368,2492.36,1486.1,15.91,17.45,0,277.63,
767,368,352.63,1228.08,18.95,17.08,1,323.64,Balisée #1
771,368,737.57,1736.23,18.3,18.81,1,344.05,Balisée #2
795,368,219.86,1190.67,18.34,20.12,0,368.95,
810,368,1670.22,2054.67,14.42,18.41,0,265.4,
764,369,2291.11,1244.51,19.81,19.74,1,391.2,Balisée #3
770,369,2497.2,1483.68,15.31,16.26,0,248.95,
767,369,354.47,1228.58,17.7,16.08,1,284.6,Balisée #1
771,369,739.05,1735.45,18.33,19.05,1,349.19,Balisée #2
795,369,220.95,1188.77,18.0,19.8,0,356.43,
810,369,1672.48,2052.74,14.36,18.37,0,263.77,
764,370,2292.18,1245.45,19.98,19.83,1,396.27,Balisée #3
770,370,2499.86,1481.97,14.32,14.91,0,213.53,
767,370,356.34,1228.83,16.99,15.45,1,262.46,Balisée #1
771,370,740.46,1734.63,18.19,19.14,1,348.08,Balisée #2
795,370,222.29,1186.12,17.79,19.57,0,348.23,
810,370,1674.32,2051.06,14.43,18.4,0,265.56,
764,371,2292.17,1246.1,20.07,20.07,1,402.8,Balisée #3
770,371,2501.49,1480.97,13.7,14.17,0,194.01,
767,371,357.67,1228.85,16.98,15.27,1,259.36,Balisée #1
771,371,742.44,1733.4,18.22,19.34,1,352.38,Balisée #2
795,371,223.85,1183.66,17.83,19.64,0,350.26,
810,371,1675.45,2049.38,14.55,18.61,0,270.7,
764,372,2292.05,1246.34,20.03,20.2,1,404.68,Balisée #3
770,372,2503.81,1479.43,13.74,14.08,0,193.45,
767,372,358.26,1229.52,16.27,14.3,1,232.72,Balisée #1
771,372,743.82,1731.71,18.55,19.95,1,369.99,Balisée #2
795,372,225.72,1181.91,17.95,19.74,0,354.35,
810,372,1676.38,2047.05,14.48,18.32,0,265.33,
764,373,2292.07,1246.43,20.03,20.28,1,406.25,Balisée #3
770,373,2506.4,1477.07,14.12,14.46,0,204.24,
767,373,361.57,1229.93,15.76,13.48,1,212.47,Balisée #1
771,373,745.96,1730.49,18.06,19.64,1,354.53,Balisée #2
795,373,227.89,1180.3,17.91,19.65,0,351.9,
810,373,1677.26,2043.83,14.55,17.98,0,261.59,
764,374,2292.22,1246.51,20.27,20.46,1,414.64,Balisée #3
770,374,2508.43,1474.39,13.96,14.27,0,199.24,
767,374,362.98,1230.11,15.72,13.18,1,207.21,Balisée #1
771,374,747.42,1729.7,17.33,19.07,1,330.58,Balisée #2
795,374,228.98,1179.41,17.94,19.68,0,353.08,
810,374,1678.15,2041.98,15.88,19.23,0,305.32,
764,375,2292.66,1246.99,21.12,21.47,1,453.44,Balisée #3
770,375,2510.7,1471.79,14.3,14.66,0,209.68,
767,375,363.66,1230.65,16.44,13.7,1,225.14,Balisée #1
771,375,749.0,1728.8,17.53,19.45,1,340.97,Balisée #2
795,375,230.01,1178.01,18.22,19.88,0,362.3,
810,375,1682.06,2038.84,16.67,20.15,0,335.93,
764,376,2292.98,1248.47,21.39,21.86,1,467.59,Balisée #3
770,376,2512.97,1469.34,14.25,14.67,0,209.01,
767,376,364.96,1231.11,15.68,12.9,1,202.29,Balisée #1
771,376,751.05,1727.8,17.85,20.07,1,358.3,Balisée #2
795,376,231.39,1175.39,19.2,21.12,0,405.57,
810,376,1684.27,2036.83,15.68,18.95,0,297.18,
764,377,2293.13,1249.03,21.48,22.08,1,474.28,Balisée #3
770,377,2515.09,1467.79,14.86,15.41,0,228.97,
767,377,366.91,1231.19,15.39,12.56,1,193.32,Balisée #1
771,377,752.67,1726.23,17.64,20.09,1,354.34,Balisée #2
795,377,233.24,1173.15,18.07,19.72,0,356.4,
810,377,1686.14,2034.99,15.39,18.73,0,288.24,
764,378,2293.08,1249.76,21.91,22.74,1,498.14,Balisée #3
770,378,2516.6,1466.58,16.35,17.05,0,278.87,
767,378,368.89,1231.6,15.91,12.93,1,205.73,Balisée #1
771,378,754.33,1724.61,16.81,19.31,1,324.57,Balisée #2
795,378,235.06,1170.88,17.54,19.04,0,334.06,
810,378,1687.31,2033.54,15.24,18.63,0,284.02,
764,379,2292.91,1250.21,22.7,23.9,1,542.73,Balisée #3
770,379,2521.32,1465.55,18.04,18.86,0,340.3,
767,379,371.04,1232.33,16.02,12.83,1,205.6,Balisée #1
771,379,756.09,1722.81,17.4,20.18,1,351.28,Balisée #2
795,379,237.15,1168.68,17.91,19.2,0,343.9,
810,379,1688.7,2031.38,14.83,18.13,0,268.95,
764,380,2292.85,1250.51,22.91,24.46,1,560.46,Balisée #3
770,380,2524.01,1461.85,17.29,18.18,0,314.36,
767,380,372.57,1232.9,15.97,12.61,1,201.41,Balisée #1
771,380,757.85,1721.14,17.1,20.06,1,343.09,Balisée #2
795,380,238.84,1166.57,18.45,19.44,0,358.66,
810,380,1690.28,2028.7,14.99,18.37,0,275.45,
764,381,2292.82,1250.95,22.71,24.62,1,559.18,Balisée #3
770,381,2525.81,1459.74,15.58,16.5,0,257.08,
767,381,373.73,1233.47,16.42,12.86,1,211.04,Balisée #1
771,381,759.8,1719.83,17.02,20.23,1,344.36,Balisée #2
795,381,241.72,1165.15,18.56,19.46,0,361.32,
810,381,1692.01,2026.2,15.08,18.59,0,280.32,
832,381,1217.45,1611.41,23.45,20.44,0,479.39,
764,382,2292.94,1251.45,22.65,24.91,1,564.23,Balisée #3
770,382,2527.91,1457.49,14.51,15.33,0,222.48,
767,382,374.55,1233.62,17.27,13.41,1,231.56,Balisée #1
771,382,761.41,1718.53,16.8,20.13,1,338.16,Balisée #2
795,382,243.67,1164.21,18.05,18.88,0,340.82,
810,382,1693.51,2024.1,14.73,18.21,0,268.16,
832,382,1216.21,1611.43,23.02,20.09,0,462.57,
764,383,2293.01,1252.34,22.57,25.09,1,566.43,Balisée #3
770,383,2529.85,1454.96,14.06,14.8,0,208.07,
767,383,376.12,1233.8,17.29,13.3,1,229.97,Balisée #1
771,383,762.62,1717.57,16.97,20.53,1,348.51,Balisée #2
795,383,245.25,1162.59,18.46,19.31,0,356.62,
810,383,1695.11,2022.12,15.03,18.69,0,280.99,
764,384,2293.34,1253.27,22.33,25.02,1,558.71,Balisée #3
770,384,2531.78,1452.72,13.99,14.85,0,207.82,
771,384,763.6,1716.49,17.06,20.88,1,356.12,Balisée #2
795,384,246.35,1160.45,18.93,19.88,0,376.29,
810,384,1696.66,2020.23,14.9,18.64,0,277.75,
764,385,2293.9,1254.08,21.86,24.68,1,539.67,Balisée #3
770,385,2533.98,1450.66,13.79,14.71,0,202.78,
771,385,764.29,1714.97,16.85,20.79,1,350.35,Balisée #2
795,385,247.59,1158.62,18.65,19.71,0,367.63,
810,385,1698.42,2018.42,14.52,18.28,0,265.42,
767,385,379.47,1234.58,17.44,13.26,1,231.19,Balisée #1
764,386,2294.59,1255.12,21.97,25.04,1,549.99,Balisée #3
770,386,2536.7,1448.99,13.87,14.85,0,205.97,
771,386,765.19,1713.15,16.9,20.75,1,350.69,Balisée #2
795,386,249.51,1156.49,18.79,19.99,0,375.71,
810,386,1699.99,2016.88,14.78,18.64,0,275.48,
767,386,381.16,1234.83,17.84,13.39,1,238.76,Balisée #1
764,387,2295.25,1255.86,21.91,25.17,1,551.43,Balisée #3
770,387,2539.21,1447.55,14.34,15.35,0,220.18,
771,387,766.16,1711.58,17.62,21.39,1,376.98,Balisée #2
795,387,252.09,1154.46,18.88,20.3,0,383.32,
810,387,1701.31,2014.81,14.42,18.13,0,261.51,
767,387,382.69,1235.54,18.79,13.92,1,261.51,Balisée #1
764,388,2295.39,1256.58,21.81,25.22,1,550.09,Balisée #3
770,388,2540.6,1446.13,14.0,14.69,0,205.58,
771,388,769.63,1710.05,17.3,20.79,1,359.55,Balisée #2
795,388,254.62,1153.09,19.21,21.0,0,403.4,
810,388,1702.88,2012.64,14.62,18.47,0,270.13,
767,388,385.05,1236.2,18.6,13.54,1,251.87,Balisée #1
764,389,2294.86,1257.44,21.45,24.92,1,534.71,Balisée #3
770,389,2541.66,1444.18,14.94,15.37,0,229.71,
771,389,771.29,1708.54,17.21,20.63,1,355.02,Balisée #2
795,389,256.28,1151.45,18.55,20.42,0,378.94,
810,389,1704.14,2010.21,14.42,18.29,0,263.75,
767,389,386.54,1236.67,18.77,13.48,1,253.05,Balisée #1
764,390,2294.46,1258.48,21.2,24.66,1,522.8,Balisée #3
770,390,2545.93,1442.64,16.82,17.3,0,291.09,
771,390,772.38,1707.1,17.09,20.65,1,352.94,Balisée #2
795,390,257.68,1149.75,17.99,19.98,0,359.48,
810,390,1705.53,2007.79,13.98,17.82,0,249.11,
767,390,387.84,1236.78,19.17,13.7,1,262.61,Balisée #1
764,391,2294.77,1259.47,21.1,24.64,1,519.74,Balisée #3
770,391,2548.19,1438.45,17.27,17.95,0,310.04,
771,391,773.12,1705.89,17.03,20.8,1,354.34,Balisée #2
795,391,259.06,1148.06,17.59,19.59,0,344.71,
810,391,1706.85,2006.15,14.62,18.81,0,275.03,
767,391,389.38,1236.84,19.24,13.72,1,264.01,Balisée #1
764,392,2294.97,1261.24,21.11,24.8,1,523.58,Balisée #3
770,392,2549.61,1436.15,16.07,16.87,0,271.12,
771,392,774.15,1704.99,17.21,21.34,1,367.12,Balisée #2
795,392,260.64,1146.14,17.57,19.8,0,347.81,
810,392,1708.7,2004.12,14.75,19.05,0,281.02,
767,392,391.65,1237.11,19.21,13.62,1,261.61,Balisée #1
764,393,2295.35,1262.52,20.87,24.63,1,514.06,Balisée #3
770,393,2551.26,1434.27,14.82,15.64,0,231.85,
771,393,775.5,1702.95,17.24,21.7,1,374.11,Balisée #2
795,393,262.4,1144.16,17.54,19.84,0,348.04,
810,393,1710.37,2001.88,14.36,18.62,0,267.38,
764,394,2295.69,1263.56,20.08,23.68,1,475.39,Balisée #3
770,394,2553.58,1432.98,14.34,15.17,0,217.68,
771,394,776.93,1700.83,16.67,21.15,1,352.62,Balisée #2
795,394,264.97,1142.23,17.79,20.37,0,362.35,
810,394,1712.07,1999.89,14.17,18.33,0,259.8,
767,394,397.02,1237.69,18.46,12.99,1,239.75,Balisée #1
764,395,2295.45,1264.18,19.76,23.23,1,459.01,Balisée #3
770,395,2555.95,1431.26,14.0,14.87,0,208.17,
771,395,777.89,1698.64,16.6,21.21,1,352.06,Balisée #2
795,395,267.34,1139.99,17.62,20.26,0,356.86,
810,395,1713.51,1997.97,14.85,19.29,0,286.45,
767,395,399.4,1238.08,19.44,13.63,1,265.08,Balisée #1
764,396,2295.71,1264.74,19.64,23.15,1,454.82,Balisée #3
770,396,2558.56,1429.13,14.17,15.13,0,214.39,
771,396,779.23,1696.47,16.3,20.88,1,340.3,Balisée #2
795,396,269.53,1138.23,17.47,20.16,0,352.1,
810,396,1714.83,1995.42,14.46,18.82,0,272.1,
767,396,401.68,1238.06,19.82,13.88,1,275.1,Balisée #1
842,396,3619.67,2065.92,16.68,21.04,0,350.83,
764,397,2295.15,1265.93,19.35,22.83,1,441.8,Balisée #3
770,397,2560.5,1426.7,14.04,15.09,0,211.9,
771,397,780.52,1694.94,16.49,21.2,1,349.46,Balisée #2
795,397,271.23,1136.62,17.39,20.05,0,348.71,
810,397,1716.31,1993.3,15.51,20.55,0,318.62,
767,397,403.89,1238.18,19.69,13.74,1,270.52,Balisée #1
842,397,3620.69,2064.49,16.61,20.94,0,347.79,
764,398,2294.87,1267.2,19.27,22.8,1,439.27,Balisée #3
770,398,2561.96,1424.31,13.9,14.99,0,208.35,
771,398,781.67,1693.12,16.12,20.89,1,336.87,Balisée #2
795,398,272.79,1135.04,16.99,19.61,0,333.18,
810,398,1717.7,1990.57,15.41,20.57,0,317.01,
767,398,406.13,1238.14,19.56,13.55,1,265.06,Balisée #1
842,398,3622.17,2062.92,16.22,20.48,0,332.21,
764,399,2294.76,1268.68,18.61,21.94,1,408.35,Balisée #3
770,399,2563.36,1421.73,13.79,14.85,0,204.8,
771,399,782.7,1691.29,16.04,20.96,1,336.31,Balisée #2
795,399,273.98,1133.29,16.89,19.55,0,330.21,
810,399,1718.93,1988.49,14.51,19.22,0,278.92,
767,399,408.75,1237.44,19.91,13.66,1,271.92,Balisée #1
842,399,3623.51,2061.3,16.0,20.23,0,323.61,
764,400,2295.09,1269.75,18.86,22.02,1,415.32,Balisée #3
770,400,2564.42,1419.9,14.53,15.53,0,225.64,
771,400,784.2,1689.67,16.03,20.88,1,334.55,Balisée #2
795,400,275.92,1131.24,17.09,19.73,0,337.11,
810,400,1720.64,1986.08,14.22,18.82,0,267.65,
767,400,410.93,1237.35,19.49,13.41,1,261.31,Balisée #1
842,400,3625.09,2058.97,16.25,20.62,0,335.14,
764,401,2295.43,1270.11,18.74,21.93,1,410.84,Balisée #3
770,401,2565.46,1418.6,16.1,17.1,0,275.41,
771,401,785.18,1687.68,15.61,20.37,1,318.03,Balisée #2
795,401,277.94,1129.65,17.46,20.21,0,352.78,
810,401,1722.33,1983.62,14.33,19.04,0,272.86,
767,401,413.51,1237.52,18.95,13.02,1,246.79,Balisée #1
842,401,3626.14,2056.03,16.56,21.14,0,349.94,
764,402,2295.43,1270.85,18.74,22.0,1,412.18,Balisée #3
770,402,2569.93,1414.66,17.29,18.45,0,319.02,
771,402,786.07,1685.39,16.17,21.31,1,344.69,Balisée #2
795,402,280.17,1126.92,17.62,20.64,0,363.73,
810,402,1723.61,1981.32,14.35,18.97,0,272.26,
767,402,416.55,1237.7,18.91,13.01,1,245.9,Balisée #1
842,402,3626.92,2053.8,16.76,21.53,0,360.89,
764,403,2295.64,1271.59,19.28,22.86,1,440.64,Balisée #3
770,403,2572.44,1412.46,16.38,17.61,0,288.33,
771,403,787.44,1682.71,15.72,20.71,1,325.59,Balisée #2
795,403,282.98,1124.94,17.04,19.94,0,339.84,
810,403,1724.52,1978.65,14.37,18.69,0,268.51,
767,403,419.45,1237.91,18.52,12.76,1,236.31,Balisée #1
842,403,3627.94,2051.7,16.67,21.44,0,357.51,
764,404,2295.87,1272.6,19.34,22.98,1,444.51,Balisée #3
770,404,2574.11,1411.38,15.38,16.67,0,256.39,
771,404,788.94,1680.51,15.41,20.28,1,312.51,Balisée #2
795,404,285.21,1122.87,16.76,19.34,0,324.04,
810,404,1725.21,1975.75,14.65,18.65,0,273.21,
767,404,421.77,1237.41,19.68,13.69,1,269.57,Balisée #1
842,404,3628.96,2049.51,16.17,20.91,0,338.14,
764,405,2296.27,1273.17,19.2,22.68,1,435.38,Balisée #3
770,405,2576.44,1409.45,14.44,15.75,0,227.39,
771,405,790.56,1678.18,15.37,20.23,1,310.96,Balisée #2
795,405,288.92,1121.1,16.78,18.89,0,316.88,
810,405,1725.94,1972.62,15.02,18.55,0,278.7,
767,405,424.15,1236.98,19.24,13.52,1,260.02,Balisée #1
842,405,3630.14,2047.51,16.75,21.88,0,366.45,
764,406,2296.53,1274.32,19.96,23.73,1,473.69,Balisée #3
770,406,2578.0,1406.59,14.01,15.33,0,214.74,
771,406,791.61,1676.36,15.12,19.83,1,299.77,Balisée #2
795,406,290.78,1119.16,16.89,18.79,0,317.31,
810,406,1730.05,1970.27,15.59,19.1,0,297.79,
767,406,426.97,1236.28,18.71,13.25,1,247.88,Balisée #1
842,406,3631.53,2045.49,16.11,21.23,0,341.98,
764,407,2297.38,1275.4,19.68,23.63,1,465.15,Balisée #3
770,407,2580.01,1403.62,13.77,15.15,0,208.53,
771,407,792.54,1674.57,14.97,19.62,1,293.67,Balisée #2
795,407,291.97,1117.41,17.27,19.25,0,332.52,
810,407,1731.82,1968.96,16.49,20.29,0,334.58,
767,407,429.35,1235.82,19.03,13.51,1,257.07,Balisée #1
842,407,3633.28,2043.57,15.86,20.99,0,332.81,
764,408,2298.3,1276.82,19.89,24.05,1,478.38,Balisée #3
770,408,2581.93,1401.79,13.49,14.96,0,201.85,
771,408,793.28,1672.86,15.08,19.74,1,297.58,Balisée #2
795,408,293.15,1115.45,17.29,19.31,0,333.76,
810,408,1733.28,1966.19,16.1,20.09,0,323.31,
767,408,432.87,1235.94,19.59,13.81,1,270.58,Balisée #1
842,408,3634.94,2042.01,15.73,20.88,0,328.42,
764,409,2299.26,1277.72,20.26,24.64,1,499.12,Balisée #3
770,409,2584.64,1400.23,13.57,15.11,0,205.17,
771,409,793.9,1671.17,14.89,19.26,1,286.84,Balisée #2
795,409,295.14,1113.18,17.19,19.19,0,329.76,
810,409,1735.23,1964.11,15.35,19.26,0,295.67,
767,409,435.03,1236.05,20.1,14.33,1,288.14,Balisée #1
842,409,3637.05,2039.51,16.32,21.91,0,357.54,
764,410,2299.91,1278.36,19.83,24.18,1,479.42,Balisée #3
770,410,2587.01,1398.66,13.54,14.99,0,203.0,
771,410,794.52,1669.67,15.44,20.04,1,309.32,Balisée #2
795,410,296.74,1111.27,17.35,19.43,0,337.26,
810,410,1736.9,1961.94,15.42,19.44,0,299.71,
767,410,436.91,1236.23,19.79,14.25,1,282.0,Balisée #1
842,410,3638.88,2036.99,15.87,21.42,0,339.88,
764,411,2300.73,1278.78,20.2,24.85,1,501.96,Balisée #3
770,411,2588.71,1396.48,14.15,15.36,0,217.3,
771,411,795.52,1666.97,15.33,19.64,1,301.11,Balisée #2
795,411,298.92,1109.36,17.46,19.63,0,342.64,
810,411,1738.23,1959.28,14.66,18.43,0,270.19,
767,411,438.93,1236.03,19.51,14.16,1,276.35,Balisée #1
842,411,3640.69,2034.51,15.61,21.15,0,330.32,
764,412,2301.49,1279.83,20.79,25.81,1,536.63,Balisée #3
770,412,2593.65,1394.97,15.58,16.74,0,260.83,
771,412,796.34,1664.54,15.31,19.5,1,298.55,Balisée #2
795,412,301.5,1107.28,17.31,19.54,0,338.12,
810,412,1739.62,1956.56,14.53,18.22,0,264.86,
767,412,440.89,1235.63,19.05,13.93,1,265.32,Balisée #1
842,412,3642.74,2033.04,15.43,20.91,0,322.66,
847,412,1024.07,1114.71,17.23,17.32,1,298.4,Balisée #5
764,413,2302.2,1280.82,20.56,25.48,1,523.83,Balisée #3
770,413,2596.31,1390.65,16.58,18.05,0,299.26,
771,413,797.24,1662.71,15.56,19.64,1,305.65,Balisée #2
795,413,303.87,1105.51,16.95,19.14,0,324.36,
810,413,1741.84,1953.59,14.48,18.22,0,263.82,
767,413,442.93,1234.97,19.56,14.44,1,282.52,Balisée #1
842,413,3644.59,2031.45,15.79,21.19,0,334.65,
847,413,1025.18,1113.02,17.12,17.19,1,294.34,Balisée #5
764,414,2304.61,1282.05,20.59,25.48,1,524.46,Balisée #3
770,414,2598.17,1388.31,15.51,17.18,0,266.44,
771,414,798.09,1661.12,15.23,19.04,1,289.91,Balisée #2
795,414,305.33,1103.83,17.11,19.33,0,330.76,
810,414,1743.83,1951.23,14.37,18.18,0,261.28,
767,414,444.67,1234.13,19.87,14.85,1,295.09,Balisée #1
842,414,3646.0,2029.47,16.35,21.5,0,351.62,
847,414,1024.39,1111.75,18.47,18.5,1,341.66,Balisée #5
764,415,2305.87,1283.65,20.78,25.83,1,536.6,Balisée #3
770,415,2600.64,1386.95,14.24,15.88,0,226.2,
771,415,799.19,1659.6,15.63,19.43,1,303.78,Balisée #2
795,415,306.87,1101.18,16.91,19.06,0,322.39,
810,415,1746.02,1949.57,14.77,18.64,0,275.34,
767,415,446.99,1233.64,20.14,15.19,1,305.92,Balisée #1
842,415,3650.34,2027.73,16.18,21.23,0,343.49,
847,415,1024.36,1110.88,17.17,17.21,1,295.51,Balisée #5
764,416,2307.54,1284.9,20.99,26.28,1,551.68,Balisée #3
770,416,2603.59,1385.88,13.72,15.4,0,211.22,
771,416,799.52,1658.17,15.57,19.34,1,301.15,Balisée #2
795,416,308.57,1099.02,17.29,19.49,0,337.02,
810,416,1747.9,1948.55,15.03,18.86,0,283.47,
767,416,449.62,1233.58,20.78,15.87,1,329.76,Balisée #1
842,416,3653.18,2026.49,15.71,20.67,0,324.76,
847,416,1024.56,1109.74,18.63,18.7,1,348.43,Balisée #5
764,417,2309.27,1286.58,20.79,26.29,1,546.67,Balisée #3
770,417,2606.63,1384.15,13.64,15.38,0,209.72,
771,417,799.7,1657.21,16.33,20.22,1,330.2,Balisée #2
795,417,310.03,1097.1,17.36,19.46,0,337.8,
810,417,1749.12,1946.76,14.99,18.42,0,276.05,
767,417,451.99,1233.42,20.47,15.78,1,322.97,Balisée #1
842,417,3656.11,2025.07,15.58,20.56,0,320.48,
847,417,1025.29,1110.12,18.69,18.68,1,349.14,Balisée #5
764,418,2310.41,1288.93,20.38,25.9,1,527.68,Balisée #3
770,418,2609.84,1383.04,13.05,14.64,0,191.1,
771,418,799.5,1654.86,16.8,20.77,1,348.9,Balisée #2
795,418,311.5,1095.42,17.52,19.56,0,342.81,
810,418,1749.87,1945.7,15.84,19.14,0,303.17,
767,418,453.81,1233.8,20.66,16.05,1,331.6,Balisée #1
842,418,3658.48,2023.11,16.0,21.23,0,339.74,
764,419,2312.52,1290.38,20.65,26.34,1,544.06,Balisée #3
770,419,2613.37,1382.31,14.94,17.07,0,255.04,
771,419,800.3,1653.46,16.17,19.89,1,321.69,Balisée #2
795,419,313.66,1093.83,17.94,20.06,0,359.99,
810,419,1753.9,1942.6,16.46,19.77,0,325.4,
767,419,455.08,1233.68,21.16,16.45,1,348.1,Balisée #1
842,419,3661.33,2021.36,15.99,21.35,0,341.41,
847,419,1026.02,1109.54,18.98,18.91,1,359.07,Balisée #5
764,420,2314.09,1291.83,20.13,25.66,1,516.51,Balisée #3
770,420,2616.37,1381.52,16.16,18.87,0,304.82,
771,420,800.96,1651.69,15.22,18.39,1,279.95,Balisée #2
795,420,316.34,1091.94,17.89,19.96,0,356.99,
810,420,1755.8,1940.87,15.78,18.81,0,296.91,
767,420,457.55,1233.25,21.24,16.57,1,352.04,Balisée #1
842,420,3663.98,2020.16,15.74,21.03,0,330.97,
847,420,1026.32,1109.04,19.34,19.23,1,371.88,Balisée #5
764,421,2315.45,1293.48,20.46,26.16,1,535.27,Balisée #3
770,421,2619.84,1378.45,14.3,16.33,0,233.6,
771,421,801.02,1649.99,15.64,18.57,1,290.35,Balisée #2
795,421,318.01,1089.96,17.71,19.7,0,348.88,
810,421,1757.19,1939.16,15.02,17.93,0,269.17,
767,421,459.06,1232.48,20.88,16.42,1,342.7,Balisée #1
842,421,3666.58,2019.08,15.78,20.95,0,330.62,
847,421,1026.41,1108.83,19.29,19.15,1,369.38,Balisée #5
764,422,2316.94,1295.74,20.09,25.75,1,517.46,Balisée #3
770,422,2622.22,1375.68,13.62,15.54,0,211.61,
771,422,800.77,1649.19,15.48,18.09,1,280.05,Balisée #2
795,422,319.39,1087.89,17.65,19.58,0,345.59,
810,422,1758.84,1937.3,15.13,18.21,0,275.48,
767,422,460.47,1231.57,20.69,16.38,1,338.82,Balisée #1
842,422,3669.49,2017.94,15.62,20.81,0,324.97,
847,422,1025.32,1108.52,17.63,17.47,1,307.97,Balisée #5
764,423,2318.34,1297.25,20.33,26.05,1,529.58,Balisée #3
770,423,2624.57,1373.77,13.3,15.16,0,201.61,
771,423,801.1,1648.05,15.43,17.74,1,273.71,Balisée #2
795,423,321.04,1085.6,17.91,19.83,0,355.14,
810,423,1760.6,1935.71,15.0,18.04,0,270.53,
767,423,462.05,1231.1,20.48,16.35,1,334.84,Balisée #1
842,423,3671.72,2016.04,15.63,20.76,0,324.49,
847,423,1025.34,1107.05,17.54,17.21,1,301.82,Balisée #5
764,424,2319.9,1299.08,19.92,25.52,1,508.54,Balisée #3
770,424,2627.41,1372.3,13.63,15.52,0,211.46,
771,424,801.41,1646.75,15.78,17.82,1,281.22,Balisée #2
795,424,322.42,1083.49,17.93,19.84,0,355.64,
810,424,1762.27,1934.54,14.98,17.99,0,269.49,
767,424,464.51,1230.84,20.99,16.95,1,355.65,Balisée #1
842,424,3674.14,2014.35,15.55,20.69,0,321.82,
847,424,1025.39,1107.16,19.42,19.07,1,370.37,Balisée #5
764,425,2321.76,1300.91,19.58,24.88,1,487.08,Balisée #3
770,425,2630.73,1371.35,14.1,16.09,0,226.88,
771,425,800.87,1645.52,16.24,18.14,1,294.64,Balisée #2
795,425,323.78,1081.9,18.05,19.96,0,360.33,
810,425,1763.96,1933.16,15.06,18.15,0,273.32,
767,425,466.97,1230.36,20.92,17.04,1,356.4,Balisée #1
842,425,3676.08,2012.59,15.27,20.2,0,308.52,
847,425,1025.24,1107.81,18.35,17.92,1,328.84,Balisée #5
764,426,2323.34,1302.39,19.9,25.15,1,500.36,Balisée #3
770,426,2634.06,1370.37,15.24,17.67,0,269.22,
771,426,800.54,1643.99,16.54,18.31,1,302.73,Balisée #2
795,426,325.28,1079.18,18.88,21.02,0,396.82,
810,426,1765.71,1931.1,14.91,18.06,0,269.32,
767,426,468.86,1229.86,20.7,17.01,1,352.07,Balisée #1
842,426,3677.73,2010.89,15.33,20.25,0,310.44,
847,426,1026.04,1106.77,19.69,19.04,1,374.81,Balisée #5
764,427,2324.92,1304.27,20.73,26.26,1,544.55,Balisée #3
770,427,2636.23,1369.68,16.23,18.94,0,307.43,
771,427,801.05,1641.8,16.02,17.41,1,278.82,Balisée #2
795,427,327.83,1077.05,17.99,20.05,0,360.72,
810,427,1767.5,1929.13,15.14,18.41,0,278.6,
767,427,470.94,1229.33,20.45,16.98,1,347.32,Balisée #1
842,427,3679.41,2009.26,15.59,20.55,0,320.48,
847,427,1026.48,1107.26,19.35,18.81,1,363.89,Balisée #5
764,428,2326.56,1306.46,20.22,25.39,1,513.23,Balisée #3
770,428,2637.9,1366.22,16.23,18.62,0,302.12,
771,428,802.1,1640.35,16.71,17.87,1,298.52,Balisée #2
795,428,331.41,1075.22,17.8,19.91,0,354.32,
810,428,1769.36,1926.98,14.79,17.94,0,265.26,
767,428,473.38,1228.91,20.15,16.91,1,340.74,Balisée #1
842,428,3680.81,2007.28,15.56,20.45,0,318.09,
847,428,1026.67,1107.44,18.65,17.98,1,335.31,Balisée #5
764,429,2328.6,1308.56,19.88,24.61,1,489.07,Balisée #3
770,429,2642.18,1363.9,15.11,16.84,0,254.49,
771,429,802.47,1639.09,16.41,17.33,1,284.45,Balisée #2
795,429,333.72,1074.05,17.71,19.55,0,346.26,
810,429,1770.75,1924.72,14.63,17.81,0,260.66,
767,429,475.58,1228.35,20.55,17.37,1,356.96,Balisée #1
842,429,3681.93,2006.09,15.43,20.23,0,312.0,
847,429,1027.45,1107.28,19.23,18.5,1,355.75,Balisée #5
764,430,2329.74,1310.27,20.47,25.31,1,518.18,Balisée #3
770,430,2644.27,1361.52,14.54,15.96,0,232.06,
795,430,337.07,1073.47,18.03,19.61,0,353.62,
810,430,1771.78,1922.62,15.18,18.55,0,281.56,
767,430,477.85,1227.3,21.07,17.92,1,377.49,Balisée #1
842,430,3682.52,2004.43,15.48,20.19,0,312.57,
847,430,1027.11,1106.73,19.83,19.01,1,376.95,Balisée #5
764,431,2330.54,1312.02,19.93,24.36,1,485.66,Balisée #3
770,431,2645.5,1360.01,14.28,15.63,0,223.34,
795,431,338.99,1071.23,17.97,19.52,0,350.76,
810,431,1772.55,1921.33,16.23,19.92,0,323.16,
767,431,480.82,1226.91,21.31,18.11,1,385.99,Balisée #1
842,431,3683.47,2002.37,15.84,20.69,0,327.74,
847,431,1026.97,1106.81,19.63,18.82,1,369.49,Balisée #5
771,431,802.61,1636.7,16.78,17.43,1,292.47,Balisée #2
764,432,2331.47,1313.83,19.99,24.27,1,485.18,Balisée #3
770,432,2647.04,1358.65,13.73,14.94,0,205.14,
795,432,340.07,1068.46,18.39,20.14,0,370.36,
810,432,1773.36,1918.76,16.81,20.52,0,345.0,
767,432,483.36,1226.54,21.63,18.65,1,403.25,Balisée #1
842,432,3683.71,1999.86,15.7,20.49,0,321.54,
847,432,1027.18,1106.41,20.96,20.15,1,422.41,Balisée #5
771,432,802.63,1635.68,17.38,17.73,1,308.15,Balisée #2
764,433,2332.77,1315.76,20.63,24.97,1,515.09,Balisée #3
770,433,2649.37,1356.97,14.17,15.5,0,219.65,
795,433,341.84,1066.19,18.51,20.42,0,377.88,
810,433,1773.9,1916.96,16.14,19.26,0,310.85,
767,433,486.03,1226.53,21.3,18.6,1,396.09,Balisée #1
842,433,3684.02,1997.91,15.79,20.55,0,324.51,
847,433,1027.51,1107.64,20.06,19.21,1,385.26,Balisée #5
771,433,802.33,1634.08,17.35,17.34,1,300.82,Balisée #2
764,434,2334.21,1317.64,20.12,24.14,1,485.75,Balisée #3
770,434,2651.4,1355.29,14.09,15.52,0,218.68,
795,434,343.72,1064.23,18.08,19.96,0,360.88,
810,434,1777.82,1914.38,16.09,18.96,0,305.1,
767,434,488.72,1226.11,21.91,19.45,1,426.11,Balisée #1
842,434,3684.04,1995.38,15.45,19.97,0,308.43,
847,434,1027.89,1107.56,19.85,18.94,1,376.09,Balisée #5
771,434,802.09,1632.06,17.35,17.05,1,295.73,Balisée #2
764,435,2335.17,1318.99,20.61,24.49,1,504.7,Balisée #3
770,435,2653.07,1353.47,14.01,15.5,0,217.13,
795,435,346.19,1062.16,18.13,20.13,0,365.01,
810,435,1779.31,1912.12,16.15,18.84,0,304.29,
767,435,490.77,1223.51,22.39,20.27,1,453.92,Balisée #1
842,435,3683.7,1993.42,16.18,20.91,0,338.19,
847,435,1028.51,1107.25,20.82,19.8,1,412.2,Balisée #5
771,435,802.22,1629.65,17.86,17.26,1,308.21,Balisée #2
764,436,2336.24,1320.43,20.23,23.87,1,482.82,Balisée #3
770,436,2654.77,1351.16,14.35,16.03,0,230.03,
795,436,349.03,1059.62,18.14,20.31,0,368.41,
810,436,1780.13,1909.56,16.03,18.62,0,298.41,
767,436,492.65,1221.99,21.32,19.55,1,416.9,Balisée #1
842,436,3683.56,1990.99,16.65,21.62,0,359.93,
847,436,1028.55,1106.86,20.5,19.44,1,398.56,Balisée #5
771,436,802.35,1627.84,17.82,17.07,1,304.09,Balisée #2
764,437,2337.85,1322.14,20.67,24.18,1,499.7,Balisée #3
770,437,2656.53,1348.91,13.98,15.82,0,221.25,
795,437,352.17,1058.26,17.8,20.16,0,358.89,
810,437,1780.88,1907.31,16.21,18.99,0,307.9,
767,437,494.94,1220.92,19.8,18.31,1,362.57,Balisée #1
842,437,3683.48,1989.04,16.32,21.2,0,345.98,
847,437,1028.57,1106.48,22.29,21.27,1,474.05,Balisée #5
764,438,2339.13,1324.19,20.56,23.92,1,491.82,Balisée #3
770,438,2657.89,1346.63,14.14,16.1,0,227.63,
795,438,354.83,1057.08,17.93,20.4,0,365.87,
810,438,1781.78,1904.66,16.05,19.06,0,305.86,
767,438,497.94,1219.87,19.46,18.16,1,353.33,Balisée #1
842,438,3683.44,1987.1,16.19,20.98,0,339.77,
847,438,1028.89,1106.92,20.61,19.64,1,404.92,Balisée #5
771,438,802.93,1625.26,17.85,16.87,1,301.0,Balisée #2
764,439,2340.36,1325.6,20.15,23.19,1,467.4,Balisée #3
770,439,2659.02,1344.58,13.62,15.56,0,211.85,
795,439,356.61,1055.37,18.2,20.85,0,379.5,
810,439,1782.86,1902.31,16.08,19.37,0,311.56,
767,439,500.98,1218.92,19.16,17.91,1,343.01,Balisée #1
842,439,3683.25,1984.91,16.18,20.92,0,338.38,
847,439,1029.32,1106.65,20.0,18.97,1,379.52,Balisée #5
764,440,2341.89,1326.68,20.4,23.23,1,473.98,Balisée #3
770,440,2660.81,1342.81,13.58,15.62,0,212.22,
795,440,358.77,1052.7,18.26,21.09,0,385.2,
810,440,1784.39,1900.36,15.69,19.0,0,298.05,
767,440,505.31,1218.08,18.79,17.47,1,328.42,Balisée #1
842,440,3683.07,1982.13,16.13,20.93,0,337.65,
847,440,1029.9,1107.41,21.7,20.63,1,447.71,Balisée #5
764,441,2342.58,1328.16,20.23,22.92,1,463.66,Balisée #3
770,441,2662.28,1341.6,13.45,15.49,0,208.24,
795,441,360.32,1049.83,17.49,20.28,0,354.78,
810,441,1785.18,1898.33,15.74,19.19,0,302.14,
767,441,507.33,1217.61,19.1,17.89,1,341.72,Balisée #1
842,441,3682.38,1979.47,16.26,21.09,0,342.94,
847,441,1029.86,1107.51,22.4,21.34,1,478.14,Balisée #5
764,442,2344.0,1330.06,20.54,23.15,1,475.6,Balisée #3
770,442,2664.12,1339.83,13.57,15.68,0,212.8,
795,442,362.19,1047.3,17.77,20.88,0,371.16,
810,442,1786.16,1895.27,16.77,20.8,0,348.81,
767,442,509.44,1216.78,18.82,17.8,1,334.99,Balisée #1
842,442,3682.17,1977.19,15.88,20.62,0,327.47,
847,442,1030.56,1107.28,21.87,20.81,1,454.96,Balisée #5
764,443,2345.31,1332.15,21.06,23.57,1,496.53,Balisée #3
770,443,2666.02,1337.73,13.2,15.28,0,201.76,
795,443,364.6,1045.32,17.81,21.22,0,377.83,
810,443,1786.84,1892.86,16.0,19.94,0,319.14,
767,443,511.42,1215.52,18.84,18.13,1,341.59,Balisée #1
842,443,3681.84,1975.29,15.55,20.09,0,312.39,
847,443,1030.9,1107.48,22.05,21.11,1,465.49,Balisée #5
771,443,801.73,1617.31,17.28,15.86,1,274.03,Balisée #2
764,444,2347.36,1333.71,21.08,23.55,1,496.4,Balisée #3
770,444,2667.66,1336.12,13.44,15.68,0,210.72,
795,444,367.7,1044.18,17.96,21.56,0,387.18,
810,444,1787.95,1890.74,15.39,19.2,0,295.52,
767,444,513.96,1213.78,19.18,18.71,1,358.94,Balisée #1
842,444,3681.86,1973.72,15.71,20.25,0,318.1,
847,444,1031.04,1108.1,21.36,20.51,1,438.14,Balisée #5
764,445,2348.91,1334.97,21.22,23.58,1,500.45,Balisée #3
770,445,2669.27,1333.76,13.68,15.95,0,218.14,
795,445,370.36,1042.82,17.19,20.67,0,355.4,
810,445,1789.1,1888.68,15.49,19.36,0,299.97,
767,445,516.07,1212.14,18.52,18.33,1,339.61,Balisée #1
842,445,3682.06,1971.75,15.92,20.49,0,326.09,
847,445,1031.56,1108.22,21.49,20.62,1,443.13,Balisée #5
764,446,2350.24,1336.93,21.01,23.23,1,487.94,Balisée #3
770,446,2670.63,1331.42,13.11,15.23,0,199.58,
795,446,372.72,1041.41,17.29,20.95,0,362.33,
810,446,1790.0,1886.25,15.41,19.41,0,299.14,
767,446,518.51,1211.23,18.52,18.64,1,345.37,Balisée #1
842,446,3682.42,1969.62,16.23,20.83,0,338.03,
847,446,1031.83,1108.44,22.16,21.28,1,471.47,Balisée #5
764,447,2351.5,1338.54,20.47,22.3,1,456.34,Balisée #3
770,447,2672.17,1329.66,12.95,15.04,0,194.83,
795,447,374.81,1039.22,17.35,21.22,0,368.18,
810,447,1791.36,1883.56,15.4,19.48,0,300.02,
767,447,521.73,1210.33,18.85,19.26,1,363.18,Balisée #1
842,447,3681.96,1966.67,16.05,20.57,0,330.2,
847,447,1032.59,1108.38,22.36,21.45,1,479.75,Balisée #5
764,448,2353.17,1339.89,21.09,22.77,1,480.13,Balisée #3
770,448,2673.42,1328.29,12.6,14.53,0,183.06,
795,448,376.45,1037.0,17.33,21.45,0,371.79,
810,448,1792.69,1880.9,14.89,18.86,0,280.86,
767,448,524.54,1209.53,18.84,19.41,1,365.7,Balisée #1
842,448,3681.26,1964.59,15.61,19.89,0,310.51,
847,448,1032.61,1108.56,22.05,21.09,1,464.92,Balisée #5
764,449,2354.47,1341.53,21.05,22.68,1,477.48,Balisée #3
770,449,2675.1,1326.05,12.93,14.82,0,191.65,
795,449,378.48,1034.46,16.77,20.85,0,349.75,
810,449,1793.72,1878.23,14.77,18.62,0,274.96,
767,449,526.31,1208.56,18.5,18.88,1,349.24,Balisée #1
842,449,3680.5,1962.08,16.09,20.43,0,328.75,
847,449,1032.55,1109.6,21.32,20.44,1,435.62,Balisée #5
764,450,2355.84,1343.05,21.03,22.51,1,473.49,Balisée #3
770,450,2677.34,1323.92,13.84,15.86,0,219.48,
795,450,380.51,1031.49,17.31,21.62,0,374.41,
810,450,1794.79,1875.69,14.64,18.53,0,271.25,
767,450,530.07,1207.6,18.24,18.55,1,338.3,Balisée #1
842,450,3680.29,1959.75,16.17,20.39,0,329.84,
847,450,1033.73,1109.72,21.02,20.05,1,421.53,Balisée #5
764,451,2357.47,1344.59,21.29,22.73,1,483.97,Balisée #3
770,451,2678.97,1322.48,15.08,17.6,0,265.4,
795,451,385.0,1029.73,17.2,21.14,0,363.75,
810,451,1795.66,1872.54,14.66,18.66,0,273.55,
767,451,532.12,1205.78,18.44,18.98,1,349.94,Balisée #1
842,451,3680.03,1957.14,15.96,20.0,0,319.13,
847,451,1035.0,1109.27,22.17,21.12,1,468.39,Balisée #5
771,451,801.15,1604.94,19.64,17.81,1,349.83,Balisée #2
764,452,2359.18,1345.49,21.5,22.86,1,491.57,Balisée #3
770,452,2680.49,1318.77,15.8,18.8,0,297.08,
795,452,387.67,1028.24,16.75,20.6,0,345.15,
810,452,1796.83,1870.04,14.51,18.38,0,266.66,
767,452,534.75,1203.49,18.18,19.03,1,346.03,Balisée #1
842,452,3679.88,1954.75,15.8,19.58,0,309.36,
847,452,1035.85,1109.49,22.2,21.13,1,469.08,Balisée #5
764,453,2361.64,1347.09,21.24,22.53,1,478.58,Balisée #3
770,453,2682.54,1316.71,15.06,18.04,0,271.68,
795,453,390.09,1027.08,16.6,20.53,0,340.76,
810,453,1798.44,1867.53,14.21,17.95,0,255.11,
767,453,537.66,1202.22,18.32,19.47,1,356.83,Balisée #1
842,453,3679.76,1952.5,16.0,19.71,0,315.36,
847,453,1037.31,1109.4,22.24,21.15,1,470.52,Balisée #5
764,454,2363.52,1348.3,20.94,22.02,1,461.05,Balisée #3
770,454,2683.85,1314.77,13.86,16.3,0,225.83,
795,454,392.2,1025.83,16.42,20.37,0,334.44,
810,454,1799.69,1864.37,14.12,17.78,0,251.02,
767,454,540.7,1201.23,19.13,20.7,1,396.04,Balisée #1
842,454,3679.45,1949.73,16.5,20.33,0,335.39,
847,454,1036.89,1109.92,21.5,20.47,1,440.23,Balisée #5
764,455,2365.0,1349.17,20.56,21.36,1,439.13,Balisée #3
770,455,2684.81,1312.21,13.74,15.73,0,216.21,
795,455,394.23,1023.15,16.73,20.82,0,348.39,
810,455,1801.05,1861.86,15.23,19.41,0,295.47,
767,455,543.7,1199.96,18.32,19.96,1,365.68,Balisée #1
842,455,3679.23,1946.82,16.13,19.89,0,320.73,
847,455,1037.05,1110.0,21.5,20.44,1,439.5,Balisée #5
771,455,802.1,1601.43,17.27,14.97,1,258.49,Balisée #2
764,456,2366.99,1350.33,20.71,21.36,1,442.33,Balisée #3
770,456,2685.86,1309.77,14.32,15.81,0,226.38,
795,456,395.98,1020.29,16.38,20.51,0,335.86,
810,456,1802.99,1859.18,15.13,18.98,0,287.19,
767,456,546.43,1198.96,16.95,18.63,1,315.85,Balisée #1
842,456,3678.7,1944.97,16.95,20.97,0,355.34,
847,456,1037.54,1110.06,21.88,20.76,1,454.15,Balisée #5
771,456,801.7,1600.25,18.24,15.37,1,280.45,Balisée #2
764,457,2369.2,1351.38,21.0,21.5,1,451.43,Balisée #3
770,457,2690.37,1307.8,14.34,15.6,0,223.81,
795,457,398.33,1017.52,15.99,20.16,0,322.41,
810,457,1804.06,1856.47,14.68,18.17,0,266.73,
767,457,549.12,1197.61,17.37,19.13,1,332.37,Balisée #1
842,457,3678.62,1941.68,16.03,19.66,0,315.28,
847,457,1038.93,1109.62,22.38,21.15,1,473.42,Balisée #5
764,458,2371.6,1352.69,21.37,21.72,1,464.17,Balisée #3
770,458,2692.92,1306.24,14.28,15.62,0,223.17,
795,458,400.57,1015.24,16.36,20.75,0,339.41,
810,458,1805.24,1853.86,14.69,18.14,0,266.49,
767,458,551.44,1195.63,16.81,18.44,1,309.94,Balisée #1
842,458,3678.74,1939.07,15.82,19.31,0,305.63,
847,458,1040.01,1109.3,22.84,21.61,1,493.76,Balisée #5
863,458,1245.0,1717.85,23.61,18.81,1,444.12,Balisée #4
771,458,801.25,1597.21,18.52,15.3,1,283.37,Balisée #2
764,459,2373.8,1354.0,21.56,21.78,1,469.64,Balisée #3
770,459,2695.21,1303.66,14.07,15.46,0,217.56,
810,459,1806.64,1851.08,14.57,18.07,0,263.3,
767,459,553.62,1193.64,16.37,18.09,1,296.21,Balisée #1
842,459,3678.96,1936.72,15.54,18.78,0,291.89,
847,459,1040.66,1110.01,21.99,20.77,1,456.73,Balisée #5
863,459,1248.35,1718.68,22.66,18.02,1,408.41,Balisée #4
764,460,2376.23,1354.93,21.35,21.35,1,455.71,Balisée #3
770,460,2697.5,1300.63,14.18,15.68,0,222.29,
810,460,1807.99,1847.17,15.91,20.01,0,318.49,
767,460,556.39,1191.57,16.89,18.62,1,314.38,Balisée #1
842,460,3679.49,1934.09,15.29,18.24,0,278.81,
847,460,1041.45,1110.55,21.54,20.31,1,437.58,Balisée #5
795,460,406.44,1011.63,15.99,20.43,0,326.61,
771,460,801.76,1593.94,18.54,15.01,1,278.23,Balisée #2
764,461,2378.22,1355.73,21.46,21.28,1,456.67,Balisée #3
770,461,2699.34,1298.77,15.31,17.27,0,264.31,
810,461,1809.23,1844.79,15.1,18.83,0,284.42,
767,461,559.39,1189.61,16.66,18.39,1,306.41,Balisée #1
842,461,3680.04,1931.76,15.69,18.59,0,291.75,
847,461,1042.18,1110.87,21.88,20.59,1,450.44,Balisée #5
795,461,409.35,1010.63,15.64,20.02,0,313.25,
771,461,802.3,1592.53,18.67,14.77,1,275.72,Balisée #2
863,461,1254.02,1719.62,23.43,18.62,1,436.26,Balisée #4
764,462,2380.07,1356.48,22.02,21.77,1,479.37,Balisée #3
770,462,2700.76,1294.62,15.97,18.43,0,294.26,
810,462,1810.39,1842.62,14.57,18.1,0,263.73,
767,462,562.39,1187.76,16.47,18.2,1,299.89,Balisée #1
842,462,3679.89,1928.79,15.86,18.68,0,296.3,
847,462,1043.05,1110.31,22.87,21.55,1,492.75,Balisée #5
795,462,411.41,1008.83,15.77,20.4,0,321.85,
863,462,1256.89,1719.77,22.81,18.06,1,411.95,Balisée #4
764,463,2382.18,1357.44,21.85,21.44,1,468.61,Balisée #3
770,463,2702.78,1292.24,14.88,17.29,0,257.34,
810,463,1811.61,1839.44,14.54,18.04,0,262.33,
767,463,565.61,1186.57,16.46,18.23,1,300.04,Balisée #1
842,463,3679.32,1925.63,16.18,18.92,0,306.08,
847,463,1043.78,1109.65,22.8,21.45,1,489.15,Balisée #5
795,463,412.99,1005.92,15.73,20.49,0,322.22,
863,463,1260.14,1719.98,22.55,17.75,1,400.31,Balisée #4
771,463,802.14,1590.45,18.74,14.59,1,273.37,Balisée #2
764,464,2384.47,1358.41,21.95,21.45,1,470.81,Balisée #3
770,464,2704.35,1290.26,13.82,16.03,0,221.46,
810,464,1812.96,1836.41,14.41,17.84,0,257.14,
767,464,568.38,1185.46,16.11,17.8,1,286.78,Balisée #1
842,464,3678.24,1922.62,16.02,18.55,0,297.21,
847,464,1043.89,1109.5,22.38,21.05,1,471.07,Balisée #5
863,464,1262.99,1720.71,23.25,18.28,1,424.95,Balisée #4
771,464,801.68,1588.9,19.52,15.07,1,294.15,Balisée #2
764,465,2386.18,1359.72,21.94,21.38,1,468.94,Balisée #3
770,465,2705.96,1288.31,13.35,15.55,0,207.64,
810,465,1814.32,1834.0,14.39,17.69,0,254.64,
767,465,570.86,1184.25,16.28,18.12,1,294.93,Balisée #1
842,465,3677.36,1920.25,16.1,18.43,0,296.71,
847,465,1043.86,1109.9,21.79,20.45,1,445.64,Balisée #5
863,465,1265.96,1720.55,22.91,17.97,1,411.64,Balisée #4
771,465,801.35,1587.52,19.67,15.17,1,298.35,Balisée #2
764,466,2388.01,1360.63,22.03,21.37,1,470.7,Balisée #3
770,466,2707.3,1286.11,13.35,15.46,0,206.38,
810,466,1815.5,1831.49,14.62,17.96,0,262.71,
767,466,573.28,1182.4,16.5,18.17,1,299.9,Balisée #1
842,466,3676.57,1918.0,16.3,18.46,0,300.94,
847,466,1044.78,1110.26,21.96,20.59,1,452.03,Balisée #5
863,466,1268.31,1720.8,23.01,17.94,1,412.8,Balisée #4
764,467,2389.95,1361.96,21.72,20.94,1,454.93,Balisée #3
770,467,2708.19,1283.96,13.43,15.3,0,205.41,
810,467,1816.59,1828.85,14.96,18.51,0,276.89,
767,467,577.3,1180.53,16.41,17.61,1,289.03,Balisée #1
842,467,3675.94,1916.22,16.84,19.01,0,320.15,
847,467,1046.09,1110.64,23.33,21.97,1,512.61,Balisée #5
863,467,1271.05,1720.72,23.08,17.9,1,413.15,Balisée #4
771,467,801.52,1585.06,19.39,14.87,1,288.36,Balisée #2
764,468,2392.04,1363.25,21.65,20.72,1,448.67,Balisée #3
770,468,2708.92,1282.15,13.77,15.33,0,211.14,
810,468,1817.68,1826.26,15.3,19.09,0,292.09,
767,468,579.43,1178.83,17.01,18.2,1,309.44,Balisée #1
842,468,3675.51,1914.21,17.2,19.39,0,333.61,
847,468,1047.58,1110.95,23.63,22.24,1,525.41,Balisée #5
863,468,1273.97,1721.29,22.99,17.7,1,407.11,Balisée #4
771,468,802.08,1583.79,19.46,14.74,1,286.81,Balisée #2
764,469,2394.01,1364.26,21.96,20.81,1,456.87,Balisée #3
770,469,2709.55,1279.81,14.04,15.13,0,212.4,
810,469,1818.72,1822.77,15.97,20.15,0,321.72,
767,469,581.97,1177.92,17.58,19.04,1,334.71,Balisée #1
842,469,3674.64,1911.61,16.79,18.71,0,314.06,
847,469,1048.15,1111.65,22.99,21.55,1,495.47,Balisée #5
863,469,1277.55,1721.55,22.98,17.61,1,404.72,Balisée #4
771,469,802.37,1582.51,19.58,14.62,1,286.27,Balisée #2
795,469,427.61,994.56,16.3,21.4,0,348.95,
764,470,2396.32,1365.02,22.11,20.76,1,459.03,Balisée #3
770,470,2714.11,1276.98,14.7,15.65,0,229.95,
810,470,1819.64,1820.04,14.92,18.72,0,279.23,
767,470,585.74,1175.03,18.31,20.02,1,366.66,Balisée #1
842,470,3674.16,1908.77,17.25,18.94,0,326.65,
847,470,1048.39,1111.95,22.46,21.13,1,474.51,Balisée #5
863,470,1280.81,1721.48,22.47,17.1,1,384.31,Balisée #4
771,470,802.51,1581.28,19.67,14.51,1,285.44,Balisée #2
795,470,428.93,992.24,16.66,21.86,0,364.07,
764,471,2397.93,1365.53,22.12,20.63,1,456.28,Balisée #3
770,471,2715.98,1275.25,15.49,16.48,0,255.26,
810,471,1820.31,1817.51,15.07,18.77,0,282.89,
767,471,588.81,1173.16,17.08,18.81,1,321.34,Balisée #1
842,471,3671.53,1905.88,17.77,19.19,0,341.06,
847,471,1049.31,1111.64,22.58,21.31,1,481.36,Balisée #5
863,471,1283.53,1720.97,23.67,18.04,1,426.96,Balisée #4
764,472,2399.52,1366.15,22.15,20.47,1,453.51,Balisée #3
770,472,2717.05,1273.83,17.0,18.42,0,313.22,
810,472,1820.95,1814.83,15.41,18.94,0,291.71,
767,472,591.37,1172.0,16.55,18.25,1,301.97,Balisée #1
842,472,3669.97,1902.81,18.48,19.93,0,368.41,
847,472,1050.18,1110.95,23.65,22.42,1,530.14,Balisée #5
863,472,1285.74,1720.84,23.49,17.91,1,420.79,Balisée #4
771,472,801.69,1578.71,19.85,14.54,1,288.61,Balisée #2
764,473,2401.48,1366.83,22.86,21.02,1,480.65,Balisée #3
770,473,2718.07,1269.83,16.21,17.92,0,290.54,
810,473,1821.69,1812.09,15.68,18.83,0,295.21,
767,473,593.86,1170.78,16.07,17.57,1,282.28,Balisée #1
842,473,3669.27,1900.62,18.82,20.34,0,382.67,
847,473,1050.65,1110.79,24.27,23.09,1,560.36,Balisée #5
863,473,1288.73,1720.14,23.7,18.02,1,427.05,Balisée #4
771,473,801.34,1577.74,19.88,14.47,1,287.59,Balisée #2
795,473,435.41,983.19,16.47,21.43,0,352.95,
764,474,2403.91,1368.67,23.39,21.48,1,502.51,Balisée #3
770,474,2719.36,1267.5,14.75,16.56,0,244.2,
810,474,1825.4,1809.71,15.72,18.51,0,291.05,
767,474,595.93,1169.27,15.79,17.23,1,272.0,Balisée #1
842,474,3668.86,1898.66,18.19,19.63,0,357.2,
847,474,1051.35,1110.47,23.75,22.64,1,537.76,Balisée #5
863,474,1291.33,1719.9,24.1,18.29,1,440.67,Balisée #4
771,474,801.23,1576.67,20.42,14.8,1,302.17,Balisée #2
795,474,437.01,980.18,16.12,21.14,0,340.82,
764,475,2406.3,1369.76,23.08,21.11,1,487.11,Balisée #3
770,475,2720.92,1265.2,14.08,15.89,0,223.69,
810,475,1827.0,1807.57,16.41,19.2,0,315.23,
767,475,597.79,1167.27,16.21,17.41,1,282.2,Balisée #1
842,475,3668.78,1897.11,18.86,20.46,0,385.73,
847,475,1052.18,1111.53,23.82,22.58,1,537.81,Balisée #5
863,475,1294.13,1719.68,23.34,17.65,1,411.91,Balisée #4
771,475,800.46,1575.69,20.15,14.49,1,292.06,Balisée #2
764,476,2408.83,1370.91,22.87,20.86,1,477.13,Balisée #3
770,476,2722.18,1262.78,13.42,15.13,0,203.15,
810,476,1828.04,1804.99,16.48,19.31,0,318.18,
767,476,601.58,1165.44,16.84,17.8,1,299.65,Balisée #1
842,476,3668.78,1894.35,18.77,20.41,0,383.18,
847,476,1054.63,1112.21,24.5,22.88,1,560.67,Balisée #5
863,476,1296.99,1719.78,23.53,17.82,1,419.2,Balisée #4
771,476,800.12,1574.83,20.18,14.45,1,291.56,Balisée #2
764,477,2410.59,1371.81,22.75,20.7,1,471.07,Balisée #3
770,477,2723.86,1260.62,13.33,15.12,0,201.6,
810,477,1828.54,1802.57,16.22,19.04,0,309.0,
767,477,603.8,1164.01,17.12,18.14,1,310.46,Balisée #1
842,477,3668.36,1892.46,18.06,19.71,0,355.84,
847,477,1056.06,1112.98,24.57,22.58,1,554.66,Balisée #5
863,477,1299.16,1719.72,24.38,18.54,1,451.94,Balisée #4
771,477,799.9,1574.36,20.46,14.58,1,298.3,Balisée #2
764,478,2412.6,1372.7,22.45,20.22,1,454.04,Balisée #3
770,478,2725.24,1258.46,13.44,15.34,0,206.15,
810,478,1829.13,1801.11,16.85,20.11,0,338.87,
767,478,605.8,1162.89,16.72,17.65,1,295.13,Balisée #1
842,478,3667.96,1890.34,18.1,19.83,0,358.88,
847,478,1056.84,1113.44,25.01,22.6,1,565.32,Balisée #5
863,478,1301.8,1719.76,24.15,18.45,1,445.59,Balisée #4
771,478,799.06,1574.01,19.87,14.1,1,280.07,Balisée #2
764,479,2414.88,1373.67,22.28,19.84,1,442.01,Balisée #3
770,479,2727.04,1256.35,13.25,15.16,0,200.86,
810,479,1830.44,1798.46,16.94,20.58,0,348.64,
767,479,608.23,1161.58,17.18,18.17,1,312.13,Balisée #1
842,479,3667.76,1888.63,17.87,19.67,0,351.68,
847,479,1057.59,1113.23,25.18,22.26,1,560.42,Balisée #5
863,479,1304.7,1719.85,23.05,17.59,1,405.52,Balisée #4
771,479,798.16,1573.33,19.97,14.1,1,281.5,Balisée #2
764,480,2417.41,1375.01,22.45,19.78,1,444.07,Balisée #3
770,480,2728.62,1254.43,13.35,15.3,0,204.22,
810,480,1831.5,1796.25,16.19,19.82,0,320.8,
767,480,610.38,1160.32,17.2,18.23,1,313.48,Balisée #1
842,480,3667.48,1886.66,18.04,19.9,0,359.05,
847,480,1057.83,1113.12,24.56,21.08,1,517.75,Balisée #5
863,480,1307.3,1719.69,23.34,17.84,1,416.51,Balisée #4
771,480,797.21,1572.66,20.4,14.32,1,292.08,Balisée #2
764,481,2419.96,1376.49,22.53,19.73,1,444.34,Balisée #3
770,481,2730.32,1252.66,13.32,15.34,0,204.4,
810,481,1832.63,1794.27,16.08,19.8,0,318.3,
767,481,612.14,1159.15,17.24,18.28,1,315.13,Balisée #1
842,481,3666.88,1884.42,17.95,19.92,0,357.55,
847,481,1057.89,1113.47,24.69,20.69,1,510.81,Balisée #5
863,481,1310.02,1719.23,23.85,18.3,1,436.48,Balisée #4
771,481,796.23,1572.07,20.26,14.22,1,288.1,Balisée #2
764,482,2422.34,1377.64,22.63,19.67,1,445.29,Balisée #3
770,482,2731.67,1251.32,14.05,16.11,0,226.25,
810,482,1833.96,1792.46,15.57,19.37,0,301.66,
767,482,613.91,1157.41,16.99,18.13,1,307.99,Balisée #1
842,482,3667.28,1882.77,17.84,19.83,0,353.72,
847,482,1058.52,1114.15,25.45,20.98,1,533.96,Balisée #5
863,482,1311.82,1718.69,24.01,18.59,1,446.26,Balisée #4
771,482,795.27,1571.6,20.64,14.48,1,298.74,Balisée #2
764,483,2424.99,1378.95,22.51,19.37,1,436.04,Balisée #3
810,483,1834.92,1790.61,15.26,19.08,0,291.21,
767,483,616.13,1155.78,17.09,18.33,1,313.42,Balisée #1
842,483,3667.57,1881.49,17.41,19.35,0,336.86,
847,483,1059.08,1114.93,26.06,21.22,1,552.98,Balisée #5
863,483,1314.43,1718.33,24.48,19.12,1,468.1,Balisée #4
771,483,794.6,1571.04,20.79,14.56,1,302.75,Balisée #2
764,484,2427.9,1379.94,22.18,18.83,1,417.71,Balisée #3
810,484,1836.34,1788.21,15.46,19.55,0,302.22,
767,484,618.36,1154.22,17.7,19.19,1,339.58,Balisée #1
842,484,3668.43,1879.91,17.66,19.58,0,345.83,
847,484,1059.5,1115.48,26.82,21.64,1,580.23,Balisée #5
863,484,1317.04,1718.43,24.49,19.26,1,471.66,Balisée #4
771,484,793.92,1570.73,21.16,14.8,1,313.26,Balisée #2
764,485,2430.75,1381.47,22.19,18.55,1,411.67,Balisée #3
810,485,1837.73,1785.75,15.34,19.62,0,301.08,
767,485,620.58,1153.42,18.29,20.01,1,365.96,Balisée #1
842,485,3669.22,1878.19,17.67,19.53,0,345.1,
847,485,1059.87,1116.27,26.7,21.28,1,568.15,Balisée #5
863,485,1320.28,1718.34,24.29,19.2,1,466.27,Balisée #4
771,485,793.53,1570.75,20.9,14.58,1,304.66,Balisée #2
770,485,2739.78,1243.58,13.28,14.92,0,198.16,
764,486,2433.51,1382.14,22.32,18.48,1,412.45,Balisée #3
810,486,1839.53,1783.75,14.86,19.2,0,285.28,
767,486,622.0,1153.07,18.74,20.48,1,383.82,Balisée #1
842,486,3669.83,1876.77,18.08,19.98,0,361.28,
847,486,1060.04,1116.88,26.84,21.18,1,568.48,Balisée #5
863,486,1323.36,1718.35,23.94,19.16,1,458.69,Balisée #4
771,486,793.23,1571.01,21.22,14.8,1,314.04,Balisée #2
770,486,2741.57,1241.84,13.05,14.63,0,190.9,
764,487,2436.02,1382.85,22.8,18.77,1,427.98,Balisée #3
810,487,1841.07,1782.56,14.99,19.52,0,292.49,
767,487,625.93,1150.43,18.23,19.87,1,362.26,Balisée #1
842,487,3669.98,1875.34,17.98,19.84,0,356.7,
847,487,1059.87,1116.98,26.93,21.09,1,567.96,Balisée #5
863,487,1325.52,1718.3,24.41,19.73,1,481.69,Balisée #4
771,487,791.78,1571.46,21.62,15.01,1,324.61,Balisée #2
770,487,2744.32,1240.03,13.61,15.34,0,208.69,
764,488,2439.02,1384.2,23.42,19.14,1,448.09,Balisée #3
810,488,1842.82,1781.31,14.62,19.14,0,279.95,
767,488,627.64,1148.6,17.7,19.26,1,340.85,Balisée #1
842,488,3670.61,1873.24,18.02,19.81,0,357.0,
847,488,1060.33,1117.16,26.97,21.09,1,568.94,Balisée #5
863,488,1327.92,1718.24,24.89,20.44,1,508.64,Balisée #4
771,488,790.87,1571.14,21.89,15.23,1,333.36,Balisée #2
770,488,2746.65,1238.08,13.49,15.3,0,206.37,
764,489,2442.65,1385.71,23.69,19.15,1,453.69,Balisée #3
810,489,1844.36,1779.34,14.61,19.26,0,281.41,
767,489,629.25,1147.23,16.3,17.77,1,289.66,Balisée #1
842,489,3671.46,1871.76,18.21,19.9,0,362.39,
847,489,1060.74,1117.23,25.75,20.06,1,516.46,Balisée #5
863,489,1330.59,1717.89,23.91,19.83,1,474.09,Balisée #4
771,489,790.36,1570.77,21.96,15.34,1,336.82,Balisée #2
770,489,2749.11,1235.99,13.34,15.21,0,202.9,
764,490,2445.91,1386.77,24.29,19.48,1,473.27,Balisée #3
810,490,1846.0,1777.01,14.18,18.71,0,265.36,
767,490,631.66,1145.71,16.05,17.56,1,281.88,Balisée #1
842,490,3672.0,1869.93,18.08,19.58,0,353.99,
847,490,1060.69,1117.48,26.06,20.35,1,530.23,Balisée #5
863,490,1333.55,1716.52,24.68,20.83,1,514.24,Balisée #4
771,490,789.86,1570.51,21.93,15.38,1,337.17,Balisée #2
770,490,2752.07,1233.52,13.2,15.13,0,199.72,
764,491,2449.03,1387.47,24.41,19.41,1,473.94,Balisée #3
810,491,1847.93,1775.32,13.63,17.91,0,244.11,
767,491,633.81,1143.92,16.1,17.64,1,284.12,Balisée #1
842,491,3673.07,1868.19,17.41,18.81,0,327.51,
847,491,1060.59,1118.06,27.34,21.56,1,589.48,Balisée #5
863,491,1336.1,1716.29,25.36,21.74,1,551.33,Balisée #4
771,491,789.21,1570.4,21.73,15.29,1,332.2,Balisée #2
770,491,2754.55,1231.29,13.42,15.39,0,206.53,
764,492,2452.22,1387.92,24.95,19.71,1,491.75,Balisée #3
810,492,1849.27,1773.61,13.95,18.38,0,256.39,
767,492,635.49,1142.34,15.79,17.24,1,272.28,Balisée #1
842,492,3674.79,1867.19,17.79,19.08,0,339.34,
847,492,1061.11,1118.69,26.56,21.23,1,563.87,Balisée #5
863,492,1339.21,1715.84,23.65,20.51,1,485.14,Balisée #4
771,492,788.36,1570.79,21.94,15.46,1,339.2,Balisée #2
770,492,2756.15,1229.1,13.41,15.07,0,202.15,
764,493,2455.35,1388.81,25.04,19.66,1,492.17,Balisée #3
810,493,1850.21,1771.65,13.89,18.34,0,254.61,
767,493,637.65,1141.01,16.32,17.89,1,291.93,Balisée #1
842,493,3675.64,1866.08,18.44,19.74,0,364.04,
847,493,1061.67,1118.69,26.62,21.61,1,575.1,Balisée #5
863,493,1341.37,1715.5,24.68,21.86,1,539.51,Balisée #4
771,493,787.29,1571.48,21.62,15.26,1,329.9,Balisée #2
770,493,2757.48,1227.51,14.53,15.95,0,231.75,
764,494,2458.3,1389.73,25.0,19.48,1,487.08,Balisée #3
810,494,1851.55,1769.49,13.94,18.51,0,258.07,
767,494,639.48,1139.89,16.62,18.11,1,300.85,Balisée #1
842,494,3675.99,1864.36,17.85,18.95,0,338.25,
847,494,1062.25,1118.58,26.62,21.99,1,585.55,Balisée #5
863,494,1344.68,1715.06,25.01,22.47,1,561.9,Balisée #4
771,494,786.55,1571.81,21.46,15.16,1,325.28,Balisée #2
770,494,2762.54,1226.17,16.12,17.85,0,287.76,
764,495,2461.32,1391.09,24.09,18.52,1,446.06,Balisée #3
810,495,1853.09,1767.84,13.93,18.42,0,256.65,
767,495,641.21,1138.72,16.46,17.91,1,294.81,Balisée #1
842,495,3676.62,1862.62,17.31,18.27,0,316.23,
847,495,1062.67,1118.12,24.9,20.79,1,517.86,Balisée #5
863,495,1346.88,1714.86,24.44,22.29,1,544.7,Balisée #4
771,495,785.63,1572.02,21.77,15.44,1,336.03,Balisée #2
770,495,2765.34,1222.42,16.34,18.53,0,302.92,
764,496,2464.43,1391.61,24.24,18.52,1,448.87,Balisée #3
810,496,1854.38,1766.62,13.95,18.42,0,256.93,
767,496,642.56,1137.66,16.08,17.46,1,280.72,Balisée #1
842,496,3676.88,1861.27,17.35,18.09,0,313.89,
847,496,1062.65,1118.34,24.85,21.1,1,524.46,Balisée #5
863,496,1349.21,1714.05,23.52,21.83,1,513.48,Balisée #4
771,496,784.25,1572.42,21.49,15.27,1,328.1,Balisée #2
770,496,2767.73,1220.51,15.45,17.87,0,276.02,
764,497,2467.82,1392.16,24.46,18.56,1,454.11,Balisée #3
810,497,1855.78,1764.67,14.18,18.71,0,265.33,
767,497,644.38,1136.43,16.24,17.55,1,284.87,Balisée #1
842,497,3677.72,1860.12,17.08,17.59,0,300.43,
847,497,1063.38,1118.53,24.63,21.2,1,522.22,Balisée #5
863,497,1351.39,1713.45,23.71,22.44,1,532.13,Balisée #4
771,497,783.2,1572.4,21.29,15.11,1,321.64,Balisée #2
770,497,2770.53,1218.67,14.07,16.31,0,229.4,
764,498,2471.1,1392.39,24.88,18.73,1,466.04,Balisée #3
810,498,1857.0,1762.64,13.99,18.4,0,257.47,
767,498,645.66,1134.74,17.0,18.23,1,309.81,Balisée #1
842,498,3678.61,1858.29,16.91,17.11,0,289.28,
847,498,1064.31,1118.39,24.02,20.9,1,502.04,Balisée #5
863,498,1353.67,1712.44,23.52,22.72,1,534.38,Balisée #4
771,498,781.97,1572.17,21.09,14.93,1,314.87,Balisée #2
770,498,2773.11,1216.52,13.65,15.74,0,214.87,
764,499,2474.04,1392.46,24.73,18.51,1,457.64,Balisée #3
810,499,1857.95,1760.23,13.93,18.29,0,254.68,
767,499,646.77,1133.25,17.12,17.93,1,306.98,Balisée #1
842,499,3679.1,1856.11,17.1,17.19,0,293.87,
847,499,1065.54,1117.61,22.99,20.22,1,464.86,Balisée #5
863,499,1355.89,1711.54,22.84,22.4,1,511.7,Balisée #4
771,499,781.18,1571.9,20.99,14.86,1,311.91,Balisée #2
770,499,2775.25,1214.01,13.08,15.05,0,196.78,
764,500,2476.96,1392.07,24.67,18.41,1,454.09,Balisée #3
810,500,1859.39,1758.13,14.22,18.65,0,265.09,
767,500,649.88,1131.95,17.01,17.59,1,299.23,Balisée #1
842,500,3680.0,1854.69,17.69,17.71,0,313.23,
847,500,1066.5,1117.34,22.73,20.26,1,460.58,Balisée #5
863,500,1358.6,1710.29,22.75,22.82,1,519.21,Balisée #4
771,500,780.53,1572.13,21.08,14.96,1,315.46,Balisée #2
770,500,2777.56,1210.98,13.09,15.05,0,196.99,
764,501,2480.08,1392.21,24.94,18.64,1,465.01,Balisée #3
810,501,1860.54,1755.81,14.46,18.99,0,274.58,
767,501,651.81,1130.95,17.07,17.66,1,301.48,Balisée #1
842,501,3680.42,1852.99,17.39,17.28,0,300.38,
847,501,1066.85,1117.82,22.08,19.75,1,436.18,Balisée #5
863,501,1360.81,1708.96,22.47,23.0,1,516.79,Balisée #4
771,501,779.65,1572.42,21.01,14.91,1,313.34,Balisée #2
770,501,2779.73,1208.67,12.84,14.44,0,185.45,
764,502,2483.6,1392.91,25.1,18.76,1,470.83,Balisée #3
810,502,1862.01,1754.01,14.82,19.5,0,289.0,
767,502,653.8,1129.77,18.59,19.39,1,360.51,Balisée #1
842,502,3681.67,1851.61,17.52,17.24,0,302.14,
847,502,1068.05,1117.34,22.4,20.08,1,449.92,Balisée #5
863,502,1363.59,1707.93,22.55,23.6,1,531.99,Balisée #4
771,502,778.92,1573.01,20.92,14.83,1,310.25,Balisée #2
770,502,2781.5,1206.95,13.31,14.38,0,191.37,
878,502,463.53,924.0,16.18,20.43,0,330.58,
764,503,2486.74,1393.94,25.74,19.35,1,498.12,Balisée #3
810,503,1862.91,1750.94,15.29,20.34,0,310.91,
767,503,655.89,1126.99,19.01,20.06,1,381.22,Balisée #1
842,503,3682.33,1850.59,18.19,17.86,0,324.91,
847,503,1069.55,1116.64,22.77,20.46,1,465.96,Balisée #5
863,503,1365.47,1706.61,22.78,24.35,1,554.8,Balisée #4
771,503,778.14,1573.32,21.29,15.14,1,322.43,Balisée #2
770,503,2786.68,1205.07,13.73,14.61,0,200.58,
878,503,463.49,921.35,16.79,21.18,0,355.56,
764,504,2489.67,1394.23,26.04,19.72,1,513.7,Balisée #3
810,504,1863.9,1748.98,14.45,19.04,0,275.09,
767,504,657.37,1124.9,17.33,18.26,1,316.44,Balisée #1
842,504,3682.5,1850.1,18.74,18.38,0,344.38,
847,504,1070.59,1116.17,23.37,21.17,1,494.57,Balisée #5
863,504,1366.83,1705.59,22.89,24.75,1,566.48,Balisée #4
771,504,776.75,1573.44,21.23,15.13,1,321.13,Balisée #2
770,504,2789.22,1203.61,14.5,15.56,0,225.61,
764,505,2492.65,1394.37,25.84,19.77,1,510.78,Balisée #3
810,505,1864.2,1747.52,14.04,18.3,0,256.95,
767,505,658.7,1123.87,16.68,17.24,1,287.53,Balisée #1
842,505,3682.66,1849.43,19.89,19.67,0,391.26,
847,505,1070.83,1116.67,22.55,20.5,1,462.26,Balisée #5
863,505,1369.65,1704.38,22.81,24.95,1,568.93,Balisée #4
771,505,775.15,1573.52,21.06,15.01,1,316.18,Balisée #2
770,505,2791.63,1202.41,15.74,17.29,0,272.12,
764,506,2494.73,1394.27,25.93,20.06,1,520.14,Balisée #3
810,506,1864.31,1745.62,13.98,18.16,0,253.81,
767,506,659.74,1122.88,16.22,16.52,1,267.94,Balisée #1
842,506,3682.44,1846.74,20.08,19.92,0,399.97,
847,506,1071.66,1116.52,22.18,20.28,1,449.79,Balisée #5
863,506,1371.22,1703.03,21.98,24.39,1,536.08,Balisée #4
771,506,773.43,1573.53,20.83,14.83,1,308.95,Balisée #2
770,506,2793.23,1198.43,16.07,18.15,0,291.74,
878,506,463.59,913.89,16.53,20.9,0,345.51,
764,507,2496.36,1394.37,25.44,19.84,1,504.67,Balisée #3
810,507,1864.6,1743.3,14.05,18.06,0,253.85,
767,507,661.34,1121.73,16.51,16.67,1,275.1,Balisée #1
842,507,3681.59,1845.09,18.96,18.75,0,355.51,
847,507,1072.32,1115.89,22.61,20.85,1,471.37,Balisée #5
863,507,1372.19,1701.34,22.34,25.31,1,565.48,Balisée #4
771,507,771.79,1573.54,21.3,15.21,1,324.06,Balisée #2
770,507,2794.55,1195.97,14.77,16.8,0,248.13,
878,507,463.62,911.21,16.66,21.06,0,350.82,
764,508,2499.01,1394.52,24.84,19.49,1,484.05,Balisée #3
810,508,1864.88,1741.36,13.93,17.65,0,245.75,
767,508,663.6,1120.23,16.24,16.1,1,261.4,Balisée #1
842,508,3681.39,1843.67,18.18,17.75,0,322.66,
847,508,1073.43,1116.51,22.5,20.77,1,467.4,Balisée #5
863,508,1373.6,1700.62,21.83,25.17,1,549.34,Balisée #4
771,508,770.98,1573.9,21.26,15.24,1,323.91,Balisée #2
770,508,2796.53,1193.93,13.88,15.76,0,218.8,
764,509,2501.51,1394.63,24.29,19.21,1,466.67,Balisée #3
810,509,1865.1,1739.5,14.21,17.86,0,253.83,
767,509,665.81,1119.4,16.09,15.79,1,254.19,Balisée #1
842,509,3681.01,1843.01,18.11,17.55,0,317.81,
847,509,1073.9,1116.67,22.64,21.06,1,476.8,Balisée #5
863,509,1375.17,1699.35,21.22,24.82,1,526.55,Balisée #4
771,509,770.4,1574.73,21.43,15.38,1,329.55,Balisée #2
770,509,2798.45,1192.0,13.82,15.83,0,218.79,
764,510,2504.16,1395.0,23.57,18.71,1,441.1,Balisée #3
810,510,1865.73,1737.37,14.19,17.65,0,250.37,
767,510,667.83,1118.81,16.08,15.52,1,249.66,Balisée #1
842,510,3680.68,1842.01,17.93,17.28,0,309.78,
847,510,1074.79,1117.14,22.06,20.59,1,454.12,Balisée #5
863,510,1376.75,1698.1,21.24,25.39,1,539.29,Balisée #4
771,510,769.59,1575.64,21.51,15.46,1,332.55,Balisée #2
770,510,2800.8,1190.56,13.05,14.95,0,194.96,
878,510,464.14,906.0,16.28,20.6,0,335.48,
764,511,2506.84,1395.53,23.71,19.03,1,451.1,Balisée #3
810,511,1865.77,1735.59,14.04,17.33,0,243.37,
767,511,669.93,1117.42,16.76,15.87,1,265.86,Balisée #1
842,511,3680.36,1841.01,18.04,17.16,0,309.59,
847,511,1076.17,1116.9,22.22,20.78,1,461.61,Balisée #5
863,511,1378.3,1696.25,20.9,25.32,1,529.27,Balisée #4
771,511,768.84,1576.18,21.59,15.48,1,334.13,Balisée #2
770,511,2802.9,1188.91,13.23,15.12,0,200.06,
878,511,463.86,903.64,16.6,21.05,0,349.41,
764,512,2509.58,1395.6,23.41,18.9,1,442.27,Balisée #3
810,512,1865.94,1733.52,14.33,17.53,0,251.23,
767,512,672.96,1116.12,17.1,15.81,1,270.25,Balisée #1
842,512,3679.97,1839.79,18.74,17.76,0,332.99,
847,512,1077.69,1116.8,22.96,21.53,1,494.35,Balisée #5
863,512,1380.36,1693.71,19.17,23.42,1,448.96,Balisée #4
771,512,767.28,1576.52,21.67,15.52,1,336.28,Balisée #2
770,512,2804.54,1187.0,13.61,15.23,0,207.32,
878,512,464.26,901.19,16.36,20.85,0,341.24,
764,513,2512.18,1395.02,22.87,18.51,1,423.39,Balisée #3
810,513,1866.32,1731.52,14.43,17.5,0,252.49,
767,513,674.97,1115.11,16.4,14.88,1,243.95,Balisée #1
842,513,3680.01,1838.6,18.27,17.13,0,312.96,
847,513,1079.09,1116.35,23.19,21.79,1,505.48,Balisée #5
863,513,1382.37,1691.37,17.86,21.83,1,389.74,Balisée #4
771,513,766.51,1576.87,21.88,15.72,1,344.0,Balisée #2
770,513,2805.82,1185.01,13.6,14.57,0,198.16,
764,514,2514.52,1394.55,22.69,18.41,1,417.58,Balisée #3
810,514,1866.41,1730.01,15.46,18.79,0,290.54,
767,514,676.53,1114.28,16.79,15.17,1,254.72,Balisée #1
842,514,3680.17,1837.42,18.32,17.0,0,311.55,
847,514,1079.66,1116.21,22.99,21.59,1,496.55,Balisée #5
863,514,1383.88,1689.7,17.88,21.71,1,388.09,Balisée #4
771,514,766.15,1577.06,22.15,16.01,1,354.66,Balisée #2
770,514,2810.39,1182.39,14.11,14.82,0,209.11,
878,514,465.75,897.12,16.09,20.55,0,330.59,
764,515,2516.5,1393.94,23.64,19.34,1,457.28,Balisée #3
810,515,1866.23,1726.43,15.62,19.0,0,296.9,
767,515,678.6,1112.9,17.63,15.75,1,277.71,Balisée #1
842,515,3679.72,1835.78,18.67,17.22,0,321.49,
847,515,1080.66,1115.7,22.41,20.98,1,470.26,Balisée #5
863,515,1385.39,1686.82,16.86,20.37,1,343.47,Balisée #4
771,515,765.11,1577.56,22.8,16.68,1,380.31,Balisée #2
770,515,2812.58,1180.06,14.89,15.68,0,233.41,
878,515,466.1,894.4,16.33,20.91,0,341.53,
764,516,2518.46,1393.9,23.45,19.29,1,452.28,Balisée #3
810,516,1866.3,1724.22,14.67,17.7,0,259.76,
767,516,680.74,1111.29,16.72,14.67,1,245.4,Balisée #1
842,516,3678.86,1833.89,18.46,16.8,0,310.24,
847,516,1081.9,1115.25,22.19,20.63,1,457.66,Balisée #5
863,516,1387.04,1685.97,16.29,19.77,1,322.12,Balisée #4
771,516,764.55,1578.0,23.12,17.14,1,396.2,Balisée #2
770,516,2813.92,1178.37,16.42,17.71,0,290.83,
764,517,2520.66,1394.29,22.96,18.85,1,432.98,Balisée #3
810,517,1866.02,1722.74,14.16,16.87,0,238.91,
767,517,682.55,1110.13,17.02,14.8,1,251.92,Balisée #1
842,517,3678.21,1832.18,18.38,16.66,0,306.22,
847,517,1082.83,1115.69,22.38,20.89,1,467.44,Balisée #5
863,517,1388.19,1683.56,16.25,19.68,1,319.71,Balisée #4
771,517,763.7,1578.7,22.33,16.77,1,374.46,Balisée #2
770,517,2815.44,1174.21,16.21,17.95,0,290.89,
764,518,2523.04,1394.12,22.7,18.52,1,420.31,Balisée #3
810,518,1866.09,1720.37,14.0,16.56,0,231.76,
767,518,684.77,1108.8,17.88,15.33,1,274.11,Balisée #1
842,518,3678.0,1830.97,19.28,17.39,0,335.12,
847,518,1084.04,1115.1,22.35,20.62,1,461.0,Balisée #5
863,518,1388.88,1681.91,17.11,20.78,1,355.59,Balisée #4
771,518,763.06,1579.03,22.32,16.96,1,378.68,Balisée #2
770,518,2817.53,1171.98,15.01,16.79,0,251.9,
764,519,2525.39,1393.46,22.34,18.17,1,405.86,Balisée #3
810,519,1866.07,1718.36,14.94,17.6,0,262.91,
767,519,687.12,1107.93,17.44,14.84,1,258.77,Balisée #1
842,519,3677.85,1829.59,19.02,17.05,0,324.32,
847,519,1085.61,1113.4,22.21,20.31,1,451.06,Balisée #5
863,519,1389.7,1679.05,17.88,21.57,1,385.75,Balisée #4
771,519,761.98,1579.88,22.7,17.53,1,397.74,Balisée #2
770,519,2819.97,1170.4,13.86,15.51,0,215.06,
764,520,2527.61,1392.74,22.98,18.63,1,428.25,Balisée #3
810,520,1866.02,1716.59,14.45,16.89,0,244.08,
767,520,689.4,1106.54,17.46,14.65,1,255.75,Balisée #1
842,520,3677.5,1827.99,19.59,17.5,0,342.87,
847,520,1086.08,1113.67,22.55,20.67,1,466.03,Balisée #5
863,520,1390.3,1677.53,17.78,21.19,1,376.85,Balisée #4
771,520,760.73,1580.51,22.36,17.54,1,392.14,Balisée #2
770,520,2822.36,1168.45,13.76,15.41,0,211.97,
764,521,2529.67,1392.54,23.2,18.73,1,434.63,Balisée #3
810,521,1866.21,1714.18,14.12,16.32,0,230.42,
767,521,691.66,1105.35,17.72,14.79,1,262.01,Balisée #1
842,521,3677.46,1826.64,19.63,17.46,0,342.81,
847,521,1087.58,1113.8,22.32,20.46,1,456.74,Balisée #5
863,521,1392.94,1674.81,16.34,18.72,1,305.89,Balisée #4
771,521,759.79,1580.94,22.41,17.88,1,400.65,Balisée #2
770,521,2824.88,1165.92,13.42,15.12,0,202.87,
764,522,2531.99,1392.21,23.04,18.45,1,425.12,Balisée #3
810,522,1865.84,1711.47,14.3,16.46,0,235.24,
767,522,693.41,1104.07,17.22,14.23,1,245.04,Balisée #1
842,522,3677.21,1825.14,19.45,17.28,0,336.02,
847,522,1088.92,1112.98,21.82,19.85,1,433.17,Balisée #5
863,522,1393.71,1673.16,17.08,19.11,1,326.5,Balisée #4
771,522,759.31,1581.17,22.44,18.22,1,408.81,Balisée #2
770,522,2826.94,1163.22,13.17,14.76,0,194.48,
764,523,2534.61,1391.05,25.09,20.17,1,506.16,Balisée #3
810,523,1865.88,1709.19,14.76,16.96,0,250.31,
767,523,695.52,1102.81,17.92,14.73,1,263.83,Balisée #1
842,523,3677.36,1823.37,19.4,17.12,0,332.03,
847,523,1091.2,1111.44,21.78,19.61,1,426.94,Balisée #5
863,523,1394.73,1672.71,16.98,18.76,1,318.59,Balisée #4
771,523,758.48,1581.78,23.14,19.3,1,446.61,Balisée #2
770,523,2828.18,1160.51,13.15,14.46,0,190.25,
764,524,2537.44,1390.58,25.7,20.71,1,532.19,Balisée #3
810,524,1866.18,1707.38,14.76,16.88,0,249.14,
767,524,698.09,1101.76,17.34,14.16,1,245.55,Balisée #1
842,524,3677.23,1821.45,19.1,16.75,0,319.98,
847,524,1092.08,1110.93,22.28,20.11,1,448.03,Balisée #5
863,524,1396.97,1671.81,17.26,19.15,1,330.52,Balisée #4
771,524,758.21,1582.49,24.18,20.68,1,499.99,Balisée #2
770,524,2829.46,1157.52,13.79,14.68,0,202.41,
764,525,2539.75,1390.44,26.02,20.97,1,545.67,Balisée #3
810,525,1866.3,1706.31,15.49,17.81,0,275.9,
767,525,701.08,1100.68,17.82,14.41,1,256.89,Balisée #1
842,525,3676.46,1819.84,19.9,17.37,0,345.69,
847,525,1092.99,1111.11,21.8,19.53,1,425.74,Balisée #5
863,525,1398.01,1668.99,16.4,18.23,1,299.03,Balisée #4
771,525,757.47,1582.81,24.2,21.31,1,515.7,Balisée #2
770,525,2834.18,1155.6,14.93,15.74,0,235.08,
764,526,2542.23,1390.46,26.31,21.21,1,558.0,Balisée #3
810,526,1866.36,1705.39,16.56,19.27,0,319.12,
767,526,703.48,1099.73,17.88,14.47,1,258.72,Balisée #1
842,526,3676.68,1818.88,19.55,17.04,0,333.25,
847,526,1094.17,1110.48,21.91,19.59,1,429.14,Balisée #5
863,526,1398.7,1666.99,15.6,17.25,1,269.02,Balisée #4
771,526,756.85,1584.95,23.05,20.73,1,477.73,Balisée #2
770,526,2836.95,1154.29,16.18,17.41,0,281.74,
878,526,469.4,868.19,16.98,21.92,0,372.12,
764,527,2545.25,1390.33,26.1,21.0,1,547.94,Balisée #3
810,527,1866.45,1701.97,16.03,18.66,0,299.19,
767,527,705.71,1098.21,16.95,13.64,1,231.18,Balisée #1
842,527,3677.21,1818.06,19.57,16.99,0,332.49,
847,527,1096.23,1110.02,21.26,18.78,1,399.38,Balisée #5
863,527,1399.43,1664.33,15.76,17.29,1,272.44,Balisée #4
771,527,756.37,1585.95,22.11,20.22,1,447.12,Balisée #2
770,527,2839.66,1150.37,16.57,18.36,0,304.15,
764,528,2548.18,1389.78,25.11,20.07,1,504.17,Balisée #3
810,528,1866.38,1700.07,14.83,17.16,0,254.4,
767,528,708.36,1097.1,16.69,13.29,1,221.93,Balisée #1
842,528,3677.09,1817.37,19.69,16.96,0,333.88,
847,528,1097.57,1109.47,22.15,19.47,1,431.28,Balisée #5
863,528,1401.35,1662.87,15.65,17.13,1,268.08,Balisée #4
771,528,755.87,1587.27,21.0,19.5,1,409.5,Balisée #2
770,528,2842.36,1148.08,15.27,17.15,0,261.84,
764,529,2551.03,1389.54,25.49,20.24,1,515.86,Balisée #3
810,529,1866.23,1698.51,13.95,15.85,0,220.98,
767,529,710.41,1096.86,16.72,13.13,1,219.59,Balisée #1
842,529,3676.78,1816.13,19.67,16.79,0,330.26,
847,529,1099.26,1109.31,21.9,19.17,1,419.87,Balisée #5
863,529,1401.95,1661.2,16.06,17.56,1,281.97,Balisée #4
771,529,755.39,1588.49,20.76,19.56,1,406.18,Balisée #2
770,529,2844.7,1146.65,13.98,15.7,0,219.46,
764,530,2553.93,1389.28,25.51,20.23,1,516.09,Balisée #3
810,530,1866.12,1696.45,13.82,15.48,0,213.93,
767,530,712.85,1095.95,16.01,12.56,1,201.04,Balisée #1
842,530,3676.91,1814.91,19.75,16.75,0,330.8,
847,530,1100.57,1108.9,20.68,17.9,1,370.28,Balisée #5
863,530,1402.58,1659.68,16.53,17.89,1,295.7,Balisée #4
771,530,754.77,1589.46,20.57,19.7,1,405.29,Balisée #2
770,530,2847.31,1144.39,13.68,15.46,0,211.49,
764,531,2556.76,1389.25,25.36,20.06,1,508.67,Balisée #3
810,531,1866.04,1694.67,13.95,15.36,0,214.24,
767,531,714.85,1094.62,16.46,12.8,1,210.7,Balisée #1
842,531,3677.01,1813.66,19.31,16.22,0,313.17,
847,531,1101.65,1107.74,22.32,19.3,1,430.8,Balisée #5
863,531,1403.24,1658.19,17.22,18.82,1,324.12,Balisée #4
771,531,754.29,1590.64,20.21,19.7,1,398.12,Balisée #2
770,531,2849.98,1141.89,13.75,15.61,0,214.6,
764,532,2560.02,1388.7,25.72,20.29,1,521.83,Balisée #3
810,532,1865.95,1692.84,13.84,14.98,0,207.33,
767,532,716.69,1093.47,16.88,13.08,1,220.73,Balisée #1
842,532,3677.34,1812.74,19.27,16.07,0,309.59,
847,532,1102.4,1107.32,21.13,18.06,1,381.63,Balisée #5
863,532,1403.48,1654.22,16.62,18.3,1,304.0,Balisée #4
771,532,753.74,1591.97,19.85,19.7,1,391.23,Balisée #2
770,532,2851.81,1139.39,13.54,15.17,0,205.31,
764,533,2562.42,1387.99,25.98,20.42,1,530.57,Balisée #3
810,533,1866.05,1691.18,14.25,15.11,0,215.34,
767,533,717.77,1092.91,16.94,13.01,1,220.47,Balisée #1
842,533,3676.69,1811.28,18.77,15.45,0,290.07,
847,533,1103.75,1106.15,22.93,19.61,1,449.77,Balisée #5
863,533,1403.86,1653.0,16.84,18.58,1,312.91,Balisée #4
771,533,752.67,1593.5,19.94,20.12,1,401.26,Balisée #2
770,533,2853.27,1137.07,13.75,14.94,0,205.4,
764,534,2565.44,1387.33,26.25,20.59,1,540.44,Balisée #3
810,534,1865.41,1689.87,14.56,15.21,0,221.5,
767,534,721.3,1091.9,16.64,12.48,1,207.69,Balisée #1
842,534,3676.66,1810.28,18.92,15.38,0,291.09,
847,534,1104.89,1106.35,22.25,18.95,1,421.5,Balisée #5
863,534,1403.95,1651.86,16.1,17.6,1,283.29,Balisée #4
771,534,751.84,1594.94,19.31,19.82,1,382.83,Balisée #2
770,534,2858.0,1134.55,14.07,14.88,0,209.4,
764,535,2568.27,1386.86,26.11,20.49,1,534.95,Balisée #3
810,535,1865.31,1688.47,14.51,14.98,0,217.33,
767,535,723.08,1091.23,17.37,12.99,1,225.67,Balisée #1
842,535,3677.64,1809.12,18.58,14.98,0,278.3,
847,535,1105.23,1106.45,21.98,18.66,1,410.15,Balisée #5
863,535,1404.49,1650.5,16.96,18.43,1,312.53,Balisée #4
771,535,751.23,1595.89,18.6,19.4,1,360.89,Balisée #2
770,535,2860.99,1132.07,14.61,15.59,0,227.72,
764,536,2572.08,1385.92,26.06,20.46,1,533.15,Balisée #3
810,536,1865.51,1686.84,14.84,15.1,0,224.0,
767,536,724.61,1090.68,17.02,12.71,1,216.39,Balisée #1
842,536,3678.92,1808.5,18.68,14.96,0,279.4,
847,536,1107.63,1103.86,24.0,20.55,1,493.19,Balisée #5
863,536,1405.55,1649.23,17.52,19.02,1,333.2,Balisée #4
771,536,751.14,1597.19,19.03,20.16,1,383.6,Balisée #2
770,536,2863.94,1130.52,15.81,17.24,0,272.51,
764,537,2575.5,1385.12,25.52,19.98,1,509.79,Balisée #3
810,537,1865.49,1685.21,14.99,15.0,0,224.87,
767,537,726.41,1089.9,16.93,12.63,1,213.8,Balisée #1
842,537,3679.24,1807.92,19.0,15.05,0,285.94,
847,537,1109.01,1102.41,23.49,20.21,1,474.63,Balisée #5
863,537,1405.53,1647.67,18.36,20.02,1,367.59,Balisée #4
771,537,750.81,1598.55,18.89,20.25,1,382.5,Balisée #2
770,537,2867.05,1126.3,16.1,18.03,0,290.32,
764,538,2578.88,1384.69,25.95,20.31,1,526.94,Balisée #3
810,538,1865.22,1683.82,15.71,15.64,0,245.78,
767,538,728.09,1089.0,17.29,12.87,1,222.52,Balisée #1
842,538,3679.26,1806.69,19.03,14.98,0,284.96,
847,538,1110.11,1102.04,23.69,20.42,1,483.84,Balisée #5
863,538,1406.03,1646.31,19.0,20.82,1,395.71,Balisée #4
771,538,750.48,1600.03,18.77,20.45,1,383.94,Balisée #2
770,538,2869.79,1124.0,15.08,16.96,0,255.67,
764,539,2582.3,1384.21,25.9,20.36,1,527.3,Balisée #3
810,539,1864.67,1682.73,17.15,17.11,0,293.4,
767,539,729.85,1088.53,17.39,12.87,1,223.91,Balisée #1
847,539,1110.92,1101.51,22.79,19.67,1,448.3,Balisée #5
863,539,1406.48,1645.32,19.1,20.82,1,397.53,Balisée #4
771,539,750.37,1601.73,18.15,19.98,1,362.74,Balisée #2
770,539,2872.33,1122.12,13.92,15.7,0,218.49,
764,540,2585.35,1384.17,26.99,21.33,1,575.66,Balisée #3
810,540,1864.32,1682.23,17.87,17.87,0,319.23,
767,540,731.56,1088.19,17.51,12.91,1,226.08,Balisée #1
847,540,1112.58,1101.07,22.09,19.04,1,420.68,Balisée #5
863,540,1407.12,1644.4,19.3,20.94,1,404.02,Balisée #4
771,540,750.07,1604.01,18.11,20.1,1,363.99,Balisée #2
770,540,2875.01,1120.31,13.92,15.69,0,218.49,
842,540,3679.45,1805.56,19.1,14.98,0,285.97,
764,541,2588.18,1383.72,26.54,21.03,1,558.2,Balisée #3
810,541,1864.59,1681.9,18.38,18.58,0,341.5,
767,541,733.8,1087.71,17.55,12.93,1,226.88,Balisée #1
847,541,1114.52,1101.41,23.19,20.01,1,464.04,Balisée #5
863,541,1407.58,1642.71,19.69,21.3,1,419.55,Balisée #4
771,541,749.98,1606.0,18.51,20.87,1,386.33,Balisée #2
770,541,2876.99,1117.97,14.33,15.8,0,226.44,
764,542,2591.44,1382.8,25.56,20.3,1,518.77,Balisée #3
810,542,1864.18,1678.34,18.31,18.47,0,338.09,
767,542,736.09,1087.37,18.4,13.52,1,248.71,Balisée #1
847,542,1115.59,1101.01,21.96,18.91,1,415.45,Balisée #5
863,542,1408.13,1641.49,19.86,21.3,1,422.95,Balisée #4
771,542,749.84,1607.12,18.84,21.65,1,407.74,Balisée #2
770,542,2882.16,1115.51,14.19,15.28,0,216.83,
878,542,470.8,827.2,16.25,21.18,0,344.19,
842,542,3679.75,1804.08,19.73,15.47,0,305.24,
764,543,2594.3,1382.0,25.32,19.97,1,505.63,Balisée #3
810,543,1863.45,1676.31,17.08,17.04,0,290.97,
767,543,738.48,1086.86,18.07,13.18,1,238.15,Balisée #1
847,543,1117.54,1100.22,21.58,18.49,1,398.85,Balisée #5
863,543,1408.66,1639.23,19.23,20.35,1,391.28,Balisée #4
771,543,749.77,1608.99,18.52,21.6,1,400.17,Balisée #2
770,543,2884.79,1113.02,14.14,15.16,0,214.46,
878,543,470.39,824.29,16.03,21.06,0,337.45,
764,544,2597.42,1380.89,25.39,20.0,1,507.66,Balisée #3
810,544,1862.95,1675.0,15.62,15.25,0,238.28,
767,544,740.63,1085.95,17.7,12.87,1,227.74,Balisée #1
847,544,1119.84,1098.81,23.01,19.75,1,454.46,Balisée #5
863,544,1408.92,1637.45,19.58,20.44,1,400.26,Balisée #4
771,544,750.12,1609.82,17.97,21.25,1,381.74,Balisée #2
770,544,2886.83,1110.3,14.03,15.12,0,212.14,
764,545,2600.22,1379.97,24.82,19.56,1,485.47,Balisée #3
810,545,1862.62,1673.72,15.33,14.57,0,223.33,
767,545,742.47,1085.35,18.72,13.49,1,252.53,Balisée #1
847,545,1120.67,1098.1,21.02,17.98,1,377.86,Balisée #5
863,545,1408.93,1635.27,19.36,20.02,1,387.45,Balisée #4
771,545,750.88,1610.94,17.33,20.58,1,356.67,Balisée #2
770,545,2889.25,1108.01,14.3,15.64,0,223.65,
842,545,3679.76,1802.74,21.98,17.62,0,387.21,
878,545,470.34,818.31,15.85,20.85,0,330.39,
764,546,2603.02,1378.87,25.2,19.91,1,501.7,Balisée #3
810,546,1861.93,1672.0,15.11,13.99,0,211.32,
767,546,745.18,1085.03,18.99,13.54,1,257.04,Balisée #1
847,546,1121.37,1096.57,21.09,18.11,1,381.92,Balisée #5
863,546,1408.8,1632.82,19.18,19.57,1,375.27,Balisée #4
771,546,751.1,1612.56,17.27,20.72,1,357.83,Balisée #2
770,546,2891.82,1106.25,15.81,17.73,0,280.38,
842,546,3679.87,1802.21,22.9,18.78,0,430.2,
878,546,470.39,814.98,16.0,21.19,0,338.93,
764,547,2606.47,1378.09,24.84,19.57,1,486.17,Balisée #3
810,547,1861.56,1670.55,14.95,13.43,0,200.77,
847,547,1124.07,1095.39,23.88,20.64,1,492.88,Balisée #5
863,547,1408.82,1630.82,19.1,19.2,1,366.6,Balisée #4
771,547,751.34,1614.05,17.1,20.7,1,353.99,Balisée #2
770,547,2895.65,1103.11,14.55,16.08,0,233.92,
878,547,470.41,812.16,16.15,21.47,0,346.74,
764,548,2609.92,1377.23,24.33,19.07,1,464.01,Balisée #3
810,548,1861.3,1669.16,15.59,13.74,0,214.11,
863,548,1409.07,1629.13,19.51,19.43,1,379.2,Balisée #4
771,548,751.52,1615.5,16.87,20.6,1,347.53,Balisée #2
770,548,2897.95,1100.87,13.33,14.64,0,195.09,
878,548,470.75,809.1,15.88,21.08,0,334.81,
767,548,750.11,1084.07,21.07,15.17,1,319.57,Balisée #1
842,548,3679.32,1797.89,21.92,18.27,0,400.47,
764,549,2613.57,1376.62,24.99,19.51,1,487.49,Balisée #3
810,549,1861.54,1668.17,16.01,13.94,0,223.09,
863,549,1409.64,1627.87,19.24,18.89,1,363.55,Balisée #4
771,549,752.07,1616.91,16.58,20.32,1,336.81,Balisée #2
770,549,2901.4,1098.71,13.09,14.37,0,188.09,
767,549,752.49,1084.23,20.53,14.91,1,306.0,Balisée #1
842,549,3680.31,1796.71,20.92,17.56,0,367.3,
847,549,1127.06,1093.69,23.9,20.79,1,496.96,Balisée #5
764,550,2616.77,1375.46,25.12,19.69,1,494.78,Balisée #3
810,550,1861.3,1667.13,15.95,13.63,0,217.29,
863,550,1411.09,1626.15,19.82,19.18,1,380.14,Balisée #4
771,550,752.45,1618.39,16.84,20.76,1,349.44,Balisée #2
770,550,2904.52,1096.23,13.75,15.29,0,210.26,
842,550,3681.16,1796.31,20.48,17.3,0,354.23,
847,550,1130.01,1091.83,26.23,23.18,1,607.95,Balisée #5
878,550,472.34,804.42,15.92,21.06,0,335.45,
764,551,2619.68,1375.01,24.92,19.53,1,486.61,Balisée #3
810,551,1860.62,1665.78,16.33,13.77,0,224.73,
863,551,1411.37,1625.21,20.71,19.75,1,409.0,Balisée #4
771,551,752.85,1619.96,16.61,20.64,1,342.88,Balisée #2
770,551,2908.15,1093.19,13.78,15.19,0,209.38,
842,551,3681.44,1796.16,20.29,17.13,0,347.57,
878,551,472.71,801.72,16.03,21.29,0,341.3,
767,551,757.97,1083.37,22.51,16.64,1,374.69,Balisée #1
764,552,2623.01,1374.61,25.39,19.9,1,505.13,Balisée #3
810,552,1860.09,1664.75,16.62,13.84,0,229.95,
863,552,1411.35,1624.09,20.14,18.8,1,378.73,Balisée #4
771,552,753.86,1622.17,16.51,20.62,1,340.56,Balisée #2
770,552,2910.31,1090.55,13.74,15.29,0,210.15,
842,552,3681.56,1795.94,19.75,16.68,0,329.31,
764,553,2625.8,1374.54,24.88,19.45,1,483.93,Balisée #3
810,553,1859.15,1664.22,16.8,13.85,0,232.56,
863,553,1410.93,1622.99,20.05,18.33,1,367.61,Balisée #4
771,553,754.37,1625.11,16.07,20.07,1,322.41,Balisée #2
770,553,2912.11,1089.12,13.16,14.71,0,193.59,
842,553,3681.71,1795.94,19.67,16.61,0,326.59,
878,553,472.67,798.22,15.86,21.06,0,334.15,
767,553,762.4,1083.83,21.09,15.72,1,331.54,Balisée #1
764,554,2628.41,1374.4,24.66,19.23,1,474.16,Balisée #3
810,554,1858.06,1663.85,17.33,14.16,0,245.43,
863,554,1410.48,1622.34,20.88,18.81,1,392.81,Balisée #4
771,554,754.39,1627.68,16.1,20.25,1,325.95,Balisée #2
770,554,2914.25,1087.81,13.4,15.1,0,202.33,
878,554,471.92,795.97,15.91,21.08,0,335.39,
767,554,764.12,1084.06,20.47,15.41,1,315.5,Balisée #1
764,555,2631.27,1374.36,25.11,19.57,1,491.44,Balisée #3
810,555,1857.31,1663.49,17.49,14.19,0,248.15,
863,555,1409.87,1621.8,21.63,19.32,1,417.8,Balisée #4
771,555,754.5,1630.27,16.52,21.03,1,347.44,Balisée #2
770,555,2916.99,1086.39,13.18,14.84,0,195.62,
764,556,2634.07,1374.51,25.44,19.9,1,506.32,Balisée #3
810,556,1856.75,1663.17,17.74,14.34,0,254.4,
863,556,1409.31,1621.13,20.74,18.22,1,377.86,Balisée #4
771,556,754.49,1633.02,16.39,21.04,1,344.86,Balisée #2
770,556,2919.49,1084.98,13.35,15.14,0,202.2,
842,556,3680.76,1795.99,19.84,16.7,0,331.37,
767,556,769.1,1084.02,20.73,15.53,1,321.82,Balisée #1
764,557,2636.7,1374.28,25.49,19.99,1,509.48,Balisée #3
810,557,1856.05,1662.29,17.45,14.05,0,245.09,
863,557,1408.83,1619.98,21.42,18.51,1,396.54,Balisée #4
771,557,754.79,1634.53,16.3,20.92,1,340.97,Balisée #2
770,557,2921.97,1083.51,13.89,15.96,0,221.55,
764,558,2639.69,1373.8,24.81,19.36,1,480.33,Balisée #3
810,558,1855.15,1661.39,17.84,14.28,0,254.81,
863,558,1408.02,1619.0,21.29,18.11,1,385.43,Balisée #4
771,558,755.54,1636.01,16.18,20.89,1,338.0,Balisée #2
770,558,2923.79,1081.97,15.73,18.31,0,288.02,
878,558,471.97,787.52,16.27,21.47,0,349.28,
767,558,773.96,1084.16,20.35,15.35,1,312.46,Balisée #1
764,559,2642.36,1372.99,25.38,19.78,1,502.11,Balisée #3
810,559,1854.09,1660.24,18.89,15.21,0,287.32,
863,559,1407.89,1617.79,21.2,17.68,1,374.83,Balisée #4
771,559,756.85,1637.9,15.82,20.54,1,324.86,Balisée #2
770,559,2925.06,1077.95,15.49,17.85,0,276.44,
878,559,471.91,785.04,15.89,20.86,0,331.41,
764,560,2644.73,1372.48,26.47,20.66,1,546.75,Balisée #3
810,560,1852.67,1659.2,20.58,16.81,0,346.04,
863,560,1407.57,1616.84,21.54,17.71,1,381.55,Balisée #4
771,560,757.53,1640.17,15.72,20.59,1,323.77,Balisée #2
770,560,2925.98,1075.59,14.85,16.58,0,246.2,
764,561,2647.2,1371.73,25.51,19.99,1,510.1,Balisée #3
810,561,1851.48,1658.44,21.8,18.19,0,396.38,
863,561,1407.08,1616.09,21.8,17.67,1,385.28,Balisée #4
771,561,758.29,1642.34,15.91,20.85,1,331.7,Balisée #2
770,561,2930.72,1073.35,14.75,16.28,0,240.07,
764,562,2649.32,1371.2,25.71,20.2,1,519.24,Balisée #3
810,562,1850.72,1658.02,22.36,19.01,0,424.96,
863,562,1406.01,1614.72,21.84,17.41,1,380.22,Balisée #4
771,562,758.21,1644.37,15.58,20.45,1,318.66,Balisée #2
770,562,2932.77,1071.48,14.22,15.56,0,221.17,
900,562,1850.78,1653.84,17.33,19.67,0,340.82,
767,562,782.56,1083.89,20.82,15.99,1,332.99,Balisée #1
764,563,2652.21,1370.13,25.99,20.53,1,533.51,Balisée #3
863,563,1404.85,1613.49,22.38,17.64,1,394.61,Balisée #4
771,563,758.41,1645.69,15.51,20.44,1,317.02,Balisée #2
770,563,2934.4,1069.83,14.25,15.82,0,225.48,
900,563,1850.07,1653.44,16.7,18.87,0,315.05,
764,564,2654.6,1369.55,26.16,20.8,1,544.3,Balisée #3
771,564,759.05,1647.34,15.81,20.97,1,331.52,Balisée #2
770,564,2936.38,1067.42,14.06,15.84,0,222.76,
900,564,1849.47,1653.03,16.13,18.06,0,291.4,
764,565,2657.38,1368.84,27.25,21.93,1,597.5,Balisée #3
771,565,760.12,1648.98,15.54,20.78,1,322.85,Balisée #2
770,565,2938.74,1065.05,13.67,15.56,0,212.7,
900,565,1847.01,1652.32,15.1,16.64,0,251.22,
878,565,471.39,771.1,16.3,21.23,0,345.98,
767,565,790.2,1082.87,23.1,18.1,1,418.14,Balisée #1
863,565,1403.45,1611.25,23.85,18.77,1,447.66,Balisée #4
764,566,2660.2,1368.44,27.68,22.65,1,627.13,Balisée #3
771,566,761.53,1650.86,15.24,20.37,1,310.6,Balisée #2
770,566,2940.98,1062.58,13.53,15.57,0,210.69,
900,566,1846.12,1651.75,14.4,15.56,0,224.09,
863,566,1402.83,1611.16,24.12,18.86,1,454.84,Balisée #4
764,567,2662.95,1367.39,27.17,22.59,1,613.67,Balisée #3
771,567,762.35,1653.35,15.2,20.22,1,307.49,Balisée #2
770,567,2942.75,1060.06,13.69,16.03,0,219.36,
900,567,1845.23,1650.44,14.08,14.94,0,210.42,
863,567,1401.93,1610.53,23.94,18.67,1,446.93,Balisée #4
767,567,795.08,1082.96,22.14,17.89,1,395.91,Balisée #1
764,568,2665.66,1366.3,26.49,22.36,1,592.26,Balisée #3
771,568,763.1,1655.0,15.82,21.21,1,335.48,Balisée #2
770,568,2945.17,1057.05,13.57,15.89,0,215.58,
900,568,1844.49,1648.48,14.16,14.75,0,208.82,
863,568,1401.01,1609.97,24.7,19.32,1,477.12,Balisée #4
764,569,2668.25,1365.05,26.81,23.04,1,617.66,Balisée #3
771,569,763.92,1657.55,15.69,20.98,1,329.11,Balisée #2
770,569,2946.61,1054.62,13.24,15.62,0,206.73,
900,569,1843.4,1646.46,14.59,14.97,0,218.36,
863,569,1400.2,1609.3,26.1,20.53,1,535.86,Balisée #4
767,569,799.68,1082.65,22.32,18.52,1,413.34,Balisée #1
764,570,2670.94,1363.55,25.94,22.58,1,585.79,Balisée #3
771,570,764.55,1659.39,15.62,20.65,1,322.65,Balisée #2
770,570,2948.62,1052.52,13.03,15.51,0,202.13,
900,570,1842.99,1645.4,14.88,15.05,0,223.91,
863,570,1399.11,1609.13,26.3,20.85,1,548.24,Balisée #4
902,570,496.26,4.04,18.2,8.08,0,147.08,
767,570,801.64,1082.72,21.43,18.4,1,394.21,Balisée #1
764,571,2673.78,1362.02,25.83,22.85,1,590.18,Balisée #3
771,571,764.81,1660.82,15.76,20.63,1,325.09,Balisée #2
770,571,2951.57,1049.66,12.85,15.44,0,198.47,
900,571,1842.63,1644.4,15.01,14.92,0,223.83,
863,571,1398.44,1606.93,26.0,20.65,1,536.78,Balisée #4
902,571,498.31,4.31,19.34,8.62,0,166.79,
764,572,2676.93,1360.47,25.81,23.28,1,600.87,Balisée #3
771,572,765.5,1662.09,15.95,20.43,1,325.84,Balisée #2
770,572,2954.36,1047.56,13.35,16.25,0,216.89,
900,572,1841.85,1642.97,15.26,14.97,0,228.4,
863,572,1397.53,1605.45,24.34,19.24,1,468.37,Balisée #4
902,572,499.8,4.66,20.78,9.33,0,193.77,
904,572,805.68,1076.63,15.97,17.26,0,275.62,
764,573,2679.94,1359.08,25.54,23.52,1,600.68,Balisée #3
771,573,765.95,1663.68,16.01,19.98,1,320.02,Balisée #2
770,573,2957.16,1044.56,13.22,16.07,0,212.43,
900,573,1841.28,1641.75,15.38,14.82,0,227.97,
902,573,502.76,4.84,21.33,9.68,0,206.45,
904,573,806.77,1076.63,16.0,17.27,0,276.34,
764,574,2683.18,1357.92,25.42,23.89,1,607.25,Balisée #3
771,574,769.55,1666.2,16.5,20.43,1,337.05,Balisée #2
770,574,2959.0,1041.99,12.74,15.57,0,198.41,
900,574,1840.8,1640.51,15.29,14.54,0,222.38,
902,574,505.12,4.93,21.44,9.86,0,211.33,
904,574,810.1,1076.23,15.33,16.46,0,252.28,
863,574,1395.41,1604.07,23.5,18.39,1,432.11,Balisée #4
764,575,2685.98,1356.94,25.4,24.31,1,617.41,Balisée #3
771,575,771.21,1668.42,16.28,20.07,1,326.6,Balisée #2
770,575,2961.11,1039.39,12.57,15.43,0,194.02,
900,575,1839.67,1638.82,15.66,14.71,0,230.3,
902,575,507.47,5.35,22.94,10.69,0,245.28,
904,575,812.3,1076.15,15.28,16.29,0,248.97,
863,575,1395.02,1603.32,23.13,17.95,1,415.15,Balisée #4
764,576,2688.97,1355.73,24.92,24.13,1,601.15,Balisée #3
771,576,771.96,1670.0,16.16,19.89,1,321.45,Balisée #2
770,576,2963.5,1036.71,13.11,16.24,0,212.98,
900,576,1839.06,1636.95,16.33,15.2,0,248.14,
902,576,510.26,5.58,23.6,11.16,0,263.27,
863,576,1394.46,1602.79,24.05,18.66,1,448.96,Balisée #4
764,577,2691.51,1353.81,24.65,24.42,1,601.94,Balisée #3
771,577,772.39,1671.89,16.08,19.82,1,318.74,Balisée #2
770,577,2966.31,1034.66,13.92,17.56,0,244.34,
900,577,1838.61,1635.47,16.37,15.03,0,246.03,
902,577,512.99,6.02,24.99,12.03,0,300.7,
863,577,1393.83,1602.29,23.67,18.26,1,432.21,Balisée #4
764,578,2694.07,1351.91,23.97,24.24,1,581.01,Balisée #3
771,578,773.55,1673.31,16.3,20.22,1,329.47,Balisée #2
770,578,2968.59,1030.27,14.12,18.11,0,255.6,
900,578,1838.41,1634.23,16.49,14.93,0,246.11,
902,578,515.84,6.65,26.94,13.3,0,358.34,
863,578,1392.84,1601.83,23.34,17.86,1,416.88,Balisée #4
764,579,2696.71,1350.44,23.82,24.6,1,585.85,Balisée #3
771,579,775.83,1675.07,16.48,20.48,1,337.48,Balisée #2
770,579,2970.79,1028.13,13.55,17.34,0,234.96,
900,579,1838.33,1633.27,16.87,15.11,0,254.92,
902,579,518.58,7.2,28.26,14.4,0,406.88,
863,579,1392.07,1601.63,24.32,18.53,1,450.7,Balisée #4
904,579,822.75,1075.96,15.31,15.98,0,244.62,
764,580,2699.14,1348.85,23.37,24.4,1,570.17,Balisée #3
771,580,777.99,1676.83,16.07,19.9,1,319.84,Balisée #2
770,580,2972.13,1026.76,12.77,15.9,0,202.96,
900,580,1837.96,1631.89,17.19,15.16,0,260.63,
902,580,521.31,7.83,28.72,15.06,0,432.39,
863,580,1391.22,1601.14,24.52,18.67,1,457.7,Balisée #4
764,581,2701.64,1347.89,22.82,24.05,1,548.8,Balisée #3
771,581,779.78,1678.57,16.63,20.67,1,343.64,Balisée #2
770,581,2977.4,1024.67,13.37,16.01,0,214.01,
900,581,1837.51,1630.8,17.83,15.48,0,275.97,
902,581,523.72,8.72,28.56,15.39,0,439.38,
863,581,1390.35,1600.91,24.09,18.33,1,441.61,Balisée #4
878,581,471.82,729.89,16.15,21.43,0,346.17,
904,581,827.94,1075.61,15.0,15.29,0,229.26,
764,582,2704.1,1346.85,22.58,24.07,1,543.43,Balisée #3
771,582,781.26,1681.5,16.23,20.16,1,327.28,Balisée #2
770,582,2980.02,1021.95,13.41,15.72,0,210.88,
900,582,1836.24,1629.08,19.29,16.92,0,326.39,
902,582,525.97,9.53,28.03,15.47,0,433.63,
863,582,1389.51,1600.58,24.5,18.6,1,455.8,Balisée #4
764,583,2706.38,1345.54,22.86,24.79,1,566.81,Balisée #3
771,583,782.42,1684.31,16.34,20.23,1,330.44,Balisée #2
770,583,2981.38,1019.71,13.9,16.26,0,226.02,
900,583,1835.31,1627.93,18.67,16.43,0,306.66,
902,583,529.62,11.06,27.2,15.4,0,418.81,
863,583,1388.7,1600.6,24.77,18.69,1,463.08,Balisée #4
764,584,2708.69,1344.37,22.65,24.96,1,565.34,Balisée #3
771,584,783.26,1686.22,16.14,19.86,1,320.7,Balisée #2
770,584,2982.47,1017.84,13.63,16.05,0,218.72,
900,584,1834.09,1627.03,18.27,16.04,0,293.09,
902,584,532.47,13.15,26.68,15.57,0,415.53,
863,584,1387.73,1601.0,24.15,18.1,1,437.18,Balisée #4
878,584,471.08,722.45,15.6,20.76,0,323.87,
764,585,2710.46,1343.35,22.4,24.94,1,558.68,Balisée #3
771,585,784.37,1688.06,15.83,19.35,1,306.38,Balisée #2
770,585,2984.24,1015.73,13.59,16.16,0,219.57,
900,585,1832.91,1626.0,18.0,15.8,0,284.4,
902,585,535.6,14.98,26.26,15.8,0,415.03,
863,585,1386.61,1601.62,24.2,18.05,1,436.87,Balisée #4
878,585,471.32,720.56,16.12,21.82,0,351.74,
764,586,2711.82,1341.91,22.11,24.54,1,542.57,Balisée #3
771,586,786.05,1689.82,15.84,19.24,1,304.77,Balisée #2
770,586,2986.16,1014.12,13.27,15.85,0,210.4,
900,586,1832.21,1625.15,17.33,15.17,0,262.92,
902,586,538.2,17.01,25.35,15.68,0,397.62,
863,586,1385.2,1602.22,24.55,18.25,1,447.85,Balisée #4
878,586,471.8,718.1,15.86,21.59,0,342.46,
764,587,2713.73,1340.58,22.25,24.85,1,552.9,Balisée #3
771,587,787.76,1692.28,16.1,19.44,1,313.08,Balisée #2
770,587,2987.8,1012.15,13.26,16.03,0,212.69,
900,587,1831.24,1624.43,17.51,15.32,0,268.33,
902,587,540.4,18.44,24.85,15.78,0,392.16,
863,587,1384.03,1602.48,24.92,18.48,1,460.52,Balisée #4
878,587,472.24,716.51,15.55,21.07,0,327.62,
767,587,842.29,1082.95,20.83,18.05,1,375.85,Balisée #1
764,588,2715.51,1339.01,22.34,25.3,1,565.29,Balisée #3
771,588,789.3,1695.03,16.22,19.24,1,312.04,Balisée #2
770,588,2990.23,1010.61,14.11,17.38,0,245.27,
900,588,1830.14,1623.5,17.8,15.59,0,277.46,
902,588,542.79,19.24,25.0,16.32,0,407.9,
863,588,1382.3,1602.8,24.68,18.24,1,450.25,Balisée #4
878,588,472.5,714.91,15.43,21.0,0,323.88,
764,589,2717.59,1338.06,22.32,25.62,1,571.65,Balisée #3
771,589,790.29,1697.56,16.43,19.02,1,312.51,Balisée #2
770,589,2992.77,1008.4,13.54,16.55,0,224.12,
900,589,1829.08,1622.27,17.59,15.43,0,271.35,
902,589,545.52,20.38,25.02,16.91,0,423.01,
863,589,1381.02,1603.0,24.37,17.96,1,437.73,Balisée #4
878,589,472.18,713.17,15.42,20.86,0,321.59,
764,590,2719.61,1337.29,22.0,25.41,1,559.03,Balisée #3
771,590,792.95,1699.97,16.46,18.49,1,304.32,Balisée #2
770,590,2994.48,1006.29,13.2,16.26,0,214.57,
900,590,1828.06,1621.12,18.11,15.92,0,288.4,
902,590,547.87,21.23,25.77,17.98,0,463.22,
863,590,1379.69,1603.7,24.78,18.38,1,455.46,Balisée #4
878,590,471.96,711.04,15.56,21.02,0,327.05,
764,591,2721.53,1336.36,22.01,25.5,1,561.38,Balisée #3
771,591,794.14,1701.81,17.17,19.0,1,326.13,Balisée #2
770,591,2996.33,1003.84,12.76,15.85,0,202.22,
900,591,1827.26,1619.92,18.17,16.02,0,291.11,
902,591,550.02,24.68,26.8,19.25,0,515.83,
863,591,1378.09,1604.16,24.93,18.54,1,462.23,Balisée #4
878,591,471.57,708.63,15.25,20.56,0,313.67,
764,592,2723.5,1335.28,22.21,25.86,1,574.26,Balisée #3
771,592,795.32,1702.98,18.25,20.26,1,369.8,Balisée #2
770,592,2998.73,1001.05,12.46,15.51,0,193.12,
900,592,1826.77,1618.46,17.76,15.61,0,277.24,
902,592,553.71,26.66,25.21,18.49,0,466.26,
878,592,471.76,705.94,15.46,20.99,0,324.58,
767,592,854.79,1083.57,19.42,16.85,1,327.3,Balisée #1
764,593,2725.33,1333.24,22.25,26.26,1,584.23,Balisée #3
771,593,796.67,1705.35,18.64,20.72,1,386.18,Balisée #2
770,593,3000.53,999.19,13.23,16.65,0,220.2,
900,593,1826.37,1616.83,18.37,16.13,0,296.25,
902,593,556.04,27.51,23.82,17.92,0,426.84,
767,593,857.01,1083.8,19.01,16.4,1,311.64,Balisée #1
764,594,2727.02,1330.77,22.39,26.82,1,600.4,Balisée #3
771,594,798.75,1706.74,17.93,19.82,1,355.46,Balisée #2
770,594,3003.62,995.85,13.06,16.04,0,209.45,
900,594,1826.13,1615.32,18.63,16.31,0,303.87,
902,594,559.01,28.14,22.21,16.98,0,377.07,
767,594,859.2,1083.43,19.69,17.15,1,337.63,Balisée #1
863,594,1375.47,1604.77,26.44,19.82,1,524.13,Balisée #4
878,594,473.59,701.5,15.42,20.97,0,323.25,
764,595,2728.87,1328.27,22.12,26.74,1,591.54,Balisée #3
771,595,801.39,1707.82,17.35,18.88,1,327.52,Balisée #2
770,595,3005.38,993.5,13.09,15.99,0,209.19,
900,595,1826.05,1613.62,18.94,16.57,0,313.7,
902,595,561.9,28.55,20.88,16.17,0,337.75,
878,595,474.97,699.42,15.13,20.52,0,310.58,
764,596,2730.9,1325.65,21.88,26.63,1,582.62,Balisée #3
771,596,804.02,1709.51,17.14,18.39,1,315.24,Balisée #2
770,596,3007.5,991.15,12.66,15.56,0,196.98,
900,596,1825.68,1611.73,19.54,17.05,0,333.16,
902,596,565.17,29.14,20.58,16.15,0,332.32,
878,596,475.78,697.58,15.19,20.46,0,310.85,
767,596,865.42,1083.1,20.39,17.8,1,362.96,Balisée #1
764,597,2733.15,1323.86,21.91,26.91,1,589.6,Balisée #3
771,597,806.46,1711.46,17.17,18.11,1,310.86,Balisée #2
770,597,3009.85,988.77,12.92,16.07,0,207.54,
900,597,1825.41,1610.64,20.6,17.99,0,370.64,
902,597,568.31,29.84,19.85,15.78,0,313.19,
878,597,476.27,694.61,15.33,20.44,0,313.31,
767,597,868.62,1083.14,20.26,17.73,1,359.19,Balisée #1
863,597,1373.67,1604.73,26.13,19.9,1,520.04,Balisée #4
764,598,2734.69,1321.9,21.82,26.92,1,587.19,Balisée #3
771,598,809.03,1712.57,17.01,17.67,1,300.5,Balisée #2
770,598,3011.87,987.16,13.19,16.7,0,220.37,
900,598,1825.29,1607.06,21.72,19.1,0,414.93,
902,598,571.52,30.74,19.76,15.86,0,313.38,
878,598,476.82,691.92,14.68,18.97,0,278.41,
767,598,872.24,1082.85,20.57,18.32,1,376.83,Balisée #1
764,599,2737.53,1320.14,21.67,26.93,1,583.66,Balisée #3
771,599,811.54,1713.39,17.01,17.42,1,296.4,Balisée #2
770,599,3014.31,985.86,14.23,18.39,0,261.67,
900,599,1825.28,1605.08,20.88,18.3,0,382.11,
902,599,574.24,31.99,19.56,15.61,0,305.33,
878,599,477.53,689.41,14.66,18.23,0,267.28,
767,599,875.36,1082.76,20.52,18.49,1,379.52,Balisée #1
764,600,2739.6,1318.8,21.51,27.03,1,581.32,Balisée #3
771,600,813.8,1714.4,16.35,16.3,1,266.47,Balisée #2
770,600,3016.27,981.68,13.47,17.62,0,237.31,
900,600,1825.21,1603.76,19.65,16.99,0,333.97,
902,600,578.19,33.06,19.56,15.7,0,307.12,
878,600,480.82,686.93,15.08,18.11,0,273.21,
767,600,878.51,1082.98,19.96,18.06,1,360.36,Balisée #1
764,601,2741.25,1317.17,20.68,26.06,1,539.08,Balisée #3
771,601,817.24,1715.31,17.16,16.83,1,288.77,Balisée #2
770,601,3017.78,978.8,12.4,16.33,0,202.53,
900,601,1823.1,1601.92,19.43,16.67,0,324.02,
902,601,581.48,33.89,18.67,15.05,0,280.96,
878,601,482.98,684.98,14.96,17.72,0,265.09,
767,601,881.32,1082.9,19.79,18.21,1,360.32,Balisée #1
863,601,1371.15,1605.53,26.84,20.94,1,562.0,Balisée #4
764,602,2743.07,1315.26,20.25,25.69,1,520.27,Balisée #3
771,602,820.2,1716.83,17.1,16.48,1,281.87,Balisée #2
770,602,3018.84,977.52,11.91,15.54,0,185.11,
900,602,1822.26,1600.22,19.07,16.23,0,309.57,
902,602,584.87,34.83,18.95,15.41,0,291.96,
878,602,484.44,683.17,15.01,17.72,0,265.99,
767,602,884.65,1082.61,20.17,18.8,1,379.16,Balisée #1
917,602,884.32,1077.39,17.35,18.78,0,325.92,
764,603,2744.23,1313.23,20.3,25.93,1,526.28,Balisée #3
771,603,822.84,1718.53,17.54,16.7,1,292.84,Balisée #2
770,603,3019.68,976.2,11.74,14.93,0,175.18,
900,603,1822.04,1599.1,18.77,15.8,0,296.53,
902,603,588.24,36.64,19.08,15.6,0,297.67,
878,603,485.87,682.03,14.53,16.95,0,246.26,
767,603,886.8,1082.74,20.01,18.54,1,371.01,Balisée #1
917,603,885.93,1077.6,17.8,19.2,0,341.82,
863,603,1370.26,1606.22,26.56,21.34,1,566.61,Balisée #4
764,604,2745.02,1311.11,20.0,25.68,1,513.62,Balisée #3
771,604,825.56,1720.19,17.55,16.53,1,290.09,Balisée #2
770,604,3020.54,974.4,11.44,13.85,0,158.49,
900,604,1821.72,1597.4,18.78,15.72,0,295.09,
902,604,592.12,38.75,19.05,15.68,0,298.63,
878,604,488.1,680.89,14.74,17.14,0,252.55,
767,604,890.61,1083.13,19.08,17.76,1,338.77,Balisée #1
764,605,2745.51,1308.67,19.76,25.39,1,501.68,Balisée #3
771,605,827.94,1721.49,18.2,16.98,1,309.03,Balisée #2
770,605,3021.03,971.96,11.58,13.31,0,154.21,
900,605,1821.27,1595.27,19.24,16.18,0,311.21,
902,605,595.62,40.89,18.58,15.45,0,287.12,
878,605,489.32,679.36,14.8,17.25,0,255.17,
767,605,893.99,1083.01,19.21,18.0,1,345.68,Balisée #1
764,606,2745.96,1306.96,19.54,25.0,1,488.55,Balisée #3
771,606,830.59,1722.98,18.12,16.76,1,303.73,Balisée #2
770,606,3021.38,970.33,12.08,13.22,0,159.69,
900,606,1820.55,1593.36,18.43,15.47,0,285.13,
902,606,598.99,42.97,18.53,15.45,0,286.31,
878,606,490.41,677.89,14.94,17.42,0,260.35,
767,606,897.49,1083.44,18.22,17.13,1,312.22,Balisée #1
863,606,1368.74,1608.79,26.55,21.93,1,582.22,Balisée #4
764,607,2746.88,1305.67,19.43,24.65,1,478.86,Balisée #3
771,607,833.44,1723.56,17.88,16.32,1,291.69,Balisée #2
770,607,3021.58,969.0,12.26,12.74,0,156.17,
900,607,1820.12,1591.74,18.43,15.54,0,286.45,
902,607,602.16,44.96,18.3,15.27,0,279.56,
878,607,491.94,676.19,14.98,17.47,0,261.69,
767,607,900.41,1083.79,17.44,16.43,1,286.57,Balisée #1
863,607,1367.51,1609.28,25.88,21.79,1,563.74,Balisée #4
764,608,2747.55,1304.65,19.62,24.76,1,485.71,Balisée #3
771,608,836.45,1724.6,18.8,17.09,1,321.33,Balisée #2
770,608,3021.56,968.14,12.98,12.98,0,168.45,
900,608,1819.12,1590.27,18.29,15.43,0,282.31,
902,608,605.45,46.65,18.09,15.16,0,274.29,
878,608,494.18,675.46,15.0,17.61,0,264.21,
767,608,902.81,1083.75,17.41,16.51,1,287.37,Balisée #1
863,608,1366.71,1610.08,25.74,22.22,1,571.72,Balisée #4
764,609,2748.42,1303.83,19.71,24.64,1,485.8,Balisée #3
771,609,839.36,1726.12,18.03,16.27,1,293.34,Balisée #2
770,609,3021.59,967.22,12.89,12.28,0,158.27,
900,609,1818.33,1589.01,18.09,15.23,0,275.47,
902,609,608.49,48.68,17.85,15.01,0,268.0,
878,609,496.48,675.16,15.75,18.64,0,293.66,
767,609,905.4,1083.89,17.18,16.23,1,278.89,Balisée #1
863,609,1366.03,1611.46,25.19,22.28,1,561.25,Balisée #4
764,610,2748.6,1302.31,19.54,24.13,1,471.56,Balisée #3
771,610,842.17,1727.62,18.87,16.92,1,319.31,Balisée #2
770,610,3021.38,966.5,13.17,12.1,0,159.3,
900,610,1817.52,1588.05,18.18,15.29,0,278.04,
902,610,611.81,51.14,19.07,16.19,0,308.82,
878,610,497.74,674.75,15.81,18.92,0,299.02,
767,610,907.91,1084.11,16.87,15.81,1,266.64,Balisée #1
863,610,1365.23,1612.7,25.16,22.75,1,572.45,Balisée #4
764,611,2748.83,1300.94,19.47,23.67,1,460.81,Balisée #3
771,611,844.99,1729.52,19.02,16.96,1,322.53,Balisée #2
770,611,3021.31,966.11,13.91,12.44,0,173.04,
900,611,1816.95,1587.47,18.65,15.81,0,294.88,
902,611,615.33,53.1,18.81,16.05,0,301.86,
878,611,499.51,674.22,16.29,19.67,0,320.36,
767,611,910.04,1084.4,16.62,15.27,1,253.81,Balisée #1
863,611,1364.27,1613.83,24.96,23.23,1,580.04,Balisée #4
764,612,2749.42,1299.2,19.75,23.78,1,469.59,Balisée #3
771,612,847.9,1730.71,18.45,16.36,1,301.81,Balisée #2
770,612,3021.6,965.98,15.0,13.11,0,196.63,
900,612,1816.2,1586.66,20.14,17.28,0,347.97,
902,612,619.7,55.84,18.2,15.61,0,283.99,
878,612,501.32,673.19,16.36,19.95,0,326.42,
767,612,914.3,1084.56,16.95,15.5,1,262.77,Balisée #1
863,612,1364.16,1614.98,24.28,23.03,1,559.02,Balisée #4
764,613,2750.06,1297.22,19.7,23.48,1,462.35,Balisée #3
771,613,851.31,1731.96,18.44,16.29,1,300.39,Balisée #2
770,613,3025.47,965.71,15.11,12.97,0,195.98,
900,613,1815.38,1586.04,21.16,18.49,0,391.43,
902,613,622.46,58.35,18.26,15.47,0,282.49,
878,613,503.2,672.15,16.27,20.06,0,326.28,
767,613,917.44,1085.97,16.47,14.84,1,244.43,Balisée #1
764,614,2750.43,1295.63,20.04,23.75,1,476.03,Balisée #3
771,614,854.56,1733.15,17.98,15.75,1,283.3,Balisée #2
770,614,3027.1,965.41,15.8,13.46,0,212.71,
900,614,1814.73,1582.39,20.68,18.31,0,378.6,
902,614,627.0,61.17,18.31,15.62,0,286.07,
878,614,505.42,671.03,16.44,20.47,0,336.51,
767,614,920.82,1087.41,16.21,14.5,1,235.01,Balisée #1
863,614,1364.39,1617.56,25.11,24.47,1,614.44,Balisée #4
764,615,2750.86,1295.01,20.12,23.57,1,474.22,Balisée #3
771,615,858.11,1734.81,18.36,16.0,1,293.71,Balisée #2
770,615,3027.79,965.05,16.13,13.7,0,221.12,
900,615,1814.1,1580.8,20.05,17.86,0,358.05,
902,615,630.71,63.58,17.83,15.26,0,272.03,
878,615,507.19,670.27,16.64,20.92,0,348.08,
767,615,923.99,1088.42,16.53,14.62,1,241.66,Balisée #1
863,615,1364.15,1619.46,24.51,24.56,1,602.17,Balisée #4
764,616,2751.13,1294.8,20.59,23.95,1,493.18,Balisée #3
771,616,861.4,1736.33,18.5,16.01,1,296.18,Balisée #2
770,616,3028.19,964.92,16.52,14.08,0,232.58,
900,616,1813.01,1579.99,19.24,17.15,0,329.96,
902,616,633.58,65.59,17.66,15.24,0,269.13,
878,616,509.15,670.13,16.88,21.47,0,362.43,
767,616,926.43,1089.39,17.15,15.05,1,258.04,Balisée #1
863,616,1363.54,1621.21,23.67,24.26,1,574.09,Balisée #4
764,617,2751.72,1294.26,20.76,24.04,1,499.12,Balisée #3
771,617,864.96,1737.79,18.06,15.27,1,275.87,Balisée #2
770,617,3028.06,964.33,17.81,15.3,0,272.48,
900,617,1812.03,1579.39,18.2,16.15,0,293.97,
902,617,636.7,67.82,18.15,15.76,0,286.13,
878,617,510.96,669.8,16.68,21.49,0,358.51,
767,617,928.75,1090.28,17.62,15.47,1,272.51,Balisée #1
863,617,1362.9,1622.35,23.67,24.75,1,585.83,Balisée #4
764,618,2751.69,1292.91,21.07,24.31,1,512.19,Balisée #3
771,618,867.34,1739.16,18.23,15.33,1,279.48,Balisée #2
770,618,3028.26,963.99,17.89,15.53,0,277.81,
900,618,1811.22,1579.18,17.89,15.74,0,281.61,
902,618,640.32,69.39,19.61,17.41,0,341.43,
878,618,512.27,669.07,16.82,21.91,0,368.44,
767,618,931.26,1091.28,17.47,15.2,1,265.58,Balisée #1
863,618,1362.58,1623.89,23.22,24.63,1,571.79,Balisée #4
764,619,2751.73,1291.27,21.13,24.33,1,514.2,Balisée #3
771,619,870.08,1740.56,17.99,14.98,1,269.45,Balisée #2
770,619,3028.66,963.58,18.27,16.17,0,295.4,
900,619,1810.54,1578.65,17.42,15.13,0,263.47,
902,619,644.02,73.49,20.14,18.24,0,367.23,
878,619,513.64,668.18,16.63,21.73,0,361.49,
767,619,934.03,1092.63,17.37,14.86,1,258.16,Balisée #1
863,619,1362.27,1625.37,22.89,24.83,1,568.45,Balisée #4
764,620,2751.56,1289.44,21.19,24.38,1,516.74,Balisée #3
771,620,872.92,1741.52,18.04,14.87,1,268.29,Balisée #2
770,620,3028.83,963.04,18.97,17.19,0,325.97,
900,620,1809.95,1577.86,16.52,14.06,0,232.37,
902,620,646.34,75.69,19.21,17.31,0,332.52,
878,620,514.8,666.71,15.89,20.79,0,330.41,
767,620,937.64,1093.3,18.33,15.58,1,285.53,Balisée #1
863,620,1361.88,1626.85,22.89,25.32,1,579.52,Balisée #4
764,621,2751.26,1287.59,21.26,24.33,1,517.21,Balisée #3
771,621,875.55,1741.84,17.98,14.62,1,262.93,Balisée #2
770,621,3029.05,962.33,19.93,18.63,0,371.31,
900,621,1809.14,1576.38,16.96,14.22,0,241.17,
902,621,650.65,76.9,18.23,16.42,0,299.24,
878,621,516.0,664.44,16.1,21.2,0,341.34,
767,621,940.22,1094.27,17.98,15.17,1,272.76,Balisée #1
863,621,1361.9,1627.94,22.22,25.02,1,555.89,Balisée #4
764,622,2751.26,1285.66,21.54,24.64,1,530.58,Balisée #3
771,622,878.66,1741.89,17.86,14.37,1,256.68,Balisée #2
770,622,3029.23,958.74,19.22,18.44,0,354.36,
900,622,1808.07,1574.53,17.07,14.13,0,241.18,
902,622,654.29,78.39,17.58,15.97,0,280.76,
878,622,517.55,661.61,16.6,21.95,0,364.45,
767,622,943.17,1094.52,17.28,14.51,1,250.7,Balisée #1
863,622,1362.28,1628.97,21.87,24.94,1,545.44,Balisée #4
764,623,2752.04,1283.47,21.21,24.24,1,514.19,Balisée #3
771,623,882.49,1741.88,18.22,14.52,1,264.55,Balisée #2
770,623,3029.52,956.86,17.79,17.46,0,310.51,
900,623,1807.08,1572.34,17.06,13.88,0,236.7,
902,623,657.71,79.64,17.33,15.79,0,273.59,
878,623,519.71,659.7,16.14,21.36,0,344.77,
767,623,946.64,1094.49,17.46,14.47,1,252.77,Balisée #1
863,623,1362.46,1629.64,21.2,24.44,1,518.03,Balisée #4
764,624,2752.75,1281.61,21.78,24.93,1,542.96,Balisée #3
771,624,886.15,1741.94,18.38,14.43,1,265.33,Balisée #2
770,624,3029.82,955.21,16.68,16.75,0,279.47,
900,624,1806.38,1570.32,17.17,13.83,0,237.47,
902,624,661.29,80.95,17.43,15.94,0,277.89,
878,624,521.95,657.86,15.99,21.2,0,339.03,
767,624,950.01,1094.78,17.68,14.49,1,256.27,Balisée #1
863,624,1362.58,1630.54,20.26,23.68,1,479.67,Balisée #4
764,625,2752.93,1279.94,21.7,24.86,1,539.39,Balisée #3
771,625,890.0,1742.11,18.35,14.25,1,261.47,Balisée #2
770,625,3030.14,953.16,15.79,16.23,0,256.33,
900,625,1805.52,1568.48,17.5,13.98,0,244.61,
902,625,665.09,82.36,16.95,15.5,0,262.66,
878,625,523.76,655.91,16.41,21.86,0,358.86,
767,625,953.17,1094.52,17.33,14.06,1,243.78,Balisée #1
863,625,1363.05,1631.21,21.14,25.07,1,529.97,Balisée #4
764,626,2753.37,1277.78,21.36,24.44,1,521.93,Balisée #3
771,626,893.34,1741.93,18.22,14.03,1,255.57,Balisée #2
770,626,3030.85,951.24,15.11,15.89,0,240.16,
900,626,1804.91,1566.66,17.57,13.85,0,243.31,
902,626,668.76,83.75,17.08,15.56,0,265.72,
878,626,524.94,653.95,16.29,21.52,0,350.59,
767,626,956.66,1094.3,17.62,14.16,1,249.49,Balisée #1
863,626,1363.48,1631.74,20.96,25.28,1,529.93,Balisée #4
764,627,2753.74,1275.04,21.55,24.69,1,532.16,Balisée #3
771,627,897.2,1741.51,18.94,14.56,1,275.81,Balisée #2
770,627,3031.71,948.97,15.06,16.24,0,244.59,
900,627,1804.78,1565.04,18.08,14.17,0,256.07,
902,627,673.64,85.35,17.21,15.48,0,266.33,
878,627,525.8,652.03,16.23,21.04,0,341.58,
767,627,960.73,1094.36,17.79,13.97,1,248.51,Balisée #1
863,627,1364.42,1632.45,20.54,25.05,1,514.52,Balisée #4
764,628,2753.76,1271.79,20.98,24.06,1,504.97,Balisée #3
771,628,900.58,1741.2,18.65,14.28,1,266.31,Balisée #2
770,628,3032.94,946.55,14.48,15.93,0,230.61,
900,628,1804.9,1563.98,19.15,15.05,0,288.15,
902,628,676.37,86.19,16.93,15.26,0,258.33,
878,628,529.26,649.53,17.02,21.77,0,370.61,
767,628,963.68,1094.84,18.02,14.03,1,252.7,Balisée #1
863,628,1365.09,1632.86,20.32,25.04,1,508.67,Balisée #4
764,629,2753.89,1268.74,20.72,23.79,1,492.98,Balisée #3
771,629,903.71,1740.36,19.02,14.46,1,275.01,Balisée #2
770,629,3033.89,944.17,14.19,15.87,0,225.29,
900,629,1804.08,1563.2,20.42,16.21,0,330.95,
902,629,679.32,86.98,16.89,15.23,0,257.2,
878,629,530.82,646.6,17.17,21.77,0,373.81,
767,629,966.84,1094.8,18.0,13.88,1,249.84,Balisée #1
863,629,1365.79,1633.64,20.74,25.83,1,535.68,Balisée #4
764,630,2754.09,1266.17,20.85,23.87,1,497.63,Balisée #3
771,630,906.92,1739.9,19.71,14.98,1,295.22,Balisée #2
770,630,3034.45,941.29,13.96,15.97,0,222.96,
900,630,1803.02,1559.03,22.25,17.98,0,400.08,
902,630,682.63,87.69,16.94,15.25,0,258.31,
878,630,531.68,643.6,17.31,21.91,0,379.32,
767,630,969.56,1094.81,18.08,13.8,1,249.57,Balisée #1
764,631,2754.62,1263.75,20.63,23.66,1,488.15,Balisée #3
771,631,909.86,1739.96,19.67,14.94,1,293.87,Balisée #2
770,631,3035.28,939.35,14.45,16.97,0,245.2,
900,631,1801.88,1556.71,21.39,17.27,0,369.41,
902,631,685.4,88.53,17.23,15.55,0,267.82,
878,631,532.43,641.23,16.73,21.21,0,354.9,
767,631,972.41,1094.62,17.8,13.47,1,239.69,Balisée #1
863,631,1366.8,1635.65,20.63,25.9,1,534.27,Balisée #4
764,632,2755.5,1261.74,20.46,23.48,1,480.39,Balisée #3
771,632,913.23,1740.0,19.8,14.91,1,295.26,Balisée #2
770,632,3036.35,938.04,15.37,18.6,0,285.9,
900,632,1801.31,1555.34,19.96,15.91,0,317.65,
902,632,688.58,89.73,17.03,15.38,0,261.94,
878,632,533.2,638.99,16.29,20.7,0,337.04,
767,632,975.14,1094.43,18.03,13.6,1,245.19,Balisée #1
863,632,1366.79,1636.96,20.22,25.66,1,518.9,Balisée #4
764,633,2755.9,1259.36,19.85,22.7,1,450.7,Balisée #3
771,633,915.96,1739.94,20.06,15.11,1,303.06,Balisée #2
770,633,3037.53,934.45,15.14,18.79,0,284.37,
900,633,1799.27,1554.49,18.79,14.7,0,276.17,
902,633,691.53,91.17,16.67,15.11,0,251.8,
878,633,533.74,636.88,16.85,21.64,0,364.6,
767,633,978.07,1094.61,18.66,13.99,1,260.94,Balisée #1
764,634,2755.96,1257.75,19.13,21.73,1,415.69,Balisée #3
771,634,918.44,1740.31,18.91,14.16,1,267.8,Balisée #2
770,634,3038.86,932.38,13.88,17.46,0,242.37,
900,634,1797.98,1554.1,18.24,14.13,0,257.67,
902,634,694.34,92.57,17.13,15.52,0,265.93,
878,634,533.95,634.9,17.07,22.12,0,377.74,
767,634,980.72,1094.97,18.65,13.93,1,259.72,Balisée #1
863,634,1367.34,1639.17,19.59,24.97,1,489.09,Balisée #4
764,635,2756.33,1256.04,19.46,21.99,1,427.85,Balisée #3
771,635,921.02,1740.28,19.26,14.44,1,278.19,Balisée #2
770,635,3039.7,930.95,13.15,16.65,0,218.87,
900,635,1797.33,1553.76,17.93,13.76,0,246.78,
902,635,697.03,93.55,17.38,15.88,0,276.07,
767,635,982.65,1095.52,18.36,13.55,1,248.73,Balisée #1
863,635,1367.38,1640.92,19.94,25.68,1,511.97,Balisée #4
764,636,2756.59,1254.37,19.32,21.62,1,417.63,Balisée #3
771,636,922.86,1740.29,19.7,14.83,1,292.12,Balisée #2
770,636,3040.93,928.8,12.15,15.5,0,188.28,
900,636,1796.66,1553.55,18.38,14.07,0,258.66,
902,636,698.92,94.53,16.56,15.22,0,252.03,
767,636,985.25,1096.62,18.67,13.87,1,258.99,Balisée #1
878,636,534.59,630.82,16.87,22.02,0,371.52,
764,637,2757.37,1252.35,19.39,21.75,1,421.86,Balisée #3
771,637,925.54,1740.25,19.64,14.78,1,290.16,Balisée #2
770,637,3042.03,926.41,12.36,15.81,0,195.5,
900,637,1796.24,1553.23,18.49,14.08,0,260.37,
902,637,701.31,94.91,17.04,15.65,0,266.68,
767,637,987.99,1097.35,18.67,13.85,1,258.53,Balisée #1
878,637,534.14,628.17,16.55,21.75,0,359.8,
863,637,1369.42,1645.03,19.62,25.16,1,493.73,Balisée #4
764,638,2757.4,1250.6,19.31,21.72,1,419.44,Balisée #3
771,638,927.69,1740.38,19.29,14.48,1,279.28,Balisée #2
770,638,3042.77,924.74,12.48,15.85,0,197.74,
900,638,1794.45,1552.32,18.51,14.03,0,259.81,
902,638,703.82,96.32,17.12,15.76,0,269.75,
767,638,990.43,1097.82,18.76,13.92,1,261.08,Balisée #1
878,638,534.59,625.89,16.3,21.57,0,351.68,
863,638,1369.86,1646.85,19.44,24.8,1,482.18,Balisée #4
764,639,2757.93,1249.31,19.05,21.3,1,405.79,Balisée #3
771,639,930.51,1740.7,19.48,14.61,1,284.63,Balisée #2
770,639,3043.88,921.84,13.66,17.73,0,242.26,
900,639,1792.73,1551.12,18.26,13.74,0,250.92,
902,639,705.92,97.95,17.21,15.65,0,269.33,
767,639,993.08,1098.16,18.52,13.78,1,255.26,Balisée #1
878,639,535.06,624.46,16.58,22.1,0,366.41,
764,640,2758.67,1248.22,18.91,20.98,1,396.69,Balisée #3
771,640,933.17,1741.36,20.09,15.15,1,304.37,Balisée #2
770,640,3045.56,920.37,13.37,17.61,0,235.55,
900,640,1791.49,1550.03,18.23,13.65,0,248.88,
902,640,709.16,99.81,17.26,15.8,0,272.63,
767,640,995.58,1098.51,19.11,14.35,1,274.27,Balisée #1
878,640,535.54,622.23,15.8,21.14,0,334.02,
863,640,1370.56,1650.68,19.59,25.1,1,491.73,Balisée #4
764,641,2759.47,1247.4,19.24,21.26,1,409.14,Balisée #3
771,641,935.17,1741.98,19.95,14.9,1,297.15,Balisée #2
770,641,3047.16,919.41,12.63,16.72,0,211.19,
900,641,1790.71,1549.64,17.79,13.24,0,235.51,
902,641,712.14,101.56,17.04,15.65,0,266.75,
767,641,998.07,1099.12,19.09,14.48,1,276.31,Balisée #1
878,641,535.68,620.14,16.09,21.54,0,346.52,
764,642,2760.08,1246.16,18.77,20.62,1,387.14,Balisée #3
771,642,938.37,1742.47,20.27,15.25,1,309.09,Balisée #2
770,642,3048.83,918.19,12.29,16.27,0,199.95,
900,642,1789.81,1549.65,18.21,13.42,0,244.34,
902,642,714.73,102.96,17.06,15.78,0,269.15,
767,642,1001.2,1099.67,19.68,15.15,1,298.24,Balisée #1
878,642,535.86,618.29,15.88,21.33,0,338.67,
764,643,2760.46,1244.77,18.89,20.74,1,391.67,Balisée #3
771,643,941.48,1742.42,19.41,14.58,1,282.94,Balisée #2
770,643,3050.07,916.32,11.85,15.78,0,186.95,
900,643,1788.8,1549.8,18.25,13.35,0,243.53,
902,643,717.0,104.02,17.31,16.01,0,277.15,
767,643,1003.66,1100.09,20.14,15.85,1,319.13,Balisée #1
878,643,536.21,616.74,15.63,21.01,0,328.34,
764,644,2761.33,1243.94,19.97,21.88,1,436.76,Balisée #3
771,644,943.91,1742.35,19.55,14.67,1,286.75,Balisée #2
770,644,3051.25,914.08,11.88,15.86,0,188.41,
900,644,1788.1,1549.77,18.58,13.52,0,251.26,
902,644,718.45,105.02,17.46,15.95,0,278.54,
767,644,1005.53,1100.62,21.08,16.88,1,355.82,Balisée #1
878,644,536.47,614.52,15.61,20.98,0,327.6,
764,645,2761.81,1242.56,19.48,21.15,1,411.86,Balisée #3
771,645,946.38,1742.09,19.82,14.92,1,295.71,Balisée #2
770,645,3052.08,911.69,11.59,15.48,0,179.33,
900,645,1787.31,1549.59,18.82,13.68,0,257.59,
902,645,722.12,105.96,17.69,16.07,0,284.32,
767,645,1009.06,1100.92,21.71,17.48,1,379.56,Balisée #1
878,645,536.68,611.73,15.86,21.39,0,339.21,
764,646,2762.18,1241.12,19.63,21.12,1,414.63,Balisée #3
771,646,948.39,1742.17,19.74,14.88,1,293.72,Balisée #2
770,646,3052.71,909.79,11.89,15.92,0,189.27,
900,646,1785.67,1549.26,19.18,13.95,0,267.48,
902,646,724.53,108.02,17.31,15.79,0,273.38,
767,646,1011.2,1101.35,22.36,18.37,1,410.81,Balisée #1
878,646,536.71,609.52,15.52,20.95,0,325.23,
764,647,2762.7,1239.33,19.14,20.39,1,390.21,Balisée #3
771,647,951.24,1742.21,20.16,15.16,1,305.67,Balisée #2
770,647,3053.58,907.46,11.7,15.74,0,184.22,
900,647,1784.25,1548.33,18.9,13.66,0,258.13,
902,647,726.79,109.68,17.12,15.74,0,269.42,
767,647,1013.05,1101.69,22.64,19.07,1,431.65,Balisée #1
878,647,537.02,607.36,15.93,21.51,0,342.6,
936,647,1012.21,1105.92,17.84,20.17,1,359.82,Balisée #1
764,648,2762.87,1237.77,19.17,20.36,1,390.45,Balisée #3
771,648,953.82,1742.59,19.61,14.74,1,289.08,Balisée #2
770,648,3054.53,905.62,11.85,16.0,0,189.72,
900,648,1782.53,1547.58,19.02,13.76,0,261.61,
902,648,729.15,111.35,17.0,15.68,0,266.55,
767,648,1014.77,1101.91,22.67,19.55,1,443.1,Balisée #1
878,648,536.8,605.68,15.51,21.0,0,325.66,
936,648,1013.76,1106.24,17.29,19.53,1,337.68,Balisée #1
764,649,2763.36,1236.16,19.33,20.49,1,396.12,Balisée #3
771,649,956.04,1742.74,20.49,15.48,1,317.28,Balisée #2
770,649,3055.51,903.8,11.76,15.9,0,187.02,
900,649,1781.65,1547.06,19.09,13.8,0,263.44,
902,649,731.18,112.68,17.16,15.88,0,272.57,
767,649,1016.63,1102.26,22.93,20.28,1,464.87,Balisée #1
878,649,536.48,603.39,15.57,21.13,0,328.88,
936,649,1015.87,1106.36,17.09,19.28,1,329.5,Balisée #1
764,650,2763.77,1234.96,19.72,20.92,1,412.47,Balisée #3
771,650,957.88,1742.8,20.88,15.83,1,330.65,Balisée #2
770,650,3057.17,901.4,11.95,16.2,0,193.66,
900,650,1780.19,1547.33,19.04,13.73,0,261.49,
902,650,732.92,113.46,17.3,16.07,0,277.98,
767,650,1020.06,1104.23,19.97,17.11,1,341.73,Balisée #1
878,650,535.94,601.21,15.78,21.54,0,340.04,
936,650,1018.11,1106.69,16.57,18.62,1,308.46,Balisée #1
764,651,2764.43,1233.59,19.82,20.86,1,413.36,Balisée #3
771,651,959.4,1742.57,20.35,15.28,1,310.87,Balisée #2
770,651,3058.24,898.52,11.9,16.15,0,192.22,
900,651,1778.65,1547.45,19.18,13.8,0,264.63,
902,651,734.15,113.81,17.02,15.85,0,269.79,
878,651,535.28,598.63,15.53,21.24,0,329.83,
936,651,1019.92,1107.15,15.88,17.71,1,281.11,Balisée #1
764,652,2764.83,1232.52,19.91,20.81,1,414.33,Balisée #3
771,652,961.68,1741.99,20.18,15.07,1,304.0,Balisée #2
770,652,3058.55,895.62,11.71,15.86,0,185.62,
900,652,1777.36,1547.07,19.13,13.58,0,259.71,
902,652,735.76,114.38,17.15,15.98,0,274.01,
878,652,534.58,595.65,15.64,21.41,0,335.01,
936,652,1021.87,1106.76,14.49,15.77,1,228.59,Balisée #1
764,653,2765.32,1230.98,19.94,20.58,1,410.25,Balisée #3
771,653,963.78,1741.65,20.35,15.23,1,309.92,Balisée #2
770,653,3059.47,892.82,11.83,16.1,0,190.57,
900,653,1775.09,1546.56,19.33,13.59,0,262.66,
902,653,737.31,114.81,16.8,15.68,0,263.38,
878,653,533.92,592.58,15.63,21.42,0,334.76,
936,653,1023.02,1106.71,14.1,15.03,1,211.88,Balisée #1
764,654,2765.72,1229.06,20.59,21.1,1,434.39,Balisée #3
771,654,965.98,1741.24,20.31,15.25,1,309.68,Balisée #2
770,654,3060.69,890.58,12.91,17.9,0,231.14,
900,654,1773.85,1545.88,20.29,14.32,0,290.6,
902,654,739.56,115.77,17.07,15.89,0,271.3,
878,654,533.85,589.38,15.61,21.46,0,334.97,
936,654,1024.6,1106.95,14.19,14.81,1,210.21,Balisée #1
764,655,2766.15,1227.15,20.81,21.16,1,440.48,Balisée #3
771,655,967.85,1740.99,20.13,15.09,1,303.8,Balisée #2
770,655,3062.21,886.37,13.01,18.33,0,238.4,
900,655,1772.54,1545.22,20.14,14.23,0,286.65,
902,655,741.18,116.2,17.06,15.82,0,269.86,
878,655,533.51,586.67,15.61,21.49,0,335.48,
936,655,1026.21,1107.05,15.67,16.11,1,252.37,Balisée #1
764,656,2766.65,1225.71,20.7,20.82,1,430.93,Balisée #3
771,656,969.98,1741.03,20.27,15.16,1,307.25,Balisée #2
770,656,3063.52,884.15,12.24,17.27,0,211.27,
900,656,1770.63,1544.86,20.4,14.49,0,295.52,
902,656,741.96,116.53,17.55,16.19,0,284.23,
878,656,532.96,584.16,15.41,21.23,0,327.16,
936,656,1028.17,1107.53,16.19,16.36,1,264.81,Balisée #1
764,657,2767.15,1224.79,21.5,21.47,1,461.74,Balisée #3
771,657,971.82,1741.0,20.45,15.34,1,313.78,Balisée #2
770,657,3064.84,882.62,11.82,16.65,0,196.76,
900,657,1769.43,1544.73,20.03,14.28,0,285.94,
902,657,745.17,117.14,18.9,17.36,0,328.24,
878,657,532.21,581.66,15.39,21.07,0,324.28,
936,657,1030.15,1108.21,16.42,16.31,1,267.76,Balisée #1
764,658,2767.17,1223.22,22.18,22.12,1,490.75,Balisée #3
771,658,973.65,1740.89,20.52,15.42,1,316.35,Balisée #2
770,658,3065.75,880.45,11.43,16.08,0,183.69,
900,658,1768.04,1544.93,19.62,14.03,0,275.12,
902,658,747.1,117.56,19.62,18.22,0,357.53,
878,658,531.43,579.02,15.42,20.77,0,320.34,
936,658,1031.82,1108.96,16.61,16.32,1,271.09,Balisée #1
764,659,2767.15,1222.04,22.31,22.18,1,494.72,Balisée #3
771,659,975.67,1740.51,21.08,15.91,1,335.48,Balisée #2
770,659,3066.44,877.56,11.49,16.03,0,184.21,
900,659,1766.35,1544.86,19.76,14.12,0,278.96,
902,659,748.46,118.08,20.38,19.31,0,393.6,
878,659,531.05,576.76,16.28,21.74,0,353.91,
936,659,1033.96,1110.07,17.24,16.66,1,287.2,Balisée #1
764,660,2767.71,1221.12,22.51,22.29,1,501.79,Balisée #3
771,660,978.33,1739.89,21.02,15.95,1,335.21,Balisée #2
770,660,3067.1,874.8,11.57,15.8,0,182.83,
900,660,1764.77,1544.49,19.88,14.24,0,283.07,
902,660,750.26,121.1,20.15,19.39,0,390.7,
878,660,530.92,573.44,15.94,20.94,0,333.81,
936,660,1036.19,1110.78,17.13,16.23,1,277.99,Balisée #1
764,661,2768.67,1219.91,22.71,22.36,1,507.78,Balisée #3
771,661,981.51,1738.74,20.96,15.96,1,334.63,Balisée #2
770,661,3067.69,871.52,11.9,15.81,0,188.08,
900,661,1763.57,1543.83,19.18,13.75,0,263.68,
902,661,752.84,122.36,19.74,19.24,0,379.66,
878,661,530.91,569.79,16.09,20.88,0,335.95,
936,661,1038.2,1110.89,16.94,15.79,1,267.51,Balisée #1
764,662,2768.72,1218.11,22.3,21.82,1,486.61,Balisée #3
771,662,983.14,1738.42,20.89,15.84,1,331.01,Balisée #2
770,662,3068.02,868.5,12.19,15.74,0,191.9,
900,662,1762.11,1543.21,18.98,13.61,0,258.26,
902,662,755.03,123.27,18.6,18.25,0,339.46,
878,662,530.8,566.77,16.05,20.51,0,329.18,
936,662,1040.33,1111.13,16.8,15.41,1,258.8,Balisée #1
764,663,2768.45,1216.0,22.49,21.81,1,490.43,Balisée #3
771,663,985.86,1737.89,20.91,15.93,1,333.08,Balisée #2
770,663,3068.42,866.66,13.53,17.18,0,232.59,
900,663,1760.84,1542.56,18.99,13.6,0,258.14,
902,663,756.93,123.8,17.64,17.39,0,306.88,
878,663,530.93,564.65,16.63,21.12,0,351.13,
764,664,2768.07,1214.4,22.85,21.91,1,500.74,Balisée #3
771,664,988.18,1737.97,20.75,15.93,1,330.56,Balisée #2
770,664,3068.88,862.56,14.84,18.6,0,276.0,
900,664,1759.43,1542.58,19.32,13.81,0,266.78,
902,664,758.94,124.49,16.45,16.09,0,264.81,
878,664,531.09,562.35,16.57,20.91,0,346.39,
936,664,1044.93,1113.0,17.43,15.74,1,274.34,Balisée #1
764,665,2768.3,1213.26,23.12,21.93,1,507.05,Balisée #3
771,665,990.82,1737.65,21.19,16.41,1,347.69,Balisée #2
770,665,3073.29,860.52,14.8,18.16,0,268.76,
900,665,1758.37,1543.08,19.63,14.07,0,276.26,
902,665,761.56,125.6,16.42,16.04,0,263.47,
878,665,531.07,559.75,17.05,21.45,0,365.7,
764,666,2768.11,1212.97,23.12,21.74,1,502.76,Balisée #3
771,666,993.39,1737.21,21.37,16.71,1,357.1,Balisée #2
770,666,3075.06,859.2,14.01,16.66,0,233.51,
900,666,1757.46,1543.4,19.72,14.2,0,280.03,
902,666,764.09,127.27,16.74,16.39,0,274.5,
878,666,530.82,557.32,17.03,21.22,0,361.41,
936,666,1050.61,1115.62,17.47,15.6,1,272.55,Balisée #1
764,667,2768.95,1212.65,23.23,21.65,1,502.83,Balisée #3
771,667,996.63,1736.23,21.29,16.88,1,359.27,Balisée #2
770,667,3075.82,856.77,14.07,16.36,0,230.16,
900,667,1756.17,1543.47,19.93,14.39,0,286.75,
902,667,765.95,128.81,16.62,15.94,0,264.82,
878,667,531.07,555.08,16.57,20.49,0,339.49,
936,667,1053.18,1116.82,17.92,15.91,1,285.09,Balisée #1
764,668,2769.39,1212.05,23.77,22.0,1,522.74,Balisée #3
771,668,999.91,1735.4,21.45,17.27,1,370.58,Balisée #2
770,668,3076.17,854.94,14.16,16.18,0,229.03,
900,668,1754.8,1543.48,20.09,14.55,0,292.26,
902,668,770.33,131.02,16.67,15.94,0,265.78,
878,668,531.39,553.01,17.24,21.43,0,369.51,
936,668,1056.61,1117.6,18.46,16.09,1,297.0,Balisée #1
764,669,2768.72,1210.63,23.31,21.29,1,496.27,Balisée #3
771,669,1003.18,1734.81,21.58,17.66,1,381.03,Balisée #2
770,669,3076.67,852.88,14.1,15.97,0,225.15,
900,669,1753.66,1543.37,19.88,14.33,0,284.95,
902,669,773.36,133.09,16.43,15.78,0,259.26,
878,669,531.75,550.61,17.45,21.88,0,381.88,
936,669,1059.15,1118.59,18.81,16.36,1,307.75,Balisée #1
764,670,2768.15,1208.99,23.97,21.64,1,518.65,Balisée #3
771,670,1005.73,1734.27,21.71,17.98,1,390.25,Balisée #2
770,670,3076.93,850.5,14.34,16.19,0,232.26,
900,670,1752.36,1542.97,20.1,14.56,0,292.58,
902,670,775.87,134.06,16.8,16.27,0,273.39,
878,670,532.36,548.13,17.14,21.65,0,371.2,
936,670,1061.42,1119.27,18.46,15.98,1,295.0,Balisée #1
942,670,1405.26,1705.28,22.9,20.42,1,467.53,Balisée #4
764,671,2767.61,1207.41,23.82,21.22,1,505.66,Balisée #3
771,671,1009.23,1733.85,22.02,18.37,1,404.66,Balisée #2
770,671,3077.17,848.27,14.07,15.84,0,222.97,
900,671,1751.55,1543.04,20.0,14.52,0,290.52,
902,671,778.47,135.35,16.55,16.06,0,265.84,
878,671,533.16,546.4,16.76,21.35,0,357.69,
936,671,1063.83,1120.26,18.74,16.28,1,305.03,Balisée #1
942,671,1407.06,1706.21,21.86,19.45,1,424.99,Balisée #4
764,672,2767.39,1205.83,23.78,20.94,1,498.02,Balisée #3
771,672,1011.47,1732.85,21.01,17.79,1,373.82,Balisée #2
770,672,3077.5,845.69,13.92,15.72,0,218.81,
900,672,1749.95,1543.03,19.92,14.47,0,288.3,
902,672,780.79,136.96,16.66,16.2,0,269.93,
878,672,533.61,544.15,16.68,21.42,0,357.28,
936,672,1066.47,1121.07,19.64,17.09,1,335.5,Balisée #1
942,672,1409.61,1706.94,21.33,18.9,1,403.01,Balisée #4
764,673,2766.85,1204.29,23.86,20.82,1,496.8,Balisée #3
771,673,1013.54,1731.76,21.04,18.25,1,383.93,Balisée #2
770,673,3077.73,843.67,14.18,16.16,0,229.22,
900,673,1748.64,1543.15,19.77,14.4,0,284.68,
902,673,782.89,138.53,16.65,16.24,0,270.36,
878,673,533.42,541.58,16.73,21.7,0,363.1,
936,673,1068.45,1122.51,18.71,16.32,1,305.22,Balisée #1
942,673,1411.91,1708.6,21.54,18.97,1,408.6,Balisée #4
764,674,2766.63,1203.78,24.27,21.04,1,510.64,Balisée #3
771,674,1016.28,1730.76,21.14,18.78,1,396.99,Balisée #2
770,674,3078.09,842.05,15.5,18.13,0,281.0,
900,674,1747.49,1542.96,19.64,14.35,0,281.87,
902,674,785.13,139.99,17.27,16.95,0,292.69,
878,674,533.41,539.2,16.42,21.46,0,352.38,
936,674,1071.01,1123.25,18.28,16.05,1,293.39,Balisée #1
942,674,1413.8,1709.88,21.0,18.34,1,385.16,Balisée #4
764,675,2766.68,1203.46,24.66,21.19,1,522.5,Balisée #3
771,675,1018.98,1730.14,21.4,19.48,1,416.74,Balisée #2
770,675,3078.47,838.32,15.64,18.72,0,292.63,
900,675,1746.08,1542.87,19.12,13.99,0,267.45,
902,675,787.94,141.91,16.37,16.08,0,263.17,
878,675,533.72,536.61,16.07,21.06,0,338.41,
936,675,1073.66,1123.86,18.79,16.66,1,313.13,Balisée #1
942,675,1416.31,1711.07,20.74,17.95,1,372.23,Balisée #4
764,676,2766.7,1203.13,24.23,20.61,1,499.26,Balisée #3
771,676,1021.58,1729.61,21.71,20.37,1,442.1,Balisée #2
770,676,3078.6,835.96,14.11,17.05,0,240.6,
900,676,1744.25,1542.97,19.58,14.35,0,281.07,
902,676,790.87,143.98,16.61,16.41,0,272.72,
878,676,533.84,534.05,16.18,21.44,0,346.78,
936,676,1075.6,1124.68,19.02,17.15,1,326.17,Balisée #1
942,676,1418.24,1711.65,22.08,18.97,1,418.8,Balisée #4
945,676,1174.05,979.37,19.64,16.59,1,325.77,Balisée #5
764,677,2766.64,1202.28,24.06,20.26,1,487.41,Balisée #3
771,677,1024.07,1728.48,19.69,18.71,1,368.32,Balisée #2
770,677,3079.04,833.89,13.47,16.39,0,220.86,
900,677,1742.84,1543.29,19.29,14.15,0,272.86,
902,677,793.35,145.31,16.2,16.04,0,259.73,
878,677,533.84,531.29,16.03,21.32,0,341.79,
936,677,1077.52,1125.3,19.79,17.99,1,355.94,Balisée #1
942,677,1420.08,1713.03,21.87,18.63,1,407.44,Balisée #4
945,677,1173.41,980.16,20.64,17.48,1,360.75,Balisée #5
764,678,2766.45,1200.92,23.72,19.75,1,468.44,Balisée #3
771,678,1025.92,1727.51,19.48,18.85,1,367.33,Balisée #2
770,678,3079.83,831.25,13.23,16.15,0,213.81,
900,678,1741.71,1543.53,19.24,14.15,0,272.41,
902,678,795.5,146.44,16.29,16.18,0,263.63,
878,678,534.44,528.88,16.22,21.91,0,355.49,
936,678,1078.71,1125.89,20.85,19.07,1,397.5,Balisée #1
942,678,1422.75,1713.68,20.88,17.56,1,366.74,Balisée #4
945,678,1173.03,980.47,20.22,17.17,1,347.01,Balisée #5
764,679,2765.57,1199.48,23.51,19.26,1,452.84,Balisée #3
771,679,1027.83,1726.56,18.93,18.67,1,353.42,Balisée #2
770,679,3080.96,828.83,13.01,15.95,0,207.5,
900,679,1740.89,1543.81,18.98,13.94,0,264.67,
902,679,797.57,147.48,16.49,16.38,0,270.09,
878,679,535.3,526.61,16.13,21.92,0,353.62,
936,679,1082.51,1126.43,21.51,20.13,1,432.87,Balisée #1
942,679,1425.4,1714.8,21.53,17.94,1,386.26,Balisée #4
945,679,1173.25,979.68,20.7,17.56,1,363.44,Balisée #5
946,679,1083.07,1129.08,20.97,20.05,1,420.42,Balisée #1
764,680,2764.97,1198.02,23.81,19.23,1,457.8,Balisée #3
771,680,1030.1,1725.18,18.36,18.35,1,336.83,Balisée #2
770,680,3082.1,826.36,12.93,15.95,0,206.16,
900,680,1739.86,1544.05,19.07,13.99,0,266.85,
902,680,800.01,148.41,16.37,16.15,0,264.37,
878,680,535.78,524.17,16.17,22.04,0,356.54,
942,680,1427.74,1715.87,22.22,18.37,1,408.17,Balisée #4
945,680,1172.61,978.9,20.64,17.66,1,364.48,Balisée #5
946,680,1084.15,1130.06,20.25,19.46,1,394.04,Balisée #1
764,681,2765.08,1196.89,23.91,19.04,1,455.13,Balisée #3
771,681,1032.21,1723.67,18.13,18.46,1,334.69,Balisée #2
770,681,3083.34,823.87,12.82,15.82,0,202.92,
900,681,1738.46,1544.08,19.05,13.96,0,265.81,
902,681,801.92,149.76,16.09,15.85,0,255.1,
878,681,536.37,521.77,16.11,22.07,0,355.51,
942,681,1430.05,1716.8,23.4,19.3,1,451.71,Balisée #4
945,681,1172.17,978.3,19.03,16.3,1,310.26,Balisée #5
946,681,1086.59,1130.85,18.98,18.35,1,348.21,Balisée #1
764,682,2765.37,1196.39,24.34,19.19,1,467.09,Balisée #3
771,682,1034.3,1722.81,18.81,19.57,1,368.02,Balisée #2
770,682,3084.34,821.49,12.91,15.93,0,205.65,
900,682,1737.41,1544.23,19.01,13.96,0,265.28,
902,682,804.62,151.17,16.04,15.76,0,252.85,
878,682,536.76,519.69,15.97,21.86,0,349.17,
942,682,1432.25,1717.56,22.69,18.54,1,420.78,Balisée #4
945,682,1172.28,976.89,19.38,16.67,1,323.03,Balisée #5
946,682,1088.72,1131.72,17.35,16.88,1,292.76,Balisée #1
764,683,2765.37,1196.11,24.43,19.03,1,464.93,Balisée #3
771,683,1036.75,1721.85,18.22,19.27,1,351.13,Balisée #2
770,683,3084.95,819.31,13.43,16.72,0,224.6,
900,683,1736.33,1544.3,19.0,13.96,0,265.32,
902,683,807.42,152.91,16.06,15.81,0,253.8,
878,683,536.99,517.44,15.86,21.67,0,343.54,
942,683,1434.71,1718.23,23.34,18.92,1,441.45,Balisée #4
945,683,1171.65,976.69,20.04,17.23,1,345.29,Balisée #5
946,683,1090.53,1131.88,17.05,16.7,1,284.87,Balisée #1
764,684,2765.28,1195.99,24.14,18.55,1,447.67,Balisée #3
771,684,1039.32,1721.08,17.69,18.97,1,335.67,Balisée #2
770,684,3085.63,817.75,14.61,18.63,0,272.14,
900,684,1734.75,1544.7,19.16,14.09,0,269.88,
902,684,809.98,154.31,16.19,15.98,0,258.62,
878,684,537.78,514.09,15.72,21.51,0,338.17,
942,684,1437.36,1719.2,22.69,18.2,1,412.93,Balisée #4
945,684,1170.36,977.96,20.02,17.37,1,347.75,Balisée #5
946,684,1092.65,1132.22,17.19,17.04,1,292.99,Balisée #1
764,685,2765.46,1194.92,24.51,18.6,1,455.78,Balisée #3
771,685,1041.64,1720.17,17.93,19.52,1,350.05,Balisée #2
770,685,3087.0,813.93,14.23,18.38,0,261.6,
900,685,1733.44,1545.15,19.33,14.24,0,275.22,
902,685,812.35,155.78,16.02,15.74,0,252.09,
878,685,538.93,511.23,15.33,21.04,0,322.38,
942,685,1440.21,1719.8,22.8,18.13,1,413.19,Balisée #4
945,685,1171.0,977.17,19.59,17.01,1,333.28,Balisée #5
946,685,1094.42,1133.27,17.63,17.68,1,311.77,Balisée #1
764,686,2765.69,1193.59,25.17,18.92,1,476.23,Balisée #3
771,686,1043.21,1719.24,17.74,19.62,1,348.18,Balisée #2
770,686,3088.57,811.75,13.09,16.87,0,220.8,
900,686,1732.53,1545.53,18.82,13.88,0,261.1,
902,686,814.03,156.69,16.25,15.65,0,254.35,
878,686,540.17,509.29,15.4,21.05,0,324.27,
942,686,1442.81,1720.06,23.22,18.35,1,426.19,Balisée #4
945,686,1171.6,975.76,19.36,16.83,1,325.83,Balisée #5
946,686,1096.52,1134.57,17.25,17.49,1,301.66,Balisée #1
764,687,2765.63,1192.16,25.01,18.62,1,465.65,Balisée #3
771,687,1045.01,1717.5,17.55,19.72,1,346.02,Balisée #2
770,687,3090.22,809.17,12.53,16.19,0,202.91,
900,687,1732.04,1545.65,18.92,14.0,0,264.89,
902,687,817.86,157.25,16.33,15.47,0,252.64,
878,687,541.22,507.09,14.97,20.23,0,302.92,
942,687,1445.4,1720.48,24.05,18.98,1,456.56,Balisée #4
945,687,1170.55,976.14,18.13,15.77,1,285.94,Balisée #5
946,687,1098.47,1135.58,17.18,17.59,1,302.2,Balisée #1
764,688,2765.18,1191.16,25.06,18.45,1,462.37,Balisée #3
771,688,1047.09,1715.5,17.27,19.74,1,340.95,Balisée #2
770,688,3090.68,805.78,12.38,15.9,0,196.85,
900,688,1730.91,1545.9,19.05,14.08,0,268.18,
902,688,819.8,157.99,16.92,16.03,0,271.11,
878,688,542.41,503.48,15.72,21.26,0,334.12,
942,688,1447.85,1720.61,24.05,18.89,1,454.41,Balisée #4
945,688,1170.1,975.23,19.91,17.44,1,347.35,Balisée #5
946,688,1099.9,1136.07,17.31,17.89,1,309.72,Balisée #1
764,689,2764.39,1190.59,25.93,18.92,1,490.43,Balisée #3
771,689,1048.83,1713.85,17.52,20.31,1,355.87,Balisée #2
770,689,3091.14,802.72,12.63,16.08,0,203.02,
900,689,1729.55,1545.94,19.48,14.29,0,278.33,
902,689,821.53,158.91,16.3,15.41,0,251.16,
878,689,543.47,500.99,15.05,20.05,0,301.85,
942,689,1450.46,1720.67,22.87,17.74,1,405.65,Balisée #4
945,689,1169.91,973.73,20.61,18.19,1,374.87,Balisée #5
946,689,1100.5,1136.41,17.32,18.04,1,312.51,Balisée #1
764,690,2763.85,1190.25,26.27,19.04,1,500.2,Balisée #3
771,690,1050.83,1712.49,16.81,19.66,1,330.52,Balisée #2
770,690,3091.52,800.04,12.65,15.83,0,200.23,
900,690,1727.12,1545.83,19.27,13.98,0,269.42,
902,690,824.01,159.95,15.9,15.03,0,238.94,
878,690,545.01,498.88,14.35,18.64,0,267.45,
942,690,1453.22,1720.52,23.5,18.11,1,425.58,Balisée #4
945,690,1169.2,973.35,19.22,16.98,1,326.33,Balisée #5
946,690,1101.56,1136.95,17.79,18.48,1,328.82,Balisée #1
764,691,2763.53,1190.11,26.75,19.29,1,516.12,Balisée #3
771,691,1052.34,1711.63,17.04,20.08,1,342.18,Balisée #2
770,691,3091.72,797.53,12.85,15.82,0,203.31,
900,691,1725.96,1545.95,19.59,14.19,0,278.06,
902,691,826.76,161.73,16.2,15.24,0,246.87,
878,691,545.85,497.33,14.23,17.97,0,255.64,
942,691,1455.69,1720.92,24.43,18.78,1,458.75,Balisée #4
945,691,1168.56,973.15,19.51,17.36,1,338.69,Balisée #5
946,691,1102.42,1137.98,18.03,18.54,1,334.41,Balisée #1
936,691,1106.56,1138.07,19.74,18.59,1,366.9,Balisée #1
764,692,2763.45,1189.71,27.06,19.45,1,526.31,Balisée #3
771,692,1053.63,1710.17,17.28,20.22,1,349.35,Balisée #2
770,692,3091.95,795.42,13.48,16.39,0,220.88,
900,692,1724.94,1546.21,19.56,14.21,0,277.99,
902,692,829.13,163.16,16.22,15.23,0,247.12,
878,692,547.14,494.68,14.49,17.93,0,259.69,
942,692,1458.07,1720.96,24.34,18.67,1,454.41,Balisée #4
945,692,1168.67,972.21,19.61,17.56,1,344.37,Balisée #5
936,692,1107.6,1138.92,19.52,18.73,1,365.45,Balisée #1
764,693,2762.99,1189.22,27.46,19.65,1,539.77,Balisée #3
771,693,1057.41,1708.28,17.36,20.05,1,348.02,Balisée #2
770,693,3092.46,793.78,15.22,18.43,0,280.63,
900,693,1723.77,1546.6,19.59,14.25,0,279.12,
902,693,831.56,163.87,16.17,15.24,0,246.43,
878,693,548.23,492.06,14.85,17.96,0,266.71,
942,693,1460.75,1720.97,24.19,18.45,1,446.24,Balisée #4
945,693,1168.59,972.38,19.03,17.09,1,325.15,Balisée #5
936,693,1108.72,1139.5,19.17,18.96,1,363.42,Balisée #1
764,694,2762.46,1188.46,27.38,19.49,1,533.48,Balisée #3
771,694,1059.07,1706.6,17.58,20.21,1,355.22,Balisée #2
770,694,3093.01,789.95,15.49,18.43,0,285.37,
900,694,1722.35,1547.1,19.66,14.35,0,282.23,
902,694,833.97,164.25,16.43,15.53,0,255.13,
878,694,549.51,489.92,15.0,17.57,0,263.6,
942,694,1463.36,1720.89,24.53,18.64,1,457.39,Balisée #4
945,694,1168.1,972.19,19.23,17.26,1,331.94,Balisée #5
936,694,1109.83,1140.29,18.53,18.76,1,347.64,Balisée #1
949,694,3587.67,1809.13,19.91,14.04,0,279.57,
764,695,2761.71,1187.43,27.09,19.11,1,517.71,Balisée #3
771,695,1060.07,1705.45,17.93,20.74,1,371.74,Balisée #2
770,695,3093.49,787.16,14.51,16.55,0,240.12,
900,695,1721.52,1547.4,19.64,14.42,0,283.16,
902,695,835.82,164.48,16.71,15.88,0,265.25,
878,695,551.13,487.7,14.63,16.74,0,244.83,
942,695,1465.98,1720.69,24.5,18.63,1,456.6,Balisée #4
945,695,1167.87,970.28,21.5,19.43,1,417.77,Balisée #5
936,695,1111.39,1141.0,18.56,19.27,1,357.61,Balisée #1
764,696,2760.85,1186.55,27.21,19.06,1,518.5,Balisée #3
771,696,1061.08,1703.04,17.77,20.89,1,371.2,Balisée #2
770,696,3097.59,784.18,14.49,16.13,0,233.66,
900,696,1719.79,1547.39,19.05,13.97,0,266.18,
902,696,837.43,164.84,17.5,16.62,0,290.86,
878,696,552.32,485.73,15.42,17.46,0,269.33,
942,696,1468.34,1720.21,24.22,18.44,1,446.53,Balisée #4
945,696,1167.73,969.44,19.75,17.95,1,354.61,Balisée #5
936,696,1112.21,1141.79,18.43,19.51,1,359.43,Balisée #1
949,696,3586.33,1808.88,20.25,14.3,0,289.5,
764,697,2760.28,1186.04,27.04,18.92,1,511.49,Balisée #3
771,697,1062.32,1701.54,17.45,20.81,1,363.12,Balisée #2
770,697,3099.23,781.03,15.03,16.54,0,248.69,
900,697,1718.49,1547.6,19.01,13.93,0,264.84,
902,697,841.09,165.17,18.42,17.34,0,319.54,
878,697,553.98,484.39,15.93,17.89,0,284.99,
942,697,1470.51,1720.1,24.7,18.82,1,464.92,Balisée #4
945,697,1166.58,969.11,19.6,17.71,1,347.2,Balisée #5
949,697,3586.51,1808.22,20.67,14.64,0,302.5,
764,698,2759.77,1185.82,27.23,19.06,1,518.89,Balisée #3
771,698,1064.01,1700.4,16.79,20.23,1,339.62,Balisée #2
770,698,3099.12,777.04,14.91,16.68,0,248.81,
900,698,1716.68,1548.07,19.17,14.08,0,269.89,
902,698,843.26,165.55,19.13,18.18,0,347.64,
878,698,555.64,482.78,16.39,18.29,0,299.74,
942,698,1473.17,1720.04,24.77,18.94,1,469.13,Balisée #4
945,698,1166.07,968.64,19.92,18.16,1,361.58,Balisée #5
949,698,3586.57,1808.16,21.27,15.14,0,322.06,
936,698,1114.7,1142.84,17.92,19.14,1,343.01,Balisée #1
764,699,2759.57,1186.08,27.53,19.25,1,529.94,Balisée #3
771,699,1065.25,1699.59,16.32,19.83,1,323.73,Balisée #2
770,699,3099.7,775.24,14.26,16.13,0,229.93,
900,699,1715.67,1548.77,19.04,14.06,0,267.85,
902,699,845.52,169.02,19.43,18.77,0,364.52,
878,699,557.06,481.31,16.75,18.6,0,311.67,
942,699,1476.13,1720.25,24.72,18.94,1,468.3,Balisée #4
945,699,1165.67,968.94,19.38,17.57,1,340.36,Balisée #5
949,699,3586.74,1808.28,20.39,14.6,0,297.71,
764,700,2759.45,1186.37,27.32,19.06,1,520.89,Balisée #3
771,700,1066.75,1698.36,16.76,20.5,1,343.62,Balisée #2
770,700,3100.62,773.7,13.95,15.97,0,222.81,
900,700,1715.13,1549.75,19.24,14.21,0,273.36,
902,700,847.88,170.95,18.29,17.81,0,325.78,
878,700,558.62,479.92,17.23,19.28,0,332.31,
942,700,1479.42,1720.77,25.32,19.55,1,495.03,Balisée #4
945,700,1166.09,969.09,21.48,19.58,1,420.44,Balisée #5
949,700,3586.82,1808.81,20.36,14.63,0,297.77,
764,701,2758.84,1186.48,26.77,18.67,1,499.87,Balisée #3
771,701,1068.17,1696.46,16.72,20.7,1,346.02,Balisée #2
770,701,3101.73,772.03,14.43,16.73,0,241.41,
900,701,1713.91,1551.12,19.41,14.38,0,279.11,
902,701,850.8,172.11,16.98,16.53,0,280.71,
878,701,560.59,478.16,18.09,20.45,0,369.89,
942,701,1482.42,1721.52,25.8,20.06,1,517.62,Balisée #4
945,701,1166.35,968.41,21.78,19.92,1,433.93,Balisée #5
764,702,2758.74,1186.49,27.58,19.35,1,533.86,Balisée #3
771,702,1070.0,1694.58,16.21,20.24,1,328.07,Balisée #2
770,702,3102.84,769.81,14.09,16.34,0,230.19,
900,702,1713.02,1552.42,19.2,14.23,0,273.24,
902,702,853.38,172.73,16.42,16.02,0,263.01,
878,702,562.55,476.85,17.91,20.43,0,365.92,
942,702,1485.39,1721.51,25.5,20.0,1,510.07,Balisée #4
945,702,1166.33,968.74,20.3,18.64,1,378.5,Balisée #5
949,702,3588.17,1809.1,19.88,14.31,0,284.51,
764,703,2758.86,1186.46,27.78,19.61,1,544.82,Balisée #3
771,703,1071.61,1693.3,16.2,20.31,1,328.9,Balisée #2
770,703,3104.75,765.95,15.05,17.77,0,267.48,
900,703,1712.45,1553.35,19.46,14.51,0,282.43,
902,703,855.96,173.6,16.09,15.65,0,251.74,
878,703,564.71,475.34,18.43,21.29,0,392.35,
942,703,1488.39,1721.15,25.57,20.22,1,517.14,Balisée #4
945,703,1166.56,968.93,20.13,18.5,1,372.54,Balisée #5
949,703,3588.86,1809.59,20.11,14.53,0,292.23,
764,704,2758.42,1186.4,27.3,19.32,1,527.26,Balisée #3
771,704,1073.08,1692.14,16.1,20.24,1,325.81,Balisée #2
770,704,3105.64,763.49,14.18,16.87,0,239.23,
900,704,1711.12,1554.12,19.28,14.45,0,278.53,
902,704,858.25,174.44,16.41,15.98,0,262.26,
878,704,566.51,473.64,18.11,21.23,0,384.39,
942,704,1491.08,1721.43,26.15,20.91,1,546.84,Balisée #4
945,704,1166.1,969.21,20.1,18.4,1,369.89,Balisée #5
949,704,3588.62,1809.83,19.99,14.51,0,290.02,
764,705,2757.1,1186.41,26.81,18.99,1,509.1,Balisée #3
771,705,1074.33,1690.93,16.19,20.51,1,332.16,Balisée #2
770,705,3105.94,761.54,13.39,16.0,0,214.19,
900,705,1709.6,1554.78,19.8,14.91,0,295.15,
902,705,860.41,175.38,15.98,15.48,0,247.43,
878,705,567.66,472.15,18.03,21.5,0,387.51,
942,705,1493.77,1721.01,26.21,21.3,1,558.18,Balisée #4
945,705,1165.96,968.27,21.16,19.49,1,412.28,Balisée #5
949,705,3588.65,1808.75,20.05,14.56,0,292.0,
764,706,2756.33,1186.34,26.67,18.9,1,503.85,Balisée #3
771,706,1075.76,1689.6,15.67,19.96,1,312.93,Balisée #2
770,706,3106.54,759.64,13.18,15.86,0,208.94,
900,706,1707.96,1555.39,19.71,14.95,0,294.57,
902,706,861.97,177.03,16.85,16.14,0,271.95,
878,706,569.04,470.65,17.8,21.53,0,383.14,
942,706,1496.34,1720.51,25.67,21.13,1,542.38,Balisée #4
945,706,1165.83,967.67,22.01,20.42,1,449.37,Balisée #5
949,706,3588.04,1808.6,19.58,14.19,0,277.83,
764,707,2755.72,1186.44,27.24,19.4,1,528.53,Balisée #3
771,707,1076.97,1688.24,15.33,19.54,1,299.68,Balisée #2
770,707,3107.5,756.95,13.3,16.14,0,214.61,
900,707,1706.89,1555.95,20.29,15.57,0,315.94,
902,707,866.05,178.91,17.05,16.23,0,276.69,
878,707,570.71,469.0,17.99,22.13,0,398.08,
942,707,1499.34,1719.96,25.92,21.68,1,561.93,Balisée #4
945,707,1165.41,968.56,20.75,19.25,1,399.53,Balisée #5
949,707,3587.95,1808.65,19.42,14.06,0,272.98,
764,708,2754.92,1186.07,27.19,19.51,1,530.47,Balisée #3
771,708,1077.79,1686.32,15.56,19.77,1,307.73,Balisée #2
770,708,3107.95,754.28,13.28,16.25,0,215.8,
900,708,1706.32,1556.22,20.54,15.93,0,327.11,
902,708,868.48,180.21,16.54,15.85,0,262.23,
878,708,571.98,466.45,17.78,22.12,0,393.38,
942,708,1501.27,1719.62,26.59,22.65,1,602.1,Balisée #4
945,708,1165.52,968.28,20.56,19.16,1,393.79,Balisée #5
949,708,3587.85,1808.57,19.87,14.4,0,286.12,
764,709,2754.02,1186.2,27.22,19.59,1,533.31,Balisée #3
771,709,1078.43,1684.38,15.45,19.61,1,303.07,Balisée #2
770,709,3108.33,752.19,13.08,16.06,0,210.04,
900,709,1705.29,1556.88,22.06,17.23,0,380.1,
902,709,870.29,181.2,16.74,16.08,0,269.29,
878,709,572.78,464.11,17.58,21.95,0,385.91,
942,709,1503.69,1719.23,25.61,22.05,1,564.76,Balisée #4
945,709,1164.92,968.28,20.09,18.66,1,374.88,Balisée #5
949,709,3587.53,1808.4,20.53,14.87,0,305.16,
764,710,2753.13,1186.92,26.53,19.09,1,506.37,Balisée #3
771,710,1079.61,1682.4,15.21,19.33,1,293.96,Balisée #2
770,710,3109.13,750.4,13.07,16.22,0,211.95,
900,710,1702.56,1560.59,23.3,18.58,0,432.77,
902,710,872.49,182.9,16.98,16.39,0,278.27,
878,710,573.78,462.81,18.14,22.54,0,408.92,
942,710,1506.47,1719.35,25.18,22.01,1,554.23,Balisée #4
945,710,1164.89,968.49,21.43,19.94,1,427.41,Balisée #5
949,710,3587.04,1809.07,20.31,14.64,0,297.26,
764,711,2752.69,1187.33,26.2,18.85,1,493.77,Balisée #3
771,711,1081.2,1680.97,15.42,19.66,1,303.13,Balisée #2
770,711,3110.85,747.84,13.24,16.56,0,219.21,
900,711,1701.41,1562.21,23.13,18.79,0,434.61,
902,711,875.5,184.25,16.89,16.31,0,275.48,
878,711,577.31,461.8,17.9,22.04,0,394.55,
942,711,1509.18,1718.59,26.03,23.14,1,602.26,Balisée #4
945,711,1164.74,968.45,21.68,20.15,1,436.84,Balisée #5
764,712,2752.5,1187.92,26.62,19.25,1,512.47,Balisée #3
771,712,1082.62,1680.63,15.36,19.61,1,301.28,Balisée #2
770,712,3112.31,746.22,14.12,18.01,0,254.35,
900,712,1700.56,1563.45,21.38,17.61,0,376.5,
902,712,878.28,186.41,16.8,16.29,0,273.78,
878,712,579.42,460.57,17.81,22.08,0,393.25,
942,712,1511.97,1718.28,25.64,23.23,1,595.53,Balisée #4
945,712,1165.04,969.12,20.84,19.42,1,404.66,Balisée #5
949,712,3587.69,1809.29,20.75,14.93,0,309.72,
764,713,2752.51,1188.44,26.99,19.66,1,530.71,Balisée #3
771,713,1084.53,1680.73,15.68,19.88,1,311.69,Balisée #2
770,713,3113.53,745.49,14.45,18.85,0,272.38,
900,713,1700.22,1564.16,20.0,16.58,0,331.66,
902,713,881.25,189.13,16.19,15.71,0,254.27,
878,713,580.62,459.59,17.48,21.95,0,383.72,
942,713,1515.5,1718.91,24.92,22.94,1,571.68,Balisée #4
945,713,1165.25,971.04,21.97,20.49,1,450.2,Balisée #5
949,713,3587.76,1809.91,20.87,15.01,0,313.3,
764,714,2751.89,1189.0,26.67,19.51,1,520.47,Balisée #3
771,714,1085.59,1680.17,15.52,19.64,1,304.81,Balisée #2
770,714,3114.29,742.35,14.65,19.43,0,284.67,
900,714,1699.27,1565.15,18.74,15.55,0,291.36,
902,714,883.98,191.53,16.71,16.2,0,270.73,
878,714,581.8,458.66,16.79,21.27,0,357.02,
942,714,1518.07,1719.0,25.12,23.59,1,592.57,Balisée #4
945,714,1165.36,972.04,20.57,19.18,1,394.36,Balisée #5
949,714,3587.01,1809.99,20.59,14.78,0,304.29,
764,715,2750.88,1189.81,25.55,18.61,1,475.53,Balisée #3
771,715,1086.4,1678.83,15.62,19.8,1,309.31,Balisée #2
770,715,3114.77,740.53,13.79,18.31,0,252.54,
900,715,1698.55,1566.82,18.44,15.37,0,283.4,
902,715,886.69,193.87,16.62,16.18,0,268.97,
878,715,583.36,457.57,16.94,21.68,0,367.19,
942,715,1520.69,1718.33,24.8,23.77,1,589.3,Balisée #4
945,715,1165.64,972.37,21.91,20.44,1,448.0,Balisée #5
764,716,2749.81,1190.47,25.46,18.52,1,471.42,Balisée #3
771,716,1087.38,1677.46,15.67,19.83,1,310.71,Balisée #2
770,716,3115.04,739.25,12.76,16.74,0,213.65,
900,716,1697.71,1568.79,18.47,15.41,0,284.47,
902,716,888.9,196.07,16.17,15.76,0,254.85,
878,716,584.42,456.83,16.96,22.05,0,374.03,
942,716,1523.26,1717.95,24.35,23.85,1,580.68,Balisée #4
945,716,1165.73,973.45,22.34,20.86,1,466.04,Balisée #5
949,716,3584.94,1810.75,20.86,14.93,0,311.43,
764,717,2749.1,1191.07,26.61,19.53,1,519.69,Balisée #3
771,717,1088.28,1676.02,15.72,19.8,1,311.21,Balisée #2
770,717,3115.38,737.81,12.71,16.45,0,209.11,
900,717,1696.69,1570.0,18.56,15.59,0,289.3,
902,717,891.74,198.14,16.89,16.45,0,277.84,
878,717,586.6,455.22,16.9,22.25,0,375.94,
942,717,1525.73,1717.41,24.1,24.06,1,579.86,Balisée #4
945,717,1166.08,973.95,21.7,20.26,1,439.63,Balisée #5
949,717,3584.43,1810.7,21.37,15.34,0,327.67,
764,718,2748.27,1191.54,26.82,19.86,1,532.71,Balisée #3
771,718,1089.12,1674.3,15.55,19.5,1,303.19,Balisée #2
770,718,3115.71,736.06,12.9,16.41,0,211.6,
900,718,1695.15,1571.31,18.82,15.83,0,297.91,
902,718,894.67,200.5,16.51,16.08,0,265.44,
878,718,588.18,454.08,16.51,21.84,0,360.7,
942,718,1527.51,1716.83,23.77,24.19,1,575.02,Balisée #4
945,718,1165.93,974.47,21.65,20.35,1,440.63,Balisée #5
949,718,3583.28,1810.89,21.14,15.12,0,319.54,
764,719,2747.21,1192.38,26.48,19.69,1,521.23,Balisée #3
771,719,1090.2,1673.01,15.66,19.69,1,308.31,Balisée #2
770,719,3116.06,734.47,12.96,16.1,0,208.61,
900,719,1693.48,1572.79,18.51,15.66,0,289.79,
902,719,897.46,202.89,16.61,16.24,0,269.81,
878,719,589.85,453.35,15.99,21.26,0,339.86,
942,719,1530.11,1715.64,23.23,24.15,1,561.1,Balisée #4
945,719,1165.19,975.85,21.32,20.05,1,427.47,Balisée #5
949,719,3581.91,1810.91,21.22,15.17,0,321.95,
764,720,2746.26,1193.37,25.8,19.15,1,494.0,Balisée #3
771,720,1091.48,1672.19,15.86,19.89,1,315.41,Balisée #2
770,720,3116.61,732.58,13.44,16.24,0,218.24,
900,720,1692.62,1574.05,18.41,15.59,0,287.03,
902,720,900.59,205.68,15.96,15.61,0,249.17,
878,720,591.36,452.41,16.0,21.43,0,342.73,
942,720,1532.4,1715.37,23.63,25.19,1,595.11,Balisée #4
945,720,1165.63,977.04,20.91,19.63,1,410.27,Balisée #5
949,720,3580.77,1810.98,21.26,15.23,0,323.69,
764,721,2745.62,1193.85,25.4,18.8,1,477.64,Balisée #3
771,721,1092.66,1671.75,15.99,19.93,1,318.7,Balisée #2
770,721,3117.18,730.83,13.85,16.18,0,224.08,
900,721,1691.74,1575.65,18.25,15.4,0,281.1,
902,721,903.53,208.06,16.73,16.44,0,275.0,
878,721,593.15,450.97,16.35,22.17,0,362.44,
942,721,1534.66,1714.07,24.26,26.26,1,637.17,Balisée #4
945,721,1166.18,977.31,21.61,20.24,1,437.52,Balisée #5
949,721,3580.27,1811.12,20.88,14.95,0,312.21,
958,721,1158.52,1182.84,15.05,19.1,1,287.45,Balisée #1
764,722,2744.8,1194.41,25.7,19.01,1,488.46,Balisée #3
771,722,1093.33,1671.1,15.86,19.61,1,310.95,Balisée #2
770,722,3121.36,729.39,13.96,15.81,0,220.74,
900,722,1691.0,1577.68,18.21,15.4,0,280.42,
902,722,906.06,210.34,16.24,15.95,0,259.07,
878,722,594.44,449.58,15.82,21.51,0,340.32,
942,722,1538.0,1713.28,23.45,25.84,1,606.0,Balisée #4
945,722,1166.98,978.03,22.91,21.52,1,493.05,Balisée #5
949,722,3579.19,1810.86,21.36,15.41,0,329.23,
958,722,1159.69,1184.89,15.17,19.27,1,292.25,Balisée #1
764,723,2744.56,1194.7,26.82,19.95,1,534.99,Balisée #3
771,723,1094.25,1669.9,16.01,19.89,1,318.46,Balisée #2
770,723,3123.35,727.73,14.19,15.82,0,224.47,
900,723,1690.52,1579.04,18.12,15.36,0,278.3,
902,723,908.48,212.02,16.57,16.27,0,269.59,
878,723,595.94,447.99,15.74,21.35,0,336.06,
942,723,1540.38,1712.81,23.14,25.81,1,597.2,Balisée #4
945,723,1166.39,979.67,22.44,21.1,1,473.51,Balisée #5
949,723,3578.78,1811.17,21.51,15.56,0,334.7,
958,723,1161.63,1187.12,15.09,19.22,1,290.19,Balisée #1
764,724,2743.93,1194.87,26.75,19.9,1,532.36,Balisée #3
771,724,1095.34,1667.67,15.92,19.83,1,315.59,Balisée #2
770,724,3124.39,726.53,14.59,16.19,0,236.27,
900,724,1690.13,1580.16,18.65,15.89,0,296.38,
902,724,910.28,213.19,17.57,17.09,0,300.28,
878,724,597.99,445.01,16.89,23.36,0,394.55,
942,724,1542.18,1712.23,21.99,24.88,1,547.07,Balisée #4
945,724,1166.74,980.47,21.0,19.71,1,413.87,Balisée #5
949,724,3578.36,1811.19,21.79,15.83,0,344.96,
958,724,1163.39,1188.89,14.92,19.01,1,283.66,Balisée #1
764,725,2743.27,1195.34,26.1,19.37,1,505.51,Balisée #3
771,725,1097.05,1665.84,16.01,20.04,1,320.95,Balisée #2
770,725,3125.13,725.59,14.32,15.9,0,227.63,
900,725,1689.52,1581.0,19.69,16.94,0,333.68,
902,725,914.71,214.38,19.17,18.99,0,363.97,
878,725,600.13,443.76,16.93,23.74,0,401.95,
942,725,1545.01,1711.69,21.61,24.88,1,537.51,Balisée #4
945,725,1167.19,980.97,21.87,20.5,1,448.22,Balisée #5
949,725,3578.39,1811.37,22.19,16.24,0,360.39,
958,725,1165.79,1190.4,14.51,18.52,1,268.72,Balisée #1
961,725,915.26,216.91,23.52,19.53,0,459.41,
764,726,2743.05,1196.12,25.79,19.0,1,490.06,Balisée #3
771,726,1098.63,1664.59,15.69,19.55,1,306.72,Balisée #2
770,726,3126.23,724.27,14.18,15.9,0,225.47,
900,726,1689.09,1581.58,20.61,17.94,0,369.61,
902,726,918.66,217.95,18.52,18.54,0,343.25,
878,726,603.09,443.1,15.89,22.05,0,350.23,
942,726,1547.47,1710.1,21.44,25.05,1,537.24,Balisée #4
945,726,1168.04,981.57,21.52,20.07,1,431.83,Balisée #5
949,726,3578.03,1811.03,21.85,16.06,0,350.93,
958,726,1168.78,1192.46,14.61,18.68,1,272.93,Balisée #1
764,727,2742.67,1196.97,26.14,19.22,1,502.26,Balisée #3
771,727,1100.06,1663.27,15.76,19.56,1,308.22,Balisée #2
770,727,3127.09,722.63,15.56,17.76,0,276.4,
900,727,1688.3,1585.11,21.13,18.8,0,397.28,
902,727,922.36,220.62,17.33,17.38,0,301.29,
878,727,605.35,442.26,15.55,21.53,0,334.85,
942,727,1549.58,1708.61,20.77,24.47,1,508.18,Balisée #4
945,727,1169.18,981.34,22.37,20.95,1,468.71,Balisée #5
949,727,3577.74,1810.59,21.87,16.14,0,352.9,
958,727,1171.29,1194.77,14.91,19.12,1,285.1,Balisée #1
764,728,2742.41,1197.22,27.48,20.29,1,557.69,Balisée #3
771,728,1100.97,1661.5,15.92,19.54,1,311.1,Balisée #2
770,728,3127.92,718.84,16.08,18.73,0,301.24,
900,728,1688.03,1586.66,20.64,18.73,0,386.46,
902,728,925.55,222.28,16.45,16.56,0,272.41,
878,728,607.29,440.34,15.6,21.66,0,337.88,
942,728,1552.07,1706.98,20.05,23.9,1,479.2,Balisée #4
945,728,1169.73,982.09,22.48,21.01,1,472.31,Balisée #5
949,728,3575.94,1809.92,22.02,16.22,0,357.16,
958,728,1173.15,1196.7,14.27,18.4,1,262.5,Balisée #1
764,729,2741.97,1197.08,27.3,20.17,1,550.64,Balisée #3
771,729,1101.62,1659.83,16.36,19.79,1,323.61,Balisée #2
770,729,3128.6,716.79,15.27,17.94,0,273.94,
900,729,1687.49,1587.34,20.14,18.43,0,371.18,
902,729,928.5,223.55,16.31,16.51,0,269.24,
878,729,609.37,437.58,15.34,21.34,0,327.37,
942,729,1553.94,1705.06,20.42,24.31,1,496.33,Balisée #4
945,729,1169.74,982.29,21.9,20.51,1,448.97,Balisée #5
949,729,3574.79,1808.69,21.36,15.73,0,335.96,
958,729,1175.56,1197.8,14.59,18.81,1,274.53,Balisée #1
764,730,2741.23,1196.75,26.87,19.78,1,531.31,Balisée #3
771,730,1102.04,1658.14,16.85,20.08,1,338.3,Balisée #2
770,730,3129.41,715.06,13.76,15.99,0,220.07,
900,730,1686.79,1588.14,18.76,17.13,0,321.38,
902,730,931.47,225.04,16.25,16.53,0,268.51,
878,730,611.03,435.26,15.46,21.47,0,332.03,
942,730,1556.7,1703.15,19.34,23.06,1,446.01,Balisée #4
945,730,1170.52,982.37,21.76,20.39,1,443.74,Balisée #5
949,730,3574.54,1807.35,22.61,16.78,0,379.32,
958,730,1177.07,1199.04,14.53,18.74,1,272.27,Balisée #1
764,731,2740.34,1196.18,26.54,19.45,1,516.19,Balisée #3
771,731,1105.05,1655.29,17.6,20.74,1,365.15,Balisée #2
770,731,3130.22,713.01,12.8,14.66,0,187.55,
900,731,1686.19,1588.63,17.81,16.09,0,286.58,
902,731,933.47,226.11,16.65,16.81,0,279.86,
878,731,613.09,433.19,15.65,21.88,0,342.4,
942,731,1557.92,1701.01,19.57,23.48,1,459.51,Balisée #4
945,731,1171.76,982.61,22.44,20.94,1,469.7,Balisée #5
949,731,3573.8,1806.58,21.68,16.22,0,351.62,
958,731,1178.77,1199.96,14.55,18.87,1,274.58,Balisée #1
764,732,2739.38,1195.4,26.6,19.48,1,518.3,Balisée #3
771,732,1106.76,1652.93,17.31,20.27,1,350.84,Balisée #2
770,732,3131.28,711.4,12.28,13.71,0,168.27,
900,732,1685.86,1588.84,17.28,15.54,0,268.54,
902,732,938.14,227.4,16.43,16.41,0,269.63,
878,732,615.45,430.55,15.39,21.62,0,332.73,
942,732,1561.71,1697.87,19.57,23.55,1,461.02,Balisée #4
945,732,1173.03,982.62,22.37,20.87,1,466.83,Balisée #5
949,732,3573.13,1805.11,21.04,15.83,0,333.06,
958,732,1180.92,1200.74,14.29,18.52,1,264.68,Balisée #1
764,733,2738.92,1195.46,26.97,19.77,1,533.38,Balisée #3
771,733,1108.2,1650.47,16.9,19.9,1,336.38,Balisée #2
770,733,3132.13,710.11,12.53,13.71,0,171.84,
900,733,1685.65,1589.02,17.01,15.14,0,257.54,
902,733,941.53,229.69,16.5,16.62,0,274.31,
878,733,618.78,428.18,15.51,21.66,0,335.9,
942,733,1563.89,1695.47,19.0,23.13,1,439.45,Balisée #4
945,733,1174.03,982.94,22.96,21.51,1,493.82,Balisée #5
949,733,3573.15,1803.81,21.92,16.76,0,367.21,
958,733,1183.7,1202.22,14.76,19.23,1,283.73,Balisée #1
764,734,2738.61,1195.68,27.28,19.99,1,545.37,Balisée #3
770,734,3132.85,708.64,12.91,13.93,0,179.84,
900,734,1685.22,1589.69,17.21,15.21,0,261.78,
902,734,945.11,231.61,16.9,17.17,0,290.15,
878,734,620.78,426.61,15.61,21.51,0,335.68,
942,734,1565.84,1694.31,19.21,23.43,1,450.06,Balisée #4
945,734,1174.23,984.34,23.31,22.03,1,513.44,Balisée #5
949,734,3572.47,1803.43,21.74,16.91,0,367.65,
958,734,1186.1,1203.45,14.46,18.89,1,273.06,Balisée #1
764,735,2738.23,1196.67,26.96,19.71,1,531.44,Balisée #3
770,735,3133.58,706.98,12.64,13.49,0,170.51,
900,735,1685.0,1590.65,17.31,15.21,0,263.29,
902,735,948.79,234.22,16.08,16.45,0,264.5,
878,735,625.32,425.25,15.59,20.98,0,327.1,
945,735,1174.54,985.21,22.64,21.54,1,487.67,Balisée #5
949,735,3571.93,1802.95,22.32,17.69,0,394.85,
958,735,1189.2,1205.38,14.61,19.19,1,280.24,Balisée #1
771,735,1111.63,1647.34,16.34,19.23,1,314.25,Balisée #2
764,736,2737.94,1197.55,27.25,19.9,1,542.22,Balisée #3
770,736,3134.16,704.91,12.74,13.33,0,169.82,
900,736,1685.03,1591.42,17.27,15.15,0,261.67,
902,736,952.37,236.4,16.34,16.92,0,276.39,
878,736,627.91,423.97,15.9,21.41,0,340.33,
945,736,1176.11,985.27,22.94,21.85,1,501.32,Balisée #5
949,736,3571.22,1802.27,23.33,18.99,0,443.04,
958,736,1191.4,1207.69,14.68,19.52,1,286.61,Balisée #1
771,736,1113.09,1645.81,16.56,19.41,1,321.48,Balisée #2
764,737,2737.05,1197.95,27.29,20.0,1,545.96,Balisée #3
770,737,3134.0,703.55,13.37,13.89,0,185.6,
900,737,1685.06,1592.45,17.37,15.14,0,263.0,
902,737,955.41,237.67,17.19,18.07,0,310.7,
878,737,630.02,421.57,15.93,21.63,0,344.54,
945,737,1177.82,985.1,23.45,22.43,1,526.03,Balisée #5
949,737,3570.37,1801.87,23.66,19.79,0,468.23,
958,737,1193.54,1209.04,14.83,19.81,1,293.75,Balisée #1
967,737,3570.5,1797.98,17.31,19.97,0,345.55,
942,737,1571.75,1686.86,19.05,23.28,1,443.46,Balisée #4
764,738,2736.23,1197.75,26.95,19.81,1,533.69,Balisée #3
770,738,3134.22,702.39,13.6,14.11,0,191.95,
900,738,1684.71,1593.69,17.44,15.12,0,263.76,
902,738,957.71,241.05,18.47,19.49,0,360.05,
878,738,632.05,419.92,15.17,20.57,0,311.96,
945,738,1179.12,985.46,23.3,22.29,1,519.38,Balisée #5
958,738,1194.92,1210.02,14.66,19.62,1,287.61,Balisée #1
967,738,3569.6,1797.15,15.91,18.31,0,291.26,
942,738,1573.14,1685.3,19.14,23.34,1,446.87,Balisée #4
771,738,1115.49,1641.24,16.23,19.01,1,308.61,Balisée #2
764,739,2735.51,1197.24,27.13,20.0,1,542.45,Balisée #3
770,739,3134.6,701.58,13.89,14.44,0,200.66,
900,739,1684.35,1594.72,17.13,14.75,0,252.54,
902,739,962.56,243.09,17.57,18.54,0,325.79,
878,739,634.88,418.05,15.54,21.09,0,327.72,
945,739,1180.0,986.79,21.63,20.63,1,446.22,Balisée #5
958,739,1196.48,1211.56,14.87,19.69,1,292.74,Balisée #1
967,739,3568.94,1796.89,15.53,17.79,0,276.3,
942,739,1575.58,1683.78,19.21,23.22,1,446.15,Balisée #4
764,740,2734.61,1197.08,26.69,19.65,1,524.36,Balisée #3
770,740,3135.46,700.8,14.37,15.0,0,215.49,
900,740,1684.02,1595.24,17.53,15.06,0,263.94,
902,740,966.54,245.02,16.51,17.52,0,289.35,
878,740,638.14,415.32,15.99,21.96,0,351.15,
945,740,1181.17,987.56,21.36,20.32,1,433.99,Balisée #5
958,740,1201.28,1212.4,15.3,19.83,1,303.39,Balisée #1
967,740,3568.44,1796.24,14.57,16.48,0,240.08,
942,740,1577.57,1681.48,18.58,22.26,1,413.59,Balisée #4
764,741,2733.73,1197.77,27.17,20.01,1,543.63,Balisée #3
770,741,3136.06,700.16,14.61,15.43,0,225.47,
900,741,1683.97,1595.36,17.41,14.86,0,258.75,
902,741,970.65,247.49,15.78,16.81,0,265.18,
878,741,641.71,413.25,15.18,20.88,0,316.92,
945,741,1182.49,988.19,22.34,21.28,1,475.43,Balisée #5
958,741,1203.88,1213.66,14.85,19.04,1,282.8,Balisée #1
967,741,3567.95,1795.39,14.3,15.93,0,227.8,
942,741,1579.43,1679.3,19.14,23.0,1,440.05,Balisée #4
764,742,2733.14,1198.18,27.63,20.41,1,563.79,Balisée #3
770,742,3136.62,699.43,15.05,16.12,0,242.54,
900,742,1683.72,1595.7,17.87,15.2,0,271.73,
902,742,974.23,249.66,15.99,17.11,0,273.67,
878,742,644.48,411.82,15.65,21.34,0,333.81,
945,742,1184.07,988.01,22.92,21.87,1,501.26,Balisée #5
958,742,1205.83,1215.32,14.75,19.01,1,280.45,Balisée #1
967,742,3567.58,1794.15,14.89,16.35,0,243.32,
942,742,1581.14,1676.59,18.14,21.63,1,392.33,Balisée #4
771,742,1123.19,1632.48,16.54,19.48,1,322.29,Balisée #2
764,743,2732.65,1200.09,28.78,21.49,1,618.32,Balisée #3
770,743,3136.65,698.59,16.03,17.58,0,281.81,
900,743,1683.55,1596.78,17.95,15.18,0,272.59,
902,743,977.77,251.5,15.33,16.47,0,252.53,
878,743,646.21,410.07,16.03,21.37,0,342.51,
945,743,1185.13,987.81,23.36,22.3,1,520.95,Balisée #5
958,743,1208.11,1216.65,15.28,19.77,1,302.06,Balisée #1
967,743,3566.55,1793.6,14.89,16.14,0,240.3,
942,743,1582.67,1674.55,18.73,22.1,1,413.9,Balisée #4
771,743,1125.17,1630.47,16.62,19.45,1,323.3,Balisée #2
764,744,2732.35,1200.8,29.12,21.92,1,638.26,Balisée #3
770,744,3136.39,694.94,16.51,18.63,0,307.72,
900,744,1683.4,1598.23,17.87,15.11,0,270.04,
902,744,980.59,253.39,15.23,16.2,0,246.71,
878,744,650.64,408.73,16.45,21.91,0,360.34,
945,744,1185.65,988.21,22.49,21.39,1,481.0,Balisée #5
967,744,3565.22,1792.59,15.16,16.17,0,245.13,
942,744,1585.29,1672.62,18.88,22.02,1,415.8,Balisée #4
771,744,1126.41,1628.67,15.85,18.41,1,291.82,Balisée #2
764,745,2731.5,1201.14,28.92,21.92,1,633.93,Balisée #3
770,745,3136.28,692.79,15.33,17.59,0,269.69,
900,745,1683.36,1599.17,17.89,15.1,0,270.15,
902,745,985.79,255.3,15.92,16.67,0,265.37,
878,745,653.14,406.08,16.06,21.47,0,344.85,
945,745,1186.54,988.56,22.02,20.84,1,458.76,Balisée #5
967,745,3564.4,1790.7,15.7,16.46,0,258.43,
942,745,1586.51,1670.9,19.1,22.2,1,424.2,Balisée #4
764,746,2730.45,1199.91,28.92,22.08,1,638.58,Balisée #3
770,746,3136.05,691.73,14.41,16.79,0,241.84,
900,746,1683.01,1599.84,17.9,15.08,0,269.79,
902,746,988.66,257.66,15.94,16.74,0,266.94,
878,746,655.6,403.49,15.82,21.23,0,335.89,
945,746,1187.51,989.41,22.83,21.67,1,494.56,Balisée #5
967,746,3563.18,1789.21,16.05,16.56,0,265.75,
942,746,1587.69,1668.84,19.58,22.95,1,449.37,Balisée #4
958,746,1213.63,1220.26,14.95,19.44,1,290.7,Balisée #1
771,746,1128.32,1623.28,16.21,18.68,1,302.83,Balisée #2
764,747,2728.51,1200.71,28.7,22.09,1,634.04,Balisée #3
770,747,3135.79,691.17,14.13,16.61,0,234.73,
900,747,1682.19,1600.43,18.32,15.28,0,279.84,
902,747,991.11,259.56,15.8,16.7,0,263.83,
878,747,658.0,401.62,15.61,20.96,0,327.14,
945,747,1188.42,990.6,23.6,22.39,1,528.44,Balisée #5
967,747,3562.37,1788.31,16.23,16.48,0,267.45,
942,747,1588.33,1666.1,18.8,21.99,1,413.47,Balisée #4
958,747,1214.97,1221.63,15.04,19.74,1,296.87,Balisée #1
764,748,2726.83,1201.17,28.04,21.76,1,610.12,Balisée #3
770,748,3135.92,690.31,13.86,16.48,0,228.37,
900,748,1679.6,1600.9,18.33,15.06,0,276.02,
902,748,993.57,261.4,16.7,17.95,0,299.78,
878,748,659.8,399.71,15.6,21.06,0,328.51,
945,748,1188.8,991.17,23.78,22.52,1,535.62,Balisée #5
967,748,3561.2,1787.1,16.47,16.42,0,270.51,
942,748,1588.53,1663.69,19.16,22.31,1,427.33,Balisée #4
764,749,2725.85,1201.47,27.39,21.35,1,584.84,Balisée #3
770,749,3136.05,689.25,13.27,15.92,0,211.25,
900,749,1678.39,1601.59,18.41,14.97,0,275.65,
902,749,996.4,265.22,17.35,19.03,0,330.18,
878,749,662.15,397.88,15.49,20.94,0,324.4,
945,749,1188.92,991.59,22.89,21.46,1,491.3,Balisée #5
967,749,3560.17,1785.79,16.44,16.1,0,264.66,
942,749,1589.37,1661.97,18.56,21.33,1,395.85,Balisée #4
958,749,1218.34,1225.89,15.3,20.21,1,309.21,Balisée #1
764,750,2725.12,1202.03,26.31,20.48,1,538.87,Balisée #3
770,750,3136.23,687.95,13.33,16.22,0,216.15,
900,750,1677.58,1602.23,18.54,15.04,0,278.8,
902,750,998.51,267.23,16.54,18.29,0,302.61,
878,750,663.54,396.51,15.5,20.95,0,324.68,
945,750,1188.57,992.07,24.09,22.61,1,544.64,Balisée #5
967,750,3558.91,1784.52,17.44,16.89,0,294.65,
942,750,1590.01,1659.93,18.21,20.65,1,375.96,Balisée #4
958,750,1219.37,1228.26,14.75,19.56,1,288.59,Balisée #1
764,751,2724.01,1203.39,26.27,20.49,1,538.18,Balisée #3
770,751,3135.97,685.94,13.51,16.65,0,224.86,
900,751,1677.01,1603.36,18.61,15.13,0,281.7,
902,751,1000.55,268.62,15.67,17.43,0,273.15,
878,751,664.98,394.33,15.71,21.36,0,335.43,
945,751,1189.19,993.21,26.04,24.45,1,636.6,Balisée #5
967,751,3557.32,1783.96,17.31,16.54,0,286.46,
942,751,1590.19,1658.35,18.23,20.33,1,370.79,Balisée #4
958,751,1220.22,1229.34,14.89,19.66,1,292.7,Balisée #1
771,751,1131.46,1614.67,15.93,17.92,1,285.46,Balisée #2
764,752,2722.93,1204.66,26.04,20.29,1,528.42,Balisée #3
770,752,3135.82,683.58,13.18,16.33,0,215.29,
900,752,1676.54,1604.3,19.68,16.19,0,318.66,
902,752,1002.46,270.36,15.15,16.83,0,255.0,
878,752,666.91,391.82,15.91,21.74,0,345.76,
945,752,1189.76,993.89,26.78,25.06,1,671.12,Balisée #5
967,752,3555.97,1782.56,17.97,17.08,0,306.89,
942,752,1590.38,1657.04,18.89,21.0,1,396.8,Balisée #4
958,752,1220.58,1230.68,14.75,19.31,1,284.71,Balisée #1
771,752,1131.42,1613.05,16.27,17.96,1,292.17,Balisée #2
764,753,2721.87,1204.83,25.88,20.2,1,522.9,Balisée #3
770,753,3135.49,681.67,12.81,15.92,0,203.9,
900,753,1675.55,1605.05,20.74,17.41,0,361.17,
902,753,1004.41,272.39,15.31,16.95,0,259.52,
878,753,668.28,390.0,15.53,21.16,0,328.57,
945,753,1190.43,994.35,26.86,24.92,1,669.38,Balisée #5
967,753,3555.12,1781.4,18.11,17.08,0,309.27,
942,753,1590.67,1654.46,18.83,20.62,1,388.36,Balisée #4
958,753,1221.12,1232.43,14.78,18.97,1,280.39,Balisée #1
771,753,1131.55,1611.12,16.49,17.95,1,296.12,Balisée #2
764,754,2720.87,1204.64,26.35,20.64,1,544.07,Balisée #3
770,754,3135.94,680.27,12.71,15.87,0,201.68,
900,754,1674.58,1605.71,21.77,18.65,0,405.99,
902,754,1006.0,274.6,15.43,16.67,0,257.12,
878,754,669.5,387.91,16.04,21.61,0,346.67,
945,754,1191.06,995.42,26.01,23.65,1,615.21,Balisée #5
967,754,3554.12,1780.47,18.81,17.62,0,331.46,
942,754,1590.65,1653.3,18.41,19.92,1,366.81,Balisée #4
958,754,1223.29,1235.48,16.71,22.01,1,367.78,Balisée #1
771,754,1131.62,1609.74,17.67,19.29,1,340.98,Balisée #2
764,755,2719.85,1205.37,26.35,20.6,1,542.78,Balisée #3
770,755,3136.33,679.4,12.94,16.23,0,210.03,
900,755,1673.49,1609.04,21.71,18.96,0,411.63,
902,755,1010.17,276.59,15.38,16.27,0,250.26,
878,755,670.26,385.75,16.58,21.98,0,364.34,
945,755,1191.11,996.26,25.66,22.73,1,583.3,Balisée #5
967,755,3553.88,1779.39,19.11,17.88,0,341.82,
942,755,1591.61,1651.36,18.5,19.82,1,366.58,Balisée #4
958,755,1225.52,1236.82,16.88,22.61,1,381.82,Balisée #1
771,755,1131.55,1606.64,18.05,19.72,1,355.96,Balisée #2
764,756,2719.29,1206.25,26.46,20.6,1,545.0,Balisée #3
770,756,3137.43,678.78,12.75,16.0,0,204.05,
900,756,1672.41,1610.42,21.29,18.95,0,403.4,
902,756,1012.33,278.49,15.52,16.38,0,254.31,
878,756,674.13,383.04,16.48,21.65,0,356.78,
945,756,1191.37,996.69,25.68,22.27,1,571.81,Balisée #5
967,756,3553.76,1779.0,19.78,18.53,0,366.5,
942,756,1592.13,1650.07,19.47,20.69,1,402.89,Balisée #4
958,756,1226.88,1238.21,15.54,21.04,1,326.98,Balisée #1
771,756,1131.76,1604.89,17.4,18.67,1,324.9,Balisée #2
764,757,2718.55,1207.3,26.67,20.82,1,555.47,Balisée #3
770,757,3138.63,677.44,12.82,16.08,0,206.2,
900,757,1671.34,1611.31,20.13,18.15,0,365.36,
902,757,1014.01,279.98,15.42,16.28,0,251.02,
878,757,675.8,380.63,15.9,20.71,0,329.32,
945,757,1191.39,996.72,25.7,21.83,1,561.0,Balisée #5
967,757,3553.65,1778.35,20.11,18.86,0,379.23,
942,757,1591.82,1648.51,19.29,20.33,1,392.2,Balisée #4
958,757,1227.39,1239.14,14.72,20.01,1,294.5,Balisée #1
764,758,2718.45,1208.54,26.71,20.92,1,558.71,Balisée #3
770,758,3139.6,675.39,12.68,15.69,0,198.93,
900,758,1670.71,1612.04,18.79,16.94,0,318.36,
902,758,1015.95,280.81,15.04,15.81,0,237.74,
878,758,676.39,378.31,15.94,20.65,0,329.1,
945,758,1191.5,996.79,26.12,21.79,1,569.17,Balisée #5
967,758,3553.46,1777.57,21.28,20.09,0,427.68,
942,758,1591.91,1646.44,19.27,20.08,1,386.93,Balisée #4
958,758,1228.13,1240.86,14.26,19.29,1,275.17,Balisée #1
771,758,1131.84,1602.93,16.17,16.88,1,272.88,Balisée #2
764,759,2718.88,1209.05,26.87,21.09,1,566.6,Balisée #3
770,759,3140.66,672.86,12.67,15.55,0,197.03,
900,759,1670.18,1613.0,17.47,15.63,0,273.03,
902,759,1017.82,282.25,14.8,15.54,0,229.99,
878,759,677.03,375.43,16.04,20.91,0,335.32,
945,759,1191.69,997.29,26.06,21.38,1,557.05,Balisée #5
967,759,3553.57,1777.37,21.44,20.38,0,437.01,
942,759,1592.27,1644.66,19.69,20.31,1,399.93,Balisée #4
771,759,1131.38,1602.16,15.95,16.27,1,259.58,Balisée #2
764,760,2718.46,1209.36,26.56,20.91,1,555.45,Balisée #3
770,760,3141.33,669.61,12.52,15.15,0,189.6,
900,760,1669.02,1614.09,16.81,14.97,0,251.58,
902,760,1019.68,283.55,15.1,15.86,0,239.53,
878,760,677.95,371.56,16.35,21.56,0,352.41,
945,760,1191.73,998.05,26.81,21.68,1,581.23,Balisée #5
967,760,3553.9,1775.1,21.5,20.66,0,444.07,
942,760,1592.13,1643.32,19.29,19.62,1,378.54,Balisée #4
958,760,1229.87,1242.24,13.88,18.85,1,261.54,Balisée #1
764,761,2717.54,1209.68,26.86,21.14,1,567.8,Balisée #3
770,761,3141.97,666.92,12.75,15.17,0,193.34,
900,761,1668.31,1615.23,16.95,15.03,0,254.77,
902,761,1021.88,284.53,15.4,16.15,0,248.67,
878,761,679.31,368.28,16.34,21.68,0,354.28,
945,761,1191.49,998.65,27.61,22.08,1,609.8,Balisée #5
967,761,3554.12,1773.99,20.89,20.23,0,422.56,
942,761,1591.96,1642.11,19.64,19.6,1,384.78,Balisée #4
958,761,1230.97,1244.16,14.4,19.63,1,282.57,Balisée #1
771,761,1130.04,1598.69,16.62,16.36,1,271.99,Balisée #2
764,762,2716.47,1210.26,27.4,21.68,1,594.11,Balisée #3
770,762,3143.04,665.43,12.78,14.96,0,191.16,
900,762,1667.07,1616.38,16.75,14.78,0,247.49,
902,762,1023.5,285.26,15.97,17.07,0,272.61,
878,762,680.52,366.01,16.08,21.48,0,345.54,
945,762,1190.49,998.8,27.94,22.16,1,619.18,Balisée #5
967,762,3554.22,1773.25,19.97,19.35,0,386.46,
942,762,1591.58,1640.77,19.34,18.92,1,366.03,Balisée #4
958,762,1231.44,1246.03,14.6,19.98,1,291.77,Balisée #1
764,763,2715.88,1211.88,27.55,22.01,1,606.31,Balisée #3
770,763,3144.3,664.77,12.7,14.65,0,185.99,
900,763,1665.98,1617.75,17.35,15.18,0,263.28,
902,763,1024.91,286.64,15.45,16.46,0,254.32,
878,763,681.13,363.71,15.64,21.09,0,329.94,
945,763,1189.24,999.55,27.4,21.5,1,589.11,Balisée #5
967,763,3554.58,1773.12,19.91,19.3,0,384.25,
958,763,1232.3,1248.63,15.16,21.06,1,319.41,Balisée #1
771,763,1127.32,1596.0,16.64,15.75,1,262.19,Balisée #2
764,764,2715.74,1213.47,27.13,21.84,1,592.56,Balisée #3
770,764,3145.24,664.03,13.19,15.07,0,198.7,
900,764,1664.42,1619.59,17.82,15.6,0,277.95,
902,764,1026.18,288.5,15.31,16.32,0,249.75,
878,764,681.85,361.43,16.18,21.96,0,355.15,
945,764,1188.24,1000.45,27.4,21.34,1,584.62,Balisée #5
967,764,3554.88,1773.06,19.64,19.12,0,375.38,
958,764,1232.68,1250.9,14.64,20.36,1,298.08,Balisée #1
771,764,1126.45,1595.81,17.12,15.81,1,270.67,Balisée #2
764,765,2715.44,1214.84,27.18,22.06,1,599.45,Balisée #3
770,765,3145.89,663.11,14.38,16.41,0,235.99,
900,765,1663.27,1621.08,17.6,15.39,0,270.92,
902,765,1027.74,290.47,15.24,16.15,0,246.04,
878,765,681.9,358.7,15.78,21.53,0,339.81,
945,765,1187.33,1001.25,27.32,21.13,1,577.25,Balisée #5
967,765,3555.49,1772.84,19.1,18.61,0,355.54,
958,765,1232.82,1252.84,14.17,19.62,1,277.89,Balisée #1
771,765,1125.72,1595.44,17.09,15.46,1,264.08,Balisée #2
764,766,2715.35,1216.95,27.13,22.26,1,603.93,Balisée #3
770,766,3147.16,661.26,14.03,15.56,0,218.34,
900,766,1662.76,1622.69,17.69,15.47,0,273.7,
902,766,1029.59,292.07,15.33,16.3,0,249.93,
878,766,682.32,356.25,15.66,21.29,0,333.28,
945,766,1186.97,1002.07,28.91,22.46,1,649.23,Balisée #5
967,766,3555.93,1772.62,18.7,18.21,0,340.69,
958,766,1233.07,1254.42,14.09,19.52,1,274.97,Balisée #1
771,766,1125.06,1595.15,17.28,15.31,1,264.54,Balisée #2
764,767,2714.73,1218.13,26.69,22.12,1,590.48,Balisée #3
770,767,3147.41,658.85,13.54,14.45,0,195.59,
900,767,1661.8,1624.72,17.85,15.66,0,279.55,
902,767,1031.57,294.21,15.48,16.51,0,255.57,
878,767,682.84,353.29,15.89,21.7,0,344.83,
945,767,1187.09,1003.39,28.89,22.55,1,651.45,Balisée #5
967,767,3555.56,1772.12,18.53,17.98,0,333.24,
958,767,1233.35,1256.3,14.13,19.57,1,276.64,Balisée #1
771,767,1124.05,1594.51,17.2,14.91,1,256.5,Balisée #2
764,768,2714.18,1218.37,26.52,22.32,1,591.86,Balisée #3
770,768,3147.16,656.78,14.15,14.61,0,206.72,
900,768,1660.96,1626.49,18.17,16.05,0,291.52,
902,768,1034.02,295.6,15.41,16.49,0,254.19,
878,768,684.07,349.86,15.96,21.8,0,347.86,
945,768,1186.81,1003.87,27.85,21.81,1,607.37,Balisée #5
967,768,3555.62,1770.92,18.06,17.5,0,316.04,
958,768,1234.2,1257.73,13.94,19.33,1,269.47,Balisée #1
771,768,1122.97,1594.09,17.63,14.99,1,264.23,Balisée #2
764,769,2713.84,1218.59,26.48,22.66,1,600.07,Balisée #3
770,769,3147.43,654.51,14.44,14.59,0,210.72,
900,769,1660.36,1627.41,18.31,16.28,0,298.08,
902,769,1036.34,296.69,15.27,16.34,0,249.5,
878,769,685.84,347.02,15.56,21.15,0,329.09,
945,769,1186.39,1003.72,26.89,21.13,1,568.07,Balisée #5
967,769,3555.68,1769.71,18.24,17.62,0,321.43,
958,769,1235.81,1259.1,13.76,19.0,1,261.56,Balisée #1
771,769,1121.62,1592.24,17.96,14.97,1,268.93,Balisée #2
764,770,2713.46,1219.3,26.1,22.64,1,591.0,Balisée #3
770,770,3147.51,652.39,15.28,15.25,0,233.01,
900,770,1660.21,1627.55,18.24,16.37,0,298.53,
902,770,1037.93,297.06,15.22,16.4,0,249.61,
878,770,687.82,344.65,15.27,20.69,0,316.08,
945,770,1185.85,1003.19,26.86,21.22,1,570.05,Balisée #5
967,770,3555.67,1767.72,18.39,17.8,0,327.35,
958,770,1237.29,1260.51,13.59,18.67,1,253.75,Balisée #1
771,770,1121.03,1590.21,17.75,14.49,1,257.15,Balisée #2
764,771,2713.24,1220.43,26.37,23.26,1,613.45,Balisée #3
770,771,3147.43,651.24,16.42,16.3,0,267.67,
900,771,1659.43,1628.01,18.24,16.47,0,300.44,
902,771,1040.06,297.66,15.24,16.45,0,250.58,
878,771,690.14,342.1,15.32,20.79,0,318.56,
945,771,1185.56,1002.21,27.97,22.46,1,628.14,Balisée #5
967,771,3555.09,1766.1,18.33,17.7,0,324.32,
958,771,1238.15,1262.36,13.71,18.8,1,257.73,Balisée #1
771,771,1120.61,1588.53,18.09,14.57,1,263.59,Balisée #2
764,772,2712.93,1221.98,26.0,23.29,1,605.51,Balisée #3
770,772,3147.29,650.68,17.2,17.02,0,292.61,
900,772,1658.96,1628.97,18.64,17.14,0,319.33,
902,772,1042.19,299.34,15.76,17.12,0,269.85,
878,772,691.28,339.82,15.62,21.35,0,333.48,
945,772,1185.47,1002.73,27.84,22.67,1,631.08,Balisée #5
967,772,3554.83,1764.8,17.93,17.23,0,308.86,
958,772,1238.99,1264.44,13.58,18.49,1,251.16,Balisée #1
771,772,1120.18,1587.99,18.23,14.48,1,263.93,Balisée #2
764,773,2712.79,1223.21,25.91,23.57,1,610.83,Balisée #3
770,773,3147.55,649.94,18.44,18.46,0,340.57,
900,773,1658.41,1630.84,18.48,17.26,0,318.98,
902,773,1045.31,301.42,15.61,17.09,0,266.7,
878,773,692.64,337.66,15.42,21.04,0,324.33,
945,773,1186.04,1003.15,26.58,21.88,1,581.43,Balisée #5
967,773,3554.7,1763.78,18.0,17.23,0,310.13,
958,773,1240.02,1265.82,13.97,18.86,1,263.45,Balisée #1
771,773,1119.87,1587.61,18.21,14.28,1,260.03,Balisée #2
764,774,2712.75,1223.87,25.84,23.86,1,616.56,Balisée #3
770,774,3147.45,646.13,18.02,18.03,0,324.92,
900,774,1658.16,1632.23,18.19,17.21,0,313.01,
902,774,1047.67,303.7,15.66,17.25,0,270.13,
878,774,693.83,335.21,15.51,21.13,0,327.73,
945,774,1186.75,1003.15,25.85,21.54,1,556.83,Balisée #5
967,774,3554.85,1762.96,17.09,16.19,0,276.78,
958,774,1241.04,1267.03,13.51,18.09,1,244.43,Balisée #1
771,774,1119.65,1587.25,18.17,14.11,1,256.46,Balisée #2
764,775,2712.51,1225.22,25.64,23.94,1,613.83,Balisée #3
770,775,3147.28,643.92,16.6,16.34,0,271.26,
900,775,1658.73,1633.13,17.78,16.99,0,302.04,
902,775,1050.74,305.97,14.96,16.48,0,246.47,
878,775,695.95,331.97,15.63,21.36,0,333.79,
945,775,1187.61,1003.78,25.96,21.87,1,567.8,Balisée #5
967,775,3555.07,1762.21,16.87,15.84,0,267.23,
958,775,1242.47,1268.11,13.54,18.02,1,244.06,Balisée #1
771,775,1119.81,1586.49,18.66,14.41,1,268.99,Balisée #2
764,776,2711.72,1226.73,25.51,24.07,1,614.09,Balisée #3
770,776,3147.23,642.37,15.54,14.96,0,232.48,
900,776,1658.77,1634.46,17.16,16.51,0,283.27,
902,776,1053.0,307.77,15.35,16.62,0,255.04,
878,776,698.8,329.06,15.45,21.22,0,327.72,
945,776,1188.66,1004.32,26.1,22.32,1,582.58,Balisée #5
967,776,3555.18,1761.4,17.05,15.97,0,272.19,
958,776,1243.7,1269.45,14.19,18.72,1,265.56,Balisée #1
771,776,1119.61,1585.68,18.9,14.57,1,275.24,Balisée #2
764,777,2712.21,1227.99,25.39,24.22,1,615.11,Balisée #3
770,777,3147.18,641.28,15.1,14.2,0,214.44,
900,777,1658.64,1636.36,17.4,16.92,0,294.4,
902,777,1057.31,308.89,16.06,17.04,0,273.74,
878,777,701.62,327.89,15.27,20.95,0,320.0,
945,777,1189.43,1004.43,25.85,22.32,1,577.09,Balisée #5
967,777,3555.52,1760.04,16.69,15.57,0,259.9,
958,777,1244.65,1272.42,15.71,20.63,1,324.02,Balisée #1
771,777,1119.19,1584.91,18.82,14.43,1,271.62,Balisée #2
764,778,2712.53,1229.27,25.06,24.18,1,605.94,Balisée #3
770,778,3147.1,640.29,15.26,14.08,0,214.86,
900,778,1658.56,1637.74,17.37,17.05,0,296.09,
902,778,1059.5,309.41,16.54,17.48,0,289.13,
878,778,704.19,326.21,15.3,20.96,0,320.58,
945,778,1189.68,1004.42,25.67,22.38,1,574.58,Balisée #5
967,778,3555.46,1758.83,17.11,15.93,0,272.57,
958,778,1245.48,1274.12,15.7,20.16,1,316.56,Balisée #1
771,778,1118.44,1583.66,18.46,13.98,1,258.02,Balisée #2
764,779,2712.96,1231.52,24.72,24.15,1,596.93,Balisée #3
770,779,3147.35,639.58,15.3,13.93,0,213.07,
900,779,1659.32,1639.05,17.34,17.14,0,297.2,
902,779,1061.44,310.52,18.04,19.59,0,353.42,
878,779,706.98,324.04,15.52,21.44,0,332.76,
945,779,1190.17,1004.05,24.45,21.4,1,523.12,Balisée #5
967,779,3555.32,1757.92,16.49,15.21,0,250.74,
958,779,1249.05,1275.21,15.78,19.76,1,311.84,Balisée #1
771,779,1118.31,1583.46,18.93,14.26,1,270.05,Balisée #2
764,780,2713.61,1233.68,25.3,25.14,1,635.94,Balisée #3
770,780,3147.54,638.47,15.62,14.11,0,220.48,
900,780,1660.05,1640.45,17.48,17.5,0,305.89,
902,780,1064.49,314.02,16.8,18.43,0,309.68,
878,780,708.92,321.77,15.37,21.29,0,327.32,
945,780,1191.32,1003.93,24.77,21.81,1,540.26,Balisée #5
967,780,3555.83,1756.98,16.07,14.65,0,235.33,
958,780,1250.9,1276.94,15.87,19.63,1,311.47,Balisée #1
771,780,1118.72,1583.49,19.19,14.46,1,277.51,Balisée #2
764,781,2713.7,1235.26,25.01,25.26,1,631.79,Balisée #3
770,781,3147.66,636.56,15.75,14.14,0,222.78,
900,781,1660.62,1642.13,17.26,17.5,0,301.94,
902,781,1067.43,316.61,15.71,17.35,0,272.54,
878,781,711.0,318.91,15.33,21.19,0,324.75,
945,781,1193.09,1004.25,25.1,22.28,1,559.32,Balisée #5
967,781,3556.59,1756.66,16.28,14.65,0,238.51,
958,781,1251.88,1278.3,15.92,19.59,1,311.77,Balisée #1
771,781,1118.88,1583.36,19.41,14.61,1,283.56,Balisée #2
764,782,2713.66,1236.3,24.69,25.3,1,624.54,Balisée #3
770,782,3147.5,634.81,15.35,13.56,0,208.21,
900,782,1660.85,1643.88,17.0,17.4,0,295.82,
902,782,1070.14,318.76,15.19,16.83,0,255.56,
878,782,712.49,316.34,15.38,21.39,0,329.07,
945,782,1194.0,1005.4,24.61,21.91,1,539.19,Balisée #5
967,782,3557.46,1756.46,16.22,14.43,0,234.1,
958,782,1252.81,1279.81,15.97,19.71,1,314.79,Balisée #1
771,782,1118.54,1583.41,18.95,14.15,1,268.15,Balisée #2
764,783,2713.76,1238.09,24.4,25.38,1,619.19,Balisée #3
770,783,3147.6,634.2,15.35,13.43,0,206.17,
900,783,1661.37,1646.12,17.07,17.62,0,300.79,
902,783,1073.02,321.5,14.9,16.6,0,247.3,
878,783,715.12,314.8,15.39,21.37,0,328.93,
945,783,1195.6,1006.04,23.98,21.21,1,508.49,Balisée #5
967,783,3557.99,1756.56,16.08,14.11,0,226.9,
958,783,1254.0,1281.47,15.93,19.78,1,315.11,Balisée #1
771,783,1118.34,1583.49,19.06,14.16,1,269.94,Balisée #2
764,784,2714.17,1239.93,24.0,25.25,1,605.97,Balisée #3
770,784,3147.45,633.44,15.28,13.16,0,201.07,
900,784,1662.19,1647.62,17.16,17.93,0,307.83,
902,784,1075.42,324.15,15.04,16.79,0,252.55,
878,784,717.01,313.16,15.89,21.8,0,346.51,
945,784,1196.9,1006.54,24.21,21.39,1,517.8,Balisée #5
958,784,1255.57,1283.24,15.38,19.12,1,294.08,Balisée #1
771,784,1118.33,1583.3,19.58,14.54,1,284.65,Balisée #2
981,784,1583.11,1620.82,26.41,18.72,1,494.36,Balisée #4
764,785,2714.7,1242.49,23.83,25.36,1,604.21,Balisée #3
770,785,3147.2,632.3,15.78,13.41,0,211.58,
900,785,1662.66,1648.91,16.82,17.75,0,298.53,
902,785,1078.23,326.38,16.13,18.23,0,294.1,
878,785,721.45,312.35,16.16,21.82,0,352.6,
945,785,1197.85,1006.88,24.53,21.62,1,530.37,Balisée #5
958,785,1257.18,1285.58,15.86,19.89,1,315.58,Balisée #1
771,785,1118.65,1582.99,19.58,14.57,1,285.4,Balisée #2
981,785,1582.6,1620.44,25.72,18.24,1,469.03,Balisée #4
764,786,2715.68,1244.53,23.85,25.67,1,612.15,Balisée #3
770,786,3146.45,630.99,16.13,13.81,0,222.78,
900,786,1663.33,1649.73,16.68,17.75,0,296.15,
902,786,1080.96,327.78,15.53,17.64,0,273.92,
878,786,723.99,310.11,15.42,20.72,0,319.6,
945,786,1198.8,1006.82,24.36,21.39,1,521.21,Balisée #5
958,786,1258.7,1287.51,16.39,20.78,1,340.67,Balisée #1
771,786,1118.68,1582.45,18.85,13.94,1,262.65,Balisée #2
981,786,1582.62,1619.73,26.54,18.87,1,500.88,Balisée #4
764,787,2715.9,1246.24,23.49,25.53,1,599.54,Balisée #3
770,787,3145.96,629.8,15.61,13.34,0,208.27,
900,787,1664.05,1650.4,16.44,17.63,0,289.92,
902,787,1083.59,329.24,15.06,17.09,0,257.37,
878,787,725.79,307.48,15.44,20.82,0,321.33,
945,787,1199.41,1006.63,24.73,21.57,1,533.41,Balisée #5
958,787,1259.83,1289.11,15.9,20.27,1,322.24,Balisée #1
771,787,1118.35,1582.06,19.07,14.0,1,266.96,Balisée #2
981,787,1582.2,1618.98,27.27,19.44,1,530.16,Balisée #4
967,787,3558.29,1754.8,19.97,17.69,0,353.36,
764,788,2716.13,1247.38,22.99,25.2,1,579.32,Balisée #3
770,788,3145.02,627.96,16.1,13.83,0,222.63,
900,788,1665.08,1652.06,16.42,17.79,0,291.98,
902,788,1086.25,331.04,14.64,16.58,0,242.73,
878,788,727.14,304.74,15.53,21.11,0,327.74,
945,788,1199.98,1005.92,25.45,22.03,1,560.68,Balisée #5
958,788,1260.73,1290.12,15.54,19.91,1,309.38,Balisée #1
771,788,1118.33,1581.46,19.52,14.27,1,278.45,Balisée #2
981,788,1581.53,1618.08,25.99,18.54,1,481.82,Balisée #4
764,789,2715.83,1248.33,23.0,25.39,1,583.79,Balisée #3
770,789,3144.3,626.3,16.03,13.87,0,222.43,
900,789,1665.91,1653.43,16.83,18.54,0,311.9,
902,789,1088.87,332.67,14.87,16.93,0,251.76,
878,789,728.83,302.05,15.56,21.16,0,329.32,
945,789,1201.14,1005.78,25.56,22.08,1,564.35,Balisée #5
958,789,1261.9,1291.53,15.52,20.0,1,310.5,Balisée #1
771,789,1118.28,1580.99,20.11,14.73,1,296.29,Balisée #2
981,789,1581.05,1617.37,25.75,18.37,1,473.01,Balisée #4
764,790,2715.23,1249.96,22.92,25.55,1,585.48,Balisée #3
770,790,3143.83,624.72,16.27,14.19,0,230.96,
900,790,1666.59,1654.14,17.21,19.27,0,331.67,
902,790,1090.96,333.83,15.9,18.27,0,290.4,
878,790,730.75,299.81,15.37,20.81,0,319.88,
945,790,1201.91,1005.47,26.18,22.59,1,591.34,Balisée #5
958,790,1262.82,1293.01,15.08,19.52,1,294.53,Balisée #1
771,790,1118.21,1580.47,20.29,14.86,1,301.51,Balisée #2
981,790,1580.35,1617.06,26.35,18.85,1,496.7,Balisée #4
764,791,2714.81,1251.59,22.51,25.26,1,568.66,Balisée #3
770,791,3142.78,623.61,15.98,14.01,0,223.82,
900,791,1666.52,1654.56,17.41,19.92,0,346.84,
902,791,1093.44,337.22,16.54,19.26,0,318.58,
878,791,733.28,297.44,15.43,20.96,0,323.4,
945,791,1202.32,1005.5,26.66,22.97,1,612.52,Balisée #5
958,791,1264.15,1294.71,14.84,19.08,1,283.16,Balisée #1
771,791,1117.92,1580.26,20.15,14.69,1,295.99,Balisée #2
981,791,1579.64,1617.02,25.96,18.62,1,483.31,Balisée #4
764,792,2714.76,1253.9,22.07,24.85,1,548.53,Balisée #3
770,792,3141.87,622.94,15.9,14.03,0,223.09,
900,792,1666.13,1657.26,17.13,19.96,0,341.94,
902,792,1095.88,338.97,15.98,18.72,0,299.12,
878,792,735.44,295.65,15.28,20.9,0,319.45,
945,792,1202.49,1005.73,26.06,22.29,1,580.99,Balisée #5
958,792,1264.67,1296.87,15.95,20.82,1,331.95,Balisée #1
771,792,1117.1,1579.64,20.55,14.98,1,307.92,Balisée #2
981,792,1578.68,1616.79,26.12,18.8,1,490.98,Balisée #4
984,792,1666.01,1655.01,13.98,20.85,0,291.5,
764,793,2715.5,1256.23,21.67,24.46,1,529.98,Balisée #3
770,793,3141.99,621.98,16.15,14.35,0,231.75,
900,793,1666.53,1658.51,16.45,19.47,0,320.3,
902,793,1098.47,339.98,15.18,17.66,0,267.96,
878,793,738.11,294.26,15.37,21.03,0,323.13,
945,793,1202.7,1005.42,26.93,22.91,1,616.93,Balisée #5
958,793,1265.62,1298.31,15.06,19.64,1,295.71,Balisée #1
771,793,1116.98,1579.23,20.22,14.72,1,297.55,Balisée #2
981,793,1577.91,1616.68,26.43,19.11,1,505.01,Balisée #4
764,794,2716.16,1258.57,21.5,24.36,1,523.82,Balisée #3
770,794,3141.41,620.56,15.91,14.16,0,225.26,
900,794,1666.93,1660.27,15.4,18.46,0,284.35,
902,794,1100.44,340.95,14.42,16.47,0,237.59,
878,794,739.42,292.19,15.22,20.92,0,318.33,
945,794,1202.94,1005.09,27.43,23.23,1,637.11,Balisée #5
958,794,1266.49,1300.23,14.94,19.5,1,291.25,Balisée #1
771,794,1116.66,1579.13,20.16,14.69,1,296.18,Balisée #2
981,794,1576.49,1616.68,25.64,18.54,1,475.47,Balisée #4
764,795,2716.33,1260.32,22.19,25.34,1,562.35,Balisée #3
770,795,3140.53,618.68,15.4,13.68,0,210.71,
900,795,1667.64,1662.45,15.34,18.62,0,285.69,
902,795,1101.98,342.82,14.99,16.64,0,249.37,
878,795,741.2,289.17,15.72,21.72,0,341.38,
945,795,1202.91,1004.28,26.26,21.98,1,577.25,Balisée #5
958,795,1267.18,1301.4,14.99,19.48,1,291.98,Balisée #1
771,795,1116.06,1579.16,20.32,14.77,1,300.15,Balisée #2
981,795,1575.41,1616.06,24.68,17.87,1,441.17,Balisée #4
764,796,2716.26,1262.17,22.09,25.42,1,561.4,Balisée #3
770,796,3139.79,617.19,15.54,13.82,0,214.78,
900,796,1669.09,1664.42,15.16,18.56,0,281.53,
902,796,1106.24,344.4,14.87,16.16,0,240.32,
878,796,742.92,285.68,15.52,21.47,0,333.24,
945,796,1203.13,1003.2,26.88,22.31,1,599.81,Balisée #5
958,796,1267.64,1302.68,14.89,19.22,1,286.17,Balisée #1
771,796,1115.32,1579.16,20.35,14.76,1,300.42,Balisée #2
981,796,1574.67,1615.67,25.69,18.71,1,480.77,Balisée #4
764,797,2716.27,1263.45,21.67,25.06,1,542.97,Balisée #3
770,797,3139.63,615.52,15.41,13.67,0,210.65,
900,797,1669.63,1666.0,15.01,18.51,0,277.83,
902,797,1108.37,345.62,14.91,16.12,0,240.35,
878,797,744.35,283.01,15.3,21.18,0,323.98,
945,797,1202.94,1003.06,28.23,23.45,1,662.18,Balisée #5
958,797,1268.72,1304.26,14.52,18.73,1,271.98,Balisée #1
771,797,1114.36,1579.05,20.02,14.52,1,290.71,Balisée #2
981,797,1574.03,1615.75,24.99,18.27,1,456.59,Balisée #4
764,798,2716.77,1265.3,21.54,24.93,1,537.0,Balisée #3
770,798,3139.36,614.06,15.84,14.13,0,223.81,
900,798,1669.98,1667.68,15.15,18.82,0,285.06,
902,798,1110.31,346.91,14.63,15.74,0,230.29,
878,798,746.12,280.5,15.47,21.59,0,334.1,
945,798,1202.57,1002.91,26.98,22.08,1,595.71,Balisée #5
958,798,1269.85,1306.15,15.58,20.22,1,314.95,Balisée #1
771,798,1113.84,1578.96,19.86,14.4,1,285.93,Balisée #2
981,798,1573.38,1615.85,24.47,17.92,1,438.57,Balisée #4
764,799,2717.62,1267.4,21.31,24.78,1,528.04,Balisée #3
770,799,3139.28,612.73,15.51,13.83,0,214.41,
900,799,1670.79,1669.59,14.89,18.51,0,275.56,
902,799,1113.27,348.21,15.38,16.61,0,255.51,
878,799,748.58,278.31,15.45,21.68,0,334.89,
945,799,1203.13,1002.44,27.19,21.99,1,597.92,Balisée #5
958,799,1270.67,1307.2,16.17,21.26,1,343.7,Balisée #1
771,799,1113.79,1578.81,19.62,14.2,1,278.59,Balisée #2
981,799,1572.81,1616.29,25.91,19.06,1,493.94,Balisée #4
764,800,2718.33,1269.83,21.58,25.26,1,545.19,Balisée #3
770,800,3139.49,611.77,15.47,13.77,0,213.04,
900,800,1671.8,1671.0,15.2,18.97,0,288.41,
902,800,1116.31,349.52,15.15,16.34,0,247.55,
878,800,751.06,276.8,15.46,21.9,0,338.56,
945,800,1202.91,1002.1,27.58,22.2,1,612.22,Balisée #5
958,800,1271.95,1308.19,17.23,22.93,1,395.05,Balisée #1
771,800,1113.45,1578.93,19.84,14.35,1,284.73,Balisée #2
981,800,1571.84,1616.81,24.98,18.44,1,460.72,Balisée #4
764,801,2719.0,1272.08,21.56,25.45,1,548.74,Balisée #3
770,801,3139.49,610.41,15.45,13.75,0,212.4,
900,801,1673.1,1672.1,14.98,18.78,0,281.27,
902,801,1118.96,351.15,15.49,16.7,0,258.66,
878,801,752.98,274.58,15.23,21.5,0,327.46,
945,801,1203.35,1001.64,28.02,22.37,1,626.6,Balisée #5
958,801,1273.78,1310.24,16.09,20.72,1,333.29,Balisée #1
771,801,1112.95,1578.7,20.2,14.57,1,294.23,Balisée #2
981,801,1571.27,1616.55,25.07,18.63,1,466.94,Balisée #4
764,802,2719.45,1273.85,21.92,26.07,1,571.47,Balisée #3
770,802,3139.33,608.66,15.54,13.86,0,215.36,
900,802,1674.2,1673.68,14.48,18.27,0,264.54,
902,802,1121.8,352.35,15.47,16.63,0,257.17,
878,802,754.11,271.75,15.31,21.74,0,332.93,
945,802,1203.07,1000.74,28.31,22.5,1,636.91,Balisée #5
958,802,1274.63,1311.76,15.63,19.59,1,306.12,Balisée #1
771,802,1112.46,1578.69,19.98,14.37,1,287.03,Balisée #2
981,802,1570.57,1616.45,25.48,19.16,1,488.32,Balisée #4
764,803,2719.77,1275.17,21.69,25.92,1,562.01,Balisée #3
770,803,3139.04,606.49,15.63,14.02,0,219.14,
900,803,1675.26,1675.38,14.01,17.53,0,245.59,
902,803,1124.3,353.83,15.64,16.72,0,261.39,
878,803,755.03,268.25,15.39,21.95,0,337.81,
945,803,1202.52,999.5,28.29,22.29,1,630.45,Balisée #5
958,803,1275.09,1313.33,15.94,19.66,1,313.23,Balisée #1
771,803,1112.15,1578.79,20.44,14.72,1,300.83,Balisée #2
981,803,1569.56,1616.17,25.16,19.0,1,477.97,Balisée #4
764,804,2720.45,1276.42,21.54,25.82,1,556.11,Balisée #3
770,804,3138.92,604.48,16.59,15.06,0,249.77,
900,804,1676.11,1676.63,14.0,17.19,0,240.69,
902,804,1125.88,354.31,15.83,16.6,0,262.91,
878,804,756.1,265.09,15.63,22.36,0,349.4,
945,804,1202.08,998.16,28.68,22.44,1,643.66,Balisée #5
958,804,1275.4,1314.72,16.16,19.71,1,318.39,Balisée #1
771,804,1111.51,1578.78,20.82,15.01,1,312.5,Balisée #2
981,804,1568.83,1616.2,26.05,19.89,1,518.06,Balisée #4
764,805,2721.22,1278.12,21.28,25.71,1,547.08,Balisée #3
770,805,3138.37,603.02,18.21,16.91,0,307.94,
900,805,1676.1,1677.96,15.48,18.87,0,292.22,
902,805,1129.75,354.73,16.1,16.55,0,266.33,
878,805,757.69,261.42,15.24,21.79,0,332.15,
945,805,1201.3,996.96,28.98,22.58,1,654.41,Balisée #5
958,805,1275.83,1316.35,15.89,19.23,1,305.49,Balisée #1
771,805,1110.44,1578.54,20.38,14.68,1,299.14,Balisée #2
981,805,1568.05,1616.54,26.3,20.33,1,534.75,Balisée #4
764,806,2721.75,1280.09,21.13,25.74,1,543.87,Balisée #3
770,806,3137.98,602.07,19.28,18.43,0,355.26,
900,806,1675.41,1681.04,16.38,19.73,0,323.16,
902,806,1131.32,355.26,16.31,16.53,0,269.62,
878,806,758.99,258.71,15.21,21.79,0,331.32,
945,806,1200.94,995.98,29.05,22.52,1,654.03,Balisée #5
958,806,1276.11,1317.75,16.02,19.32,1,309.44,Balisée #1
771,806,1109.13,1578.04,20.25,14.56,1,294.78,Balisée #2
981,806,1567.01,1616.87,25.96,20.22,1,525.07,Balisée #4
764,807,2722.13,1281.86,21.25,26.12,1,554.98,Balisée #3
770,807,3137.58,598.27,18.6,18.14,0,337.4,
900,807,1676.04,1682.5,16.35,19.47,0,318.32,
902,807,1133.04,355.81,16.16,16.31,0,263.58,
878,807,759.68,256.19,15.21,21.73,0,330.47,
945,807,1200.54,995.42,28.65,22.16,1,634.7,Balisée #5
958,807,1276.3,1318.83,16.92,20.56,1,347.97,Balisée #1
771,807,1108.36,1577.6,19.96,14.3,1,285.39,Balisée #2
981,807,1565.89,1616.66,25.81,20.34,1,524.95,Balisée #4
764,808,2722.52,1283.6,20.89,25.74,1,537.66,Balisée #3
770,808,3137.31,596.08,16.92,16.62,0,281.3,
902,808,1135.84,356.89,16.93,17.23,0,291.8,
878,808,761.6,253.55,15.06,21.57,0,324.71,
945,808,1200.12,994.73,28.78,22.1,1,635.96,Balisée #5
958,808,1276.3,1321.23,16.89,20.59,1,347.78,Balisée #1
771,808,1107.61,1577.08,19.68,14.05,1,276.39,Balisée #2
981,808,1564.82,1617.01,26.24,20.98,1,550.64,Balisée #4
992,808,3558.64,1747.76,22.16,16.48,0,365.13,
764,809,2723.21,1284.96,21.11,26.09,1,550.72,Balisée #3
770,809,3137.08,594.92,15.51,15.3,0,237.36,
902,809,1138.61,357.89,18.14,18.82,0,341.46,
878,809,763.5,251.66,14.95,21.34,0,318.99,
945,809,1199.44,993.85,29.59,22.7,1,671.83,Balisée #5
958,809,1276.6,1322.54,16.28,19.78,1,322.03,Balisée #1
771,809,1107.29,1577.05,20.1,14.36,1,288.61,Balisée #2
981,809,1564.29,1617.39,26.01,21.06,1,547.95,Balisée #4
992,809,3559.52,1747.59,22.55,16.78,0,378.4,
764,810,2723.47,1286.77,20.89,25.96,1,542.41,Balisée #3
770,810,3136.87,593.65,14.81,14.61,0,216.26,
902,810,1141.41,361.07,18.41,19.33,0,355.98,
878,810,764.49,249.27,15.19,21.44,0,325.58,
945,810,1198.94,993.01,29.54,22.71,1,670.98,Balisée #5
958,810,1277.0,1323.47,15.6,18.76,1,292.7,Balisée #1
771,810,1106.34,1577.31,20.21,14.4,1,291.1,Balisée #2
981,810,1562.81,1617.78,25.84,21.13,1,545.89,Balisée #4
992,810,3558.82,1747.1,21.69,16.14,0,350.12,
764,811,2724.28,1288.96,21.07,26.36,1,555.25,Balisée #3
770,811,3136.75,591.74,14.45,14.21,0,205.39,
902,811,1144.19,362.77,17.55,18.58,0,326.1,
878,811,764.84,246.05,15.53,21.81,0,338.68,
945,811,1198.94,992.46,29.95,23.05,1,690.38,Balisée #5
958,811,1277.9,1324.59,15.53,18.49,1,287.27,Balisée #1
771,811,1105.81,1577.7,20.42,14.53,1,296.68,Balisée #2
981,811,1562.07,1618.16,25.84,21.41,1,553.14,Balisée #4
992,811,3558.88,1746.7,21.93,16.34,0,358.25,
764,812,2725.31,1291.45,20.73,26.11,1,541.28,Balisée #3
770,812,3136.49,590.19,14.64,14.39,0,210.74,
902,812,1146.55,363.3,17.36,18.42,0,319.78,
878,812,765.62,242.45,16.15,22.35,0,360.93,
945,812,1198.8,991.82,29.22,22.47,1,656.46,Balisée #5
958,812,1279.03,1326.71,15.5,18.3,1,283.65,Balisée #1
771,812,1105.55,1578.2,21.19,15.11,1,320.21,Balisée #2
981,812,1561.76,1619.35,25.92,21.81,1,565.23,Balisée #4
992,812,3559.38,1746.51,21.86,16.29,0,356.09,
764,813,2726.96,1293.67,20.79,26.35,1,547.82,Balisée #3
770,813,3136.7,588.46,14.48,14.24,0,206.25,
902,813,1148.96,364.0,16.51,17.29,0,285.39,
878,813,769.74,240.58,16.14,22.11,0,356.89,
945,813,1198.9,990.95,29.1,22.45,1,653.42,Balisée #5
958,813,1280.17,1328.69,15.8,18.57,1,293.47,Balisée #1
771,813,1105.27,1578.2,21.4,15.28,1,326.99,Balisée #2
981,813,1561.83,1620.04,25.58,21.83,1,558.24,Balisée #4
992,813,3559.75,1746.12,21.38,15.97,0,341.33,
764,814,2728.85,1295.91,20.46,26.07,1,533.28,Balisée #3
770,814,3136.92,586.54,14.77,14.56,0,215.07,
902,814,1153.19,364.47,16.43,16.78,0,275.65,
878,814,772.04,238.62,16.11,22.09,0,355.99,
945,814,1198.69,989.87,31.44,24.43,1,768.09,Balisée #5
958,814,1281.47,1330.33,15.78,18.43,1,290.88,Balisée #1
771,814,1105.11,1577.8,20.69,14.66,1,303.24,Balisée #2
981,814,1561.65,1620.8,25.49,22.1,1,563.14,Balisée #4
992,814,3560.56,1745.16,21.48,16.05,0,344.85,
994,814,1686.9,1696.61,13.67,16.95,0,231.66,
764,815,2730.29,1297.6,20.72,26.69,1,552.99,Balisée #3
770,815,3136.8,584.88,14.32,14.06,0,201.22,
902,815,1156.09,365.57,16.17,16.47,0,266.36,
878,815,774.64,236.83,15.67,21.47,0,336.4,
945,815,1198.3,989.25,30.96,24.19,1,748.85,Balisée #5
958,815,1282.48,1331.41,16.11,18.74,1,302.05,Balisée #1
771,815,1104.93,1577.06,20.67,14.55,1,300.72,Balisée #2
981,815,1561.1,1621.22,25.74,22.78,1,586.47,Balisée #4
992,815,3560.5,1744.39,21.48,16.03,0,344.47,
994,815,1688.02,1697.21,15.45,19.2,0,296.51,
764,816,2730.98,1298.83,20.89,27.24,1,569.06,Balisée #3
770,816,3136.56,583.33,14.38,14.12,0,203.1,
902,816,1158.55,366.93,15.87,16.2,0,257.05,
878,816,776.78,235.12,15.45,21.15,0,326.63,
945,816,1198.6,988.26,29.77,23.36,1,695.32,Balisée #5
958,816,1283.23,1332.28,16.26,18.76,1,305.05,Balisée #1
771,816,1104.91,1577.01,21.06,14.78,1,311.35,Balisée #2
981,816,1560.26,1621.62,25.79,23.25,1,599.47,Balisée #4
992,816,3560.53,1743.32,21.55,16.11,0,347.13,
994,816,1689.41,1698.69,15.9,19.81,0,315.03,
764,817,2731.94,1300.6,20.45,26.88,1,549.71,Balisée #3
770,817,3136.79,581.73,14.3,14.0,0,200.22,
902,817,1161.74,367.91,15.91,16.21,0,257.92,
878,817,778.81,233.5,15.02,20.57,0,309.12,
945,817,1198.68,987.23,30.62,24.19,1,740.65,Balisée #5
958,817,1283.61,1333.4,16.37,18.77,1,307.21,Balisée #1
771,817,1105.03,1577.04,20.58,14.36,1,295.43,Balisée #2
981,817,1559.71,1622.3,25.17,23.16,1,582.76,Balisée #4
992,817,3560.56,1742.47,21.38,16.07,0,343.58,
994,817,1690.47,1700.45,15.35,19.11,0,293.32,
764,818,2732.71,1302.74,20.18,26.53,1,535.49,Balisée #3
770,818,3136.52,579.5,14.57,14.18,0,206.58,
902,818,1164.96,369.35,15.91,16.22,0,258.04,
878,818,780.29,231.08,14.83,20.16,0,299.12,
945,818,1198.66,986.71,30.68,24.48,1,750.89,Balisée #5
958,818,1284.22,1334.3,16.61,18.92,1,314.14,Balisée #1
771,818,1105.08,1577.53,21.53,15.05,1,324.16,Balisée #2
981,818,1559.83,1622.57,24.52,23.01,1,564.22,Balisée #4
992,818,3560.39,1742.04,20.94,15.78,0,330.45,
994,818,1692.35,1701.97,16.13,20.19,0,325.65,
764,819,2733.84,1304.9,19.96,26.21,1,523.21,Balisée #3
770,819,3136.32,577.45,14.86,14.42,0,214.28,
902,819,1168.3,370.79,16.17,16.52,0,267.14,
878,819,781.96,228.0,14.9,20.15,0,300.3,
945,819,1198.79,985.83,30.86,24.87,1,767.45,Balisée #5
958,819,1285.72,1334.86,16.35,18.52,1,302.84,Balisée #1
771,819,1104.94,1578.02,21.27,14.8,1,314.78,Balisée #2
981,819,1559.11,1623.46,24.63,23.45,1,577.48,Balisée #4
992,819,3560.19,1741.08,21.41,16.21,0,347.16,
994,819,1693.89,1704.64,16.74,21.12,0,353.46,
764,820,2734.77,1307.62,20.35,26.57,1,540.61,Balisée #3
770,820,3136.13,575.69,14.76,14.2,0,209.55,
902,820,1171.29,371.89,16.17,16.6,0,268.44,
878,820,784.58,224.96,14.98,20.12,0,301.43,
945,820,1198.53,985.07,31.0,25.21,1,781.48,Balisée #5
958,820,1286.98,1336.65,16.82,19.05,1,320.38,Balisée #1
771,820,1103.77,1578.15,21.85,15.17,1,331.51,Balisée #2
981,820,1559.27,1624.35,24.3,23.6,1,573.63,Balisée #4
992,820,3559.4,1740.48,21.44,16.34,0,350.2,
994,820,1695.37,1706.66,15.97,20.27,0,323.61,
764,821,2737.07,1310.06,20.4,26.65,1,543.49,Balisée #3
770,821,3135.78,574.07,14.14,13.29,0,187.89,
902,821,1173.49,372.36,16.42,16.67,0,273.75,
878,821,787.32,223.13,14.94,19.82,0,296.15,
958,821,1288.5,1338.34,16.71,18.97,1,317.01,Balisée #1
771,821,1104.46,1577.7,22.05,15.32,1,337.79,Balisée #2
981,821,1559.45,1625.15,24.31,23.94,1,581.97,Balisée #4
992,821,3559.27,1739.11,20.33,15.56,0,316.33,
994,821,1696.96,1708.09,15.44,19.68,0,303.91,
764,822,2738.48,1312.06,20.51,27.03,1,554.39,Balisée #3
770,822,3134.56,571.84,15.4,14.57,0,224.4,
902,822,1178.05,373.23,16.11,16.1,0,259.29,
878,822,789.58,221.68,15.29,19.72,0,301.55,
958,822,1289.42,1339.9,16.68,18.89,1,314.97,Balisée #1
771,822,1103.35,1577.4,22.23,15.47,1,343.99,Balisée #2
981,822,1559.21,1625.9,23.9,23.83,1,569.65,Balisée #4
992,822,3559.08,1737.72,20.07,15.52,0,311.45,
994,822,1698.77,1709.87,15.1,19.31,0,291.55,
945,822,1198.68,982.67,30.62,25.26,1,773.47,Balisée #5
764,823,2739.28,1313.4,20.36,26.89,1,547.59,Balisée #3
770,823,3134.17,570.6,15.1,14.21,0,214.63,
902,823,1180.88,375.08,16.36,16.44,0,268.99,
878,823,793.32,220.23,15.15,18.87,0,285.84,
958,823,1290.03,1340.73,16.72,18.93,1,316.59,Balisée #1
771,823,1102.96,1576.98,22.63,15.82,1,357.89,Balisée #2
981,823,1558.54,1626.37,22.96,23.22,1,533.26,Balisée #4
992,823,3558.22,1736.9,19.7,15.3,0,301.43,
994,823,1699.99,1711.68,15.38,19.63,0,301.88,
945,823,1199.2,981.84,30.5,25.47,1,776.76,Balisée #5
764,824,2740.08,1314.68,20.09,26.49,1,532.21,Balisée #3
770,824,3133.61,569.16,14.92,13.97,0,208.49,
902,824,1183.64,376.87,15.71,15.84,0,248.89,
878,824,796.0,218.95,14.94,18.34,0,274.06,
958,824,1290.82,1341.22,16.7,18.86,1,315.04,Balisée #1
771,824,1102.76,1576.92,22.37,15.67,1,350.42,Balisée #2
981,824,1558.59,1626.8,22.96,23.48,1,538.97,Balisée #4
992,824,3557.34,1735.77,19.8,15.53,0,307.58,
994,824,1700.96,1713.81,15.88,20.1,0,319.18,
945,824,1198.89,980.13,30.09,25.53,1,768.11,Balisée #5
764,825,2740.6,1316.04,20.11,26.56,1,534.11,Balisée #3
770,825,3132.52,567.55,14.86,13.79,0,204.95,
902,825,1186.62,378.9,15.74,15.93,0,250.62,
878,825,798.41,217.99,15.34,18.68,0,286.65,
958,825,1291.44,1341.85,16.9,19.07,1,322.27,Balisée #1
771,825,1102.71,1577.12,22.77,16.04,1,365.38,Balisée #2
981,825,1558.14,1627.79,23.34,24.28,1,566.61,Balisée #4
992,825,3556.52,1734.47,20.51,16.3,0,334.46,
994,825,1703.28,1716.58,16.53,21.22,0,350.87,
945,825,1198.9,979.04,30.59,26.44,1,809.02,Balisée #5
764,826,2741.58,1318.32,20.18,26.76,1,539.87,Balisée #3
770,826,3131.38,566.09,14.94,13.8,0,206.21,
902,826,1189.39,379.99,15.74,15.9,0,250.33,
878,826,800.99,215.0,16.54,20.13,0,332.84,
958,826,1292.06,1342.47,17.48,19.93,1,348.5,Balisée #1
771,826,1102.68,1577.38,22.8,16.15,1,368.17,Balisée #2
981,826,1557.63,1628.82,22.75,24.07,1,547.59,Balisée #4
992,826,3556.01,1733.61,20.31,16.31,0,331.4,
994,826,1705.06,1717.71,16.43,21.39,0,351.55,
945,826,1198.75,978.05,30.39,26.8,1,814.52,Balisée #5
764,827,2742.7,1321.44,20.19,26.91,1,543.37,Balisée #3
770,827,3130.17,564.57,14.63,13.49,0,197.45,
902,827,1191.85,380.62,16.0,16.32,0,261.07,
878,827,802.98,213.32,16.08,19.47,0,313.13,
958,827,1292.63,1344.85,17.97,20.62,1,370.51,Balisée #1
771,827,1102.48,1577.7,22.52,16.05,1,361.43,Balisée #2
981,827,1557.26,1629.98,22.35,24.0,1,536.44,Balisée #4
992,827,3555.29,1732.81,19.77,16.0,0,316.27,
994,827,1706.26,1718.52,15.64,20.59,0,322.05,
945,827,1198.75,976.94,29.51,26.42,1,779.59,Balisée #5
764,828,2743.78,1323.73,19.91,26.46,1,526.88,Balisée #3
770,828,3128.91,562.96,14.71,13.52,0,199.01,
902,828,1194.82,381.3,16.8,17.44,0,292.95,
878,828,805.49,212.07,15.63,18.76,0,293.28,
958,828,1293.19,1346.32,17.32,19.71,1,341.24,Balisée #1
771,828,1102.35,1577.79,22.66,16.28,1,368.95,Balisée #2
981,828,1557.18,1630.61,22.41,24.52,1,549.56,Balisée #4
992,828,3554.66,1731.73,20.28,16.54,0,335.46,
994,828,1707.62,1719.63,14.94,19.72,0,294.62,
945,828,1198.69,975.73,28.94,26.32,1,761.56,Balisée #5
764,829,2744.69,1325.26,19.79,26.12,1,516.82,Balisée #3
770,829,3127.61,561.51,14.54,13.31,0,193.52,
902,829,1197.17,382.1,18.18,19.0,0,345.44,
878,829,808.34,210.83,15.51,18.46,0,286.31,
958,829,1293.45,1347.49,16.54,18.53,1,306.53,Balisée #1
771,829,1102.21,1577.7,22.38,16.2,1,362.55,Balisée #2
981,829,1557.13,1631.39,22.17,24.68,1,547.08,Balisée #4
992,829,3553.82,1730.91,21.42,17.57,0,376.27,
994,829,1709.36,1721.32,14.42,19.14,0,275.97,
945,829,1198.78,973.66,28.29,26.11,1,738.53,Balisée #5
764,830,2745.58,1326.71,19.77,26.13,1,516.55,Balisée #3
770,830,3126.58,560.71,14.33,13.12,0,188.08,
902,830,1201.38,385.34,18.34,19.0,0,348.56,
878,830,811.49,209.83,15.9,18.96,0,301.44,
958,830,1293.81,1348.7,16.98,18.77,1,318.73,Balisée #1
771,830,1102.21,1577.45,22.32,16.28,1,363.44,Balisée #2
981,830,1556.98,1632.2,22.14,25.11,1,555.71,Balisée #4
992,830,3553.31,1729.91,23.34,19.38,0,452.25,
994,830,1711.27,1722.99,13.97,18.47,0,258.06,
945,830,1198.85,972.59,28.58,27.02,1,772.45,Balisée #5
1000,830,1197.74,386.5,17.18,19.0,0,326.47,
764,831,2746.41,1328.46,19.96,26.42,1,527.33,Balisée #3
770,831,3125.41,559.52,14.26,12.98,0,185.14,
902,831,1203.88,387.18,17.25,17.85,0,307.91,
878,831,813.69,209.03,16.31,19.12,0,311.84,
958,831,1294.03,1349.62,16.94,18.4,1,311.7,Balisée #1
771,831,1102.35,1577.21,21.94,16.05,1,352.14,Balisée #2
981,831,1556.51,1633.01,21.83,25.16,1,549.32,Balisée #4
992,831,3551.13,1726.74,22.82,19.14,0,436.7,
994,831,1713.2,1724.8,14.15,18.69,0,264.41,
945,831,1198.41,971.09,28.43,27.4,1,778.9,Balisée #5
764,832,2747.19,1329.84,19.93,26.55,1,529.08,Balisée #3
770,832,3124.47,557.42,15.0,13.64,0,204.67,
902,832,1206.24,388.4,15.86,16.4,0,260.16,
878,832,817.99,207.67,16.86,19.64,0,331.22,
958,832,1294.08,1350.24,16.93,18.07,1,305.84,Balisée #1
771,832,1102.39,1577.23,21.92,16.11,1,353.0,Balisée #2
981,832,1556.38,1633.86,21.05,24.63,1,518.57,Balisée #4
992,832,3549.94,1725.11,21.61,18.27,0,394.87,
994,832,1714.81,1726.4,15.1,20.08,0,303.26,
945,832,1198.53,969.43,27.51,26.92,1,740.47,Balisée #5
1002,832,1297.55,1349.68,20.96,18.06,0,378.62,
764,833,2748.21,1331.75,19.75,26.27,1,518.82,Balisée #3
770,833,3123.74,556.14,16.23,14.81,0,240.36,
902,833,1208.57,389.46,15.1,15.48,0,233.65,
878,833,820.31,206.45,16.9,19.83,0,335.1,
958,833,1294.27,1350.65,17.04,17.82,1,303.6,Balisée #1
771,833,1102.41,1577.52,22.16,16.38,1,363.1,Balisée #2
992,833,3548.97,1723.84,19.77,16.59,0,328.01,
994,833,1716.54,1727.11,15.52,20.87,0,323.9,
945,833,1198.96,967.18,26.71,26.43,1,706.15,Balisée #5
1002,833,1297.83,1350.03,20.7,17.85,0,369.46,
764,834,2749.38,1333.63,19.88,26.42,1,525.26,Balisée #3
770,834,3122.72,555.55,17.15,15.51,0,265.99,
902,834,1211.2,390.97,14.73,14.9,0,219.6,
878,834,822.57,205.28,17.09,20.4,0,348.61,
771,834,1102.26,1577.99,21.88,16.27,1,355.92,Balisée #2
992,834,3548.44,1723.16,19.41,16.23,0,314.92,
994,834,1717.9,1727.25,15.55,21.03,0,327.07,
945,834,1199.18,966.15,26.57,26.71,1,709.87,Balisée #5
1002,834,1298.43,1351.28,20.47,17.69,0,362.22,
981,834,1556.16,1635.57,20.83,24.78,1,516.07,Balisée #4
764,835,2750.28,1335.76,20.01,26.67,1,533.68,Balisée #3
770,835,3118.97,554.73,18.77,17.06,0,320.21,
902,835,1213.71,392.09,14.98,15.1,0,226.18,
878,835,824.82,203.51,17.33,20.95,0,363.06,
771,835,1102.25,1578.07,21.51,16.05,1,345.19,Balisée #2
992,835,3547.52,1722.47,19.56,16.31,0,319.04,
994,835,1719.5,1729.5,15.09,20.46,0,308.75,
945,835,1199.15,965.24,26.27,26.85,1,705.31,Balisée #5
1002,835,1298.85,1352.71,20.16,17.49,0,352.64,
981,835,1556.21,1637.06,20.57,24.79,1,509.98,Balisée #4
764,836,2751.13,1337.9,19.65,26.33,1,517.37,Balisée #3
770,836,3117.18,550.62,19.32,17.76,0,343.07,
902,836,1216.38,393.44,15.39,15.47,0,238.11,
878,836,827.2,202.15,17.8,21.92,0,390.2,
771,836,1102.14,1577.93,21.17,15.84,1,335.37,Balisée #2
992,836,3547.01,1721.41,19.3,16.01,0,309.11,
994,836,1721.68,1731.27,14.33,19.2,0,275.14,
945,836,1199.2,963.92,26.37,27.39,1,722.34,Balisée #5
1002,836,1299.13,1354.28,19.9,17.35,0,345.26,
981,836,1556.24,1637.96,20.43,25.03,1,511.28,Balisée #4
764,837,2752.11,1339.46,19.47,26.08,1,507.7,Balisée #3
770,837,3116.14,548.49,18.37,17.01,0,312.33,
902,837,1219.55,395.1,15.17,15.14,0,229.56,
878,837,829.84,201.03,17.16,21.4,0,367.24,
771,837,1102.06,1577.92,21.24,15.98,1,339.57,Balisée #2
992,837,3546.02,1720.09,19.85,16.41,0,325.58,
994,837,1723.58,1733.55,14.15,18.73,0,264.95,
945,837,1199.37,962.06,26.17,27.54,1,720.82,Balisée #5
1002,837,1299.4,1355.0,20.32,17.87,0,363.24,
981,837,1555.95,1639.08,20.78,25.76,1,535.25,Balisée #4
764,838,2752.99,1340.76,19.37,25.9,1,501.82,Balisée #3
770,838,3114.81,547.3,16.99,15.83,0,268.9,
902,838,1221.39,396.18,15.8,15.59,0,246.29,
878,838,831.85,199.58,17.07,21.58,0,368.43,
771,838,1101.88,1578.31,21.16,16.03,1,339.04,Balisée #2
992,838,3544.06,1717.65,20.65,17.05,0,352.17,
994,838,1724.95,1735.68,13.97,17.95,0,250.87,
945,838,1199.4,960.08,24.87,26.31,1,654.27,Balisée #5
1002,838,1299.36,1355.61,20.34,18.04,0,366.84,
764,839,2753.59,1342.06,19.61,26.24,1,514.46,Balisée #3
770,839,3113.23,546.31,15.33,14.22,0,218.1,
902,839,1222.49,397.13,15.91,15.32,0,243.69,
878,839,833.33,197.38,16.95,21.7,0,367.85,
771,839,1101.68,1579.02,21.15,16.16,1,341.85,Balisée #2
992,839,3542.54,1716.03,20.22,16.61,0,335.86,
994,839,1725.55,1737.23,14.18,17.69,0,250.92,
945,839,1199.47,958.35,24.62,26.22,1,645.43,Balisée #5
1002,839,1299.23,1356.18,20.33,18.19,0,369.86,
981,839,1555.41,1640.88,19.92,24.85,1,495.19,Balisée #4
764,840,2754.38,1344.18,19.65,26.32,1,517.12,Balisée #3
770,840,3111.9,545.18,14.86,13.68,0,203.22,
902,840,1225.68,398.19,16.05,15.04,0,241.35,
878,840,834.25,195.96,16.79,21.77,0,365.69,
771,840,1101.25,1579.54,21.03,16.27,1,342.06,Balisée #2
992,840,3540.88,1714.84,20.18,16.52,0,333.45,
994,840,1726.24,1738.72,14.89,17.99,0,267.91,
945,840,1199.03,956.45,24.06,25.82,1,621.15,Balisée #5
1005,840,1223.04,397.85,20.71,15.08,0,312.21,
981,840,1555.23,1642.65,19.89,25.1,1,499.24,Balisée #4
958,840,1298.95,1357.85,17.4,18.09,1,314.78,Balisée #1
764,841,2755.57,1346.22,19.98,26.94,1,538.11,Balisée #3
770,841,3110.61,542.88,14.49,13.22,0,191.56,
902,841,1227.49,399.11,16.29,15.14,0,246.61,
878,841,835.28,194.04,16.08,21.13,0,339.7,
771,841,1100.43,1579.81,20.92,16.28,1,340.6,Balisée #2
992,841,3539.81,1714.07,20.14,16.35,0,329.3,
994,841,1729.67,1739.86,15.31,18.08,0,276.86,
945,841,1198.57,953.82,23.59,25.51,1,601.65,Balisée #5
981,841,1554.87,1644.07,19.81,25.16,1,498.43,Balisée #4
958,841,1299.28,1358.77,17.48,18.15,1,317.18,Balisée #1
764,842,2756.66,1348.01,20.01,27.17,1,543.53,Balisée #3
770,842,3109.19,541.16,14.81,13.51,0,200.07,
902,842,1229.11,400.29,16.38,15.21,0,249.07,
878,842,836.2,191.83,15.96,21.25,0,339.16,
771,842,1099.2,1580.07,20.8,16.31,1,339.18,Balisée #2
992,842,3539.04,1713.42,20.63,16.7,0,344.5,
994,842,1731.29,1741.14,15.07,17.48,0,263.43,
958,842,1299.39,1360.43,18.02,18.8,1,338.68,Balisée #1
764,843,2757.37,1349.83,19.62,26.68,1,523.34,Balisée #3
770,843,3107.75,540.2,14.47,13.07,0,189.14,
902,843,1230.82,401.54,16.14,14.89,0,240.41,
878,843,837.46,189.42,16.39,22.04,0,361.33,
771,843,1097.66,1580.28,20.91,16.5,1,345.03,Balisée #2
992,843,3538.58,1713.03,20.92,16.88,0,353.06,
994,843,1732.72,1743.06,15.13,17.41,0,263.48,
958,843,1299.06,1361.82,18.28,19.0,1,347.25,Balisée #1
945,843,1197.91,950.93,23.62,25.65,1,605.97,Balisée #5
764,844,2758.1,1351.96,19.37,26.23,1,508.07,Balisée #3
770,844,3106.63,539.06,14.28,12.75,0,182.13,
902,844,1233.25,403.07,16.54,15.26,0,252.49,
878,844,838.77,187.45,16.13,21.89,0,353.12,
771,844,1096.89,1580.48,21.08,16.83,1,354.73,Balisée #2
992,844,3538.43,1713.01,20.71,16.67,0,345.17,
994,844,1734.86,1745.83,15.32,17.58,0,269.35,
958,844,1298.87,1363.39,18.44,19.1,1,352.13,Balisée #1
945,844,1197.95,950.63,24.0,26.17,1,628.19,Balisée #5
764,845,2759.65,1354.29,19.78,26.72,1,528.6,Balisée #3
770,845,3106.13,537.49,14.64,12.94,0,189.49,
902,845,1236.01,404.11,17.03,15.73,0,267.93,
878,845,840.19,186.03,15.93,21.72,0,346.0,
771,845,1096.46,1581.5,23.06,18.84,1,434.55,Balisée #2
992,845,3538.54,1712.29,20.31,16.34,0,331.94,
994,845,1737.14,1748.64,15.75,18.11,0,285.25,
958,845,1298.77,1364.58,18.25,18.79,1,342.92,Balisée #1
945,845,1197.84,949.35,23.5,25.78,1,605.81,Balisée #5
764,846,2761.93,1356.83,19.91,27.0,1,537.64,Balisée #3
770,846,3105.6,536.35,14.62,12.86,0,188.03,
902,846,1238.25,404.73,17.61,16.46,0,289.8,
878,846,841.61,184.12,15.54,21.34,0,331.71,
771,846,1095.98,1584.73,22.98,19.09,1,438.56,Balisée #2
992,846,3538.49,1711.3,20.83,16.79,0,349.79,
994,846,1739.02,1750.31,16.91,19.63,0,331.95,
958,846,1298.71,1365.72,18.71,19.24,1,359.98,Balisée #1
945,846,1197.46,947.02,23.16,25.53,1,591.31,Balisée #5
764,847,2763.99,1359.29,19.82,26.85,1,532.11,Balisée #3
770,847,3105.73,535.0,14.46,12.59,0,182.16,
902,847,1240.05,405.14,18.15,17.14,0,311.1,
878,847,842.99,181.75,15.79,21.95,0,346.67,
771,847,1095.36,1586.51,21.75,18.25,1,397.09,Balisée #2
992,847,3538.45,1710.18,20.7,16.68,0,345.29,
994,847,1740.8,1753.47,16.85,19.64,0,330.82,
958,847,1298.86,1366.67,19.71,20.5,1,404.21,Balisée #1
764,848,2766.39,1361.52,19.37,26.06,1,504.79,Balisée #3
770,848,3105.66,533.21,15.39,13.45,0,207.07,
902,848,1242.37,405.26,18.25,17.39,0,317.32,
878,848,844.25,179.21,15.69,21.75,0,341.24,
771,848,1094.71,1587.46,20.52,17.34,1,355.88,Balisée #2
992,848,3538.83,1709.81,21.24,17.14,0,364.06,
994,848,1742.87,1755.13,16.14,18.67,0,301.33,
958,848,1299.05,1369.44,19.0,19.82,1,376.51,Balisée #1
764,849,2768.93,1363.15,19.2,25.6,1,491.5,Balisée #3
770,849,3104.96,530.78,15.28,13.07,0,199.68,
902,849,1244.56,405.29,18.28,17.54,0,320.56,
878,849,845.02,176.33,15.57,21.65,0,337.14,
771,849,1094.09,1587.65,20.37,17.28,1,351.9,Balisée #2
992,849,3539.92,1709.44,21.11,17.07,0,360.32,
994,849,1745.57,1756.83,15.67,17.93,0,280.99,
958,849,1298.98,1371.01,18.36,19.08,1,350.35,Balisée #1
945,849,1197.15,942.26,23.15,25.59,1,592.26,Balisée #5
764,850,2771.34,1364.37,19.35,25.75,1,498.1,Balisée #3
770,850,3104.89,528.5,15.51,12.99,0,201.39,
902,850,1246.4,405.64,19.2,18.35,0,352.19,
878,850,846.6,173.46,15.51,21.68,0,336.18,
771,850,1093.21,1587.7,20.25,17.24,1,349.22,Balisée #2
992,850,3541.11,1709.22,21.41,17.4,0,372.47,
994,850,1748.36,1758.69,15.88,17.98,0,285.52,
958,850,1299.14,1372.69,18.03,18.74,1,337.94,Balisée #1
945,850,1197.67,940.28,24.02,26.69,1,641.07,Balisée #5
764,851,2773.36,1365.85,19.23,25.56,1,491.57,Balisée #3
770,851,3104.77,527.22,15.89,13.12,0,208.47,
902,851,1250.1,409.06,19.56,18.84,0,368.59,
878,851,847.79,170.56,15.65,22.11,0,346.07,
771,851,1092.65,1587.95,19.69,16.73,1,329.56,Balisée #2
992,851,3542.14,1708.69,21.56,17.55,0,378.4,
994,851,1750.17,1760.76,15.77,17.29,0,272.69,
958,851,1299.29,1373.91,18.01,18.71,1,337.12,Balisée #1
945,851,1197.92,938.32,23.8,26.64,1,634.1,Balisée #5
764,852,2775.38,1367.54,18.89,24.95,1,471.4,Balisée #3
770,852,3104.6,525.84,15.82,12.87,0,203.59,
902,852,1253.17,410.75,18.9,18.28,0,345.51,
878,852,849.4,167.69,15.82,22.5,0,355.98,
771,852,1092.0,1588.34,18.86,15.89,1,299.8,Balisée #2
992,852,3542.73,1708.1,20.94,17.0,0,355.86,
994,852,1754.15,1763.44,16.12,17.5,0,282.0,
958,852,1299.19,1374.83,17.49,18.05,1,315.73,Balisée #1
945,852,1197.93,937.16,24.26,27.35,1,663.7,Balisée #5
764,853,2777.55,1369.86,18.78,24.69,1,463.69,Balisée #3
770,853,3105.21,523.7,17.11,14.18,0,242.61,
902,853,1256.1,411.75,17.82,17.27,0,307.79,
878,853,850.76,166.1,15.47,22.01,0,340.59,
771,853,1091.81,1589.17,17.92,14.89,1,266.86,Balisée #2
992,853,3543.27,1707.43,21.36,17.39,0,371.44,
994,853,1756.44,1765.81,16.22,17.59,0,285.34,
958,853,1299.18,1376.07,17.44,17.89,1,311.94,Balisée #1
764,854,2779.63,1372.53,18.5,24.01,1,444.31,Balisée #3
770,854,3105.02,522.33,16.33,13.55,0,221.34,
902,854,1258.46,412.33,16.96,16.4,0,278.22,
878,854,851.57,163.84,15.38,21.85,0,336.09,
771,854,1091.7,1590.59,17.81,14.65,1,260.78,Balisée #2
992,854,3543.05,1706.86,21.77,17.89,0,389.55,
994,854,1758.34,1767.71,15.94,17.14,0,273.22,
958,854,1299.0,1377.4,17.01,17.25,1,293.34,Balisée #1
945,854,1197.76,933.62,24.6,27.85,1,685.22,Balisée #5
764,855,2781.45,1374.86,18.53,23.76,1,440.31,Balisée #3
770,855,3104.37,520.83,15.65,12.97,0,202.98,
902,855,1260.45,412.53,16.58,16.0,0,265.16,
878,855,852.53,161.21,15.19,21.66,0,329.05,
771,855,1091.07,1591.76,18.34,14.89,1,272.93,Balisée #2
992,855,3542.86,1706.45,22.25,18.51,0,411.81,
994,855,1760.4,1769.18,16.0,17.17,0,274.7,
958,855,1299.18,1379.57,17.47,17.66,1,308.49,Balisée #1
764,856,2784.69,1376.81,18.82,23.84,1,448.67,Balisée #3
770,856,3104.55,519.02,15.75,13.13,0,206.82,
902,856,1262.77,412.54,16.68,16.0,0,267.01,
878,856,853.79,158.22,14.89,21.13,0,314.52,
771,856,1090.29,1592.59,18.48,14.87,1,274.79,Balisée #2
992,856,3542.96,1705.91,23.16,19.54,0,452.52,
994,856,1763.01,1771.13,15.76,16.76,0,264.2,
958,856,1299.66,1381.15,17.42,17.5,1,304.88,Balisée #1
764,857,2787.11,1378.52,18.66,23.5,1,438.48,Balisée #3
770,857,3104.48,517.23,15.5,12.92,0,200.26,
902,857,1265.69,412.98,16.0,15.23,0,243.59,
878,857,855.3,155.74,14.93,21.16,0,315.98,
771,857,1089.55,1592.63,18.73,14.98,1,280.56,Balisée #2
992,857,3543.2,1705.68,23.37,20.02,0,467.78,
994,857,1766.24,1773.04,16.48,17.57,0,289.53,
958,857,1299.62,1382.6,17.33,17.32,1,300.26,Balisée #1
764,858,2789.01,1380.03,18.54,23.11,1,428.43,Balisée #3
770,858,3103.96,515.19,15.56,12.93,0,201.15,
902,858,1268.29,414.67,15.96,15.11,0,241.19,
878,858,856.82,152.74,15.55,22.2,0,345.28,
771,858,1089.03,1592.7,19.2,15.31,1,293.86,Balisée #2
992,858,3544.13,1702.92,22.78,19.75,0,449.97,
994,858,1769.5,1776.81,17.92,19.44,0,348.5,
958,858,1299.33,1383.44,17.32,17.2,1,297.92,Balisée #1
945,858,1198.17,925.91,24.8,28.32,1,702.32,Balisée #5
764,859,2791.12,1381.3,18.71,23.05,1,431.26,Balisée #3
770,859,3103.97,513.54,15.47,12.82,0,198.46,
902,859,1270.2,416.07,16.16,14.93,0,241.33,
878,859,858.85,150.57,15.17,21.72,0,329.56,
771,859,1089.09,1593.02,18.98,15.07,1,286.05,Balisée #2
992,859,3545.02,1701.46,21.56,18.84,0,406.26,
994,859,1772.11,1778.78,17.47,19.03,0,332.39,
958,859,1299.42,1384.1,17.32,17.12,1,296.35,Balisée #1
764,860,2792.77,1383.35,18.67,22.78,1,425.36,Balisée #3
770,860,3103.84,512.41,15.6,12.94,0,201.87,
902,860,1274.19,417.52,16.41,15.01,0,246.32,
878,860,860.56,148.49,15.26,21.51,0,328.11,
771,860,1088.86,1594.17,19.7,15.57,1,306.73,Balisée #2
992,860,3545.13,1701.03,21.3,18.66,0,397.5,
994,860,1773.83,1779.94,16.72,17.88,0,298.87,
958,860,1299.71,1385.4,17.35,17.05,1,295.8,Balisée #1
945,860,1199.32,922.69,24.88,28.54,1,710.05,Balisée #5
764,861,2794.57,1385.93,18.78,22.77,1,427.53,Balisée #3
770,861,3103.51,511.6,15.94,13.25,0,211.1,
902,861,1277.12,418.82,16.38,14.94,0,244.77,
878,861,861.41,147.01,15.49,21.44,0,332.26,
771,861,1088.46,1596.2,19.86,15.61,1,309.98,Balisée #2
992,861,3544.89,1700.45,20.22,17.7,0,357.89,
994,861,1777.62,1781.46,16.64,17.45,0,290.45,
958,861,1300.19,1386.98,17.53,17.14,1,300.45,Balisée #1
764,862,2797.17,1388.74,19.06,22.99,1,438.25,Balisée #3
770,862,3103.06,510.7,15.14,12.57,0,190.19,
902,862,1279.65,420.17,16.34,14.9,0,243.46,
878,862,865.08,145.13,16.42,22.33,0,366.75,
771,862,1087.75,1598.05,20.28,15.96,1,323.63,Balisée #2
992,862,3545.05,1700.0,19.35,16.82,0,325.61,
994,862,1780.2,1783.45,16.49,17.27,0,284.78,
958,862,1300.92,1388.8,18.25,17.79,1,324.58,Balisée #1
764,863,2799.79,1391.08,19.11,22.82,1,436.0,Balisée #3
770,863,3102.74,509.33,15.68,13.06,0,204.74,
902,863,1281.88,420.82,16.35,14.79,0,241.85,
878,863,866.81,142.74,16.28,21.81,0,355.07,
771,863,1086.81,1599.28,20.14,15.88,1,319.88,Balisée #2
992,863,3545.05,1699.79,18.97,16.43,0,311.63,
994,863,1782.59,1785.51,16.15,16.81,0,271.55,
958,863,1300.72,1392.41,20.02,19.76,1,395.66,Balisée #1
764,864,2801.94,1393.07,19.02,22.48,1,427.64,Balisée #3
770,864,3102.36,508.46,16.64,13.99,0,232.83,
902,864,1284.6,421.79,16.43,14.85,0,243.96,
878,864,867.89,140.23,16.31,21.76,0,354.99,
771,864,1086.19,1599.86,20.25,16.0,1,323.94,Balisée #2
992,864,3544.99,1699.87,19.1,16.46,0,314.41,
994,864,1785.34,1788.01,16.3,16.83,0,274.26,
958,864,1300.8,1394.19,19.77,19.63,1,388.24,Balisée #1
764,865,2803.64,1395.2,19.74,23.21,1,458.16,Balisée #3
770,865,3101.86,507.71,17.81,15.22,0,271.08,
902,865,1287.28,423.42,16.66,15.0,0,249.77,
878,865,868.52,137.72,16.68,22.38,0,373.27,
771,865,1085.16,1600.61,20.39,16.16,1,329.52,Balisée #2
992,865,3545.04,1699.46,19.01,16.26,0,309.1,
994,865,1788.07,1790.77,16.66,17.13,0,285.38,
958,865,1300.44,1395.14,19.03,18.94,1,360.42,Balisée #1
764,866,2805.49,1396.85,20.21,23.81,1,481.2,Balisée #3
770,866,3101.42,506.97,19.08,16.68,0,318.14,
902,866,1289.98,424.59,16.69,15.0,0,250.42,
878,866,869.89,134.98,16.25,22.06,0,358.49,
771,866,1084.51,1601.44,21.03,16.81,1,353.39,Balisée #2
992,866,3545.28,1698.9,19.25,16.42,0,316.08,
994,866,1790.67,1793.17,16.4,16.71,0,274.05,
958,866,1300.07,1395.67,18.28,18.17,1,332.23,Balisée #1
764,867,2807.53,1398.59,20.11,23.67,1,476.0,Balisée #3
770,867,3101.22,506.45,19.81,17.76,0,351.74,
902,867,1292.51,425.94,16.49,14.76,0,243.43,
878,867,871.21,132.89,15.86,21.76,0,345.01,
771,867,1084.18,1602.45,21.21,17.13,1,363.32,Balisée #2
992,867,3545.55,1698.55,19.25,16.34,0,314.54,
994,867,1793.28,1794.88,16.23,16.44,0,266.71,
958,867,1299.77,1396.4,17.54,17.35,1,304.46,Balisée #1
1027,867,1109.77,100.41,15.84,15.18,0,240.46,
764,868,2809.92,1400.38,20.48,24.0,1,491.54,Balisée #3
770,868,3100.53,502.52,19.63,17.93,0,351.9,
902,868,1294.47,427.22,16.79,14.71,0,246.96,
878,868,873.01,130.6,15.79,21.73,0,343.13,
771,868,1083.79,1603.47,21.51,17.65,1,379.5,Balisée #2
992,868,3545.52,1697.94,19.5,16.51,0,321.98,
994,868,1795.88,1795.7,16.16,16.3,0,263.35,
958,868,1299.98,1397.45,17.77,17.62,1,313.19,Balisée #1
1027,868,1111.9,100.05,16.54,15.9,0,262.97,
764,869,2812.02,1401.94,20.76,24.22,1,502.78,Balisée #3
770,869,3100.24,500.45,18.34,16.93,0,310.63,
902,869,1297.97,428.01,17.61,15.32,0,269.74,
878,869,874.77,128.67,15.94,22.11,0,352.33,
771,869,1083.42,1604.65,21.78,18.16,1,395.46,Balisée #2
992,869,3545.55,1697.19,19.81,16.72,0,331.34,
994,869,1798.21,1796.73,16.67,16.46,0,274.31,
958,869,1300.47,1398.85,17.29,17.11,1,295.88,Balisée #1
764,870,2813.99,1403.91,20.96,24.4,1,511.43,Balisée #3
770,870,3099.88,499.1,16.67,15.32,0,255.39,
902,870,1300.77,428.32,17.83,15.63,0,278.71,
878,870,876.59,126.07,15.73,22.05,0,346.91,
771,870,1082.98,1605.67,22.38,19.06,1,426.54,Balisée #2
992,870,3545.45,1696.14,20.63,17.38,0,358.61,
994,870,1802.2,1797.74,18.02,17.86,0,321.89,
958,870,1300.83,1400.51,17.69,17.52,1,309.94,Balisée #1
1030,870,1119.45,96.41,21.75,11.01,0,239.52,
764,871,2816.14,1406.09,21.69,25.29,1,548.48,Balisée #3
770,871,3099.41,498.23,15.35,13.81,0,211.95,
902,871,1304.0,428.98,19.03,16.92,0,321.96,
878,871,877.9,123.98,15.81,22.31,0,352.83,
771,871,1082.62,1606.51,23.35,20.35,1,475.08,Balisée #2
992,871,3544.96,1695.26,20.73,17.6,0,364.87,
994,871,1805.27,1801.46,18.55,18.55,0,344.1,
958,871,1300.69,1402.35,17.74,17.66,1,313.23,Balisée #1
1030,871,1120.66,96.73,20.66,10.52,0,217.41,
764,872,2817.9,1407.51,21.35,24.9,1,531.64,Balisée #3
770,872,3098.61,497.3,14.95,13.0,0,194.39,
902,872,1306.66,429.86,20.58,18.69,0,384.49,
878,872,879.08,121.21,15.75,22.36,0,352.14,
771,872,1082.48,1606.86,23.48,20.92,1,491.27,Balisée #2
992,872,3544.82,1694.06,20.57,17.5,0,359.97,
994,872,1807.52,1803.53,17.5,17.5,0,306.23,
958,872,1300.21,1403.52,17.8,17.85,1,317.64,Balisée #1
1030,872,1124.04,96.16,21.61,11.14,0,240.78,
764,873,2819.25,1408.58,21.36,24.86,1,530.99,Balisée #3
770,873,3098.18,496.19,15.0,12.61,0,189.23,
902,873,1309.98,432.12,18.48,16.52,0,305.24,
878,873,880.42,118.44,15.31,21.9,0,335.29,
771,873,1082.5,1607.03,23.35,21.27,1,496.74,Balisée #2
992,873,3544.06,1693.3,20.8,17.76,0,369.31,
994,873,1810.06,1804.51,16.62,16.51,0,274.46,
958,873,1299.96,1403.63,17.33,17.44,1,302.29,Balisée #1
1030,873,1127.21,95.93,21.67,11.34,0,245.75,
1033,873,3094.11,496.52,20.57,12.73,0,261.86,
764,874,2820.81,1409.7,21.37,24.81,1,530.37,Balisée #3
902,874,1312.21,432.97,17.62,15.77,0,277.88,
878,874,882.03,115.15,15.41,22.2,0,341.97,
771,874,1082.45,1608.78,23.12,21.48,1,496.65,Balisée #2
992,874,3542.92,1691.3,20.93,17.91,0,374.85,
994,874,1812.71,1804.7,16.49,16.3,0,268.68,
958,874,1299.88,1403.85,17.72,17.94,1,317.91,Balisée #1
1030,874,1130.63,95.6,20.96,11.14,0,233.52,
1033,874,3093.63,495.07,20.84,12.92,0,269.28,
764,875,2822.65,1410.64,21.63,24.97,1,540.23,Balisée #3
902,875,1314.81,433.45,17.36,15.56,0,270.08,
878,875,883.75,112.3,15.2,21.8,0,331.3,
771,875,1082.48,1609.66,22.36,21.11,1,472.11,Balisée #2
992,875,3542.17,1689.34,20.46,17.58,0,359.79,
994,875,1815.52,1804.8,16.38,16.08,0,263.4,
958,875,1300.19,1404.52,17.11,17.42,1,298.03,Balisée #1
1030,875,1133.91,94.32,20.37,11.02,0,224.42,
1033,875,3093.2,492.93,21.07,13.11,0,276.36,
945,875,1201.26,893.74,25.0,28.64,1,716.06,Balisée #5
764,876,2824.57,1412.19,22.24,25.66,1,570.65,Balisée #3
902,876,1317.56,434.0,16.58,14.86,0,246.34,
878,876,885.17,110.09,15.59,21.97,0,342.44,
771,876,1082.46,1610.31,21.27,20.28,1,431.46,Balisée #2
992,876,3541.13,1687.93,20.4,17.63,0,359.72,
994,876,1818.29,1805.01,16.08,15.65,0,251.74,
958,876,1300.74,1405.56,16.92,17.23,1,291.54,Balisée #1
1030,876,1136.03,93.13,20.25,11.1,0,224.81,
1033,876,3092.6,491.55,21.51,13.5,0,290.44,
945,876,1201.12,890.96,24.86,28.27,1,702.71,Balisée #5
764,877,2826.43,1413.99,22.38,25.72,1,575.55,Balisée #3
902,877,1320.06,435.33,16.71,14.93,0,249.5,
878,877,887.54,107.64,16.09,22.88,0,368.23,
771,877,1082.28,1610.86,20.52,19.65,1,403.22,Balisée #2
992,877,3540.58,1686.7,20.25,17.6,0,356.3,
994,877,1821.0,1806.04,16.42,15.84,0,260.06,
958,877,1300.96,1406.93,16.98,17.41,1,295.68,Balisée #1
1030,877,1137.71,92.98,19.05,10.44,0,198.79,
1033,877,3091.76,490.49,20.91,13.27,0,277.35,
764,878,2828.41,1415.51,22.16,25.33,1,561.32,Balisée #3
902,878,1323.56,436.36,17.21,15.41,0,265.22,
878,878,889.45,105.28,15.36,21.85,0,335.6,
771,878,1082.1,1611.57,20.6,19.83,1,408.56,Balisée #2
992,878,3540.32,1685.18,20.6,17.94,0,369.54,
994,878,1825.16,1807.52,16.67,15.72,0,262.07,
958,878,1301.35,1407.64,16.67,17.12,1,285.4,Balisée #1
1030,878,1141.6,91.62,23.32,13.21,0,308.18,
1033,878,3090.73,488.85,21.33,13.72,0,292.61,
764,879,2830.31,1416.88,21.77,24.74,1,538.62,Balisée #3
902,879,1326.86,438.1,16.47,14.73,0,242.56,
878,879,890.96,102.96,15.44,21.95,0,338.84,
771,879,1081.89,1612.85,21.05,20.37,1,428.7,Balisée #2
992,879,3539.66,1684.26,20.82,18.21,0,379.05,
994,879,1827.69,1809.44,16.53,15.49,0,256.0,
958,879,1301.24,1408.67,17.42,18.01,1,313.91,Balisée #1
1030,879,1145.41,91.11,23.96,14.07,0,336.97,
1033,879,3089.66,486.87,20.69,13.5,0,279.46,
1038,879,1594.9,1717.6,22.46,20.34,1,456.69,Balisée #4
945,879,1201.41,883.94,24.54,27.78,1,681.7,Balisée #5
764,880,2832.53,1418.44,22.18,24.98,1,554.19,Balisée #3
902,880,1329.91,439.82,16.43,14.68,0,241.22,
878,880,892.47,100.26,15.35,21.82,0,335.0,
771,880,1082.29,1614.53,20.73,20.26,1,420.13,Balisée #2
992,880,3539.78,1683.26,20.51,18.01,0,369.49,
994,880,1830.23,1810.85,16.44,15.36,0,252.48,
958,880,1301.42,1409.51,17.43,18.09,1,315.34,Balisée #1
1033,880,3089.08,485.34,20.67,13.71,0,283.38,
1038,880,1597.14,1718.89,22.92,20.75,1,475.72,Balisée #4
764,881,2834.88,1420.32,22.2,24.83,1,551.1,Balisée #3
902,881,1332.5,441.14,16.48,14.67,0,241.79,
878,881,893.61,97.98,15.49,22.09,0,342.08,
771,881,1082.68,1616.19,19.95,19.67,1,392.46,Balisée #2
992,881,3539.27,1682.45,21.09,18.6,0,392.43,
994,881,1832.63,1812.03,16.17,15.06,0,243.5,
958,881,1301.68,1410.4,17.42,18.18,1,316.65,Balisée #1
1033,881,3088.01,483.94,20.06,13.46,0,270.07,
1038,881,1599.39,1720.98,22.43,20.32,1,455.64,Balisée #4
945,881,1202.38,881.71,24.09,26.98,1,649.89,Balisée #5
764,882,2837.27,1422.18,22.15,24.53,1,543.46,Balisée #3
902,882,1334.52,441.63,16.46,14.62,0,240.62,
878,882,895.47,95.27,15.5,22.29,0,345.44,
771,882,1082.84,1617.74,19.95,19.88,1,396.65,Balisée #2
992,882,3538.5,1680.77,21.11,18.66,0,393.79,
994,882,1835.17,1813.22,16.42,15.28,0,250.97,
958,882,1302.21,1411.53,17.43,18.19,1,317.12,Balisée #1
1033,882,3087.4,482.75,19.42,13.13,0,255.03,
1038,882,1602.22,1722.8,22.48,20.31,1,456.64,Balisée #4
1030,882,1155.77,90.17,21.58,13.01,0,280.77,
764,883,2839.82,1424.11,22.11,24.23,1,535.78,Balisée #3
902,883,1337.21,442.18,16.87,14.96,0,252.35,
878,883,897.3,92.76,15.34,22.13,0,339.49,
771,883,1082.84,1619.1,19.71,19.79,1,390.08,Balisée #2
992,883,3538.12,1679.24,20.59,18.18,0,374.33,
994,883,1838.15,1814.43,16.3,15.13,0,246.63,
958,883,1302.74,1412.6,17.49,18.28,1,319.72,Balisée #1
1033,883,3087.26,481.79,19.74,13.52,0,267.01,
1038,883,1604.55,1724.52,22.32,20.04,1,447.44,Balisée #4
764,884,2842.27,1425.53,22.41,24.38,1,546.37,Balisée #3
902,884,1340.18,443.32,16.57,14.66,0,242.94,
878,884,899.01,90.3,15.01,21.66,0,325.15,
771,884,1081.89,1620.84,20.42,21.09,1,430.64,Balisée #2
992,884,3537.62,1677.94,21.25,18.93,0,402.34,
994,884,1841.17,1815.65,16.67,15.45,0,257.51,
958,884,1302.82,1414.1,18.81,19.89,1,374.06,Balisée #1
1033,884,3087.13,480.49,18.9,13.02,0,246.17,
1038,884,1606.54,1725.68,21.63,19.26,1,416.43,Balisée #4
1030,884,1160.71,89.88,19.7,12.32,0,242.62,
764,885,2844.58,1427.59,22.36,24.13,1,539.65,Balisée #3
902,885,1342.08,444.69,16.96,14.81,0,251.24,
878,885,900.07,87.85,15.07,21.81,0,328.76,
771,885,1081.36,1621.58,20.28,21.42,1,434.41,Balisée #2
992,885,3537.11,1677.04,20.14,18.02,0,362.88,
994,885,1844.15,1817.1,16.35,15.2,0,248.46,
958,885,1302.53,1414.77,19.34,20.71,1,400.38,Balisée #1
1033,885,3086.5,478.9,19.04,13.12,0,249.69,
1038,885,1608.95,1726.56,21.79,19.28,1,420.12,Balisée #4
764,886,2847.16,1429.25,22.59,24.16,1,545.84,Balisée #3
902,886,1346.3,445.91,17.29,15.06,0,260.38,
878,886,901.82,84.51,15.37,22.29,0,342.76,
771,886,1081.36,1622.55,18.78,20.2,1,379.5,Balisée #2
992,886,3537.4,1675.75,19.81,17.77,0,351.92,
994,886,1847.19,1819.0,16.57,15.42,0,255.55,
958,886,1302.69,1415.1,19.61,21.24,1,416.66,Balisée #1
1033,886,3085.02,476.25,20.52,14.52,0,298.0,
1038,886,1611.16,1728.09,21.44,18.79,1,402.85,Balisée #4
1030,886,1166.63,88.73,17.0,10.9,0,185.25,
764,887,2850.35,1430.76,22.98,24.51,1,563.28,Balisée #3
902,887,1349.6,447.05,16.98,14.8,0,251.29,
878,887,902.85,81.31,15.02,21.87,0,328.43,
771,887,1081.76,1623.74,18.33,20.02,1,366.85,Balisée #2
992,887,3537.83,1674.5,20.2,18.13,0,366.12,
994,887,1850.09,1820.69,16.64,15.63,0,260.14,
958,887,1303.0,1416.94,19.47,21.3,1,414.7,Balisée #1
1033,887,3083.94,474.48,18.91,13.53,0,255.96,
1038,887,1613.98,1728.54,21.41,18.62,1,398.69,Balisée #4
764,888,2853.12,1432.44,22.78,24.14,1,549.95,Balisée #3
902,888,1352.39,448.08,17.22,15.03,0,258.94,
878,888,904.44,78.44,14.62,21.12,0,308.76,
771,888,1081.87,1625.8,18.2,20.27,1,368.88,Balisée #2
992,888,3538.0,1673.94,20.33,18.36,0,373.3,
994,888,1852.79,1822.09,16.59,15.69,0,260.2,
958,888,1303.26,1418.24,18.38,20.1,1,369.51,Balisée #1
1033,888,3083.28,472.85,18.19,13.15,0,239.2,
1038,888,1616.49,1730.35,22.27,19.21,1,427.8,Balisée #4
764,889,2856.24,1434.26,22.08,23.16,1,511.48,Balisée #3
902,889,1354.49,448.51,17.36,15.15,0,263.0,
878,889,905.57,75.48,14.86,21.61,0,321.1,
771,889,1082.13,1627.83,17.8,20.14,1,358.64,Balisée #2
992,889,3538.44,1672.63,19.57,17.56,0,343.66,
994,889,1855.45,1822.88,16.53,15.77,0,260.72,
958,889,1303.67,1419.47,17.59,19.15,1,336.84,Balisée #1
1033,889,3082.87,471.41,17.75,12.92,0,229.31,
1038,889,1619.15,1732.19,21.9,18.68,1,409.09,Balisée #4
1030,889,1173.72,86.58,17.32,10.96,0,189.84,
764,890,2859.51,1436.24,22.62,23.52,1,532.04,Balisée #3
902,890,1356.79,448.49,17.35,15.2,0,263.6,
878,890,907.21,72.84,15.11,22.07,0,333.52,
771,890,1082.36,1629.74,17.08,19.5,1,332.94,Balisée #2
992,890,3539.08,1671.13,19.7,17.85,0,351.72,
994,890,1857.42,1824.57,17.17,16.33,0,280.27,
958,890,1303.89,1420.9,17.31,18.76,1,324.63,Balisée #1
1033,890,3083.13,470.56,17.66,12.95,0,228.75,
1038,890,1621.76,1733.41,21.91,18.49,1,405.12,Balisée #4
764,891,2862.9,1438.55,23.11,23.88,1,552.0,Balisée #3
902,891,1359.75,449.34,17.34,15.17,0,263.03,
878,891,908.34,69.9,14.83,21.4,0,317.44,
771,891,1082.44,1630.94,17.01,19.6,1,333.34,Balisée #2
992,891,3539.28,1670.43,20.72,18.85,0,390.6,
994,891,1861.05,1826.7,17.91,17.31,0,310.15,
958,891,1303.87,1422.52,16.73,17.92,1,299.77,Balisée #1
1033,891,3083.15,469.47,17.35,12.78,0,221.73,
1038,891,1623.8,1734.64,22.98,19.25,1,442.42,Balisée #4
764,892,2866.28,1440.64,22.68,23.17,1,525.44,Balisée #3
902,892,1362.84,450.43,17.13,15.02,0,257.14,
878,892,909.58,67.18,15.31,21.54,0,329.79,
771,892,1082.29,1632.87,17.13,20.0,1,342.48,Balisée #2
992,892,3539.18,1669.47,21.43,19.65,0,421.07,
994,892,1864.47,1828.27,17.47,17.0,0,296.99,
958,892,1303.84,1424.11,16.79,17.8,1,298.75,Balisée #1
1033,892,3083.12,468.23,17.1,12.67,0,216.65,
1038,892,1626.6,1735.66,22.73,18.82,1,427.76,Balisée #4
764,893,2869.12,1442.49,23.13,23.46,1,542.72,Balisée #3
902,893,1365.5,451.63,17.62,15.36,0,270.62,
878,893,910.01,64.13,15.76,21.71,0,342.2,
771,893,1082.62,1634.42,16.8,19.79,1,332.52,Balisée #2
992,893,3539.84,1668.74,20.7,19.03,0,393.84,
994,893,1867.24,1830.1,17.59,17.37,0,305.4,
958,893,1303.47,1425.47,16.58,17.3,1,286.98,Balisée #1
1033,893,3083.23,466.61,16.86,12.56,0,211.8,
1038,893,1629.51,1737.0,22.69,18.56,1,421.08,Balisée #4
764,894,2871.83,1444.15,22.83,22.89,1,522.41,Balisée #3
902,894,1369.86,452.6,18.93,16.59,0,314.13,
878,894,913.57,61.16,16.54,22.54,0,372.85,
771,894,1083.03,1636.24,16.91,20.06,1,339.27,Balisée #2
992,894,3540.2,1668.2,20.47,18.79,0,384.64,
994,894,1869.36,1832.1,17.77,17.54,0,311.64,
958,894,1303.02,1426.75,16.62,17.12,1,284.47,Balisée #1
1033,894,3082.96,464.98,17.32,13.01,0,225.43,
1038,894,1632.34,1738.68,23.01,18.68,1,429.79,Balisée #4
764,895,2875.09,1445.92,22.7,22.53,1,511.56,Balisée #3
902,895,1372.68,453.48,20.19,18.1,0,365.57,
878,895,915.48,58.36,16.08,21.79,0,350.41,
771,895,1083.59,1638.11,16.55,19.78,1,327.43,Balisée #2
992,895,3541.05,1667.31,20.18,18.58,0,374.91,
994,895,1873.89,1834.0,17.93,17.65,0,316.47,
958,895,1303.58,1428.11,16.77,17.08,1,286.47,Balisée #1
1033,895,3082.28,463.45,16.95,12.77,0,216.45,
1038,895,1635.59,1739.57,22.42,18.01,1,403.71,Balisée #4
1047,895,847.66,6.98,14.03,13.96,0,195.83,
764,896,2878.53,1448.03,23.45,23.06,1,540.92,Balisée #3
902,896,1375.34,454.06,20.94,19.22,0,402.39,
878,896,916.62,56.19,16.16,21.95,0,354.65,
771,896,1084.48,1640.8,16.6,20.03,1,332.47,Balisée #2
992,896,3541.53,1666.24,20.6,18.98,0,391.02,
994,896,1876.66,1835.93,17.93,17.84,0,319.87,
958,896,1304.46,1429.41,16.41,16.43,1,269.63,Balisée #1
1033,896,3081.46,462.1,16.87,12.8,0,215.9,
1038,896,1638.41,1740.91,23.44,18.72,1,438.77,Balisée #4
1047,896,849.46,8.15,14.9,14.85,0,221.21,
1048,896,1374.57,458.3,15.79,19.41,0,306.41,
764,897,2881.96,1450.45,23.31,22.6,1,526.79,Balisée #3
878,897,918.31,54.25,15.97,21.87,0,349.3,
771,897,1085.16,1643.74,16.56,20.14,1,333.36,Balisée #2
992,897,3541.16,1665.8,20.1,18.63,0,374.34,
994,897,1879.42,1837.56,17.09,17.11,0,292.47,
958,897,1305.08,1431.5,17.34,17.16,1,297.54,Balisée #1
1033,897,3081.15,461.56,16.94,12.94,0,219.22,
1038,897,1641.35,1742.34,23.69,18.86,1,446.69,Balisée #4
1048,897,1377.04,458.6,15.33,18.81,0,288.23,
764,898,2884.83,1452.39,23.58,22.56,1,531.89,Balisée #3
878,898,919.85,52.21,15.82,21.87,0,346.02,
771,898,1085.4,1646.05,16.77,20.6,1,345.37,Balisée #2
992,898,3540.91,1664.03,19.56,18.16,0,355.34,
994,898,1881.77,1839.61,17.18,17.26,0,296.55,
958,898,1305.21,1433.43,17.27,16.9,1,291.94,Balisée #1
1033,898,3080.33,461.0,17.14,13.18,0,225.84,
1038,898,1643.94,1743.42,22.92,18.07,1,414.12,Balisée #4
1048,898,1380.25,459.31,14.27,17.39,0,248.05,
764,899,2887.62,1454.37,23.3,21.97,1,511.95,Balisée #3
878,899,922.02,49.93,15.98,22.13,0,353.64,
771,899,1085.67,1647.6,16.3,20.14,1,328.3,Balisée #2
992,899,3540.67,1662.7,20.06,18.75,0,376.22,
994,899,1884.44,1841.76,17.54,17.77,0,311.58,
958,899,1305.3,1434.69,17.53,16.96,1,297.36,Balisée #1
1033,899,3079.6,460.75,17.26,13.39,0,231.12,
1038,899,1646.98,1744.13,23.59,18.5,1,436.24,Balisée #4
1048,899,1383.77,460.27,13.17,15.88,0,209.12,
764,900,2889.69,1455.73,23.18,21.63,1,501.48,Balisée #3
878,900,923.6,48.33,16.01,22.31,0,357.28,
771,900,1086.06,1648.85,16.35,20.42,1,333.94,Balisée #2
992,900,3539.22,1662.21,20.17,18.99,0,383.18,
994,900,1886.69,1843.6,17.3,17.55,0,303.66,
958,900,1304.95,1435.45,17.36,16.59,1,288.02,Balisée #1
1033,900,3078.55,460.35,17.97,14.15,0,254.31,
1038,900,1649.54,1744.81,23.71,18.51,1,439.0,Balisée #4
1048,900,1386.67,462.08,12.75,15.15,0,193.08,
764,901,2892.13,1457.21,23.23,21.46,1,498.47,Balisée #3
878,901,925.06,45.28,15.91,22.23,0,353.76,
771,901,1086.59,1650.43,16.24,20.48,1,332.54,Balisée #2
992,901,3538.53,1660.86,19.81,18.7,0,370.44,
994,901,1889.06,1844.87,17.04,17.39,0,296.33,
958,901,1304.66,1436.05,17.5,16.54,1,289.44,Balisée #1
1033,901,3077.2,459.8,19.04,15.27,0,290.77,
1038,901,1652.03,1745.11,24.28,18.97,1,460.59,Balisée #4
1048,901,1388.97,463.94,12.48,14.49,0,180.92,
1049,901,858.94,20.07,13.46,16.52,0,222.31,
764,902,2894.73,1459.13,23.35,21.21,1,495.26,Balisée #3
878,902,926.61,42.21,15.66,21.9,0,342.81,
771,902,1087.37,1652.23,15.92,20.24,1,322.31,Balisée #2
992,902,3538.15,1659.59,19.86,18.83,0,374.0,
994,902,1891.56,1845.82,17.84,18.4,0,328.11,
958,902,1304.72,1436.64,17.8,16.67,1,296.65,Balisée #1
1033,902,3076.0,459.06,20.48,16.8,0,344.05,
1038,902,1654.47,1745.36,23.7,18.41,1,436.2,Balisée #4
1048,902,1393.56,465.06,12.84,14.46,0,185.72,
1049,902,859.93,21.01,14.79,18.13,0,268.1,
945,902,1200.29,846.49,22.75,24.11,1,548.34,Balisée #5
764,903,2897.59,1460.88,24.08,21.65,1,521.19,Balisée #3
878,903,928.48,39.92,15.66,21.93,0,343.47,
771,903,1088.23,1654.12,16.27,20.84,1,339.07,Balisée #2
992,903,3537.83,1658.45,19.95,19.08,0,380.74,
994,903,1893.85,1848.94,19.12,19.78,0,378.13,
958,903,1305.17,1437.22,18.69,17.41,1,325.41,Balisée #1
1033,903,3075.23,458.33,21.82,18.31,0,399.56,
1038,903,1657.71,1745.68,23.85,18.51,1,441.45,Balisée #4
1048,903,1396.02,466.04,13.04,14.42,0,187.97,
945,903,1200.81,845.11,23.53,24.02,1,565.1,Balisée #5
764,904,2900.45,1462.38,23.85,21.17,1,504.74,Balisée #3
878,904,930.89,37.75,15.64,21.95,0,343.27,
771,904,1088.77,1655.08,16.3,21.17,1,345.2,Balisée #2
992,904,3536.79,1657.39,21.05,20.5,0,431.4,
994,904,1897.94,1850.52,18.85,19.5,0,367.66,
958,904,1305.74,1437.76,19.71,18.4,1,362.77,Balisée #1
1033,904,3074.46,454.57,21.41,18.13,0,388.01,
1038,904,1660.52,1745.62,24.54,18.97,1,465.34,Balisée #4
1048,904,1398.59,466.58,13.71,15.02,0,205.94,
945,904,1200.38,843.14,23.9,23.78,1,568.53,Balisée #5
764,905,2903.19,1463.37,24.59,21.66,1,532.57,Balisée #3
878,905,933.74,36.44,15.79,22.23,0,351.04,
771,905,1089.89,1657.34,16.08,21.06,1,338.67,Balisée #2
992,905,3536.12,1655.24,21.32,21.06,0,448.91,
994,905,1900.63,1851.61,17.72,18.26,0,323.54,
958,905,1306.49,1438.47,21.04,19.83,1,417.19,Balisée #1
1033,905,3071.2,452.96,20.95,17.83,0,373.44,
1038,905,1663.94,1745.88,24.42,18.94,1,462.59,Balisée #4
1048,905,1401.76,468.2,14.03,15.17,0,212.81,
945,905,1200.46,841.32,24.4,23.88,1,582.69,Balisée #5
1052,905,870.18,29.15,13.95,15.95,0,222.56,
764,906,2906.0,1465.0,25.01,21.9,1,547.86,Balisée #3
878,906,936.45,34.92,16.91,24.25,0,410.0,
771,906,1090.89,1659.04,16.3,21.48,1,350.25,Balisée #2
992,906,3534.83,1652.76,20.09,20.02,0,402.16,
994,906,1903.67,1852.3,16.97,17.31,0,293.67,
958,906,1307.06,1441.15,20.92,19.88,1,415.99,Balisée #1
1033,906,3069.78,451.97,19.83,16.88,0,334.73,
1038,906,1666.58,1745.53,24.35,18.89,1,459.91,Balisée #4
1048,906,1405.42,469.79,13.92,14.81,0,206.19,
1052,906,872.82,31.57,13.55,15.51,0,210.16,
764,907,2908.4,1465.9,24.66,21.34,1,526.21,Balisée #3
878,907,939.26,32.38,15.7,22.24,0,349.17,
771,907,1092.52,1660.55,16.04,21.27,1,341.31,Balisée #2
992,907,3533.77,1651.33,18.97,19.09,0,362.27,
994,907,1906.68,1853.47,16.68,16.77,0,279.65,
958,907,1306.91,1442.35,20.58,19.57,1,402.72,Balisée #1
1033,907,3069.19,451.46,18.99,16.13,0,306.24,
1038,907,1669.77,1745.58,25.78,20.2,1,520.8,Balisée #4
1048,907,1409.02,471.56,14.69,15.5,0,227.74,
1052,907,875.61,34.0,14.66,16.85,0,247.01,
945,907,1201.3,837.94,23.93,23.16,1,554.21,Balisée #5
764,908,2910.53,1466.77,24.26,20.74,1,503.06,Balisée #3
878,908,940.85,30.19,15.2,21.52,0,327.07,
771,908,1093.76,1661.75,15.16,20.14,1,305.42,Balisée #2
992,908,3532.39,1650.02,19.06,19.33,0,368.42,
994,908,1909.51,1854.98,16.18,16.01,0,259.08,
958,908,1306.71,1443.05,19.87,18.86,1,374.8,Balisée #1
1033,908,3068.11,450.84,17.47,14.89,0,259.99,
1038,908,1672.46,1745.65,24.5,19.26,1,471.75,Balisée #4
1048,908,1411.86,473.46,14.64,15.29,0,223.85,
1052,908,878.0,36.96,13.74,15.85,0,217.84,
945,908,1201.48,837.34,23.75,22.56,1,535.79,Balisée #5
764,909,2912.7,1467.45,24.28,20.57,1,499.53,Balisée #3
878,909,942.76,27.16,15.57,22.19,0,345.5,
771,909,1094.78,1662.54,15.21,20.33,1,309.14,Balisée #2
992,909,3531.43,1647.54,19.01,19.44,0,369.44,
994,909,1912.02,1855.62,16.09,15.8,0,254.28,
958,909,1306.99,1443.16,19.78,18.8,1,371.93,Balisée #1
1033,909,3066.46,450.12,15.78,13.36,0,210.82,
1038,909,1675.56,1744.73,24.52,19.3,1,473.43,Balisée #4
1048,909,1414.75,474.63,14.5,14.99,0,217.42,
1052,909,880.18,38.96,13.56,15.69,0,212.66,
945,909,1202.03,836.37,23.66,21.97,1,519.92,Balisée #5
764,910,2915.26,1468.13,23.75,19.81,1,470.51,Balisée #3
878,910,944.86,23.9,15.86,22.75,0,360.97,
771,910,1095.84,1663.49,15.29,20.71,1,316.61,Balisée #2
992,910,3530.44,1645.47,19.25,19.66,0,378.41,
994,910,1914.9,1856.0,16.02,15.46,0,247.79,
958,910,1307.78,1443.22,19.59,18.66,1,365.57,Balisée #1
1033,910,3064.94,449.38,15.43,13.04,0,201.18,
1038,910,1678.69,1744.18,25.31,20.01,1,506.32,Balisée #4
1048,910,1417.73,475.59,14.78,15.17,0,224.26,
1052,910,882.97,40.84,13.26,15.47,0,205.27,
945,910,1202.72,835.27,23.38,21.24,1,496.39,Balisée #5
764,911,2917.91,1469.23,23.78,19.52,1,464.19,Balisée #3
878,911,947.8,21.84,15.54,22.33,0,347.01,
771,911,1097.54,1664.66,15.29,20.79,1,317.75,Balisée #2
992,911,3528.87,1643.0,19.88,20.58,0,408.99,
994,911,1918.0,1856.32,16.4,15.44,0,253.32,
958,911,1308.22,1443.42,19.13,18.18,1,347.76,Balisée #1
1033,911,3062.86,448.61,15.26,12.81,0,195.44,
1038,911,1681.58,1743.35,24.6,19.6,1,482.14,Balisée #4
1048,911,1420.97,476.39,14.94,15.21,0,227.35,
1052,911,885.27,43.03,11.94,13.93,0,166.41,
945,911,1203.1,834.14,24.4,21.97,1,536.15,Balisée #5
764,912,2920.3,1469.8,24.22,19.63,1,475.25,Balisée #3
878,912,950.95,20.32,15.1,21.71,0,327.76,
771,912,1098.81,1666.11,15.18,20.6,1,312.67,Balisée #2
992,912,3527.54,1641.07,18.52,19.21,0,355.78,
994,912,1921.89,1856.94,16.07,14.77,0,237.33,
958,912,1309.26,1443.04,17.86,16.59,1,296.33,Balisée #1
1033,912,3061.0,447.39,14.71,12.25,0,180.21,
1038,912,1684.53,1741.96,24.62,19.71,1,485.27,Balisée #4
1048,912,1424.21,477.86,15.01,15.11,0,226.75,
1052,912,889.13,46.18,12.05,14.12,0,170.21,
945,912,1203.51,833.15,24.5,21.9,1,536.67,Balisée #5
764,913,2922.14,1469.76,24.39,19.55,1,476.81,Balisée #3
878,913,954.21,18.95,15.46,22.33,0,345.22,
771,913,1100.0,1667.0,15.16,20.4,1,309.24,Balisée #2
992,913,3525.93,1638.95,18.38,19.23,0,353.45,
994,913,1924.67,1857.48,15.83,14.26,0,225.68,
958,913,1309.26,1443.71,17.93,16.56,1,296.91,Balisée #1
1033,913,3059.47,446.9,15.2,12.62,0,191.95,
1038,913,1687.62,1741.15,25.51,20.64,1,526.58,Balisée #4
1048,913,1428.07,477.97,17.19,17.53,0,301.39,
1052,913,892.77,48.49,13.0,15.3,0,198.95,
945,913,1203.9,831.87,24.28,21.48,1,521.65,Balisée #5
764,914,2923.85,1469.35,24.49,19.46,1,476.65,Balisée #3
878,914,956.68,17.06,15.44,21.96,0,339.19,
771,914,1100.85,1668.35,15.38,20.39,1,313.5,Balisée #2
992,914,3523.92,1636.41,19.03,20.14,0,383.36,
994,914,1927.77,1857.79,16.22,14.32,0,232.24,
958,914,1309.87,1443.37,17.62,16.01,1,282.24,Balisée #1
1033,914,3057.83,446.61,15.15,12.48,0,189.17,
1038,914,1690.57,1740.04,24.34,19.83,1,482.81,Balisée #4
1048,914,1431.63,481.56,17.46,17.85,0,311.6,
1052,914,896.15,51.58,13.32,15.76,0,209.93,
945,914,1204.43,830.55,24.37,21.26,1,518.22,Balisée #5
764,915,2926.1,1469.18,24.81,19.52,1,484.28,Balisée #3
878,915,958.13,15.61,15.62,21.63,0,337.75,
771,915,1104.93,1669.52,15.78,20.49,1,323.22,Balisée #2
992,915,3521.83,1634.14,18.42,19.75,0,363.81,
994,915,1931.05,1858.13,16.58,14.33,0,237.59,
958,915,1310.18,1443.5,17.48,15.66,1,273.79,Balisée #1
1033,915,3056.28,445.72,14.97,12.23,0,183.1,
1038,915,1693.63,1739.06,24.77,20.34,1,503.86,Balisée #4
1048,915,1435.12,483.59,16.53,16.77,0,277.13,
1052,915,899.1,54.0,13.23,15.71,0,207.87,
945,915,1205.24,830.16,24.99,21.65,1,540.9,Balisée #5
764,916,2928.16,1469.52,24.81,19.24,1,477.46,Balisée #3
878,916,961.88,13.19,15.95,21.69,0,345.92,
771,916,1106.9,1670.42,15.88,20.39,1,323.73,Balisée #2
992,916,3520.36,1632.19,17.64,19.0,0,335.17,
994,916,1934.35,1858.28,16.81,14.29,0,240.2,
958,916,1309.92,1443.77,18.23,16.3,1,297.14,Balisée #1
1033,916,3054.25,444.48,14.82,12.06,0,178.7,
1038,916,1696.74,1737.84,25.34,21.14,1,535.77,Balisée #4
1048,916,1437.53,484.76,15.69,15.57,0,244.29,
1052,916,901.63,55.48,13.66,16.28,0,222.37,
945,916,1206.27,830.09,26.34,22.83,1,601.21,Balisée #5
764,917,2930.76,1469.94,24.95,19.09,1,476.32,Balisée #3
878,917,964.21,10.58,15.52,21.0,0,325.89,
771,917,1108.34,1670.94,15.72,20.25,1,318.35,Balisée #2
992,917,3519.24,1629.16,18.43,20.05,0,369.47,
994,917,1937.61,1858.01,16.97,14.22,0,241.29,
958,917,1310.83,1443.49,17.55,15.63,1,274.39,Balisée #1
1033,917,3052.14,442.94,14.88,11.98,0,178.26,
1038,917,1699.52,1736.8,24.88,20.99,1,522.35,Balisée #4
1048,917,1441.87,485.31,15.53,15.02,0,233.22,
1052,917,904.15,56.95,12.89,15.28,0,196.93,
945,917,1207.21,829.7,26.03,22.4,1,583.09,Balisée #5
764,918,2933.5,1470.25,24.96,18.9,1,471.8,Balisée #3
878,918,967.39,9.38,14.56,18.76,0,273.21,
771,918,1109.89,1671.75,15.28,19.78,1,302.23,Balisée #2
992,918,3517.7,1627.07,17.97,19.67,0,353.49,
994,918,1940.95,1857.83,16.83,13.88,0,233.64,
958,918,1311.32,1443.41,16.95,15.01,1,254.37,Balisée #1
1033,918,3050.73,442.16,15.07,11.85,0,178.64,
1038,918,1702.93,1735.56,25.28,21.58,1,545.6,Balisée #4
1048,918,1445.12,486.36,15.62,15.03,0,234.86,
1052,918,907.37,59.72,13.42,15.75,0,211.37,
945,918,1208.04,829.02,25.31,21.57,1,545.94,Balisée #5
764,919,2935.43,1470.4,25.28,19.0,1,480.24,Balisée #3
878,919,970.53,8.72,13.91,17.43,0,242.58,
771,919,1111.22,1673.09,15.29,19.81,1,302.96,Balisée #2
992,919,3515.95,1624.95,18.04,19.93,0,359.71,
994,919,1944.83,1857.89,16.86,13.49,0,227.36,
958,919,1311.7,1443.71,17.14,15.13,1,259.39,Balisée #1
1033,919,3046.83,441.75,15.9,12.25,0,194.76,
1038,919,1705.63,1734.23,24.85,21.49,1,534.04,Balisée #4
1048,919,1448.21,487.96,15.52,14.81,0,229.93,
1052,919,909.7,63.0,13.25,14.84,0,196.64,
945,919,1208.37,828.61,25.15,21.19,1,532.78,Balisée #5
764,920,2937.7,1470.1,25.39,18.94,1,480.85,Balisée #3
878,920,972.43,7.93,13.07,15.87,0,207.42,
771,920,1113.05,1674.2,15.54,20.12,1,312.7,Balisée #2
992,920,3514.75,1622.7,17.79,19.8,0,352.26,
994,920,1948.15,1857.83,17.15,13.56,0,232.64,
958,920,1311.83,1444.0,17.53,15.43,1,270.49,Balisée #1
1033,920,3045.26,441.25,16.46,12.52,0,206.08,
1038,920,1708.24,1732.92,25.03,21.95,1,549.5,Balisée #4
1048,920,1451.83,489.56,15.37,14.52,0,223.19,
1052,920,915.02,65.67,13.64,15.1,0,206.04,
945,920,1208.74,827.73,26.31,22.05,1,579.97,Balisée #5
1062,920,3046.69,440.07,15.32,16.15,0,247.53,
764,921,2940.66,1469.99,25.74,19.06,1,490.6,Balisée #3
878,921,975.39,7.01,11.68,14.01,0,163.63,
771,921,1114.58,1675.5,15.4,19.95,1,307.17,Balisée #2
992,921,3513.41,1620.75,17.16,19.06,0,327.08,
994,921,1951.36,1858.17,17.37,13.6,0,236.36,
958,921,1311.76,1444.1,17.29,15.16,1,262.17,Balisée #1
1033,921,3043.98,440.59,16.29,12.36,0,201.46,
1038,921,1710.91,1731.84,24.61,21.96,1,540.41,Balisée #4
1048,921,1454.95,491.45,15.38,14.43,0,221.89,
1052,921,917.57,67.96,13.99,15.57,0,217.81,
764,922,2943.69,1470.17,25.78,18.94,1,488.34,Balisée #3
878,922,976.93,6.08,10.38,12.16,0,126.15,
771,922,1116.75,1676.82,14.76,19.03,1,280.89,Balisée #2
992,922,3513.11,1618.55,17.83,19.97,0,356.13,
994,922,1954.58,1858.29,17.43,13.52,0,235.6,
958,922,1312.48,1444.5,17.93,15.72,1,281.83,Balisée #1
1033,922,3043.34,439.45,15.71,11.88,0,186.6,
1038,922,1713.78,1730.74,24.4,22.22,1,542.12,Balisée #4
1048,922,1458.54,492.95,16.06,15.01,0,241.0,
1052,922,919.68,69.36,14.98,16.96,0,254.14,
764,923,2946.77,1470.72,26.61,19.49,1,518.59,Balisée #3
771,923,1118.62,1678.31,15.62,20.24,1,316.29,Balisée #2
992,923,3512.31,1616.29,17.88,20.15,0,360.15,
994,923,1958.36,1858.53,18.13,13.99,0,253.75,
958,923,1312.85,1444.97,17.81,15.61,1,277.95,Balisée #1
1033,923,3042.76,438.37,16.08,12.22,0,196.5,
1038,923,1716.79,1730.09,24.06,22.34,1,537.44,Balisée #4
1048,923,1461.28,494.19,15.77,14.5,0,228.72,
1052,923,921.95,70.34,15.93,18.46,0,294.04,
764,924,2949.81,1471.46,27.22,19.92,1,542.29,Balisée #3
771,924,1120.8,1681.05,15.52,20.08,1,311.57,Balisée #2
992,924,3511.87,1615.66,16.82,19.02,0,320.01,
994,924,1962.1,1859.02,18.14,13.89,0,252.03,
958,924,1313.51,1446.27,17.91,15.67,1,280.71,Balisée #1
1033,924,3041.34,438.14,16.15,12.33,0,199.12,
1038,924,1719.91,1729.67,23.91,22.66,1,541.78,Balisée #4
1048,924,1465.53,495.51,16.3,14.65,0,238.73,
1052,924,924.47,74.13,15.45,18.17,0,280.67,
878,924,979.9,4.25,8.05,8.5,0,68.4,
764,925,2953.16,1472.45,27.01,19.7,1,532.18,Balisée #3
771,925,1122.86,1683.16,15.46,19.96,1,308.56,Balisée #2
992,925,3512.09,1614.45,17.15,19.44,0,333.44,
994,925,1965.45,1859.57,18.45,14.08,0,259.76,
958,925,1314.09,1447.27,18.33,15.97,1,292.7,Balisée #1
1033,925,3040.04,438.1,16.09,12.32,0,198.29,
1038,925,1722.77,1728.96,23.39,22.63,1,529.24,Balisée #4
1048,925,1468.5,496.92,16.3,14.68,0,239.3,
1052,925,927.7,76.52,13.87,16.34,0,226.69,
945,925,1211.43,827.98,25.99,21.45,1,557.61,Balisée #5
764,926,2956.51,1473.57,26.46,19.15,1,506.78,Balisée #3
771,926,1124.47,1684.99,15.46,19.83,1,306.6,Balisée #2
992,926,3511.99,1612.71,17.09,19.52,0,333.64,
994,926,1969.48,1860.07,18.3,13.79,0,252.33,
958,926,1314.22,1448.6,18.45,16.02,1,295.6,Balisée #1
1033,926,3038.84,437.88,16.28,12.56,0,204.44,
1038,926,1725.45,1728.48,23.12,22.81,1,527.3,Balisée #4
1048,926,1471.36,498.84,16.93,15.28,0,258.72,
1052,926,930.36,79.74,12.92,15.2,0,196.47,
945,926,1211.79,828.46,26.46,21.51,1,569.03,Balisée #5
764,927,2959.89,1474.75,26.53,19.1,1,506.87,Balisée #3
771,927,1126.5,1686.69,15.4,19.65,1,302.58,Balisée #2
992,927,3511.49,1611.61,17.3,19.83,0,343.04,
994,927,1973.47,1861.13,18.25,13.71,0,250.23,
958,927,1314.59,1449.82,18.47,15.98,1,295.2,Balisée #1
1033,927,3038.11,437.76,16.2,12.57,0,203.67,
1038,927,1727.22,1728.24,23.16,23.05,1,533.77,Balisée #4
1048,927,1475.11,500.53,18.09,16.62,0,300.58,
1052,927,932.66,83.24,13.48,15.48,0,208.73,
764,928,2962.99,1475.11,26.64,19.13,1,509.64,Balisée #3
771,928,1128.2,1688.67,15.27,19.36,1,295.66,Balisée #2
992,928,3510.92,1610.52,17.01,19.46,0,331.12,
994,928,1976.95,1861.59,18.53,13.9,0,257.48,
958,928,1314.68,1450.71,18.89,16.28,1,307.58,Balisée #1
1033,928,3037.26,437.44,16.42,12.83,0,210.65,
1038,928,1730.41,1727.5,22.84,23.16,1,529.0,Balisée #4
1048,928,1478.2,501.83,19.58,18.47,0,361.69,
1052,928,936.28,86.68,14.49,16.98,0,245.99,
764,929,2965.87,1475.87,27.35,19.68,1,538.08,Balisée #3
771,929,1130.74,1690.95,15.55,19.43,1,302.23,Balisée #2
992,929,3510.5,1609.46,17.39,20.13,0,350.14,
994,929,1980.11,1861.98,18.46,13.82,0,255.13,
958,929,1314.4,1451.95,19.3,16.63,1,321.01,Balisée #1
1033,929,3036.2,437.19,16.76,13.16,0,220.49,
1038,929,1732.9,1726.28,22.36,23.17,1,518.14,Balisée #4
1048,929,1481.53,505.57,19.11,18.38,0,351.17,
1052,929,938.67,88.39,14.07,16.62,0,233.77,
764,930,2968.8,1477.09,27.36,19.64,1,537.3,Balisée #3
771,930,1132.09,1693.24,15.76,19.55,1,308.02,Balisée #2
992,930,3510.09,1607.31,18.17,21.41,0,389.15,
994,930,1983.17,1862.2,18.53,13.86,0,256.91,
958,930,1314.18,1452.87,18.62,15.95,1,296.88,Balisée #1
1033,930,3035.42,436.94,17.14,13.61,0,233.33,
1038,930,1735.33,1725.62,22.66,24.03,1,544.52,Balisée #4
1048,930,1484.26,507.65,17.69,17.1,0,302.42,
1052,930,940.57,89.66,13.0,15.4,0,200.27,
764,931,2972.08,1477.76,26.91,19.25,1,517.95,Balisée #3
771,931,1133.41,1695.14,15.39,18.91,1,291.14,Balisée #2
992,931,3509.42,1605.88,17.46,20.62,0,360.08,
994,931,1986.29,1862.06,18.82,14.08,0,265.0,
958,931,1313.98,1453.66,18.62,15.9,1,296.07,Balisée #1
1033,931,3034.35,436.21,18.56,15.08,0,279.86,
1038,931,1737.22,1725.22,22.5,24.37,1,548.28,Balisée #4
1048,931,1486.13,508.51,17.11,16.3,0,278.98,
1052,931,942.59,90.94,12.96,15.37,0,199.21,
945,931,1211.11,828.66,28.58,22.9,1,654.45,Balisée #5
764,932,2975.61,1478.43,26.73,18.99,1,507.6,Balisée #3
771,932,1135.07,1697.1,15.31,18.72,1,286.64,Balisée #2
992,932,3509.02,1604.71,16.94,20.02,0,339.28,
994,932,1989.65,1862.03,18.79,14.01,0,263.24,
958,932,1313.96,1454.56,18.39,15.65,1,287.8,Balisée #1
1033,932,3032.65,435.55,19.65,16.4,0,322.21,
1038,932,1739.58,1724.55,21.45,23.57,1,505.47,Balisée #4
1048,932,1490.32,509.38,16.23,15.18,0,246.43,
1052,932,945.17,92.82,13.87,16.62,0,230.48,
764,933,2978.91,1479.35,27.2,19.27,1,524.1,Balisée #3
771,933,1136.7,1699.06,15.76,19.15,1,301.82,Balisée #2
992,933,3509.32,1603.21,16.21,19.22,0,311.72,
994,933,1993.55,1862.25,18.83,13.92,0,262.11,
958,933,1313.86,1455.72,18.13,15.33,1,277.82,Balisée #1
1033,933,3031.64,435.17,20.08,17.19,0,345.15,
1038,933,1741.64,1724.21,21.79,24.32,1,529.82,Balisée #4
1048,933,1493.15,510.65,16.27,15.3,0,248.98,
1052,933,947.82,97.1,15.18,18.55,0,281.61,
764,934,2982.32,1479.88,27.16,19.28,1,523.71,Balisée #3
771,934,1138.41,1700.72,15.75,18.98,1,299.09,Balisée #2
992,934,3509.29,1601.64,15.73,18.44,0,290.05,
994,934,1997.03,1862.67,18.71,13.92,0,260.37,
958,934,1313.55,1456.86,18.45,15.52,1,286.26,Balisée #1
1033,934,3030.7,434.95,20.08,17.67,0,354.83,
1038,934,1743.72,1722.85,21.71,24.69,1,536.07,Balisée #4
1048,934,1495.88,512.59,16.28,15.41,0,250.9,
1052,934,949.93,99.38,14.58,17.98,0,262.13,
945,934,1209.16,829.2,27.76,21.74,1,603.57,Balisée #5
764,935,2985.62,1480.1,26.99,19.16,1,517.29,Balisée #3
771,935,1140.38,1701.72,15.7,18.76,1,294.54,Balisée #2
992,935,3509.28,1600.01,16.07,18.92,0,304.0,
994,935,2000.59,1862.59,18.4,13.65,0,251.13,
958,935,1313.22,1457.81,18.45,15.44,1,284.89,Balisée #1
1033,935,3029.64,434.48,20.62,18.65,0,384.53,
1038,935,1745.77,1721.36,21.07,24.37,1,513.53,Balisée #4
1048,935,1498.78,514.28,16.15,15.37,0,248.27,
1052,935,951.97,100.7,13.4,16.63,0,222.92,
764,936,2989.22,1480.49,27.5,19.56,1,537.82,Balisée #3
771,936,1142.48,1702.6,16.57,19.81,1,328.22,Balisée #2
992,936,3508.97,1598.6,16.38,19.34,0,316.8,
994,936,2004.11,1862.56,18.73,13.85,0,259.42,
958,936,1313.08,1458.75,18.36,15.32,1,281.28,Balisée #1
1033,936,3029.31,430.73,19.63,18.17,0,356.56,
1038,936,1747.82,1719.86,20.38,23.78,1,484.58,Balisée #4
1048,936,1501.7,515.96,15.8,15.05,0,237.9,
1052,936,954.2,101.94,12.77,15.8,0,201.72,
945,936,1208.16,828.94,28.81,22.36,1,644.27,Balisée #5
764,937,2992.7,1481.18,28.12,20.07,1,564.28,Balisée #3
771,937,1144.25,1705.41,16.6,19.87,1,329.86,Balisée #2
992,937,3509.08,1597.15,15.91,18.69,0,297.2,
994,937,2007.38,1862.11,18.66,13.81,0,257.76,
958,937,1312.95,1459.28,18.49,15.35,1,283.87,Balisée #1
1033,937,3029.06,428.97,18.58,17.45,0,324.16,
1038,937,1749.63,1718.7,21.02,24.79,1,521.3,Balisée #4
1048,937,1504.6,517.38,15.53,14.81,0,230.04,
1052,937,955.6,103.21,12.93,15.85,0,205.01,
945,937,1207.72,828.84,28.9,22.28,1,643.83,Balisée #5
764,938,2996.23,1481.62,27.51,19.6,1,539.03,Balisée #3
771,938,1146.25,1707.07,16.01,18.91,1,302.8,Balisée #2
992,938,3509.22,1595.28,15.89,18.56,0,295.0,
994,938,2010.59,1861.81,18.73,13.92,0,260.75,
958,938,1312.21,1459.61,18.34,15.12,1,277.28,Balisée #1
1033,938,3028.52,427.73,16.97,15.95,0,270.73,
1038,938,1751.29,1717.45,20.19,23.93,1,483.3,Balisée #4
1048,938,1507.43,518.02,15.63,14.81,0,231.44,
1052,938,956.73,104.71,13.15,15.72,0,206.66,
945,938,1206.88,828.79,28.76,21.97,1,631.83,Balisée #5
764,939,2999.68,1482.55,28.23,20.15,1,568.83,Balisée #3
771,939,1148.29,1709.18,16.19,18.99,1,307.4,Balisée #2
992,939,3509.71,1594.51,16.39,19.22,0,314.95,
994,939,2013.82,1861.62,19.06,14.14,0,269.43,
958,939,1312.22,1460.13,19.07,15.7,1,299.47,Balisée #1
1033,939,3027.92,426.48,15.62,14.58,0,227.81,
1038,939,1753.43,1716.49,19.93,23.95,1,477.34,Balisée #4
1048,939,1509.47,519.08,15.33,14.24,0,218.35,
764,940,3003.28,1482.75,27.34,19.45,1,531.77,Balisée #3
771,940,1149.68,1710.63,16.05,18.43,1,295.79,Balisée #2
992,940,3510.05,1592.88,16.77,19.71,0,330.46,
994,940,2018.04,1861.47,19.04,14.12,0,268.83,
958,940,1312.41,1460.59,19.82,16.46,1,326.29,Balisée #1
1033,940,3027.6,425.42,15.01,13.86,0,208.0,
1038,940,1755.64,1715.22,20.37,24.74,1,504.02,Balisée #4
1048,940,1513.1,520.29,16.17,15.21,0,245.83,
1052,940,963.93,109.35,13.09,15.43,0,201.96,
764,941,3007.24,1483.05,26.84,19.02,1,510.37,Balisée #3
771,941,1150.65,1712.18,15.9,17.65,1,280.62,Balisée #2
992,941,3510.11,1590.99,16.53,19.48,0,322.09,
994,941,2021.81,1861.58,19.05,14.17,0,269.98,
958,941,1312.47,1460.97,20.49,17.22,1,352.93,Balisée #1
1033,941,3026.96,424.21,15.26,13.85,0,211.39,
1038,941,1757.15,1714.04,20.4,24.97,1,509.31,Balisée #4
1048,941,1516.43,522.4,16.3,15.38,0,250.63,
1052,941,965.91,111.14,12.83,15.11,0,193.87,
764,942,3010.86,1483.72,26.95,19.06,1,513.7,Balisée #3
771,942,1153.65,1713.38,16.15,17.56,1,283.6,Balisée #2
992,942,3510.7,1589.12,16.57,19.51,0,323.27,
994,942,2025.08,1861.53,19.09,14.25,0,272.1,
958,942,1312.07,1461.49,21.48,18.29,1,393.02,Balisée #1
1033,942,3026.62,422.81,15.18,13.46,0,204.45,
1038,942,1759.24,1712.73,20.25,24.98,1,505.81,Balisée #4
1048,942,1519.3,523.78,15.66,14.7,0,230.27,
1052,942,967.57,112.77,12.86,15.19,0,195.33,
945,942,1204.51,828.27,29.33,22.37,1,656.23,Balisée #5
764,943,3014.26,1484.17,27.15,19.16,1,520.22,Balisée #3
771,943,1155.84,1714.8,16.17,17.23,1,278.71,Balisée #2
992,943,3510.74,1587.67,16.33,19.36,0,316.18,
994,943,2028.26,1861.04,18.83,14.08,0,265.25,
958,943,1311.66,1461.81,22.02,18.98,1,417.86,Balisée #1
1033,943,3026.61,421.49,15.71,13.74,0,215.95,
1038,943,1760.69,1711.34,19.88,24.48,1,486.6,Balisée #4
1048,943,1521.87,524.54,16.71,15.83,0,264.45,
1052,943,969.07,114.05,12.8,15.17,0,194.21,
945,943,1203.89,827.8,29.49,22.34,1,658.92,Balisée #5
764,944,3017.93,1484.7,27.81,19.7,1,547.89,Balisée #3
771,944,1157.96,1716.29,16.38,17.22,1,282.08,Balisée #2
992,944,3511.12,1585.99,17.12,20.29,0,347.42,
994,944,2031.51,1860.26,18.72,13.95,0,261.09,
958,944,1311.21,1461.91,21.98,19.23,1,422.67,Balisée #1
1033,944,3026.6,420.34,15.44,13.22,0,204.12,
1038,944,1762.22,1710.2,19.51,24.14,1,470.94,Balisée #4
1048,944,1524.23,525.25,17.81,17.1,0,304.5,
1052,944,971.15,115.71,13.17,15.62,0,205.81,
764,945,3021.52,1485.16,27.95,19.87,1,555.31,Balisée #3
771,945,1160.49,1717.86,16.44,17.08,1,280.82,Balisée #2
992,945,3510.79,1584.87,17.75,21.29,0,377.91,
994,945,2035.3,1859.72,18.78,14.03,0,263.6,
958,945,1311.05,1465.07,21.67,19.2,1,415.96,Balisée #1
1033,945,3026.2,418.82,16.07,13.49,0,216.79,
1038,945,1763.86,1708.72,19.47,24.22,1,471.52,Balisée #4
1048,945,1526.98,526.07,19.13,18.75,0,358.68,
945,945,1202.18,827.25,29.71,22.36,1,664.47,Balisée #5
764,946,3025.2,1485.86,28.07,20.0,1,561.36,Balisée #3
771,946,1162.92,1719.84,16.37,16.66,1,272.74,Balisée #2
992,946,3511.04,1582.73,17.42,21.03,0,366.46,
994,946,2038.11,1859.34,18.61,13.82,0,257.23,
958,946,1311.26,1466.59,20.8,18.56,1,386.0,Balisée #1
1033,946,3025.92,417.28,16.35,13.41,0,219.25,
1038,946,1765.5,1707.55,19.25,23.95,1,461.06,Balisée #4
1048,946,1529.89,529.36,18.98,18.94,0,359.43,
1080,946,3021.91,417.44,19.44,13.68,0,265.96,
764,947,3029.05,1485.97,27.63,19.69,1,544.12,Balisée #3
771,947,1165.24,1721.37,16.33,16.44,1,268.55,Balisée #2
992,947,3511.94,1580.98,17.08,20.71,0,353.8,
994,947,2042.29,1858.94,18.45,13.68,0,252.37,
958,947,1311.53,1467.34,20.04,17.88,1,358.36,Balisée #1
1033,947,3025.82,415.59,16.26,13.01,0,211.5,
1038,947,1767.42,1706.42,19.07,23.61,1,450.19,Balisée #4
1048,947,1532.67,530.87,18.52,18.58,0,343.94,
1080,947,3021.94,415.84,18.65,13.11,0,244.42,
1052,947,978.58,123.08,14.2,16.98,0,241.06,
945,947,1201.62,826.95,30.47,22.89,1,697.56,Balisée #5
764,948,3033.54,1486.16,27.82,19.92,1,554.11,Balisée #3
771,948,1167.56,1722.88,16.88,16.79,1,283.36,Balisée #2
992,948,3512.64,1579.47,16.49,20.01,0,330.01,
994,948,2046.15,1858.76,18.85,14.01,0,264.09,
958,948,1311.57,1467.8,19.37,17.2,1,333.13,Balisée #1
1033,948,3025.55,413.56,17.47,13.75,0,240.2,
1038,948,1769.46,1704.84,19.04,23.43,1,446.16,Balisée #4
1048,948,1537.42,532.11,17.26,16.99,0,293.12,
1080,948,3021.78,413.58,19.5,13.72,0,267.49,
1052,948,980.36,124.43,13.97,16.32,0,227.93,
945,948,1201.12,826.7,30.12,22.55,1,679.16,Balisée #5
764,949,3037.36,1486.4,27.54,19.8,1,545.26,Balisée #3
771,949,1169.49,1723.78,16.74,16.4,1,274.49,Balisée #2
992,949,3513.12,1577.82,16.42,19.92,0,327.04,
994,949,2049.99,1858.27,18.88,14.04,0,265.1,
958,949,1311.86,1468.29,18.49,16.24,1,300.3,Balisée #1
1038,949,1771.63,1702.62,18.93,23.3,1,440.89,Balisée #4
1048,949,1540.2,533.11,15.68,15.28,0,239.55,
1080,949,3021.41,412.37,20.93,14.79,0,309.7,
1052,949,981.44,125.49,13.47,15.02,0,202.2,
945,949,1200.5,826.28,29.89,22.27,1,665.46,Balisée #5
764,950,3040.72,1486.54,27.05,19.45,1,526.26,Balisée #3
771,950,1172.25,1724.98,16.56,16.06,1,266.0,Balisée #2
992,950,3513.36,1575.94,16.4,19.9,0,326.24,
994,950,2053.97,1857.31,18.43,13.79,0,254.1,
958,950,1311.73,1468.54,17.97,15.64,1,281.07,Balisée #1
1038,950,1773.38,1700.43,19.21,23.72,1,455.65,Balisée #4
1048,950,1542.83,534.37,15.74,15.37,0,241.92,
1080,950,3021.19,411.55,22.52,16.07,0,361.95,
1052,950,986.14,126.58,14.35,15.66,0,224.77,
764,951,3044.27,1486.88,26.93,19.36,1,521.54,Balisée #3
771,951,1174.94,1725.94,16.99,16.26,1,276.29,Balisée #2
992,951,3513.44,1573.58,16.08,19.5,0,313.56,
994,951,2056.78,1856.51,18.78,14.1,0,264.78,
958,951,1311.35,1468.47,18.24,15.77,1,287.57,Balisée #1
1038,951,1774.16,1697.2,19.33,23.91,1,462.08,Balisée #4
1048,951,1545.28,535.15,15.12,14.7,0,222.21,
1080,951,3020.65,410.9,23.87,17.32,0,413.41,
1052,951,988.43,127.61,14.44,15.65,0,225.96,
945,951,1198.25,825.32,30.05,22.32,1,670.88,Balisée #5
764,952,3047.93,1487.0,26.97,19.33,1,521.42,Balisée #3
771,952,1177.96,1726.86,16.97,16.01,1,271.71,Balisée #2
992,952,3513.57,1571.15,16.34,19.77,0,323.1,
994,952,2060.3,1855.61,19.01,14.31,0,272.01,
958,952,1310.32,1468.44,18.44,15.73,1,289.94,Balisée #1
1038,952,1775.06,1694.48,20.48,25.32,1,518.53,Balisée #4
1048,952,1547.74,535.77,15.21,14.68,0,223.28,
1080,952,3020.31,410.12,25.5,18.93,0,482.54,
1052,952,990.29,129.53,14.46,15.93,0,230.4,
945,952,1197.54,824.59,30.14,22.42,1,675.58,Balisée #5
1033,952,3020.69,405.45,21.7,17.68,0,383.48,
764,953,3051.89,1487.17,26.93,19.26,1,518.55,Balisée #3
771,953,1180.34,1728.01,16.87,15.76,1,265.89,Balisée #2
992,953,3513.32,1569.45,17.09,20.88,0,356.88,
994,953,2062.98,1854.86,19.0,14.12,0,268.26,
958,953,1309.83,1468.27,18.87,15.98,1,301.48,Balisée #1
1038,953,1777.55,1692.76,21.14,26.33,1,556.67,Balisée #4
1048,953,1550.5,536.72,15.37,14.7,0,225.83,
1052,953,992.83,131.65,13.74,15.28,0,209.92,
945,953,1197.0,824.05,30.63,22.85,1,699.84,Balisée #5
1033,953,3020.28,403.76,19.9,16.41,0,326.58,
764,954,3055.23,1487.18,27.1,19.38,1,525.26,Balisée #3
771,954,1182.53,1729.18,16.78,15.52,1,260.5,Balisée #2
992,954,3513.5,1567.4,16.51,20.14,0,332.56,
994,954,2067.21,1854.41,18.99,14.15,0,268.78,
958,954,1310.01,1468.71,17.92,15.05,1,269.6,Balisée #1
1048,954,1553.34,537.85,15.79,15.09,0,238.26,
1052,954,995.16,133.88,13.76,15.51,0,213.51,
945,954,1195.94,823.79,30.5,22.73,1,693.23,Balisée #5
1033,954,3019.78,402.89,18.31,15.27,0,279.66,
764,955,3057.85,1487.61,26.92,19.27,1,518.76,Balisée #3
771,955,1184.89,1730.7,16.8,15.36,1,258.04,Balisée #2
992,955,3512.97,1565.95,16.08,19.55,0,314.38,
994,955,2070.45,1854.23,19.21,14.37,0,275.89,
958,955,1309.87,1469.44,17.59,14.52,1,255.29,Balisée #1
1048,955,1556.04,539.72,15.74,14.97,0,235.53,
1052,955,997.38,136.38,13.27,15.1,0,200.36,
945,955,1194.86,824.02,29.58,21.87,1,646.88,Balisée #5
1033,955,3019.09,402.09,16.51,13.76,0,227.18,
764,956,3060.86,1487.95,26.32,18.8,1,494.68,Balisée #3
771,956,1187.46,1732.17,17.04,15.44,1,262.97,Balisée #2
992,956,3512.99,1565.12,16.37,20.05,0,328.26,
994,956,2073.87,1853.75,19.28,14.47,0,279.03,
958,956,1309.79,1470.33,17.68,14.42,1,255.0,Balisée #1
1048,956,1558.11,541.73,16.32,15.23,0,248.56,
1052,956,999.7,138.85,13.4,15.32,0,205.27,
945,956,1194.14,823.78,29.97,22.07,1,661.21,Balisée #5
1033,956,3018.21,401.84,15.63,13.12,0,205.07,
1038,956,1780.78,1689.06,19.7,24.54,1,483.58,Balisée #4
764,957,3064.51,1489.26,27.77,19.93,1,553.37,Balisée #3
771,957,1190.27,1733.12,17.23,15.49,1,266.89,Balisée #2
992,957,3512.61,1563.37,15.53,18.94,0,294.03,
994,957,2077.3,1853.15,18.89,14.18,0,267.81,
958,957,1309.71,1471.33,17.69,14.3,1,253.02,Balisée #1
1048,957,1562.47,543.91,16.64,15.46,0,257.19,
1052,957,1001.41,140.12,13.46,15.5,0,208.71,
945,957,1193.53,824.3,30.29,22.23,1,673.48,Balisée #5
1033,957,3017.5,401.42,15.56,13.03,0,202.65,
1038,957,1781.88,1687.92,19.27,23.85,1,459.41,Balisée #4
764,958,3067.91,1489.82,27.97,20.14,1,563.4,Balisée #3
771,958,1193.12,1734.76,17.42,15.61,1,271.89,Balisée #2
992,958,3511.81,1561.87,16.2,19.77,0,320.39,
994,958,2080.49,1852.78,18.92,14.31,0,270.59,
958,958,1309.4,1472.09,17.92,14.38,1,257.59,Balisée #1
1048,958,1565.5,545.56,16.25,15.06,0,244.65,
1052,958,1003.38,141.4,14.87,17.27,0,256.75,
945,958,1192.93,824.76,30.65,22.51,1,689.99,Balisée #5
1033,958,3016.46,401.17,15.54,12.97,0,201.46,
764,959,3070.94,1490.21,27.63,19.94,1,550.99,Balisée #3
771,959,1195.91,1736.06,17.7,15.75,1,278.7,Balisée #2
992,959,3511.02,1561.12,16.58,20.45,0,339.15,
994,959,2083.49,1852.36,19.54,14.94,0,291.92,
958,959,1308.87,1472.28,17.53,13.94,1,244.36,Balisée #1
1048,959,1567.98,547.1,16.27,15.13,0,246.07,
1052,959,1004.89,145.57,15.54,17.9,0,278.09,
945,959,1192.14,824.95,30.12,22.04,1,663.82,Balisée #5
1033,959,3015.54,401.15,15.65,13.06,0,204.42,
1038,959,1784.07,1685.06,19.13,23.75,1,454.37,Balisée #4
764,960,3073.36,1490.79,28.36,20.5,1,581.46,Balisée #3
771,960,1198.1,1737.27,17.42,15.23,1,265.24,Balisée #2
992,960,3511.11,1558.58,16.52,20.29,0,335.2,
994,960,2086.17,1852.26,19.72,15.09,0,297.57,
958,960,1308.37,1472.33,17.49,13.8,1,241.36,Balisée #1
1048,960,1570.69,548.54,17.44,16.4,0,286.07,
1052,960,1009.81,148.22,14.42,16.1,0,232.18,
945,960,1191.33,825.4,29.66,21.59,1,640.2,Balisée #5
1033,960,3014.57,400.69,14.91,12.39,0,184.77,
1038,960,1785.01,1683.08,18.95,23.46,1,444.63,Balisée #4
764,961,3075.77,1490.89,27.32,19.66,1,536.97,Balisée #3
771,961,1201.36,1738.04,17.37,14.88,1,258.5,Balisée #2
992,961,3509.45,1557.09,16.04,19.76,0,316.92,
994,961,2090.11,1851.94,20.41,15.74,0,321.34,
958,961,1307.56,1472.67,17.78,13.92,1,247.44,Balisée #1
1048,961,1573.31,549.37,18.29,17.48,0,319.74,
1052,961,1012.39,150.51,14.09,15.57,0,219.38,
1033,961,3013.08,399.45,14.87,12.22,0,181.84,
1038,961,1785.62,1681.39,18.95,23.59,1,447.02,Balisée #4
764,962,3079.2,1490.97,26.44,18.94,1,500.68,Balisée #3
771,962,1203.44,1738.58,17.56,15.01,1,263.58,Balisée #2
992,962,3508.6,1555.13,15.62,19.16,0,299.16,
994,962,2093.17,1851.72,20.74,16.19,0,335.74,
958,962,1307.45,1473.15,17.79,13.86,1,246.52,Balisée #1
1048,962,1576.1,550.15,19.27,18.92,0,364.57,
1052,962,1013.92,152.49,13.99,15.57,0,217.91,
1033,962,3012.08,398.4,15.3,12.5,0,191.26,
1038,962,1786.4,1679.62,19.09,23.78,1,453.91,Balisée #4
764,963,3082.26,1491.26,26.77,19.13,1,512.05,Balisée #3
771,963,1205.6,1739.4,17.26,14.67,1,253.21,Balisée #2
992,963,3508.16,1552.45,15.67,19.2,0,300.94,
994,963,2095.95,1851.22,21.61,17.22,0,372.23,
958,963,1307.22,1473.54,18.36,14.29,1,262.38,Balisée #1
1048,963,1578.68,553.68,18.59,18.51,0,344.17,
1052,963,1015.72,154.62,13.52,15.19,0,205.48,
1033,963,3011.19,397.41,15.29,12.43,0,190.16,
1038,963,1786.98,1678.06,19.02,23.61,1,449.0,Balisée #4
764,964,3085.23,1491.66,26.78,19.12,1,512.02,Balisée #3
771,964,1208.29,1740.63,17.22,14.57,1,250.94,Balisée #2
992,964,3507.71,1550.84,16.19,19.82,0,320.88,
994,964,2098.86,1850.84,22.2,18.01,0,399.66,
958,964,1306.86,1474.01,18.69,14.55,1,271.96,Balisée #1
1048,964,1580.94,555.89,16.95,16.71,0,283.2,
1052,964,1017.31,156.49,13.31,15.07,0,200.6,
1033,964,3010.05,397.68,15.28,12.28,0,187.63,
945,964,1186.54,826.01,29.49,21.46,1,632.7,Balisée #5
764,965,3087.1,1491.57,26.84,19.21,1,515.65,Balisée #3
771,965,1210.16,1741.86,17.2,14.49,1,249.35,Balisée #2
992,965,3506.8,1549.57,15.94,19.07,0,304.05,
994,965,2101.45,1850.41,22.83,18.89,0,431.32,
958,965,1305.68,1474.63,18.67,14.48,1,270.44,Balisée #1
1048,965,1582.36,556.61,16.74,16.2,0,271.2,
1052,965,1018.93,158.74,13.18,15.08,0,198.62,
1033,965,3008.32,397.4,15.43,12.32,0,190.08,
1088,965,2100.69,1845.97,18.01,19.93,0,359.01,
945,965,1184.84,825.99,29.45,21.29,1,626.95,Balisée #5
764,966,3089.51,1491.89,27.0,19.28,1,520.54,Balisée #3
771,966,1212.23,1743.09,17.55,14.74,1,258.7,Balisée #2
992,966,3506.52,1547.7,16.2,19.06,0,308.77,
994,966,2104.35,1850.18,22.85,19.37,0,442.61,
958,966,1304.91,1475.15,18.49,14.3,1,264.35,Balisée #1
1048,966,1586.23,558.01,16.24,15.45,0,250.81,
1052,966,1020.67,160.68,13.06,14.97,0,195.59,
1033,966,3007.69,397.33,15.69,12.53,0,196.52,
1088,966,2103.49,1845.44,17.08,18.88,0,322.46,
764,967,3092.49,1492.23,27.33,19.44,1,531.43,Balisée #3
771,967,1214.33,1743.78,17.4,14.59,1,253.87,Balisée #2
992,967,3506.35,1545.53,16.35,18.89,0,308.9,
958,967,1303.8,1475.16,19.13,14.78,1,282.8,Balisée #1
1048,967,1588.28,559.35,16.23,15.45,0,250.62,
1052,967,1022.19,162.34,12.65,14.62,0,184.99,
1033,967,3006.21,396.2,15.09,11.97,0,180.58,
1088,967,2106.57,1845.07,16.44,18.15,0,298.33,
1089,967,1786.78,1668.27,17.02,19.3,1,328.55,Balisée #4
764,968,3095.5,1492.66,27.12,19.22,1,521.23,Balisée #3
771,968,1216.3,1744.31,17.7,14.83,1,262.4,Balisée #2
992,968,3503.03,1544.2,16.62,18.91,0,314.37,
958,968,1302.95,1475.53,19.06,14.69,1,279.96,Balisée #1
1048,968,1590.57,561.22,16.09,15.31,0,246.32,
1052,968,1024.04,164.11,13.37,15.55,0,207.87,
1033,968,3005.0,395.33,14.96,11.77,0,176.11,
1088,968,2109.22,1845.12,16.6,18.24,0,302.92,
1089,968,1787.05,1667.16,17.81,20.17,1,359.13,Balisée #4
994,968,2109.65,1849.75,23.24,20.16,0,468.7,
764,969,3098.26,1492.89,27.83,19.77,1,550.28,Balisée #3
771,969,1218.42,1745.36,17.18,14.28,1,245.29,Balisée #2
992,969,3501.69,1542.95,16.35,18.27,0,298.82,
958,969,1302.33,1476.49,19.08,14.65,1,279.54,Balisée #1
1048,969,1592.66,563.45,15.86,15.12,0,239.69,
1052,969,1025.58,165.54,14.62,17.44,0,255.0,
1033,969,3003.75,395.09,15.27,11.9,0,181.7,
1088,969,2113.16,1844.9,16.4,17.81,0,292.04,
1089,969,1787.56,1666.71,18.28,20.67,1,377.87,Balisée #4
764,970,3101.09,1493.31,28.24,20.09,1,567.33,Balisée #3
771,970,1220.94,1746.37,17.86,14.85,1,265.14,Balisée #2
992,970,3501.21,1540.93,16.89,18.69,0,315.56,
958,970,1301.95,1477.33,18.74,14.3,1,267.85,Balisée #1
1048,970,1594.84,565.43,15.73,15.06,0,236.9,
1052,970,1027.02,169.28,15.43,18.7,0,288.56,
1033,970,3002.99,394.92,15.88,12.25,0,194.52,
1088,970,2115.82,1844.51,15.82,17.03,0,269.43,
764,971,3104.15,1493.41,27.46,19.54,1,536.45,Balisée #3
771,971,1222.57,1747.31,18.18,14.93,1,271.42,Balisée #2
992,971,3500.63,1538.79,17.27,19.12,0,330.25,
958,971,1301.13,1477.98,19.53,14.89,1,290.86,Balisée #1
1048,971,1597.2,566.96,15.71,14.97,0,235.14,
1052,971,1028.01,171.4,14.82,17.88,0,265.04,
1033,971,3002.58,393.94,15.65,11.85,0,185.53,
1088,971,2118.43,1844.28,15.56,16.57,0,257.79,
1089,971,1788.12,1663.41,19.48,22.01,1,428.79,Balisée #4
764,972,3107.6,1493.41,27.33,19.31,1,527.65,Balisée #3
771,972,1226.18,1748.03,18.73,15.45,1,289.4,Balisée #2
992,972,3500.62,1537.5,18.06,20.05,0,362.06,
958,972,1300.49,1478.42,18.9,14.37,1,271.53,Balisée #1
1048,972,1599.96,568.44,15.95,15.25,0,243.35,
1052,972,1028.89,172.5,14.26,16.79,0,239.49,
1033,972,3002.23,393.08,16.36,12.2,0,199.61,
1088,972,2121.41,1843.78,14.87,15.56,0,231.4,
764,973,3111.04,1493.19,27.78,19.65,1,545.84,Balisée #3
771,973,1228.16,1748.48,19.24,16.08,1,309.28,Balisée #2
992,973,3500.52,1534.82,18.32,20.43,0,374.11,
958,973,1299.71,1478.22,19.35,14.7,1,284.39,Balisée #1
1048,973,1602.36,569.06,15.94,15.22,0,242.57,
1052,973,1029.68,173.43,13.7,15.42,0,211.18,
1033,973,3001.99,392.53,16.7,12.26,0,204.75,
1088,973,2124.47,1843.29,14.29,14.61,0,208.75,
1094,973,3000.42,391.51,15.86,15.02,0,238.18,
1089,973,1788.93,1660.06,19.02,21.34,1,405.91,Balisée #4
764,974,3113.59,1492.75,27.96,19.85,1,555.06,Balisée #3
771,974,1229.59,1748.86,19.76,16.78,1,331.72,Balisée #2
992,974,3500.42,1532.49,17.32,19.23,0,333.21,
958,974,1298.59,1478.46,19.35,14.64,1,283.38,Balisée #1
1048,974,1603.95,569.88,15.29,14.58,0,223.01,
1052,974,1034.05,174.94,13.94,15.29,0,213.09,
1088,974,2127.52,1842.98,14.04,13.99,0,196.36,
1094,974,2999.33,391.04,14.91,14.09,0,210.13,
764,975,3116.66,1492.52,27.83,19.77,1,550.18,Balisée #3
771,975,1231.59,1748.86,19.45,16.81,1,326.85,Balisée #2
992,975,3500.61,1530.93,17.63,19.56,0,344.78,
958,975,1297.82,1479.22,19.04,14.27,1,271.76,Balisée #1
1048,975,1606.66,571.21,15.57,14.77,0,229.97,
1052,975,1035.95,176.23,14.08,15.2,0,214.12,
1088,975,2130.54,1842.77,14.06,13.68,0,192.46,
1094,975,2998.5,390.47,13.88,13.06,0,181.26,
764,976,3120.46,1492.56,27.65,19.63,1,542.95,Balisée #3
771,976,1233.96,1748.96,19.47,17.09,1,332.73,Balisée #2
992,976,3500.7,1529.32,17.63,19.5,0,343.78,
958,976,1297.59,1479.88,19.39,14.46,1,280.51,Balisée #1
1048,976,1609.46,572.95,15.59,14.74,0,229.89,
1052,976,1037.55,177.99,14.45,15.76,0,227.67,
1088,976,2133.67,1842.52,14.58,13.8,0,201.15,
1094,976,2998.17,389.75,13.78,12.89,0,177.66,
764,977,3124.31,1493.06,27.21,19.29,1,524.88,Balisée #3
771,977,1236.53,1749.19,19.78,17.63,1,348.84,Balisée #2
992,977,3501.07,1527.2,17.39,19.03,0,330.92,
958,977,1297.35,1480.72,19.49,14.43,1,281.21,Balisée #1
1048,977,1612.22,574.48,15.64,14.75,0,230.58,
1052,977,1038.67,179.65,14.17,15.62,0,221.39,
1088,977,2137.71,1842.2,14.98,13.82,0,207.0,
1094,977,2997.52,388.92,13.71,12.72,0,174.31,
764,978,3128.09,1493.49,27.73,19.63,1,544.41,Balisée #3
771,978,1238.99,1749.73,20.68,18.78,1,388.27,Balisée #2
992,978,3501.28,1525.28,17.94,19.53,0,350.34,
958,978,1295.37,1481.44,19.65,14.41,1,283.02,Balisée #1
1048,978,1614.98,575.89,15.19,14.32,0,217.51,
1052,978,1039.76,180.53,14.2,15.84,0,225.01,
1088,978,2140.97,1841.55,14.74,13.3,0,196.16,
1094,978,2996.73,387.87,13.31,12.24,0,162.86,
764,979,3132.03,1493.68,27.21,19.21,1,522.6,Balisée #3
771,979,1241.68,1753.11,20.41,18.81,1,383.96,Balisée #2
992,979,3501.25,1523.73,17.81,19.27,0,343.23,
958,979,1294.12,1481.83,19.23,14.04,1,270.03,Balisée #1
1048,979,1616.86,577.26,15.69,14.66,0,229.97,
1052,979,1041.47,182.02,13.78,15.39,0,212.17,
1088,979,2144.27,1841.17,15.22,13.55,0,206.28,
1094,979,2996.62,387.4,13.82,12.69,0,175.45,
764,980,3134.89,1493.44,27.02,19.07,1,515.44,Balisée #3
771,980,1243.27,1754.64,19.72,18.41,1,363.11,Balisée #2
992,980,3501.08,1521.8,17.49,18.81,0,329.02,
958,980,1293.17,1481.96,19.57,14.32,1,280.29,Balisée #1
1048,980,1618.13,578.02,16.52,15.23,0,251.65,
1052,980,1042.8,183.39,13.72,15.5,0,212.7,
1088,980,2146.92,1841.0,15.91,13.98,0,222.35,
1094,980,2995.82,386.99,13.77,12.58,0,173.28,
764,981,3138.32,1493.46,27.26,19.19,1,523.17,Balisée #3
771,981,1245.05,1755.4,19.03,17.84,1,339.44,Balisée #2
992,981,3504.83,1519.45,17.55,18.78,0,329.63,
958,981,1292.87,1482.21,19.33,14.17,1,273.83,Balisée #1
1048,981,1621.1,579.25,17.9,16.81,0,300.8,
1052,981,1044.22,185.01,13.08,14.76,0,193.06,
1088,981,2150.35,1840.99,15.72,13.58,0,213.44,
1094,981,2995.62,386.11,13.74,12.45,0,171.02,
764,982,3141.99,1493.65,27.27,19.11,1,521.05,Balisée #3
771,982,1246.24,1755.58,18.98,17.74,1,336.58,Balisée #2
992,982,3505.71,1518.09,17.51,18.45,0,323.1,
958,982,1292.55,1482.61,18.95,13.93,1,264.09,Balisée #1
1048,982,1624.13,580.15,17.47,16.53,0,288.66,
1052,982,1045.71,186.13,13.96,15.96,0,222.81,
1088,982,2153.75,1840.67,15.69,13.36,0,209.53,
1094,982,2995.43,385.33,14.46,13.07,0,188.97,
764,983,3145.87,1493.42,27.42,19.19,1,526.33,Balisée #3
771,983,1249.1,1755.54,19.29,17.86,1,344.65,Balisée #2
992,983,3506.92,1516.23,17.23,18.14,0,312.64,
958,983,1292.18,1483.34,19.78,14.61,1,288.99,Balisée #1
1048,983,1627.15,581.6,16.67,15.73,0,262.28,
1052,983,1047.38,187.92,13.95,16.1,0,224.67,
1088,983,2157.07,1840.11,16.46,13.84,0,227.84,
1094,983,2995.35,383.85,14.39,12.96,0,186.44,
764,984,3149.84,1493.71,27.89,19.55,1,545.29,Balisée #3
771,984,1251.34,1755.58,19.19,17.73,1,340.23,Balisée #2
992,984,3507.72,1514.36,17.88,19.06,0,340.82,
958,984,1291.42,1483.8,20.54,15.26,1,313.39,Balisée #1
1048,984,1629.45,583.51,16.58,15.41,0,255.44,
1052,984,1048.93,188.85,14.38,16.72,0,240.52,
1088,984,2159.19,1839.97,16.63,13.57,0,225.7,
1094,984,2994.82,382.41,13.85,12.36,0,171.28,
764,985,3153.23,1494.01,28.26,19.89,1,561.99,Balisée #3
771,985,1254.07,1755.83,18.7,17.14,1,320.58,Balisée #2
992,985,3507.71,1513.46,18.44,19.86,0,366.18,
958,985,1290.36,1484.12,21.07,15.82,1,333.35,Balisée #1
1048,985,1633.48,584.65,16.49,15.01,0,247.63,
1052,985,1050.44,189.55,15.0,17.74,0,266.08,
1088,985,2162.98,1839.55,16.82,13.6,0,228.69,
1094,985,2994.9,381.18,14.14,12.55,0,177.43,
764,986,3156.73,1494.39,28.23,19.87,1,560.92,Balisée #3
771,986,1256.87,1756.47,17.63,15.86,1,279.6,Balisée #2
992,986,3507.94,1510.87,18.78,20.52,0,385.33,
958,986,1289.63,1484.28,21.28,16.14,1,343.42,Balisée #1
1048,986,1635.6,585.42,16.55,14.99,0,247.99,
1052,986,1051.65,190.44,16.22,19.44,0,315.28,
1088,986,2166.65,1839.28,16.73,13.42,0,224.38,
1094,986,2995.03,380.47,14.67,13.02,0,190.96,
764,987,3160.53,1494.34,27.95,19.72,1,551.15,Balisée #3
771,987,1258.83,1756.88,17.12,15.09,1,258.24,Balisée #2
992,987,3508.2,1509.16,17.56,19.33,0,339.34,
958,987,1288.59,1484.33,21.24,16.27,1,345.51,Balisée #1
1048,987,1637.35,586.85,16.8,15.29,0,256.81,
1088,987,2169.75,1839.06,17.31,13.81,0,239.12,
1094,987,2995.02,380.48,14.68,13.03,0,191.37,
764,988,3164.05,1494.23,28.09,19.79,1,555.84,Balisée #3
771,988,1260.48,1756.82,17.23,14.96,1,257.86,Balisée #2
992,988,3508.24,1507.3,17.35,19.27,0,334.38,
958,988,1287.77,1484.31,21.03,16.25,1,341.76,Balisée #1
1048,988,1639.91,588.22,16.93,15.51,0,262.6,
1088,988,2172.91,1838.83,17.33,13.74,0,238.18,
1094,988,2995.29,380.01,13.92,12.16,0,169.34,
1052,988,1053.66,195.09,15.02,17.38,0,261.0,
764,989,3167.34,1494.12,28.14,19.85,1,558.52,Balisée #3
771,989,1262.41,1756.49,18.03,15.49,1,279.26,Balisée #2
992,989,3508.59,1505.34,17.39,19.62,0,341.12,
958,989,1287.55,1484.45,21.22,16.57,1,351.69,Balisée #1
1048,989,1642.14,589.28,16.54,15.18,0,251.18,
1088,989,2176.48,1838.41,17.37,13.65,0,237.21,
1094,989,2995.44,379.87,13.56,11.65,0,157.95,
1052,989,1058.32,196.75,14.0,15.77,0,220.8,
764,990,3170.67,1494.18,27.77,19.64,1,545.43,Balisée #3
771,990,1265.03,1756.33,18.52,15.74,1,291.46,Balisée #2
992,990,3508.71,1503.92,16.55,18.83,0,311.58,
958,990,1287.64,1484.78,21.82,17.26,1,376.77,Balisée #1
1048,990,1645.18,590.6,16.38,15.09,0,247.22,
1088,990,2180.19,1837.82,17.95,14.06,0,252.35,
1094,990,2995.53,378.85,13.88,11.71,0,162.57,
1052,990,1060.82,198.54,13.79,15.54,0,214.33,
764,991,3174.16,1494.56,27.7,19.57,1,542.22,Balisée #3
771,991,1267.84,1756.39,18.6,15.64,1,290.98,Balisée #2
992,991,3509.74,1502.29,15.84,18.25,0,289.11,
1048,991,1647.95,592.56,16.73,15.45,0,258.51,
1088,991,2182.68,1837.41,18.06,13.94,0,251.75,
1094,991,2995.42,378.27,14.11,11.71,0,165.19,
1052,991,1062.49,200.14,13.12,14.83,0,194.61,
764,992,3178.14,1494.71,27.98,19.76,1,552.85,Balisée #3
771,992,1270.25,1756.56,18.58,15.43,1,286.62,Balisée #2
992,992,3510.28,1500.93,16.13,18.83,0,303.65,
1048,992,1650.65,594.37,16.42,15.18,0,249.18,
1088,992,2186.47,1837.0,18.13,13.95,0,252.92,
1094,992,2994.56,377.63,14.15,11.57,0,163.72,
1052,992,1064.02,201.38,13.18,15.0,0,197.66,
764,993,3181.75,1494.51,27.33,19.24,1,525.89,Balisée #3
771,993,1273.22,1756.98,19.05,15.65,1,298.21,Balisée #2
992,993,3510.38,1499.54,16.13,19.24,0,310.38,
1048,993,1652.99,595.54,16.36,14.98,0,244.97,
1088,993,2190.06,1837.02,18.22,14.0,0,255.18,
1094,993,2995.38,377.38,14.11,11.35,0,160.07,
1052,993,1065.86,202.71,13.54,15.54,0,210.4,
764,994,3185.29,1494.83,27.57,19.45,1,536.39,Balisée #3
771,994,1275.92,1757.67,18.92,15.44,1,292.02,Balisée #2
992,994,3511.58,1497.47,15.62,18.87,0,294.82,
1048,994,1654.67,596.21,17.18,15.45,0,265.46,
1088,994,2193.66,1836.92,18.38,14.09,0,258.97,
1094,994,2995.7,377.74,14.66,11.64,0,170.69,
1052,994,1067.95,204.44,13.72,15.89,0,218.07,
764,995,3188.81,1495.49,27.86,19.69,1,548.62,Balisée #3
771,995,1278.34,1758.01,19.23,15.65,1,300.9,Balisée #2
992,995,3512.23,1496.36,15.44,18.83,0,290.72,
1048,995,1658.39,597.19,18.88,17.15,0,323.76,
1088,995,2196.95,1837.08,18.23,13.99,0,255.05,
1094,995,2995.17,378.16,14.57,11.4,0,166.11,
1052,995,1069.66,206.7,13.51,15.71,0,212.2,
764,996,3191.97,1496.32,27.8,19.65,1,546.38,Balisée #3
771,996,1280.62,1758.26,19.57,15.99,1,312.9,Balisée #2
992,996,3512.58,1494.98,15.7,19.37,0,304.26,
1048,996,1660.85,601.26,19.4,17.91,0,347.32,
1088,996,2200.12,1837.57,18.58,14.26,0,265.06,
1094,996,2995.25,378.63,14.77,11.46,0,169.2,
1052,996,1071.19,209.19,13.3,15.45,0,205.42,
764,997,3195.96,1496.59,26.9,18.9,1,508.49,Balisée #3
771,997,1282.94,1758.19,20.0,16.44,1,328.95,Balisée #2
1048,997,1663.5,603.41,18.39,17.09,0,314.41,
1088,997,2203.28,1837.08,18.23,13.99,0,254.95,
1094,997,2995.1,378.5,15.37,11.87,0,182.39,
1052,997,1072.78,211.0,13.61,15.92,0,216.69,
958,997,1282.65,1491.11,17.83,13.59,1,242.25,Balisée #1
764,998,3198.85,1496.56,27.39,19.19,1,525.63,Balisée #3
771,998,1285.23,1758.41,20.32,16.85,1,342.32,Balisée #2
1048,998,1666.14,604.47,17.45,16.24,0,283.38,
1088,998,2205.95,1836.51,18.48,14.12,0,261.0,
1094,998,2993.93,378.42,15.35,11.79,0,180.99,
1052,998,1074.06,212.52,14.04,16.49,0,231.49,
958,998,1282.01,1492.3,17.74,13.23,1,234.76,Balisée #1
992,998,3513.11,1491.44,15.03,18.82,0,282.77,
764,999,3201.83,1496.29,27.98,19.68,1,550.53,Balisée #3
771,999,1287.55,1758.41,20.4,17.18,1,350.63,Balisée #2
1048,999,1668.65,605.21,16.51,15.24,0,251.65,
1088,999,2209.58,1835.7,18.51,13.98,0,258.9,
1094,999,2992.73,378.79,15.22,11.57,0,176.06,
1052,999,1075.1,213.28,14.49,17.17,0,248.77,
958,999,1281.32,1492.98,18.33,13.59,1,249.13,Balisée #1
992,999,3513.15,1490.02,15.32,19.44,0,297.88,
764,1000,3204.45,1496.17,28.08,19.84,1,557.21,Balisée #3
771,1000,1290.01,1758.34,20.78,17.82,1,370.31,Balisée #2
1048,1000,1670.73,606.11,16.26,14.95,0,243.1,
1088,1000,2212.02,1835.65,18.45,13.94,0,257.31,
1094,1000,2992.23,378.71,14.97,11.21,0,167.72,
1052,1000,1075.87,217.13,15.53,18.57,0,288.34,
958,1000,1280.52,1493.44,18.28,13.49,1,246.61,Balisée #1
992,1000,3513.99,1488.87,16.16,20.97,0,338.91,
764,1001,3207.69,1496.45,27.62,19.46,1,537.4,Balisée #3
771,1001,1291.96,1758.33,20.46,17.81,1,364.39,Balisée #2
1048,1001,1672.82,607.34,16.41,15.12,0,248.08,
1088,1001,2215.4,1835.9,18.42,13.88,0,255.6,
1094,1001,2991.68,379.06,15.22,11.26,0,171.35,
1052,1001,1076.89,218.95,15.54,18.35,0,285.14,
958,1001,1279.34,1493.42,18.09,13.21,1,238.98,Balisée #1
992,1001,3513.83,1486.78,16.01,21.05,0,336.94,
764,1002,3211.27,1496.97,27.54,19.39,1,533.84,Balisée #3
771,1002,1293.64,1757.95,20.37,17.89,1,364.36,Balisée #2
1048,1002,1675.63,609.72,16.25,14.9,0,242.0,
1088,1002,2219.06,1835.97,18.15,13.64,0,247.55,
1094,1002,2991.36,379.53,15.64,11.44,0,178.94,
1052,1002,1077.85,220.5,14.7,16.65,0,244.69,
958,1002,1278.45,1493.35,18.47,13.43,1,247.98,Balisée #1
992,1002,3514.01,1484.62,14.73,19.53,0,287.79,
764,1003,3215.01,1497.12,27.1,19.08,1,517.04,Balisée #3
771,1003,1294.89,1757.87,20.61,18.1,1,373.18,Balisée #2
1048,1003,1677.57,611.81,16.56,15.0,0,248.34,
1088,1003,2222.35,1836.09,18.27,13.74,0,251.08,
1094,1003,2991.27,380.13,15.52,11.21,0,173.99,
1052,1003,1082.45,222.47,14.31,15.96,0,228.42,
958,1003,1277.9,1493.86,19.0,13.78,1,261.84,Balisée #1
992,1003,3515.19,1482.86,14.42,19.03,0,274.49,
764,1004,3218.67,1497.84,28.02,19.77,1,554.03,Balisée #3
771,1004,1298.19,1757.97,20.54,18.24,1,374.63,Balisée #2
1048,1004,1681.59,613.43,16.68,14.86,0,247.92,
1088,1004,2225.07,1835.95,18.86,14.22,0,268.23,
1094,1004,2991.07,380.62,15.59,11.08,0,172.65,
1052,1004,1084.61,224.48,13.71,15.16,0,207.75,
958,1004,1277.13,1495.08,19.05,13.83,1,263.39,Balisée #1
992,1004,3515.81,1482.25,13.96,18.43,0,257.22,
764,1005,3221.76,1498.54,28.04,19.81,1,555.49,Balisée #3
771,1005,1300.09,1758.16,20.4,18.42,1,375.7,Balisée #2
1048,1005,1683.57,614.56,16.07,14.14,0,227.37,
1088,1005,2227.95,1835.5,19.06,14.39,0,274.13,
1052,1005,1085.45,225.53,14.0,15.51,0,217.11,
958,1005,1276.04,1495.86,19.21,13.95,1,267.97,Balisée #1
992,1005,3516.6,1480.22,14.21,18.77,0,266.76,
764,1006,3225.12,1498.95,28.25,20.0,1,565.05,Balisée #3
771,1006,1301.97,1758.45,20.27,18.6,1,377.04,Balisée #2
1048,1006,1685.33,615.77,16.01,14.03,0,224.55,
1088,1006,2230.68,1835.66,19.01,14.18,0,269.52,
1052,1006,1086.24,227.19,13.23,14.69,0,194.4,
958,1006,1275.21,1496.81,19.29,14.0,1,270.14,Balisée #1
992,1006,3517.79,1478.92,13.96,18.51,0,258.38,
1094,1006,2990.62,382.09,15.86,11.04,0,175.22,
764,1007,3229.31,1499.39,27.87,19.71,1,549.34,Balisée #3
771,1007,1303.51,1758.55,20.32,19.0,1,386.19,Balisée #2
1048,1007,1687.71,617.04,16.09,14.06,0,226.14,
1088,1007,2234.63,1835.96,18.98,14.15,0,268.63,
1052,1007,1087.39,228.63,13.79,15.45,0,213.04,
958,1007,1274.28,1497.35,19.62,14.23,1,279.25,Balisée #1
992,1007,3519.25,1477.48,13.42,17.65,0,236.93,
1094,1007,2990.88,383.04,15.97,10.97,0,175.25,
764,1008,3232.97,1499.41,28.24,19.98,1,564.39,Balisée #3
771,1008,1304.99,1758.33,20.22,19.08,1,385.93,Balisée #2
1048,1008,1690.11,618.25,16.03,13.94,0,223.33,
1088,1008,2238.01,1836.05,19.17,14.38,0,275.66,
1052,1008,1088.98,230.77,13.69,15.43,0,211.25,
958,1008,1273.5,1497.65,19.6,14.1,1,276.39,Balisée #1
992,1008,3520.48,1475.99,13.67,17.95,0,245.4,
1094,1008,2990.48,383.11,16.5,11.14,0,183.71,
764,1009,3236.39,1498.94,28.29,20.04,1,567.14,Balisée #3
771,1009,1306.52,1757.7,19.36,18.55,1,359.14,Balisée #2
1048,1009,1692.67,619.22,16.17,14.0,0,226.47,
1088,1009,2241.45,1836.11,19.36,14.53,0,281.4,
1052,1009,1090.43,232.4,13.68,15.52,0,212.37,
958,1009,1273.03,1497.85,19.71,14.02,1,276.39,Balisée #1
992,1009,3521.64,1474.12,13.59,17.78,0,241.69,
1094,1009,2990.18,383.01,16.28,10.7,0,174.29,
764,1010,3240.35,1498.77,28.36,20.21,1,572.96,Balisée #3
771,1010,1308.5,1756.64,19.67,19.09,1,375.5,Balisée #2
1048,1010,1695.62,620.71,15.54,13.31,0,206.87,
1088,1010,2245.11,1835.53,19.01,14.23,0,270.5,
1052,1010,1092.15,233.76,13.42,15.25,0,204.6,
958,1010,1272.85,1498.12,20.13,14.22,1,286.22,Balisée #1
992,1010,3523.12,1472.18,13.72,17.79,0,244.09,
1094,1010,2990.15,382.53,17.52,11.42,0,200.06,
764,1011,3244.33,1499.27,27.63,19.65,1,542.84,Balisée #3
771,1011,1310.88,1755.82,19.3,19.0,1,366.74,Balisée #2
1048,1011,1698.47,621.75,15.6,13.29,0,207.25,
1088,1011,2249.0,1834.71,19.14,14.41,0,275.8,
1052,1011,1094.23,235.41,13.32,15.26,0,203.3,
958,1011,1271.13,1499.12,19.75,13.81,1,272.74,Balisée #1
992,1011,3524.29,1470.84,14.43,18.41,0,265.63,
1094,1011,2990.33,382.55,17.34,11.17,0,193.66,
764,1012,3249.0,1499.41,28.16,20.02,1,563.85,Balisée #3
771,1012,1313.09,1755.69,19.05,19.01,1,362.03,Balisée #2
1048,1012,1701.33,622.61,15.82,13.39,0,211.81,
1088,1012,2252.27,1834.18,19.31,14.59,0,281.77,
1052,1012,1095.7,236.37,13.69,15.76,0,215.67,
958,1012,1270.44,1499.72,19.97,13.9,1,277.54,Balisée #1
992,1012,3525.11,1469.27,14.7,18.29,0,268.81,
1094,1012,2990.14,382.55,17.76,11.31,0,200.81,
764,1013,3253.42,1499.67,27.56,19.56,1,539.05,Balisée #3
771,1013,1315.15,1755.59,18.91,19.18,1,362.8,Balisée #2
1048,1013,1703.99,623.29,16.23,13.66,0,221.68,
1088,1013,2254.95,1834.41,19.68,14.75,0,290.23,
1052,1013,1097.15,237.32,14.63,17.19,0,251.51,
958,1013,1270.12,1500.62,20.83,14.53,1,302.62,Balisée #1
992,1013,3525.52,1467.7,14.42,17.35,0,250.24,
1094,1013,2990.05,383.45,17.39,10.88,0,189.08,
1113,1013,1764.66,1625.61,24.6,17.33,0,426.42,
764,1014,3257.1,1499.6,28.01,19.89,1,557.23,Balisée #3
771,1014,1316.84,1755.41,18.57,18.95,1,351.94,Balisée #2
1048,1014,1706.75,624.4,16.27,13.63,0,221.66,
1088,1014,2258.83,1834.34,19.22,14.43,0,277.32,
1052,1014,1098.7,238.18,15.69,18.77,0,294.57,
958,1014,1269.46,1501.59,20.18,14.13,1,285.14,Balisée #1
992,1014,3529.66,1466.37,15.49,18.44,0,285.7,
1094,1014,2989.98,384.19,17.95,11.11,0,199.35,
1113,1014,1764.11,1625.51,26.13,18.44,0,481.93,
764,1015,3260.21,1499.82,28.27,20.18,1,570.44,Balisée #3
771,1015,1317.94,1754.75,18.79,19.17,1,360.18,Balisée #2
1048,1015,1709.4,625.76,16.05,13.34,0,214.13,
1088,1015,2262.48,1834.38,18.92,14.19,0,268.55,
1052,1015,1099.87,241.79,15.35,18.33,0,281.36,
958,1015,1268.99,1502.35,20.56,14.43,1,296.57,Balisée #1
992,1015,3531.06,1465.61,16.39,19.4,0,317.85,
1094,1015,2989.57,385.29,17.87,10.82,0,193.36,
1113,1015,1762.49,1626.27,26.47,18.72,0,495.73,
764,1016,3263.51,1500.32,28.25,20.18,1,570.14,Balisée #3
771,1016,1321.28,1754.26,19.28,19.62,1,378.33,Balisée #2
1048,1016,1712.26,627.45,16.61,13.77,0,228.69,
1088,1016,2266.18,1834.57,18.93,14.28,0,270.26,
1052,1016,1101.11,244.11,14.26,16.4,0,233.87,
958,1016,1268.79,1503.21,20.71,14.58,1,301.87,Balisée #1
992,1016,3532.21,1465.26,16.75,19.99,0,334.93,
1094,1016,2989.3,385.92,17.85,10.56,0,188.41,
1113,1016,1762.02,1626.8,26.59,18.88,0,502.0,
764,1017,3267.55,1500.63,27.7,19.73,1,546.62,Balisée #3
771,1017,1323.14,1753.98,19.45,19.97,1,388.6,Balisée #2
1048,1017,1715.79,628.88,16.99,14.07,0,239.02,
1088,1017,2269.47,1834.35,18.86,14.24,0,268.55,
1052,1017,1106.11,247.39,13.84,15.54,0,215.08,
958,1017,1268.61,1503.99,20.55,14.55,1,299.13,Balisée #1
992,1017,3532.84,1462.67,16.65,20.06,0,334.03,
1094,1017,2989.3,386.17,18.17,10.56,0,191.95,
1113,1017,1760.93,1627.47,26.51,18.9,0,501.06,
1116,1017,1104.76,843.91,29.24,22.23,0,650.1,
764,1018,3271.38,1500.37,27.58,19.64,1,541.58,Balisée #3
771,1018,1325.1,1751.64,19.72,20.73,1,408.83,Balisée #2
1048,1018,1718.95,629.99,16.56,13.64,0,225.86,
1088,1018,2273.26,1833.79,19.28,14.62,0,281.78,
1052,1018,1108.3,248.87,13.89,15.44,0,214.42,
958,1018,1268.8,1504.7,20.93,14.95,1,312.78,Balisée #1
992,1018,3533.51,1461.3,15.79,19.25,0,303.97,
1113,1018,1759.97,1627.95,26.27,18.81,0,494.27,
764,1019,3275.1,1500.36,27.84,19.86,1,552.72,Balisée #3
771,1019,1327.57,1750.78,19.53,21.06,1,411.34,Balisée #2
1048,1019,1721.54,630.7,16.65,13.67,0,227.57,
1088,1019,2276.73,1833.06,19.51,14.82,0,289.1,
1052,1019,1109.89,250.88,13.75,15.4,0,211.72,
958,1019,1268.2,1505.91,20.75,14.88,1,308.76,Balisée #1
992,1019,3534.42,1459.57,14.75,18.01,0,265.69,
1113,1019,1759.0,1628.37,26.51,19.1,0,506.41,
1116,1019,1103.48,846.69,29.57,22.52,0,665.84,
764,1020,3278.44,1500.55,27.84,19.86,1,552.96,Balisée #3
771,1020,1329.98,1750.4,19.12,21.05,1,402.65,Balisée #2
1048,1020,1724.13,632.02,16.85,13.81,0,232.56,
1088,1020,2279.09,1832.81,19.51,14.68,0,286.38,
1052,1020,1111.83,252.35,13.76,15.49,0,213.15,
958,1020,1267.39,1506.8,20.74,14.95,1,310.13,Balisée #1
992,1020,3535.32,1458.19,14.88,18.29,0,272.18,
1113,1020,1758.07,1629.05,26.25,19.07,0,500.56,
1119,1020,2984.4,388.46,15.96,15.07,0,240.48,
764,1021,3281.98,1500.69,28.16,20.09,1,565.89,Balisée #3
771,1021,1331.96,1749.83,17.99,20.16,1,362.8,Balisée #2
1048,1021,1726.45,633.46,17.18,13.79,0,236.86,
1088,1021,2283.11,1832.54,19.58,14.77,0,289.24,
1052,1021,1113.59,254.31,13.62,15.32,0,208.71,
958,1021,1266.72,1507.21,20.4,14.75,1,300.84,Balisée #1
992,1021,3536.29,1457.33,14.86,18.29,0,271.71,
1113,1021,1757.14,1629.27,26.01,19.04,0,495.21,
1116,1021,1100.82,848.88,28.04,21.33,0,598.13,
764,1022,3286.17,1500.51,27.95,19.92,1,556.73,Balisée #3
771,1022,1333.88,1748.99,16.48,18.51,1,305.06,Balisée #2
1048,1022,1730.46,634.27,16.91,13.48,0,228.03,
1088,1022,2287.43,1831.98,19.26,14.58,0,280.76,
1052,1022,1115.95,256.87,13.6,15.38,0,209.16,
958,1022,1266.34,1507.61,20.65,15.05,1,310.83,Balisée #1
992,1022,3537.16,1456.06,14.36,17.75,0,255.01,
1113,1022,1756.49,1629.4,26.29,19.41,0,510.46,
764,1023,3289.77,1500.17,27.58,19.62,1,541.09,Balisée #3
771,1023,1335.7,1748.35,15.73,17.68,1,278.14,Balisée #2
1048,1023,1733.48,635.27,16.65,13.25,0,220.62,
1088,1023,2291.17,1831.46,18.99,14.37,0,272.91,
1052,1023,1118.34,259.19,14.15,16.15,0,228.56,
958,1023,1266.21,1507.96,20.9,15.4,1,321.83,Balisée #1
992,1023,3537.97,1453.97,14.03,17.36,0,243.57,
1113,1023,1755.27,1630.28,26.1,19.42,0,507.06,
1119,1023,2983.47,389.51,13.88,12.99,0,180.34,
764,1024,3292.83,1499.69,28.25,20.16,1,569.57,Balisée #3
771,1024,1337.41,1746.89,14.63,16.43,1,240.36,Balisée #2
1048,1024,1736.12,636.27,16.58,13.14,0,217.75,
1088,1024,2294.58,1830.63,19.13,14.58,0,278.95,
1052,1024,1120.44,260.58,14.24,16.44,0,234.06,
958,1024,1266.0,1508.46,21.84,16.31,1,356.23,Balisée #1
992,1024,3538.87,1451.68,14.51,18.03,0,261.7,
1113,1024,1754.15,1630.79,24.9,18.63,0,463.9,
1119,1024,2982.16,389.54,13.91,12.92,0,179.8,
764,1025,3295.94,1499.36,27.87,19.93,1,555.44,Balisée #3
771,1025,1339.47,1745.86,15.59,17.6,1,274.43,Balisée #2
1048,1025,1739.23,637.37,16.56,13.01,0,215.43,
1088,1025,2298.09,1829.84,19.02,14.56,0,276.98,
1052,1025,1122.6,261.78,15.36,18.01,0,276.67,
958,1025,1265.66,1508.86,22.55,17.12,1,386.01,Balisée #1
992,1025,3539.65,1450.55,14.5,17.96,0,260.44,
1113,1025,1753.53,1631.64,25.7,19.42,0,498.93,
1119,1025,2980.77,389.52,14.09,12.96,0,182.63,
1116,1025,1097.04,851.44,28.87,22.0,0,635.01,
764,1026,3299.96,1498.71,28.26,20.19,1,570.59,Balisée #3
771,1026,1341.17,1745.3,16.03,17.88,1,286.65,Balisée #2
1048,1026,1742.41,637.86,17.07,13.37,0,228.1,
1088,1026,2301.58,1828.95,19.23,14.73,0,283.26,
1052,1026,1124.27,265.61,15.71,18.38,0,288.73,
958,1026,1265.77,1509.08,22.74,17.58,1,399.8,Balisée #1
992,1026,3540.84,1448.8,14.67,18.28,0,268.19,
1113,1026,1753.19,1632.09,25.29,19.33,0,488.82,
1116,1026,1096.54,852.27,28.85,22.0,0,634.7,
764,1027,3304.21,1498.03,27.65,19.73,1,545.51,Balisée #3
771,1027,1345.32,1744.26,15.55,16.86,1,262.19,Balisée #2
1048,1027,1745.38,638.01,16.91,13.25,0,224.11,
1088,1027,2305.93,1828.3,19.89,15.32,0,304.7,
1052,1027,1125.52,267.59,15.34,17.5,0,268.38,
958,1027,1265.84,1509.13,22.56,17.73,1,399.96,Balisée #1
992,1027,3542.69,1446.16,14.78,18.47,0,273.02,
1113,1027,1752.68,1632.18,25.38,19.6,0,497.25,
764,1028,3308.24,1497.22,26.95,19.19,1,517.2,Balisée #3
771,1028,1347.58,1743.14,15.72,16.92,1,265.97,Balisée #2
1048,1028,1748.76,638.62,17.08,13.31,0,227.25,
1088,1028,2309.46,1827.81,20.51,16.05,0,329.3,
1052,1028,1130.28,268.68,14.69,16.47,0,241.94,
958,1028,1265.48,1509.07,22.23,17.67,1,392.65,Balisée #1
992,1028,3543.64,1444.64,15.03,18.98,0,285.26,
1113,1028,1752.19,1632.3,25.67,20.0,0,513.43,
1119,1028,2979.15,389.73,14.02,12.61,0,176.79,
1116,1028,1095.18,853.62,28.76,21.86,0,628.76,
764,1029,3312.44,1496.3,27.82,19.83,1,551.81,Balisée #3
771,1029,1349.02,1742.1,16.44,17.83,1,293.13,Balisée #2
1048,1029,1753.19,639.69,17.46,13.4,0,233.96,
1088,1029,2313.1,1827.32,21.34,16.95,0,361.74,
1052,1029,1133.0,270.45,14.06,15.78,0,221.75,
958,1029,1265.22,1509.04,22.02,17.65,1,388.64,Balisée #1
992,1029,3544.66,1443.01,14.7,18.63,0,273.8,
1113,1029,1751.63,1632.86,26.2,20.66,0,541.27,
1119,1029,2978.7,389.91,14.07,12.31,0,173.23,
1116,1029,1094.53,853.75,28.63,21.75,0,622.5,
764,1030,3315.73,1496.14,28.11,20.08,1,564.36,Balisée #3
771,1030,1350.66,1740.92,15.58,16.99,1,264.82,Balisée #2
1048,1030,1755.84,640.83,17.14,13.15,0,225.28,
1088,1030,2317.47,1826.21,19.51,15.32,0,298.98,
1052,1030,1135.35,272.53,13.93,15.71,0,218.8,
992,1030,3545.67,1442.1,14.86,18.91,0,281.02,
1113,1030,1750.62,1633.29,24.98,19.98,0,499.02,
1119,1030,2978.63,390.58,13.87,11.76,0,163.07,
764,1031,3319.51,1495.86,27.33,19.46,1,531.93,Balisée #3
771,1031,1352.19,1740.13,15.73,17.28,1,271.95,Balisée #2
1048,1031,1758.19,641.39,16.96,12.96,0,219.66,
1088,1031,2320.67,1825.36,18.55,14.56,0,270.1,
1052,1031,1136.95,273.89,13.31,15.02,0,200.0,
992,1031,3546.8,1438.97,15.4,19.84,0,305.57,
1113,1031,1749.99,1633.55,25.89,21.02,0,544.16,
1119,1031,2978.41,391.19,14.45,11.92,0,172.17,
958,1031,1265.16,1509.5,22.72,18.56,1,421.78,Balisée #1
1116,1031,1092.69,854.71,28.93,21.95,0,634.89,
764,1032,3323.82,1495.51,27.97,19.91,1,556.86,Balisée #3
771,1032,1353.89,1739.43,15.96,17.66,1,281.83,Balisée #2
1048,1032,1760.76,641.74,16.84,12.81,0,215.64,
1088,1032,2324.47,1824.45,18.76,14.81,0,277.84,
1052,1032,1138.7,275.14,13.45,15.21,0,204.62,
992,1032,3547.84,1437.88,15.74,20.32,0,319.79,
1113,1032,1749.02,1634.82,25.74,21.31,0,548.63,
1119,1032,2977.9,391.81,14.9,11.87,0,176.82,
764,1033,3327.57,1494.89,28.24,20.09,1,567.46,Balisée #3
771,1033,1356.0,1738.37,16.0,17.92,1,286.66,Balisée #2
1048,1033,1764.05,642.18,17.07,12.95,0,221.08,
1088,1033,2327.85,1823.91,18.4,14.51,0,266.96,
1052,1033,1141.6,276.84,13.42,15.18,0,203.69,
992,1033,3548.8,1436.55,15.43,19.58,0,302.15,
1113,1033,1748.54,1635.8,25.44,21.36,0,543.24,
1119,1033,2975.25,391.95,15.44,11.93,0,184.15,
764,1034,3331.66,1494.94,27.67,19.71,1,545.44,Balisée #3
771,1034,1358.14,1737.73,16.31,18.42,1,300.42,Balisée #2
1048,1034,1767.16,642.34,17.47,13.27,0,231.89,
1088,1034,2331.82,1823.52,18.07,14.19,0,256.41,
1052,1034,1143.96,279.06,13.68,15.48,0,211.74,
992,1034,3549.61,1434.78,15.2,18.72,0,284.56,
1113,1034,1747.84,1636.95,25.82,22.1,0,570.63,
1119,1034,2974.17,392.08,15.94,12.01,0,191.45,
1124,1034,2977.68,391.88,20.8,11.82,0,245.93,
764,1035,3335.65,1494.32,27.92,19.91,1,555.94,Balisée #3
771,1035,1360.09,1736.85,16.09,18.3,1,294.31,Balisée #2
1048,1035,1769.93,642.74,17.57,13.35,0,234.58,
1088,1035,2335.74,1822.93,17.9,13.98,0,250.23,
1052,1035,1146.24,280.92,13.34,15.08,0,201.14,
1113,1035,1747.39,1638.18,25.3,22.07,0,558.28,
1119,1035,2973.64,392.41,16.29,12.03,0,196.0,
1116,1035,1090.11,858.21,28.83,21.95,0,632.62,
764,1036,3340.05,1494.14,28.21,20.09,1,566.75,Balisée #3
771,1036,1361.69,1736.09,15.98,18.3,1,292.58,Balisée #2
1048,1036,1773.03,643.38,18.64,14.24,0,265.34,
1088,1036,2338.81,1822.91,18.26,14.05,0,256.59,
1052,1036,1147.96,283.26,13.62,15.19,0,206.93,
1113,1036,1746.92,1639.16,24.86,22.07,0,548.8,
1119,1036,2973.27,393.15,16.11,11.67,0,187.99,
992,1036,3554.42,1431.96,15.64,18.98,0,296.88,
764,1037,3344.29,1494.06,28.08,19.99,1,561.37,Balisée #3
771,1037,1363.29,1735.62,16.42,19.0,1,312.01,Balisée #2
1048,1037,1776.99,643.9,19.88,15.15,0,301.15,
1088,1037,2342.41,1821.59,21.51,16.9,0,363.58,
1052,1037,1149.45,284.95,15.31,16.84,0,257.83,
1113,1037,1746.06,1640.35,25.51,23.1,0,589.34,
1119,1037,2972.92,393.94,16.28,11.65,0,189.7,
1126,1037,2339.97,1822.93,14.49,14.86,0,215.35,
992,1037,3555.69,1430.01,15.29,18.32,0,280.0,
764,1038,3348.5,1493.89,27.51,19.57,1,538.46,Balisée #3
771,1038,1364.98,1734.72,15.99,18.69,1,298.84,Balisée #2
1048,1038,1779.47,644.26,20.52,15.86,0,325.34,
1088,1038,2346.32,1820.93,21.92,17.56,0,384.8,
1052,1038,1153.72,285.64,16.15,17.58,0,284.04,
1113,1038,1745.15,1641.93,25.07,23.08,0,578.66,
1119,1038,2972.65,395.14,16.5,11.73,0,193.5,
992,1038,3556.97,1428.53,15.67,19.0,0,297.74,
764,1039,3352.37,1493.89,28.19,20.13,1,567.36,Balisée #3
771,1039,1366.66,1734.3,15.85,18.63,1,295.32,Balisée #2
1048,1039,1781.65,644.56,20.95,16.51,0,345.84,
1088,1039,2349.81,1820.57,21.73,17.58,0,382.19,
1052,1039,1155.95,289.25,17.15,18.83,0,322.86,
1119,1039,2972.11,396.3,16.42,11.64,0,191.12,
992,1039,3557.95,1427.74,15.77,19.29,0,304.29,
764,1040,3355.85,1494.09,27.79,19.88,1,552.56,Balisée #3
771,1040,1367.93,1733.92,16.22,19.17,1,310.91,Balisée #2
1048,1040,1784.64,644.92,21.51,17.27,0,371.4,
1088,1040,2353.99,1820.38,21.38,17.44,0,372.83,
1052,1040,1157.28,291.18,16.41,18.18,0,298.41,
1119,1040,2971.34,397.48,16.6,11.75,0,195.13,
992,1040,3558.62,1426.42,15.38,18.97,0,291.65,
1116,1040,1085.66,864.49,30.5,23.43,0,714.61,
764,1041,3360.39,1493.54,27.55,19.68,1,542.2,Balisée #3
771,1041,1369.59,1733.16,16.08,19.16,1,308.21,Balisée #2
1048,1041,1787.95,645.01,21.44,17.5,0,375.13,
1088,1041,2357.73,1820.49,21.37,17.69,0,378.2,
1052,1041,1159.23,292.39,15.08,16.83,0,253.8,
1119,1041,2971.24,398.3,16.77,11.89,0,199.34,
764,1042,3364.71,1492.95,28.15,20.14,1,566.87,Balisée #3
771,1042,1371.53,1731.86,16.06,19.43,1,311.97,Balisée #2
1048,1042,1790.85,645.37,21.9,18.27,0,400.12,
1088,1042,2361.53,1820.43,21.02,17.55,0,368.87,
1052,1042,1161.51,294.57,14.14,15.75,0,222.69,
1119,1042,2970.38,398.84,16.56,11.73,0,194.24,
958,1042,1261.87,1518.08,17.87,14.14,1,252.63,Balisée #1
992,1042,3561.48,1423.51,15.35,19.24,0,295.27,
764,1043,3368.76,1492.81,28.96,20.75,1,600.97,Balisée #3
771,1043,1373.17,1730.83,16.25,19.86,1,322.77,Balisée #2
1048,1043,1794.07,649.17,21.37,18.18,0,388.64,
1088,1043,2365.92,1821.03,18.09,14.77,0,267.18,
1052,1043,1163.83,296.67,13.67,15.27,0,208.77,
1119,1043,2969.79,399.4,16.82,11.9,0,200.02,
992,1043,3563.23,1421.96,15.5,19.58,0,303.43,
764,1044,3372.84,1492.41,27.94,20.02,1,559.34,Balisée #3
771,1044,1374.68,1730.32,16.19,19.9,1,322.27,Balisée #2
1048,1044,1797.1,650.98,20.41,17.5,0,357.15,
1088,1044,2369.18,1821.29,17.99,14.64,0,263.35,
1052,1044,1165.81,298.66,14.2,16.03,0,227.59,
1119,1044,2969.01,400.28,16.21,11.47,0,185.94,
992,1044,3564.02,1421.11,15.4,19.58,0,301.44,
764,1045,3377.21,1491.58,27.62,19.74,1,545.29,Balisée #3
771,1045,1376.51,1729.57,16.48,20.55,1,338.65,Balisée #2
1048,1045,1801.4,651.85,19.67,16.81,0,330.63,
1088,1045,2373.0,1820.9,18.2,14.78,0,269.08,
1052,1045,1168.18,300.02,14.04,15.87,0,222.79,
1119,1045,2968.87,400.79,16.09,11.42,0,183.69,
1116,1045,1082.17,869.34,30.29,23.65,0,716.16,
764,1046,3381.33,1491.19,28.61,20.48,1,585.84,Balisée #3
771,1046,1378.42,1728.96,16.89,21.5,1,363.02,Balisée #2
1048,1046,1803.73,652.26,18.97,16.3,0,309.16,
1088,1046,2376.49,1820.41,17.37,13.92,0,241.77,
1052,1046,1170.0,301.57,13.84,15.71,0,217.5,
1119,1046,2967.88,401.73,16.48,11.7,0,192.88,
992,1046,3567.94,1417.79,15.79,20.47,0,323.09,
764,1047,3385.23,1491.02,28.1,20.12,1,565.45,Balisée #3
771,1047,1380.28,1727.37,16.89,21.81,1,368.22,Balisée #2
1048,1047,1806.19,652.49,18.38,15.87,0,291.69,
1088,1047,2380.56,1820.1,17.77,14.11,0,250.7,
1052,1047,1171.89,303.72,14.09,15.83,0,223.08,
1119,1047,2966.89,402.66,17.98,12.94,0,232.59,
992,1047,3568.77,1415.18,16.07,20.99,0,337.42,
958,1047,1260.26,1521.48,17.53,13.52,1,237.04,Balisée #1
764,1048,3388.23,1490.91,28.16,20.12,1,566.8,Balisée #3
771,1048,1381.42,1726.38,16.26,21.17,1,344.17,Balisée #2
1048,1048,1809.57,652.97,17.31,14.87,0,257.35,
1088,1048,2384.28,1819.87,17.71,13.99,0,247.77,
1052,1048,1173.29,306.26,14.39,15.75,0,226.7,
1119,1048,2965.92,403.3,19.05,13.98,0,266.33,
992,1048,3570.01,1413.72,15.28,20.11,0,307.31,
958,1048,1259.91,1521.78,17.6,13.34,1,234.8,Balisée #1
764,1049,3391.41,1490.57,27.82,19.87,1,552.98,Balisée #3
771,1049,1382.92,1725.58,15.54,20.25,1,314.58,Balisée #2
1048,1049,1812.71,653.74,15.63,13.21,0,206.56,
1088,1049,2387.62,1819.66,18.8,14.92,0,280.41,
1052,1049,1178.03,308.38,15.27,16.54,0,252.6,
992,1049,3571.52,1412.33,14.83,19.4,0,287.64,
958,1049,1259.65,1522.56,18.22,13.66,1,248.91,Balisée #1
1116,1049,1078.34,875.13,31.02,24.6,0,763.25,
764,1050,3394.92,1490.36,27.38,19.52,1,534.52,Balisée #3
771,1050,1384.4,1724.29,15.46,20.4,1,315.51,Balisée #2
1048,1050,1815.63,654.18,15.19,12.64,0,191.95,
1088,1050,2391.22,1819.49,18.97,15.05,0,285.49,
1052,1050,1180.35,309.9,16.74,18.38,0,307.72,
992,1050,3572.27,1411.13,14.72,19.04,0,280.27,
958,1050,1259.53,1522.91,18.34,13.63,1,249.95,Balisée #1
1116,1050,1077.66,876.01,31.03,24.99,0,775.31,
1119,1050,2963.62,404.3,20.91,15.84,0,331.18,
764,1051,3398.66,1489.99,27.94,19.94,1,557.14,Balisée #3
771,1051,1385.68,1722.9,15.06,20.0,1,301.23,Balisée #2
1048,1051,1818.19,654.88,15.06,12.36,0,186.22,
1088,1051,2394.81,1819.31,18.78,14.85,0,278.99,
1052,1051,1182.33,313.81,16.31,18.25,0,297.77,
992,1051,3573.35,1409.29,14.16,17.59,0,249.18,
958,1051,1259.1,1523.58,18.25,13.41,1,244.71,Balisée #1
1116,1051,1077.53,877.63,30.89,25.25,0,779.75,
764,1052,3401.93,1489.7,28.41,20.38,1,578.99,Balisée #3
771,1052,1387.21,1721.74,14.92,19.83,1,295.84,Balisée #2
1048,1052,1820.93,655.58,15.48,12.51,0,193.74,
1088,1052,2398.13,1818.98,18.29,14.29,0,261.34,
1052,1052,1184.4,315.83,15.12,17.17,0,259.55,
958,1052,1258.5,1524.06,18.67,13.6,1,253.92,Balisée #1
1116,1052,1077.16,879.21,31.02,25.76,0,798.96,
771,1053,1388.49,1720.48,14.85,19.47,1,289.06,Balisée #2
1048,1053,1822.94,655.77,16.4,12.9,0,211.55,
1088,1053,2401.82,1818.41,18.47,14.29,0,263.87,
1052,1053,1186.28,317.29,13.65,15.46,0,211.13,
958,1053,1257.93,1524.42,18.96,13.74,1,260.49,Balisée #1
1116,1053,1076.17,881.22,30.44,25.59,0,778.87,
992,1053,3577.75,1406.14,14.49,17.24,0,249.72,
771,1054,1389.14,1718.97,14.95,19.27,1,288.19,Balisée #2
1048,1054,1826.48,656.2,16.01,12.38,0,198.16,
1088,1054,2404.91,1818.06,18.24,14.05,0,256.26,
1052,1054,1188.47,318.96,13.56,15.37,0,208.34,
1116,1054,1075.61,882.37,30.27,25.79,0,780.56,
1135,1054,2958.69,411.69,15.6,16.63,0,259.44,
992,1054,3579.41,1404.34,14.75,17.24,0,254.23,
764,1054,3409.29,1489.15,29.6,21.4,1,633.3,Balisée #3
771,1055,1389.59,1717.29,15.2,19.19,1,291.71,Balisée #2
1048,1055,1829.24,657.44,16.37,12.64,0,206.92,
1088,1055,2408.17,1817.62,18.1,13.86,0,250.93,
1052,1055,1190.69,321.22,13.57,15.49,0,210.27,
1116,1055,1074.46,884.03,29.74,25.66,0,763.19,
1135,1055,2957.03,412.33,14.44,15.34,0,221.48,
992,1055,3580.14,1402.96,15.61,18.12,0,282.97,
958,1055,1257.0,1524.98,19.05,13.76,1,261.97,Balisée #1
771,1056,1390.15,1715.69,15.73,19.38,1,304.8,Balisée #2
1048,1056,1832.35,658.6,16.24,12.43,0,201.96,
1088,1056,2411.53,1817.13,18.51,14.14,0,261.78,
1052,1056,1192.64,323.28,13.46,15.23,0,204.97,
1116,1056,1073.22,885.23,30.21,26.51,0,801.05,
1135,1056,2955.09,413.02,13.3,13.96,0,185.65,
992,1056,3580.48,1401.84,15.03,17.19,0,258.25,
958,1056,1256.29,1525.36,19.95,14.35,1,286.27,Balisée #1
771,1057,1390.51,1713.91,16.38,19.71,1,322.85,Balisée #2
1048,1057,1834.96,659.4,16.13,12.23,0,197.2,
1088,1057,2414.6,1816.87,18.75,14.33,0,268.68,
1052,1057,1194.26,325.2,13.81,15.73,0,217.22,
1116,1057,1072.41,886.1,30.32,27.06,0,820.42,
1135,1057,2954.47,413.51,12.6,12.98,0,163.62,
992,1057,3581.56,1400.31,15.0,16.99,0,254.76,
1136,1057,1393.49,1714.3,21.27,19.48,0,414.28,
764,1057,3418.44,1486.73,29.01,20.98,1,608.83,Balisée #3
1048,1058,1837.43,659.97,15.96,12.03,0,192.06,
1088,1058,2417.84,1816.7,18.38,14.0,0,257.23,
1052,1058,1195.78,327.68,13.66,15.39,0,210.24,
1116,1058,1072.11,887.61,30.14,27.37,0,824.88,
1135,1058,2950.93,414.11,11.91,11.84,0,141.03,
992,1058,3582.67,1398.79,14.8,16.65,0,246.28,
1136,1058,1394.19,1713.11,20.23,18.54,0,375.13,
958,1058,1255.41,1527.01,19.73,14.07,1,277.54,Balisée #1
1048,1059,1840.06,660.39,16.15,12.11,0,195.53,
1088,1059,2421.11,1816.38,19.03,14.51,0,276.03,
1052,1059,1197.36,330.0,14.11,15.41,0,217.49,
1116,1059,1071.9,889.7,29.39,27.14,0,797.52,
1135,1059,2949.29,414.39,11.87,11.45,0,135.84,
992,1059,3583.83,1398.22,15.15,16.87,0,255.6,
1136,1059,1395.19,1711.33,19.38,17.81,0,345.11,
958,1059,1255.09,1527.8,19.92,14.18,1,282.55,Balisée #1
1048,1060,1843.05,661.22,17.31,12.96,0,224.4,
1088,1060,2424.25,1816.43,19.41,14.85,0,288.25,
1052,1060,1201.85,331.7,14.29,15.19,0,217.08,
1116,1060,1071.45,892.0,28.98,27.21,0,788.53,
1135,1060,2948.11,414.95,11.84,11.15,0,132.01,
992,1060,3584.59,1397.5,15.15,16.63,0,251.98,
1136,1060,1396.25,1710.24,19.16,17.76,0,340.22,
958,1060,1254.29,1528.37,19.86,14.11,1,280.3,Balisée #1
764,1060,3427.21,1487.09,27.98,20.14,1,563.69,Balisée #3
1048,1061,1845.64,662.25,17.1,12.62,0,215.86,
1088,1061,2427.31,1816.32,18.76,14.35,0,269.3,
1052,1061,1204.42,333.39,16.07,17.32,0,278.34,
1116,1061,1071.12,893.94,29.1,27.92,0,812.6,
1135,1061,2947.15,416.04,11.84,10.9,0,129.14,
992,1061,3586.34,1397.19,15.45,16.85,0,260.43,
1136,1061,1396.98,1709.85,19.24,18.04,0,347.15,
958,1061,1253.26,1529.21,20.05,14.2,1,284.74,Balisée #1
764,1061,3430.74,1486.92,27.89,19.96,1,556.53,Balisée #3
1048,1062,1849.86,663.71,16.72,12.15,0,203.05,
1088,1062,2430.84,1816.34,19.31,14.84,0,286.55,
1052,1062,1206.53,337.56,16.43,18.03,0,296.13,
1116,1062,1070.65,896.01,28.72,28.17,0,809.16,
992,1062,3588.47,1396.07,15.54,16.9,0,262.61,
1136,1062,1398.0,1708.92,18.26,17.26,0,315.22,
1048,1063,1852.74,665.16,16.9,12.23,0,206.74,
1088,1063,2434.57,1816.16,19.11,14.67,0,280.35,
1052,1063,1208.46,340.09,14.87,16.51,0,245.48,
1116,1063,1070.36,897.73,28.49,28.53,0,813.04,
992,1063,3589.99,1395.46,16.39,17.72,0,290.43,
1136,1063,1398.65,1707.7,18.15,17.35,0,314.9,
1135,1063,2944.73,418.77,12.32,11.05,0,136.18,
958,1063,1252.25,1530.51,20.09,14.27,1,286.68,Balisée #1
764,1063,3437.7,1486.55,28.61,20.53,1,587.25,Balisée #3
1048,1064,1855.91,666.37,17.58,12.81,0,225.19,
1088,1064,2438.18,1816.17,18.89,14.5,0,273.95,
1052,1064,1210.21,342.21,14.06,15.62,0,219.6,
1116,1064,1070.2,899.62,28.12,28.7,0,807.1,
992,1064,3591.74,1394.91,16.62,17.96,0,298.47,
1136,1064,1399.36,1706.83,18.56,17.98,0,333.73,
1135,1064,2943.64,420.28,12.57,11.0,0,138.37,
958,1064,1251.78,1531.45,20.75,14.92,1,309.59,Balisée #1
764,1064,3440.94,1486.9,27.87,19.92,1,555.21,Balisée #3
1048,1065,1858.86,667.24,18.75,13.85,0,259.72,
1088,1065,2441.52,1816.49,19.21,14.78,0,283.98,
1052,1065,1212.16,344.22,13.83,15.42,0,213.25,
1116,1065,1070.17,901.72,27.76,28.88,0,801.69,
992,1065,3592.97,1395.07,16.54,17.89,0,295.96,
1136,1065,1400.06,1706.29,19.03,18.68,0,355.43,
1135,1065,2941.91,421.73,12.78,10.91,0,139.4,
958,1065,1251.32,1532.27,22.02,16.12,1,354.98,Balisée #1
764,1065,3443.86,1486.9,27.41,19.5,1,534.44,Balisée #3
1048,1066,1861.44,667.64,19.28,14.42,0,278.09,
1088,1066,2444.72,1816.77,19.49,15.03,0,292.88,
1052,1066,1214.36,346.76,13.7,15.31,0,209.68,
1116,1066,1070.54,904.27,27.57,29.34,0,808.99,
992,1066,3594.5,1394.41,16.98,18.61,0,315.97,
1136,1066,1401.16,1705.9,19.45,19.37,0,376.81,
1135,1066,2940.13,422.75,12.85,10.71,0,137.6,
958,1066,1250.6,1532.99,23.33,17.4,1,405.93,Balisée #1
771,1066,1401.21,1702.65,17.3,21.24,1,367.33,Balisée #2
1048,1067,1864.12,667.97,19.87,15.06,0,299.37,
1088,1067,2447.19,1816.7,19.31,14.69,0,283.74,
1052,1067,1216.62,349.76,13.44,15.04,0,202.09,
1116,1067,1071.42,906.78,26.97,29.34,0,791.53,
992,1067,3595.87,1393.81,17.66,19.61,0,346.38,
1136,1067,1402.33,1705.59,19.74,20.0,0,394.83,
1135,1067,2938.54,423.5,13.28,10.83,0,143.83,
764,1067,3450.51,1486.84,29.68,21.32,1,632.77,Balisée #3
1048,1068,1867.49,668.64,21.22,16.45,0,348.91,
1088,1068,2451.11,1816.42,19.17,14.6,0,279.89,
1052,1068,1218.97,352.81,13.51,15.05,0,203.38,
1116,1068,1072.5,909.63,26.46,29.07,0,769.0,
992,1068,3596.81,1393.41,18.22,20.39,0,371.65,
1135,1068,2937.26,424.56,13.68,10.99,0,150.27,
764,1068,3453.91,1486.89,30.07,21.81,1,655.93,Balisée #3
771,1068,1402.98,1701.82,16.55,20.76,1,343.53,Balisée #2
1048,1069,1869.96,673.14,21.79,17.11,0,372.87,
1088,1069,2454.54,1816.09,19.69,15.11,0,297.59,
1052,1069,1220.76,355.59,14.14,15.44,0,218.28,
1116,1069,1073.49,911.69,25.97,28.65,0,743.93,
992,1069,3597.2,1393.3,18.33,20.63,0,378.13,
1135,1069,2935.68,425.42,13.72,10.87,0,149.18,
764,1069,3456.91,1486.72,29.64,21.63,1,641.29,Balisée #3
771,1069,1404.4,1701.25,15.62,19.54,1,305.17,Balisée #2
958,1069,1249.57,1538.16,24.01,18.25,1,438.34,Balisée #1
1048,1070,1874.05,675.2,21.23,16.86,0,357.92,
1088,1070,2457.86,1815.53,19.34,14.9,0,288.26,
1052,1070,1225.36,357.41,15.97,17.23,0,275.22,
1116,1070,1073.88,913.85,25.72,28.67,0,737.62,
992,1070,3597.97,1391.27,18.77,21.07,0,395.57,
1135,1070,2934.35,426.17,14.86,11.72,0,174.14,
764,1070,3460.32,1486.42,28.98,21.15,1,612.83,Balisée #3
771,1070,1406.01,1700.5,14.69,18.24,1,267.95,Balisée #2
1048,1071,1876.95,676.22,20.24,16.24,0,328.68,
1088,1071,2461.4,1814.66,18.66,14.36,0,267.93,
1052,1071,1227.82,361.48,17.01,18.49,0,314.55,
992,1071,3601.54,1390.15,18.34,20.54,0,376.66,
1135,1071,2932.97,426.7,15.84,12.55,0,198.85,
764,1071,3463.37,1485.92,28.31,20.67,1,585.1,Balisée #3
771,1071,1407.42,1699.3,13.75,16.85,1,231.69,Balisée #2
1048,1072,1880.02,676.89,19.02,15.33,0,291.45,
1088,1072,2464.76,1814.08,18.74,14.39,0,269.73,
1052,1072,1229.62,363.9,15.73,17.26,0,271.39,
992,1072,3603.17,1389.09,17.85,20.0,0,357.03,
1135,1072,2931.29,427.16,16.97,13.43,0,227.89,
764,1072,3465.94,1485.67,28.16,20.51,1,577.59,Balisée #3
771,1072,1408.17,1698.27,14.09,17.1,1,240.82,Balisée #2
1116,1072,1075.28,917.92,25.62,29.17,0,747.3,
1048,1073,1883.09,677.34,17.96,14.48,0,260.08,
1088,1073,2467.75,1813.49,19.14,14.8,0,283.18,
1052,1073,1231.81,365.92,14.37,15.87,0,228.03,
992,1073,3603.98,1388.18,17.27,19.37,0,334.65,
1135,1073,2929.9,427.77,18.63,14.68,0,273.45,
764,1073,3468.4,1485.31,27.62,20.13,1,555.92,Balisée #3
771,1073,1408.79,1697.58,14.65,17.71,1,259.45,Balisée #2
1048,1074,1885.83,678.0,16.35,13.08,0,213.84,
1088,1074,2470.0,1813.23,19.31,14.98,0,289.31,
1052,1074,1234.16,368.74,13.99,15.44,0,215.95,
992,1074,3604.09,1387.27,17.21,19.31,0,332.45,
1135,1074,2926.61,428.4,20.09,15.97,0,320.98,
764,1074,3470.51,1485.15,27.15,19.78,1,537.04,Balisée #3
771,1074,1409.32,1696.96,15.29,18.39,1,281.22,Balisée #2
1048,1075,1888.92,679.02,16.11,12.75,0,205.38,
1088,1075,2473.75,1812.83,19.35,14.96,0,289.53,
1052,1075,1236.75,371.8,13.6,15.08,0,205.11,
992,1075,3604.36,1386.55,17.0,19.15,0,325.68,
1135,1075,2924.33,428.94,20.97,17.12,0,359.07,
764,1075,3473.14,1485.09,28.03,20.45,1,573.09,Balisée #3
771,1075,1409.97,1696.28,15.75,18.82,1,296.43,Balisée #2
1048,1076,1892.43,680.5,16.14,12.62,0,203.69,
1088,1076,2476.85,1811.97,19.3,14.95,0,288.54,
1052,1076,1239.79,375.03,13.59,15.15,0,206.0,
992,1076,3604.72,1385.49,17.0,19.34,0,328.73,
764,1076,3475.69,1484.54,28.47,20.84,1,593.43,Balisée #3
771,1076,1411.85,1694.43,15.58,18.44,1,287.41,Balisée #2
1143,1076,2922.91,435.32,15.7,17.37,0,272.65,
1048,1077,1894.62,681.5,16.55,12.63,0,209.09,
1088,1077,2479.89,1810.55,19.15,14.91,0,285.5,
1052,1077,1242.29,377.83,13.34,14.91,0,198.95,
992,1077,3605.04,1384.2,16.28,18.68,0,304.04,
764,1077,3477.85,1483.53,28.67,21.06,1,603.75,Balisée #3
771,1077,1413.31,1690.91,15.83,19.0,1,300.88,Balisée #2
1143,1077,2921.52,435.75,14.92,16.5,0,246.2,
1136,1077,1412.58,1691.65,18.04,18.4,0,332.01,
1048,1078,1899.09,682.28,16.33,12.39,0,202.35,
1088,1078,2483.27,1809.24,18.8,14.68,0,276.05,
1052,1078,1244.28,380.09,14.02,15.46,0,216.68,
992,1078,3605.78,1382.72,15.68,18.14,0,284.44,
764,1078,3480.49,1482.85,28.56,21.06,1,601.44,Balisée #3
771,1078,1414.9,1688.99,15.29,18.34,1,280.45,Balisée #2
1143,1078,2919.96,436.19,14.18,15.62,0,221.57,
1048,1079,1902.71,682.87,16.4,12.36,0,202.71,
1088,1079,2486.74,1807.82,19.31,15.15,0,292.48,
1052,1079,1249.64,381.5,15.51,16.94,0,262.82,
992,1079,3606.17,1381.49,15.68,18.29,0,286.91,
764,1079,3483.06,1482.13,28.38,20.93,1,594.03,Balisée #3
771,1079,1416.93,1687.77,14.95,17.86,1,267.06,Balisée #2
1048,1080,1906.73,683.2,16.51,12.35,0,203.84,
1088,1080,2490.3,1806.65,18.98,14.93,0,283.41,
1052,1080,1252.96,385.48,16.59,18.54,0,307.53,
992,1080,3606.88,1380.08,15.54,18.33,0,284.71,
764,1080,3486.19,1480.99,28.57,21.1,1,602.85,Balisée #3
771,1080,1418.64,1687.07,14.88,17.75,1,264.14,Balisée #2
1143,1080,2916.74,437.15,12.67,13.77,0,174.39,
1048,1081,1910.09,684.31,15.94,11.88,0,189.38,
1088,1081,2493.44,1805.88,18.56,14.56,0,270.24,
1052,1081,1256.4,387.97,15.21,17.22,0,261.84,
992,1081,3607.85,1378.89,15.09,17.98,0,271.17,
764,1081,3489.07,1479.94,28.11,20.81,1,585.16,Balisée #3
771,1081,1420.78,1686.28,15.61,18.69,1,291.8,Balisée #2
1048,1082,1914.14,684.96,17.02,12.66,0,215.42,
1088,1082,2497.48,1804.61,19.32,15.11,0,291.9,
1052,1082,1259.6,389.98,13.62,15.43,0,210.18,
992,1082,3608.71,1377.28,14.87,17.84,0,265.23,
764,1082,3492.14,1478.87,28.48,21.21,1,604.06,Balisée #3
771,1082,1422.37,1684.72,15.84,19.04,1,301.71,Balisée #2
1048,1083,1917.64,685.87,17.29,12.71,0,219.78,
1088,1083,2500.94,1803.7,20.43,16.19,0,330.71,
1052,1083,1262.74,392.46,13.32,15.13,0,201.42,
992,1083,3609.8,1375.92,14.95,18.07,0,270.26,
764,1083,3494.72,1477.9,28.53,21.29,1,607.44,Balisée #3
771,1083,1423.56,1682.73,15.9,19.26,1,306.18,Balisée #2
1048,1084,1922.42,686.53,16.67,12.13,0,202.24,
1088,1084,2504.52,1802.85,21.81,17.61,0,384.07,
1052,1084,1265.81,394.92,13.13,14.87,0,195.23,
992,1084,3610.35,1374.46,14.82,18.02,0,267.08,
764,1084,3497.49,1476.75,28.25,21.19,1,598.84,Balisée #3
771,1084,1425.35,1679.38,16.53,20.18,1,333.56,Balisée #2
1048,1085,1926.02,687.1,16.7,12.07,0,201.58,
1088,1085,2508.0,1802.27,22.63,18.71,0,423.39,
1052,1085,1268.22,397.31,13.33,14.78,0,197.0,
992,1085,3611.99,1373.44,14.62,17.95,0,262.4,
764,1085,3500.6,1476.02,28.51,21.55,1,614.37,Balisée #3
771,1085,1427.7,1677.81,16.35,19.89,1,325.06,Balisée #2
1143,1085,2909.6,439.01,10.35,10.66,0,110.27,
1048,1086,1929.39,687.68,16.99,12.22,0,207.58,
1088,1086,2511.38,1798.88,22.3,18.85,0,420.45,
1052,1086,1269.94,399.77,13.73,14.64,0,200.93,
992,1086,3612.77,1372.44,14.46,17.8,0,257.39,
764,1086,3503.87,1474.92,28.58,21.71,1,620.67,Balisée #3
771,1086,1429.27,1676.29,15.75,19.1,1,300.81,Balisée #2
1143,1086,2908.12,439.27,11.24,11.07,0,124.39,
1048,1087,1933.17,688.63,16.66,11.93,0,198.81,
1088,1087,2515.06,1797.52,21.89,18.84,0,412.5,
1052,1087,1275.27,402.83,13.92,14.74,0,205.2,
992,1087,3613.86,1371.48,14.52,17.94,0,260.54,
764,1087,3507.46,1474.38,27.94,21.33,1,596.06,Balisée #3
771,1087,1430.54,1675.69,15.61,18.82,1,293.86,Balisée #2
1048,1088,1936.23,689.46,16.66,11.93,0,198.67,
1088,1088,2518.08,1796.74,21.12,18.25,0,385.44,
1052,1088,1278.47,404.93,15.27,16.47,0,251.63,
992,1088,3614.92,1370.8,14.77,18.22,0,269.04,
764,1088,3509.94,1474.05,28.15,21.58,1,607.44,Balisée #3
771,1088,1431.64,1675.11,15.66,18.78,1,294.15,Balisée #2
1048,1089,1939.82,690.3,17.26,12.41,0,214.28,
1088,1089,2521.94,1796.23,20.24,17.5,0,354.26,
1052,1089,1281.34,409.35,16.53,18.22,0,301.28,
992,1089,3616.08,1370.46,14.79,18.29,0,270.6,
764,1089,3512.64,1473.44,28.4,21.92,1,622.63,Balisée #3
771,1089,1433.25,1674.42,15.86,18.93,1,300.2,Balisée #2
1048,1090,1942.6,691.06,18.84,13.49,0,254.08,
1088,1090,2524.76,1796.03,19.66,17.11,0,336.44,
1052,1090,1284.21,411.74,15.69,17.52,0,274.79,
992,1090,3616.62,1369.99,15.32,19.07,0,292.16,
764,1090,3515.21,1472.47,28.57,22.24,1,635.24,Balisée #3
771,1090,1434.37,1673.35,16.01,18.93,1,302.99,Balisée #2
1162,1090,2900.95,443.35,18.02,10.56,0,190.27,
1048,1091,1946.95,691.51,19.66,14.23,0,279.87,
1088,1091,2527.97,1795.66,18.82,16.31,0,306.92,
1052,1091,1286.92,413.36,14.36,16.08,0,230.78,
992,1091,3617.35,1369.67,15.66,19.69,0,308.27,
764,1091,3517.73,1471.81,28.19,22.02,1,620.72,Balisée #3
771,1091,1435.42,1671.78,16.2,19.08,1,309.04,Balisée #2
1048,1092,1950.4,692.01,20.64,15.24,0,314.58,
1088,1092,2531.33,1795.28,17.98,15.47,0,278.1,
1052,1092,1289.44,415.79,13.53,15.05,0,203.69,
992,1092,3618.51,1369.29,16.19,20.5,0,331.96,
764,1092,3520.26,1471.56,27.81,21.83,1,607.13,Balisée #3
771,1092,1436.58,1669.77,16.01,18.7,1,299.45,Balisée #2
1165,1092,1253.87,1546.15,18.48,13.84,1,255.74,Balisée #1
1048,1093,1953.91,692.59,21.68,16.43,0,356.17,
1088,1093,2534.46,1794.67,17.51,15.0,0,262.65,
1052,1093,1291.73,418.05,13.87,15.33,0,212.66,
992,1093,3618.77,1369.51,15.9,20.13,0,319.98,
764,1093,3522.63,1471.2,27.63,21.86,1,604.15,Balisée #3
771,1093,1437.53,1668.15,16.01,18.36,1,293.91,Balisée #2
1135,1093,2896.86,445.62,14.76,11.72,0,173.08,
1048,1094,1957.28,692.83,21.87,16.95,0,370.89,
1088,1094,2537.39,1794.0,17.57,14.97,0,263.03,
1052,1094,1293.6,421.18,13.75,14.63,0,201.29,
992,1094,3619.67,1367.09,16.02,20.37,0,326.47,
764,1094,3525.27,1470.99,27.4,21.81,1,597.62,Balisée #3
771,1094,1438.3,1667.27,15.96,17.77,1,283.69,Balisée #2
1135,1094,2895.46,446.62,14.5,11.21,0,162.45,
1048,1095,1961.15,693.11,22.11,17.58,0,388.62,
1088,1095,2540.78,1793.19,17.53,14.83,0,260.04,
1052,1095,1298.68,423.62,14.53,15.3,0,222.33,
992,1095,3620.49,1365.9,15.77,19.85,0,312.89,
764,1095,3527.89,1470.18,27.77,22.26,1,618.27,Balisée #3
771,1095,1438.85,1665.98,16.05,17.25,1,276.74,Balisée #2
1048,1096,1964.42,693.31,22.12,18.04,0,399.02,
1088,1096,2543.06,1792.01,17.58,14.55,0,255.9,
1052,1096,1301.5,425.78,14.22,15.07,0,214.31,
992,1096,3621.21,1365.12,15.39,18.92,0,291.09,
764,1096,3530.73,1468.95,28.07,22.69,1,636.89,Balisée #3
771,1096,1440.99,1664.82,16.3,16.96,1,276.45,Balisée #2
1169,1096,1112.7,975.06,23.72,29.16,0,691.87,
1170,1096,1963.57,698.77,16.66,18.45,0,307.37,
1165,1096,1252.85,1547.46,19.39,14.52,1,281.52,Balisée #1
1135,1096,2891.94,447.49,15.27,11.68,0,178.33,
1048,1097,1966.77,693.65,22.72,18.77,0,426.51,
1088,1097,2546.74,1791.08,17.7,14.59,0,258.09,
1052,1097,1304.1,427.94,14.35,15.4,0,220.98,
992,1097,3622.15,1364.49,15.28,18.06,0,276.0,
764,1097,3533.63,1467.61,27.52,22.45,1,617.8,Balisée #3
771,1097,1442.17,1663.8,16.25,16.51,1,268.37,Balisée #2
1170,1097,1965.5,698.96,16.4,18.09,0,296.72,
1165,1097,1252.87,1547.99,19.57,14.62,1,286.2,Balisée #1
1135,1097,2890.61,448.03,15.18,11.5,0,174.64,
1088,1098,2550.24,1790.34,17.64,14.47,0,255.29,
1052,1098,1306.52,429.65,15.89,17.44,0,277.12,
992,1098,3625.02,1363.97,15.42,17.64,0,272.12,
764,1098,3536.15,1466.84,27.93,23.02,1,643.03,Balisée #3
771,1098,1443.0,1662.81,16.25,16.27,1,264.33,Balisée #2
1170,1098,1970.22,699.43,15.62,17.14,0,267.61,
1165,1098,1252.92,1548.98,19.7,14.68,1,289.28,Balisée #1
1135,1098,2888.88,448.59,14.67,10.95,0,160.64,
1088,1099,2553.34,1789.5,17.72,14.51,0,257.06,
1052,1099,1309.21,433.41,16.73,18.89,0,316.06,
992,1099,3626.52,1362.71,14.85,16.47,0,244.54,
764,1099,3538.53,1466.15,26.98,22.41,1,604.66,Balisée #3
771,1099,1443.48,1661.12,16.52,16.33,1,269.73,Balisée #2
1170,1099,1974.06,699.9,14.87,16.21,0,241.06,
1165,1099,1252.73,1549.72,20.05,14.99,1,300.51,Balisée #1
1135,1099,2886.88,448.8,14.67,10.88,0,159.68,
1088,1100,2556.37,1788.37,17.96,14.67,0,263.48,
1052,1100,1312.31,434.85,14.52,16.07,0,233.39,
992,1100,3627.14,1361.73,15.26,16.49,0,251.61,
764,1100,3541.26,1465.0,26.93,22.49,1,605.66,Balisée #3
771,1100,1444.0,1659.69,16.93,16.56,1,280.46,Balisée #2
1170,1100,1977.91,700.12,14.59,15.76,0,229.98,
1165,1100,1252.71,1550.48,19.75,14.82,1,292.67,Balisée #1
1135,1100,2885.52,448.8,14.72,10.89,0,160.22,
1088,1101,2559.82,1787.06,18.29,14.88,0,272.12,
1052,1101,1314.14,437.27,13.98,15.48,0,216.43,
992,1101,3628.36,1361.34,15.24,16.17,0,246.41,
764,1101,3544.54,1463.82,27.47,23.15,1,635.96,Balisée #3
771,1101,1444.46,1658.91,17.65,17.23,1,303.98,Balisée #2
1170,1101,1981.52,700.08,14.73,15.84,0,233.38,
1165,1101,1252.52,1551.02,19.49,14.64,1,285.34,Balisée #1
1135,1101,2884.59,448.86,15.15,11.19,0,169.49,
1088,1102,2563.04,1786.07,18.1,14.76,0,267.15,
1052,1102,1316.72,439.6,13.85,15.35,0,212.57,
992,1102,3630.32,1360.73,15.04,15.45,0,232.42,
764,1102,3547.75,1462.93,27.07,22.99,1,622.43,Balisée #3
771,1102,1445.34,1658.46,18.33,17.89,1,327.84,Balisée #2
1170,1102,1984.82,700.25,14.53,15.5,0,225.28,
1165,1102,1251.67,1551.8,19.53,14.68,1,286.56,Balisée #1
1135,1102,2883.34,448.74,15.1,10.94,0,165.28,
1088,1103,2565.67,1785.61,18.29,14.89,0,272.32,
1052,1103,1318.94,441.06,14.71,16.58,0,243.91,
764,1103,3550.21,1462.48,26.33,22.48,1,591.77,Balisée #3
771,1103,1445.63,1658.3,18.67,18.18,1,339.29,Balisée #2
1170,1103,1988.21,700.71,13.93,14.58,0,203.15,
1165,1103,1251.16,1552.59,19.49,14.66,1,285.77,Balisée #1
1135,1103,2882.48,449.24,15.28,10.78,0,164.71,
1088,1104,2569.66,1785.18,18.46,14.91,0,275.19,
1052,1104,1321.2,442.64,16.57,19.15,0,317.34,
764,1104,3552.92,1461.55,26.5,22.84,1,605.07,Balisée #3
771,1104,1445.97,1658.06,19.21,18.75,1,360.2,Balisée #2
1170,1104,1990.72,701.24,13.5,13.54,0,182.84,
1165,1104,1251.2,1553.35,19.45,14.65,1,284.84,Balisée #1
1135,1104,2881.87,449.9,16.75,11.64,0,195.0,
1088,1105,2572.78,1784.83,18.46,14.9,0,275.08,
1052,1105,1324.32,446.01,15.0,17.19,0,257.79,
764,1105,3555.57,1460.57,26.56,23.01,1,611.16,Balisée #3
771,1105,1446.3,1654.8,19.46,19.03,1,370.23,Balisée #2
1170,1105,1994.83,701.93,12.65,12.26,0,155.14,
1165,1105,1251.16,1554.38,19.02,14.31,1,272.28,Balisée #1
1135,1105,2878.57,450.34,17.83,12.35,0,220.17,
992,1105,3635.34,1359.32,15.2,15.12,0,229.78,
1088,1106,2575.88,1784.12,18.09,14.6,0,264.14,
1052,1106,1326.52,448.96,13.49,15.53,0,209.4,
764,1106,3558.2,1459.47,26.53,23.08,1,612.33,Balisée #3
771,1106,1446.95,1653.37,19.2,18.72,1,359.34,Balisée #2
1170,1106,1998.59,702.02,12.88,12.12,0,156.12,
1165,1106,1251.33,1555.17,19.49,14.65,1,285.6,Balisée #1
1135,1106,2876.79,450.64,18.47,12.91,0,238.48,
1178,1106,1123.29,1000.83,23.31,29.52,1,688.24,Balisée #5
992,1106,3637.41,1358.83,14.9,14.25,0,212.32,
1088,1107,2579.06,1783.26,18.39,14.85,0,273.11,
1052,1107,1329.16,451.71,13.66,15.75,0,215.23,
764,1107,3561.07,1458.55,26.2,22.81,1,597.7,Balisée #3
771,1107,1447.27,1652.89,19.23,18.63,1,358.29,Balisée #2
1170,1107,2001.99,702.51,13.19,12.13,0,160.07,
1135,1107,2875.75,450.89,18.88,13.42,0,253.41,
1178,1107,1124.47,1003.38,22.96,29.04,1,666.83,Balisée #5
992,1107,3639.07,1358.53,15.31,14.18,0,217.04,
1088,1108,2582.71,1782.44,18.64,15.12,0,281.83,
1052,1108,1331.82,453.48,14.8,17.45,0,258.23,
764,1108,3564.1,1458.22,26.28,23.02,1,605.08,Balisée #3
771,1108,1447.9,1652.71,19.31,18.52,1,357.49,Balisée #2
1170,1108,2005.67,703.13,13.84,12.51,0,173.14,
1135,1108,2875.18,451.0,18.86,13.66,0,257.75,
1178,1108,1125.61,1006.61,23.07,29.19,1,673.55,Balisée #5
1165,1108,1251.09,1556.52,21.71,16.51,1,358.52,Balisée #1
1088,1109,2586.34,1781.88,18.25,14.79,0,270.02,
1052,1109,1334.72,457.65,15.23,18.29,0,278.58,
764,1109,3567.78,1457.75,26.2,23.02,1,603.1,Balisée #3
771,1109,1448.51,1652.29,18.63,17.68,1,329.5,Balisée #2
1170,1109,2009.24,703.89,14.44,12.88,0,185.91,
1135,1109,2874.04,451.1,18.91,13.9,0,262.89,
1178,1109,1127.13,1009.7,23.83,30.21,1,719.88,Balisée #5
1165,1109,1251.0,1557.36,23.36,18.13,1,423.65,Balisée #1
1088,1110,2589.61,1781.49,18.54,14.98,0,277.75,
1052,1110,1337.12,460.03,14.07,17.01,0,239.38,
764,1110,3571.85,1456.6,25.97,22.89,1,594.43,Balisée #3
771,1110,1449.38,1652.03,18.18,17.06,1,310.17,Balisée #2
1170,1110,2013.05,704.88,14.15,12.23,0,173.05,
1135,1110,2873.54,451.49,19.54,14.7,0,287.23,
1088,1111,2593.84,1781.1,18.61,14.97,0,278.63,
1052,1111,1339.23,462.01,13.22,15.82,0,209.18,
764,1111,3575.24,1455.16,26.59,23.52,1,625.47,Balisée #3
771,1111,1449.8,1651.69,17.58,16.26,1,285.99,Balisée #2
1170,1111,2017.67,705.73,14.8,12.43,0,183.92,
1135,1111,2872.36,451.76,19.78,15.26,0,301.83,
1178,1111,1130.06,1015.58,23.75,30.13,1,715.65,Balisée #5
1165,1111,1250.5,1561.89,23.23,18.27,1,424.27,Balisée #1
1088,1112,2597.22,1780.86,18.83,15.16,0,285.32,
1052,1112,1340.71,464.13,12.9,14.93,0,192.54,
764,1112,3578.23,1454.31,26.02,22.96,1,597.44,Balisée #3
771,1112,1449.96,1651.65,17.6,16.06,1,282.69,Balisée #2
1170,1112,2020.79,706.27,15.07,12.53,0,188.84,
1135,1112,2870.94,451.88,19.7,15.53,0,306.01,
1178,1112,1130.81,1019.04,23.45,29.82,1,699.16,Balisée #5
1088,1113,2601.01,1780.46,19.02,15.34,0,291.85,
1052,1113,1341.81,466.76,13.75,15.4,0,211.76,
764,1113,3581.25,1454.08,25.76,22.76,1,586.16,Balisée #3
771,1113,1450.19,1651.9,18.18,16.46,1,299.27,Balisée #2
1170,1113,2024.25,707.45,14.58,11.96,0,174.44,
1135,1113,2869.91,452.38,20.38,16.55,0,337.23,
1178,1113,1131.28,1021.9,23.18,29.56,1,685.34,Balisée #5
1165,1113,1250.72,1564.29,20.18,15.84,1,319.67,Balisée #1
1088,1114,2604.49,1780.09,19.12,15.51,0,296.5,
1052,1114,1346.89,469.52,14.13,15.7,0,221.83,
764,1114,3584.89,1453.4,25.58,22.62,1,578.4,Balisée #3
771,1114,1450.63,1652.05,18.58,16.69,1,310.21,Balisée #2
1170,1114,2027.93,707.96,14.77,11.9,0,175.79,
1178,1114,1132.7,1024.64,23.43,30.05,1,704.01,Balisée #5
1165,1114,1250.77,1565.29,18.58,14.35,1,266.58,Balisée #1
1088,1115,2607.79,1779.61,18.51,15.03,0,278.07,
1052,1115,1349.77,471.87,13.34,14.89,0,198.71,
764,1115,3588.92,1452.52,26.09,23.05,1,601.43,Balisée #3
771,1115,1451.07,1652.03,18.6,16.58,1,308.56,Balisée #2
1170,1115,2031.52,708.68,15.36,12.22,0,187.68,
1178,1115,1133.76,1027.45,23.24,29.9,1,695.03,Balisée #5
1088,1116,2611.33,1779.01,18.9,15.38,0,290.68,
1052,1116,1352.11,474.38,13.56,15.32,0,207.81,
764,1116,3592.42,1451.46,25.94,22.94,1,595.17,Balisée #3
771,1116,1450.96,1651.89,18.37,16.23,1,298.15,Balisée #2
1170,1116,2035.01,709.02,15.7,12.44,0,195.24,
1178,1116,1134.83,1030.15,22.88,29.42,1,672.97,Balisée #5
1135,1116,2866.84,452.96,20.97,17.58,0,368.74,
1165,1116,1249.78,1566.74,18.66,14.16,1,264.32,Balisée #1
1088,1117,2615.11,1778.13,18.64,15.18,0,282.95,
1052,1117,1354.03,476.29,13.91,15.82,0,220.11,
764,1117,3596.47,1450.06,25.92,23.04,1,596.99,Balisée #3
771,1117,1450.72,1651.58,18.11,15.77,1,285.5,Balisée #2
1170,1117,2038.04,709.72,16.47,12.83,0,211.28,
1178,1117,1136.15,1033.21,22.63,29.05,1,657.6,Balisée #5
1165,1117,1249.83,1567.47,19.16,14.41,1,276.12,Balisée #1
1088,1118,2618.82,1777.48,18.54,15.16,0,281.07,
1052,1118,1356.1,477.48,14.66,17.05,0,249.93,
764,1118,3599.78,1449.12,26.13,23.29,1,608.66,Balisée #3
771,1118,1450.54,1651.48,18.09,15.59,1,282.03,Balisée #2
1170,1118,2042.44,710.68,16.27,12.5,0,203.43,
1178,1118,1137.07,1035.91,22.43,28.74,1,644.59,Balisée #5
1165,1118,1249.9,1568.6,19.11,14.23,1,271.99,Balisée #1
1193,1118,1846.38,1791.83,26.93,19.15,1,515.83,Balisée #4
1135,1118,2865.57,452.99,20.44,17.65,0,360.71,
1088,1119,2622.33,1777.28,18.25,14.98,0,273.41,
1052,1119,1359.32,480.32,13.77,15.55,0,214.18,
764,1119,3603.36,1448.48,25.91,23.13,1,599.31,Balisée #3
771,1119,1450.39,1651.34,17.93,15.36,1,275.47,Balisée #2
1170,1119,2045.96,711.55,16.08,12.21,0,196.32,
1178,1119,1138.15,1039.04,22.72,29.24,1,664.39,Balisée #5
1165,1119,1249.59,1569.78,19.44,14.33,1,278.51,Balisée #1
1193,1119,1849.02,1792.77,26.64,18.97,1,505.52,Balisée #4
1195,1119,2864.97,459.38,15.38,17.25,0,265.26,
1088,1120,2625.78,1777.33,18.72,15.32,0,286.75,
1052,1120,1360.9,483.46,14.1,16.06,0,226.46,
764,1120,3607.25,1448.07,25.88,23.12,1,598.3,Balisée #3
771,1120,1450.11,1651.3,17.76,15.13,1,268.77,Balisée #2
1170,1120,2049.65,712.06,16.18,12.23,0,197.91,
1178,1120,1138.83,1042.43,23.04,29.74,1,684.97,Balisée #5
1165,1120,1249.38,1571.21,18.7,13.5,1,252.48,Balisée #1
1193,1120,1852.23,1794.31,26.8,19.11,1,512.31,Balisée #4
1195,1120,2864.35,459.69,14.84,16.62,0,246.64,
1088,1121,2630.06,1778.23,20.62,17.14,0,353.3,
1052,1121,1362.67,485.57,13.15,14.98,0,196.98,
764,1121,3611.79,1447.56,25.81,23.08,1,595.73,Balisée #3
771,1121,1450.24,1651.42,18.01,15.31,1,275.73,Balisée #2
1170,1121,2053.41,712.74,16.34,12.31,0,201.19,
1178,1121,1140.09,1045.1,22.97,29.61,1,680.04,Balisée #5
1165,1121,1249.39,1572.39,19.0,13.56,1,257.62,Balisée #1
1193,1121,1855.93,1796.08,26.52,18.92,1,501.78,Balisée #4
1195,1121,2863.77,460.01,14.32,15.97,0,228.71,
1088,1122,2634.22,1778.47,21.24,18.0,0,382.19,
1052,1122,1365.14,487.73,13.4,15.25,0,204.35,
764,1122,3616.01,1447.19,25.92,23.26,1,602.96,Balisée #3
771,1122,1450.59,1651.69,18.4,15.67,1,288.19,Balisée #2
1170,1122,2057.29,713.46,16.23,12.19,0,197.88,
1178,1122,1141.01,1047.93,23.12,29.67,1,685.83,Balisée #5
1165,1122,1249.17,1573.95,19.61,13.85,1,271.57,Balisée #1
1193,1122,1859.12,1797.33,27.39,19.62,1,537.35,Balisée #4
1195,1122,2862.43,460.22,14.02,15.55,0,218.01,
1088,1123,2637.56,1778.47,21.6,18.57,0,401.24,
1052,1123,1367.59,489.38,14.79,17.1,0,252.92,
764,1123,3619.94,1446.64,26.36,23.71,1,625.08,Balisée #3
771,1123,1450.85,1652.02,18.93,16.24,1,307.41,Balisée #2
1170,1123,2060.89,714.26,16.74,12.5,0,209.28,
1165,1123,1247.61,1575.2,19.84,13.86,1,275.03,Balisée #1
1193,1123,1862.69,1798.44,28.41,20.52,1,582.94,Balisée #4
1195,1123,2861.27,460.39,13.83,15.23,0,210.59,
1199,1123,3685.04,1358.97,20.07,15.44,0,309.74,
1088,1124,2641.84,1778.3,22.01,19.15,0,421.42,
1052,1124,1369.68,490.45,15.78,18.69,0,294.95,
764,1124,3623.82,1445.17,26.03,23.59,1,614.21,Balisée #3
771,1124,1450.83,1652.04,18.82,16.24,1,305.72,Balisée #2
1170,1124,2065.51,714.3,16.7,12.19,0,203.62,
1165,1124,1246.88,1575.95,20.47,14.26,1,291.82,Balisée #1
1193,1124,1865.82,1798.79,28.58,20.81,1,594.64,Balisée #4
1195,1124,2860.97,460.63,13.5,14.73,0,198.87,
1178,1124,1143.55,1053.84,22.74,29.25,1,665.12,Balisée #5
1088,1125,2645.89,1775.18,21.73,19.25,0,418.28,
1052,1125,1372.52,493.23,14.3,16.77,0,239.85,
764,1125,3627.96,1443.86,26.41,24.01,1,634.07,Balisée #3
771,1125,1450.63,1651.54,18.41,15.94,1,293.46,Balisée #2
1170,1125,2068.9,714.41,16.88,12.35,0,208.39,
1165,1125,1246.51,1576.83,20.72,14.42,1,298.7,Balisée #1
1193,1125,1868.67,1799.23,29.35,21.64,1,635.19,Balisée #4
1195,1125,2860.48,460.57,13.75,14.87,0,204.45,
1178,1125,1145.05,1056.7,23.28,30.07,1,699.97,Balisée #5
1088,1126,2649.75,1773.89,21.32,19.15,0,408.2,
1052,1126,1374.53,495.61,13.8,16.29,0,224.81,
764,1126,3632.06,1442.82,26.67,24.4,1,650.67,Balisée #3
771,1126,1450.69,1651.09,18.28,15.89,1,290.53,Balisée #2
1170,1126,2072.53,714.98,18.17,13.41,0,243.79,
1165,1126,1246.22,1577.65,20.1,13.92,1,279.78,Balisée #1
1193,1126,1871.96,1801.01,28.76,21.42,1,615.89,Balisée #4
1195,1126,2860.09,460.56,13.9,14.88,0,206.87,
1178,1126,1146.39,1059.64,22.61,28.96,1,654.86,Balisée #5
1203,1126,3694.47,1357.62,20.44,15.17,0,310.11,
1088,1127,2654.14,1773.68,18.79,16.68,0,313.5,
1052,1127,1376.52,497.79,13.13,15.51,0,203.64,
764,1127,3635.77,1441.77,25.8,23.71,1,611.91,Balisée #3
771,1127,1450.87,1650.43,18.74,16.35,1,306.48,Balisée #2
1170,1127,2076.54,715.25,18.72,13.92,0,260.65,
1165,1127,1246.24,1578.74,20.85,14.47,1,301.71,Balisée #1
1193,1127,1874.99,1801.78,28.04,21.05,1,590.45,Balisée #4
1195,1127,2859.71,460.39,14.36,15.22,0,218.56,
1178,1127,1147.29,1061.99,22.78,29.08,1,662.67,Balisée #5
1203,1127,3698.51,1357.44,20.46,15.22,0,311.24,
1088,1128,2657.38,1773.13,17.71,15.65,0,277.18,
1052,1128,1378.68,499.7,13.18,15.61,0,205.7,
764,1128,3639.3,1441.0,25.32,23.36,1,591.53,Balisée #3
771,1128,1450.84,1649.97,18.73,16.46,1,308.21,Balisée #2
1170,1128,2080.19,715.76,17.04,12.62,0,215.01,
1165,1128,1245.83,1579.55,21.16,14.8,1,313.16,Balisée #1
1193,1128,1878.27,1802.28,27.05,20.39,1,551.73,Balisée #4
1195,1128,2858.96,460.42,14.6,15.17,0,221.41,
1203,1128,3701.65,1357.36,19.83,14.77,0,292.85,
1088,1129,2661.29,1772.19,17.99,15.86,0,285.3,
1052,1129,1380.55,500.88,13.76,16.36,0,225.07,
764,1129,3643.33,1439.78,25.68,23.84,1,612.19,Balisée #3
771,1129,1451.34,1649.96,18.56,16.35,1,303.45,Balisée #2
1170,1129,2083.73,715.91,16.78,12.43,0,208.58,
1165,1129,1245.22,1580.09,21.7,15.4,1,334.19,Balisée #1
1193,1129,1881.65,1802.35,26.8,20.37,1,545.96,Balisée #4
1195,1129,2858.63,460.41,14.91,15.19,0,226.44,
1203,1129,3705.23,1356.79,19.57,14.62,0,286.2,
1088,1130,2665.0,1771.81,17.79,15.59,0,277.35,
1052,1130,1382.95,502.13,15.12,18.36,0,277.52,
764,1130,3647.87,1438.6,26.42,24.78,1,654.69,Balisée #3
771,1130,1451.59,1650.21,18.43,16.29,1,300.28,Balisée #2
1170,1130,2087.55,716.29,17.83,13.23,0,235.87,
1165,1130,1244.7,1580.45,22.13,15.98,1,353.7,Balisée #1
1193,1130,1884.67,1803.25,27.21,20.89,1,568.6,Balisée #4
1195,1130,2858.21,460.47,15.16,15.06,0,228.28,
1203,1130,3709.39,1356.51,20.16,15.1,0,304.4,
1088,1131,2669.04,1771.77,18.33,16.08,0,294.82,
1052,1131,1385.47,505.98,14.81,18.13,0,268.47,
764,1131,3651.6,1436.96,25.81,24.44,1,630.83,Balisée #3
771,1131,1451.98,1650.23,18.49,16.43,1,303.75,Balisée #2
1170,1131,2090.84,716.81,17.92,13.28,0,237.95,
1165,1131,1244.71,1580.81,22.69,16.73,1,379.64,Balisée #1
1193,1131,1887.65,1803.5,26.09,20.2,1,527.04,Balisée #4
1203,1131,3711.99,1356.86,21.13,15.9,0,335.92,
1088,1132,2672.51,1771.23,18.15,15.86,0,287.93,
1052,1132,1387.47,508.21,13.71,16.55,0,226.86,
764,1132,3654.43,1435.52,25.77,24.61,1,634.24,Balisée #3
771,1132,1451.92,1650.17,18.6,16.59,1,308.7,Balisée #2
1170,1132,2094.29,718.23,17.7,13.11,0,232.07,
1165,1132,1244.68,1581.49,23.96,18.12,1,434.16,Balisée #1
1193,1132,1890.65,1804.08,26.62,20.81,1,553.97,Balisée #4
1203,1132,3714.79,1356.55,20.42,15.44,0,315.29,
1178,1132,1153.51,1075.43,22.47,28.66,1,643.92,Balisée #5
1195,1132,2854.02,460.98,14.56,14.06,0,204.7,
1088,1133,2675.85,1770.24,17.53,15.16,0,265.78,
1052,1133,1388.56,510.44,13.15,15.44,0,203.02,
764,1133,3656.75,1434.23,25.75,24.84,1,639.66,Balisée #3
771,1133,1451.91,1650.05,19.08,17.1,1,326.15,Balisée #2
1170,1133,2097.5,718.97,16.96,12.38,0,209.93,
1165,1133,1244.11,1585.04,24.12,18.62,1,449.19,Balisée #1
1193,1133,1893.57,1804.5,26.64,20.96,1,558.32,Balisée #4
1203,1133,3717.25,1355.98,20.22,15.32,0,309.72,
1195,1133,2852.81,461.17,14.5,13.7,0,198.63,
1088,1134,2678.75,1769.16,17.7,15.27,0,270.2,
1052,1134,1389.58,512.59,13.52,15.3,0,206.85,
764,1134,3659.24,1433.51,25.62,24.99,1,640.36,Balisée #3
771,1134,1451.79,1649.55,19.16,17.22,1,330.06,Balisée #2
1170,1134,2099.84,719.71,17.49,12.38,0,216.59,
1165,1134,1243.34,1586.97,22.75,17.78,1,404.39,Balisée #1
1193,1134,1896.42,1804.94,26.61,21.08,1,560.94,Balisée #4
1203,1134,3719.36,1356.06,21.01,15.88,0,333.7,
1195,1134,2852.08,461.46,14.14,13.13,0,185.63,
1088,1135,2681.34,1768.54,18.22,15.72,0,286.47,
1052,1135,1393.95,514.66,13.89,15.26,0,211.96,
764,1135,3662.11,1433.01,25.65,25.28,1,648.34,Balisée #3
771,1135,1451.66,1648.81,18.64,16.71,1,311.52,Balisée #2
1170,1135,2104.03,722.27,21.54,15.78,0,339.93,
1165,1135,1242.51,1588.17,20.92,16.47,1,344.48,Balisée #1
1193,1135,1898.72,1805.31,26.28,20.96,1,550.94,Balisée #4
1203,1135,3721.96,1356.63,20.58,15.56,0,320.37,
1088,1136,2684.49,1768.17,18.22,15.67,0,285.62,
1052,1136,1396.32,516.89,13.94,15.16,0,211.34,
764,1136,3665.6,1432.0,25.94,25.87,1,671.22,Balisée #3
771,1136,1451.85,1648.6,18.65,16.71,1,311.51,Balisée #2
1170,1136,2107.61,723.3,22.16,16.74,0,370.98,
1165,1136,1241.83,1589.18,19.91,15.71,1,312.69,Balisée #1
1193,1136,1901.66,1805.59,25.97,20.92,1,543.36,Balisée #4
1203,1136,3724.47,1356.95,20.59,15.66,0,322.52,
1088,1137,2687.0,1767.91,18.55,15.73,0,291.78,
1052,1137,1397.89,519.68,13.94,15.27,0,212.93,
764,1137,3669.22,1430.94,25.57,25.8,1,659.66,Balisée #3
771,1137,1452.22,1649.17,19.0,17.04,1,323.76,Balisée #2
1170,1137,2110.43,723.92,21.96,16.72,0,367.07,
1165,1137,1241.18,1590.17,19.51,15.4,1,300.51,Balisée #1
1193,1137,1904.29,1806.23,26.47,21.56,1,570.71,Balisée #4
1203,1137,3726.77,1356.45,20.45,15.56,0,318.19,
1088,1138,2690.66,1767.49,18.42,15.6,0,287.36,
1052,1138,1399.52,522.46,13.97,15.45,0,215.85,
764,1138,3671.87,1429.59,25.23,25.64,1,646.93,Balisée #3
771,1138,1452.52,1649.81,19.25,17.25,1,332.2,Balisée #2
1170,1138,2114.75,724.46,20.77,16.01,0,332.57,
1165,1138,1240.09,1591.1,19.19,15.15,1,290.84,Balisée #1
1193,1138,1907.22,1806.6,26.55,21.86,1,580.4,Balisée #4
1203,1138,3729.24,1356.49,20.7,15.77,0,326.44,
1088,1139,2694.22,1767.32,18.36,15.54,0,285.27,
1052,1139,1401.54,524.35,14.26,15.99,0,227.99,
764,1139,3674.21,1428.25,24.65,25.26,1,622.68,Balisée #3
771,1139,1452.94,1649.87,19.17,17.08,1,327.34,Balisée #2
1170,1139,2117.65,725.07,19.14,14.83,0,283.88,
1165,1139,1239.67,1592.37,19.4,15.38,1,298.46,Balisée #1
1193,1139,1909.73,1806.81,25.55,21.19,1,541.35,Balisée #4
1203,1139,3732.11,1356.6,20.74,15.85,0,328.82,
1088,1140,2697.42,1767.01,18.57,15.7,0,291.48,
1052,1140,1403.25,525.89,15.71,17.98,0,282.47,
764,1140,3676.33,1427.08,24.76,25.58,1,633.42,Balisée #3
771,1140,1452.87,1649.48,18.47,16.25,1,300.17,Balisée #2
1170,1140,2120.86,725.57,17.89,13.8,0,246.9,
1165,1140,1239.21,1594.36,19.16,15.22,1,291.59,Balisée #1
1193,1140,1912.29,1806.96,25.6,21.5,1,550.38,Balisée #4
1203,1140,3734.46,1356.29,20.48,15.63,0,320.16,
1088,1141,2700.49,1765.94,18.58,15.68,0,291.34,
1052,1141,1405.25,529.83,15.65,18.24,0,285.48,
764,1141,3679.12,1426.05,24.91,26.01,1,647.93,Balisée #3
771,1141,1452.82,1648.8,18.57,16.18,1,300.42,Balisée #2
1170,1141,2124.78,725.94,16.86,12.92,0,217.86,
1165,1141,1239.1,1596.23,19.44,15.47,1,300.69,Balisée #1
1193,1141,1914.98,1807.07,25.39,21.54,1,546.89,Balisée #4
1088,1142,2703.65,1764.84,18.72,15.8,0,295.88,
1052,1142,1407.13,532.06,14.51,16.96,0,246.04,
764,1142,3682.46,1424.76,24.42,25.75,1,628.82,Balisée #3
771,1142,1453.26,1648.39,18.3,15.75,1,288.35,Balisée #2
1170,1142,2128.57,726.17,16.41,12.57,0,206.35,
1165,1142,1238.77,1598.2,18.81,14.92,1,280.58,Balisée #1
1193,1142,1918.07,1807.11,25.71,22.11,1,568.25,Balisée #4
1088,1143,2707.26,1763.67,18.89,15.99,0,302.06,
1052,1143,1409.29,534.07,13.43,15.7,0,210.95,
764,1143,3686.13,1423.85,24.26,25.73,1,624.42,Balisée #3
771,1143,1453.65,1648.01,18.39,15.6,1,286.96,Balisée #2
1170,1143,2131.94,726.74,16.41,12.55,0,205.96,
1165,1143,1238.2,1599.78,19.02,15.05,1,286.27,Balisée #1
1193,1143,1921.19,1807.14,26.23,22.89,1,600.5,Balisée #4
1195,1143,2841.67,464.21,12.7,11.29,0,143.42,
1203,1143,3742.75,1355.73,20.1,15.19,0,305.37,
1088,1144,2710.35,1763.23,19.29,16.24,0,313.24,
1052,1144,1412.06,535.85,13.3,15.47,0,205.73,
764,1144,3690.1,1422.66,24.37,26.13,1,636.8,Balisée #3
771,1144,1454.37,1648.03,18.51,15.54,1,287.7,Balisée #2
1170,1144,2134.76,727.28,16.46,12.22,0,201.08,
1165,1144,1237.85,1600.42,18.82,14.87,1,279.97,Balisée #1
1193,1144,1924.29,1807.01,25.4,22.47,1,570.65,Balisée #4
1195,1144,2840.48,464.05,12.73,10.88,0,138.41,
1088,1145,2714.87,1763.24,19.44,16.46,0,320.02,
1052,1145,1414.7,537.54,14.79,17.53,0,259.16,
764,1145,3693.63,1421.06,24.62,26.72,1,657.84,Balisée #3
771,1145,1455.25,1648.41,18.15,15.06,1,273.47,Balisée #2
1170,1145,2139.43,727.38,16.52,12.22,0,201.9,
1165,1145,1237.75,1601.01,19.12,15.08,1,288.35,Balisée #1
1193,1145,1927.85,1806.73,25.3,22.78,1,576.33,Balisée #4
1195,1145,2839.56,464.01,13.18,10.97,0,144.61,
1088,1146,2719.22,1762.73,19.59,16.66,0,326.25,
1052,1146,1418.48,540.78,14.14,16.26,0,229.96,
764,1146,3697.16,1419.05,24.37,26.67,1,649.9,Balisée #3
771,1146,1455.8,1648.75,18.1,14.84,1,268.53,Balisée #2
1170,1146,2143.6,727.63,16.35,12.09,0,197.64,
1165,1146,1237.84,1602.37,19.06,15.0,1,285.82,Balisée #1
1193,1146,1930.81,1807.12,25.62,23.45,1,600.92,Balisée #4
1195,1146,2838.67,463.76,13.83,11.31,0,156.41,
1088,1147,2723.55,1761.7,19.25,16.37,0,315.12,
1052,1147,1420.65,542.55,13.44,15.21,0,204.35,
764,1147,3700.3,1417.05,23.75,26.14,1,621.03,Balisée #3
771,1147,1456.64,1648.87,17.69,14.28,1,252.52,Balisée #2
1170,1147,2147.51,728.16,16.84,12.43,0,209.32,
1165,1147,1238.41,1603.35,18.86,14.78,1,278.79,Balisée #1
1193,1147,1934.09,1806.62,25.18,23.48,1,591.0,Balisée #4
1195,1147,2838.02,464.05,14.29,11.48,0,164.0,
1088,1148,2727.45,1760.33,19.49,16.67,0,324.82,
1052,1148,1422.53,544.33,13.95,15.85,0,221.09,
764,1148,3703.79,1415.3,23.58,26.04,1,614.2,Balisée #3
771,1148,1456.89,1648.33,18.05,14.35,1,258.94,Balisée #2
1170,1148,2151.78,728.83,16.74,12.33,0,206.41,
1165,1148,1239.3,1604.19,19.81,15.58,1,308.59,Balisée #1
1193,1148,1937.4,1805.84,24.73,23.53,1,581.85,Balisée #4
1195,1148,2837.74,464.26,14.4,11.41,0,164.36,
1088,1149,2731.02,1759.27,19.07,16.38,0,312.38,
1052,1149,1424.98,546.29,13.53,15.41,0,208.51,
764,1149,3707.28,1414.1,23.48,26.05,1,611.69,Balisée #3
771,1149,1457.02,1647.94,18.11,14.24,1,257.93,Balisée #2
1170,1149,2155.82,728.77,16.64,12.24,0,203.6,
1165,1149,1239.43,1604.97,21.13,16.85,1,356.14,Balisée #1
1193,1149,1940.45,1804.64,25.39,24.63,1,625.35,Balisée #4
1195,1149,2837.62,464.44,14.21,11.12,0,158.0,
1088,1150,2734.16,1758.05,19.7,16.93,0,333.51,
1052,1150,1427.2,548.28,14.02,16.08,0,225.48,
764,1150,3710.44,1412.74,23.09,25.64,1,592.16,Balisée #3
771,1150,1457.52,1647.44,18.94,14.85,1,281.26,Balisée #2
1170,1150,2160.82,729.15,17.16,12.32,0,211.4,
1165,1150,1239.25,1605.63,22.38,18.12,1,405.51,Balisée #1
1193,1150,1943.22,1803.99,25.65,25.25,1,647.42,Balisée #4
1195,1150,2837.53,464.25,14.86,11.55,0,171.56,
1088,1151,2738.38,1757.27,19.68,17.0,0,334.64,
1052,1151,1429.53,549.53,14.93,17.44,0,260.35,
764,1151,3713.88,1411.09,23.45,26.15,1,613.36,Balisée #3
771,1151,1457.85,1647.41,19.09,14.91,1,284.7,Balisée #2
1170,1151,2164.07,729.52,17.24,12.37,0,213.26,
1165,1151,1238.44,1606.09,23.23,19.08,1,443.1,Balisée #1
1193,1151,1946.26,1803.8,24.89,24.97,1,621.54,Balisée #4
1195,1151,2836.85,464.54,14.87,11.43,0,169.88,
1217,1151,1238.2,1610.34,19.0,19.32,1,367.18,Balisée #1
1088,1152,2742.22,1756.78,19.51,16.96,0,330.91,
1052,1152,1432.0,553.65,15.18,18.08,0,274.38,
764,1152,3717.36,1409.47,23.36,26.2,1,611.97,Balisée #3
771,1152,1458.14,1648.18,18.7,14.49,1,270.86,Balisée #2
1170,1152,2167.8,730.5,16.75,12.02,0,201.27,
1193,1152,1949.13,1803.64,24.63,25.15,1,619.28,Balisée #4
1195,1152,2836.06,464.65,14.95,11.35,0,169.62,
1088,1153,2746.02,1756.62,19.04,16.63,0,316.52,
1052,1153,1434.53,555.95,14.18,16.88,0,239.28,
764,1153,3721.01,1408.18,23.2,25.99,1,603.14,Balisée #3
771,1153,1458.41,1649.69,19.16,14.8,1,283.66,Balisée #2
1170,1153,2171.83,731.4,16.46,11.72,0,192.92,
1193,1153,1952.07,1803.43,24.89,26.06,1,648.73,Balisée #4
1195,1153,2836.12,464.83,15.07,11.39,0,171.64,
1217,1153,1238.78,1611.64,16.55,16.72,1,276.74,Balisée #1
1088,1154,2750.13,1756.44,18.86,16.53,0,311.79,
1052,1154,1436.16,558.12,13.35,15.51,0,206.99,
764,1154,3724.19,1406.91,23.23,26.1,1,606.37,Balisée #3
771,1154,1458.5,1650.54,19.56,15.13,1,295.91,Balisée #2
1170,1154,2175.69,732.41,16.98,12.08,0,205.02,
1193,1154,1954.88,1803.18,23.98,25.6,1,613.8,Balisée #4
1217,1154,1239.42,1612.25,15.49,15.5,1,240.12,Balisée #1
1088,1155,2753.71,1756.04,19.04,16.76,0,319.03,
1052,1155,1437.36,560.31,13.46,15.09,0,203.21,
764,1155,3726.95,1405.8,23.13,26.04,1,602.32,Balisée #3
771,1155,1458.39,1651.05,19.52,15.1,1,294.76,Balisée #2
1170,1155,2178.99,733.38,17.31,12.3,0,212.87,
1193,1155,1957.31,1802.7,23.07,25.12,1,579.4,Balisée #4
1217,1155,1239.17,1613.61,13.95,13.66,1,190.48,Balisée #1
1195,1155,2834.82,466.1,15.45,11.42,0,176.43,
1088,1156,2756.65,1755.24,19.52,17.41,0,339.86,
1052,1156,1441.99,561.87,14.17,15.51,0,219.83,
764,1156,3729.31,1404.75,22.96,25.71,1,590.31,Balisée #3
771,1156,1457.82,1651.25,19.7,15.24,1,300.22,Balisée #2
1170,1156,2181.99,733.95,18.16,12.86,0,233.51,
1193,1156,1959.52,1802.06,22.2,24.62,1,546.55,Balisée #4
1195,1156,2834.52,466.85,15.59,11.24,0,175.15,
1088,1157,2758.55,1754.79,20.05,17.99,0,360.65,
1052,1157,1444.42,564.85,13.99,15.15,0,211.91,
764,1157,3732.18,1403.96,22.52,25.06,1,564.3,Balisée #3
771,1157,1457.41,1651.57,19.83,15.34,1,304.19,Balisée #2
1170,1157,2186.18,734.75,18.04,12.67,0,228.6,
1193,1157,1961.38,1801.59,22.45,25.29,1,567.62,Balisée #4
1195,1157,2834.23,467.46,15.75,11.05,0,174.08,
1217,1157,1238.0,1615.75,14.15,13.49,1,190.9,Balisée #1
1088,1158,2762.19,1754.54,20.38,18.38,0,374.67,
1052,1158,1445.98,567.51,13.63,14.83,0,202.19,
764,1158,3734.11,1403.51,22.37,24.78,1,554.51,Balisée #3
771,1158,1457.2,1651.99,20.46,15.89,1,325.08,Balisée #2
1170,1158,2189.2,735.87,17.74,12.52,0,222.14,
1193,1158,1963.3,1800.91,22.37,25.74,1,575.87,Balisée #4
1088,1159,2764.89,1754.26,20.72,18.94,0,392.49,
1052,1159,1447.26,570.2,13.63,15.01,0,204.46,
764,1159,3736.18,1402.25,23.12,25.7,1,594.11,Balisée #3
771,1159,1457.14,1652.52,21.42,16.86,1,361.22,Balisée #2
1170,1159,2192.07,736.89,17.26,12.19,0,210.43,
1193,1159,1965.1,1799.76,21.91,25.75,1,564.17,Balisée #4
1195,1159,2830.29,468.22,16.35,11.25,0,183.94,
1217,1159,1236.7,1617.38,14.76,13.69,1,202.17,Balisée #1
1088,1160,2767.66,1753.98,21.01,19.54,0,410.59,
1052,1160,1449.2,572.3,14.21,15.88,0,225.66,
764,1160,3738.35,1400.61,23.28,25.96,1,604.31,Balisée #3
771,1160,1457.03,1653.4,23.17,18.59,1,430.79,Balisée #2
1170,1160,2195.44,738.05,17.63,12.48,0,220.09,
1193,1160,1966.67,1799.13,21.87,25.89,1,566.07,Balisée #4
1219,1160,2766.81,1750.5,17.7,21.0,0,371.76,
1217,1160,1236.58,1618.38,15.1,13.61,1,205.44,Balisée #1
1088,1161,2770.68,1753.51,21.65,20.52,0,444.25,
1052,1161,1451.43,573.89,15.56,17.92,0,278.7,
764,1161,3740.68,1399.23,23.52,26.31,1,618.77,Balisée #3
771,1161,1456.97,1653.86,23.86,19.51,1,465.64,Balisée #2
1170,1161,2199.23,738.76,18.38,13.12,0,241.09,
1193,1161,1969.7,1798.07,21.05,24.99,1,526.1,Balisée #4
1219,1161,2769.71,1750.01,16.9,20.01,0,338.15,
1217,1161,1236.68,1619.53,15.37,13.53,1,208.02,Balisée #1
1220,1161,1456.73,1657.82,19.14,20.36,1,389.6,Balisée #2
1195,1161,2827.69,469.51,16.99,11.67,0,198.25,
1052,1162,1453.68,577.98,15.29,17.97,0,274.85,
764,1162,3742.81,1398.19,23.54,26.31,1,619.31,Balisée #3
771,1162,1457.09,1654.3,24.39,20.4,1,497.47,Balisée #2
1170,1162,2202.74,739.17,18.96,13.68,0,259.42,
1193,1162,1971.53,1796.79,20.77,24.73,1,513.72,Balisée #4
1219,1162,2773.15,1749.18,15.56,18.36,0,285.77,
1217,1162,1237.25,1621.33,16.14,13.89,1,224.17,Balisée #1
1220,1162,1456.95,1657.94,18.93,20.12,1,380.77,Balisée #2
1195,1162,2827.03,470.17,17.16,11.76,0,201.8,
764,1163,3745.04,1397.29,23.18,25.89,1,600.21,Balisée #3
771,1163,1457.59,1654.43,24.21,20.67,1,500.56,Balisée #2
1170,1163,2205.93,739.55,19.83,14.38,0,285.16,
1193,1163,1973.6,1795.92,20.57,24.76,1,509.36,Balisée #4
1219,1163,2776.76,1748.45,14.47,16.93,0,245.0,
1217,1163,1237.74,1622.36,16.06,13.53,1,217.34,Balisée #1
1220,1163,1457.59,1658.09,18.67,19.82,1,369.96,Balisée #2
1195,1163,2826.7,471.57,17.0,11.73,0,199.49,
764,1164,3747.39,1396.24,23.61,26.46,1,624.64,Balisée #3
1170,1164,2210.24,739.95,20.72,15.2,0,314.98,
1193,1164,1975.98,1794.2,20.18,24.6,1,496.47,Balisée #4
1219,1164,2780.0,1747.67,13.77,15.9,0,218.95,
1217,1164,1237.33,1622.97,16.29,13.43,1,218.75,Balisée #1
1220,1164,1458.05,1658.32,18.27,19.37,1,353.74,Balisée #2
1195,1164,2826.05,472.3,16.62,11.42,0,189.75,
1052,1164,1458.83,583.17,13.4,15.83,0,212.06,
764,1165,3749.41,1394.35,23.68,26.66,1,631.09,Balisée #3
1170,1165,2213.13,740.39,21.46,16.11,0,345.72,
1193,1165,1977.87,1792.74,19.89,24.48,1,486.86,Balisée #4
1219,1165,2782.18,1746.66,13.95,15.74,0,219.46,
1217,1165,1237.06,1622.92,16.49,13.33,1,219.82,Balisée #1
1220,1165,1458.18,1658.62,17.79,18.75,1,333.63,Balisée #2
1195,1165,2824.9,472.49,16.63,11.49,0,191.02,
1052,1165,1460.67,584.63,13.67,16.27,0,222.46,
764,1166,3750.96,1391.93,23.4,26.38,1,617.33,Balisée #3
1170,1166,2216.21,740.67,21.74,16.73,0,363.66,
1193,1166,1979.52,1790.83,19.16,23.6,1,452.13,Balisée #4
1219,1166,2785.93,1745.32,14.15,15.63,0,221.17,
1217,1166,1236.69,1622.94,16.86,13.45,1,226.75,Balisée #1
1220,1166,1457.73,1659.02,17.19,17.96,1,308.8,Balisée #2
1195,1166,2823.27,472.11,16.41,11.36,0,186.44,
764,1167,3752.56,1389.78,23.29,26.17,1,609.57,Balisée #3
1170,1167,2219.67,740.94,22.03,17.32,0,381.48,
1219,1167,2788.37,1743.77,14.52,15.79,0,229.27,
1217,1167,1236.9,1623.25,17.47,13.76,1,240.31,Balisée #1
1220,1167,1457.7,1659.19,17.06,17.63,1,300.79,Balisée #2
1195,1167,2822.22,472.37,16.32,11.33,0,184.94,
1052,1167,1464.66,586.78,15.79,19.28,0,304.47,
764,1168,3754.27,1388.16,23.44,26.37,1,618.07,Balisée #3
1170,1168,2223.46,740.98,21.8,17.46,0,380.64,
1219,1168,2791.28,1741.88,14.44,15.44,0,222.82,
1217,1168,1238.17,1624.01,17.96,14.05,1,252.34,Balisée #1
1220,1168,1458.18,1659.24,17.12,17.51,1,299.78,Balisée #2
1195,1168,2821.59,473.1,17.13,11.97,0,205.14,
764,1169,3755.79,1386.22,23.45,26.44,1,620.06,Balisée #3
1170,1169,2227.27,741.15,21.76,17.85,0,388.26,
1219,1169,2793.9,1740.13,14.55,15.29,0,222.46,
1217,1169,1238.71,1624.65,18.53,14.43,1,267.36,Balisée #1
1220,1169,1458.46,1659.32,17.13,17.37,1,297.59,Balisée #2
1195,1169,2821.25,473.73,17.06,12.0,0,204.78,
1052,1169,1469.6,592.35,13.07,15.88,0,207.52,
764,1170,3757.61,1384.38,23.76,26.92,1,639.69,Balisée #3
1170,1170,2229.96,741.54,22.36,18.66,0,417.42,
1219,1170,2796.73,1738.59,14.92,15.45,0,230.6,
1217,1170,1239.02,1625.0,18.67,14.45,1,269.81,Balisée #1
1220,1170,1458.73,1659.44,17.11,17.12,1,293.01,Balisée #2
1222,1170,2228.96,746.92,15.96,18.15,0,289.81,
1052,1170,1472.57,595.38,12.77,15.49,0,197.82,
1193,1170,1986.72,1781.75,20.76,26.19,1,543.62,Balisée #4
764,1171,3760.29,1382.51,23.45,26.63,1,624.38,Balisée #3
1219,1171,2800.46,1737.36,15.68,16.06,0,251.8,
1217,1171,1239.61,1625.0,18.69,14.39,1,268.96,Balisée #1
1220,1171,1459.59,1659.75,16.82,16.51,1,277.8,Balisée #2
1222,1171,2233.64,747.27,15.42,17.45,0,269.09,
1052,1171,1475.62,597.38,14.05,17.44,0,245.14,
1224,1171,3826.19,1349.31,23.96,16.79,0,402.22,
1193,1171,1989.3,1780.66,19.79,25.26,1,499.89,Balisée #4
1195,1171,2820.33,474.24,17.3,12.22,0,211.5,
764,1172,3762.45,1380.97,23.08,26.19,1,604.41,Balisée #3
1219,1172,2803.65,1735.88,15.67,15.84,0,248.23,
1217,1172,1239.92,1625.09,18.76,14.39,1,269.91,Balisée #1
1220,1172,1460.18,1660.52,16.99,16.42,1,279.01,Balisée #2
1222,1172,2238.05,747.34,15.37,17.32,0,266.27,
1193,1172,1991.27,1778.82,17.9,22.62,1,405.0,Balisée #4
1195,1172,2819.39,474.55,17.8,12.75,0,227.05,
764,1173,3764.55,1378.95,23.16,26.29,1,609.01,Balisée #3
1219,1173,2806.53,1734.7,15.77,15.81,0,249.39,
1217,1173,1240.69,1625.04,18.79,14.33,1,269.28,Balisée #1
1220,1173,1460.74,1661.31,17.24,16.49,1,284.18,Balisée #2
1222,1173,2242.14,747.35,15.41,17.29,0,266.45,
1193,1173,1992.76,1777.76,18.21,22.95,1,417.94,Balisée #4
1195,1173,2819.04,474.71,17.94,13.03,0,233.74,
1052,1173,1480.36,602.66,14.18,18.03,0,255.72,
764,1174,3766.65,1376.66,23.42,26.69,1,625.14,Balisée #3
1219,1174,2809.59,1733.09,16.24,16.1,0,261.56,
1217,1174,1241.73,1625.84,19.56,14.98,1,293.06,Balisée #1
1220,1174,1461.07,1662.16,17.56,16.66,1,292.55,Balisée #2
1222,1174,2246.09,747.48,15.26,17.05,0,260.14,
1193,1174,1994.53,1775.88,17.91,22.52,1,403.21,Balisée #4
1195,1174,2818.77,474.85,18.11,13.33,0,241.46,
764,1175,3767.8,1374.12,23.75,27.24,1,647.13,Balisée #3
1219,1175,2812.38,1731.39,16.64,16.44,0,273.53,
1217,1175,1242.53,1626.89,20.06,15.4,1,308.89,Balisée #1
1220,1175,1460.82,1662.55,17.48,16.36,1,286.05,Balisée #2
1222,1175,2249.96,748.05,14.41,15.9,0,229.11,
1193,1175,1996.01,1774.03,18.21,23.06,1,419.91,Balisée #4
1195,1175,2817.53,476.25,16.36,11.73,0,191.97,
1224,1175,3829.43,1347.27,21.13,17.59,0,371.71,
764,1176,3769.32,1372.47,24.04,27.81,1,668.59,Balisée #3
1219,1176,2815.02,1729.69,16.86,16.59,0,279.78,
1217,1176,1243.03,1627.88,20.68,15.99,1,330.73,Balisée #1
1220,1176,1460.93,1662.72,17.74,16.45,1,291.77,Balisée #2
1222,1176,2253.46,748.47,13.96,15.05,0,210.15,
1193,1176,1997.6,1772.1,18.58,23.68,1,440.05,Balisée #4
1195,1176,2817.22,478.1,16.31,11.48,0,187.28,
764,1177,3771.44,1371.27,23.57,27.34,1,644.54,Balisée #3
1219,1177,2817.5,1728.38,17.34,16.95,0,293.86,
1217,1177,1243.99,1628.61,21.62,16.93,1,365.93,Balisée #1
1220,1177,1461.52,1663.0,17.68,16.2,1,286.44,Balisée #2
1222,1177,2258.17,748.87,13.59,14.25,0,193.66,
1193,1177,1999.41,1770.67,18.18,23.12,1,420.41,Balisée #4
1195,1177,2817.13,479.56,15.86,10.9,0,172.91,
764,1178,3773.68,1370.4,23.4,27.17,1,635.84,Balisée #3
1219,1178,2820.41,1726.58,19.53,19.43,0,379.43,
1217,1178,1243.95,1628.91,21.87,17.35,1,379.46,Balisée #1
1220,1178,1462.16,1663.6,18.19,16.47,1,299.61,Balisée #2
1222,1178,2261.52,749.12,13.38,13.76,0,184.11,
1193,1178,2000.48,1769.74,18.85,23.94,1,451.16,Balisée #4
1195,1178,2816.66,480.64,15.79,10.72,0,169.25,
764,1179,3775.2,1369.35,23.36,27.32,1,638.29,Balisée #3
1219,1179,2823.37,1725.75,19.86,20.02,0,397.49,
1217,1179,1243.7,1629.07,21.96,17.65,1,387.56,Balisée #1
1220,1179,1462.29,1665.24,17.99,16.05,1,288.75,Balisée #2
1222,1179,2264.98,749.38,13.28,13.25,0,175.96,
1193,1179,2001.82,1767.16,17.2,21.65,1,372.5,Balisée #4
1195,1179,2815.86,481.01,16.09,10.92,0,175.71,
764,1180,3776.79,1367.82,23.16,27.37,1,634.09,Balisée #3
1219,1180,2826.21,1725.08,19.17,19.44,0,372.79,
1217,1180,1244.19,1629.41,22.41,18.35,1,411.21,Balisée #1
1220,1180,1462.35,1667.02,18.47,16.29,1,300.89,Balisée #2
1222,1180,2268.18,749.86,12.78,12.34,0,157.67,
1193,1180,2002.88,1765.05,16.27,20.23,1,329.25,Balisée #4
1195,1180,2815.09,481.37,16.67,11.35,0,189.22,
764,1181,3778.49,1366.14,22.95,27.32,1,627.12,Balisée #3
1219,1181,2829.1,1724.21,17.82,17.92,0,319.42,
1217,1181,1244.78,1632.68,22.98,19.24,1,442.2,Balisée #1
1220,1181,1462.19,1668.25,18.44,16.1,1,296.95,Balisée #2
1222,1181,2271.62,750.75,13.18,12.37,0,163.0,
1193,1181,2003.52,1763.95,16.79,20.74,1,348.33,Balisée #4
1195,1181,2814.31,482.37,16.96,11.64,0,197.48,
764,1182,3780.24,1364.48,22.72,27.05,1,614.42,Balisée #3
1219,1182,2830.73,1723.28,17.57,17.36,0,304.96,
1217,1182,1245.42,1634.37,22.12,18.72,1,413.97,Balisée #1
1220,1182,1462.01,1668.39,18.69,16.23,1,303.28,Balisée #2
1222,1182,2275.31,751.51,13.61,12.5,0,170.07,
1193,1182,2003.9,1761.38,15.72,19.05,1,299.55,Balisée #4
1195,1182,2814.34,483.82,17.2,11.9,0,204.67,
764,1183,3781.94,1362.71,22.87,27.35,1,625.45,Balisée #3
1219,1183,2834.43,1721.95,17.89,17.65,0,315.75,
1217,1183,1245.94,1635.66,20.49,17.27,1,353.88,Balisée #1
1220,1183,1461.91,1668.36,18.93,16.37,1,309.96,Balisée #2
1222,1183,2278.49,752.12,14.16,12.48,0,176.71,
1193,1183,2005.22,1759.66,16.2,19.2,1,311.02,Balisée #4
1195,1183,2814.58,484.73,16.39,11.36,0,186.27,
764,1184,3783.26,1361.26,22.91,27.6,1,632.26,Balisée #3
1219,1184,2837.25,1720.61,17.9,17.73,0,317.37,
1217,1184,1245.95,1636.37,19.71,16.59,1,327.03,Balisée #1
1220,1184,1461.77,1668.71,18.94,16.29,1,308.64,Balisée #2
1222,1184,2282.92,752.34,14.19,12.21,0,173.17,
1193,1184,2006.2,1757.96,16.41,19.13,1,313.85,Balisée #4
1195,1184,2814.53,485.84,17.17,12.04,0,206.71,
764,1185,3785.46,1359.45,22.59,27.42,1,619.58,Balisée #3
1219,1185,2840.4,1719.22,17.92,17.9,0,320.78,
1217,1185,1245.56,1636.48,19.18,16.18,1,310.35,Balisée #1
1220,1185,1461.9,1669.51,18.73,15.97,1,299.02,Balisée #2
1222,1185,2286.3,752.39,14.76,12.52,0,184.88,
1193,1185,2007.3,1756.27,17.21,19.82,1,341.2,Balisée #4
1195,1185,2814.17,486.82,17.19,12.14,0,208.58,
1052,1185,1511.42,626.41,11.86,14.39,0,170.66,
764,1186,3788.49,1357.88,22.54,27.57,1,621.33,Balisée #3
1219,1186,2842.99,1718.17,17.84,17.91,0,319.5,
1217,1186,1245.76,1636.54,19.29,16.26,1,313.67,Balisée #1
1220,1186,1462.25,1671.01,19.04,16.09,1,306.35,Balisée #2
1222,1186,2289.65,752.44,14.49,12.08,0,174.94,
1193,1186,2008.2,1755.41,18.2,20.88,1,380.19,Balisée #4
1195,1186,2814.01,486.72,17.84,12.8,0,228.5,
1052,1186,1514.1,628.62,11.88,14.02,0,166.49,
764,1187,3790.86,1356.31,22.47,27.52,1,618.47,Balisée #3
1219,1187,2846.25,1717.06,17.69,17.85,0,315.67,
1217,1187,1245.98,1637.5,19.99,16.88,1,337.53,Balisée #1
1220,1187,1462.33,1672.38,19.49,16.38,1,319.31,Balisée #2
1222,1187,2293.06,752.49,14.92,12.23,0,182.49,
1193,1187,2009.33,1754.85,18.83,21.4,1,402.99,Balisée #4
1195,1187,2813.62,486.57,17.9,12.97,0,232.06,
764,1188,3793.11,1354.88,22.48,27.61,1,620.56,Balisée #3
1219,1188,2849.55,1716.24,17.94,18.17,0,325.98,
1217,1188,1245.97,1639.05,19.9,16.82,1,334.66,Balisée #1
1220,1188,1462.07,1673.6,20.09,16.91,1,339.72,Balisée #2
1222,1188,2296.87,752.55,15.7,12.85,0,201.7,
1193,1188,2010.33,1754.35,19.1,21.63,1,413.13,Balisée #4
1195,1188,2813.29,487.16,17.72,12.93,0,229.13,
764,1189,3795.11,1353.69,22.4,27.6,1,618.29,Balisée #3
1219,1189,2852.5,1715.14,17.77,18.08,0,321.29,
1217,1189,1246.46,1640.82,20.1,16.9,1,339.62,Balisée #1
1220,1189,1461.32,1674.53,20.18,17.02,1,343.54,Balisée #2
1222,1189,2300.48,753.18,15.75,12.74,0,200.63,
1193,1189,2011.08,1752.9,19.53,22.13,1,432.19,Balisée #4
1195,1189,2813.64,487.88,17.66,13.06,0,230.66,
764,1190,3797.88,1351.95,22.17,27.51,1,609.95,Balisée #3
1219,1190,2854.5,1714.11,17.73,17.77,0,315.19,
1217,1190,1246.53,1642.66,20.27,16.99,1,344.45,Balisée #1
1220,1190,1460.69,1674.98,20.13,16.92,1,340.57,Balisée #2
1222,1190,2305.05,754.02,15.95,12.48,0,199.05,
1193,1190,2011.68,1752.17,20.17,22.78,1,459.37,Balisée #4
1195,1190,2814.29,489.15,17.44,12.98,0,226.32,
764,1191,3800.37,1350.42,22.26,27.87,1,620.52,Balisée #3
1219,1191,2858.54,1713.11,17.69,17.72,0,313.55,
1217,1191,1246.02,1643.99,20.03,16.84,1,337.24,Balisée #1
1220,1191,1460.2,1675.73,20.06,16.94,1,339.87,Balisée #2
1222,1191,2308.48,754.74,15.22,11.76,0,178.93,
1193,1191,2012.07,1750.15,19.42,21.65,1,420.5,Balisée #4
1195,1191,2814.91,490.64,17.19,12.9,0,221.81,
764,1192,3802.55,1349.15,21.99,27.67,1,608.38,Balisée #3
1219,1192,2861.48,1712.06,17.54,17.64,0,309.43,
1217,1192,1245.76,1644.95,19.93,16.83,1,335.58,Balisée #1
1220,1192,1460.3,1677.33,20.23,17.12,1,346.32,Balisée #2
1222,1192,2312.11,754.89,15.8,12.14,0,191.86,
1193,1192,2012.39,1748.9,19.21,21.06,1,404.53,Balisée #4
1195,1192,2815.24,491.71,17.45,13.21,0,230.56,
764,1193,3805.02,1348.19,21.89,27.56,1,603.23,Balisée #3
1219,1193,2865.19,1711.19,17.43,17.56,0,306.06,
1217,1193,1245.47,1645.92,20.26,17.28,1,350.03,Balisée #1
1220,1193,1460.65,1679.3,20.29,17.31,1,351.09,Balisée #2
1222,1193,2315.48,754.81,15.99,12.19,0,194.9,
1193,1193,2013.45,1748.34,19.46,21.03,1,409.35,Balisée #4
1195,1193,2815.55,492.49,17.38,13.25,0,230.32,
764,1194,3808.07,1346.62,21.46,27.0,1,579.47,Balisée #3
1219,1194,2868.48,1710.26,17.46,17.63,0,307.88,
1217,1194,1245.54,1646.98,20.13,17.26,1,347.5,Balisée #1
1220,1194,1460.62,1681.28,20.61,17.8,1,366.9,Balisée #2
1222,1194,2319.13,754.64,16.62,12.58,0,209.07,
1193,1194,2014.19,1747.75,19.97,21.27,1,424.8,Balisée #4
1195,1194,2815.71,492.73,17.68,13.61,0,240.63,
1237,1194,1292.02,1237.01,28.79,24.46,1,704.14,Balisée #5
764,1195,3810.72,1344.97,21.62,27.35,1,591.24,Balisée #3
1219,1195,2871.8,1709.05,17.04,17.21,0,293.18,
1217,1195,1245.89,1648.7,19.96,17.09,1,341.05,Balisée #1
1220,1195,1460.51,1682.58,20.61,18.07,1,372.41,Balisée #2
1222,1195,2323.05,754.78,16.92,12.76,0,215.86,
1193,1195,2014.47,1746.58,20.05,21.09,1,422.99,Balisée #4
1195,1195,2815.78,493.3,17.57,13.61,0,239.06,
1237,1195,1294.8,1238.97,27.41,23.26,1,637.61,Balisée #5
764,1196,3813.51,1342.99,21.4,27.1,1,579.99,Balisée #3
1219,1196,2874.96,1707.74,17.19,17.36,0,298.39,
1217,1196,1246.04,1650.63,19.69,16.8,1,330.81,Balisée #1
1220,1196,1459.77,1683.32,20.54,18.24,1,374.67,Balisée #2
1222,1196,2326.07,755.23,17.01,12.62,0,214.63,
1193,1196,2014.72,1745.26,20.38,21.13,1,430.63,Balisée #4
1195,1196,2816.31,494.45,17.5,13.65,0,238.92,
1237,1196,1297.49,1241.24,27.63,23.45,1,648.01,Balisée #5
764,1197,3815.3,1341.57,21.46,27.1,1,581.46,Balisée #3
1219,1197,2877.44,1706.66,18.0,18.21,0,327.7,
1217,1197,1246.15,1652.34,20.04,17.09,1,342.44,Balisée #1
1220,1197,1459.21,1684.13,21.08,19.07,1,401.94,Balisée #2
1222,1197,2330.69,755.98,16.69,12.29,0,205.16,
1193,1197,2014.66,1744.07,20.31,20.84,1,423.37,Balisée #4
1195,1197,2816.27,495.86,17.44,13.69,0,238.82,
1237,1197,1300.64,1243.8,27.96,23.77,1,664.46,Balisée #5
764,1198,3817.6,1340.16,21.89,27.56,1,603.24,Balisée #3
1219,1198,2881.54,1706.04,18.83,18.99,0,357.56,
1217,1198,1246.14,1653.09,20.44,17.47,1,357.05,Balisée #1
1220,1198,1459.29,1685.32,20.98,19.37,1,406.51,Balisée #2
1222,1198,2334.8,756.29,16.45,12.04,0,198.05,
1193,1198,2015.07,1742.47,20.35,20.69,1,421.07,Balisée #4
1195,1198,2816.99,497.06,16.83,13.24,0,222.9,
1237,1198,1302.95,1245.11,28.23,24.04,1,678.62,Balisée #5
764,1199,3820.14,1338.53,22.16,27.75,1,614.76,Balisée #3
1219,1199,2884.38,1705.52,19.53,19.94,0,389.3,
1217,1199,1246.03,1653.57,21.01,18.09,1,380.13,Balisée #1
1220,1199,1459.65,1687.01,20.81,19.63,1,408.48,Balisée #2
1222,1199,2338.82,756.45,17.04,12.42,0,211.63,
1193,1199,2015.55,1741.11,20.63,20.74,1,427.81,Balisée #4
1195,1199,2817.81,497.86,16.92,13.4,0,226.75,
1237,1199,1305.85,1246.85,28.16,24.02,1,676.21,Balisée #5
1242,1199,1544.48,644.83,15.89,17.66,0,280.63,
764,1200,3822.82,1337.01,22.69,28.07,1,636.88,Balisée #3
1219,1200,2887.54,1702.57,18.91,19.41,0,367.09,
1217,1200,1248.94,1653.78,21.19,18.45,1,390.79,Balisée #1
1220,1200,1460.51,1688.17,20.02,19.23,1,385.02,Balisée #2
1222,1200,2342.34,756.77,17.24,12.6,0,217.13,
1193,1200,2015.84,1740.1,20.69,20.51,1,424.38,Balisée #4
1195,1200,2818.13,498.79,17.0,13.56,0,230.59,
1237,1200,1309.22,1248.13,27.99,23.96,1,670.54,Balisée #5
764,1201,3824.48,1335.24,23.03,28.18,1,648.87,Balisée #3
1219,1201,2890.84,1700.35,17.12,17.4,0,297.81,
1217,1201,1250.45,1654.45,22.27,19.85,1,441.86,Balisée #1
1220,1201,1461.42,1689.75,20.23,19.89,1,402.46,Balisée #2
1222,1201,2345.84,756.62,17.32,12.63,0,218.69,
1193,1201,2016.35,1738.7,20.82,20.33,1,423.27,Balisée #4
1195,1201,2818.06,499.51,17.9,14.43,0,258.27,
1237,1201,1313.26,1250.48,28.44,24.33,1,692.15,Balisée #5
764,1202,3825.68,1333.57,23.53,28.68,1,675.01,Balisée #3
1219,1202,2893.57,1698.71,16.3,16.47,0,268.51,
1217,1202,1251.37,1657.37,21.37,19.44,1,415.5,Balisée #1
1220,1202,1462.12,1690.58,20.43,20.59,1,420.66,Balisée #2
1222,1202,2349.29,756.74,17.63,12.8,0,225.58,
1193,1202,2016.65,1736.99,20.32,19.51,1,396.42,Balisée #4
1195,1202,2818.43,500.05,18.64,15.33,0,285.74,
1246,1202,1553.03,651.75,13.67,16.51,0,225.56,
764,1203,3826.67,1331.01,23.32,28.36,1,661.13,Balisée #3
1219,1203,2896.18,1696.68,16.11,16.16,0,260.31,
1217,1203,1252.19,1658.87,19.95,18.55,1,370.01,Balisée #1
1220,1203,1462.63,1690.82,20.1,20.75,1,417.02,Balisée #2
1222,1203,2354.01,756.63,17.25,12.37,0,213.3,
1193,1203,2017.23,1735.05,20.78,19.66,1,408.47,Balisée #4
1195,1203,2818.21,500.45,19.16,16.09,0,308.24,
1246,1203,1555.4,652.23,12.93,15.54,0,200.98,
1237,1203,1320.47,1253.13,27.99,23.98,1,671.15,Balisée #5
764,1204,3827.35,1328.69,22.92,27.89,1,639.16,Balisée #3
1219,1204,2899.3,1694.87,16.77,16.74,0,280.81,
1217,1204,1253.39,1659.49,18.94,17.97,1,340.35,Balisée #1
1220,1204,1463.38,1690.94,19.87,20.94,1,416.05,Balisée #2
1222,1204,2357.83,756.81,17.08,12.17,0,207.81,
1193,1204,2017.68,1732.96,20.72,19.32,1,400.3,Balisée #4
1195,1204,2818.13,501.02,19.96,17.27,0,344.69,
1246,1204,1561.31,652.89,12.11,14.3,0,173.2,
1237,1204,1323.99,1254.34,28.72,24.72,1,709.87,Balisée #5
764,1205,3827.95,1326.44,22.37,27.37,1,612.27,Balisée #3
1219,1205,2902.05,1693.08,17.05,16.74,0,285.46,
1217,1205,1254.88,1660.0,17.77,17.12,1,304.14,Balisée #1
1220,1205,1464.75,1690.99,19.52,21.06,1,411.01,Balisée #2
1222,1205,2361.53,756.85,17.29,12.3,0,212.65,
1246,1205,1564.17,654.11,11.39,13.23,0,150.66,
1237,1205,1327.28,1256.58,27.8,23.88,1,663.87,Balisée #5
1248,1205,2818.6,506.85,14.42,18.31,0,264.01,
764,1206,3828.08,1324.36,21.97,26.92,1,591.33,Balisée #3
1219,1206,2906.08,1691.46,16.97,16.46,0,279.34,
1217,1206,1255.87,1660.14,17.55,17.18,1,301.49,Balisée #1
1220,1206,1466.9,1692.94,18.96,20.74,1,393.37,Balisée #2
1222,1206,2365.78,756.61,17.23,12.26,0,211.32,
1246,1206,1567.12,655.92,11.6,13.33,0,154.55,
1237,1206,1331.52,1257.61,27.54,23.61,1,650.07,Balisée #5
1248,1206,2818.9,507.29,13.76,17.43,0,239.76,
764,1207,3828.15,1322.21,21.43,26.31,1,563.72,Balisée #3
1219,1207,2908.64,1689.72,17.22,16.68,0,287.35,
1217,1207,1257.43,1660.6,17.52,17.47,1,306.08,Balisée #1
1220,1207,1468.23,1694.92,18.4,20.47,1,376.63,Balisée #2
1222,1207,2369.84,756.89,17.83,12.66,0,225.77,
1246,1207,1570.31,657.09,12.08,13.69,0,165.41,
1237,1207,1335.44,1258.72,28.52,24.46,1,697.65,Balisée #5
1248,1207,2819.19,507.82,13.0,16.36,0,212.7,
764,1208,3828.34,1320.52,21.32,26.26,1,559.88,Balisée #3
1219,1208,2911.12,1687.64,17.24,16.68,0,287.62,
1217,1208,1259.1,1661.35,17.88,18.15,1,324.51,Balisée #1
1220,1208,1469.57,1696.05,18.16,20.58,1,373.55,Balisée #2
1222,1208,2373.38,757.3,18.57,13.22,0,245.64,
1246,1208,1573.5,658.13,12.0,13.45,0,161.4,
1237,1208,1338.91,1260.47,27.84,23.8,1,662.44,Balisée #5
1248,1208,2819.25,508.65,11.84,14.7,0,174.01,
764,1209,3828.44,1318.45,21.59,26.7,1,576.39,Balisée #3
1219,1209,2913.38,1685.29,17.28,16.72,0,288.93,
1217,1209,1260.72,1662.03,17.49,17.96,1,314.13,Balisée #1
1220,1209,1471.12,1696.44,17.65,20.29,1,358.09,Balisée #2
1222,1209,2378.06,757.06,18.17,12.85,0,233.58,
1246,1209,1576.92,659.24,11.6,12.78,0,148.21,
1237,1209,1342.9,1261.19,27.4,23.4,1,641.07,Balisée #5
1248,1209,2819.38,509.52,10.85,13.18,0,143.03,
764,1210,3828.93,1316.0,21.57,26.89,1,580.22,Balisée #3
1219,1210,2915.85,1683.48,17.51,17.04,0,298.41,
1217,1210,1262.54,1662.95,17.64,18.52,1,326.77,Balisée #1
1220,1210,1472.42,1696.88,17.38,20.21,1,351.25,Balisée #2
1222,1210,2381.8,757.06,18.15,12.86,0,233.44,
1246,1210,1579.85,660.15,12.63,13.72,0,173.21,
1237,1210,1346.91,1262.56,27.71,23.59,1,653.44,Balisée #5
1248,1210,2819.42,510.57,10.85,12.86,0,139.48,
764,1211,3829.28,1313.78,21.44,27.03,1,579.49,Balisée #3
1219,1211,2918.53,1682.3,18.53,18.24,0,337.88,
1217,1211,1263.84,1664.12,17.52,18.74,1,328.29,Balisée #1
1220,1211,1473.85,1697.61,17.47,20.68,1,361.39,Balisée #2
1222,1211,2385.42,757.26,18.13,12.88,0,233.44,
1246,1211,1582.03,661.83,12.81,13.36,0,171.13,
1237,1211,1350.99,1264.48,27.58,23.33,1,643.36,Balisée #5
1248,1211,2819.52,511.61,10.88,12.55,0,136.54,
764,1212,3829.18,1312.09,20.8,26.26,1,546.24,Balisée #3
1219,1212,2921.29,1681.46,19.44,19.54,0,379.69,
1217,1212,1264.87,1664.8,16.98,18.44,1,313.12,Balisée #1
1220,1212,1475.83,1699.03,17.39,21.01,1,365.39,Balisée #2
1222,1212,2388.72,756.89,17.81,12.66,0,225.45,
1246,1212,1586.84,663.66,13.22,13.51,0,178.64,
1237,1212,1354.44,1266.26,27.12,22.9,1,620.94,Balisée #5
1248,1212,2819.69,513.19,11.52,12.98,0,149.61,
764,1213,3829.6,1310.35,20.13,25.54,1,514.11,Balisée #3
1219,1213,2924.06,1678.58,19.29,19.7,0,380.18,
1217,1213,1266.25,1665.41,16.9,18.41,1,311.08,Balisée #1
1220,1213,1477.47,1700.63,16.75,20.48,1,342.92,Balisée #2
1222,1213,2392.58,756.52,17.61,12.61,0,222.19,
1246,1213,1590.05,665.64,13.04,13.3,0,173.35,
1237,1213,1358.19,1267.4,27.16,22.75,1,617.78,Balisée #5
1248,1213,2820.21,514.68,11.77,12.91,0,151.93,
764,1214,3829.84,1308.3,20.32,26.47,1,537.78,Balisée #3
1219,1214,2926.09,1676.9,18.45,18.68,0,344.66,
1217,1214,1267.56,1666.52,17.43,19.26,1,335.83,Balisée #1
1220,1214,1478.95,1702.08,16.65,20.59,1,342.88,Balisée #2
1222,1214,2396.26,756.36,17.81,12.75,0,227.07,
1246,1214,1592.6,666.89,13.75,13.96,0,192.02,
1237,1214,1361.61,1268.8,27.21,22.64,1,616.04,Balisée #5
1248,1214,2820.36,515.15,12.25,13.12,0,160.67,
764,1215,3830.07,1305.88,19.87,26.9,1,534.41,Balisée #3
1219,1215,2929.96,1675.45,18.17,18.27,0,332.03,
1217,1215,1269.32,1668.42,18.66,21.13,1,394.24,Balisée #1
1220,1215,1480.45,1702.8,16.73,21.03,1,351.9,Balisée #2
1222,1215,2401.21,756.81,18.18,12.86,0,233.84,
1246,1215,1595.69,667.58,14.15,14.3,0,202.36,
1237,1215,1365.26,1269.82,27.38,22.66,1,620.45,Balisée #5
1248,1215,2820.68,515.81,13.53,14.28,0,193.18,
764,1216,3830.31,1303.34,19.38,26.68,1,516.91,Balisée #3
1219,1216,2932.03,1673.46,18.12,18.33,0,332.09,
1217,1216,1270.76,1669.66,18.15,20.9,1,379.26,Balisée #1
1220,1216,1482.29,1704.58,17.02,21.76,1,370.34,Balisée #2
1222,1216,2404.4,757.31,18.21,12.96,0,236.01,
1246,1216,1598.62,668.04,14.76,14.94,0,220.5,
1237,1216,1369.25,1271.11,26.97,22.3,1,601.51,Balisée #5
1248,1216,2821.06,517.32,13.36,13.93,0,186.0,
764,1217,3830.9,1301.09,18.2,25.12,1,457.22,Balisée #3
1219,1217,2934.93,1671.35,17.96,18.38,0,330.19,
1217,1217,1272.51,1670.31,17.81,20.75,1,369.49,Balisée #1
1220,1217,1483.9,1705.41,16.95,21.75,1,368.59,Balisée #2
1222,1217,2408.37,757.2,18.35,13.1,0,240.38,
1246,1217,1602.1,669.12,14.21,14.26,0,202.56,
1237,1217,1373.56,1272.87,27.56,22.67,1,624.87,Balisée #5
1248,1217,2821.79,519.53,13.78,14.24,0,196.15,
764,1218,3831.27,1299.08,17.26,23.46,1,404.99,Balisée #3
1219,1218,2937.56,1669.82,18.1,18.77,0,339.65,
1217,1218,1273.25,1671.05,16.79,19.61,1,329.13,Balisée #1
1220,1218,1485.4,1706.56,16.9,21.37,1,361.04,Balisée #2
1222,1218,2412.37,756.49,17.94,12.82,0,229.9,
1246,1218,1605.7,670.88,14.02,13.93,0,195.33,
1248,1218,2822.34,521.05,13.87,14.22,0,197.18,
764,1219,3831.65,1296.52,16.69,23.69,1,395.49,Balisée #3
1219,1219,2940.72,1668.32,17.74,18.62,0,330.25,
1217,1219,1274.64,1672.16,17.12,20.29,1,347.28,Balisée #1
1220,1219,1489.18,1708.36,16.78,20.87,1,350.28,Balisée #2
1222,1219,2415.81,756.06,17.95,12.87,0,230.97,
1246,1219,1609.09,673.13,14.03,13.88,0,194.81,
1248,1219,2822.97,521.97,13.97,14.21,0,198.49,
1252,1219,2033.92,2153.37,13.79,12.95,0,178.57,
1237,1219,1380.27,1275.14,27.32,22.41,1,612.37,Balisée #5
764,1220,3832.19,1293.42,15.63,23.2,1,362.53,Balisée #3
1219,1220,2943.57,1667.13,17.88,19.05,0,340.53,
1217,1220,1275.76,1673.47,16.75,20.1,1,336.53,Balisée #1
1220,1220,1491.35,1710.43,16.84,20.97,1,353.05,Balisée #2
1222,1220,2419.47,755.33,18.59,13.46,0,250.2,
1246,1220,1612.07,674.27,13.73,13.49,0,185.32,
1248,1220,2823.27,522.77,14.3,14.52,0,207.6,
1252,1220,2034.88,2153.2,14.4,13.53,0,194.8,
1237,1220,1383.64,1276.78,27.86,22.71,1,632.67,Balisée #5
764,1221,3832.71,1290.84,14.58,22.75,1,331.75,Balisée #3
1219,1221,2946.67,1665.42,17.83,19.26,0,343.43,
1217,1221,1277.12,1675.25,16.31,19.85,1,323.7,Balisée #1
1220,1221,1492.54,1712.92,16.52,20.7,1,341.85,Balisée #2
1222,1221,2422.47,754.91,18.23,13.03,0,237.56,
1246,1221,1615.33,675.65,13.89,13.48,0,187.29,
1248,1221,2823.51,523.78,14.78,15.13,0,223.53,
1252,1221,2037.09,2152.54,15.85,14.92,0,236.41,
1237,1221,1387.8,1278.18,27.63,22.39,1,618.44,Balisée #5
764,1222,3833.36,1288.5,13.29,20.88,1,277.41,Balisée #3
1219,1222,2949.0,1663.73,17.65,19.07,0,336.55,
1217,1222,1279.11,1677.67,16.89,20.75,1,350.45,Balisée #1
1220,1222,1493.9,1714.64,16.47,20.78,1,342.32,Balisée #2
1222,1222,2427.29,755.22,17.84,12.76,0,227.68,
1246,1222,1618.06,676.99,14.21,13.81,0,196.25,
1248,1222,2824.12,524.85,16.1,16.79,0,270.39,
1252,1222,2038.45,2152.29,16.36,15.43,0,252.41,
1237,1222,1391.47,1279.38,27.3,21.97,1,599.92,Balisée #5
764,1223,3833.89,1286.07,12.22,18.49,1,225.98,Balisée #3
1219,1223,2953.55,1662.28,17.65,18.87,0,333.05,
1217,1223,1279.59,1679.92,16.02,19.82,1,317.47,Balisée #1
1220,1223,1495.23,1715.62,15.93,20.16,1,321.16,Balisée #2
1222,1223,2431.31,755.71,17.43,12.49,0,217.63,
1246,1223,1620.93,678.16,13.87,13.28,0,184.23,
1248,1223,2825.37,525.7,17.13,18.33,0,313.89,
1252,1223,2039.96,2151.78,17.3,16.44,0,284.39,
1237,1223,1395.32,1281.03,27.32,21.8,1,595.76,Balisée #5
764,1224,3833.95,1284.03,12.1,18.45,1,223.23,Balisée #3
1219,1224,2955.82,1661.16,17.65,18.94,0,334.25,
1217,1224,1280.33,1681.99,16.18,20.21,1,327.06,Balisée #1
1220,1224,1496.96,1717.31,15.96,20.35,1,324.79,Balisée #2
1222,1224,2435.37,755.56,17.65,12.66,0,223.48,
1246,1224,1623.66,679.69,14.04,13.4,0,188.16,
1248,1224,2826.22,529.16,17.12,18.76,0,321.18,
1252,1224,2041.28,2151.34,18.03,17.32,0,312.22,
1237,1224,1397.92,1282.58,28.21,22.51,1,634.82,Balisée #5
1257,1224,2017.32,1708.17,26.46,18.55,1,490.87,Balisée #4
764,1225,3834.09,1282.18,11.81,17.64,1,208.33,Balisée #3
1219,1225,2957.96,1659.35,17.6,19.12,0,336.41,
1217,1225,1280.47,1683.36,15.91,20.01,1,318.45,Balisée #1
1220,1225,1498.43,1719.88,16.21,20.81,1,337.36,Balisée #2
1222,1225,2438.97,755.09,18.29,13.15,0,240.51,
1248,1225,2826.64,531.16,15.93,17.66,0,281.42,
1252,1225,2042.0,2150.72,19.07,18.56,0,353.89,
1237,1225,1400.64,1284.15,29.05,23.22,1,674.6,Balisée #5
1257,1225,2016.98,1707.52,25.58,17.94,1,458.97,Balisée #4
764,1226,3834.17,1280.56,11.63,17.04,1,198.13,Balisée #3
1219,1226,2960.57,1658.06,17.67,19.49,0,344.29,
1217,1226,1280.94,1684.96,15.92,20.2,1,321.53,Balisée #1
1220,1226,1500.81,1722.4,15.92,20.49,1,326.35,Balisée #2
1222,1226,2442.4,754.47,18.34,13.24,0,242.92,
1248,1226,2826.75,532.72,14.76,16.48,0,243.26,
1252,1226,2044.03,2148.35,18.09,17.78,0,321.52,
1257,1226,2016.03,1706.86,26.14,18.37,1,480.32,Balisée #4
1219,1227,2963.07,1657.33,17.96,20.16,0,362.05,
1217,1227,1281.58,1686.19,15.71,20.12,1,316.09,Balisée #1
1220,1227,1502.35,1724.23,15.56,20.09,1,312.74,Balisée #2
1222,1227,2445.43,753.84,18.52,13.4,0,248.16,
1248,1227,2827.06,534.16,13.96,15.53,0,216.72,
1252,1227,2044.97,2146.69,16.98,16.82,0,285.63,
1257,1227,2014.76,1706.71,26.15,18.41,1,481.47,Balisée #4
1246,1227,1630.32,683.6,14.63,13.37,0,195.68,
1237,1227,1407.0,1287.47,28.11,22.33,1,627.68,Balisée #5
1219,1228,2965.64,1655.18,18.5,21.18,0,391.71,
1217,1228,1282.46,1688.41,15.24,19.65,1,299.57,Balisée #1
1220,1228,1503.33,1725.94,15.51,20.08,1,311.47,Balisée #2
1222,1228,2449.57,753.34,18.17,12.95,0,235.27,
1248,1228,2827.16,535.78,13.98,15.54,0,217.21,
1252,1228,2045.36,2145.77,17.12,17.19,0,294.25,
1257,1228,2013.78,1706.88,25.66,18.1,1,464.38,Balisée #4
1237,1228,1410.32,1288.9,27.8,22.04,1,612.68,Balisée #5
1219,1229,2967.93,1653.89,17.77,20.59,0,366.0,
1217,1229,1283.02,1691.08,15.54,20.18,1,313.51,Balisée #1
1220,1229,1504.67,1727.63,15.74,20.4,1,321.12,Balisée #2
1222,1229,2452.46,753.45,17.67,12.58,0,222.38,
1248,1229,2827.52,537.54,14.1,15.58,0,219.75,
1252,1229,2045.8,2144.72,17.25,17.67,0,304.81,
1257,1229,2013.19,1706.93,25.54,18.05,1,461.15,Balisée #4
1237,1229,1413.26,1289.75,28.03,22.11,1,619.69,Balisée #5
1246,1229,1636.3,686.12,14.95,13.63,0,203.72,
1219,1230,2970.28,1652.26,16.74,19.57,0,327.72,
1217,1230,1283.44,1693.26,15.4,20.18,1,310.79,Balisée #1
1220,1230,1506.08,1729.08,15.65,20.33,1,318.06,Balisée #2
1222,1230,2455.68,753.62,17.63,12.58,0,221.71,
1248,1230,2827.93,539.3,14.16,15.44,0,218.72,
1252,1230,2046.44,2143.66,16.67,17.41,0,290.32,
1257,1230,2012.72,1706.71,27.33,19.44,1,531.1,Balisée #4
1237,1230,1415.38,1291.39,27.9,21.84,1,609.31,Balisée #5
1219,1231,2972.15,1650.37,16.27,19.09,0,310.63,
1217,1231,1283.64,1695.14,15.44,20.4,1,314.98,Balisée #1
1220,1231,1507.32,1730.6,15.82,20.56,1,325.28,Balisée #2
1222,1231,2458.97,753.82,17.2,12.28,0,211.23,
1248,1231,2828.18,541.44,14.16,15.19,0,215.17,
1252,1231,2046.76,2142.64,16.8,17.95,0,301.58,
1257,1231,2011.18,1707.26,26.43,18.81,1,497.22,Balisée #4
1219,1232,2973.35,1649.16,16.05,18.65,0,299.4,
1217,1232,1283.68,1696.87,15.13,20.04,1,303.31,Balisée #1
1220,1232,1508.69,1732.62,16.04,20.77,1,333.23,Balisée #2
1222,1232,2462.44,753.66,17.54,12.53,0,219.66,
1248,1232,2828.88,543.66,14.55,15.22,0,221.39,
1252,1232,2047.29,2141.67,16.63,18.16,0,302.06,
1257,1232,2009.41,1707.17,25.4,18.1,1,459.79,Balisée #4
1219,1233,2974.51,1647.79,16.66,19.0,0,316.69,
1217,1233,1283.6,1698.37,14.73,19.64,1,289.28,Balisée #1
1220,1233,1510.25,1735.34,15.95,20.64,1,329.22,Balisée #2
1222,1233,2465.71,753.18,17.97,12.86,0,231.11,
1248,1233,2829.28,545.11,14.82,15.09,0,223.68,
1252,1233,2047.73,2140.79,16.36,18.19,0,297.58,
1257,1233,2007.77,1707.09,25.58,18.28,1,467.65,Balisée #4
1246,1233,1646.45,691.66,16.34,15.21,0,248.55,
1219,1234,2978.51,1646.08,16.86,19.19,0,323.55,
1217,1234,1284.0,1700.36,14.72,19.72,1,290.38,Balisée #1
1220,1234,1512.4,1737.79,15.98,20.76,1,331.62,Balisée #2
1222,1234,2468.84,752.41,18.05,12.97,0,234.11,
1248,1234,2833.14,546.63,15.32,15.3,0,234.4,
1252,1234,2048.39,2139.43,16.12,18.32,0,295.32,
1257,1234,2006.86,1706.91,25.59,18.35,1,469.59,Balisée #4
1246,1234,1649.08,692.28,16.61,15.65,0,259.99,
1219,1235,2981.06,1644.01,16.71,19.23,0,321.22,
1217,1235,1285.17,1702.17,15.08,20.36,1,306.95,Balisée #1
1220,1235,1514.17,1738.87,16.15,20.95,1,338.24,Balisée #2
1222,1235,2471.15,751.96,18.05,12.72,0,229.59,
1248,1235,2834.78,548.08,15.94,15.77,0,251.3,
1252,1235,2049.38,2138.39,16.32,19.09,0,311.59,
1257,1235,2006.36,1706.74,25.78,18.6,1,479.5,Balisée #4
1219,1236,2983.67,1642.5,15.96,18.43,0,294.14,
1217,1236,1286.08,1703.19,15.51,21.21,1,328.87,Balisée #1
1220,1236,1515.79,1740.11,15.82,20.35,1,321.77,Balisée #2
1222,1236,2475.54,752.1,18.34,12.96,0,237.57,
1248,1236,2835.58,549.28,17.4,17.34,0,301.71,
1252,1236,2050.33,2137.55,16.89,20.32,0,343.25,
1257,1236,2005.56,1707.17,25.52,18.48,1,471.69,Balisée #4
1237,1236,1434.1,1298.69,27.1,20.83,1,564.31,Balisée #5
1246,1236,1653.46,693.24,18.13,17.13,0,310.61,
1219,1237,2985.99,1640.91,16.22,18.79,0,304.81,
1217,1237,1286.51,1705.58,15.0,20.66,1,309.92,Balisée #1
1220,1237,1517.39,1741.23,15.68,19.93,1,312.45,Balisée #2
1222,1237,2479.56,751.72,17.76,12.55,0,222.85,
1248,1237,2836.37,549.83,17.92,18.16,0,325.33,
1252,1237,2051.07,2134.73,16.12,19.84,0,319.78,
1257,1237,2004.29,1707.53,25.45,18.53,1,471.51,Balisée #4
1237,1237,1436.59,1299.58,28.08,21.49,1,603.36,Balisée #5
1246,1237,1657.83,693.68,19.04,18.12,0,345.0,
1219,1238,2988.7,1638.83,16.14,18.84,0,304.15,
1217,1238,1287.58,1707.64,14.93,20.78,1,310.29,Balisée #1
1220,1238,1519.43,1742.88,15.52,19.53,1,303.06,Balisée #2
1222,1238,2483.38,751.15,17.68,12.49,0,220.95,
1248,1238,2836.84,553.26,18.3,18.93,0,346.43,
1252,1238,2052.35,2133.37,15.22,19.07,0,290.18,
1257,1238,2003.43,1707.63,25.3,18.51,1,468.11,Balisée #4
1246,1238,1660.56,697.98,17.67,17.05,0,301.27,
1219,1239,2991.53,1636.97,15.92,18.67,0,297.3,
1217,1239,1288.62,1709.2,14.67,20.51,1,300.9,Balisée #1
1220,1239,1521.78,1745.24,15.47,19.28,1,298.24,Balisée #2
1222,1239,2487.18,750.89,17.66,12.48,0,220.42,
1248,1239,2837.45,555.32,16.86,17.73,0,298.89,
1252,1239,2053.74,2132.04,14.24,18.02,0,256.62,
1257,1239,2002.98,1707.71,24.84,18.24,1,453.21,Balisée #4
1246,1239,1663.87,700.3,15.86,15.33,0,243.06,
1219,1240,2994.03,1635.38,16.0,18.8,0,300.72,
1217,1240,1289.91,1710.92,14.54,20.41,1,296.77,Balisée #1
1220,1240,1524.14,1747.61,15.48,19.02,1,294.51,Balisée #2
1222,1240,2490.93,751.0,18.1,12.81,0,231.95,
1248,1240,2838.65,556.95,14.92,15.78,0,235.5,
1252,1240,2055.03,2131.15,13.47,17.23,0,232.18,
1257,1240,2002.5,1707.85,25.07,18.54,1,464.95,Balisée #4
1246,1240,1667.07,701.68,14.42,13.68,0,197.2,
1237,1240,1446.08,1302.82,27.46,20.81,1,571.54,Balisée #5
1219,1241,2996.58,1633.65,15.99,18.95,0,302.93,
1217,1241,1291.22,1712.72,14.39,20.08,1,288.99,Balisée #1
1220,1241,1526.61,1749.18,15.29,18.4,1,281.24,Balisée #2
1222,1241,2494.4,751.01,18.07,12.59,0,227.45,
1248,1241,2839.85,558.23,14.19,14.98,0,212.62,
1252,1241,2056.49,2129.78,13.41,17.27,0,231.65,
1257,1241,2002.29,1707.93,24.83,18.52,1,459.84,Balisée #4
1246,1241,1669.93,702.29,13.87,12.98,0,180.03,
1237,1241,1450.45,1303.34,27.81,20.95,1,582.41,Balisée #5
1219,1242,2999.36,1631.67,16.12,19.23,0,309.85,
1217,1242,1292.08,1714.96,14.74,20.37,1,300.19,Balisée #1
1220,1242,1529.06,1750.34,16.29,19.46,1,317.14,Balisée #2
1222,1242,2498.92,750.93,18.23,12.74,0,232.19,
1248,1242,2840.93,559.5,14.38,15.32,0,220.32,
1252,1242,2057.68,2128.54,13.4,17.38,0,232.92,
1257,1242,2001.62,1708.45,24.98,18.71,1,467.41,Balisée #4
1246,1242,1673.25,702.76,14.43,13.41,0,193.53,
1219,1243,3001.81,1629.32,15.78,18.93,0,298.72,
1217,1243,1292.96,1716.94,15.16,20.57,1,311.94,Balisée #1
1220,1243,1531.89,1753.11,16.98,20.22,1,343.31,Balisée #2
1222,1243,2502.82,750.52,17.94,12.58,0,225.75,
1248,1243,2841.76,561.28,14.59,15.69,0,228.83,
1252,1243,2058.62,2126.62,13.29,17.25,0,229.28,
1257,1243,2001.22,1708.85,24.53,18.43,1,451.97,Balisée #4
1246,1243,1676.09,703.83,14.28,13.07,0,186.68,
1237,1243,1457.6,1305.76,29.2,22.01,1,642.75,Balisée #5
1219,1244,3004.43,1627.52,15.72,18.93,0,297.51,
1217,1244,1297.06,1718.22,15.24,20.17,1,307.34,Balisée #1
1220,1244,1534.01,1754.52,16.92,19.71,1,333.42,Balisée #2
1222,1244,2506.97,749.8,18.39,12.96,0,238.27,
1248,1244,2843.1,562.76,14.76,16.02,0,236.45,
1252,1244,2059.57,2124.43,13.25,16.94,0,224.42,
1257,1244,2001.16,1709.12,25.01,18.91,1,472.86,Balisée #4
1246,1244,1681.29,704.8,14.59,12.87,0,187.77,
1237,1244,1461.63,1306.17,28.24,21.2,1,598.65,Balisée #5
1219,1245,3006.77,1625.57,15.68,18.88,0,296.18,
1217,1245,1299.12,1719.94,15.0,19.55,1,293.18,Balisée #1
1220,1245,1537.89,1755.47,16.21,18.52,1,300.23,Balisée #2
1222,1245,2510.87,749.42,18.59,13.2,0,245.34,
1248,1245,2844.13,564.65,14.61,16.06,0,234.65,
1252,1245,2060.4,2122.94,13.61,17.02,0,231.69,
1257,1245,2001.03,1709.48,25.2,19.17,1,482.99,Balisée #4
1246,1245,1684.34,706.86,14.15,12.32,0,174.38,
1219,1246,3009.47,1623.45,15.73,19.07,0,299.99,
1217,1246,1300.47,1721.38,15.19,19.85,1,301.47,Balisée #1
1220,1246,1541.03,1756.4,15.16,16.8,1,254.68,Balisée #2
1222,1246,2514.6,749.58,18.23,12.99,0,236.83,
1248,1246,2845.95,566.52,14.16,15.65,0,221.47,
1252,1246,2065.09,2121.72,13.66,16.46,0,224.81,
1257,1246,2001.02,1709.39,24.7,18.89,1,466.52,Balisée #4
1246,1246,1688.14,708.85,14.95,12.9,0,192.94,
1237,1246,1470.28,1308.13,30.37,22.9,1,695.49,Balisée #5
1219,1247,3011.97,1621.26,15.85,19.37,0,307.08,
1217,1247,1301.79,1723.04,14.98,19.76,1,295.97,Balisée #1
1220,1247,1543.9,1757.38,14.74,15.9,1,234.5,Balisée #2
1222,1247,2517.99,749.51,18.56,13.15,0,244.03,
1248,1247,2847.16,568.2,13.9,15.55,0,216.05,
1252,1247,2067.02,2120.42,14.37,16.96,0,243.8,
1257,1247,2000.33,1709.67,24.52,18.86,1,462.31,Balisée #4
1246,1247,1691.2,710.41,14.59,12.52,0,182.68,
1219,1248,3014.33,1619.12,15.65,19.15,0,299.67,
1217,1248,1303.26,1724.29,14.83,19.7,1,292.12,Balisée #1
1220,1248,1547.05,1757.91,14.46,15.01,1,217.09,Balisée #2
1222,1248,2522.71,749.12,19.17,13.7,0,262.56,
1248,1248,2848.09,570.27,13.94,15.84,0,220.87,
1252,1248,2068.45,2118.93,14.41,16.91,0,243.63,
1257,1248,2000.04,1709.69,25.62,19.86,1,508.8,Balisée #4
1246,1248,1694.32,710.78,15.2,13.11,0,199.2,
1219,1249,3016.38,1616.47,15.5,18.95,0,293.72,
1217,1249,1304.86,1725.22,14.68,19.57,1,287.23,Balisée #1
1220,1249,1549.88,1758.03,14.97,15.14,1,226.72,Balisée #2
1222,1249,2526.54,748.86,19.51,14.14,0,275.92,
1248,1249,2849.39,571.75,13.67,15.8,0,215.97,
1252,1249,2069.09,2116.43,14.57,17.09,0,249.08,
1257,1249,1999.34,1709.65,24.98,19.52,1,487.53,Balisée #4
1246,1249,1697.56,710.6,14.68,12.62,0,185.25,
1237,1249,1481.29,1309.17,30.11,22.73,1,684.36,Balisée #5
1219,1250,3018.45,1613.59,15.35,18.8,0,288.64,
1217,1250,1306.4,1726.31,14.75,19.93,1,294.03,Balisée #1
1220,1250,1553.18,1758.6,15.66,15.56,1,243.63,Balisée #2
1222,1250,2530.28,748.42,20.28,14.99,0,303.96,
1248,1250,2850.65,573.22,13.83,16.21,0,224.3,
1252,1250,2069.68,2114.53,15.57,18.59,0,289.53,
1257,1250,1998.98,1709.37,24.82,19.64,1,487.37,Balisée #4
1246,1250,1700.67,711.08,14.65,12.35,0,180.93,
1219,1251,3020.16,1610.87,15.47,18.93,0,292.72,
1217,1251,1308.16,1727.07,15.27,20.87,1,318.72,Balisée #1
1220,1251,1556.4,1759.23,16.32,15.91,1,259.77,Balisée #2
1222,1251,2534.06,747.75,21.55,16.32,0,351.81,
1248,1251,2851.76,574.49,13.68,16.24,0,222.13,
1252,1251,2070.32,2110.77,15.54,18.94,0,294.48,
1257,1251,1998.61,1709.25,26.17,21.0,1,549.63,Balisée #4
1246,1251,1704.62,712.71,15.74,13.42,0,211.13,
1219,1252,3021.27,1609.18,16.67,20.4,0,339.89,
1217,1252,1309.65,1728.95,15.46,21.4,1,330.98,Balisée #1
1220,1252,1558.78,1759.82,16.51,15.6,1,257.57,Balisée #2
1222,1252,2537.79,747.12,22.58,17.6,0,397.35,
1248,1252,2852.75,576.26,13.76,16.52,0,227.31,
1252,1252,2071.07,2108.68,14.58,17.92,0,261.19,
1257,1252,1997.79,1709.16,25.22,20.45,1,515.84,Balisée #4
1246,1252,1708.36,713.87,15.05,12.88,0,193.89,
1237,1252,1493.39,1310.8,30.64,23.17,1,709.88,Balisée #5
1219,1253,3022.4,1606.32,16.73,20.08,0,335.9,
1217,1253,1311.11,1729.96,14.99,20.92,1,313.68,Balisée #1
1220,1253,1562.06,1759.82,16.36,15.12,1,247.4,Balisée #2
1222,1253,2540.98,746.67,23.1,18.5,0,427.36,
1248,1253,2853.38,578.07,13.32,16.06,0,213.9,
1252,1253,2071.93,2106.68,14.01,17.37,0,243.36,
1257,1253,1996.89,1709.12,25.16,20.64,1,519.35,Balisée #4
1246,1253,1711.72,714.19,15.1,12.86,0,194.2,
1273,1253,2540.1,741.22,16.48,18.43,0,303.78,
1237,1253,1496.81,1310.75,29.09,21.96,1,638.73,Balisée #5
1219,1254,3026.32,1603.71,16.12,19.11,0,308.02,
1217,1254,1312.92,1730.73,14.24,19.97,1,284.31,Balisée #1
1220,1254,1565.19,1759.95,16.38,14.86,1,243.34,Balisée #2
1222,1254,2545.44,746.64,22.94,18.58,0,426.3,
1248,1254,2855.13,579.95,13.26,16.04,0,212.59,
1252,1254,2073.35,2105.24,13.76,17.28,0,237.9,
1257,1254,1996.47,1709.51,25.19,20.99,1,528.66,Balisée #4
1246,1254,1715.17,714.9,15.51,13.27,0,205.75,
1273,1254,2544.58,741.39,16.85,18.77,0,316.3,
1219,1255,3028.51,1601.35,15.87,18.87,0,299.42,
1217,1255,1314.64,1732.09,14.13,19.86,1,280.63,Balisée #1
1220,1255,1568.19,1760.08,16.88,15.0,1,253.27,Balisée #2
1222,1255,2549.03,746.51,22.7,18.85,0,427.87,
1248,1255,2856.29,581.94,13.14,16.04,0,210.73,
1252,1255,2074.44,2104.26,13.3,16.78,0,223.18,
1257,1255,1996.21,1710.01,24.93,21.05,1,524.65,Balisée #4
1246,1255,1718.28,715.51,16.36,14.16,0,231.67,
1273,1255,2548.49,741.3,16.7,18.6,0,310.73,
1219,1256,3030.15,1598.99,15.55,18.45,0,287.02,
1217,1256,1316.1,1733.32,14.3,20.02,1,286.36,Balisée #1
1220,1256,1570.81,1759.95,17.12,14.96,1,256.02,Balisée #2
1248,1256,2857.23,583.75,12.96,15.91,0,206.24,
1252,1256,2075.25,2101.87,13.02,16.54,0,215.31,
1257,1256,1995.63,1710.35,24.86,21.36,1,530.94,Balisée #4
1246,1256,1721.63,715.94,17.03,14.93,0,254.3,
1273,1256,2552.18,741.08,16.35,18.17,0,296.99,
1219,1257,3031.8,1596.55,15.21,18.0,0,273.76,
1217,1257,1317.8,1733.93,14.28,20.03,1,286.05,Balisée #1
1220,1257,1573.69,1760.44,17.58,15.12,1,265.81,Balisée #2
1248,1257,2858.17,585.0,13.64,17.0,0,231.87,
1252,1257,2075.99,2099.28,13.16,16.79,0,221.02,
1257,1257,1994.82,1710.57,25.21,21.99,1,554.4,Balisée #4
1246,1257,1724.38,716.24,17.55,15.56,0,273.08,
1273,1257,2555.66,740.61,15.58,17.22,0,268.44,
1219,1258,3032.89,1593.66,15.6,18.49,0,288.48,
1217,1258,1319.22,1734.53,14.09,19.79,1,278.88,Balisée #1
1220,1258,1576.13,1760.65,17.84,15.15,1,270.2,Balisée #2
1248,1258,2858.79,585.89,14.4,18.29,0,263.36,
1252,1258,2076.4,2096.18,12.97,16.65,0,215.95,
1257,1258,1993.66,1710.43,24.59,21.7,1,533.76,Balisée #4
1246,1258,1726.52,716.65,18.61,16.43,0,305.85,
1273,1258,2558.7,740.1,14.82,16.2,0,240.14,
1219,1259,3034.12,1590.62,15.95,19.0,0,303.01,
1217,1259,1320.35,1735.55,13.88,19.48,1,270.37,Balisée #1
1220,1259,1578.9,1760.7,18.27,15.33,1,280.0,Balisée #2
1248,1259,2860.43,588.3,13.77,17.3,0,238.21,
1252,1259,2077.08,2093.51,13.07,16.87,0,220.48,
1257,1259,1992.89,1710.4,24.58,21.89,1,538.11,Balisée #4
1246,1259,1731.06,716.86,18.89,16.92,0,319.68,
1273,1259,2561.58,739.71,14.34,15.42,0,221.1,
1219,1260,3035.51,1587.9,15.66,18.72,0,293.17,
1217,1260,1321.75,1737.05,14.26,20.04,1,285.71,Balisée #1
1220,1260,1581.73,1760.8,18.81,15.62,1,293.94,Balisée #2
1248,1260,2860.99,590.26,13.31,16.52,0,219.93,
1252,1260,2077.79,2091.67,12.95,16.7,0,216.24,
1257,1260,1991.46,1710.57,23.87,21.39,1,510.69,Balisée #4
1246,1260,1733.9,717.39,19.59,18.06,0,353.8,
1273,1260,2564.87,739.02,13.41,14.05,0,188.37,
1219,1261,3037.6,1586.2,15.79,18.87,0,297.86,
1217,1261,1323.47,1738.54,14.81,20.98,1,310.66,Balisée #1
1220,1261,1585.02,1760.72,18.91,15.47,1,292.66,Balisée #2
1248,1261,2861.89,592.29,12.82,15.93,0,204.31,
1252,1261,2078.99,2090.46,13.59,17.7,0,240.49,
1257,1261,1990.9,1711.27,24.21,21.93,1,530.78,Balisée #4
1246,1261,1737.26,721.21,19.26,18.13,0,349.32,
1273,1261,2569.22,738.78,13.48,13.58,0,183.04,
1219,1262,3039.96,1584.73,15.91,19.03,0,302.74,
1217,1262,1325.13,1740.06,14.47,20.57,1,297.54,Balisée #1
1220,1262,1587.83,1760.71,18.64,15.14,1,282.29,Balisée #2
1248,1262,2862.86,594.93,12.97,16.29,0,211.4,
1252,1262,2080.24,2089.74,14.13,18.67,0,263.8,
1257,1262,1990.42,1712.43,24.42,22.46,1,548.41,Balisée #4
1246,1262,1741.89,722.4,16.18,14.67,0,237.36,
1273,1262,2572.34,738.92,13.96,13.85,0,193.35,
1219,1263,3042.14,1583.06,15.89,19.1,0,303.6,
1217,1263,1326.48,1741.68,13.85,19.67,1,272.27,Balisée #1
1220,1263,1590.54,1760.87,18.64,15.08,1,281.03,Balisée #2
1248,1263,2864.02,596.94,13.64,17.46,0,238.19,
1252,1263,2081.21,2086.74,14.73,19.7,0,290.12,
1257,1263,1990.2,1713.81,24.98,23.4,1,584.62,Balisée #4
1246,1263,1744.75,723.06,15.62,14.14,0,220.84,
1273,1263,2576.22,738.77,13.99,13.58,0,189.93,
1219,1264,3044.59,1580.82,15.87,19.08,0,302.88,
1217,1264,1327.84,1743.11,14.04,19.85,1,278.61,Balisée #1
1220,1264,1593.86,1761.25,19.0,15.28,1,290.37,Balisée #2
1248,1264,2865.44,597.85,14.01,18.28,0,256.14,
1252,1264,2081.92,2084.78,13.74,18.43,0,253.13,
1257,1264,1989.89,1714.9,24.36,23.22,1,565.66,Balisée #4
1246,1264,1748.03,724.29,14.51,13.0,0,188.71,
1273,1264,2580.04,738.45,13.91,13.14,0,182.73,
1219,1265,3046.57,1578.26,16.08,19.38,0,311.63,
1217,1265,1328.72,1744.4,14.37,20.41,1,293.29,Balisée #1
1220,1265,1596.94,1761.88,18.95,15.11,1,286.28,Balisée #2
1248,1265,2866.48,601.3,14.31,19.16,0,274.2,
1252,1265,2082.65,2083.06,12.78,16.99,0,217.12,
1257,1265,1989.67,1715.33,23.88,23.15,1,552.82,Balisée #4
1246,1265,1751.36,725.47,14.16,12.53,0,177.44,
1273,1265,2583.16,738.15,13.73,12.65,0,173.69,
1219,1266,3048.04,1575.84,15.89,19.19,0,304.93,
1217,1266,1330.06,1746.05,14.32,20.35,1,291.41,Balisée #1
1220,1266,1599.91,1762.59,18.85,14.92,1,281.17,Balisée #2
1248,1266,2867.91,603.31,13.4,18.17,0,243.56,
1252,1266,2083.26,2081.24,13.01,17.15,0,223.06,
1257,1266,1989.4,1715.9,23.57,23.3,1,549.09,Balisée #4
1246,1266,1754.32,725.99,14.28,12.58,0,179.63,
1273,1266,2586.41,737.78,13.96,12.59,0,175.8,
1219,1267,3049.62,1573.77,16.38,20.03,0,328.08,
1217,1267,1331.32,1747.97,13.87,19.66,1,272.7,Balisée #1
1220,1267,1602.63,1763.45,19.43,15.34,1,298.17,Balisée #2
1248,1267,2868.86,605.13,12.55,17.08,0,214.45,
1252,1267,2083.6,2079.94,12.77,16.54,0,211.13,
1257,1267,1989.1,1716.88,23.69,23.92,1,566.79,Balisée #4
1246,1267,1757.27,726.48,15.11,13.3,0,201.08,
1273,1267,2589.7,737.07,14.65,12.85,0,188.23,
1219,1268,3052.14,1571.64,16.31,20.08,0,327.58,
1217,1268,1332.78,1749.79,14.04,19.86,1,278.86,Balisée #1
1220,1268,1605.32,1763.83,19.54,15.47,1,302.17,Balisée #2
1248,1268,2870.36,606.88,11.93,16.27,0,194.17,
1252,1268,2084.14,2078.11,12.85,16.19,0,208.05,
1257,1268,1988.75,1718.43,23.62,24.3,1,574.15,Balisée #4
1246,1268,1759.95,727.05,15.06,13.27,0,199.88,
1273,1268,2594.19,736.45,14.61,12.48,0,182.38,
1219,1269,3054.27,1570.34,16.05,19.78,0,317.46,
1217,1269,1334.03,1752.53,14.76,21.02,1,310.29,Balisée #1
1220,1269,1609.02,1763.8,19.2,15.01,1,288.29,Balisée #2
1248,1269,2872.02,609.26,11.93,16.34,0,194.92,
1252,1269,2084.95,2077.0,13.38,16.27,0,217.68,
1257,1269,1988.82,1720.05,23.07,24.19,1,557.88,Balisée #4
1246,1269,1763.37,727.85,14.89,13.02,0,193.85,
1273,1269,2597.97,736.07,15.25,12.85,0,196.01,
1287,1269,2086.38,2074.87,12.96,21.73,0,281.62,
1219,1270,3056.7,1568.83,15.94,19.74,0,314.64,
1217,1270,1335.03,1754.18,14.2,20.25,1,287.53,Balisée #1
1220,1270,1611.69,1764.25,19.21,15.0,1,288.17,Balisée #2
1248,1270,2873.07,611.37,11.9,16.34,0,194.39,
1257,1270,1989.02,1722.23,22.73,24.23,1,550.76,Balisée #4
1246,1270,1767.12,729.4,14.83,12.95,0,191.96,
1273,1270,2601.58,735.67,15.64,13.04,0,203.91,
1287,1270,2087.07,2074.34,12.35,20.67,0,255.29,
1288,1270,1556.86,1314.42,29.37,20.82,1,611.48,Balisée #5
1219,1271,3058.92,1566.68,16.26,20.32,0,330.5,
1217,1271,1336.09,1755.14,13.78,19.52,1,268.98,Balisée #1
1220,1271,1614.49,1764.51,19.32,15.13,1,292.41,Balisée #2
1248,1271,2874.23,613.06,11.95,16.33,0,195.08,
1257,1271,1989.05,1723.67,22.19,24.14,1,535.66,Balisée #4
1246,1271,1770.33,730.99,15.02,13.11,0,196.89,
1273,1271,2605.52,735.21,15.63,12.87,0,201.14,
1287,1271,2088.08,2073.44,11.35,18.89,0,214.49,
1219,1272,3060.57,1563.63,15.94,20.05,0,319.72,
1217,1272,1336.9,1756.27,13.49,19.0,1,256.3,Balisée #1
1220,1272,1617.42,1765.06,19.37,15.22,1,294.8,Balisée #2
1248,1272,2875.08,615.39,11.92,16.0,0,190.71,
1257,1272,1988.92,1725.01,22.18,24.49,1,543.14,Balisée #4
1246,1272,1772.87,732.11,14.87,12.76,0,189.78,
1273,1272,2608.98,734.63,15.98,13.02,0,207.98,
1252,1272,2088.2,2072.02,13.6,16.61,0,226.0,
1219,1273,3061.87,1561.38,16.41,20.91,0,343.06,
1217,1273,1338.26,1757.64,14.16,19.89,1,281.72,Balisée #1
1220,1273,1620.27,1765.71,19.76,15.56,1,307.51,Balisée #2
1248,1273,2875.96,618.22,12.38,16.17,0,200.1,
1257,1273,1988.63,1726.31,21.85,24.62,1,537.93,Balisée #4
1246,1273,1777.68,733.47,15.36,12.87,0,197.7,
1273,1273,2612.32,734.09,16.44,13.27,0,218.17,
1252,1273,2089.37,2070.46,13.82,16.78,0,231.91,
1288,1273,1567.24,1314.1,30.39,21.6,1,656.3,Balisée #5
1219,1274,3063.31,1558.93,16.69,21.39,0,356.91,
1217,1274,1339.63,1759.67,14.5,20.25,1,293.7,Balisée #1
1220,1274,1623.42,1766.24,19.1,14.95,1,285.53,Balisée #2
1248,1274,2876.75,619.95,12.74,16.03,0,204.27,
1257,1274,1988.94,1727.49,21.88,25.05,1,548.2,Balisée #4
1273,1274,2614.98,734.02,16.91,13.32,0,225.27,
1252,1274,2090.26,2068.63,13.67,16.56,0,226.39,
1288,1274,1570.93,1314.06,29.55,21.02,1,621.21,Balisée #5
1219,1275,3065.18,1556.98,15.94,20.55,0,327.61,
1217,1275,1340.64,1761.65,14.6,20.03,1,292.46,Balisée #1
1220,1275,1626.23,1766.11,19.33,15.12,1,292.2,Balisée #2
1248,1275,2881.61,621.41,14.12,17.48,0,246.95,
1257,1275,1989.4,1728.54,21.72,25.17,1,546.79,Balisée #4
1273,1275,2619.45,733.64,16.91,13.28,0,224.55,
1252,1275,2091.1,2067.29,13.45,16.25,0,218.53,
1288,1275,1574.6,1313.51,30.58,21.79,1,666.34,Balisée #5
1246,1275,1783.24,734.36,14.66,12.27,0,179.87,
1219,1276,3067.06,1554.7,15.64,20.31,0,317.77,
1217,1276,1341.35,1763.17,14.83,19.85,1,294.47,Balisée #1
1220,1276,1629.28,1765.98,19.7,15.47,1,304.65,Balisée #2
1248,1276,2883.68,625.28,15.14,18.7,0,283.17,
1257,1276,1989.84,1730.11,21.44,25.15,1,539.12,Balisée #4
1273,1276,2623.31,732.77,17.03,13.29,0,226.43,
1252,1276,2091.96,2065.37,13.3,16.02,0,213.08,
1246,1276,1786.74,735.03,14.44,12.08,0,174.45,
1219,1277,3068.75,1552.76,15.61,20.02,0,312.46,
1217,1277,1341.72,1764.35,14.68,19.04,1,279.53,Balisée #1
1220,1277,1632.97,1765.78,19.53,15.17,1,296.16,Balisée #2
1248,1277,2884.97,627.39,14.54,17.9,0,260.25,
1257,1277,1990.19,1732.23,21.18,25.16,1,533.0,Balisée #4
1273,1277,2627.18,731.97,16.83,13.05,0,219.71,
1252,1277,2093.29,2063.6,13.4,16.1,0,215.76,
1246,1277,1789.95,736.07,15.07,12.63,0,190.22,
1219,1278,3069.84,1550.89,15.73,19.72,0,310.31,
1217,1278,1345.5,1765.83,15.44,19.66,1,303.51,Balisée #1
1220,1278,1635.76,1766.17,19.76,15.37,1,303.81,Balisée #2
1248,1278,2885.97,629.17,13.64,16.87,0,230.03,
1257,1278,1990.26,1733.77,21.33,25.75,1,549.19,Balisée #4
1273,1278,2631.0,731.23,17.26,13.31,0,229.71,
1252,1278,2094.04,2062.59,14.07,16.85,0,237.19,
1246,1278,1793.32,737.63,14.62,12.27,0,179.42,
1288,1278,1585.71,1313.25,29.22,20.9,1,610.62,Balisée #5
1219,1279,3073.67,1548.49,16.29,20.14,0,328.1,
1217,1279,1347.17,1767.28,15.61,19.63,1,306.38,Balisée #1
1220,1279,1638.55,1767.0,19.04,14.75,1,280.95,Balisée #2
1248,1279,2887.25,631.42,12.84,16.0,0,205.44,
1257,1279,1990.28,1735.72,20.75,25.32,1,525.48,Balisée #4
1273,1279,2634.49,730.65,17.7,13.61,0,240.83,
1252,1279,2094.25,2061.17,13.1,15.58,0,204.06,
1246,1279,1796.34,739.17,16.59,14.02,0,232.58,
1219,1280,3075.54,1546.25,16.63,20.53,0,341.45,
1217,1280,1348.25,1768.89,15.54,19.51,1,303.21,Balisée #1
1220,1280,1641.48,1767.81,19.06,14.73,1,280.78,Balisée #2
1248,1280,2888.75,633.82,12.66,15.96,0,202.02,
1273,1280,2637.86,730.61,17.55,13.33,0,233.9,
1252,1280,2095.32,2059.22,13.34,15.81,0,210.86,
1246,1280,1801.33,739.76,17.53,14.69,0,257.41,
1288,1280,1593.59,1313.61,30.1,21.59,1,649.94,Balisée #5
1219,1281,3076.76,1544.06,16.33,20.27,0,331.04,
1217,1281,1348.89,1770.51,15.53,19.56,1,303.7,Balisée #1
1220,1281,1644.18,1768.02,19.37,14.97,1,289.93,Balisée #2
1248,1281,2890.57,635.93,12.71,16.1,0,204.59,
1273,1281,2642.27,730.51,17.06,12.8,0,218.49,
1252,1281,2096.0,2058.0,13.86,16.42,0,227.59,
1246,1281,1803.97,739.93,17.7,14.9,0,263.68,
1257,1281,1991.21,1739.14,20.37,25.13,1,511.89,Balisée #4
1219,1282,3077.77,1542.05,15.89,19.7,0,312.98,
1217,1282,1349.71,1772.28,15.09,19.2,1,289.75,Balisée #1
1220,1282,1646.68,1767.99,19.92,15.34,1,305.64,Balisée #2
1248,1282,2892.36,638.07,12.85,16.45,0,211.47,
1273,1282,2646.0,729.76,17.16,12.82,0,220.04,
1252,1282,2096.18,2056.53,13.7,16.11,0,220.72,
1246,1282,1806.4,740.04,17.63,15.16,0,267.22,
1288,1282,1599.63,1313.0,30.12,21.63,1,651.53,Balisée #5
1219,1283,3079.34,1540.26,16.17,20.23,0,327.06,
1217,1283,1350.77,1774.08,15.47,20.02,1,309.71,Balisée #1
1220,1283,1649.66,1767.79,19.42,14.9,1,289.44,Balisée #2
1248,1283,2893.76,640.15,12.62,16.23,0,204.89,
1273,1283,2649.27,728.65,17.52,13.05,0,228.66,
1252,1283,2096.63,2055.49,13.36,15.58,0,208.2,
1246,1283,1808.96,740.53,18.4,16.2,0,298.07,
1288,1283,1602.45,1312.98,29.98,21.64,1,648.64,Balisée #5
1219,1284,3080.63,1538.01,16.06,20.26,0,325.37,
1217,1284,1351.55,1776.65,16.01,21.11,1,337.82,Balisée #1
1220,1284,1652.24,1767.52,19.96,15.3,1,305.41,Balisée #2
1248,1284,2895.25,642.62,12.51,16.13,0,201.73,
1273,1284,2652.41,728.07,17.64,13.13,0,231.66,
1252,1284,2096.9,2053.97,13.86,16.13,0,223.62,
1246,1284,1811.96,741.29,19.63,17.78,0,348.95,
1257,1284,1993.55,1744.86,20.04,24.69,1,494.64,Balisée #4
1219,1285,3081.9,1535.09,16.48,20.99,0,346.03,
1217,1285,1351.93,1778.17,15.26,20.39,1,311.14,Balisée #1
1220,1285,1654.75,1767.71,20.49,15.66,1,320.87,Balisée #2
1248,1285,2896.8,644.49,12.7,16.48,0,209.33,
1273,1285,2655.58,727.53,17.87,13.33,0,238.22,
1252,1285,2096.85,2052.8,13.71,15.91,0,218.18,
1288,1285,1609.19,1312.74,30.01,21.81,1,654.41,Balisée #5
1219,1286,3083.25,1532.97,15.83,20.12,0,318.36,
1217,1286,1352.37,1779.27,14.56,19.56,1,284.86,Balisée #1
1220,1286,1657.16,1768.3,20.18,15.45,1,311.84,Balisée #2
1248,1286,2898.21,645.97,13.88,18.3,0,253.9,
1273,1286,2658.8,727.06,18.0,13.41,0,241.36,
1252,1286,2097.2,2050.96,13.96,16.19,0,225.9,
1219,1287,3084.3,1531.08,15.57,19.79,0,308.15,
1217,1287,1352.77,1781.01,14.59,19.65,1,286.65,Balisée #1
1220,1287,1659.91,1768.7,20.18,15.42,1,311.14,Balisée #2
1248,1287,2899.2,649.63,14.18,18.76,0,265.92,
1273,1287,2662.07,726.8,18.44,13.8,0,254.45,
1252,1287,2097.28,2049.88,14.15,16.36,0,231.54,
1219,1288,3085.47,1528.84,15.73,20.02,0,314.91,
1217,1288,1353.64,1782.89,14.0,19.01,1,266.1,Balisée #1
1220,1288,1662.6,1768.55,20.33,15.51,1,315.31,Balisée #2
1248,1288,2900.08,651.72,13.53,17.53,0,237.22,
1273,1288,2665.81,726.4,17.83,13.35,0,238.03,
1252,1288,2097.93,2048.8,13.88,15.97,0,221.64,
1246,1288,1821.64,747.63,17.9,16.11,0,288.34,
1219,1289,3086.48,1526.49,15.55,19.84,0,308.46,
1217,1289,1354.65,1784.27,13.61,18.48,1,251.53,Balisée #1
1220,1289,1664.84,1768.49,19.88,15.18,1,301.77,Balisée #2
1248,1289,2900.79,653.74,12.92,16.07,0,207.61,
1273,1289,2669.4,725.97,17.54,13.05,0,228.88,
1252,1289,2098.52,2047.43,13.91,15.96,0,221.91,
1246,1289,1826.13,748.71,16.89,14.95,0,252.63,
1219,1290,3087.45,1524.67,15.27,19.49,0,297.49,
1217,1290,1355.78,1785.81,13.25,17.87,1,236.75,Balisée #1
1220,1290,1667.41,1768.29,20.75,15.97,1,331.29,Balisée #2
1248,1290,2905.66,655.79,13.05,15.65,0,204.28,
1273,1290,2673.02,725.35,18.32,13.64,0,249.99,
1252,1290,2098.6,2046.36,14.01,16.01,0,224.3,
1246,1290,1828.62,749.52,15.51,13.68,0,212.11,
1219,1291,3088.61,1522.75,15.52,19.79,0,306.98,
1217,1291,1356.29,1787.16,13.56,18.24,1,247.29,Balisée #1
1220,1291,1669.91,1768.2,20.4,15.78,1,321.97,Balisée #2
1248,1291,2907.92,657.81,13.29,15.64,0,207.93,
1273,1291,2675.81,724.86,18.8,14.06,0,264.36,
1252,1291,2098.56,2044.45,14.31,16.37,0,234.26,
1246,1291,1831.19,750.41,15.3,13.43,0,205.45,
1219,1292,3089.67,1519.82,15.44,19.77,0,305.38,
1217,1292,1357.17,1788.32,13.46,18.14,1,244.24,Balisée #1
1220,1292,1672.95,1767.6,20.79,16.19,1,336.6,Balisée #2
1248,1292,2908.92,659.53,13.71,16.0,0,219.35,
1273,1292,2678.73,724.36,19.59,14.89,0,291.62,
1252,1292,2098.53,2042.89,15.26,17.68,0,269.71,
1246,1292,1833.37,750.84,14.86,13.05,0,193.96,
1257,1292,1996.54,1759.32,19.78,24.68,1,488.03,Balisée #4
1288,1292,1629.96,1308.92,26.86,19.58,1,525.99,Balisée #5
1219,1293,3090.86,1516.84,15.44,19.92,0,307.5,
1217,1293,1358.04,1790.07,13.54,18.23,1,246.81,Balisée #1
1220,1293,1676.01,1767.06,21.12,16.6,1,350.61,Balisée #2
1248,1293,2910.02,661.96,13.6,16.0,0,217.6,
1273,1293,2682.19,723.84,20.54,15.87,0,325.86,
1252,1293,2098.92,2041.88,16.15,19.04,0,307.49,
1246,1293,1836.46,751.6,14.9,13.02,0,193.99,
1219,1294,3092.04,1513.95,15.85,20.47,0,324.5,
1217,1294,1359.51,1791.04,13.47,18.12,1,244.1,Balisée #1
1220,1294,1678.83,1766.7,21.08,16.5,1,347.93,Balisée #2
1248,1294,2912.04,663.77,13.3,15.79,0,210.09,
1273,1294,2685.48,723.38,21.43,16.8,0,360.17,
1252,1294,2099.8,2038.46,15.82,18.86,0,298.33,
1288,1294,1636.13,1307.8,29.36,21.43,1,629.27,Balisée #5
1219,1295,3092.93,1510.78,16.13,20.66,0,333.17,
1217,1295,1360.98,1792.34,13.58,18.31,1,248.59,Balisée #1
1220,1295,1682.19,1766.14,20.53,16.16,1,331.83,Balisée #2
1248,1295,2913.88,665.84,13.04,15.6,0,203.36,
1273,1295,2689.94,723.15,21.72,17.27,0,375.15,
1252,1295,2101.0,2037.01,15.4,18.5,0,284.96,
1288,1295,1639.79,1306.71,27.55,20.07,1,552.87,Balisée #5
1246,1295,1843.55,753.44,15.41,13.44,0,207.1,
1219,1296,3093.63,1509.12,15.84,19.84,0,314.24,
1217,1296,1361.99,1793.6,13.69,18.52,1,253.45,Balisée #1
1220,1296,1685.55,1765.64,20.55,16.29,1,334.78,Balisée #2
1248,1296,2915.88,667.48,13.33,16.07,0,214.21,
1273,1296,2693.58,722.98,21.79,17.66,0,384.76,
1252,1296,2101.67,2036.13,14.68,17.59,0,258.22,
1288,1296,1642.46,1305.68,28.79,21.02,1,605.2,Balisée #5
1246,1296,1845.76,754.48,15.35,13.0,0,199.44,
1219,1297,3097.31,1507.33,15.96,19.59,0,312.72,
1217,1297,1362.89,1794.77,13.52,18.25,1,246.76,Balisée #1
1220,1297,1688.51,1765.05,20.79,16.63,1,345.7,Balisée #2
1248,1297,2918.15,669.05,13.91,17.08,0,237.5,
1273,1297,2697.29,722.5,22.51,18.66,0,420.02,
1252,1297,2102.13,2035.38,14.44,17.3,0,249.86,
1288,1297,1645.58,1305.59,30.82,22.63,1,697.46,Balisée #5
1246,1297,1850.28,755.51,15.4,12.77,0,196.68,
1219,1298,3098.98,1505.3,15.92,19.27,0,306.72,
1217,1298,1363.93,1796.48,13.9,18.51,1,257.22,Balisée #1
1220,1298,1691.27,1764.91,20.57,16.57,1,340.94,Balisée #2
1248,1298,2920.04,670.24,14.93,18.74,0,279.76,
1273,1298,2701.83,720.16,18.76,15.23,0,285.69,
1252,1298,2102.84,2034.35,14.02,16.8,0,235.45,
1288,1298,1648.4,1305.44,28.23,20.73,1,585.11,Balisée #5
1246,1298,1852.92,756.14,15.51,12.91,0,200.26,
1219,1299,3100.16,1503.13,15.55,18.73,0,291.24,
1217,1299,1364.64,1797.95,14.78,19.43,1,287.14,Balisée #1
1220,1299,1694.36,1764.69,21.12,17.17,1,362.47,Balisée #2
1248,1299,2922.17,673.91,14.54,18.46,0,268.4,
1273,1299,2704.51,718.81,17.44,14.17,0,247.04,
1252,1299,2103.2,2032.78,13.89,16.56,0,230.06,
1288,1299,1652.08,1304.47,28.96,21.35,1,618.41,Balisée #5
1246,1299,1855.76,756.95,15.94,13.31,0,212.17,
1219,1300,3101.15,1500.83,15.97,19.36,0,309.22,
1217,1300,1365.42,1800.61,16.02,20.78,1,332.84,Balisée #1
1220,1300,1697.5,1764.32,21.08,17.28,1,364.25,Balisée #2
1248,1300,2923.77,676.99,13.76,17.15,0,235.98,
1273,1300,2707.96,717.98,17.42,14.13,0,246.28,
1252,1300,2103.76,2031.42,13.91,16.56,0,230.45,
1288,1300,1655.81,1304.01,28.89,21.19,1,612.27,Balisée #5
1246,1300,1858.53,758.01,16.03,13.41,0,215.06,
1219,1301,3102.0,1498.26,15.97,19.56,0,312.36,
1217,1301,1365.88,1802.6,16.23,20.62,1,334.54,Balisée #1
1220,1301,1700.62,1763.63,20.7,17.17,1,355.36,Balisée #2
1248,1301,2925.07,679.39,13.46,16.16,0,217.57,
1273,1301,2711.98,717.25,16.73,13.45,0,224.91,
1252,1301,2104.48,2029.77,13.73,16.31,0,223.87,
1288,1301,1658.4,1304.16,27.69,20.14,1,557.84,Balisée #5
1246,1301,1861.71,759.48,16.18,13.67,0,221.18,
1219,1302,3102.67,1496.29,15.63,19.22,0,300.49,
1217,1302,1369.65,1804.67,16.22,20.39,1,330.71,Balisée #1
1220,1302,1702.63,1762.73,20.86,17.36,1,362.25,Balisée #2
1248,1302,2930.16,681.66,13.6,15.96,0,217.08,
1273,1302,2715.68,716.96,16.73,13.39,0,224.07,
1252,1302,2105.18,2028.93,13.57,16.09,0,218.36,
1288,1302,1662.1,1303.47,27.4,19.83,1,543.43,Balisée #5
1246,1302,1864.97,761.12,15.63,13.27,0,207.44,
1219,1303,3104.2,1494.95,15.38,18.86,0,290.14,
1217,1303,1371.16,1805.96,15.93,19.8,1,315.53,Balisée #1
1220,1303,1706.06,1762.69,21.01,17.65,1,370.79,Balisée #2
1248,1303,2932.5,684.07,13.65,15.86,0,216.47,
1273,1303,2718.79,717.08,16.95,13.53,0,229.27,
1252,1303,2105.7,2028.71,14.01,16.63,0,232.98,
1288,1303,1664.34,1302.85,27.85,20.12,1,560.37,Balisée #5
1219,1304,3105.62,1493.68,15.62,19.17,0,299.35,
1217,1304,1371.93,1807.24,15.84,19.58,1,310.13,Balisée #1
1220,1304,1709.22,1762.57,19.99,16.93,1,338.43,Balisée #2
1248,1304,2934.3,686.78,13.73,16.17,0,222.04,
1273,1304,2722.06,717.1,16.88,13.2,0,222.91,
1252,1304,2106.55,2027.79,14.32,17.04,0,244.05,
1288,1304,1667.55,1303.56,29.14,21.02,1,612.65,Balisée #5
1219,1305,3107.17,1492.23,15.76,19.42,0,306.01,
1217,1305,1372.7,1809.14,16.07,20.01,1,321.61,Balisée #1
1220,1305,1712.73,1762.54,19.91,17.02,1,338.89,Balisée #2
1248,1305,2936.47,688.88,13.61,16.22,0,220.64,
1273,1305,2726.67,715.94,18.43,14.52,0,267.64,
1252,1305,2107.18,2026.65,14.08,16.68,0,234.89,
1288,1305,1671.16,1303.51,28.87,20.84,1,601.58,Balisée #5
1219,1306,3108.35,1490.12,15.81,19.72,0,311.87,
1217,1306,1373.71,1811.31,15.57,19.58,1,304.89,Balisée #1
1220,1306,1715.82,1762.01,19.72,17.02,1,335.67,Balisée #2
1248,1306,2938.87,691.37,13.49,16.32,0,220.02,
1273,1306,2730.29,715.3,18.43,14.56,0,268.37,
1252,1306,2107.49,2025.64,13.66,16.0,0,218.48,
1288,1306,1674.54,1303.66,29.24,21.14,1,618.21,Balisée #5
1246,1306,1877.19,764.7,19.21,16.8,0,322.68,
1219,1307,3108.91,1487.03,16.34,20.51,0,335.14,
1217,1307,1374.67,1812.99,15.55,19.85,1,308.69,Balisée #1
1220,1307,1718.12,1761.33,19.81,17.33,1,343.42,Balisée #2
1248,1307,2940.85,693.26,14.17,17.51,0,248.02,
1273,1307,2733.33,714.54,17.61,13.82,0,243.36,
1252,1307,2107.54,2023.86,13.82,16.1,0,222.52,
1288,1307,1678.05,1302.45,29.17,21.04,1,613.72,Balisée #5
1219,1308,3109.29,1484.02,15.38,19.19,0,295.12,
1217,1308,1375.72,1814.76,15.38,19.72,1,303.24,Balisée #1
1220,1308,1720.55,1759.73,19.78,17.52,1,346.46,Balisée #2
1248,1308,2943.36,697.14,15.1,19.09,0,288.2,
1273,1308,2737.47,714.08,17.98,13.91,0,250.15,
1252,1308,2107.71,2021.99,14.36,16.68,0,239.67,
1288,1308,1680.49,1301.42,28.65,20.72,1,593.56,Balisée #5
1219,1309,3109.35,1480.91,15.11,18.79,0,283.97,
1217,1309,1376.34,1815.97,15.13,19.45,1,294.29,Balisée #1
1220,1309,1723.11,1758.25,19.59,17.5,1,342.81,Balisée #2
1248,1309,2945.34,699.37,14.2,18.18,0,258.15,
1273,1309,2740.5,713.6,17.58,13.57,0,238.51,
1252,1309,2107.93,2020.09,14.74,17.04,0,251.13,
1288,1309,1683.7,1300.91,29.27,21.19,1,620.2,Balisée #5
1219,1310,3110.1,1478.72,15.2,18.9,0,287.35,
1217,1310,1377.05,1817.12,15.24,19.7,1,300.28,Balisée #1
1220,1310,1725.66,1756.4,19.57,17.53,1,343.02,Balisée #2
1248,1310,2946.81,701.01,13.3,17.01,0,226.2,
1273,1310,2743.78,713.06,17.49,13.56,0,237.22,
1252,1310,2107.97,2018.79,15.46,17.9,0,276.77,
1288,1310,1686.49,1300.64,28.96,20.9,1,605.23,Balisée #5
1246,1310,1889.43,770.34,15.61,13.7,0,213.77,
1219,1311,3111.24,1477.21,15.09,18.7,0,282.26,
1217,1311,1377.98,1818.21,15.4,20.07,1,309.18,Balisée #1
1220,1311,1729.62,1755.5,19.44,17.39,1,338.12,Balisée #2
1248,1311,2947.67,702.97,12.83,16.18,0,207.61,
1273,1311,2746.74,712.72,17.3,13.34,0,230.78,
1252,1311,2108.23,2018.1,16.13,18.69,0,301.48,
1219,1312,3112.35,1475.64,15.23,18.78,0,285.99,
1217,1312,1378.69,1819.51,15.21,19.99,1,304.17,Balisée #1
1220,1312,1732.01,1755.06,19.47,17.58,1,342.18,Balisée #2
1248,1312,2948.59,705.01,12.94,15.86,0,205.22,
1273,1312,2750.11,711.53,16.93,12.92,0,218.85,
1252,1312,2108.62,2014.77,16.58,19.15,0,317.36,
1288,1312,1693.4,1298.4,28.09,20.27,1,569.34,Balisée #5
1219,1313,3112.82,1473.07,15.07,18.54,0,279.46,
1217,1313,1379.41,1820.7,14.61,19.23,1,280.88,Balisée #1
1220,1313,1734.56,1754.6,20.01,18.24,1,365.07,Balisée #2
1248,1313,2951.62,708.78,15.2,19.27,0,292.87,
1273,1313,2753.22,710.63,17.38,13.25,0,230.15,
1252,1313,2108.7,2013.1,16.16,18.5,0,299.13,
1288,1313,1695.9,1298.61,27.64,19.89,1,549.75,Balisée #5
1219,1314,3112.65,1469.87,15.15,18.62,0,282.0,
1217,1314,1380.19,1822.1,15.12,19.92,1,301.11,Balisée #1
1220,1314,1737.15,1753.87,21.14,19.64,1,415.01,Balisée #2
1248,1314,2953.49,710.81,14.79,19.18,0,283.74,
1273,1314,2755.92,709.57,17.82,13.59,0,242.05,
1252,1314,2108.37,2011.33,15.0,16.94,0,253.98,
1288,1314,1698.89,1297.75,28.35,20.39,1,578.1,Balisée #5
1219,1315,3111.9,1466.81,15.48,18.99,0,293.94,
1217,1315,1380.68,1824.46,16.04,21.38,1,342.96,Balisée #1
1220,1315,1739.16,1750.67,20.25,18.99,1,384.52,Balisée #2
1248,1315,2955.21,712.65,13.17,17.19,0,226.36,
1273,1315,2758.07,709.19,17.97,13.63,0,245.0,
1252,1315,2108.42,2009.25,15.07,16.83,0,253.74,
1288,1315,1701.96,1296.2,28.01,20.17,1,564.92,Balisée #5
1219,1316,3111.38,1463.15,16.4,20.28,0,332.67,
1217,1316,1381.33,1825.59,15.89,21.42,1,340.19,Balisée #1
1220,1316,1741.16,1748.65,19.34,18.23,1,352.5,Balisée #2
1248,1316,2956.81,714.84,12.55,16.51,0,207.18,
1273,1316,2762.0,708.73,17.64,13.23,0,233.33,
1252,1316,2108.28,2007.51,14.9,16.48,0,245.6,
1288,1316,1704.57,1295.6,28.92,20.79,1,601.34,Balisée #5
1314,1316,2036.68,1803.13,22.65,20.04,0,453.81,
1246,1316,1906.72,776.27,14.89,12.93,0,192.56,
1219,1317,3111.91,1461.21,15.95,19.56,0,312.06,
1217,1317,1382.5,1826.33,15.27,20.72,1,316.44,Balisée #1
1220,1317,1743.86,1746.74,19.01,18.04,1,343.01,Balisée #2
1248,1317,2958.08,717.12,11.91,15.62,0,185.98,
1273,1317,2765.43,707.99,17.49,13.05,0,228.25,
1252,1317,2108.78,2005.56,15.03,16.29,0,244.77,
1288,1317,1707.97,1295.51,27.91,20.01,1,558.55,Balisée #5
1219,1318,3112.5,1459.68,15.17,18.41,0,279.21,
1217,1318,1383.53,1826.84,14.62,19.93,1,291.36,Balisée #1
1220,1318,1746.94,1745.31,19.28,18.44,1,355.54,Balisée #2
1248,1318,2960.35,718.08,13.27,17.81,0,236.39,
1273,1318,2768.4,707.31,17.4,12.98,0,225.81,
1252,1318,2109.17,2003.39,15.72,16.75,0,263.22,
1288,1318,1711.16,1294.63,28.04,20.15,1,565.07,Balisée #5
1316,1318,3833.83,1203.33,12.34,17.84,0,220.19,
1314,1318,2041.89,1805.1,21.89,19.3,0,422.59,
1246,1318,1912.41,778.14,15.14,13.2,0,199.81,
1219,1319,3113.01,1458.19,14.67,17.53,0,257.2,
1217,1319,1384.46,1827.54,14.33,19.57,1,280.57,Balisée #1
1220,1319,1749.56,1744.15,19.02,18.18,1,345.79,Balisée #2
1248,1319,2961.7,721.89,13.37,18.21,0,243.39,
1273,1319,2771.4,706.78,17.22,12.8,0,220.45,
1252,1319,2109.29,2002.07,15.8,16.53,0,261.07,
1288,1319,1714.6,1294.04,28.41,20.37,1,578.82,Balisée #5
1316,1319,3833.73,1202.98,12.55,18.44,0,231.32,
1314,1319,2044.27,1806.2,21.42,18.8,0,402.79,
1246,1319,1915.68,778.94,15.04,12.98,0,195.27,
1219,1320,3113.45,1456.31,14.83,17.39,0,257.91,
1217,1320,1385.33,1828.88,14.8,20.37,1,301.32,Balisée #1
1220,1320,1753.05,1743.27,19.36,18.34,1,355.07,Balisée #2
1248,1320,2962.93,724.56,12.17,16.62,0,202.3,
1273,1320,2774.42,706.22,17.74,13.17,0,233.65,
1252,1320,2109.44,2000.23,15.93,16.34,0,260.21,
1288,1320,1717.63,1293.67,28.62,20.53,1,587.63,Balisée #5
1316,1320,3833.59,1203.73,12.82,19.25,0,246.77,
1219,1321,3113.06,1454.18,14.8,17.11,0,253.18,
1217,1321,1386.28,1830.19,14.5,20.09,1,291.35,Balisée #1
1220,1321,1755.28,1742.25,19.35,18.43,1,356.78,Balisée #2
1248,1321,2964.34,727.13,11.72,16.06,0,188.13,
1273,1321,2777.61,706.07,17.98,13.32,0,239.52,
1252,1321,2109.48,1998.97,16.03,16.14,0,258.67,
1288,1321,1720.52,1293.02,27.29,19.52,1,532.55,Balisée #5
1316,1321,3833.57,1204.95,12.86,19.34,0,248.73,
1314,1321,2048.53,1807.64,20.74,18.04,0,374.19,
1219,1322,3111.98,1451.78,15.11,17.31,0,261.58,
1217,1322,1387.16,1832.13,14.12,19.47,1,274.97,Balisée #1
1220,1322,1758.08,1740.83,19.4,18.7,1,362.83,Balisée #2
1248,1322,2965.88,730.25,11.52,15.86,0,182.8,
1273,1322,2780.17,706.31,17.89,13.3,0,237.99,
1252,1322,2109.71,1997.42,16.92,16.81,0,284.44,
1288,1322,1723.66,1292.08,28.52,20.33,1,579.73,Balisée #5
1316,1322,3833.63,1206.84,12.74,18.98,0,241.76,
1318,1322,2113.89,1997.8,21.31,17.08,0,363.93,
1314,1322,2051.39,1809.16,21.08,18.12,0,381.92,
1246,1322,1924.32,783.67,15.88,13.76,0,218.51,
1219,1323,3110.53,1449.51,15.0,17.05,0,255.7,
1217,1323,1387.63,1833.54,14.32,19.67,1,281.75,Balisée #1
1220,1323,1760.15,1739.04,19.29,18.85,1,363.61,Balisée #2
1248,1323,2966.86,733.09,11.7,16.13,0,188.69,
1273,1323,2782.32,706.81,17.55,12.86,0,225.72,
1252,1323,2109.49,1995.87,16.78,16.46,0,276.16,
1288,1323,1726.09,1291.79,28.92,20.76,1,600.33,Balisée #5
1316,1323,3833.26,1208.25,13.47,19.83,0,267.15,
1314,1323,2053.82,1810.64,20.78,17.58,0,365.44,
1246,1323,1927.05,785.22,14.94,12.82,0,191.5,
1219,1324,3110.09,1447.78,14.95,16.76,0,250.58,
1217,1324,1387.79,1834.99,14.54,19.94,1,289.92,Balisée #1
1220,1324,1762.3,1737.38,18.73,18.49,1,346.26,Balisée #2
1248,1324,2967.36,735.86,11.56,15.93,0,184.18,
1273,1324,2786.16,706.9,17.41,12.63,0,220.0,
1252,1324,2109.18,1994.53,18.16,17.92,0,325.36,
1288,1324,1729.2,1292.44,28.81,20.73,1,597.09,Balisée #5
1316,1324,3832.88,1209.34,13.99,20.15,0,281.95,
1314,1324,2056.12,1811.83,20.92,17.48,0,365.69,
1246,1324,1929.94,786.86,15.8,13.7,0,216.44,
1219,1325,3110.23,1446.27,14.74,16.24,0,239.38,
1217,1325,1388.07,1836.52,14.9,20.34,1,303.09,Balisée #1
1220,1325,1764.72,1735.97,18.72,18.65,1,349.22,Balisée #2
1248,1325,2968.4,738.91,11.48,15.99,0,183.51,
1273,1325,2788.89,706.93,17.51,12.71,0,222.46,
1252,1325,2109.22,1993.68,19.28,19.18,0,369.83,
1288,1325,1732.26,1291.84,28.36,20.3,1,575.54,Balisée #5
1316,1325,3832.01,1210.13,13.89,19.86,0,275.84,
1246,1325,1932.65,787.72,16.49,14.58,0,240.42,
1219,1326,3109.95,1444.94,15.14,16.43,0,248.71,
1217,1326,1388.46,1837.87,14.73,19.81,1,291.9,Balisée #1
1220,1326,1767.54,1734.75,19.21,19.34,1,371.65,Balisée #2
1248,1326,2969.44,741.64,12.85,18.25,0,234.51,
1273,1326,2791.49,707.0,17.81,12.98,0,231.12,
1252,1326,2109.3,1990.48,19.22,19.18,0,368.68,
1288,1326,1735.91,1291.46,28.89,20.72,1,598.51,Balisée #5
1316,1326,3830.75,1211.7,13.77,19.24,0,264.8,
1219,1327,3109.29,1443.64,15.29,16.32,0,249.6,
1217,1327,1389.16,1839.08,14.97,19.65,1,294.17,Balisée #1
1220,1327,1770.36,1733.82,18.95,19.26,1,364.85,Balisée #2
1248,1327,2970.32,746.32,12.35,17.52,0,216.42,
1273,1327,2794.16,706.82,17.98,13.12,0,235.94,
1252,1327,2109.44,1988.75,18.3,18.12,0,331.68,
1288,1327,1738.88,1290.98,28.15,20.14,1,566.99,Balisée #5
1316,1327,3829.59,1213.31,14.26,19.37,0,276.19,
1314,1327,2064.0,1813.54,22.13,18.34,0,405.79,
1219,1328,3108.89,1442.7,16.17,17.16,0,277.4,
1217,1328,1389.61,1840.99,15.22,19.45,1,296.0,Balisée #1
1220,1328,1772.67,1733.07,19.11,19.65,1,375.38,Balisée #2
1248,1328,2971.24,749.46,11.83,16.37,0,193.67,
1273,1328,2797.09,707.18,18.04,13.18,0,237.79,
1252,1328,2109.62,1987.68,17.32,16.85,0,291.94,
1288,1328,1741.63,1290.62,28.54,20.47,1,584.22,Balisée #5
1316,1328,3829.1,1214.69,15.11,20.05,0,302.98,
1323,1328,2113.91,1988.13,19.63,16.49,0,323.74,
1219,1329,3107.27,1441.02,15.78,16.08,0,253.66,
1217,1329,1393.55,1842.54,15.36,19.32,1,296.77,Balisée #1
1220,1329,1774.08,1731.77,19.1,19.66,1,375.54,Balisée #2
1248,1329,2971.79,752.32,12.25,16.58,0,203.12,
1273,1329,2800.18,707.76,18.15,13.3,0,241.3,
1252,1329,2109.7,1986.53,16.74,15.97,0,267.27,
1288,1329,1744.96,1289.87,29.27,21.06,1,616.4,Balisée #5
1316,1329,3828.51,1215.81,15.87,20.53,0,325.67,
1323,1329,2114.15,1987.08,18.75,15.74,0,294.96,
1219,1330,3106.05,1439.03,16.08,16.05,0,258.09,
1217,1330,1395.11,1844.19,15.34,19.03,1,291.97,Balisée #1
1220,1330,1777.97,1730.25,19.2,19.83,1,380.68,Balisée #2
1248,1330,2972.22,755.45,12.54,16.52,0,207.12,
1273,1330,2802.81,708.4,18.25,13.37,0,244.05,
1252,1330,2109.8,1985.14,17.08,16.05,0,274.08,
1288,1330,1747.87,1289.33,29.02,20.98,1,609.02,Balisée #5
1316,1330,3827.67,1216.64,16.27,20.34,0,330.93,
1323,1330,2114.02,1985.46,19.15,16.06,0,307.56,
1219,1331,3105.25,1437.18,16.22,15.98,0,259.22,
1217,1331,1396.07,1845.17,15.04,18.5,1,278.18,Balisée #1
1220,1331,1780.27,1727.46,19.72,20.81,1,410.3,Balisée #2
1273,1331,2805.52,708.75,18.13,13.21,0,239.43,
1252,1331,2109.74,1983.45,16.87,15.59,0,263.02,
1288,1331,1751.0,1289.41,29.09,21.05,1,612.48,Balisée #5
1316,1331,3826.72,1217.86,16.78,20.23,0,339.49,
1323,1331,2113.78,1983.63,18.68,15.59,0,291.22,
1219,1332,3104.93,1435.45,16.27,15.82,0,257.47,
1217,1332,1396.79,1846.02,15.45,19.13,1,295.46,Balisée #1
1220,1332,1782.47,1725.81,18.77,20.15,1,378.12,Balisée #2
1273,1332,2809.31,708.23,18.37,13.22,0,242.79,
1252,1332,2109.6,1981.36,17.17,15.71,0,269.82,
1288,1332,1753.93,1288.83,30.76,22.46,1,690.8,Balisée #5
1316,1332,3825.78,1219.01,17.7,20.52,0,363.16,
1248,1332,2972.99,762.3,12.5,15.73,0,196.68,
1219,1333,3104.42,1433.84,16.1,15.48,0,249.25,
1217,1333,1397.61,1846.85,16.19,20.45,1,330.99,Balisée #1
1220,1333,1784.49,1724.27,17.84,19.46,1,347.16,Balisée #2
1273,1333,2811.4,707.81,18.11,13.02,0,235.68,
1252,1333,2109.53,1979.46,16.79,15.13,0,253.98,
1288,1333,1757.4,1288.43,28.89,21.15,1,610.99,Balisée #5
1316,1333,3824.87,1219.87,19.06,21.3,0,406.15,
1246,1333,1956.03,802.35,14.4,12.68,0,182.52,
1323,1333,2113.8,1979.54,18.03,14.94,0,269.44,
1219,1334,3103.89,1432.16,16.33,15.5,0,253.08,
1217,1334,1398.88,1849.34,15.71,20.19,1,317.12,Balisée #1
1220,1334,1786.95,1722.25,17.54,19.41,1,340.3,Balisée #2
1273,1334,2813.29,707.89,17.95,12.95,0,232.43,
1252,1334,2109.6,1977.47,16.86,14.96,0,252.25,
1288,1334,1760.16,1287.4,30.05,22.17,1,666.25,Balisée #5
1316,1334,3823.79,1220.54,20.2,21.72,0,438.82,
1323,1334,2113.72,1977.5,17.98,14.75,0,265.3,
1219,1335,3102.57,1430.08,16.4,15.38,0,252.33,
1217,1335,1400.1,1850.36,15.38,19.88,1,305.66,Balisée #1
1220,1335,1789.25,1719.79,17.22,19.27,1,331.79,Balisée #2
1273,1335,2815.65,707.92,17.64,12.71,0,224.19,
1252,1335,2109.62,1975.21,17.35,15.25,0,264.67,
1288,1335,1763.93,1286.58,29.57,21.97,1,649.52,Balisée #5
1316,1335,3822.39,1221.8,21.02,21.66,0,455.15,
1323,1335,2113.62,1975.2,18.68,15.23,0,284.46,
1248,1335,2979.63,771.57,13.48,16.65,0,224.39,
1246,1335,1961.95,805.71,14.32,12.52,0,179.32,
1219,1336,3101.31,1428.31,16.49,15.35,0,253.02,
1217,1336,1401.14,1850.87,14.87,19.4,1,288.55,Balisée #1
1220,1336,1791.75,1717.8,17.04,19.27,1,328.48,Balisée #2
1273,1336,2818.7,708.15,17.88,12.85,0,229.71,
1252,1336,2109.69,1973.05,17.75,15.47,0,274.53,
1288,1336,1766.62,1285.41,28.61,21.25,1,608.03,Balisée #5
1316,1336,3820.85,1222.85,22.01,21.86,0,481.23,
1323,1336,2113.43,1973.09,19.3,15.62,0,301.44,
1248,1336,2980.65,774.32,13.43,16.3,0,218.87,
1246,1336,1964.4,806.83,14.99,12.94,0,193.95,
1219,1337,3099.88,1426.24,16.44,15.12,0,248.45,
1217,1337,1402.01,1851.18,14.47,18.9,1,273.45,Balisée #1
1220,1337,1793.89,1715.82,16.78,19.22,1,322.37,Balisée #2
1273,1337,2821.32,707.81,17.62,12.71,0,223.82,
1252,1337,2109.55,1971.57,18.52,16.14,0,298.82,
1288,1337,1770.13,1284.01,29.42,22.07,1,649.31,Balisée #5
1316,1337,3818.76,1223.52,23.06,22.47,0,518.03,
1323,1337,2113.5,1971.59,20.07,16.22,0,325.55,
1248,1337,2981.48,776.27,12.8,15.36,0,196.59,
1246,1337,1969.08,808.13,15.4,12.65,0,194.87,
1219,1338,3099.14,1424.13,16.41,14.93,0,245.01,
1217,1338,1403.28,1851.43,14.23,18.52,1,263.58,Balisée #1
1220,1338,1795.91,1713.54,16.81,19.43,1,326.62,Balisée #2
1273,1338,2824.52,706.96,17.67,12.78,0,225.8,
1252,1338,2109.84,1970.3,20.41,17.92,0,365.91,
1288,1338,1772.83,1282.9,29.35,22.07,1,647.54,Balisée #5
1316,1338,3817.36,1223.81,23.71,22.8,0,540.66,
1323,1338,2113.74,1970.36,21.94,17.9,0,392.75,
1248,1338,2981.99,778.52,12.82,15.4,0,197.48,
1219,1339,3098.6,1421.78,17.21,15.56,0,267.84,
1217,1339,1404.49,1851.91,14.03,18.24,1,255.9,Balisée #1
1220,1339,1797.54,1710.78,16.86,19.3,1,325.52,Balisée #2
1273,1339,2827.61,705.71,17.78,12.88,0,229.02,
1252,1339,2109.95,1966.46,20.78,18.33,0,380.83,
1288,1339,1776.57,1282.23,28.47,21.67,1,616.82,Balisée #5
1316,1339,3816.41,1224.66,24.16,22.9,0,553.14,
1248,1339,2982.7,781.16,12.92,15.73,0,203.36,
1246,1339,1973.79,809.42,15.66,13.02,0,203.86,
1219,1340,3097.93,1419.76,18.11,16.23,0,293.94,
1217,1340,1405.76,1852.39,13.68,17.62,1,240.96,Balisée #1
1220,1340,1801.49,1707.81,16.96,19.11,1,324.02,Balisée #2
1273,1340,2829.9,705.19,17.96,12.92,0,232.15,
1252,1340,2109.69,1964.12,19.13,16.77,0,320.92,
1288,1340,1779.35,1280.7,28.47,21.69,1,617.7,Balisée #5
1316,1340,3815.06,1225.12,24.19,22.6,0,546.56,
1248,1340,2983.83,783.76,12.66,15.64,0,197.96,
1246,1340,1976.83,810.41,15.82,13.32,0,210.62,
1219,1341,3097.78,1418.66,19.26,17.26,0,332.32,
1217,1341,1406.98,1853.45,14.19,18.33,1,260.05,Balisée #1
1220,1341,1803.6,1705.99,17.36,19.61,1,340.47,Balisée #2
1273,1341,2833.69,705.21,17.72,12.59,0,223.04,
1252,1341,2109.79,1962.62,17.58,15.12,0,265.77,
1288,1341,1782.66,1278.72,28.14,21.46,1,603.85,Balisée #5
1316,1341,3813.53,1226.09,24.04,22.07,0,530.62,
1248,1341,2985.31,786.29,12.43,15.54,0,193.08,
1246,1341,1979.96,811.48,16.59,14.27,0,236.88,
1323,1341,2113.64,1963.19,18.59,14.9,0,276.97,
1219,1342,3097.54,1417.67,20.91,18.87,0,394.57,
1217,1342,1407.98,1854.39,14.9,19.34,1,288.04,Balisée #1
1220,1342,1805.19,1703.13,17.99,20.75,1,373.32,Balisée #2
1273,1342,2836.56,705.42,17.61,12.52,0,220.49,
1252,1342,2110.01,1960.87,17.18,14.47,0,248.72,
1288,1342,1785.67,1277.42,28.99,22.36,1,648.33,Balisée #5
1316,1342,3812.31,1227.34,24.41,22.08,0,538.87,
1248,1342,2986.84,788.76,13.05,16.67,0,217.56,
1246,1342,1983.64,813.52,15.66,13.35,0,209.06,
1323,1342,2113.7,1961.03,18.15,14.33,0,260.02,
1219,1343,3097.19,1414.27,20.92,18.81,0,393.37,
1217,1343,1409.15,1855.67,14.43,18.69,1,269.74,Balisée #1
1220,1343,1807.28,1701.4,16.97,19.87,1,337.31,Balisée #2
1273,1343,2840.38,705.31,17.88,12.72,0,227.4,
1252,1343,2110.08,1959.44,17.69,14.7,0,260.05,
1288,1343,1788.73,1276.53,29.23,22.78,1,665.91,Balisée #5
1316,1343,3811.44,1228.66,24.51,21.89,0,536.65,
1248,1343,2988.34,790.49,14.26,18.79,0,268.05,
1246,1343,1986.15,815.2,15.18,13.07,0,198.49,
1323,1343,2113.86,1959.44,18.61,14.6,0,271.72,
1219,1344,3096.99,1412.46,20.0,17.75,0,355.02,
1217,1344,1410.19,1856.52,14.81,19.11,1,283.02,Balisée #1
1220,1344,1809.64,1700.08,16.47,19.52,1,321.44,Balisée #2
1273,1344,2844.13,705.02,17.74,12.62,0,223.91,
1288,1344,1791.63,1275.97,28.82,22.5,1,648.32,Balisée #5
1316,1344,3811.25,1229.93,24.58,21.72,0,533.8,
1248,1344,2990.05,794.41,13.58,18.18,0,246.89,
1323,1344,2113.83,1957.99,18.62,14.46,0,269.31,
1219,1345,3094.97,1411.18,18.48,16.1,0,297.38,
1217,1345,1411.28,1857.5,14.57,18.73,1,272.95,Balisée #1
1220,1345,1811.49,1698.52,16.05,19.17,1,307.59,Balisée #2
1273,1345,2847.05,704.05,18.24,13.06,0,238.23,
1288,1345,1794.63,1274.71,28.74,22.58,1,649.16,Balisée #5
1316,1345,3810.89,1230.23,24.6,21.58,0,530.92,
1248,1345,2991.43,796.92,12.54,16.87,0,211.59,
1323,1345,2113.79,1956.64,19.02,14.68,0,279.26,
1252,1345,2110.03,1956.64,18.05,14.83,0,267.67,
1246,1345,1992.12,817.32,16.01,13.92,0,222.91,
1219,1346,3094.24,1410.13,18.0,15.42,0,277.68,
1217,1346,1411.93,1858.74,14.85,19.03,1,282.7,Balisée #1
1220,1346,1813.14,1696.91,16.04,19.21,1,308.21,Balisée #2
1273,1346,2850.13,703.28,18.34,13.17,0,241.62,
1288,1346,1797.91,1273.26,28.27,22.38,1,632.69,Balisée #5
1316,1346,3809.92,1230.89,25.1,21.84,0,548.01,
1248,1346,2993.2,799.6,11.93,16.14,0,192.51,
1323,1346,2113.75,1955.26,19.03,14.57,0,277.39,
1252,1346,2109.99,1955.31,18.12,14.71,0,266.63,
1246,1346,1995.12,818.34,15.45,13.51,0,208.74,
1219,1347,3093.8,1408.33,17.84,15.09,0,269.2,
1217,1347,1412.44,1859.77,15.24,19.41,1,295.81,Balisée #1
1220,1347,1814.54,1694.58,15.87,19.19,1,304.4,Balisée #2
1273,1347,2853.11,702.6,18.06,12.95,0,233.95,
1288,1347,1800.86,1271.68,28.55,22.8,1,650.88,Balisée #5
1316,1347,3809.17,1231.6,25.27,21.88,0,552.81,
1248,1347,2994.38,801.49,11.7,15.68,0,183.48,
1323,1347,2113.62,1954.05,19.4,14.75,0,286.09,
1252,1347,2109.98,1954.15,18.57,14.96,0,277.82,
1246,1347,1997.91,819.28,14.86,13.07,0,194.27,
1219,1348,3093.26,1406.23,17.32,14.49,0,250.86,
1217,1348,1413.0,1861.46,15.82,20.25,1,320.42,Balisée #1
1220,1348,1816.16,1692.33,15.65,19.1,1,299.04,Balisée #2
1273,1348,2857.1,702.45,18.14,12.79,0,232.04,
1288,1348,1803.31,1270.16,28.92,23.38,1,676.15,Balisée #5
1316,1348,3808.68,1233.2,25.67,22.14,0,568.41,
1248,1348,2995.48,803.95,12.1,15.85,0,191.72,
1252,1348,2109.61,1952.66,18.07,14.46,0,261.24,
1246,1348,2000.94,821.0,15.31,13.52,0,206.93,
1219,1349,3092.66,1404.32,17.34,14.4,0,249.75,
1217,1349,1413.41,1862.86,15.6,19.84,1,309.61,Balisée #1
1220,1349,1817.5,1689.8,15.63,19.2,1,300.14,Balisée #2
1273,1349,2859.7,702.37,18.21,12.83,0,233.67,
1288,1349,1805.34,1268.99,28.08,22.81,1,640.72,Balisée #5
1316,1349,3808.25,1234.65,26.19,22.54,0,590.12,
1248,1349,2997.3,807.0,12.8,17.02,0,217.84,
1252,1349,2109.32,1950.99,18.13,14.49,0,262.58,
1246,1349,2003.54,822.79,14.7,12.98,0,190.72,
1219,1350,3092.48,1402.74,17.33,14.31,0,247.99,
1217,1350,1414.06,1863.55,15.19,19.16,1,291.05,Balisée #1
1220,1350,1818.63,1688.11,15.6,19.08,1,297.51,Balisée #2
1273,1350,2862.54,702.19,18.46,13.03,0,240.57,
1288,1350,1808.82,1267.57,27.36,22.29,1,609.92,Balisée #5
1316,1350,3808.03,1235.93,26.94,23.23,0,625.74,
1248,1350,2999.31,809.29,11.65,15.56,0,181.25,
1252,1350,2109.14,1949.52,18.37,14.71,0,270.22,
1246,1350,2006.3,823.86,14.88,13.26,0,197.34,
1219,1351,3092.13,1401.55,17.56,14.37,0,252.27,
1217,1351,1414.75,1865.0,15.67,19.76,1,309.74,Balisée #1
1220,1351,1820.1,1686.41,15.73,19.24,1,302.68,Balisée #2
1273,1351,2865.98,701.61,18.49,13.13,0,242.75,
1288,1351,1811.61,1266.04,28.32,23.21,1,657.17,Balisée #5
1316,1351,3807.14,1236.99,27.07,23.44,0,634.58,
1248,1351,3000.83,811.68,11.09,14.78,0,163.95,
1252,1351,2109.09,1948.24,18.72,15.06,0,281.86,
1246,1351,2008.86,824.66,14.65,13.16,0,192.75,
1219,1352,3091.82,1400.79,17.35,14.08,0,244.24,
1217,1352,1415.16,1867.01,15.3,19.15,1,292.93,Balisée #1
1220,1352,1821.25,1684.95,16.59,20.19,1,334.95,Balisée #2
1273,1352,2869.34,701.08,19.16,13.74,0,263.15,
1288,1352,1814.29,1264.74,28.72,23.68,1,680.04,Balisée #5
1316,1352,3806.76,1238.01,26.79,23.36,0,625.76,
1248,1352,3002.76,814.65,11.27,15.16,0,170.85,
1252,1352,2109.09,1947.53,19.4,15.74,0,305.33,
1246,1352,2011.34,825.37,15.1,13.66,0,206.26,
1219,1353,3091.65,1400.1,17.86,14.41,0,257.42,
1217,1353,1415.68,1868.82,15.25,19.03,1,290.22,Balisée #1
1220,1353,1822.07,1683.58,16.8,20.14,1,338.23,Balisée #2
1273,1353,2872.58,700.76,19.57,14.22,0,278.25,
1288,1353,1817.21,1264.03,27.1,22.41,1,607.2,Balisée #5
1316,1353,3806.49,1239.63,26.78,23.53,0,630.23,
1248,1353,3005.25,817.85,11.37,15.22,0,173.11,
1252,1353,2109.19,1947.29,19.61,16.01,0,313.86,
1246,1353,2013.09,826.85,14.69,13.0,0,191.02,
1219,1354,3091.26,1399.26,17.88,14.4,0,257.57,
1217,1354,1415.78,1870.82,15.37,19.02,1,292.27,Balisée #1
1220,1354,1825.45,1682.59,16.52,19.41,1,320.7,Balisée #2
1273,1354,2875.9,700.86,19.16,13.99,0,268.03,
1288,1354,1819.48,1263.47,28.35,23.5,1,666.17,Balisée #5
1316,1354,3806.28,1241.68,26.83,23.8,0,638.46,
1248,1354,3006.89,820.41,11.62,15.59,0,181.12,
1252,1354,2108.97,1947.31,19.44,16.01,0,311.19,
1246,1354,2017.82,828.76,15.33,13.29,0,203.7,
1337,1354,1822.66,1683.17,19.32,19.11,0,369.25,
1219,1355,3090.98,1398.52,17.84,14.32,0,255.35,
1217,1355,1415.6,1872.94,15.16,18.64,1,282.62,Balisée #1
1220,1355,1827.08,1681.71,16.94,19.78,1,335.19,Balisée #2
1273,1355,2878.71,701.23,18.69,13.42,0,250.88,
1288,1355,1822.23,1262.55,27.74,23.12,1,641.37,Balisée #5
1316,1355,3806.68,1244.34,27.03,24.18,0,653.71,
1248,1355,3008.75,823.16,11.44,15.35,0,175.5,
1252,1355,2108.79,1947.33,19.32,16.07,0,310.37,
1246,1355,2020.43,831.5,15.72,13.67,0,214.91,
1219,1356,3090.42,1397.67,17.45,13.87,0,242.07,
1217,1356,1415.76,1875.25,15.34,18.77,1,287.92,Balisée #1
1220,1356,1827.98,1680.81,17.82,20.97,1,373.79,Balisée #2
1273,1356,2883.07,701.43,18.24,13.07,0,238.5,
1288,1356,1825.04,1261.48,26.7,22.21,1,593.09,Balisée #5
1316,1356,3807.02,1246.82,27.15,24.46,0,664.08,
1248,1356,3010.82,826.15,11.44,15.44,0,176.58,
1252,1356,2108.51,1947.14,19.62,16.58,0,325.3,
1246,1356,2022.88,833.38,15.02,13.18,0,197.94,
1219,1357,3089.86,1396.62,17.37,13.67,0,237.3,
1217,1357,1415.82,1877.08,15.67,19.06,1,298.54,Balisée #1
1220,1357,1828.64,1678.24,17.05,20.15,1,343.62,Balisée #2
1273,1357,2887.21,701.43,18.19,13.07,0,237.79,
1288,1357,1827.68,1260.09,27.99,23.3,1,652.08,Balisée #5
1316,1357,3807.6,1248.72,27.41,24.93,0,683.44,
1248,1357,3012.72,828.83,11.51,15.58,0,179.37,
1252,1357,2108.16,1946.71,20.26,17.53,0,355.05,
1246,1357,2025.64,834.86,15.42,13.64,0,210.38,
1219,1358,3089.61,1395.94,17.76,13.88,0,246.64,
1217,1358,1416.16,1878.52,15.44,18.66,1,288.07,Balisée #1
1220,1358,1829.5,1676.46,16.34,19.35,1,316.11,Balisée #2
1273,1358,2891.09,701.17,18.71,13.52,0,253.07,
1288,1358,1831.02,1259.44,27.1,22.6,1,612.32,Balisée #5
1316,1358,3807.41,1250.34,26.78,24.57,0,657.88,
1248,1358,3014.86,831.76,11.48,15.58,0,178.92,
1252,1358,2107.86,1946.2,20.95,18.64,0,390.65,
1246,1358,2027.97,835.87,16.26,14.68,0,238.65,
1219,1359,3089.76,1395.27,17.79,13.81,0,245.55,
1217,1359,1416.6,1880.31,15.41,18.6,1,286.65,Balisée #1
1220,1359,1830.38,1674.74,15.86,18.73,1,297.05,Balisée #2
1273,1359,2894.73,700.53,20.16,14.79,0,298.27,
1288,1359,1833.23,1258.26,27.09,22.81,1,617.77,Balisée #5
1316,1359,3807.25,1251.21,26.69,24.78,0,661.49,
1248,1359,3016.9,834.79,11.69,15.91,0,185.97,
1252,1359,2107.89,1942.63,20.32,18.46,0,375.2,
1246,1359,2030.55,836.29,16.52,15.21,0,251.18,
1219,1360,3089.75,1394.36,17.86,13.78,0,246.06,
1217,1360,1417.16,1881.54,15.9,19.17,1,304.76,Balisée #1
1220,1360,1831.98,1673.29,16.18,19.26,1,311.53,Balisée #2
1273,1360,2898.04,700.0,21.18,15.84,0,335.52,
1288,1360,1836.33,1256.3,26.75,22.59,1,604.48,Balisée #5
1316,1360,3807.23,1252.57,26.92,25.27,0,680.44,
1248,1360,3018.58,836.9,12.32,16.7,0,205.75,
1252,1360,2108.13,1941.07,19.59,18.05,0,353.74,
1246,1360,2033.34,836.74,17.06,16.1,0,274.67,
1219,1361,3088.83,1393.03,17.88,13.69,0,244.84,
1217,1361,1417.77,1882.58,16.58,20.15,1,334.06,Balisée #1
1220,1361,1833.04,1671.44,16.11,19.34,1,311.51,Balisée #2
1273,1361,2900.51,699.85,21.14,16.14,0,341.24,
1288,1361,1838.34,1255.0,26.21,21.98,1,576.19,Balisée #5
1316,1361,3806.94,1254.45,26.58,25.27,0,671.85,
1248,1361,3019.61,838.36,13.62,18.45,0,251.34,
1252,1361,2108.11,1940.18,18.52,17.22,0,318.77,
1246,1361,2035.56,837.35,17.98,17.36,0,312.17,
1219,1362,3087.64,1392.09,17.99,13.71,0,246.58,
1217,1362,1418.55,1884.69,16.38,19.58,1,320.87,Balisée #1
1220,1362,1833.94,1670.06,15.99,19.21,1,307.26,Balisée #2
1273,1362,2904.75,699.92,21.07,16.03,0,337.71,
1288,1362,1840.6,1253.4,26.74,22.54,1,602.8,Balisée #5
1316,1362,3806.54,1256.37,26.51,25.53,0,676.67,
1248,1362,3020.56,842.24,13.77,18.28,0,251.69,
1252,1362,2107.93,1939.84,17.86,16.77,0,299.54,
1246,1362,2037.38,841.6,17.99,17.38,0,312.67,
1219,1363,3086.81,1391.22,17.82,13.46,0,239.97,
1217,1363,1418.73,1885.93,16.45,19.33,1,317.95,Balisée #1
1220,1363,1834.27,1668.37,15.63,18.65,1,291.39,Balisée #2
1273,1363,2907.93,699.99,20.61,15.89,0,327.44,
1288,1363,1843.49,1252.07,27.57,23.35,1,643.78,Balisée #5
1316,1363,3806.25,1258.13,26.17,25.5,0,667.45,
1252,1363,2107.57,1939.32,16.66,15.72,0,261.82,
1246,1363,2041.88,843.76,17.18,16.41,0,281.97,
1219,1364,3086.18,1390.36,17.75,13.21,0,234.56,
1217,1364,1418.84,1887.26,16.31,18.85,1,307.45,Balisée #1
1220,1364,1835.01,1666.36,15.63,18.66,1,291.59,Balisée #2
1273,1364,2910.9,700.04,20.23,15.81,0,319.8,
1288,1364,1845.59,1251.42,26.79,22.64,1,606.42,Balisée #5
1316,1364,3806.32,1260.05,25.62,25.27,0,647.35,
1252,1364,2107.14,1939.01,15.85,14.99,0,237.66,
1246,1364,2044.37,845.25,15.6,14.8,0,230.98,
1248,1364,3026.84,847.25,12.58,15.97,0,200.84,
1219,1365,3085.67,1389.41,17.78,13.0,0,231.09,
1217,1365,1418.76,1888.82,17.25,19.76,1,340.88,Balisée #1
1220,1365,1835.46,1664.09,15.88,19.09,1,303.24,Balisée #2
1273,1365,2913.88,699.69,20.78,16.52,0,343.39,
1288,1365,1848.16,1249.84,26.29,22.05,1,579.65,Balisée #5
1316,1365,3805.77,1261.86,25.44,25.5,0,648.71,
1252,1365,2106.36,1938.62,15.07,14.14,0,213.13,
1246,1365,2046.04,846.47,14.87,14.19,0,211.08,
1248,1365,3028.37,849.96,12.76,15.8,0,201.58,
1219,1366,3084.1,1387.75,19.36,14.23,0,275.45,
1217,1366,1418.74,1890.3,17.21,19.48,1,335.23,Balisée #1
1220,1366,1835.99,1661.98,15.95,19.15,1,305.48,Balisée #2
1273,1366,2916.56,699.34,21.34,17.24,0,367.79,
1288,1366,1850.58,1247.89,27.7,23.52,1,651.47,Balisée #5
1316,1366,3804.9,1263.87,24.72,25.06,0,619.4,
1252,1366,2105.56,1937.81,14.62,13.56,0,198.28,
1246,1366,2047.97,848.16,14.39,13.78,0,198.22,
1248,1366,3029.68,852.79,12.64,15.57,0,196.73,
1219,1367,3083.43,1387.03,19.59,14.4,0,282.22,
1217,1367,1418.97,1891.91,17.29,19.47,1,336.67,Balisée #1
1220,1367,1836.9,1660.46,15.97,19.12,1,305.37,Balisée #2
1273,1367,2919.5,699.13,21.46,17.67,0,379.15,
1288,1367,1852.86,1246.72,26.71,22.65,1,604.76,Balisée #5
1316,1367,3804.39,1265.96,25.29,26.05,0,658.77,
1252,1367,2105.39,1937.06,14.5,13.34,0,193.39,
1246,1367,2049.94,849.22,14.47,13.95,0,201.92,
1248,1367,3030.3,855.52,12.77,15.77,0,201.35,
1219,1368,3082.72,1386.66,19.4,14.21,0,275.69,
1217,1368,1419.1,1892.91,16.96,18.95,1,321.38,Balisée #1
1220,1368,1838.0,1658.97,15.83,18.98,1,300.41,Balisée #2
1273,1368,2922.24,698.93,21.54,18.07,0,389.24,
1288,1368,1855.63,1245.65,26.83,22.83,1,612.49,Balisée #5
1316,1368,3803.89,1267.79,24.58,25.59,0,628.8,
1252,1368,2105.64,1936.8,14.27,12.97,0,185.08,
1246,1368,2052.28,850.53,14.35,13.87,0,198.98,
1248,1368,3030.85,858.15,12.48,15.52,0,193.76,
1344,1368,2160.8,1779.22,21.21,25.0,1,530.1,Balisée #4
1219,1369,3081.79,1386.44,18.99,13.88,0,263.66,
1217,1369,1419.43,1894.21,17.66,19.84,1,350.3,Balisée #1
1220,1369,1838.72,1657.73,16.28,19.7,1,320.67,Balisée #2
1273,1369,2925.18,698.8,21.5,18.34,0,394.31,
1288,1369,1857.79,1243.78,27.13,23.2,1,629.32,Balisée #5
1316,1369,3803.7,1269.32,24.01,25.25,0,606.21,
1252,1369,2105.95,1936.88,14.39,12.9,0,185.61,
1246,1369,2054.9,851.79,14.27,13.86,0,197.71,
1248,1369,3032.4,860.52,12.87,16.29,0,209.77,
1344,1369,2161.67,1778.0,21.11,24.9,1,525.54,Balisée #4
1219,1370,3080.66,1386.11,19.05,13.82,0,263.26,
1217,1370,1419.26,1895.14,18.65,21.09,1,393.46,Balisée #1
1220,1370,1839.5,1655.23,17.12,20.95,1,358.65,Balisée #2
1273,1370,2929.49,698.6,21.76,18.75,0,407.94,
1316,1370,3803.9,1271.15,23.92,25.47,0,609.32,
1252,1370,2105.72,1936.48,14.34,12.66,0,181.54,
1246,1370,2057.84,853.7,14.41,14.0,0,201.77,
1248,1370,3033.8,862.22,14.12,18.33,0,258.83,
1344,1370,2163.63,1776.13,20.42,24.07,1,491.6,Balisée #4
1346,1370,2929.17,693.21,17.69,18.43,0,326.0,
1219,1371,3080.07,1385.27,18.94,13.64,0,258.37,
1217,1371,1419.29,1897.36,18.26,20.69,1,377.81,Balisée #1
1220,1371,1840.03,1653.32,16.1,19.55,1,314.68,Balisée #2
1316,1371,3804.29,1272.76,23.66,25.53,0,603.99,
1252,1371,2105.52,1935.34,14.4,12.57,0,181.04,
1246,1371,2059.99,855.17,14.24,13.68,0,194.73,
1248,1371,3035.71,865.9,14.1,18.74,0,264.18,
1344,1371,2165.95,1774.43,20.42,24.02,1,490.55,Balisée #4
1346,1371,2932.24,692.82,16.97,17.65,0,299.43,
1288,1371,1863.3,1239.95,27.43,23.49,1,644.26,Balisée #5
1219,1372,3079.56,1384.39,18.8,13.5,0,253.9,
1217,1372,1419.55,1898.57,17.42,19.74,1,343.88,Balisée #1
1220,1372,1840.71,1651.53,15.66,18.9,1,296.08,Balisée #2
1316,1372,3804.48,1274.77,23.22,25.33,0,588.02,
1252,1372,2105.47,1934.21,14.89,12.95,0,192.81,
1246,1372,2061.59,856.57,14.2,13.2,0,187.4,
1248,1372,3037.7,868.04,12.97,17.4,0,225.64,
1344,1372,2167.63,1772.42,20.49,24.1,1,493.82,Balisée #4
1346,1372,2935.62,692.21,15.82,16.42,0,259.72,
1219,1373,3079.32,1383.39,18.87,13.43,0,253.45,
1217,1373,1419.69,1899.41,16.66,18.82,1,313.54,Balisée #1
1220,1373,1841.18,1648.85,15.6,18.75,1,292.45,Balisée #2
1316,1373,3805.23,1276.12,22.65,24.78,0,561.24,
1252,1373,2105.55,1933.39,15.25,13.2,0,201.28,
1246,1373,2066.57,857.62,15.07,13.93,0,209.88,
1248,1373,3040.21,870.2,12.55,16.96,0,212.86,
1344,1373,2168.59,1770.45,20.35,23.93,1,486.89,Balisée #4
1346,1373,2939.52,691.52,14.6,15.04,0,219.59,
1288,1373,1868.54,1236.56,27.37,23.65,1,647.15,Balisée #5
1219,1374,3078.7,1383.02,18.64,13.13,0,244.77,
1217,1374,1419.94,1901.12,16.92,19.23,1,325.31,Balisée #1
1220,1374,1842.0,1646.43,15.62,18.7,1,291.99,Balisée #2
1316,1374,3805.81,1277.6,22.6,24.8,0,560.55,
1252,1374,2105.66,1932.67,15.35,13.12,0,201.46,
1246,1374,2068.95,858.3,15.19,14.11,0,214.38,
1248,1374,3041.59,872.15,12.01,16.26,0,195.3,
1344,1374,2169.96,1768.53,20.51,24.06,1,493.67,Balisée #4
1346,1374,2942.83,691.34,14.4,14.68,0,211.45,
1288,1374,1871.27,1234.61,26.19,22.67,1,593.81,Balisée #5
1219,1375,3078.3,1382.73,19.05,13.36,0,254.5,
1217,1375,1420.28,1902.64,16.55,18.89,1,312.74,Balisée #1
1220,1375,1842.84,1644.42,15.64,18.54,1,289.83,Balisée #2
1316,1375,3806.5,1279.45,22.67,25.16,0,570.36,
1252,1375,2106.21,1932.71,15.78,13.41,0,211.66,
1246,1375,2071.58,859.44,15.47,14.54,0,224.96,
1248,1375,3043.92,873.75,12.94,17.84,0,230.81,
1344,1375,2171.35,1766.27,19.83,23.16,1,459.27,Balisée #4
1346,1375,2946.86,691.29,14.48,14.58,0,211.06,
1219,1376,3078.52,1382.47,19.34,13.5,0,261.09,
1217,1376,1420.69,1904.33,16.5,18.97,1,313.02,Balisée #1
1220,1376,1843.9,1643.23,15.68,18.42,1,288.9,Balisée #2
1316,1376,3807.0,1281.13,22.99,25.79,0,593.07,
1252,1376,2106.81,1932.75,15.98,13.49,0,215.56,
1246,1376,2074.01,860.15,15.99,15.29,0,244.41,
1248,1376,3046.11,875.17,14.21,20.09,0,285.34,
1344,1376,2172.96,1764.23,19.45,22.58,1,439.28,Balisée #4
1346,1376,2949.86,690.97,14.18,13.94,0,197.69,
1219,1377,3078.52,1382.59,19.12,13.29,0,254.0,
1217,1377,1421.23,1905.66,15.98,18.46,1,295.06,Balisée #1
1220,1377,1844.88,1642.22,15.49,17.88,1,276.95,Balisée #2
1316,1377,3807.97,1283.37,22.42,25.3,0,567.29,
1252,1377,2107.73,1932.7,15.87,13.29,0,210.89,
1344,1377,2173.87,1762.25,19.12,22.16,1,423.7,Balisée #4
1346,1377,2954.51,690.41,13.53,12.98,0,175.64,
1288,1377,1880.01,1229.73,25.55,22.32,1,570.32,Balisée #5
1219,1378,3078.34,1382.52,19.69,13.61,0,268.0,
1217,1378,1421.75,1907.42,16.13,18.73,1,302.07,Balisée #1
1220,1378,1846.03,1640.82,15.8,18.16,1,286.8,Balisée #2
1316,1378,3809.2,1285.04,21.93,24.77,0,543.11,
1252,1378,2108.21,1932.57,15.77,13.09,0,206.48,
1344,1378,2175.32,1760.59,19.22,22.25,1,427.53,Balisée #4
1346,1378,2958.38,689.69,13.27,12.41,0,164.7,
1288,1378,1882.67,1228.14,27.01,23.79,1,642.51,Balisée #5
1246,1378,2080.41,863.13,14.49,13.71,0,198.59,
1248,1378,3051.86,881.4,12.53,17.18,0,215.37,
1219,1379,3077.87,1381.99,19.88,13.69,0,272.2,
1217,1379,1422.71,1908.64,16.03,18.62,1,298.51,Balisée #1
1220,1379,1846.79,1638.5,15.98,18.19,1,290.66,Balisée #2
1316,1379,3811.06,1286.45,22.28,25.2,0,561.45,
1252,1379,2108.84,1932.17,15.58,12.68,0,197.59,
1344,1379,2177.56,1759.4,19.53,22.5,1,439.46,Balisée #4
1346,1379,2962.81,688.79,13.67,12.48,0,170.68,
1246,1379,2083.54,864.59,15.31,14.66,0,224.37,
1248,1379,3053.84,883.87,12.03,16.42,0,197.47,
1219,1380,3077.66,1381.21,19.97,13.74,0,274.42,
1217,1380,1423.33,1909.88,16.39,19.17,1,314.06,Balisée #1
1220,1380,1847.75,1636.09,15.87,17.84,1,283.17,Balisée #2
1316,1380,3813.15,1287.92,22.46,25.53,0,573.47,
1252,1380,2109.27,1930.97,15.61,12.44,0,194.18,
1344,1380,2179.63,1757.69,19.43,22.26,1,432.5,Balisée #4
1346,1380,2966.81,688.23,13.48,12.04,0,162.3,
1246,1380,2086.87,866.18,15.02,14.52,0,218.11,
1248,1380,3055.95,885.29,12.41,17.15,0,212.79,
1219,1381,3077.94,1380.36,20.13,13.86,0,279.05,
1217,1381,1423.98,1911.16,16.33,19.19,1,313.3,Balisée #1
1220,1381,1848.48,1633.45,15.59,17.23,1,268.66,Balisée #2
1316,1381,3814.25,1289.57,22.6,25.74,0,581.88,
1252,1381,2109.64,1930.24,16.19,12.65,0,204.81,
1344,1381,2181.22,1755.11,19.08,21.61,1,412.32,Balisée #4
1346,1381,2971.06,687.56,14.11,12.32,0,173.8,
1246,1381,2090.16,867.42,14.27,13.84,0,197.42,
1248,1381,3058.33,886.41,13.24,18.7,0,247.62,
1219,1382,3078.22,1380.04,20.15,13.85,0,279.06,
1217,1382,1425.2,1911.53,16.47,19.43,1,320.02,Balisée #1
1220,1382,1849.29,1631.18,15.81,17.36,1,274.4,Balisée #2
1316,1382,3814.9,1291.08,22.07,25.14,0,554.81,
1252,1382,2110.1,1929.7,16.62,12.67,0,210.59,
1344,1382,2182.29,1751.83,19.46,21.98,1,427.73,Balisée #4
1346,1382,2974.66,686.67,14.68,12.34,0,181.23,
1246,1382,2093.54,868.16,14.38,14.03,0,201.78,
1248,1382,3060.68,890.03,12.95,18.45,0,238.89,
1219,1383,3077.64,1380.21,20.14,13.82,0,278.29,
1217,1383,1425.84,1912.84,16.73,19.84,1,331.85,Balisée #1
1220,1383,1850.15,1629.05,15.89,17.29,1,274.76,Balisée #2
1316,1383,3815.35,1292.45,22.2,25.27,0,561.05,
1252,1383,2110.41,1929.25,16.96,12.63,0,214.24,
1344,1383,2183.06,1749.56,19.07,21.24,1,404.98,Balisée #4
1346,1383,2979.21,685.71,15.04,12.49,0,187.79,
1246,1383,2096.37,868.92,14.7,14.48,0,212.9,
1248,1383,3062.82,892.0,11.99,17.11,0,205.19,
1288,1383,1897.35,1217.82,26.57,23.68,1,629.18,Balisée #5
1219,1384,3077.7,1380.43,20.22,13.86,0,280.26,
1217,1384,1426.78,1914.22,16.27,19.31,1,314.32,Balisée #1
1220,1384,1851.32,1627.66,15.88,16.95,1,269.25,Balisée #2
1316,1384,3816.72,1294.54,21.93,24.91,0,546.27,
1252,1384,2113.21,1928.71,16.32,11.89,0,193.99,
1344,1384,2184.57,1747.96,19.32,21.16,1,408.75,Balisée #4
1346,1384,2982.86,684.65,15.09,12.33,0,186.13,
1246,1384,2099.73,870.08,14.0,13.73,0,192.13,
1248,1384,3065.34,894.53,11.3,16.07,0,181.64,
1219,1385,3078.0,1380.38,20.03,13.75,0,275.45,
1217,1385,1427.92,1915.62,16.16,19.2,1,310.27,Balisée #1
1220,1385,1852.63,1626.61,15.62,16.41,1,256.39,Balisée #2
1316,1385,3818.1,1296.6,21.63,24.75,0,535.5,
1252,1385,2114.71,1928.6,16.57,12.0,0,198.91,
1344,1385,2185.71,1746.56,19.18,20.73,1,397.62,Balisée #4
1346,1385,2987.1,683.76,15.5,12.5,0,193.72,
1246,1385,2103.11,871.12,14.35,14.2,0,203.77,
1248,1385,3067.14,897.18,11.29,15.62,0,176.29,
1288,1385,1903.92,1213.38,27.26,24.59,1,670.25,Balisée #5
1219,1386,3078.08,1380.44,20.12,13.83,0,278.36,
1217,1386,1429.0,1916.79,16.24,19.29,1,313.24,Balisée #1
1220,1386,1853.97,1625.19,15.8,16.37,1,258.59,Balisée #2
1316,1386,3819.43,1298.81,22.29,25.71,0,573.09,
1252,1386,2115.89,1928.81,16.62,12.05,0,200.33,
1344,1386,2187.14,1744.84,19.24,20.43,1,393.05,Balisée #4
1346,1386,2991.3,683.16,15.9,12.67,0,201.5,
1246,1386,2106.64,872.42,14.26,14.1,0,201.07,
1248,1386,3068.81,899.87,12.16,16.13,0,196.16,
1219,1387,3077.55,1380.5,20.25,13.9,0,281.62,
1217,1387,1430.18,1917.7,16.07,19.11,1,307.18,Balisée #1
1220,1387,1854.54,1623.17,15.82,16.09,1,254.59,Balisée #2
1316,1387,3820.32,1300.84,22.06,25.45,0,561.48,
1252,1387,2116.6,1929.1,16.58,12.06,0,199.89,
1344,1387,2188.67,1743.16,18.93,19.73,1,373.5,Balisée #4
1346,1387,2995.28,683.01,16.1,12.71,0,204.69,
1246,1387,2109.18,874.15,14.44,13.92,0,201.07,
1288,1387,1909.99,1209.49,27.35,25.05,1,685.1,Balisée #5
1219,1388,3077.18,1380.74,19.99,13.71,0,274.02,
1217,1388,1430.92,1918.79,17.2,20.64,1,355.09,Balisée #1
1220,1388,1854.92,1621.28,15.82,15.77,1,249.45,Balisée #2
1316,1388,3822.11,1302.68,21.78,24.95,0,543.46,
1252,1388,2117.16,1929.22,16.74,12.2,0,204.22,
1344,1388,2189.83,1741.76,19.21,19.59,1,376.25,Balisée #4
1346,1388,2998.71,683.35,16.65,12.82,0,213.49,
1246,1388,2114.35,876.04,15.07,14.34,0,216.15,
1288,1388,1913.95,1208.21,26.77,24.94,1,667.62,Balisée #5
1248,1388,3075.89,905.22,12.42,16.15,0,200.57,
1219,1389,3077.24,1381.45,20.1,13.82,0,277.8,
1217,1389,1431.85,1920.93,17.38,21.02,1,365.42,Balisée #1
1220,1389,1855.58,1619.63,16.14,15.82,1,255.35,Balisée #2
1316,1389,3823.1,1304.56,22.12,25.32,0,560.04,
1252,1389,2118.08,1928.97,16.77,12.26,0,205.57,
1344,1389,2191.24,1740.48,19.49,19.44,1,378.87,Balisée #4
1346,1389,3003.63,683.44,16.56,12.65,0,209.51,
1246,1389,2117.23,878.06,14.99,14.37,0,215.51,
1288,1389,1916.35,1206.78,26.87,25.17,1,676.32,Balisée #5
1248,1389,3077.99,907.88,12.38,16.12,0,199.62,
1219,1390,3077.01,1382.2,20.01,13.77,0,275.44,
1217,1390,1432.46,1922.55,16.28,19.54,1,318.08,Balisée #1
1220,1390,1856.44,1618.03,16.28,15.67,1,255.16,Balisée #2
1316,1390,3824.07,1307.2,22.65,25.87,0,585.79,
1252,1390,2118.71,1928.57,16.89,12.46,0,210.44,
1344,1390,2192.14,1738.9,19.67,19.24,1,378.59,Balisée #4
1346,1390,3007.48,683.13,16.23,12.28,0,199.35,
1246,1390,2119.86,879.66,15.11,14.62,0,220.91,
1288,1390,1919.4,1204.7,26.16,24.64,1,644.49,Balisée #5
1248,1390,3079.75,909.62,13.24,17.7,0,234.45,
1219,1391,3076.66,1382.81,19.89,13.69,0,272.22,
1217,1391,1433.62,1923.67,15.85,18.9,1,299.62,Balisée #1
1220,1391,1856.94,1617.05,16.72,15.8,1,264.19,Balisée #2
1316,1391,3824.42,1309.63,22.46,25.65,0,576.04,
1252,1391,2119.25,1928.52,16.51,12.23,0,201.87,
1344,1391,2192.82,1736.91,19.35,18.5,1,357.92,Balisée #4
1346,1391,3011.0,682.73,17.16,12.94,0,222.12,
1246,1391,2122.6,881.4,14.81,14.45,0,214.02,
1288,1391,1922.39,1202.49,27.05,25.83,1,698.48,Balisée #5
1248,1391,3081.58,913.58,13.67,18.66,0,255.04,
1219,1392,3076.05,1383.17,19.88,13.73,0,272.93,
1217,1392,1434.25,1925.24,15.94,18.91,1,301.45,Balisée #1
1220,1392,1857.31,1616.17,16.64,15.44,1,257.01,Balisée #2
1316,1392,3825.02,1311.94,22.39,25.54,0,571.79,
1252,1392,2119.48,1928.57,16.33,12.13,0,198.07,
1344,1392,2193.21,1735.48,19.88,18.63,1,370.46,Balisée #4
1346,1392,3014.19,682.15,17.47,13.16,0,229.86,
1246,1392,2125.27,882.83,15.15,14.84,0,224.79,
1288,1392,1924.86,1200.68,27.03,26.0,1,702.79,Balisée #5
1248,1392,3083.75,916.47,12.42,17.01,0,211.31,
1219,1393,3075.62,1383.85,20.28,14.12,0,286.37,
1217,1393,1434.98,1926.69,16.23,19.13,1,310.47,Balisée #1
1220,1393,1857.84,1615.3,16.95,15.47,1,262.2,Balisée #2
1316,1393,3825.75,1314.08,22.81,26.02,0,593.48,
1252,1393,2120.41,1928.87,16.36,12.24,0,200.27,
1344,1393,2193.66,1734.25,20.73,19.09,1,395.77,Balisée #4
1346,1393,3018.09,681.65,17.57,13.23,0,232.56,
1246,1393,2128.2,883.96,15.44,15.34,0,236.94,
1288,1393,1927.91,1199.1,25.53,24.64,1,629.15,Balisée #5
1248,1393,3085.8,919.02,11.75,16.09,0,189.07,
1219,1394,3075.43,1384.48,20.18,14.14,0,285.42,
1217,1394,1435.27,1928.38,16.24,18.96,1,307.8,Balisée #1
1220,1394,1858.46,1614.38,17.34,15.6,1,270.49,Balisée #2
1316,1394,3826.72,1316.25,23.06,26.47,0,610.28,
1252,1394,2121.58,1929.58,16.49,12.47,0,205.57,
1344,1394,2194.42,1733.36,21.11,19.18,1,404.89,Balisée #4
1346,1394,3021.64,681.5,17.74,13.27,0,235.33,
1246,1394,2131.19,884.84,16.37,16.52,0,270.39,
1288,1394,1930.67,1197.47,26.38,25.74,1,678.98,Balisée #5
1248,1394,3087.58,921.6,11.64,15.89,0,184.93,
1219,1395,3074.84,1384.94,19.93,14.01,0,279.2,
1217,1395,1435.36,1929.8,15.83,18.2,1,288.25,Balisée #1
1220,1395,1858.43,1613.01,17.3,15.31,1,264.95,Balisée #2
1316,1395,3827.34,1318.63,22.83,26.37,0,602.08,
1252,1395,2122.15,1930.19,16.21,12.34,0,199.91,
1344,1395,2194.85,1732.44,21.76,19.58,1,426.03,Balisée #4
1346,1395,3025.98,681.47,17.58,12.98,0,228.07,
1288,1395,1933.55,1195.18,26.25,25.86,1,678.92,Balisée #5
1248,1395,3089.29,924.48,11.8,16.21,0,191.25,
1219,1396,3074.22,1385.28,20.01,14.07,0,281.65,
1217,1396,1435.73,1931.01,16.16,18.4,1,297.41,Balisée #1
1220,1396,1858.11,1611.81,18.01,15.84,1,285.32,Balisée #2
1316,1396,3827.76,1321.18,22.67,26.46,0,599.83,
1252,1396,2122.47,1930.51,16.08,12.28,0,197.49,
1344,1396,2195.05,1731.04,21.69,19.2,1,416.6,Balisée #4
1346,1396,3029.27,681.3,17.58,12.98,0,228.23,
1288,1396,1935.3,1193.79,25.57,25.26,1,645.99,Balisée #5
1248,1396,3090.59,927.53,11.91,16.3,0,194.03,
1219,1397,3074.2,1385.79,20.33,14.39,0,292.63,
1217,1397,1435.95,1932.14,16.5,18.72,1,308.98,Balisée #1
1220,1397,1858.15,1611.01,19.08,16.8,1,320.63,Balisée #2
1316,1397,3827.91,1323.69,21.69,25.38,0,550.67,
1252,1397,2122.85,1930.31,16.34,12.53,0,204.76,
1344,1397,2194.67,1729.61,21.11,18.37,1,387.76,Balisée #4
1346,1397,3033.15,680.74,17.52,12.88,0,225.7,
1288,1397,1938.46,1191.68,26.01,25.87,1,673.04,Balisée #5
1248,1397,3091.66,929.82,11.61,15.42,0,178.98,
1246,1397,2140.25,891.84,15.35,15.44,0,236.89,
1219,1398,3074.0,1386.33,20.75,14.76,0,306.28,
1217,1398,1436.2,1933.66,16.43,18.54,1,304.55,Balisée #1
1220,1398,1858.15,1610.39,20.19,17.88,1,360.89,Balisée #2
1316,1398,3828.46,1325.55,21.61,25.48,0,550.59,
1252,1398,2123.23,1929.75,17.0,13.2,0,224.51,
1344,1398,2194.56,1728.44,20.97,17.98,1,377.02,Balisée #4
1346,1398,3036.43,680.09,17.7,12.99,0,229.94,
1288,1398,1940.37,1189.64,25.87,25.91,1,670.14,Balisée #5
1248,1398,3092.63,931.98,12.15,15.56,0,189.17,
1246,1398,2142.43,893.11,14.62,14.88,0,217.54,
1219,1399,3073.6,1386.89,20.7,14.71,0,304.47,
1217,1399,1436.53,1934.65,16.45,18.47,1,303.84,Balisée #1
1220,1399,1858.08,1609.75,21.4,19.17,1,410.36,Balisée #2
1316,1399,3829.04,1327.03,21.61,25.82,0,557.81,
1252,1399,2123.57,1929.27,16.81,13.13,0,220.65,
1344,1399,2194.55,1727.24,22.09,18.84,1,416.03,Balisée #4
1346,1399,3039.73,679.19,17.89,13.15,0,235.18,
1288,1399,1942.86,1187.43,25.26,25.39,1,641.13,Balisée #5
1246,1399,2144.93,894.14,14.28,14.69,0,209.74,
1219,1400,3073.43,1387.32,21.01,14.93,0,313.66,
1217,1400,1436.64,1935.86,16.92,18.92,1,320.26,Balisée #1
1220,1400,1857.83,1606.4,20.8,18.73,1,389.45,Balisée #2
1316,1400,3829.46,1328.95,21.07,26.25,0,553.18,
1252,1400,2124.0,1929.3,16.66,13.07,0,217.74,
1344,1400,2194.55,1725.7,22.94,19.46,1,446.44,Balisée #4
1346,1400,3042.59,678.24,17.79,13.07,0,232.57,
1288,1400,1945.09,1185.06,25.49,25.68,1,654.77,Balisée #5
1246,1400,2146.93,895.4,14.06,14.47,0,203.42,
1219,1401,3073.48,1387.8,21.69,15.52,0,336.54,
1217,1401,1436.92,1937.33,16.75,18.6,1,311.56,Balisée #1
1220,1401,1857.75,1604.93,20.14,18.17,1,365.97,Balisée #2
1316,1401,3829.83,1331.05,20.35,26.92,0,547.68,
1252,1401,2124.75,1930.18,16.34,12.81,0,209.37,
1344,1401,2194.21,1724.25,22.46,18.84,1,423.15,Balisée #4
1346,1401,3046.07,677.82,17.77,13.07,0,232.2,
1288,1401,1947.06,1182.72,24.67,24.85,1,613.05,Balisée #5
1246,1401,2148.99,896.86,13.68,14.1,0,192.9,
1248,1401,3101.0,939.65,12.9,16.54,0,213.41,
1219,1402,3073.48,1388.31,22.65,16.38,0,371.15,
1217,1402,1437.15,1938.89,17.21,19.03,1,327.61,Balisée #1
1220,1402,1857.64,1604.37,19.75,17.84,1,352.38,Balisée #2
1316,1402,3830.21,1333.32,19.57,26.64,0,521.32,
1252,1402,2125.46,1930.72,16.08,12.57,0,202.15,
1344,1402,2194.03,1723.34,22.45,18.59,1,417.23,Balisée #4
1346,1402,3049.73,677.41,17.67,13.01,0,229.83,
1288,1402,1949.55,1180.5,26.0,26.43,1,686.94,Balisée #5
1246,1402,2151.98,898.81,13.54,13.98,0,189.34,
1248,1402,3102.65,942.13,12.8,16.52,0,211.47,
1219,1403,3073.33,1388.65,23.29,17.02,0,396.52,
1217,1403,1436.93,1940.04,17.16,18.96,1,325.31,Balisée #1
1220,1403,1857.79,1603.99,19.21,17.27,1,331.78,Balisée #2
1316,1403,3830.76,1335.38,18.48,26.19,0,483.94,
1252,1403,2126.09,1930.95,16.12,12.6,0,203.19,
1344,1403,2194.3,1722.76,23.34,19.2,1,448.06,Balisée #4
1346,1403,3053.47,677.03,18.55,13.69,0,253.96,
1288,1403,1951.98,1178.68,25.21,25.67,1,647.16,Balisée #5
1246,1403,2154.99,900.64,14.26,14.77,0,210.66,
1248,1403,3104.46,944.31,12.14,15.66,0,190.11,
1219,1404,3071.67,1388.8,23.52,17.33,0,407.47,
1217,1404,1437.06,1940.73,17.11,18.81,1,321.83,Balisée #1
1220,1404,1857.79,1603.51,18.31,16.27,1,297.88,Balisée #2
1316,1404,3831.23,1337.89,17.54,26.49,0,464.75,
1252,1404,2126.05,1930.67,16.42,12.88,0,211.48,
1344,1404,2194.54,1722.37,23.75,19.5,1,462.98,Balisée #4
1346,1404,3057.13,676.34,18.56,13.68,0,253.94,
1288,1404,1954.27,1177.13,24.58,25.19,1,619.41,Balisée #5
1246,1404,2156.99,902.25,14.41,14.61,0,210.53,
1248,1404,3106.41,946.31,12.1,15.72,0,190.28,
1219,1405,3072.62,1389.08,24.01,17.92,0,430.2,
1217,1405,1437.07,1941.49,17.0,18.58,1,315.86,Balisée #1
1220,1405,1857.66,1603.09,17.71,15.48,1,274.18,Balisée #2
1316,1405,3831.9,1340.16,16.2,26.87,0,435.22,
1252,1405,2126.26,1930.59,16.59,13.03,0,216.21,
1344,1405,2194.68,1721.7,23.92,19.55,1,467.63,Balisée #4
1346,1405,3061.06,676.28,19.51,14.54,0,283.76,
1288,1405,1957.0,1174.59,25.98,26.86,1,697.82,Balisée #5
1246,1405,2161.6,903.56,15.18,15.02,0,227.89,
1248,1405,3108.53,948.92,12.21,15.93,0,194.44,
1219,1406,3073.19,1389.43,24.53,18.62,0,456.95,
1217,1406,1437.18,1942.22,17.82,19.48,1,347.13,Balisée #1
1220,1406,1857.78,1602.49,17.41,14.9,1,259.41,Balisée #2
1316,1406,3832.41,1342.9,15.19,26.39,0,400.8,
1252,1406,2126.69,1930.97,16.54,12.95,0,214.25,
1344,1406,2194.82,1720.95,23.29,18.77,1,437.23,Balisée #4
1346,1406,3064.9,676.15,19.97,15.11,0,301.79,
1288,1406,1959.89,1172.72,25.11,26.0,1,652.92,Balisée #5
1246,1406,2164.22,904.88,15.21,14.98,0,227.78,
1248,1406,3110.63,951.77,12.15,15.94,0,193.55,
1219,1407,3073.37,1392.69,24.84,19.18,0,476.41,
1217,1407,1437.65,1944.73,18.82,20.55,1,386.7,Balisée #1
1220,1407,1857.91,1601.58,17.58,14.79,1,260.02,Balisée #2
1316,1407,3832.74,1345.69,14.52,25.87,0,375.61,
1252,1407,2127.53,1931.5,16.43,12.87,0,211.39,
1344,1407,2194.2,1719.66,22.94,18.31,1,420.14,Balisée #4
1346,1407,3068.56,676.04,20.22,15.47,0,312.73,
1288,1407,1962.2,1170.43,24.61,25.48,1,627.07,Balisée #5
1246,1407,2166.4,906.21,14.88,14.83,0,220.66,
1248,1407,3113.32,954.38,11.97,15.64,0,187.21,
1219,1408,3073.31,1394.24,24.13,18.83,0,454.45,
1217,1408,1437.65,1946.46,17.94,19.37,1,347.42,Balisée #1
1220,1408,1857.7,1600.95,17.61,14.59,1,256.91,Balisée #2
1316,1408,3832.93,1347.48,14.14,25.61,0,362.06,
1252,1408,2128.06,1932.11,16.6,13.0,0,215.76,
1344,1408,2193.67,1718.58,23.31,18.53,1,432.04,Balisée #4
1346,1408,3071.07,675.84,20.83,15.95,0,332.2,
1288,1408,1964.59,1167.9,24.96,25.87,1,645.84,Balisée #5
1246,1408,2168.9,907.9,15.42,15.59,0,240.41,
1248,1408,3115.01,956.65,12.73,16.56,0,210.84,
1219,1409,3073.31,1395.33,22.64,17.7,0,400.67,
1217,1409,1437.79,1947.84,16.57,17.44,1,288.94,Balisée #1
1220,1409,1857.68,1600.89,17.53,14.28,1,250.3,Balisée #2
1316,1409,3833.21,1349.79,13.58,24.47,0,332.22,
1252,1409,2128.37,1933.07,16.87,13.25,0,223.56,
1344,1409,2193.59,1717.66,24.36,19.38,1,472.03,Balisée #4
1346,1409,3075.31,675.53,21.33,16.61,0,354.31,
1288,1409,1966.89,1166.42,24.68,25.77,1,635.89,Balisée #5
1246,1409,2171.83,909.42,17.07,17.72,0,302.4,
1248,1409,3116.15,961.09,14.34,18.64,0,267.23,
1219,1410,3071.35,1395.91,21.59,16.89,0,364.74,
1217,1410,1437.91,1949.36,17.97,18.79,1,337.5,Balisée #1
1220,1410,1857.71,1600.62,17.92,14.38,1,257.66,Balisée #2
1316,1410,3833.5,1352.54,13.0,22.94,0,298.17,
1252,1410,2128.49,1933.85,16.8,13.2,0,221.9,
1344,1410,2193.45,1716.94,24.26,19.26,1,467.12,Balisée #4
1346,1410,3078.88,675.27,21.65,17.17,0,371.71,
1288,1410,1969.51,1164.34,24.8,25.97,1,644.15,Balisée #5
1246,1410,2175.41,912.16,15.75,16.16,0,254.58,
1248,1410,3117.03,963.44,14.23,18.07,0,257.19,
1219,1411,3070.53,1396.21,21.22,16.64,0,353.19,
1217,1411,1437.68,1950.5,17.67,18.32,1,323.62,Balisée #1
1220,1411,1857.69,1600.32,18.43,14.65,1,270.13,Balisée #2
1252,1411,2128.6,1934.47,16.99,13.39,0,227.45,
1344,1411,2193.32,1717.0,23.79,18.78,1,446.75,Balisée #4
1346,1411,3082.44,675.1,21.72,17.54,0,381.07,
1288,1411,1971.66,1162.31,25.02,26.26,1,656.79,Balisée #5
1246,1411,2177.29,913.64,14.72,15.07,0,221.72,
1248,1411,3121.82,965.92,13.74,16.85,0,231.41,
1219,1412,3070.05,1396.52,21.05,16.59,0,349.24,
1217,1412,1437.61,1951.22,17.46,17.9,1,312.51,Balisée #1
1220,1412,1857.62,1599.74,18.41,14.47,1,266.42,Balisée #2
1252,1412,2128.63,1934.66,16.83,13.31,0,224.03,
1344,1412,2193.22,1717.08,23.53,18.45,1,434.05,Balisée #4
1346,1412,3086.77,673.51,18.7,14.97,0,279.89,
1288,1412,1974.07,1160.06,24.56,25.97,1,637.89,Balisée #5
1246,1412,2179.14,914.93,14.04,14.42,0,202.44,
1248,1412,3124.51,968.23,12.9,15.53,0,200.32,
1219,1413,3069.69,1397.49,21.67,17.3,0,375.03,
1217,1413,1437.73,1952.09,17.38,17.59,1,305.79,Balisée #1
1220,1413,1856.93,1599.22,18.32,14.24,1,260.94,Balisée #2
1252,1413,2128.62,1934.87,16.8,13.33,0,223.81,
1344,1413,2193.16,1717.16,23.79,18.59,1,442.27,Balisée #4
1346,1413,3090.19,672.59,17.75,14.13,0,250.85,
1288,1413,1976.26,1158.08,24.79,26.32,1,652.41,Balisée #5
1246,1413,2181.26,916.87,14.31,14.78,0,211.56,
1248,1413,3126.0,970.5,13.35,16.19,0,216.11,
1219,1414,3069.54,1398.6,21.6,17.44,0,376.76,
1217,1414,1437.94,1953.47,17.08,16.95,1,289.61,Balisée #1
1220,1414,1856.35,1598.2,18.37,14.11,1,259.14,Balisée #2
1252,1414,2128.65,1935.43,16.88,13.43,0,226.7,
1344,1414,2192.75,1716.7,24.76,19.48,1,482.25,Balisée #4
1346,1414,3093.85,672.02,17.33,13.73,0,237.87,
1288,1414,1978.52,1155.58,24.73,26.42,1,653.2,Balisée #5
1246,1414,2184.19,918.88,14.47,15.03,0,217.42,
1248,1414,3127.63,973.06,13.07,16.03,0,209.52,
1219,1415,3069.5,1399.78,21.32,17.37,0,370.24,
1217,1415,1438.05,1955.43,17.84,17.52,1,312.56,Balisée #1
1220,1415,1856.2,1597.49,18.76,14.28,1,267.9,Balisée #2
1252,1415,2128.7,1936.23,17.1,13.67,0,233.76,
1344,1415,2192.39,1715.98,25.15,19.87,1,499.75,Balisée #4
1346,1415,3096.88,671.51,17.3,13.69,0,236.85,
1288,1415,1980.45,1154.01,24.49,26.39,1,646.22,Balisée #5
1246,1415,2187.09,920.18,14.87,15.69,0,233.31,
1248,1415,3129.48,975.69,12.84,15.92,0,204.52,
1219,1416,3069.58,1401.44,21.5,17.69,0,380.36,
1217,1416,1438.29,1957.1,18.14,17.56,1,318.51,Balisée #1
1220,1416,1856.56,1597.39,19.08,14.47,1,276.05,Balisée #2
1252,1416,2128.84,1937.45,17.23,13.85,0,238.56,
1344,1416,2191.86,1715.61,24.52,19.3,1,473.23,Balisée #4
1346,1416,3100.55,671.01,17.38,13.72,0,238.41,
1288,1416,1982.57,1152.15,24.11,26.1,1,629.19,Balisée #5
1246,1416,2189.9,922.45,14.13,15.0,0,211.9,
1248,1416,3131.39,978.83,13.04,16.33,0,212.98,
1219,1417,3069.62,1403.22,21.48,17.85,0,383.39,
1217,1417,1438.31,1958.63,18.15,17.31,1,314.17,Balisée #1
1220,1417,1856.25,1598.14,19.13,14.38,1,275.16,Balisée #2
1252,1417,2129.17,1938.28,17.4,14.05,0,244.39,
1344,1417,2191.26,1716.0,24.63,19.37,1,477.08,Balisée #4
1346,1417,3103.92,670.56,17.21,13.52,0,232.71,
1288,1417,1985.87,1149.63,24.26,26.37,1,639.63,Balisée #5
1246,1417,2192.69,924.56,14.34,15.35,0,220.08,
1248,1417,3133.48,981.13,13.64,17.38,0,237.18,
1219,1418,3069.61,1404.75,21.07,17.63,0,371.63,
1217,1418,1438.11,1959.95,17.74,16.68,1,295.95,Balisée #1
1220,1418,1855.87,1598.51,18.79,13.98,1,262.7,Balisée #2
1252,1418,2129.12,1938.97,17.57,14.27,0,250.78,
1344,1418,2190.96,1717.13,25.69,20.32,1,522.18,Balisée #4
1346,1418,3106.73,670.51,17.34,13.35,0,231.45,
1288,1418,1987.96,1148.14,23.64,25.74,1,608.61,Balisée #5
1246,1418,2194.87,926.33,14.3,15.45,0,220.94,
1248,1418,3135.37,985.47,14.26,18.58,0,265.0,
1219,1419,3069.43,1405.87,21.18,17.93,0,379.79,
1217,1419,1438.01,1960.63,17.71,16.43,1,291.09,Balisée #1
1220,1419,1855.84,1598.76,18.8,13.86,1,260.53,Balisée #2
1252,1419,2129.06,1939.41,17.8,14.6,0,259.93,
1344,1419,2191.38,1717.98,26.49,21.16,1,560.63,Balisée #4
1346,1419,3110.75,669.17,20.46,16.08,0,328.97,
1288,1419,1989.9,1146.06,25.33,27.82,1,704.44,Balisée #5
1246,1419,2197.27,927.8,14.2,15.39,0,218.49,
1248,1419,3137.33,988.13,13.15,17.2,0,226.11,
1219,1420,3069.28,1406.76,21.17,18.16,0,384.51,
1217,1420,1438.19,1961.75,18.53,17.04,1,315.67,Balisée #1
1220,1420,1855.58,1598.35,19.23,14.11,1,271.37,Balisée #2
1252,1420,2129.04,1939.7,18.09,15.02,0,271.57,
1344,1420,2191.5,1717.83,25.53,20.4,1,520.86,Balisée #4
1346,1420,3114.93,668.31,20.4,16.27,0,331.96,
1288,1420,1991.83,1143.95,25.38,28.12,1,713.59,Balisée #5
1248,1420,3138.91,990.59,12.55,16.23,0,203.73,
1219,1421,3069.24,1407.96,21.12,18.34,0,387.5,
1217,1421,1438.14,1963.07,18.69,17.05,1,318.76,Balisée #1
1220,1421,1854.93,1597.77,19.39,14.17,1,274.76,Balisée #2
1252,1421,2129.0,1939.83,18.16,15.23,0,276.59,
1344,1421,2191.15,1717.75,24.93,19.83,1,494.41,Balisée #4
1346,1421,3118.22,667.64,19.74,15.66,0,309.2,
1288,1421,1993.96,1141.77,23.96,26.84,1,643.09,Balisée #5
1248,1421,3140.19,992.87,12.92,16.34,0,211.04,
1246,1421,2202.12,931.35,14.32,15.68,0,224.6,
1219,1422,3069.35,1409.22,21.1,18.52,0,390.77,
1217,1422,1437.96,1964.17,18.65,16.91,1,315.44,Balisée #1
1220,1422,1853.96,1596.78,19.42,14.1,1,273.87,Balisée #2
1252,1422,2128.85,1939.77,17.85,15.11,0,269.64,
1344,1422,2190.61,1717.51,25.11,19.91,1,500.04,Balisée #4
1346,1422,3122.3,667.37,19.33,15.33,0,296.39,
1248,1422,3143.28,996.85,14.9,19.42,0,289.32,
1219,1423,3069.75,1410.26,20.98,18.49,0,387.85,
1217,1423,1438.03,1964.75,18.73,16.86,1,315.81,Balisée #1
1220,1423,1853.6,1596.02,19.84,14.35,1,284.7,Balisée #2
1252,1423,2128.84,1939.89,18.01,15.39,0,277.23,
1344,1423,2190.29,1717.23,25.19,19.94,1,502.25,Balisée #4
1346,1423,3125.63,666.75,18.41,14.51,0,267.15,
1248,1423,3145.72,998.74,14.78,19.74,0,291.62,
1288,1423,1998.03,1136.43,24.74,27.85,1,689.0,Balisée #5
1219,1424,3070.01,1411.78,21.24,18.8,0,399.43,
1217,1424,1438.02,1965.48,19.88,17.93,1,356.34,Balisée #1
1220,1424,1853.79,1596.2,20.27,14.64,1,296.73,Balisée #2
1252,1424,2129.17,1940.2,18.53,16.04,0,297.22,
1344,1424,2190.35,1716.87,25.82,20.47,1,528.45,Balisée #4
1346,1424,3129.63,666.07,17.6,13.79,0,242.69,
1248,1424,3148.29,1000.25,13.42,18.13,0,243.26,
1364,1424,3073.85,1411.6,20.74,18.85,0,390.92,
1288,1424,2000.04,1134.22,22.96,25.91,1,594.95,Balisée #5
1217,1425,1437.67,1966.1,20.89,19.06,1,398.23,Balisée #1
1220,1425,1853.59,1596.71,20.74,15.02,1,311.42,Balisée #2
1252,1425,2129.31,1940.62,19.18,16.92,0,324.55,
1344,1425,2190.52,1716.97,25.75,20.38,1,524.87,Balisée #4
1346,1425,3133.4,665.13,17.28,13.41,0,231.69,
1248,1425,3150.51,1002.06,12.47,16.88,0,210.51,
1364,1425,3073.81,1412.95,20.77,18.88,0,392.16,
1288,1425,2001.64,1131.42,23.35,26.49,1,618.51,Balisée #5
1217,1426,1437.3,1966.57,21.58,20.02,1,432.06,Balisée #1
1220,1426,1853.21,1596.72,20.5,14.77,1,302.63,Balisée #2
1252,1426,2129.31,1941.02,19.73,17.74,0,349.97,
1344,1426,2190.48,1717.42,25.29,19.96,1,504.79,Balisée #4
1346,1426,3137.36,663.9,17.41,13.42,0,233.7,
1248,1426,3152.77,1004.15,12.04,16.27,0,195.85,
1364,1426,3073.95,1413.96,21.8,19.87,0,433.07,
1219,1426,3070.13,1414.06,22.22,19.88,0,441.6,
1217,1427,1436.71,1969.31,21.05,19.74,1,415.35,Balisée #1
1220,1427,1852.51,1596.92,20.49,14.72,1,301.62,Balisée #2
1252,1427,2129.03,1941.54,20.44,18.81,0,384.37,
1344,1427,2190.66,1718.65,25.21,19.82,1,499.72,Balisée #4
1346,1427,3141.2,663.19,17.79,13.65,0,242.85,
1248,1427,3154.67,1005.92,13.18,18.2,0,239.84,
1364,1427,3073.91,1414.52,22.63,20.72,0,468.7,
1366,1427,3641.44,7.0,14.18,14.0,0,198.54,
1367,1427,2128.76,1946.6,15.47,18.8,0,290.84,
1219,1427,3069.99,1416.68,22.78,20.71,0,471.86,
1217,1428,1436.33,1970.72,19.97,18.87,1,376.83,Balisée #1
1220,1428,1851.83,1597.16,20.56,14.8,1,304.31,Balisée #2
1344,1428,2190.87,1719.9,25.36,19.93,1,505.25,Balisée #4
1346,1428,3145.31,662.71,17.91,13.49,0,241.67,
1248,1428,3156.57,1010.18,12.87,17.85,0,229.74,
1364,1428,3073.74,1417.26,22.01,20.19,0,444.41,
1366,1428,3643.0,7.52,15.23,15.05,0,229.2,
1367,1428,2128.57,1946.87,15.05,18.27,0,274.98,
1219,1428,3069.79,1418.05,21.93,20.16,0,442.2,
1288,1428,2007.28,1124.6,23.74,27.11,1,643.61,Balisée #5
1217,1429,1435.67,1971.95,18.94,17.82,1,337.54,Balisée #1
1220,1429,1850.68,1597.14,20.62,14.86,1,306.35,Balisée #2
1344,1429,2190.43,1720.34,25.53,20.18,1,515.17,Balisée #4
1346,1429,3147.8,662.45,17.95,13.51,0,242.5,
1248,1429,3158.01,1012.91,11.86,16.46,0,195.13,
1366,1429,3644.09,8.23,16.65,16.47,0,274.24,
1367,1429,2128.34,1947.27,14.45,17.46,0,252.33,
1219,1429,3069.48,1419.66,20.78,19.26,0,400.06,
1288,1429,2008.84,1122.79,23.98,27.49,1,659.07,Balisée #5
1217,1430,1434.46,1973.63,18.98,17.9,1,339.85,Balisée #1
1220,1430,1849.7,1597.26,20.45,14.65,1,299.59,Balisée #2
1344,1430,2189.94,1720.61,25.44,20.19,1,513.53,Balisée #4
1346,1430,3150.5,662.54,17.49,13.1,0,229.15,
1248,1430,3159.12,1015.37,11.33,15.61,0,176.92,
1366,1430,3649.39,9.68,17.89,17.72,0,317.04,
1367,1430,2127.25,1947.59,13.99,16.81,0,235.21,
1219,1430,3069.37,1421.8,20.07,18.72,0,375.72,
1288,1430,2009.54,1120.42,24.5,28.58,1,700.19,Balisée #5
1217,1431,1433.33,1975.43,18.46,17.35,1,320.34,Balisée #1
1220,1431,1848.96,1597.69,20.35,14.41,1,293.25,Balisée #2
1344,1431,2189.08,1721.41,26.0,20.79,1,540.57,Balisée #4
1346,1431,3153.41,662.33,18.04,13.47,0,243.04,
1248,1431,3160.53,1018.57,11.61,16.03,0,186.13,
1366,1431,3651.56,12.28,18.72,18.63,0,348.74,
1367,1431,2126.33,1948.05,13.36,15.9,0,212.42,
1219,1431,3069.24,1423.85,19.74,18.54,0,365.97,
1288,1431,2011.13,1118.06,23.95,28.22,1,675.76,Balisée #5
1217,1432,1432.44,1977.14,17.93,16.78,1,300.94,Balisée #1
1220,1432,1847.5,1598.68,20.93,14.75,1,308.8,Balisée #2
1344,1432,2188.0,1722.59,26.57,21.6,1,573.91,Balisée #4
1346,1432,3156.34,661.84,18.24,13.57,0,247.46,
1248,1432,3161.8,1021.4,11.71,16.2,0,189.81,
1366,1432,3652.69,14.97,19.05,19.14,0,364.57,
1367,1432,2125.76,1948.99,12.08,14.07,0,169.86,
1219,1432,3069.19,1426.21,19.84,18.79,0,372.77,
1288,1432,2013.02,1116.28,23.37,27.85,1,650.81,Balisée #5
1246,1432,2225.81,950.42,13.51,14.97,0,202.27,
1217,1433,1431.58,1978.33,18.21,17.06,1,310.57,Balisée #1
1220,1433,1846.44,1599.88,21.05,14.88,1,313.18,Balisée #2
1344,1433,2187.03,1723.52,26.15,21.58,1,564.4,Balisée #4
1346,1433,3158.75,661.76,18.59,13.86,0,257.62,
1248,1433,3162.28,1024.44,11.5,15.87,0,182.38,
1366,1433,3653.78,17.16,18.08,18.43,0,333.36,
1367,1433,2125.34,1950.11,11.97,13.67,0,163.59,
1219,1433,3068.61,1428.33,19.49,18.72,0,364.74,
1288,1433,2014.24,1114.74,24.34,29.29,1,712.81,Balisée #5
1217,1434,1430.99,1980.15,18.93,17.8,1,337.02,Balisée #1
1220,1434,1845.83,1600.88,21.32,15.14,1,322.82,Balisée #2
1344,1434,2186.5,1724.7,26.33,22.11,1,582.13,Balisée #4
1346,1434,3161.86,661.45,18.68,13.94,0,260.26,
1248,1434,3163.09,1027.78,11.81,16.09,0,190.08,
1366,1434,3654.84,18.75,18.16,18.87,0,342.69,
1367,1434,2125.02,1951.19,12.04,13.47,0,162.2,
1219,1434,3068.03,1430.43,18.68,18.18,0,339.59,
1288,1434,2015.11,1112.53,23.92,28.97,1,692.99,Balisée #5
1246,1434,2229.59,954.55,12.71,13.95,0,177.2,
1217,1435,1430.06,1981.42,18.89,17.75,1,335.3,Balisée #1
1220,1435,1845.07,1601.57,21.44,15.28,1,327.5,Balisée #2
1344,1435,2186.47,1726.03,26.41,22.69,1,599.41,Balisée #4
1346,1435,3165.45,661.24,18.83,14.02,0,263.98,
1248,1435,3164.11,1030.22,13.82,18.7,0,258.43,
1366,1435,3656.66,20.38,17.58,18.52,0,325.43,
1367,1435,2124.27,1952.1,12.29,13.45,0,165.31,
1219,1435,3067.83,1432.51,18.2,17.92,0,326.15,
1288,1435,2016.89,1110.48,22.78,27.58,1,628.29,Balisée #5
1246,1435,2231.06,956.2,12.92,14.2,0,183.48,
1217,1436,1429.07,1982.49,18.79,17.67,1,331.96,Balisée #1
1220,1436,1844.17,1601.79,21.21,15.18,1,321.97,Balisée #2
1344,1436,2186.25,1727.22,26.52,23.37,1,619.82,Balisée #4
1346,1436,3169.6,660.67,19.24,14.28,0,274.74,
1248,1436,3165.02,1034.51,13.64,17.84,0,243.34,
1366,1436,3658.48,21.63,17.71,19.05,0,337.37,
1367,1436,2123.21,1952.59,12.36,13.2,0,163.06,
1219,1436,3067.74,1434.52,18.17,18.11,0,329.08,
1246,1436,2233.25,958.03,13.43,14.85,0,199.39,
1217,1437,1428.64,1983.52,18.76,17.6,1,330.15,Balisée #1
1220,1437,1843.7,1602.12,21.72,15.67,1,340.48,Balisée #2
1344,1437,2185.85,1728.29,26.21,23.67,1,620.33,Balisée #4
1346,1437,3172.84,660.21,18.79,14.02,0,263.43,
1248,1437,3169.79,1037.16,13.18,16.61,0,218.94,
1366,1437,3660.46,22.59,18.45,20.28,0,374.18,
1367,1437,2122.64,1952.88,12.27,12.77,0,156.73,
1219,1437,3067.47,1436.7,17.85,17.94,0,320.28,
1246,1437,2235.04,959.5,13.39,14.88,0,199.23,
1217,1438,1428.32,1985.01,18.54,17.4,1,322.55,Balisée #1
1220,1438,1843.23,1602.48,21.43,15.53,1,332.69,Balisée #2
1344,1438,2185.7,1729.16,25.76,23.72,1,610.95,Balisée #4
1346,1438,3175.77,659.57,18.89,14.09,0,266.11,
1248,1438,3172.2,1039.68,12.72,15.67,0,199.39,
1366,1438,3663.19,25.49,17.88,19.89,0,355.59,
1367,1438,2122.41,1953.5,12.94,13.21,0,170.89,
1219,1438,3067.31,1438.08,18.74,19.1,0,357.85,
1288,1438,2020.33,1103.8,22.72,27.69,1,629.23,Balisée #5
1217,1439,1427.99,1986.7,18.86,17.72,1,334.1,Balisée #1
1220,1439,1842.7,1602.77,21.25,15.48,1,328.89,Balisée #2
1344,1439,2185.86,1729.45,25.5,23.9,1,609.34,Balisée #4
1346,1439,3179.57,658.6,18.66,13.9,0,259.47,
1248,1439,3173.56,1042.3,13.02,16.03,0,208.77,
1366,1439,3665.65,27.23,16.66,18.61,0,310.04,
1367,1439,2122.25,1954.58,13.31,13.33,0,177.36,
1219,1439,3067.66,1440.97,19.47,20.24,0,393.99,
1288,1439,2022.6,1101.05,22.67,27.8,1,630.03,Balisée #5
1217,1440,1427.62,1988.13,18.9,17.75,1,335.4,Balisée #1
1220,1440,1842.5,1603.01,21.12,15.46,1,326.43,Balisée #2
1344,1440,2186.17,1729.95,25.26,24.07,1,608.14,Balisée #4
1346,1440,3183.24,657.61,18.54,13.85,0,256.68,
1248,1440,3174.74,1044.45,12.91,16.08,0,207.49,
1366,1440,3667.85,28.74,16.12,17.99,0,290.1,
1367,1440,2122.06,1955.84,13.51,13.27,0,179.2,
1219,1440,3068.09,1442.78,18.47,19.2,0,354.71,
1288,1440,2024.07,1098.13,23.59,29.24,1,689.75,Balisée #5
1217,1441,1427.34,1989.18,19.04,17.94,1,341.63,Balisée #1
1220,1441,1842.22,1603.52,21.24,15.63,1,332.01,Balisée #2
1344,1441,2186.98,1730.89,25.31,24.71,1,625.57,Balisée #4
1346,1441,3186.73,656.99,18.78,14.08,0,264.31,
1248,1441,3176.65,1047.31,12.72,15.96,0,203.07,
1366,1441,3669.41,30.39,16.09,17.68,0,284.37,
1367,1441,2121.68,1957.06,14.06,13.6,0,191.17,
1219,1441,3067.86,1444.74,17.92,18.74,0,335.68,
1288,1441,2025.54,1095.82,23.3,29.15,1,679.18,Balisée #5
1246,1441,2244.29,966.08,13.75,15.53,0,213.51,
1217,1442,1426.92,1989.66,19.32,18.27,1,352.95,Balisée #1
1220,1442,1841.73,1604.17,21.96,16.37,1,359.45,Balisée #2
1344,1442,2187.57,1732.42,25.16,25.15,1,632.91,Balisée #4
1346,1442,3189.83,656.36,18.91,14.14,0,267.46,
1248,1442,3178.66,1050.38,12.59,15.96,0,200.97,
1366,1442,3673.72,31.85,16.09,17.44,0,280.54,
1367,1442,2121.2,1957.67,14.04,13.37,0,187.7,
1219,1442,3067.71,1446.29,17.71,18.59,0,329.28,
1288,1442,2027.19,1093.35,22.33,28.03,1,625.93,Balisée #5
1246,1442,2246.75,967.17,13.42,15.43,0,207.07,
1217,1443,1426.18,1990.26,20.23,19.31,1,390.62,Balisée #1
1220,1443,1841.36,1604.65,22.64,17.11,1,387.36,Balisée #2
1344,1443,2188.32,1734.21,25.06,25.55,1,640.22,Balisée #4
1346,1443,3194.07,655.81,18.79,14.03,0,263.64,
1248,1443,3180.49,1052.91,13.16,17.01,0,223.8,
1366,1443,3675.96,33.59,15.81,17.09,0,270.19,
1367,1443,2120.77,1958.0,14.3,13.48,0,192.75,
1219,1443,3067.56,1448.15,17.38,18.28,0,317.8,
1288,1443,2028.94,1090.86,22.67,28.46,1,645.36,Balisée #5
1246,1443,2248.34,968.48,13.54,15.68,0,212.22,
1217,1444,1425.38,1992.98,20.75,20.03,1,415.6,Balisée #1
1220,1444,1840.63,1604.91,22.95,17.56,1,403.05,Balisée #2
1344,1444,2188.88,1735.85,24.17,25.05,1,605.44,Balisée #4
1346,1444,3197.66,655.57,19.05,14.28,0,271.93,
1248,1444,3182.36,1057.34,14.09,18.66,0,262.96,
1366,1444,3677.96,34.86,15.65,16.92,0,264.9,
1367,1444,2120.17,1958.5,14.77,13.79,0,203.57,
1219,1444,3067.18,1450.14,17.38,18.38,0,319.42,
1288,1444,2029.95,1088.75,23.25,29.2,1,678.83,Balisée #5
1246,1444,2249.88,969.64,13.35,15.6,0,208.16,
1217,1445,1425.3,1994.5,19.95,19.32,1,385.47,Balisée #1
1220,1445,1840.12,1605.13,23.17,17.99,1,416.74,Balisée #2
1344,1445,2189.58,1737.13,23.7,24.84,1,588.88,Balisée #4
1346,1445,3200.68,655.47,18.59,13.96,0,259.39,
1248,1445,3183.8,1060.09,12.96,17.28,0,223.97,
1366,1445,3680.24,36.98,16.04,17.33,0,278.1,
1367,1445,2119.71,1959.67,14.96,13.85,0,207.18,
1219,1445,3066.83,1452.46,17.47,18.56,0,324.26,
1288,1445,2031.44,1086.78,22.6,28.52,1,644.35,Balisée #5
1246,1445,2251.44,972.1,13.21,15.24,0,201.38,
1217,1446,1425.33,1995.81,18.21,17.49,1,318.47,Balisée #1
1220,1446,1839.94,1605.47,23.67,18.69,1,442.22,Balisée #2
1344,1446,2190.22,1738.08,23.47,25.09,1,589.02,Balisée #4
1346,1446,3204.05,654.6,18.73,14.09,0,263.9,
1248,1446,3184.99,1062.59,12.17,16.22,0,197.36,
1366,1446,3682.68,39.2,15.74,16.99,0,267.49,
1367,1446,2119.44,1960.74,14.9,13.68,0,203.84,
1219,1446,3066.48,1454.71,17.78,18.99,0,337.55,
1288,1446,2033.2,1084.47,22.76,28.77,1,654.81,Balisée #5
1246,1446,2252.9,974.55,13.86,15.52,0,215.15,
1217,1447,1425.6,1997.3,18.59,17.87,1,332.21,Balisée #1
1220,1447,1839.84,1605.75,23.93,19.25,1,460.57,Balisée #2
1344,1447,2190.68,1739.25,22.96,24.96,1,573.15,Balisée #4
1346,1447,3207.02,654.22,18.55,13.95,0,258.84,
1248,1447,3186.04,1064.87,12.07,16.16,0,195.11,
1366,1447,3684.85,40.97,15.6,16.79,0,261.95,
1367,1447,2119.54,1961.76,15.19,13.88,0,210.85,
1219,1447,3066.06,1456.67,17.23,18.52,0,318.95,
1288,1447,2034.72,1081.83,22.26,28.27,1,629.21,Balisée #5
1371,1447,1840.0,1609.54,19.6,20.92,1,410.12,Balisée #2
1217,1448,1425.06,1999.07,18.56,17.87,1,331.79,Balisée #1
1220,1448,1839.88,1606.21,24.53,20.2,1,495.48,Balisée #2
1344,1448,2191.38,1740.13,23.06,25.47,1,587.32,Balisée #4
1346,1448,3210.27,653.98,18.58,14.02,0,260.49,
1248,1448,3186.86,1067.97,12.23,16.28,0,199.13,
1366,1448,3686.75,42.82,15.78,16.92,0,266.99,
1367,1448,2119.44,1962.54,15.52,14.16,0,219.9,
1219,1448,3065.84,1458.36,17.08,18.52,0,316.28,
1288,1448,2036.36,1079.72,22.64,28.97,1,656.02,Balisée #5
1371,1448,1840.07,1610.01,18.74,19.98,1,374.38,Balisée #2
1217,1449,1424.3,2000.04,18.59,17.9,1,332.9,Balisée #1
1346,1449,3212.93,653.65,18.9,14.31,0,270.55,
1248,1449,3187.69,1070.94,12.35,16.11,0,199.06,
1366,1449,3688.81,44.85,16.33,17.65,0,288.15,
1367,1449,2118.53,1963.21,15.91,14.45,0,229.9,
1219,1449,3065.0,1460.82,17.46,19.09,0,333.46,
1288,1449,2037.7,1077.25,22.62,28.8,1,651.52,Balisée #5
1371,1449,1839.7,1610.63,17.62,18.75,1,330.37,Balisée #2
1246,1449,2260.51,979.63,13.72,15.27,0,209.57,
1217,1450,1423.85,2000.57,18.45,17.8,1,328.44,Balisée #1
1346,1450,3217.08,653.45,19.22,14.42,0,277.23,
1248,1450,3188.41,1074.18,12.64,16.01,0,202.45,
1366,1450,3690.93,46.12,17.48,19.04,0,332.66,
1367,1450,2117.6,1963.61,16.25,14.74,0,239.59,
1219,1450,3064.46,1462.57,18.17,20.28,0,368.6,
1288,1450,2038.56,1075.02,22.16,28.2,1,624.91,Balisée #5
1371,1450,1839.3,1611.36,16.33,17.28,1,282.23,Balisée #2
1246,1450,2261.99,980.72,14.41,16.35,0,235.7,
1344,1450,2193.07,1743.43,23.05,25.73,1,593.23,Balisée #4
1217,1451,1423.85,2000.72,18.51,17.92,1,331.73,Balisée #1
1346,1451,3220.01,653.04,19.01,14.28,0,271.51,
1248,1451,3189.24,1076.93,13.9,17.14,0,238.2,
1366,1451,3692.96,49.58,17.49,19.01,0,332.44,
1367,1451,2117.18,1963.87,16.59,15.08,0,250.15,
1219,1451,3064.24,1465.5,17.71,20.11,0,356.31,
1288,1451,2040.48,1072.6,22.7,28.95,1,657.33,Balisée #5
1371,1451,1839.08,1611.81,15.6,16.39,1,255.6,Balisée #2
1246,1451,2263.6,981.58,15.12,17.63,0,266.65,
1217,1452,1423.64,2001.93,18.29,17.69,1,323.62,Balisée #1
1346,1452,3223.22,652.63,19.29,14.63,0,282.14,
1366,1452,3694.41,51.31,17.06,18.13,0,309.32,
1367,1452,2116.88,1964.47,17.63,16.23,0,286.17,
1219,1452,3064.1,1467.07,16.86,19.29,0,325.18,
1288,1452,2041.8,1070.11,22.93,29.36,1,673.3,Balisée #5
1371,1452,1838.85,1611.87,15.57,16.26,1,253.17,Balisée #2
1217,1453,1423.5,2003.67,18.16,17.55,1,318.59,Balisée #1
1346,1453,3226.27,652.31,19.67,15.06,0,296.24,
1366,1453,3698.66,52.92,16.2,17.08,0,276.62,
1367,1453,2116.74,1964.93,18.39,17.15,0,315.49,
1219,1453,3063.92,1469.32,16.39,18.98,0,311.11,
1288,1453,2043.48,1067.77,22.19,28.37,1,629.57,Balisée #5
1371,1453,1838.31,1612.49,15.66,16.23,1,254.23,Balisée #2
1248,1453,3195.46,1083.32,13.96,17.06,0,238.14,
1217,1454,1423.62,2005.68,18.1,17.48,1,316.3,Balisée #1
1346,1454,3229.32,652.09,20.0,15.44,0,308.82,
1366,1454,3701.5,54.73,15.47,16.22,0,250.92,
1367,1454,2116.55,1965.62,19.54,18.58,0,362.95,
1219,1454,3063.53,1471.96,15.83,18.42,0,291.57,
1288,1454,2044.47,1065.73,22.14,28.02,1,620.24,Balisée #5
1371,1454,1838.36,1613.18,15.74,16.24,1,255.67,Balisée #2
1248,1454,3197.14,1086.58,13.6,16.58,0,225.43,
1344,1454,2196.7,1750.07,22.61,25.72,1,581.59,Balisée #4
1217,1455,1423.36,2007.14,17.57,16.9,1,296.99,Balisée #1
1346,1455,3232.52,652.0,20.07,15.63,0,313.75,
1366,1455,3703.47,56.83,14.83,15.27,0,226.55,
1367,1455,2116.16,1969.22,19.12,18.41,0,351.84,
1219,1455,3063.33,1474.43,15.69,18.37,0,288.34,
1288,1455,2045.47,1063.37,22.17,28.17,1,624.69,Balisée #5
1371,1455,1838.42,1614.44,16.01,16.43,1,262.96,Balisée #2
1248,1455,3197.91,1089.45,13.29,16.23,0,215.72,
1344,1455,2197.4,1751.64,22.24,25.81,1,574.15,Balisée #4
1246,1455,2270.89,990.4,13.01,15.35,0,199.68,
1217,1456,1423.06,2008.46,18.14,17.44,1,316.38,Balisée #1
1346,1456,3235.78,652.08,19.8,15.51,0,307.13,
1366,1456,3706.09,58.76,15.21,15.59,0,237.01,
1367,1456,2115.87,1970.93,18.34,17.79,0,326.16,
1219,1456,3063.56,1476.56,15.6,18.4,0,287.05,
1288,1456,2046.97,1060.95,22.73,29.11,1,661.63,Balisée #5
1371,1456,1838.51,1616.07,16.51,16.91,1,279.19,Balisée #2
1248,1456,3198.78,1092.36,12.81,15.78,0,202.05,
1344,1456,2198.47,1753.67,21.62,25.44,1,549.95,Balisée #4
1217,1457,1422.79,2009.41,18.43,17.74,1,326.94,Balisée #1
1346,1457,3238.5,652.04,19.99,15.62,0,312.2,
1366,1457,3708.59,60.71,15.5,15.66,0,242.69,
1367,1457,2115.8,1971.74,17.6,17.16,0,301.91,
1219,1457,3063.53,1479.02,16.0,19.03,0,304.54,
1288,1457,2048.33,1059.15,22.29,28.58,1,637.09,Balisée #5
1371,1457,1838.23,1617.64,16.41,16.69,1,273.94,Balisée #2
1248,1457,3200.02,1095.42,12.71,15.78,0,200.65,
1344,1457,2200.11,1756.07,21.48,25.73,1,552.71,Balisée #4
1217,1458,1422.53,2010.2,18.57,17.9,1,332.3,Balisée #1
1346,1458,3242.56,651.78,20.51,16.16,0,331.5,
1366,1458,3711.37,62.44,15.62,15.63,0,244.22,
1367,1458,2115.38,1972.27,16.91,16.38,0,277.05,
1219,1458,3063.13,1481.39,15.83,19.04,0,301.51,
1288,1458,2049.97,1056.45,22.14,28.38,1,628.23,Balisée #5
1371,1458,1837.94,1618.57,16.99,17.15,1,291.34,Balisée #2
1248,1458,3201.67,1098.39,12.78,16.06,0,205.14,
1344,1458,2201.45,1758.25,21.35,25.99,1,554.73,Balisée #4
1217,1459,1422.84,2010.91,18.29,17.6,1,321.86,Balisée #1
1346,1459,3246.22,651.37,21.31,17.02,0,362.68,
1366,1459,3713.51,63.87,14.74,14.46,0,213.23,
1367,1459,2115.02,1972.52,16.6,15.9,0,264.01,
1219,1459,3062.7,1483.29,15.6,18.87,0,294.46,
1288,1459,2051.2,1054.06,22.44,28.62,1,642.11,Balisée #5
1371,1459,1837.4,1619.34,17.3,17.44,1,301.69,Balisée #2
1248,1459,3203.16,1100.89,13.22,16.86,0,222.85,
1344,1459,2202.91,1760.1,20.9,25.64,1,535.99,Balisée #4
1217,1460,1423.4,2011.85,18.57,17.9,1,332.54,Balisée #1
1346,1460,3249.69,651.09,21.71,17.6,0,382.15,
1366,1460,3716.07,65.39,15.18,14.75,0,223.87,
1367,1460,2115.11,1972.83,16.07,15.23,0,244.84,
1219,1460,3062.53,1485.12,15.15,18.41,0,278.96,
1288,1460,2052.56,1052.14,22.86,29.07,1,664.53,Balisée #5
1371,1460,1837.59,1619.87,17.76,17.95,1,318.85,Balisée #2
1248,1460,3204.46,1105.32,14.31,18.74,0,268.2,
1344,1460,2204.24,1761.23,20.92,25.85,1,540.89,Balisée #4
1217,1461,1423.86,2012.61,18.53,17.94,1,332.26,Balisée #1
1346,1461,3252.78,650.91,21.77,17.98,0,391.35,
1366,1461,3718.31,67.34,15.83,14.93,0,236.37,
1367,1461,2115.06,1973.26,15.47,14.39,0,222.5,
1219,1461,3062.63,1486.71,16.24,20.06,0,325.74,
1288,1461,2054.06,1049.45,22.83,29.24,1,667.44,Balisée #5
1371,1461,1838.05,1620.4,17.89,18.13,1,324.4,Balisée #2
1248,1461,3206.04,1107.98,13.17,17.51,0,230.62,
1344,1461,2205.34,1762.33,20.59,25.59,1,527.11,Balisée #4
1217,1462,1424.01,2013.83,17.95,17.26,1,309.82,Balisée #1
1346,1462,3256.43,650.75,21.82,18.32,0,399.69,
1366,1462,3722.17,68.58,17.01,15.99,0,272.05,
1367,1462,2114.97,1973.88,14.59,13.18,0,192.17,
1219,1462,3062.63,1489.73,15.84,19.75,0,312.72,
1288,1462,2056.21,1046.85,23.1,29.72,1,686.4,Balisée #5
1371,1462,1838.48,1621.56,18.11,18.46,1,334.37,Balisée #2
1248,1462,3207.78,1110.49,12.44,16.63,0,206.98,
1344,1462,2206.1,1764.07,20.5,25.55,1,523.87,Balisée #4
1217,1463,1424.26,2015.26,18.27,17.63,1,322.12,Balisée #1
1346,1463,3259.95,650.71,21.67,18.42,0,399.1,
1366,1463,3724.55,69.7,18.72,17.78,0,332.85,
1367,1463,2114.91,1974.41,15.04,13.32,0,200.21,
1219,1463,3062.99,1492.17,15.47,19.41,0,300.22,
1288,1463,2057.53,1044.92,22.71,29.31,1,665.8,Balisée #5
1371,1463,1838.84,1623.06,17.99,18.37,1,330.43,Balisée #2
1248,1463,3208.82,1112.75,12.01,16.05,0,192.73,
1344,1463,2208.44,1765.99,20.94,26.01,1,544.57,Balisée #4
1217,1464,1424.74,2016.22,18.43,17.8,1,328.23,Balisée #1
1346,1464,3262.52,650.69,21.59,18.47,0,398.83,
1366,1464,3727.27,73.45,19.22,18.41,0,353.81,
1367,1464,2114.98,1975.25,15.73,13.76,0,216.42,
1219,1464,3063.22,1494.14,15.03,18.91,0,284.29,
1288,1464,2058.97,1043.03,22.97,29.65,1,680.99,Balisée #5
1371,1464,1839.02,1624.94,17.97,18.43,1,331.13,Balisée #2
1248,1464,3209.81,1115.44,11.99,16.09,0,192.84,
1344,1464,2209.78,1767.94,20.86,26.0,1,542.26,Balisée #4
1217,1465,1424.95,2017.08,17.95,17.26,1,309.94,Balisée #1
1346,1465,3266.73,650.65,21.45,18.57,0,398.23,
1366,1465,3730.34,75.58,18.17,17.31,0,314.52,
1367,1465,2115.08,1976.23,15.79,13.64,0,215.27,
1219,1465,3063.39,1495.97,14.74,18.68,0,275.38,
1288,1465,2060.95,1040.73,22.45,29.09,1,653.0,Balisée #5
1371,1465,1839.54,1625.84,17.99,18.54,1,333.49,Balisée #2
1248,1465,3210.87,1118.56,12.17,16.16,0,196.66,
1344,1465,2211.29,1769.83,20.51,25.67,1,526.58,Balisée #4
1217,1466,1425.15,2018.13,18.03,17.28,1,311.53,Balisée #1
1346,1466,3270.45,647.1,21.3,18.68,0,397.9,
1366,1466,3732.67,76.94,16.52,15.59,0,257.5,
1367,1466,2115.19,1976.86,15.53,13.23,0,205.46,
1219,1466,3063.17,1498.4,15.21,19.37,0,294.51,
1288,1466,2062.43,1037.84,23.01,29.95,1,689.28,Balisée #5
1371,1466,1839.79,1626.86,17.92,18.64,1,333.95,Balisée #2
1248,1466,3211.65,1121.28,12.05,15.6,0,188.08,
1344,1466,2212.47,1771.79,20.29,25.53,1,517.87,Balisée #4
1217,1467,1425.41,2018.84,18.71,17.9,1,334.9,Balisée #1
1346,1467,3273.78,645.45,20.52,18.12,0,371.82,
1366,1467,3734.6,77.81,15.8,14.7,0,232.34,
1367,1467,2114.8,1977.02,15.78,13.18,0,207.93,
1219,1467,3062.24,1500.39,14.89,19.03,0,283.44,
1371,1467,1839.61,1627.97,17.97,18.8,1,337.9,Balisée #2
1248,1467,3212.33,1124.01,12.65,15.94,0,201.69,
1344,1467,2214.19,1773.65,20.85,26.44,1,551.24,Balisée #4
1217,1468,1425.46,2019.38,18.38,17.46,1,320.98,Balisée #1
1346,1468,3276.42,644.95,20.34,18.14,0,368.95,
1366,1468,3737.17,78.98,15.52,14.24,0,220.93,
1367,1468,2114.6,1977.24,15.87,13.0,0,206.34,
1219,1468,3062.15,1502.64,14.69,18.82,0,276.51,
1371,1468,1839.8,1628.59,17.59,18.56,1,326.46,Balisée #2
1248,1468,3213.15,1125.94,14.46,17.89,0,258.82,
1344,1468,2215.46,1775.56,20.25,25.82,1,522.71,Balisée #4
1288,1468,2065.34,1032.8,22.15,28.87,1,639.5,Balisée #5
1217,1469,1425.94,2020.05,17.69,16.72,1,295.66,Balisée #1
1346,1469,3278.9,644.81,20.24,18.18,0,367.85,
1366,1469,3739.59,80.5,15.95,14.33,0,228.55,
1367,1469,2114.23,1977.32,16.16,12.93,0,209.04,
1219,1469,3062.09,1505.12,15.04,19.33,0,290.66,
1371,1469,1840.21,1629.31,17.53,18.66,1,327.15,Balisée #2
1248,1469,3213.5,1130.06,15.04,18.23,0,274.21,
1344,1469,2216.97,1776.95,20.07,25.66,1,514.99,Balisée #4
1288,1469,2066.82,1030.71,22.73,29.55,1,671.73,Balisée #5
1217,1470,1426.34,2020.6,17.33,16.22,1,281.03,Balisée #1
1346,1470,3282.0,644.63,19.86,17.9,0,355.43,
1366,1470,3741.35,82.37,15.13,13.26,0,200.61,
1367,1470,2114.07,1977.56,16.47,12.9,0,212.52,
1219,1470,3061.6,1507.29,14.71,18.9,0,277.99,
1371,1470,1840.44,1630.88,17.47,18.8,1,328.36,Balisée #2
1248,1470,3217.59,1132.37,14.6,17.23,0,251.59,
1344,1470,2217.84,1778.39,19.78,25.26,1,499.62,Balisée #4
1288,1470,2066.94,1028.03,22.33,28.91,1,645.81,Balisée #5
1217,1471,1426.4,2021.18,17.6,16.36,1,287.79,Balisée #1
1346,1471,3284.78,644.19,18.9,16.98,0,320.83,
1366,1471,3742.52,83.38,15.22,12.9,0,196.36,
1367,1471,2113.81,1977.68,16.97,13.03,0,221.05,
1219,1471,3060.8,1508.9,14.72,18.93,0,278.57,
1371,1471,1840.44,1631.81,17.21,18.7,1,321.83,Balisée #2
1248,1471,3219.02,1134.74,14.63,16.82,0,245.98,
1344,1471,2218.56,1779.04,19.74,25.17,1,497.08,Balisée #4
1288,1471,2068.31,1024.95,22.18,28.94,1,641.89,Balisée #5
1217,1472,1426.34,2021.77,18.24,16.91,1,308.48,Balisée #1
1346,1472,3286.61,643.72,18.03,15.96,0,287.81,
1366,1472,3745.56,84.37,16.02,13.25,0,212.28,
1367,1472,2111.15,1977.79,17.56,13.32,0,233.76,
1219,1472,3060.25,1509.84,14.6,18.72,0,273.37,
1371,1472,1840.45,1632.51,17.03,18.68,1,318.22,Balisée #2
1248,1472,3219.66,1136.78,14.09,15.71,0,221.27,
1344,1472,2219.65,1779.76,19.83,25.24,1,500.43,Balisée #4
1217,1473,1426.04,2021.81,17.81,16.35,1,291.22,Balisée #1
1346,1473,3289.67,643.56,17.93,15.61,0,279.92,
1366,1473,3747.09,85.76,15.83,12.84,0,203.26,
1367,1473,2109.88,1977.41,17.49,13.14,0,229.77,
1219,1473,3059.61,1510.63,15.19,19.6,0,297.63,
1371,1473,1840.43,1632.69,16.49,18.19,1,299.93,Balisée #2
1248,1473,3220.11,1139.13,14.54,15.99,0,232.43,
1217,1474,1426.06,2021.42,17.58,16.0,1,281.31,Balisée #1
1346,1474,3291.96,643.17,17.2,14.84,0,255.35,
1366,1474,3748.02,87.33,15.71,12.59,0,197.88,
1367,1474,2109.24,1977.13,17.74,13.29,0,235.8,
1219,1474,3058.51,1513.17,15.75,20.48,0,322.5,
1371,1474,1840.57,1633.1,16.42,18.27,1,299.86,Balisée #2
1248,1474,3220.69,1141.87,14.71,16.13,0,237.18,
1344,1474,2222.44,1782.26,20.1,25.57,1,513.95,Balisée #4
1217,1475,1426.24,2021.05,17.62,15.86,1,279.43,Balisée #1
1346,1475,3294.16,643.0,17.18,14.69,0,252.41,
1366,1475,3749.41,88.91,15.76,12.49,0,196.9,
1367,1475,2108.63,1976.84,17.52,13.14,0,230.16,
1219,1475,3058.01,1515.17,15.35,20.05,0,307.63,
1371,1475,1840.72,1634.28,16.45,18.47,1,303.75,Balisée #2
1248,1475,3220.81,1144.56,14.68,16.0,0,234.81,
1344,1475,2223.84,1783.94,19.82,25.06,1,496.84,Balisée #4
1288,1475,2072.22,1014.4,22.53,29.44,1,663.21,Balisée #5
1217,1476,1426.27,2021.01,17.69,15.72,1,278.16,Balisée #1
1346,1476,3296.14,642.96,16.91,14.39,0,243.46,
1366,1476,3750.79,90.65,16.67,13.14,0,219.11,
1367,1476,2108.13,1976.59,18.25,13.79,0,251.75,
1219,1476,3057.36,1517.29,15.1,19.8,0,299.02,
1371,1476,1840.71,1635.97,16.34,18.55,1,302.98,Balisée #2
1248,1476,3220.69,1147.14,14.6,15.77,0,230.26,
1344,1476,2224.43,1785.01,19.86,25.02,1,496.98,Balisée #4
1217,1477,1426.15,2021.41,18.05,15.91,1,287.19,Balisée #1
1346,1477,3297.91,643.01,17.07,14.38,0,245.42,
1366,1477,3752.5,92.0,18.61,14.86,0,276.64,
1367,1477,2106.87,1976.69,18.19,13.83,0,251.7,
1219,1477,3056.42,1519.2,14.88,19.47,0,289.78,
1371,1477,1840.78,1637.03,16.03,18.28,1,293.04,Balisée #2
1248,1477,3220.37,1149.24,15.9,17.19,0,273.21,
1344,1477,2224.97,1786.49,19.77,24.67,1,487.77,Balisée #4
1217,1478,1426.0,2022.12,17.89,15.62,1,279.35,Balisée #1
1346,1478,3299.73,642.71,16.79,13.98,0,234.72,
1366,1478,3753.49,92.89,20.03,16.29,0,326.28,
1367,1478,2105.75,1977.0,18.15,13.94,0,253.02,
1219,1478,3054.7,1521.03,14.68,19.21,0,282.06,
1371,1478,1840.88,1637.68,15.92,18.3,1,291.27,Balisée #2
1248,1478,3220.13,1153.48,17.05,18.53,0,315.95,
1344,1478,2225.19,1787.82,20.06,24.84,1,498.33,Balisée #4
1217,1479,1425.52,2022.93,17.86,15.48,1,276.53,Balisée #1
1346,1479,3301.56,642.92,17.15,14.24,0,244.22,
1366,1479,3756.26,95.73,17.81,13.85,0,246.71,
1367,1479,2105.01,1977.48,18.2,14.14,0,257.29,
1219,1479,3053.34,1522.86,14.57,18.99,0,276.83,
1371,1479,1841.08,1638.37,16.19,18.8,1,304.45,Balisée #2
1248,1479,3219.99,1156.02,16.03,17.21,0,275.97,
1288,1479,2073.87,1004.91,22.72,29.68,1,674.54,Balisée #5
1217,1480,1425.29,2023.41,18.2,15.63,1,284.47,Balisée #1
1346,1480,3303.81,642.89,17.13,14.1,0,241.43,
1366,1480,3757.64,97.95,16.92,12.73,0,215.38,
1367,1480,2104.35,1977.88,17.99,14.05,0,252.74,
1219,1480,3052.51,1524.44,14.7,19.1,0,280.67,
1371,1480,1841.43,1639.72,16.04,18.76,1,300.85,Balisée #2
1248,1480,3220.02,1158.88,15.5,16.49,0,255.62,
1344,1480,2227.57,1790.87,20.03,24.51,1,491.06,Balisée #4
1217,1481,1424.69,2023.31,18.6,15.8,1,294.03,Balisée #1
1346,1481,3306.33,642.75,17.07,13.92,0,237.6,
1367,1481,2103.46,1978.03,17.63,13.79,0,243.08,
1219,1481,3052.06,1526.51,14.68,19.1,0,280.31,
1371,1481,1841.81,1640.82,16.11,18.93,1,304.84,Balisée #2
1248,1481,3220.57,1161.41,14.99,15.93,0,238.81,
1344,1481,2228.84,1792.52,20.0,24.19,1,483.88,Balisée #4
1288,1481,2075.04,999.98,22.49,29.58,1,665.27,Balisée #5
1217,1482,1424.6,2023.08,18.0,15.16,1,272.82,Balisée #1
1346,1482,3309.12,642.69,16.98,13.69,0,232.45,
1367,1482,2102.62,1978.14,17.59,13.84,0,243.48,
1219,1482,3051.84,1529.05,14.72,19.13,0,281.66,
1371,1482,1842.58,1642.0,16.48,19.43,1,320.11,Balisée #2
1248,1482,3220.97,1163.92,14.89,15.9,0,236.65,
1344,1482,2230.56,1794.7,19.84,23.56,1,467.46,Balisée #4
1366,1482,3760.04,101.64,16.57,12.39,0,205.24,
1217,1483,1425.15,2022.79,17.86,14.96,1,267.17,Balisée #1
1346,1483,3310.75,642.37,17.35,13.72,0,237.92,
1367,1483,2101.78,1978.01,17.67,14.02,0,247.67,
1219,1483,3051.28,1531.61,14.8,19.2,0,284.22,
1371,1483,1843.12,1643.06,16.36,19.39,1,317.24,Balisée #2
1248,1483,3221.2,1166.42,14.76,15.87,0,234.32,
1344,1483,2232.2,1796.84,20.17,23.5,1,474.06,Balisée #4
1366,1483,3761.67,102.94,17.21,12.78,0,219.87,
1217,1484,1425.93,2023.4,18.52,15.4,1,285.23,Balisée #1
1346,1484,3313.92,642.34,17.58,13.76,0,241.86,
1367,1484,2101.35,1978.14,17.41,13.9,0,241.91,
1219,1484,3051.11,1533.7,14.23,18.35,0,261.19,
1371,1484,1843.5,1643.67,16.39,19.56,1,320.58,Balisée #2
1248,1484,3221.39,1168.42,14.71,15.96,0,234.85,
1344,1484,2233.46,1798.21,20.18,23.04,1,465.09,Balisée #4
1366,1484,3764.46,104.25,18.17,13.54,0,246.03,
1217,1485,1426.43,2024.5,18.85,15.58,1,293.7,Balisée #1
1346,1485,3317.13,641.75,17.4,13.52,0,235.38,
1367,1485,2101.14,1978.54,17.52,14.06,0,246.33,
1219,1485,3051.38,1535.14,14.55,18.69,0,271.83,
1371,1485,1844.08,1643.97,16.51,19.71,1,325.44,Balisée #2
1248,1485,3221.47,1170.26,14.48,15.82,0,229.15,
1344,1485,2235.33,1799.26,20.08,22.51,1,451.96,Balisée #4
1366,1485,3766.09,105.07,18.25,13.43,0,245.16,
1217,1486,1426.67,2025.36,18.9,15.51,1,293.08,Balisée #1
1346,1486,3320.66,641.28,17.77,13.7,0,243.45,
1367,1486,2101.11,1979.2,16.79,13.44,0,225.63,
1219,1486,3051.14,1536.87,14.46,18.56,0,268.39,
1371,1486,1845.5,1643.69,17.56,21.36,1,375.02,Balisée #2
1248,1486,3222.42,1172.44,14.6,16.3,0,237.9,
1344,1486,2237.74,1800.73,20.63,22.71,1,468.41,Balisée #4
1366,1486,3769.84,105.93,17.96,13.17,0,236.48,
1217,1487,1426.8,2025.85,18.72,15.29,1,286.34,Balisée #1
1346,1487,3323.7,640.52,17.87,13.68,0,244.48,
1367,1487,2101.31,1979.85,16.99,13.65,0,231.83,
1219,1487,3051.16,1538.94,14.77,18.93,0,279.56,
1371,1487,1845.77,1645.48,17.26,20.66,1,356.65,Balisée #2
1248,1487,3224.15,1174.08,15.9,18.25,0,290.2,
1344,1487,2240.6,1802.16,20.94,22.7,1,475.22,Balisée #4
1217,1488,1426.75,2025.85,18.32,14.89,1,272.85,Balisée #1
1346,1488,3327.5,640.48,17.49,13.33,0,233.04,
1367,1488,2101.34,1980.37,17.19,13.89,0,238.71,
1219,1488,3051.78,1540.81,14.6,18.56,0,270.88,
1371,1488,1849.32,1647.26,17.38,20.71,1,359.9,Balisée #2
1248,1488,3225.71,1177.75,15.98,18.81,0,300.56,
1344,1488,2243.24,1803.97,21.01,22.42,1,470.86,Balisée #4
1366,1488,3776.54,107.52,17.47,12.8,0,223.65,
1217,1489,1426.78,2025.89,18.62,15.05,1,280.2,Balisée #1
1346,1489,3331.73,640.37,18.08,13.72,0,247.98,
1367,1489,2101.26,1980.88,17.01,13.79,0,234.59,
1219,1489,3052.5,1542.53,14.56,18.42,0,268.18,
1371,1489,1850.92,1649.15,17.1,20.33,1,347.71,Balisée #2
1248,1489,3227.81,1179.93,14.67,17.43,0,255.68,
1344,1489,2246.03,1805.91,20.86,21.86,1,456.05,Balisée #4
1366,1489,3779.93,108.08,17.45,12.74,0,222.31,
1217,1490,1427.11,2025.91,18.49,14.91,1,275.66,Balisée #1
1346,1490,3336.42,639.56,18.27,13.61,0,248.72,
1367,1490,2100.81,1981.13,17.28,14.06,0,242.97,
1219,1490,3053.24,1544.28,14.58,18.38,0,267.93,
1371,1490,1851.72,1649.97,16.72,19.86,1,331.93,Balisée #2
1248,1490,3229.47,1181.38,13.08,15.49,0,202.65,
1344,1490,2248.9,1807.02,20.94,21.55,1,451.43,Balisée #4
1366,1490,3783.13,108.18,16.94,12.34,0,209.08,
1288,1490,2085.65,975.99,21.9,28.63,1,627.06,Balisée #5
1217,1491,1427.52,2026.66,19.22,15.58,1,299.46,Balisée #1
1346,1491,3339.99,638.67,18.12,13.5,0,244.57,
1367,1491,2100.44,1981.35,17.02,13.85,0,235.78,
1219,1491,3053.58,1546.43,14.79,18.55,0,274.4,
1371,1491,1852.29,1649.99,16.58,19.79,1,328.23,Balisée #2
1248,1491,3230.91,1182.68,12.15,14.17,0,172.17,
1344,1491,2251.11,1807.84,20.9,21.18,1,442.84,Balisée #4
1366,1491,3787.13,108.85,17.49,12.65,0,221.32,
1217,1492,1428.06,2027.38,18.89,15.33,1,289.55,Balisée #1
1346,1492,3343.72,637.54,18.28,13.56,0,247.98,
1367,1492,2100.52,1981.98,16.94,13.79,0,233.64,
1219,1492,3054.29,1548.64,14.56,18.14,0,264.18,
1371,1492,1853.07,1650.2,16.24,19.61,1,318.45,Balisée #2
1248,1492,3232.58,1184.29,12.14,13.99,0,169.82,
1344,1492,2253.79,1809.04,21.6,21.67,1,467.99,Balisée #4
1366,1492,3792.45,109.4,17.87,12.73,0,227.6,
1217,1493,1427.51,2028.55,18.74,15.24,1,285.68,Balisée #1
1346,1493,3347.33,636.78,18.52,13.7,0,253.72,
1367,1493,2100.21,1983.19,16.69,13.59,0,226.78,
1219,1493,3054.76,1551.15,14.5,17.99,0,260.74,
1371,1493,1854.06,1651.75,15.78,19.28,1,304.21,Balisée #2
1248,1493,3233.66,1186.44,12.02,13.6,0,163.46,
1344,1493,2256.53,1810.65,21.54,21.32,1,459.37,Balisée #4
1217,1494,1426.52,2030.08,18.8,15.35,1,288.69,Balisée #1
1346,1494,3350.82,636.79,18.91,14.0,0,264.73,
1367,1494,2099.86,1984.68,16.74,13.58,0,227.4,
1219,1494,3055.23,1553.52,14.84,18.38,0,272.87,
1371,1494,1855.43,1653.63,16.1,19.92,1,320.74,Balisée #2
1248,1494,3234.94,1189.45,11.93,13.2,0,157.4,
1344,1494,2259.11,1812.39,21.68,21.2,1,459.67,Balisée #4
1366,1494,3798.94,110.6,17.9,12.65,0,226.52,
1217,1495,1425.66,2031.38,18.86,15.44,1,291.26,Balisée #1
1346,1495,3354.54,636.98,18.81,13.9,0,261.38,
1367,1495,2099.29,1986.28,17.11,13.95,0,238.68,
1219,1495,3055.18,1556.1,15.08,18.67,0,281.56,
1371,1495,1856.6,1656.68,16.32,20.32,1,331.47,Balisée #2
1248,1495,3235.73,1191.45,12.22,13.2,0,161.33,
1344,1495,2261.74,1815.21,21.71,21.0,1,455.97,Balisée #4
1217,1496,1424.67,2032.07,18.79,15.5,1,291.29,Balisée #1
1346,1496,3358.02,636.9,18.82,13.8,0,259.74,
1367,1496,2098.55,1987.11,17.31,14.25,0,246.66,
1219,1496,3054.81,1557.88,15.39,19.16,0,294.85,
1371,1496,1857.05,1658.59,15.53,19.35,1,300.61,Balisée #2
1248,1496,3236.61,1193.39,12.57,13.44,0,168.98,
1344,1496,2263.86,1816.9,21.68,20.71,1,448.97,Balisée #4
1217,1497,1424.26,2032.94,18.85,15.72,1,296.27,Balisée #1
1346,1497,3362.58,636.1,18.62,13.62,0,253.76,
1367,1497,2097.77,1987.69,17.92,14.93,0,267.59,
1219,1497,3054.8,1561.09,16.01,20.13,0,322.38,
1371,1497,1857.42,1660.3,15.22,19.02,1,289.46,Balisée #2
1248,1497,3237.57,1194.56,12.4,13.19,0,163.55,
1344,1497,2265.99,1818.79,21.72,20.42,1,443.52,Balisée #4
1366,1497,3808.88,111.96,17.0,12.02,0,204.32,
1217,1498,1423.22,2034.62,19.37,16.19,1,313.61,Balisée #1
1346,1498,3366.04,635.39,18.76,13.7,0,256.86,
1367,1498,2096.84,1988.35,19.0,16.11,0,306.01,
1219,1498,3055.23,1563.08,15.21,19.06,0,289.74,
1371,1498,1857.77,1661.59,14.93,18.66,1,278.69,Balisée #2
1248,1498,3238.41,1196.02,12.84,13.6,0,174.61,
1344,1498,2268.1,1820.24,21.7,20.07,1,435.42,Balisée #4
1366,1498,3812.82,111.9,16.96,11.75,0,199.33,
1217,1499,1422.83,2036.1,19.87,16.7,1,331.91,Balisée #1
1346,1499,3369.79,634.59,18.8,13.74,0,258.35,
1367,1499,2096.02,1989.0,20.03,17.36,0,347.82,
1219,1499,3055.79,1565.71,15.13,18.96,0,286.92,
1371,1499,1858.69,1662.75,14.91,18.56,1,276.73,Balisée #2
1248,1499,3239.9,1197.57,13.0,13.76,0,178.9,
1344,1499,2270.53,1821.58,21.5,19.56,1,420.46,Balisée #4
1217,1500,1422.84,2036.98,20.73,17.57,1,364.13,Balisée #1
1346,1500,3373.73,633.61,19.26,14.11,0,271.72,
1367,1500,2095.82,1989.53,20.76,18.44,0,382.72,
1219,1500,3057.07,1567.96,15.16,18.95,0,287.26,
1371,1500,1859.79,1663.94,14.45,17.91,1,258.78,Balisée #2
1248,1500,3241.47,1199.02,13.75,14.65,0,201.48,
1344,1500,2273.45,1822.91,21.82,19.65,1,428.73,Balisée #4
1217,1501,1423.07,2037.22,20.7,17.75,1,367.31,Balisée #1
1346,1501,3377.72,632.67,19.52,14.32,0,279.46,
1367,1501,2095.58,1989.92,21.15,19.26,0,407.28,
1219,1501,3057.94,1569.4,15.01,18.72,0,280.99,
1371,1501,1861.69,1665.31,14.5,17.97,1,260.49,Balisée #2
1248,1501,3242.73,1200.25,14.23,15.26,0,217.17,
1344,1501,2276.55,1823.86,22.58,20.13,1,454.54,Balisée #4
1399,1501,2095.76,1994.77,16.09,18.46,0,297.15,
1217,1502,1423.06,2037.51,21.06,18.27,1,384.74,Balisée #1
1346,1502,3381.76,632.08,19.31,14.11,0,272.43,
1219,1502,3058.68,1570.9,15.06,18.78,0,282.83,
1371,1502,1863.54,1667.24,14.64,18.07,1,264.59,Balisée #2
1248,1502,3244.06,1201.22,14.39,15.62,0,224.71,
1344,1502,2279.68,1824.98,22.78,20.01,1,455.7,Balisée #4
1399,1502,2095.93,1995.14,15.46,17.72,0,274.05,
