frame_idx,time_s,balisee_id,x_center,y_center,width,height,bbox_area_px,mask_area_sam_px
4193,139.90657,Balisee_2,1063.93,1700.54,14.78,19.87,293.69,360
4193,139.90657,Balisee_4,1473.28,1719.92,24.03,18.98,456.17,474
4193,139.90657,Balisee_5,1166.0,968.7,18.34,18.35,336.57,409
4193,139.90657,Balisee_3,2759.71,1186.09,27.21,19.15,521.03,489
4193,139.90657,Balisee_1,1114.48,1142.66,16.69,19.03,317.6,360
4194,139.93994,Balisee_4,1473.92,1720.21,23.48,19.23,451.44,461
4194,139.93994,Balisee_2,1063.97,1700.43,14.79,19.46,287.78,361
4194,139.93994,Balisee_5,1166.3,968.53,17.28,18.44,318.64,393
4194,139.93994,Balisee_3,2759.92,1186.15,27.94,19.42,542.51,509
4194,139.93994,Balisee_1,1114.74,1142.94,16.68,18.9,315.21,347
4195,139.97331,Balisee_4,1474.42,1720.11,23.19,18.99,440.31,450
4195,139.97331,Balisee_2,1064.26,1700.34,14.75,19.48,287.28,356
4195,139.97331,Balisee_3,2759.72,1186.24,27.87,19.35,539.18,515
4195,139.97331,Balisee_5,1166.36,968.44,16.91,18.47,312.3,370
4195,139.97331,Balisee_1,1115.1,1143.47,16.33,19.13,312.35,336
4196,140.00667,Balisee_4,1474.84,1720.02,23.17,18.88,437.34,441
4196,140.00667,Balisee_2,1064.31,1700.26,14.81,19.35,286.55,341
4196,140.00667,Balisee_3,2759.71,1186.28,28.05,19.27,540.37,520
4196,140.00667,Balisee_5,1166.26,968.56,17.3,17.96,310.65,372
4197,140.04004,Balisee_4,1475.49,1719.99,23.04,18.62,429.03,419
4197,140.04004,Balisee_2,1064.52,1700.07,14.84,19.31,286.56,344
4197,140.04004,Balisee_3,2759.76,1186.41,28.23,19.31,545.33,529
4197,140.04004,Balisee_5,1165.92,968.95,18.01,17.33,311.98,384
4198,140.07341,Balisee_4,1476.26,1719.95,23.35,18.64,435.17,428
4198,140.07341,Balisee_2,1064.79,1699.96,14.91,19.35,288.52,341
4198,140.07341,Balisee_3,2759.76,1186.38,27.97,19.3,539.75,525
4198,140.07341,Balisee_5,1165.74,969.21,19.26,17.02,327.86,412
4199,140.10677,Balisee_4,1476.38,1720.27,24.14,18.93,456.88,451
4199,140.10677,Balisee_2,1064.95,1699.88,14.92,19.61,292.65,345
4199,140.10677,Balisee_3,2759.67,1186.56,27.9,19.36,540.13,522
4199,140.10677,Balisee_5,1165.67,969.41,20.01,17.19,344.12,431
4200,140.14014,Balisee_4,1476.8,1720.36,24.4,19.54,476.81,457
4200,140.14014,Balisee_2,1065.16,1699.46,15.34,19.83,304.14,346
4200,140.14014,Balisee_3,2759.7,1186.62,27.79,19.53,542.57,516
4200,140.14014,Balisee_5,1165.97,969.46,21.13,18.26,385.79,450
4201,140.17351,Balisee_2,1065.45,1699.47,15.64,20.43,319.55,368
4201,140.17351,Balisee_4,1477.76,1720.5,24.34,19.33,470.44,468
4201,140.17351,Balisee_3,2759.77,1186.6,28.07,19.64,551.34,522
4201,140.17351,Balisee_5,1166.17,969.38,22.05,18.79,414.34,495
4202,140.20687,Balisee_2,1065.68,1699.3,16.0,20.6,329.67,381
4202,140.20687,Balisee_4,1478.25,1720.61,24.53,19.61,481.04,465
4202,140.20687,Balisee_3,2759.71,1186.67,27.92,19.57,546.38,521
4202,140.20687,Balisee_5,1166.48,969.63,22.91,19.2,439.85,516
4203,140.24024,Balisee_2,1065.95,1698.95,16.15,20.37,328.92,388
4203,140.24024,Balisee_4,1478.72,1720.75,24.4,19.46,474.78,469
4203,140.24024,Balisee_3,2759.9,1186.72,28.08,19.39,544.58,525
4203,140.24024,Balisee_5,1166.64,969.63,22.85,20.07,458.69,554
4204,140.27361,Balisee_2,1066.19,1698.8,16.28,20.81,338.84,406
4204,140.27361,Balisee_4,1479.24,1720.67,23.95,19.62,469.91,459
4204,140.27361,Balisee_3,2759.68,1186.77,27.85,19.2,534.85,522
4204,140.27361,Balisee_5,1166.47,969.69,22.27,20.78,462.82,553
4205,140.30697,Balisee_2,1066.61,1698.4,16.03,20.83,333.84,403
4205,140.30697,Balisee_4,1479.81,1720.95,23.92,19.84,474.68,459
4205,140.30697,Balisee_3,2759.59,1186.83,27.71,18.97,525.68,519
4205,140.30697,Balisee_5,1166.5,969.39,21.39,20.56,439.78,527
4206,140.34034,Balisee_4,1480.54,1721.27,24.24,20.03,485.61,469
4206,140.34034,Balisee_2,1066.81,1697.92,15.87,20.99,333.04,393
4206,140.34034,Balisee_3,2759.27,1186.82,27.31,18.71,511.01,511
4206,140.34034,Balisee_5,1166.28,969.44,19.73,20.36,401.57,498
4207,140.37371,Balisee_2,1066.95,1697.66,15.7,21.15,331.97,394
4207,140.37371,Balisee_4,1481.23,1721.34,24.01,20.35,488.57,451
4207,140.37371,Balisee_3,2758.99,1186.81,27.0,18.52,500.08,496
4207,140.37371,Balisee_5,1166.24,968.94,18.96,20.36,386.13,468
4208,140.40707,Balisee_2,1067.2,1697.34,15.64,20.85,326.04,384
4208,140.40707,Balisee_4,1481.82,1721.32,23.78,20.31,483.0,443
4208,140.40707,Balisee_5,1166.27,968.75,19.15,20.32,389.18,463
4208,140.40707,Balisee_3,2758.76,1186.9,27.03,18.4,497.36,501
4209,140.44044,Balisee_4,1482.21,1721.29,24.08,20.29,488.63,440
4209,140.44044,Balisee_2,1067.31,1697.08,15.58,20.94,326.36,370
4209,140.44044,Balisee_5,1166.59,968.38,19.62,19.9,390.4,470
4209,140.44044,Balisee_3,2758.78,1186.85,27.03,18.23,492.87,494
4210,140.47381,Balisee_4,1482.47,1721.6,24.33,20.48,498.36,449
4210,140.47381,Balisee_2,1067.67,1696.6,15.08,20.92,315.56,353
4210,140.47381,Balisee_5,1166.8,968.18,20.46,20.01,409.31,470
4210,140.47381,Balisee_3,2758.83,1186.93,26.88,18.4,494.59,498
4211,140.50717,Balisee_4,1482.62,1721.81,24.21,20.29,491.11,440
4211,140.50717,Balisee_5,1166.68,968.25,21.06,19.98,420.76,472
4211,140.50717,Balisee_2,1068.01,1696.15,14.82,20.76,307.66,344
4211,140.50717,Balisee_3,2758.7,1186.78,26.63,18.48,492.09,488
4212,140.54054,Balisee_4,1483.07,1721.9,23.84,19.84,472.94,432
4212,140.54054,Balisee_3,2758.83,1186.92,26.63,18.78,500.12,488
4212,140.54054,Balisee_2,1068.63,1695.68,14.86,20.79,308.96,342
4212,140.54054,Balisee_5,1166.87,968.54,21.06,18.66,392.99,466
4213,140.57391,Balisee_3,2758.74,1186.94,26.19,18.92,495.66,482
4213,140.57391,Balisee_4,1483.74,1721.98,23.07,19.59,451.93,435
4213,140.57391,Balisee_5,1166.8,968.66,21.29,18.58,395.59,461
4213,140.57391,Balisee_2,1068.92,1695.37,14.74,20.49,302.07,333
4214,140.60727,Balisee_3,2758.88,1187.2,26.03,19.46,506.51,479
4214,140.60727,Balisee_4,1484.12,1721.77,22.87,19.48,445.53,422
4214,140.60727,Balisee_2,1069.22,1694.97,14.6,20.23,295.43,322
4214,140.60727,Balisee_5,1166.92,968.83,20.98,18.22,382.36,452
4215,140.64064,Balisee_3,2758.99,1186.96,26.29,19.39,509.84,488
4215,140.64064,Balisee_4,1484.63,1721.84,23.14,19.42,449.57,425
4215,140.64064,Balisee_2,1069.42,1694.75,14.71,20.1,295.7,324
4215,140.64064,Balisee_5,1167.01,968.99,20.67,17.8,367.96,423
4216,140.67401,Balisee_3,2758.9,1186.83,26.25,19.41,509.44,492
4216,140.67401,Balisee_4,1485.15,1721.7,23.25,19.45,452.34,432
4216,140.67401,Balisee_5,1166.75,969.24,19.53,17.74,346.45,399
4216,140.67401,Balisee_2,1069.67,1694.66,14.78,20.24,299.06,325
4217,140.70737,Balisee_3,2758.88,1186.71,26.46,19.72,521.97,494
4217,140.70737,Balisee_4,1485.56,1721.38,23.35,19.89,464.47,436
4217,140.70737,Balisee_2,1070.06,1694.31,14.63,19.96,292.12,326
4217,140.70737,Balisee_5,1166.45,969.16,18.66,17.8,332.13,371
4218,140.74074,Balisee_3,2759.01,1186.74,26.49,20.22,535.51,502
4218,140.74074,Balisee_4,1485.84,1721.34,23.86,19.73,470.78,454
4218,140.74074,Balisee_2,1070.43,1694.3,14.8,19.99,295.79,327
4218,140.74074,Balisee_5,1166.43,969.18,17.96,17.89,321.32,366
4219,140.77411,Balisee_3,2758.99,1186.68,26.51,20.26,537.2,505
4219,140.77411,Balisee_4,1486.0,1721.25,23.81,19.96,475.19,456
4219,140.77411,Balisee_5,1166.66,968.88,17.94,18.12,325.06,376
4219,140.77411,Balisee_2,1070.6,1694.11,14.87,19.92,296.15,336
4220,140.80747,Balisee_3,2759.1,1186.66,26.59,20.19,536.9,507
4220,140.80747,Balisee_4,1486.79,1720.93,23.41,19.67,460.51,456
4220,140.80747,Balisee_5,1166.43,969.02,17.96,18.41,330.74,389
4220,140.80747,Balisee_2,1070.93,1693.89,14.9,20.09,299.28,337
4221,140.84084,Balisee_3,2759.17,1186.65,26.46,20.22,535.0,509
4221,140.84084,Balisee_5,1166.47,969.01,18.14,18.56,336.77,532
4221,140.84084,Balisee_4,1487.24,1720.85,23.69,19.89,471.19,471
4221,140.84084,Balisee_2,1071.03,1693.59,15.08,19.98,301.33,342
4222,140.87421,Balisee_3,2759.2,1186.66,26.45,20.03,529.66,504
4222,140.87421,Balisee_2,1071.39,1693.38,15.47,20.09,310.66,342
4222,140.87421,Balisee_5,1166.63,969.08,18.9,18.53,350.34,400
4222,140.87421,Balisee_4,1487.66,1720.7,23.87,20.16,481.24,484
4223,140.90757,Balisee_3,2759.12,1186.64,26.34,19.73,519.76,510
4223,140.90757,Balisee_5,1166.79,969.21,19.85,18.38,364.84,401
4223,140.90757,Balisee_2,1071.56,1693.38,15.67,20.32,318.48,345
4223,140.90757,Balisee_4,1488.55,1720.84,23.54,20.28,477.3,482
4224,140.94094,Balisee_3,2759.2,1186.58,26.53,19.67,521.85,512
4224,140.94094,Balisee_2,1071.96,1693.23,15.98,20.49,327.46,352
4224,140.94094,Balisee_4,1488.95,1720.78,23.53,20.48,481.83,468
4224,140.94094,Balisee_5,1166.83,969.46,20.21,18.63,376.58,426
4225,140.97431,Balisee_3,2758.98,1186.36,26.46,19.41,513.57,513
4225,140.97431,Balisee_4,1489.07,1721.13,23.8,20.67,491.94,479
4225,140.97431,Balisee_2,1072.21,1693.12,16.11,20.38,328.34,353
4225,140.97431,Balisee_5,1166.6,969.47,20.87,17.68,369.05,431
4226,141.00767,Balisee_3,2758.92,1186.31,26.54,19.48,517.03,505
4226,141.00767,Balisee_2,1072.33,1692.76,15.82,20.31,321.26,348
4226,141.00767,Balisee_4,1489.23,1721.04,23.76,20.85,495.38,476
4226,141.00767,Balisee_5,1166.36,969.58,21.05,17.87,376.17,418
4227,141.04104,Balisee_3,2758.6,1186.45,26.29,19.61,515.35,505
4227,141.04104,Balisee_2,1072.52,1692.72,15.92,20.2,321.56,347
4227,141.04104,Balisee_4,1489.84,1721.14,23.13,20.89,483.23,466
4227,141.04104,Balisee_5,1166.17,969.52,20.76,17.51,363.57,428
4228,141.07441,Balisee_3,2758.44,1186.43,26.36,19.37,510.57,496
4228,141.07441,Balisee_2,1072.68,1692.49,15.98,20.02,319.9,344
4228,141.07441,Balisee_4,1490.46,1721.15,23.26,20.51,477.17,476
4228,141.07441,Balisee_5,1166.11,969.55,20.87,17.72,369.9,437
4229,141.10777,Balisee_3,2758.35,1186.54,26.35,19.14,504.32,496
4229,141.10777,Balisee_2,1072.96,1692.27,15.62,20.19,315.41,340
4229,141.10777,Balisee_4,1491.06,1721.49,23.66,21.21,501.82,477
4229,141.10777,Balisee_5,1165.95,969.51,20.71,18.31,379.08,440
4230,141.14114,Balisee_3,2757.82,1186.55,25.76,19.1,492.09,479
4230,141.14114,Balisee_2,1073.14,1692.02,15.58,20.15,313.91,332
4230,141.14114,Balisee_4,1491.33,1721.25,23.72,21.15,501.74,473
4230,141.14114,Balisee_5,1165.71,969.04,19.86,18.77,372.68,441
4231,141.17451,Balisee_3,2757.77,1186.73,26.16,19.19,502.05,484
4231,141.17451,Balisee_2,1073.51,1691.75,15.49,20.13,311.79,329
4231,141.17451,Balisee_4,1491.66,1721.18,23.58,21.13,498.18,490
4231,141.17451,Balisee_5,1165.84,968.49,20.08,19.14,384.34,464
4232,141.20787,Balisee_3,2757.47,1186.75,26.26,18.85,495.02,475
4232,141.20787,Balisee_2,1073.67,1691.63,15.3,20.23,309.48,328
4232,141.20787,Balisee_4,1492.3,1721.15,23.25,21.31,495.54,479
4232,141.20787,Balisee_5,1165.75,968.22,19.85,19.75,391.97,477
4233,141.24124,Balisee_3,2757.15,1186.65,26.45,18.89,499.53,473
4233,141.24124,Balisee_2,1073.82,1691.41,15.33,20.42,313.16,332
4233,141.24124,Balisee_4,1492.68,1721.02,22.71,21.49,488.14,477
4233,141.24124,Balisee_5,1165.98,968.28,19.99,20.29,405.58,501
4234,141.27461,Balisee_3,2756.88,1186.63,26.4,18.78,495.84,471
4234,141.27461,Balisee_4,1493.15,1720.88,22.67,21.54,488.18,469
4234,141.27461,Balisee_2,1074.0,1691.22,15.39,20.6,317.02,334
4234,141.27461,Balisee_5,1166.14,967.95,20.47,20.26,414.75,496
4235,141.30797,Balisee_3,2756.59,1186.57,26.38,18.81,496.19,477
4235,141.30797,Balisee_4,1493.75,1720.69,22.28,21.41,476.95,467
4235,141.30797,Balisee_2,1074.12,1691.02,15.21,20.64,313.84,327
4235,141.30797,Balisee_5,1165.99,967.92,20.47,20.01,409.65,492
4236,141.34134,Balisee_3,2756.37,1186.53,26.5,18.95,502.03,480
4236,141.34134,Balisee_4,1494.29,1720.54,21.93,21.15,463.68,436
4236,141.34134,Balisee_2,1074.78,1690.75,14.6,20.62,301.17,312
4236,141.34134,Balisee_5,1166.05,967.9,21.0,20.19,424.1,502
4237,141.37471,Balisee_3,2756.26,1186.38,26.34,19.09,502.87,477
4237,141.37471,Balisee_4,1494.71,1720.51,22.46,20.94,470.27,436
4237,141.37471,Balisee_2,1075.08,1690.45,14.51,20.62,299.25,300
4237,141.37471,Balisee_5,1165.95,967.79,20.89,19.78,413.16,486
4238,141.40807,Balisee_3,2756.2,1186.41,26.31,19.0,499.78,476
4238,141.40807,Balisee_4,1494.93,1720.28,22.76,21.5,489.32,436
4238,141.40807,Balisee_2,1075.25,1690.23,14.74,20.27,298.68,296
4238,141.40807,Balisee_5,1165.88,967.94,21.28,20.31,432.3,507
4239,141.44144,Balisee_3,2756.14,1186.5,26.2,18.85,493.86,470
4239,141.44144,Balisee_4,1495.36,1720.15,22.27,20.77,462.53,436
4239,141.44144,Balisee_2,1075.36,1689.9,14.84,19.85,294.57,293
4239,141.44144,Balisee_5,1165.91,967.78,21.31,20.24,431.41,506
4240,141.47481,Balisee_3,2756.06,1186.61,26.35,18.88,497.55,479
4240,141.47481,Balisee_4,1495.63,1720.17,22.29,20.65,460.27,443
4240,141.47481,Balisee_2,1075.32,1689.75,14.75,19.76,291.35,288
4240,141.47481,Balisee_5,1165.71,967.67,20.81,20.57,428.01,521
4241,141.50817,Balisee_3,2756.16,1186.45,26.39,18.86,497.75,477
4241,141.50817,Balisee_4,1496.27,1720.18,22.32,20.93,467.01,441
4241,141.50817,Balisee_2,1075.66,1689.62,14.65,19.65,287.9,301
4241,141.50817,Balisee_5,1165.87,967.51,20.94,20.83,436.07,518
4242,141.54154,Balisee_3,2756.14,1186.43,26.29,18.96,498.29,471
4242,141.54154,Balisee_4,1496.76,1719.94,22.76,21.12,480.51,446
4242,141.54154,Balisee_2,1075.98,1689.38,14.94,19.46,290.85,311
4242,141.54154,Balisee_5,1166.05,967.59,20.72,20.71,429.17,512
4243,141.57491,Balisee_3,2755.92,1186.36,26.24,18.92,496.47,479
4243,141.57491,Balisee_4,1497.3,1719.78,23.07,21.03,485.04,457
4243,141.57491,Balisee_2,1076.19,1689.27,14.91,19.46,290.21,315
4243,141.57491,Balisee_5,1165.76,967.83,20.48,20.06,410.83,477
4244,141.60827,Balisee_3,2755.74,1186.38,26.3,18.95,498.41,497
4244,141.60827,Balisee_4,1497.83,1719.73,23.26,21.49,499.84,484
4244,141.60827,Balisee_2,1076.07,1689.13,14.8,19.32,285.96,322
4244,141.60827,Balisee_5,1165.51,968.47,20.2,19.52,394.18,467
4245,141.64164,Balisee_3,2755.74,1186.45,26.35,19.36,510.33,493
4245,141.64164,Balisee_4,1498.33,1719.7,22.86,21.73,496.89,487
4245,141.64164,Balisee_2,1076.3,1688.76,14.89,19.13,284.83,319
4245,141.64164,Balisee_5,1165.29,968.99,20.05,18.83,377.47,449
4246,141.67501,Balisee_3,2755.56,1186.52,26.22,19.57,513.04,500
4246,141.67501,Balisee_4,1498.92,1719.53,22.58,21.74,490.76,503
4246,141.67501,Balisee_5,1165.3,968.99,19.92,18.36,365.78,444
4246,141.67501,Balisee_2,1076.57,1688.55,15.02,19.31,289.99,321
4247,141.70838,Balisee_3,2755.65,1186.61,26.26,19.68,516.75,495
4247,141.70838,Balisee_5,1165.28,969.25,19.86,18.46,366.69,430
4247,141.70838,Balisee_4,1499.49,1719.63,22.26,21.87,486.89,501
4247,141.70838,Balisee_2,1076.78,1688.24,15.09,19.34,291.85,320
4248,141.74174,Balisee_3,2755.54,1186.45,25.85,19.44,502.49,478
4248,141.74174,Balisee_4,1499.8,1719.69,22.55,21.92,494.16,511
4248,141.74174,Balisee_5,1165.11,969.25,19.68,18.44,363.03,417
4248,141.74174,Balisee_2,1077.01,1687.85,15.23,19.64,299.19,316
4249,141.77511,Balisee_3,2755.51,1186.32,25.84,19.72,509.6,479
4249,141.77511,Balisee_5,1165.07,969.11,19.73,18.67,368.3,428
4249,141.77511,Balisee_4,1499.94,1719.66,22.65,22.38,506.84,526
4249,141.77511,Balisee_2,1077.07,1687.47,15.15,19.43,294.49,319
4250,141.80848,Balisee_3,2755.21,1186.29,25.66,19.48,499.92,469
4250,141.80848,Balisee_4,1500.16,1719.77,22.54,22.99,518.26,535
4250,141.80848,Balisee_5,1165.44,968.93,19.66,18.6,365.53,421
4250,141.80848,Balisee_2,1077.23,1687.11,15.24,19.34,294.76,319
4251,141.84184,Balisee_3,2755.36,1186.26,25.65,19.48,499.5,473
4251,141.84184,Balisee_4,1500.38,1719.68,22.61,23.09,522.05,545
4251,141.84184,Balisee_2,1077.33,1686.79,15.58,19.48,303.36,328
4251,141.84184,Balisee_5,1165.72,968.61,19.69,18.71,368.43,424
4252,141.87521,Balisee_3,2754.93,1186.16,25.43,19.61,498.73,468
4252,141.87521,Balisee_4,1500.56,1719.52,22.28,22.97,511.83,536
4252,141.87521,Balisee_5,1165.72,968.41,19.75,18.78,371.06,421
4252,141.87521,Balisee_2,1077.4,1686.28,15.9,19.63,312.01,331
4253,141.90858,Balisee_3,2754.76,1185.98,25.23,19.56,493.44,469
4253,141.90858,Balisee_4,1500.84,1719.44,22.22,23.06,512.48,537
4253,141.90858,Balisee_2,1077.42,1686.04,16.17,19.92,322.02,339
4253,141.90858,Balisee_5,1165.68,968.25,19.6,19.05,373.24,436
4254,141.94194,Balisee_3,2754.73,1186.1,25.27,19.76,499.17,472
4254,141.94194,Balisee_4,1501.0,1719.42,22.28,23.23,517.68,525
4254,141.94194,Balisee_2,1077.42,1685.95,16.27,19.89,323.77,344
4254,141.94194,Balisee_5,1165.59,968.36,19.56,18.84,368.5,433
4255,141.97531,Balisee_3,2754.53,1186.16,25.22,20.04,505.58,472
4255,141.97531,Balisee_4,1501.58,1719.28,22.37,23.03,515.19,535
4255,141.97531,Balisee_2,1077.49,1685.68,16.2,19.97,323.45,345
4255,141.97531,Balisee_5,1165.37,968.18,19.38,18.45,357.53,418
4256,142.00868,Balisee_3,2754.51,1186.22,25.27,20.07,507.2,483
4256,142.00868,Balisee_4,1502.02,1719.06,22.56,22.6,509.93,542
4256,142.00868,Balisee_2,1077.63,1685.39,16.24,20.11,326.65,343
4256,142.00868,Balisee_5,1164.99,968.27,19.24,18.77,361.15,417
4257,142.04204,Balisee_3,2754.37,1186.28,25.48,19.93,507.86,484
4257,142.04204,Balisee_4,1502.51,1718.95,22.28,22.61,503.76,540
4257,142.04204,Balisee_2,1077.85,1684.84,16.14,19.97,322.41,337
4257,142.04204,Balisee_5,1164.9,968.28,19.29,18.44,355.77,418
4258,142.07541,Balisee_3,2754.01,1186.3,26.01,19.69,512.25,496
4258,142.07541,Balisee_4,1503.07,1719.04,22.21,22.17,492.45,534
4258,142.07541,Balisee_2,1078.02,1684.47,15.86,19.9,315.66,350
4258,142.07541,Balisee_5,1164.58,968.44,19.63,18.38,360.67,428
4259,142.10878,Balisee_3,2753.81,1186.39,26.41,19.62,518.2,491
4259,142.10878,Balisee_4,1503.55,1719.03,22.49,21.56,485.0,523
4259,142.10878,Balisee_2,1077.99,1684.12,15.55,19.55,304.03,346
4259,142.10878,Balisee_5,1164.71,968.39,20.29,18.36,372.56,446
4260,142.14214,Balisee_3,2753.55,1186.62,26.46,19.37,512.49,493
4260,142.14214,Balisee_4,1504.02,1719.25,22.26,21.62,481.23,487
4260,142.14214,Balisee_2,1078.03,1683.23,15.23,19.49,296.77,324
4260,142.14214,Balisee_5,1164.66,968.54,20.39,18.72,381.62,451
4261,142.17551,Balisee_3,2753.27,1186.85,26.62,19.34,514.8,499
4261,142.17551,Balisee_4,1504.29,1719.35,22.19,22.04,489.24,476
4261,142.17551,Balisee_2,1078.34,1683.09,15.12,19.28,291.62,327
4261,142.17551,Balisee_5,1164.86,968.38,20.8,19.0,395.2,483
4262,142.20888,Balisee_3,2753.11,1187.12,26.6,19.27,512.57,497
4262,142.20888,Balisee_4,1504.79,1719.46,21.85,21.98,480.12,463
4262,142.20888,Balisee_5,1164.93,968.52,21.07,19.55,411.79,504
4262,142.20888,Balisee_2,1078.56,1682.76,14.94,18.92,282.61,334
4263,142.24224,Balisee_3,2752.94,1187.18,26.33,18.92,498.22,489
4263,142.24224,Balisee_4,1505.2,1719.32,21.68,21.96,476.11,454
4263,142.24224,Balisee_2,1078.76,1682.54,14.8,19.09,282.46,340
4263,142.24224,Balisee_5,1165.04,968.39,21.25,19.67,418.05,505
4264,142.27561,Balisee_3,2752.94,1187.24,26.31,18.87,496.47,484
4264,142.27561,Balisee_4,1505.81,1719.17,21.49,22.01,473.11,461
4264,142.27561,Balisee_2,1079.1,1682.38,14.85,19.22,285.43,353
4264,142.27561,Balisee_5,1165.27,968.53,21.65,20.01,433.18,519
4265,142.30898,Balisee_3,2752.95,1187.38,26.32,18.8,494.71,485
4265,142.30898,Balisee_4,1506.55,1719.45,21.48,21.88,469.92,456
4265,142.30898,Balisee_2,1079.51,1682.15,14.97,19.21,287.43,353
4265,142.30898,Balisee_5,1164.99,968.69,21.79,20.57,448.27,537
4266,142.34234,Balisee_3,2752.93,1187.48,26.25,18.84,494.61,472
4266,142.34234,Balisee_4,1507.13,1719.44,21.18,21.72,460.02,457
4266,142.34234,Balisee_2,1079.93,1681.94,15.03,19.28,289.77,355
4266,142.34234,Balisee_5,1164.92,968.9,22.11,20.99,464.02,545
4267,142.37571,Balisee_3,2752.92,1187.5,26.25,18.81,493.85,480
4267,142.37571,Balisee_4,1507.53,1719.13,21.74,22.8,495.64,470
4267,142.37571,Balisee_2,1080.38,1681.67,15.28,19.57,299.12,355
4267,142.37571,Balisee_5,1164.73,969.13,22.48,21.09,474.18,564
4268,142.40908,Balisee_3,2752.85,1187.53,26.14,18.79,491.13,474
4268,142.40908,Balisee_4,1507.89,1718.76,21.95,23.08,506.78,487
4268,142.40908,Balisee_2,1080.84,1681.46,15.42,19.95,307.58,357
4268,142.40908,Balisee_5,1164.46,968.9,22.3,20.82,464.32,552
4269,142.44244,Balisee_3,2752.79,1187.43,26.08,18.65,486.25,473
4269,142.44244,Balisee_4,1508.46,1718.63,21.83,23.46,512.15,482
4269,142.44244,Balisee_5,1164.38,968.77,21.89,20.83,456.0,544
4269,142.44244,Balisee_2,1080.97,1681.39,15.58,19.78,308.25,371
4270,142.47581,Balisee_3,2752.87,1187.49,26.21,18.79,492.41,481
4270,142.47581,Balisee_4,1508.87,1718.44,22.23,23.52,522.81,495
4270,142.47581,Balisee_5,1164.64,968.66,21.97,20.43,448.99,533
4270,142.47581,Balisee_2,1081.16,1681.21,15.6,19.68,307.03,368
4271,142.50918,Balisee_3,2752.77,1187.58,25.98,18.74,486.75,481
4271,142.50918,Balisee_5,1164.76,968.52,21.99,20.17,443.36,537
4271,142.50918,Balisee_4,1509.21,1718.21,22.22,23.64,525.23,507
4271,142.50918,Balisee_2,1081.32,1681.02,15.17,19.86,301.3,361
4272,142.54254,Balisee_3,2752.62,1187.62,25.94,18.83,488.53,486
4272,142.54254,Balisee_4,1509.68,1718.13,22.57,23.87,538.87,517
4272,142.54254,Balisee_2,1081.55,1681.0,14.99,19.63,294.37,359
4272,142.54254,Balisee_5,1164.93,968.51,21.53,20.33,437.62,535
4273,142.57591,Balisee_3,2752.65,1187.72,25.96,18.82,488.58,491
4273,142.57591,Balisee_4,1510.13,1718.06,22.25,23.68,526.9,539
4273,142.57591,Balisee_2,1081.69,1681.0,14.78,19.5,288.27,363
4273,142.57591,Balisee_5,1165.12,968.45,20.71,20.18,417.91,501
4274,142.60928,Balisee_3,2752.77,1187.98,25.97,19.06,495.09,496
4274,142.60928,Balisee_2,1081.91,1681.13,14.64,19.32,282.75,365
4274,142.60928,Balisee_5,1165.21,968.49,20.46,20.22,413.84,497
4274,142.60928,Balisee_4,1510.71,1718.28,21.93,23.71,520.05,529
4275,142.64264,Balisee_3,2752.73,1188.1,25.98,19.32,501.83,497
4275,142.64264,Balisee_2,1082.22,1681.11,14.54,19.38,281.78,368
4275,142.64264,Balisee_5,1165.21,968.56,20.04,19.72,395.13,478
4275,142.64264,Balisee_4,1511.14,1718.13,21.56,23.47,506.02,534
4276,142.67601,Balisee_3,2752.87,1188.14,25.8,19.45,501.8,494
4276,142.67601,Balisee_5,1165.57,969.12,19.75,19.15,378.24,459
4276,142.67601,Balisee_2,1082.42,1681.23,14.86,19.5,289.84,376
4276,142.67601,Balisee_4,1511.69,1718.29,21.13,23.32,492.77,521
4277,142.70938,Balisee_3,2752.69,1188.24,25.62,19.47,498.84,489
4277,142.70938,Balisee_5,1165.31,969.55,19.79,18.94,374.77,452
4277,142.70938,Balisee_2,1082.64,1681.24,15.15,19.6,296.98,368
4277,142.70938,Balisee_4,1512.05,1718.18,20.83,23.13,481.75,497
4278,142.74274,Balisee_3,2752.66,1188.31,25.5,19.69,502.15,493
4278,142.74274,Balisee_5,1165.22,970.17,19.73,19.53,385.47,463
4278,142.74274,Balisee_2,1082.98,1681.62,15.69,20.16,316.21,376
4278,142.74274,Balisee_4,1512.49,1718.55,21.09,22.88,482.7,490
4279,142.77611,Balisee_3,2752.65,1188.22,25.5,19.72,502.83,488
4279,142.77611,Balisee_5,1165.22,970.5,20.32,19.95,405.44,468
4279,142.77611,Balisee_4,1513.45,1718.81,21.4,23.07,493.87,488
4279,142.77611,Balisee_2,1083.4,1681.47,16.22,20.27,328.81,380
4280,142.80948,Balisee_3,2752.83,1188.38,25.43,19.84,504.56,492
4280,142.80948,Balisee_4,1514.15,1719.06,21.23,23.11,490.76,493
4280,142.80948,Balisee_5,1165.34,970.97,20.8,20.55,427.61,480
4280,142.80948,Balisee_2,1083.73,1681.5,16.44,20.07,329.99,391
4281,142.84284,Balisee_3,2752.94,1188.5,25.49,19.76,503.87,501
4281,142.84284,Balisee_4,1514.56,1718.92,20.75,22.35,463.85,477
4281,142.84284,Balisee_5,1165.39,971.46,21.65,20.74,449.17,486
4281,142.84284,Balisee_2,1084.17,1681.62,16.72,20.13,336.42,387
4282,142.87621,Balisee_3,2752.79,1188.48,25.32,19.77,500.69,498
4282,142.87621,Balisee_4,1515.17,1718.97,20.54,22.51,462.39,487
4282,142.87621,Balisee_2,1084.49,1681.45,16.79,20.19,339.03,386
4282,142.87621,Balisee_5,1165.23,971.77,22.16,20.62,456.99,493
4283,142.90958,Balisee_3,2752.79,1188.7,25.31,19.87,503.01,505
4283,142.90958,Balisee_4,1515.97,1719.32,20.83,22.65,471.86,489
4283,142.90958,Balisee_2,1084.8,1681.49,16.89,20.03,338.26,390
4283,142.90958,Balisee_5,1165.43,972.03,22.33,20.99,468.59,503
4284,142.94294,Balisee_3,2752.54,1188.88,25.59,20.04,512.8,513
4284,142.94294,Balisee_4,1516.36,1719.67,20.86,23.1,481.98,512
4284,142.94294,Balisee_2,1085.02,1681.57,16.9,19.88,335.9,396
4284,142.94294,Balisee_5,1165.27,972.55,21.22,20.43,433.67,483
4285,142.97631,Balisee_3,2752.5,1189.02,25.44,20.11,511.67,516
4285,142.97631,Balisee_4,1516.76,1719.51,20.97,23.58,494.66,517
4285,142.97631,Balisee_5,1165.18,973.02,20.47,19.35,396.06,472
4285,142.97631,Balisee_2,1085.16,1681.43,16.55,19.83,328.22,393
4286,143.00968,Balisee_3,2752.3,1189.2,25.7,20.03,514.67,526
4286,143.00968,Balisee_4,1516.99,1719.62,20.95,23.52,492.76,523
4286,143.00968,Balisee_5,1165.06,972.87,19.76,18.57,367.06,448
4286,143.00968,Balisee_2,1085.3,1681.24,15.71,19.56,307.3,384
4287,143.04304,Balisee_3,2752.37,1189.44,25.82,20.19,521.31,529
4287,143.04304,Balisee_4,1517.44,1719.56,20.74,23.64,490.43,535
4287,143.04304,Balisee_5,1165.16,973.02,19.6,18.4,360.6,442
4287,143.04304,Balisee_2,1085.36,1680.97,15.47,19.5,301.77,387
4288,143.07641,Balisee_3,2752.09,1189.26,25.67,19.86,509.72,522
4288,143.07641,Balisee_4,1517.82,1719.38,20.78,23.88,496.12,539
4288,143.07641,Balisee_5,1165.47,972.81,19.59,17.87,350.09,433
4288,143.07641,Balisee_2,1085.34,1680.79,15.48,19.38,299.98,389
4289,143.10978,Balisee_3,2751.81,1189.25,25.44,19.41,493.72,523
4289,143.10978,Balisee_4,1517.97,1719.09,20.53,23.83,489.02,544
4289,143.10978,Balisee_5,1165.49,972.51,19.72,18.35,361.97,435
4289,143.10978,Balisee_2,1085.39,1680.52,15.61,19.52,304.72,381
4290,143.14314,Balisee_3,2751.65,1189.36,25.62,19.35,495.64,512
4290,143.14314,Balisee_4,1518.48,1718.9,20.09,23.86,479.24,536
4290,143.14314,Balisee_5,1165.62,972.31,19.68,18.13,356.76,433
4290,143.14314,Balisee_2,1085.54,1680.21,15.19,19.43,295.07,372
4291,143.17651,Balisee_3,2751.59,1189.61,25.94,19.29,500.19,530
4291,143.17651,Balisee_4,1518.89,1718.74,20.14,23.69,476.99,547
4291,143.17651,Balisee_5,1165.84,972.24,20.13,18.26,367.55,441
4291,143.17651,Balisee_2,1085.65,1680.12,15.27,19.54,298.38,363
4292,143.20988,Balisee_3,2751.23,1189.92,25.8,18.88,487.0,521
4292,143.20988,Balisee_5,1165.98,972.22,20.69,18.81,389.14,449
4292,143.20988,Balisee_4,1519.39,1718.5,20.08,23.43,470.47,526
4292,143.20988,Balisee_2,1085.8,1680.0,15.24,19.69,299.97,355
4293,143.24324,Balisee_3,2750.92,1190.01,25.93,18.53,480.56,520
4293,143.24324,Balisee_4,1519.85,1718.4,19.99,23.31,465.97,505
4293,143.24324,Balisee_5,1165.83,972.29,21.13,18.82,397.75,467
4293,143.24324,Balisee_2,1085.91,1679.83,15.25,19.93,304.01,355
4294,143.27661,Balisee_3,2750.89,1190.23,25.99,18.31,475.94,516
4294,143.27661,Balisee_4,1520.41,1718.13,19.92,23.64,470.9,495
4294,143.27661,Balisee_5,1166.04,972.06,21.73,20.08,436.33,476
4294,143.27661,Balisee_2,1085.99,1679.22,15.44,19.59,302.42,351
4295,143.30998,Balisee_4,1520.64,1717.99,19.95,23.73,473.37,489
4295,143.30998,Balisee_3,2750.61,1190.15,25.92,18.13,469.89,506
4295,143.30998,Balisee_5,1165.81,972.42,22.45,21.05,472.43,505
4295,143.30998,Balisee_2,1086.1,1678.74,15.52,19.89,308.69,345
4296,143.34334,Balisee_3,2750.48,1190.18,25.81,18.22,470.27,503
4296,143.34334,Balisee_4,1521.11,1717.88,20.05,24.26,486.43,491
4296,143.34334,Balisee_5,1165.75,972.34,22.66,21.48,486.62,527
4296,143.34334,Balisee_2,1086.23,1678.3,15.43,19.68,303.68,338
4297,143.37671,Balisee_5,1165.8,972.81,23.03,21.85,503.19,534
4297,143.37671,Balisee_4,1521.66,1717.82,19.82,24.24,480.5,495
4297,143.37671,Balisee_3,2750.22,1190.43,25.91,18.24,472.58,506
4297,143.37671,Balisee_2,1086.58,1678.15,15.19,19.62,298.12,337
4298,143.41008,Balisee_4,1522.16,1717.97,19.88,24.55,488.0,494
4298,143.41008,Balisee_3,2750.06,1190.38,25.66,18.16,466.05,505
4298,143.41008,Balisee_5,1165.97,973.01,22.9,22.01,504.15,532
4298,143.41008,Balisee_2,1086.87,1677.88,15.36,19.68,302.32,347
4299,143.44344,Balisee_4,1522.41,1717.87,19.42,24.08,467.67,477
4299,143.44344,Balisee_5,1165.99,973.25,22.92,21.48,492.31,533
4299,143.44344,Balisee_3,2750.04,1190.45,25.77,18.31,471.76,510
4299,143.44344,Balisee_2,1087.0,1677.59,15.47,19.75,305.52,351
4300,143.47681,Balisee_4,1522.95,1717.91,19.24,23.93,460.35,477
4300,143.47681,Balisee_3,2749.61,1190.57,25.72,18.47,475.13,506
4300,143.47681,Balisee_2,1087.4,1677.43,15.63,19.81,309.62,338
4300,143.47681,Balisee_5,1165.82,973.69,22.82,21.26,485.15,539
4301,143.51018,Balisee_4,1523.18,1717.8,19.15,23.77,455.25,464
4301,143.51018,Balisee_3,2749.55,1190.69,25.68,18.51,475.27,498
4301,143.51018,Balisee_5,1165.8,973.9,22.26,21.0,467.41,515
4301,143.51018,Balisee_2,1087.2,1677.36,16.01,19.84,317.67,341
4302,143.54354,Balisee_4,1523.64,1717.76,18.81,24.14,454.08,474
4302,143.54354,Balisee_3,2749.47,1190.78,25.68,18.86,484.24,506
4302,143.54354,Balisee_5,1165.71,974.2,22.35,20.35,454.93,500
4302,143.54354,Balisee_2,1087.43,1677.1,15.87,19.65,311.94,333
4303,143.57691,Balisee_3,2749.26,1190.73,25.37,19.09,484.17,503
4303,143.57691,Balisee_4,1524.04,1717.67,18.79,24.04,451.88,470
4303,143.57691,Balisee_5,1165.52,974.11,21.8,20.18,440.09,492
4303,143.57691,Balisee_2,1087.44,1676.64,16.07,19.42,312.15,329
4304,143.61028,Balisee_3,2749.19,1190.86,25.37,19.39,492.01,506
4304,143.61028,Balisee_5,1165.7,974.13,21.56,19.9,429.22,478
4304,143.61028,Balisee_4,1524.61,1717.47,19.35,24.15,467.27,486
4304,143.61028,Balisee_2,1087.64,1676.58,15.98,19.32,308.72,333
4305,143.64364,Balisee_3,2749.11,1190.94,25.27,19.61,495.64,498
4305,143.64364,Balisee_5,1165.79,974.17,21.13,19.73,416.86,467
4305,143.64364,Balisee_4,1525.11,1717.09,19.51,23.78,463.82,481
4305,143.64364,Balisee_2,1087.76,1676.36,15.69,19.41,304.39,328
4306,143.67701,Balisee_3,2749.03,1191.17,25.15,20.04,503.9,509
4306,143.67701,Balisee_4,1525.26,1717.09,19.8,23.97,474.75,504
4306,143.67701,Balisee_5,1166.0,974.01,21.06,19.69,414.82,464
4306,143.67701,Balisee_2,1087.78,1675.95,16.04,19.29,309.38,340
4307,143.71038,Balisee_3,2749.04,1191.23,25.14,20.07,504.56,503
4307,143.71038,Balisee_4,1525.61,1717.2,19.73,24.05,474.65,505
4307,143.71038,Balisee_5,1166.3,974.04,21.38,19.82,423.89,476
4307,143.71038,Balisee_2,1088.07,1675.89,16.33,19.79,323.21,329
4308,143.74374,Balisee_3,2748.97,1191.34,25.02,20.22,506.0,515
4308,143.74374,Balisee_5,1166.37,974.03,21.27,19.85,422.15,476
4308,143.74374,Balisee_4,1525.55,1717.17,20.03,24.28,486.3,502
4308,143.74374,Balisee_2,1088.19,1675.49,16.08,19.7,316.77,323
4309,143.77711,Balisee_3,2748.8,1191.23,24.83,19.98,495.94,512
4309,143.77711,Balisee_5,1166.32,974.05,21.16,20.07,424.7,482
4309,143.77711,Balisee_4,1525.89,1717.14,19.8,24.33,481.71,502
4309,143.77711,Balisee_2,1088.45,1675.28,16.25,19.6,318.49,317
4310,143.81048,Balisee_3,2748.55,1191.42,24.72,19.98,494.02,530
4310,143.81048,Balisee_5,1166.14,974.1,20.78,19.99,415.37,470
4310,143.81048,Balisee_4,1525.97,1717.15,19.66,24.32,478.33,510
4310,143.81048,Balisee_2,1088.55,1675.02,16.17,19.42,314.01,307
4311,143.84384,Balisee_3,2748.44,1191.53,24.54,19.94,489.19,523
4311,143.84384,Balisee_5,1166.08,974.15,20.57,20.36,418.81,467
4311,143.84384,Balisee_4,1526.37,1717.15,19.54,24.47,478.2,501
4311,143.84384,Balisee_2,1088.87,1674.69,16.24,19.7,320.08,309
4312,143.87721,Balisee_3,2748.29,1191.66,24.53,20.07,492.44,520
4312,143.87721,Balisee_5,1165.7,974.31,20.34,20.25,411.89,460
4312,143.87721,Balisee_4,1526.59,1716.91,19.54,24.73,483.19,513
4312,143.87721,Balisee_2,1088.75,1674.49,16.33,19.48,318.05,308
4312,143.87721,Balisee_1,1154.56,1177.31,18.89,21.37,403.72,386
4313,143.91058,Balisee_3,2748.15,1191.63,24.54,20.02,491.28,525
4313,143.91058,Balisee_4,1527.03,1716.61,19.32,24.14,466.42,509
4313,143.91058,Balisee_5,1165.85,974.55,20.2,20.34,410.94,464
4313,143.91058,Balisee_2,1088.91,1674.05,16.14,19.34,312.24,301
4313,143.91058,Balisee_1,1154.73,1177.4,18.55,21.21,393.34,385
4314,143.94394,Balisee_3,2748.13,1192.0,24.65,20.15,496.67,525
4314,143.94394,Balisee_5,1165.87,974.97,20.24,19.97,404.08,459
4314,143.94394,Balisee_4,1527.5,1716.3,19.16,24.08,461.3,517
4314,143.94394,Balisee_2,1088.96,1674.02,15.96,19.23,306.84,299
4314,143.94394,Balisee_1,1154.8,1177.49,18.4,21.04,387.19,387
4315,143.97731,Balisee_3,2747.96,1192.09,24.59,20.13,494.93,526
4315,143.97731,Balisee_5,1165.73,975.33,20.68,19.79,409.26,461
4315,143.97731,Balisee_4,1527.98,1716.09,18.99,24.23,460.11,504
4315,143.97731,Balisee_2,1089.12,1673.88,15.77,19.13,301.71,297
4315,143.97731,Balisee_1,1154.78,1177.62,18.43,20.79,383.17,383
4316,144.01068,Balisee_3,2747.52,1192.28,24.91,20.09,500.51,532
4316,144.01068,Balisee_5,1165.6,975.66,20.83,19.99,416.41,478
4316,144.01068,Balisee_4,1528.45,1715.77,18.98,24.03,456.12,514
4316,144.01068,Balisee_2,1089.4,1673.79,15.68,19.54,306.34,305
4316,144.01068,Balisee_1,1154.81,1177.86,18.38,20.31,373.28,383
4317,144.04404,Balisee_3,2747.34,1192.47,25.06,19.93,499.51,537
4317,144.04404,Balisee_5,1165.29,975.83,20.95,19.94,417.7,486
4317,144.04404,Balisee_4,1528.98,1715.68,19.02,24.19,460.07,505
4317,144.04404,Balisee_2,1089.64,1673.57,15.56,19.31,300.34,296
4318,144.07741,Balisee_3,2747.13,1192.4,25.32,19.94,504.79,543
4318,144.07741,Balisee_5,1164.8,975.99,21.06,19.84,417.82,486
4318,144.07741,Balisee_4,1529.47,1715.45,18.94,24.18,457.87,495
4318,144.07741,Balisee_2,1089.95,1673.1,15.32,19.37,296.89,294
4319,144.11078,Balisee_3,2746.99,1192.65,25.31,19.55,494.79,546
4319,144.11078,Balisee_5,1164.8,976.38,20.95,19.84,415.48,477
4319,144.11078,Balisee_4,1530.12,1715.13,18.37,24.02,441.33,469
4319,144.11078,Balisee_2,1090.13,1673.0,15.39,19.8,304.78,303
4320,144.14414,Balisee_3,2746.69,1192.89,25.33,19.64,497.53,541
4320,144.14414,Balisee_5,1164.38,977.04,21.25,19.83,421.45,490
4320,144.14414,Balisee_4,1530.46,1715.07,17.68,24.02,424.67,474
4320,144.14414,Balisee_2,1090.23,1672.78,15.36,19.61,301.12,305
4320,144.14414,Balisee_1,1155.62,1179.07,16.75,19.09,319.86,342
4321,144.17751,Balisee_3,2746.61,1193.11,25.69,19.6,503.46,545
4321,144.17751,Balisee_5,1164.54,977.36,21.04,19.73,415.05,483
4321,144.17751,Balisee_4,1530.77,1715.19,17.56,24.03,421.99,479
4321,144.17751,Balisee_2,1090.56,1672.71,15.47,19.91,307.93,322
4321,144.17751,Balisee_1,1155.86,1179.4,16.28,19.05,310.3,347
4322,144.21088,Balisee_3,2746.48,1193.4,25.75,19.14,492.86,540
4322,144.21088,Balisee_5,1164.72,977.3,20.75,19.53,405.25,466
4322,144.21088,Balisee_4,1531.34,1715.28,17.85,24.11,430.48,488
4322,144.21088,Balisee_2,1090.89,1672.45,15.77,19.87,313.4,327
4322,144.21088,Balisee_1,1156.01,1180.03,15.99,18.91,302.3,342
4323,144.24424,Balisee_3,2746.24,1193.57,25.64,18.74,480.47,518
4323,144.24424,Balisee_5,1165.05,977.29,20.66,19.63,405.43,471
4323,144.24424,Balisee_4,1531.73,1715.35,18.21,24.41,444.42,483
4323,144.24424,Balisee_2,1091.16,1672.47,16.14,19.9,321.27,331
4323,144.24424,Balisee_1,1156.21,1180.28,15.65,18.96,296.72,345
4324,144.27761,Balisee_3,2746.35,1193.7,26.0,18.92,491.85,531
4324,144.27761,Balisee_5,1165.47,977.45,20.8,19.55,406.56,470
4324,144.27761,Balisee_4,1531.84,1715.64,18.28,25.14,459.64,494
4324,144.27761,Balisee_2,1091.32,1672.46,15.8,19.97,315.47,322
4324,144.27761,Balisee_1,1156.46,1180.56,15.62,19.02,297.0,326
4325,144.31098,Balisee_3,2746.12,1193.69,25.81,18.84,486.2,517
4325,144.31098,Balisee_5,1165.9,977.4,20.98,19.37,406.48,467
4325,144.31098,Balisee_4,1532.24,1715.39,18.29,25.63,468.68,496
4325,144.31098,Balisee_2,1091.52,1672.43,16.37,19.99,327.35,323
4325,144.31098,Balisee_1,1156.7,1181.18,15.12,19.19,290.29,314
4326,144.34434,Balisee_3,2746.0,1193.75,25.88,18.84,487.61,500
4326,144.34434,Balisee_5,1166.2,977.37,21.2,19.75,418.58,471
4326,144.34434,Balisee_4,1532.73,1715.25,18.53,25.99,481.8,501
4326,144.34434,Balisee_2,1091.83,1672.43,16.62,20.23,336.28,325
4326,144.34434,Balisee_1,1157.31,1181.5,14.61,19.22,280.85,303
4327,144.37771,Balisee_3,2746.0,1193.84,26.06,19.01,495.4,497
4327,144.37771,Balisee_5,1166.39,977.21,21.67,20.05,434.43,484
4327,144.37771,Balisee_4,1533.19,1714.87,18.78,26.5,497.64,507
4327,144.37771,Balisee_2,1092.01,1672.38,16.72,20.24,338.47,324
4327,144.37771,Balisee_1,1157.66,1181.93,14.17,18.98,268.92,297
4328,144.41108,Balisee_5,1166.22,977.27,22.1,20.15,445.32,493
4328,144.41108,Balisee_3,2745.75,1193.82,25.96,19.03,494.03,482
4328,144.41108,Balisee_4,1533.61,1714.17,19.33,27.17,525.31,525
4328,144.41108,Balisee_2,1092.27,1672.28,16.86,20.04,337.83,327
4328,144.41108,Balisee_1,1157.88,1181.97,13.98,18.92,264.43,294
4329,144.44444,Balisee_5,1166.28,977.16,22.57,20.23,456.62,514
4329,144.44444,Balisee_3,2745.85,1193.83,26.07,18.87,492.06,484
4329,144.44444,Balisee_4,1533.94,1713.85,19.89,26.92,535.52,527
4329,144.44444,Balisee_2,1092.47,1672.19,17.04,19.93,339.72,326
4329,144.44444,Balisee_1,1158.42,1182.07,13.93,18.92,263.53,307
4330,144.47781,Balisee_5,1166.1,977.16,22.56,20.44,461.06,520
4330,144.47781,Balisee_3,2745.73,1193.9,25.97,18.85,489.56,479
4330,144.47781,Balisee_4,1534.26,1713.75,20.53,26.98,553.81,536
4330,144.47781,Balisee_1,1158.58,1182.56,13.99,18.8,263.02,298
4330,144.47781,Balisee_2,1092.5,1672.21,17.11,20.01,342.42,332
4331,144.51118,Balisee_5,1166.47,977.17,22.42,20.55,460.57,521
4331,144.51118,Balisee_3,2745.66,1193.87,25.78,18.63,480.45,475
4331,144.51118,Balisee_1,1158.97,1183.25,14.33,19.08,273.49,306
4331,144.51118,Balisee_2,1092.64,1672.15,17.0,19.94,338.86,338
4331,144.51118,Balisee_4,1534.49,1713.53,20.99,26.7,560.51,544
4332,144.54454,Balisee_5,1166.61,977.29,22.16,20.58,456.01,532
4332,144.54454,Balisee_3,2745.46,1194.02,25.87,18.61,481.27,464
4332,144.54454,Balisee_4,1534.48,1713.25,20.96,25.66,537.95,504
4332,144.54454,Balisee_1,1158.99,1183.85,14.6,19.0,277.4,311
4332,144.54454,Balisee_2,1092.46,1672.15,16.77,19.95,334.6,334
4333,144.57791,Balisee_5,1166.91,977.26,22.23,20.74,460.98,526
4333,144.57791,Balisee_3,2745.43,1194.04,25.88,18.55,480.08,470
4333,144.57791,Balisee_2,1092.46,1672.16,16.69,20.05,334.65,332
4333,144.57791,Balisee_4,1537.62,1713.32,20.76,24.86,516.24,469
4333,144.57791,Balisee_1,1159.33,1184.16,14.67,19.07,279.78,303
4334,144.61128,Balisee_5,1167.23,977.58,22.26,21.14,470.5,543
4334,144.61128,Balisee_3,2745.2,1194.22,25.86,18.95,490.09,470
4334,144.61128,Balisee_2,1092.6,1671.89,16.87,20.0,337.37,337
4334,144.61128,Balisee_1,1159.61,1184.57,14.39,19.04,273.97,302
4334,144.61128,Balisee_4,1537.88,1713.26,20.23,24.58,497.44,451
4335,144.64464,Balisee_5,1167.43,977.72,22.54,21.23,478.37,560
4335,144.64464,Balisee_3,2745.06,1194.37,26.08,19.21,500.86,477
4335,144.64464,Balisee_2,1092.85,1671.78,16.79,19.72,331.1,339
4335,144.64464,Balisee_4,1534.69,1713.28,21.39,25.06,535.97,477
4335,144.64464,Balisee_1,1159.73,1184.77,14.42,19.2,276.9,303
4336,144.67801,Balisee_5,1167.48,977.79,22.79,21.74,495.52,581
4336,144.67801,Balisee_3,2745.01,1194.51,25.99,19.39,503.96,484
4336,144.67801,Balisee_4,1538.34,1712.99,19.31,24.79,478.72,424
4336,144.67801,Balisee_2,1092.85,1671.38,17.03,19.43,330.91,332
4336,144.67801,Balisee_1,1160.02,1185.19,14.84,19.59,290.65,291
4337,144.71138,Balisee_5,1167.38,978.13,22.91,22.15,507.58,573
4337,144.71138,Balisee_3,2744.74,1194.47,26.02,19.13,497.83,487
4337,144.71138,Balisee_4,1538.45,1713.07,19.1,25.41,485.45,433
4337,144.71138,Balisee_2,1093.06,1671.36,16.9,19.43,328.31,337
4337,144.71138,Balisee_1,1160.03,1185.49,14.57,19.32,281.5,297
4338,144.74474,Balisee_5,1166.9,978.57,22.78,21.97,500.69,578
4338,144.74474,Balisee_3,2744.89,1194.6,26.1,19.52,509.3,490
4338,144.74474,Balisee_4,1538.71,1712.81,18.62,25.21,469.51,430
4338,144.74474,Balisee_2,1093.38,1671.04,16.19,19.34,313.09,334
4338,144.74474,Balisee_1,1160.6,1185.89,14.63,19.27,281.89,304
4339,144.77811,Balisee_5,1166.27,979.12,22.5,21.96,494.06,556
4339,144.77811,Balisee_3,2744.98,1194.78,25.91,20.04,519.12,503
4339,144.77811,Balisee_4,1538.97,1712.96,18.51,25.64,474.68,433
4339,144.77811,Balisee_2,1093.57,1670.83,16.3,19.5,317.79,338
4339,144.77811,Balisee_1,1160.94,1186.33,14.59,19.6,285.99,307
4340,144.81148,Balisee_5,1165.86,979.53,22.24,21.58,479.81,532
4340,144.81148,Balisee_3,2744.76,1194.84,26.15,20.23,529.03,508
4340,144.81148,Balisee_4,1539.07,1712.9,18.86,25.5,480.81,466
4340,144.81148,Balisee_2,1093.58,1670.57,15.81,19.57,309.32,334
4340,144.81148,Balisee_1,1160.99,1186.58,14.48,19.29,279.29,307
4341,144.84484,Balisee_5,1165.55,979.88,21.89,21.42,468.97,525
4341,144.84484,Balisee_3,2744.8,1194.78,26.14,20.32,531.25,522
4341,144.84484,Balisee_4,1539.25,1712.67,19.53,25.78,503.42,482
4341,144.84484,Balisee_2,1093.76,1670.28,15.46,19.64,303.76,335
4341,144.84484,Balisee_1,1161.27,1186.94,14.62,19.19,280.53,307
4342,144.87821,Balisee_5,1165.74,980.16,21.66,21.05,455.9,513
4342,144.87821,Balisee_3,2744.85,1194.62,26.05,20.38,530.98,531
4342,144.87821,Balisee_4,1539.82,1712.62,19.82,25.64,508.01,481
4342,144.87821,Balisee_1,1161.52,1187.24,14.39,19.31,277.75,310
4342,144.87821,Balisee_2,1093.88,1670.04,15.34,19.82,303.99,337
4343,144.91158,Balisee_5,1166.01,980.28,21.82,20.75,452.74,506
4343,144.91158,Balisee_3,2744.8,1194.61,25.95,20.44,530.46,523
4343,144.91158,Balisee_4,1540.26,1712.8,20.28,25.65,520.26,505
4343,144.91158,Balisee_2,1094.14,1669.83,15.45,20.04,309.58,343
4343,144.91158,Balisee_1,1162.03,1187.49,13.91,19.19,266.85,303
4344,144.94494,Balisee_5,1166.23,980.28,21.61,20.52,443.42,481
4344,144.94494,Balisee_3,2744.6,1194.63,26.23,20.42,535.74,531
4344,144.94494,Balisee_4,1540.73,1712.67,20.27,25.24,511.44,500
4344,144.94494,Balisee_2,1094.3,1669.31,15.39,19.89,306.16,356
4344,144.94494,Balisee_1,1162.35,1187.7,13.73,18.97,260.54,296
4345,144.97831,Balisee_5,1166.5,980.42,21.68,19.76,428.33,473
4345,144.97831,Balisee_3,2744.27,1194.55,26.37,20.5,540.71,531
4345,144.97831,Balisee_4,1541.01,1712.43,20.11,25.12,505.38,498
4345,144.97831,Balisee_2,1094.33,1669.04,15.55,19.94,310.03,367
4345,144.97831,Balisee_1,1162.67,1187.81,13.89,18.79,261.12,293
4346,145.01168,Balisee_3,2744.11,1194.62,26.77,20.65,552.67,536
4346,145.01168,Balisee_5,1166.5,980.48,21.27,19.39,412.61,461
4346,145.01168,Balisee_4,1541.17,1712.55,20.04,24.86,498.08,492
4346,145.01168,Balisee_2,1094.46,1668.72,15.36,20.06,308.14,523
4346,145.01168,Balisee_1,1162.89,1188.32,14.36,18.66,267.97,290
4347,145.04505,Balisee_3,2744.08,1194.48,26.6,20.17,536.66,527
4347,145.04505,Balisee_5,1166.79,980.5,20.98,19.09,400.54,447
4347,145.04505,Balisee_4,1541.14,1712.32,19.86,24.62,488.95,485
4347,145.04505,Balisee_2,1094.71,1668.26,15.28,19.93,304.57,356
4347,145.04505,Balisee_1,1163.12,1188.5,14.35,18.6,267.0,289
4348,145.07841,Balisee_5,1166.86,980.6,20.42,18.97,387.48,437
4348,145.07841,Balisee_3,2744.04,1194.76,26.8,20.1,538.68,529
4348,145.07841,Balisee_4,1541.39,1712.3,19.19,24.54,470.95,460
4348,145.07841,Balisee_2,1095.09,1667.9,15.71,19.92,312.9,353
4348,145.07841,Balisee_1,1163.39,1188.78,14.59,19.07,278.29,295
4349,145.11178,Balisee_5,1166.89,980.55,20.51,18.91,387.8,436
4349,145.11178,Balisee_3,2743.95,1194.72,26.65,19.82,528.35,520
4349,145.11178,Balisee_4,1541.76,1712.16,18.54,24.26,449.72,441
4349,145.11178,Balisee_2,1095.33,1667.09,15.46,19.79,306.0,337
4349,145.11178,Balisee_1,1163.62,1189.0,14.56,18.94,275.74,296
4350,145.14515,Balisee_5,1167.29,980.43,19.6,19.09,374.13,436
4350,145.14515,Balisee_3,2744.1,1194.76,26.52,19.47,516.43,497
4350,145.14515,Balisee_4,1542.39,1712.33,17.62,24.24,427.19,420
4350,145.14515,Balisee_2,1095.75,1666.74,15.68,19.43,304.78,335
4350,145.14515,Balisee_1,1164.17,1189.17,14.54,18.51,269.01,308
4351,145.17851,Balisee_5,1167.38,980.55,19.86,19.17,380.67,454
4351,145.17851,Balisee_3,2744.06,1194.93,26.59,19.47,517.65,514
4351,145.17851,Balisee_4,1542.88,1712.06,17.77,23.92,425.14,426
4351,145.17851,Balisee_2,1095.9,1666.6,15.42,19.47,300.12,336
4351,145.17851,Balisee_1,1164.64,1189.37,14.59,18.88,275.4,326
4352,145.21188,Balisee_5,1167.29,980.67,20.54,19.61,402.7,471
4352,145.21188,Balisee_3,2743.87,1194.95,26.65,19.17,510.84,513
4352,145.21188,Balisee_4,1543.31,1711.83,17.87,23.79,425.14,432
4352,145.21188,Balisee_2,1096.07,1666.46,15.75,20.0,315.13,340
4352,145.21188,Balisee_1,1164.73,1189.56,14.47,18.86,272.79,317
4353,145.24525,Balisee_5,1167.29,980.78,21.27,20.05,426.39,500
4353,145.24525,Balisee_3,2743.64,1195.16,26.6,18.98,504.84,514
4353,145.24525,Balisee_4,1544.15,1711.94,17.19,23.91,410.95,441
4353,145.24525,Balisee_2,1096.31,1666.06,15.72,20.1,315.9,340
4353,145.24525,Balisee_1,1165.1,1189.72,14.31,18.77,268.69,308
4354,145.27861,Balisee_5,1167.21,980.78,22.04,20.51,452.04,525
4354,145.27861,Balisee_3,2743.41,1195.23,26.44,18.93,500.56,518
4354,145.27861,Balisee_4,1544.6,1711.75,17.12,24.06,411.88,431
4354,145.27861,Balisee_2,1096.76,1665.78,15.36,20.06,308.06,330
4354,145.27861,Balisee_1,1165.6,1190.02,13.95,18.58,259.1,305
4355,145.31198,Balisee_5,1167.37,980.88,22.57,20.88,471.4,555
4355,145.31198,Balisee_3,2743.27,1195.38,26.28,19.05,500.61,521
4355,145.31198,Balisee_2,1097.35,1665.53,15.36,20.15,309.63,324
4355,145.31198,Balisee_4,1545.18,1711.65,18.01,24.81,446.77,433
4355,145.31198,Balisee_1,1166.2,1190.38,13.94,18.35,255.75,303
4356,145.34535,Balisee_5,1167.61,981.03,22.95,20.96,481.06,559
4356,145.34535,Balisee_3,2743.34,1195.47,26.64,19.02,506.53,519
4356,145.34535,Balisee_4,1545.46,1710.96,18.3,24.58,449.91,448
4356,145.34535,Balisee_2,1097.49,1665.34,15.33,20.02,306.96,324
4356,145.34535,Balisee_1,1166.89,1191.01,14.25,18.76,267.26,315
4357,145.37871,Balisee_5,1167.9,981.18,23.11,20.86,482.01,564
4357,145.37871,Balisee_3,2743.32,1195.66,26.84,19.1,512.66,520
4357,145.37871,Balisee_4,1545.9,1710.94,18.31,24.54,449.31,447
4357,145.37871,Balisee_1,1167.26,1191.45,14.68,18.63,273.43,326
4357,145.37871,Balisee_2,1097.91,1665.09,15.66,19.93,312.15,314
4358,145.41208,Balisee_5,1167.75,981.2,22.77,20.74,472.28,550
4358,145.41208,Balisee_3,2743.21,1195.55,26.91,18.96,510.18,522
4358,145.41208,Balisee_4,1546.39,1710.48,18.41,24.72,455.18,441
4358,145.41208,Balisee_1,1167.87,1191.45,14.22,18.72,266.11,337
4358,145.41208,Balisee_2,1098.23,1664.94,16.01,19.7,315.3,307
4359,145.44545,Balisee_5,1167.98,981.44,22.9,20.47,468.64,542
4359,145.44545,Balisee_3,2743.33,1195.74,27.17,19.02,516.85,517
4359,145.44545,Balisee_4,1546.76,1710.14,18.32,24.62,451.05,464
4359,145.44545,Balisee_2,1098.48,1664.73,16.2,19.38,314.0,303
4359,145.44545,Balisee_1,1168.4,1191.6,14.04,18.52,260.17,332
4360,145.47881,Balisee_5,1168.18,981.6,22.94,20.29,465.31,537
4360,145.47881,Balisee_3,2743.31,1196.04,27.32,19.1,521.75,528
4360,145.47881,Balisee_4,1547.15,1709.85,18.13,24.63,446.6,465
4360,145.47881,Balisee_2,1098.79,1664.59,16.26,19.44,316.05,311
4360,145.47881,Balisee_1,1168.85,1192.13,13.98,18.76,262.26,336
4361,145.51218,Balisee_5,1168.43,981.54,22.33,19.79,441.93,525
4361,145.51218,Balisee_3,2743.28,1196.3,27.18,18.81,511.23,531
4361,145.51218,Balisee_2,1098.84,1664.61,16.21,19.27,312.48,302
4361,145.51218,Balisee_1,1169.33,1192.67,14.29,18.8,268.67,350
4361,145.51218,Balisee_4,1547.43,1709.53,18.44,25.09,462.53,458
4362,145.54555,Balisee_5,1168.83,981.55,22.49,19.7,443.11,525
4362,145.54555,Balisee_3,2743.31,1196.53,27.18,18.87,512.93,527
4362,145.54555,Balisee_2,1099.09,1664.42,16.26,19.17,311.59,304
4362,145.54555,Balisee_1,1170.0,1193.07,14.2,18.95,269.14,361
4362,145.54555,Balisee_4,1547.87,1709.33,18.68,24.65,460.3,448
4363,145.57891,Balisee_5,1169.01,981.28,22.27,20.14,448.56,515
4363,145.57891,Balisee_3,2743.11,1196.45,26.97,18.69,504.02,530
4363,145.57891,Balisee_2,1099.29,1664.2,16.33,19.17,312.96,313
4363,145.57891,Balisee_1,1170.07,1193.54,13.9,19.19,266.79,366
4363,145.57891,Balisee_4,1548.08,1709.04,18.84,24.3,457.79,435
4364,145.61228,Balisee_5,1169.09,981.37,21.67,20.13,436.36,507
4364,145.61228,Balisee_3,2742.98,1196.65,26.81,18.84,505.27,530
4364,145.61228,Balisee_1,1170.28,1193.88,14.24,19.35,275.45,368
4364,145.61228,Balisee_2,1099.68,1664.17,16.01,19.09,305.73,328
4364,145.61228,Balisee_4,1548.52,1708.89,18.81,23.99,451.09,425
4365,145.64565,Balisee_5,1169.06,981.22,21.63,20.46,442.46,505
4365,145.64565,Balisee_3,2743.01,1196.97,26.87,19.04,511.67,545
4365,145.64565,Balisee_1,1170.59,1194.31,14.34,19.54,280.22,361
4365,145.64565,Balisee_2,1100.06,1663.93,16.28,19.26,313.5,336
4365,145.64565,Balisee_4,1548.87,1708.49,18.7,23.99,448.59,403
4366,145.67901,Balisee_5,1169.46,981.05,21.63,21.08,455.8,524
4366,145.67901,Balisee_3,2743.01,1197.19,26.85,19.12,513.41,545
4366,145.67901,Balisee_1,1171.09,1194.59,14.64,19.45,284.85,370
4366,145.67901,Balisee_2,1100.15,1663.61,16.39,19.37,317.49,346
4366,145.67901,Balisee_4,1549.2,1708.08,18.75,23.92,448.44,406
4367,145.71238,Balisee_5,1169.66,980.9,21.86,21.39,467.44,532
4367,145.71238,Balisee_3,2742.78,1197.17,26.82,19.34,518.67,546
4367,145.71238,Balisee_1,1171.57,1195.05,14.35,19.35,277.76,366
4367,145.71238,Balisee_2,1100.16,1663.25,16.38,19.57,320.61,361
4367,145.71238,Balisee_4,1549.37,1708.14,18.79,24.1,452.88,405
4368,145.74575,Balisee_5,1169.83,981.03,21.97,21.46,471.43,549
4368,145.74575,Balisee_3,2742.85,1197.42,26.88,19.64,527.96,538
4368,145.74575,Balisee_2,1100.17,1662.99,16.41,19.94,327.24,366
4368,145.74575,Balisee_1,1172.1,1195.51,13.88,18.82,261.27,356
4368,145.74575,Balisee_4,1549.73,1708.01,18.75,24.02,450.37,408
4369,145.77911,Balisee_5,1170.08,981.01,22.51,21.55,485.0,570
4369,145.77911,Balisee_3,2742.69,1197.3,27.13,20.06,544.15,555
4369,145.77911,Balisee_2,1100.23,1662.74,16.51,20.19,333.42,364
4369,145.77911,Balisee_1,1172.1,1195.73,13.95,18.53,258.44,344
4369,145.77911,Balisee_4,1550.15,1707.47,18.42,23.9,440.23,410
4370,145.81248,Balisee_5,1170.08,981.25,22.77,21.51,489.72,573
4370,145.81248,Balisee_3,2742.66,1197.38,27.11,20.2,547.55,548
4370,145.81248,Balisee_1,1172.18,1196.11,13.6,18.23,247.8,331
4370,145.81248,Balisee_2,1100.3,1662.42,16.62,19.97,332.03,359
4370,145.81248,Balisee_4,1550.44,1707.33,18.23,24.11,439.55,409
4371,145.84585,Balisee_5,1169.93,981.42,22.77,21.53,490.12,568
4371,145.84585,Balisee_3,2742.49,1197.35,27.14,20.5,556.46,554
4371,145.84585,Balisee_1,1172.23,1196.3,13.24,18.14,240.15,322
4371,145.84585,Balisee_2,1100.35,1662.22,16.71,19.56,326.82,355
4371,145.84585,Balisee_4,1550.83,1707.21,17.74,23.89,423.82,406
4372,145.87921,Balisee_5,1169.87,981.58,22.63,21.29,481.7,552
4372,145.87921,Balisee_3,2742.57,1197.27,27.09,20.81,563.76,564
4372,145.87921,Balisee_1,1172.74,1196.46,13.08,18.07,236.37,324
4372,145.87921,Balisee_2,1100.64,1661.62,17.28,19.57,338.24,348
4372,145.87921,Balisee_4,1551.81,1706.86,17.61,23.7,417.43,401
4373,145.91258,Balisee_5,1169.87,982.19,22.89,20.98,480.15,545
4373,145.91258,Balisee_3,2742.57,1197.1,26.98,20.85,562.53,559
4373,145.91258,Balisee_1,1173.09,1196.77,12.91,18.05,232.95,323
4373,145.91258,Balisee_2,1100.81,1661.26,17.61,19.54,344.14,356
4373,145.91258,Balisee_4,1552.06,1706.51,17.69,23.58,417.09,396
4374,145.94595,Balisee_5,1169.76,982.28,22.43,20.62,462.49,539
4374,145.94595,Balisee_3,2742.49,1197.2,26.8,20.77,556.52,548
4374,145.94595,Balisee_1,1173.56,1197.09,13.21,18.12,239.38,330
4374,145.94595,Balisee_2,1100.71,1661.18,17.42,19.68,342.86,358
4375,145.97931,Balisee_5,1169.54,982.25,21.97,20.51,450.69,526
4375,145.97931,Balisee_3,2742.56,1197.05,26.64,20.49,545.9,539
4375,145.97931,Balisee_1,1174.06,1197.21,13.36,18.2,243.06,334
4375,145.97931,Balisee_2,1100.81,1660.93,17.61,19.59,345.09,359
4376,146.01268,Balisee_5,1169.58,982.17,22.04,20.35,448.49,505
4376,146.01268,Balisee_3,2742.43,1196.94,26.63,20.42,543.92,544
4376,146.01268,Balisee_1,1174.49,1197.36,13.58,18.16,246.65,336
4376,146.01268,Balisee_2,1101.07,1660.66,18.13,19.84,359.64,369
4376,146.01268,Balisee_4,1552.62,1705.09,19.66,23.92,470.2,445
4377,146.04605,Balisee_5,1169.59,982.11,21.68,20.23,438.61,490
4377,146.04605,Balisee_3,2742.27,1197.02,26.98,20.55,554.5,552
4377,146.04605,Balisee_1,1174.95,1197.37,14.32,18.6,266.25,353
4377,146.04605,Balisee_2,1101.23,1660.31,18.46,20.05,370.23,368
4377,146.04605,Balisee_4,1553.03,1704.99,20.36,24.28,494.34,483
4378,146.07941,Balisee_5,1169.68,982.07,21.29,20.15,429.05,470
4378,146.07941,Balisee_3,2742.31,1196.79,26.94,20.17,543.47,551
4378,146.07941,Balisee_1,1175.48,1197.27,14.57,18.68,272.11,357
4378,146.07941,Balisee_2,1101.31,1660.0,18.62,19.88,370.25,361
4378,146.07941,Balisee_4,1553.21,1704.86,21.18,24.87,526.78,498
4379,146.11278,Balisee_5,1169.57,982.09,21.13,20.18,426.45,457
4379,146.11278,Balisee_3,2742.03,1196.74,27.01,20.04,541.22,559
4379,146.11278,Balisee_1,1175.75,1197.48,14.85,19.05,282.89,356
4379,146.11278,Balisee_2,1101.34,1659.67,18.68,19.93,372.16,373
4379,146.11278,Balisee_4,1553.64,1704.51,20.82,24.52,510.61,514
4380,146.14615,Balisee_3,2742.01,1196.58,27.05,19.87,537.59,552
4380,146.14615,Balisee_5,1169.91,982.02,20.43,20.03,409.36,443
4380,146.14615,Balisee_1,1175.82,1197.98,15.09,18.59,280.5,376
4380,146.14615,Balisee_4,1554.19,1704.78,20.88,24.77,517.22,496
4380,146.14615,Balisee_2,1101.38,1659.45,18.75,19.39,363.6,369
4381,146.17951,Balisee_3,2741.73,1196.68,27.11,20.06,544.04,564
4381,146.17951,Balisee_5,1170.11,981.99,20.65,19.98,412.46,456
4381,146.17951,Balisee_1,1176.15,1198.14,15.03,18.56,278.93,373
4381,146.17951,Balisee_2,1101.41,1659.15,18.83,19.56,368.36,372
4381,146.17951,Balisee_4,1554.56,1704.31,20.61,24.15,497.77,478
4382,146.21288,Balisee_3,2741.48,1196.58,27.1,19.95,540.56,563
4382,146.21288,Balisee_5,1170.23,982.04,20.41,20.09,410.0,458
4382,146.21288,Balisee_1,1176.11,1198.13,14.95,18.78,280.61,376
4382,146.21288,Balisee_2,1101.4,1658.84,18.8,19.57,368.0,376
4382,146.21288,Balisee_4,1555.4,1704.25,19.69,23.77,468.02,459
4383,146.24625,Balisee_3,2741.4,1196.48,27.16,19.74,536.23,555
4383,146.24625,Balisee_5,1170.59,982.03,20.66,20.05,414.37,462
4383,146.24625,Balisee_1,1176.48,1198.38,14.48,18.79,272.12,385
4383,146.24625,Balisee_2,1101.61,1658.44,19.21,19.83,381.0,387
4383,146.24625,Balisee_4,1556.01,1702.7,19.44,22.39,435.21,418
4384,146.27961,Balisee_5,1170.79,982.1,21.02,20.21,424.84,475
4384,146.27961,Balisee_3,2741.3,1196.5,27.36,19.69,538.85,554
4384,146.27961,Balisee_1,1176.48,1198.64,14.26,18.93,269.83,344
4384,146.27961,Balisee_2,1101.63,1658.23,19.26,20.01,385.34,381
4384,146.27961,Balisee_4,1556.44,1702.59,18.91,21.98,415.63,412
4385,146.31298,Balisee_5,1170.77,982.15,21.51,20.31,436.92,497
4385,146.31298,Balisee_3,2741.12,1196.37,27.42,19.52,535.33,544
4385,146.31298,Balisee_1,1176.82,1198.82,14.34,18.72,268.54,352
4385,146.31298,Balisee_2,1101.67,1657.98,19.33,20.23,391.19,386
4385,146.31298,Balisee_4,1556.87,1702.64,18.45,22.41,413.33,403
4386,146.34635,Balisee_5,1170.6,982.28,21.79,20.61,449.05,517
4386,146.34635,Balisee_3,2741.05,1196.18,27.37,19.29,527.93,537
4386,146.34635,Balisee_1,1177.03,1199.1,14.0,18.72,262.08,348
4386,146.34635,Balisee_2,1101.68,1657.75,19.35,20.54,397.57,390
4386,146.34635,Balisee_4,1556.84,1702.59,18.04,21.91,395.21,392
4387,146.37971,Balisee_5,1170.86,982.39,22.39,20.85,466.74,550
4387,146.37971,Balisee_3,2740.89,1196.13,27.33,19.05,520.71,528
4387,146.37971,Balisee_1,1177.31,1199.39,14.11,18.69,263.62,344
4387,146.37971,Balisee_2,1101.94,1657.66,19.89,20.69,411.39,391
4387,146.37971,Balisee_4,1556.86,1702.23,17.93,21.95,393.75,400
4388,146.41308,Balisee_5,1171.16,982.52,23.01,21.23,488.35,569
4388,146.41308,Balisee_3,2740.78,1196.09,27.17,18.85,512.03,522
4388,146.41308,Balisee_1,1177.65,1199.54,13.91,18.59,258.5,343
4388,146.41308,Balisee_2,1102.11,1657.5,20.22,21.0,424.77,386
4388,146.41308,Balisee_4,1556.79,1701.78,17.8,22.61,402.51,405
4389,146.44645,Balisee_5,1171.63,982.54,23.66,21.3,503.99,583
4389,146.44645,Balisee_3,2740.5,1195.98,27.13,18.82,510.44,520
4389,146.44645,Balisee_1,1177.68,1199.56,13.87,18.68,259.07,342
4389,146.44645,Balisee_4,1556.97,1701.38,18.03,23.75,428.32,444
4389,146.44645,Balisee_2,1102.19,1657.25,20.38,21.5,438.2,398
4390,146.47981,Balisee_5,1171.82,982.51,23.52,21.28,500.59,577
4390,146.47981,Balisee_3,2740.34,1195.9,27.35,19.19,524.76,529
4390,146.47981,Balisee_1,1177.96,1199.72,13.75,18.69,257.02,335
4390,146.47981,Balisee_4,1557.05,1700.53,18.14,24.06,436.43,466
4390,146.47981,Balisee_2,1102.37,1654.48,20.73,20.97,434.79,407
4391,146.51318,Balisee_3,2740.17,1195.73,27.24,19.27,524.93,534
4391,146.51318,Balisee_5,1172.21,982.49,23.68,21.2,501.86,573
4391,146.51318,Balisee_1,1178.63,1199.62,13.71,18.95,259.73,326
4391,146.51318,Balisee_4,1557.33,1700.48,18.67,23.74,443.04,487
4391,146.51318,Balisee_2,1106.07,1654.53,19.86,21.07,418.41,398
4392,146.54655,Balisee_5,1172.22,982.59,23.5,21.21,498.47,567
4392,146.54655,Balisee_3,2739.98,1195.45,27.03,19.15,517.65,528
4392,146.54655,Balisee_1,1179.35,1199.8,13.74,18.81,258.5,320
4392,146.54655,Balisee_4,1557.67,1699.57,19.35,24.79,479.66,513
4392,146.54655,Balisee_2,1106.12,1654.23,19.76,20.47,404.48,386
4393,146.57991,Balisee_5,1172.52,982.45,23.54,20.94,492.78,563
4393,146.57991,Balisee_3,2739.77,1195.22,27.14,19.27,523.12,532
4393,146.57991,Balisee_1,1179.59,1199.76,13.7,18.48,253.25,319
4393,146.57991,Balisee_2,1106.4,1653.84,19.21,19.69,378.26,379
4393,146.57991,Balisee_4,1557.99,1699.31,19.99,25.03,500.29,523
4394,146.61328,Balisee_5,1172.98,982.36,22.87,20.74,474.26,545
4394,146.61328,Balisee_3,2739.66,1195.22,26.92,19.33,520.45,526
4394,146.61328,Balisee_1,1180.16,1199.95,13.96,18.52,258.47,325
4394,146.61328,Balisee_2,1106.57,1653.6,18.86,19.48,367.42,367
4394,146.61328,Balisee_4,1558.31,1698.46,20.61,24.59,506.85,521
4395,146.64665,Balisee_5,1173.12,982.26,22.43,20.54,460.7,541
4395,146.64665,Balisee_3,2739.52,1195.11,26.64,19.26,513.05,532
4395,146.64665,Balisee_1,1180.48,1200.1,14.04,18.48,259.52,332
4395,146.64665,Balisee_2,1106.75,1653.25,18.51,19.59,362.53,375
4395,146.64665,Balisee_4,1558.53,1697.88,21.06,24.2,509.71,537
4396,146.68001,Balisee_5,1173.49,982.31,22.38,20.64,461.82,538
4396,146.68001,Balisee_3,2739.54,1194.9,26.78,19.26,515.91,531
4396,146.68001,Balisee_1,1180.85,1200.37,14.27,18.35,261.85,342
4396,146.68001,Balisee_2,1106.86,1652.85,18.28,19.79,361.82,386
4396,146.68001,Balisee_4,1562.47,1697.68,19.07,23.85,454.63,510
4397,146.71338,Balisee_5,1173.46,982.39,22.3,20.79,463.58,535
4397,146.71338,Balisee_3,2739.2,1194.89,26.81,19.5,522.77,530
4397,146.71338,Balisee_1,1181.03,1200.37,14.27,18.35,261.93,342
4397,146.71338,Balisee_2,1106.99,1652.51,18.03,19.96,359.84,379
4397,146.71338,Balisee_4,1562.47,1696.86,19.06,23.62,450.22,526
4398,146.74675,Balisee_5,1174.1,982.5,22.7,21.03,477.46,541
4398,146.74675,Balisee_3,2739.31,1195.13,26.93,19.76,532.18,536
4398,146.74675,Balisee_1,1181.69,1200.67,14.47,18.76,271.43,364
4398,146.74675,Balisee_2,1107.15,1651.86,17.71,19.97,353.59,374
4398,146.74675,Balisee_4,1562.79,1696.31,18.42,23.1,425.41,511
4399,146.78011,Balisee_5,1174.42,982.5,22.98,21.03,483.26,545
4399,146.78011,Balisee_3,2739.11,1194.93,26.87,19.6,526.84,526
4399,146.78011,Balisee_1,1182.09,1200.89,14.41,19.27,277.65,379
4399,146.78011,Balisee_2,1107.33,1651.54,17.33,19.97,346.21,373
4399,146.78011,Balisee_4,1562.93,1695.91,18.15,22.72,412.38,489
4400,146.81348,Balisee_3,2738.99,1195.05,26.97,19.73,532.2,533
4400,146.81348,Balisee_5,1174.64,982.53,22.82,21.12,482.03,546
4400,146.81348,Balisee_1,1182.62,1201.74,14.25,20.53,292.56,386
4400,146.81348,Balisee_2,1107.6,1651.22,16.81,19.89,334.19,374
4400,146.81348,Balisee_4,1563.07,1695.92,17.86,22.98,410.46,479
4401,146.84685,Balisee_3,2738.95,1195.06,26.8,19.62,526.0,534
4401,146.84685,Balisee_5,1174.66,982.65,22.46,21.34,479.15,551
4401,146.84685,Balisee_1,1183.1,1201.89,14.09,20.23,284.9,386
4401,146.84685,Balisee_2,1107.82,1650.87,16.43,19.82,325.54,374
4401,146.84685,Balisee_4,1563.25,1695.41,17.52,23.05,403.95,476
4402,146.88021,Balisee_3,2739.02,1195.2,26.96,19.77,532.84,537
4402,146.88021,Balisee_5,1174.59,982.78,22.62,21.57,488.07,559
4402,146.88021,Balisee_2,1107.95,1650.37,16.24,19.62,318.67,370
4402,146.88021,Balisee_1,1183.4,1201.98,13.63,20.05,273.19,394
4402,146.88021,Balisee_4,1563.25,1695.12,17.54,22.94,402.48,486
4403,146.91358,Balisee_3,2739.0,1195.42,26.95,19.92,536.83,535
4403,146.91358,Balisee_5,1174.27,982.9,22.39,21.8,488.15,551
4403,146.91358,Balisee_1,1184.1,1202.24,14.13,19.6,276.86,393
4403,146.91358,Balisee_2,1108.25,1650.06,15.9,19.69,313.11,359
4403,146.91358,Balisee_4,1563.74,1694.96,16.79,22.93,385.09,498
4404,146.94695,Balisee_3,2738.9,1195.44,26.87,20.17,541.83,537
4404,146.94695,Balisee_5,1173.94,982.85,22.0,21.71,477.66,548
4404,146.94695,Balisee_1,1184.64,1202.34,14.38,19.4,278.92,385
4404,146.94695,Balisee_4,1564.32,1694.43,17.51,22.75,398.18,517
4404,146.94695,Balisee_2,1108.46,1649.77,15.97,19.95,318.56,359
4405,146.98031,Balisee_3,2739.02,1195.52,26.75,20.27,542.11,550
4405,146.98031,Balisee_5,1173.76,982.95,21.75,21.9,476.23,543
4405,146.98031,Balisee_1,1185.02,1202.42,14.27,19.24,274.57,387
4405,146.98031,Balisee_4,1564.67,1694.52,17.67,23.49,415.08,526
4405,146.98031,Balisee_2,1108.78,1649.51,15.59,19.61,305.7,368
4406,147.01368,Balisee_3,2738.93,1195.61,26.8,20.01,536.11,545
4406,147.01368,Balisee_5,1173.73,982.84,21.63,21.69,469.06,529
4406,147.01368,Balisee_1,1185.05,1202.62,14.51,19.01,275.93,383
4406,147.01368,Balisee_4,1565.02,1694.8,18.03,23.9,431.03,532
4407,147.04705,Balisee_3,2739.02,1195.6,27.23,19.91,542.23,539
4407,147.04705,Balisee_5,1173.7,982.96,21.34,21.93,467.99,513
4407,147.04705,Balisee_1,1185.32,1202.77,14.22,18.98,269.86,373
4407,147.04705,Balisee_4,1565.5,1694.9,18.42,24.19,445.52,521
4408,147.08041,Balisee_3,2738.98,1195.69,27.09,19.95,540.44,543
4408,147.08041,Balisee_5,1173.9,983.03,21.49,22.06,474.09,510
4408,147.08041,Balisee_1,1186.15,1202.94,13.89,18.84,261.64,356
4408,147.08041,Balisee_4,1565.75,1694.76,18.71,23.7,443.31,505
4409,147.11378,Balisee_3,2738.78,1195.73,27.4,20.09,550.5,551
4409,147.11378,Balisee_5,1174.02,984.88,21.52,22.24,478.54,505
4409,147.11378,Balisee_1,1186.28,1203.33,13.87,18.69,259.28,349
4409,147.11378,Balisee_4,1565.6,1694.49,19.02,23.62,449.26,522
4410,147.14715,Balisee_3,2738.75,1195.94,27.39,20.1,550.52,548
4410,147.14715,Balisee_5,1174.4,984.96,21.53,22.07,475.2,495
4410,147.14715,Balisee_1,1186.84,1203.7,14.08,18.65,262.65,350
4410,147.14715,Balisee_4,1565.56,1694.08,19.67,23.77,467.6,520
4411,147.18051,Balisee_3,2738.84,1196.37,27.47,19.92,547.03,557
4411,147.18051,Balisee_5,1174.65,985.09,21.41,21.83,467.27,509
4411,147.18051,Balisee_1,1187.4,1204.14,14.27,18.82,268.54,361
4411,147.18051,Balisee_4,1566.1,1694.03,19.7,23.55,463.93,506
4412,147.21388,Balisee_3,2738.82,1196.62,27.34,19.75,540.09,553
4412,147.21388,Balisee_5,1174.63,985.19,21.32,21.63,461.07,511
4412,147.21388,Balisee_1,1188.06,1204.59,14.15,18.97,268.32,342
4413,147.24725,Balisee_3,2738.69,1196.95,27.18,19.57,531.8,553
4413,147.24725,Balisee_5,1174.53,985.3,21.1,21.4,451.68,496
4413,147.24725,Balisee_1,1188.37,1204.96,14.47,19.28,278.93,344
4413,147.24725,Balisee_2,1111.29,1647.75,16.41,19.74,323.85,382
4414,147.28061,Balisee_5,1174.5,985.34,21.04,21.31,448.45,489
4414,147.28061,Balisee_3,2738.47,1197.01,27.33,19.55,534.3,556
4414,147.28061,Balisee_1,1189.01,1205.3,13.88,19.43,269.8,342
4414,147.28061,Balisee_2,1111.45,1647.63,16.75,19.6,328.21,383
4415,147.31398,Balisee_5,1174.41,985.41,20.86,21.19,441.89,485
4415,147.31398,Balisee_3,2738.34,1197.13,27.37,19.53,534.64,552
4415,147.31398,Balisee_1,1189.71,1205.63,13.88,19.34,268.37,332
4415,147.31398,Balisee_2,1111.84,1647.44,16.32,19.04,310.71,386
4416,147.34735,Balisee_5,1174.69,985.45,21.38,21.11,451.36,485
4416,147.34735,Balisee_3,2738.31,1197.42,27.56,19.54,538.36,554
4416,147.34735,Balisee_1,1189.9,1206.08,14.12,19.47,274.9,334
4416,147.34735,Balisee_2,1112.24,1647.38,16.3,19.0,309.57,373
4417,147.38071,Balisee_5,1175.06,985.53,22.13,20.97,463.87,488
4417,147.38071,Balisee_3,2738.18,1197.56,27.52,19.55,537.98,561
4417,147.38071,Balisee_1,1190.17,1206.55,13.65,19.62,267.8,341
4417,147.38071,Balisee_2,1112.47,1647.16,16.47,18.9,311.31,369
4418,147.41408,Balisee_5,1175.37,985.39,22.74,21.25,483.16,504
4418,147.41408,Balisee_3,2738.16,1197.71,27.7,19.69,545.3,560
4418,147.41408,Balisee_1,1190.62,1206.88,13.25,19.73,261.4,324
4418,147.41408,Balisee_2,1112.54,1646.57,16.33,18.91,308.85,370
4419,147.44745,Balisee_5,1175.55,985.35,23.1,21.33,492.68,516
4419,147.44745,Balisee_3,2738.17,1197.84,27.69,19.84,549.35,563
4419,147.44745,Balisee_1,1190.75,1207.34,13.14,19.34,254.12,323
4419,147.44745,Balisee_2,1112.92,1646.56,16.7,19.2,320.6,379
4420,147.48081,Balisee_5,1176.53,985.23,23.01,21.63,497.53,538
4420,147.48081,Balisee_3,2738.14,1197.84,27.65,19.89,550.0,576
4420,147.48081,Balisee_1,1190.98,1207.67,13.02,19.33,251.62,328
4420,147.48081,Balisee_2,1113.05,1646.26,16.93,19.62,332.19,384
4421,147.51418,Balisee_5,1176.65,985.03,22.85,21.96,501.75,536
4421,147.51418,Balisee_3,2738.07,1197.89,27.59,19.98,551.29,571
4421,147.51418,Balisee_1,1191.39,1208.13,12.98,19.67,255.44,327
4421,147.51418,Balisee_2,1113.11,1645.89,17.24,19.53,336.67,379
4422,147.54755,Balisee_5,1176.82,984.97,22.87,22.1,505.34,547
4422,147.54755,Balisee_3,2737.92,1197.89,27.37,19.91,544.92,577
4422,147.54755,Balisee_1,1191.82,1208.37,13.14,19.63,258.01,326
4422,147.54755,Balisee_2,1113.3,1645.55,17.22,19.82,341.25,382
4423,147.58091,Balisee_5,1177.25,984.9,23.1,22.25,514.01,542
4423,147.58091,Balisee_3,2737.77,1197.92,27.16,19.94,541.65,572
4423,147.58091,Balisee_1,1192.09,1208.57,13.58,19.26,261.55,328
4423,147.58091,Balisee_2,1113.57,1645.25,16.93,19.81,335.37,387
4424,147.61428,Balisee_5,1177.58,984.97,23.08,22.17,511.69,547
4424,147.61428,Balisee_3,2737.52,1197.99,26.74,20.02,535.35,570
4424,147.61428,Balisee_1,1192.51,1208.82,14.12,19.14,270.21,320
4424,147.61428,Balisee_2,1113.76,1644.88,16.7,19.82,331.06,381
4425,147.64765,Balisee_5,1177.92,984.87,22.61,22.29,503.95,546
4425,147.64765,Balisee_3,2737.44,1197.96,26.7,19.97,533.19,569
4425,147.64765,Balisee_1,1192.9,1208.72,14.09,19.35,272.7,320
4425,147.64765,Balisee_2,1113.97,1644.52,16.48,20.07,330.83,379
4425,147.64765,Balisee_4,1571.42,1686.8,19.2,22.82,438.27,420
4426,147.68101,Balisee_5,1178.17,984.83,22.61,22.4,506.43,555
4426,147.68101,Balisee_3,2737.11,1197.95,26.33,19.94,524.99,558
4426,147.68101,Balisee_1,1193.37,1208.94,14.22,19.96,283.82,329
4426,147.68101,Balisee_4,1571.35,1686.72,19.3,23.62,456.01,423
4427,147.71438,Balisee_5,1178.38,984.75,22.65,22.68,513.68,567
4427,147.71438,Balisee_3,2736.86,1198.0,26.39,20.04,528.71,567
4427,147.71438,Balisee_1,1193.5,1208.92,14.08,19.93,280.7,344
4427,147.71438,Balisee_4,1571.52,1686.31,18.73,23.26,435.65,416
4428,147.74775,Balisee_5,1178.71,984.7,22.98,22.9,526.26,582
4428,147.74775,Balisee_3,2736.73,1198.01,25.97,20.07,521.13,558
4428,147.74775,Balisee_1,1193.6,1209.1,14.06,19.72,277.36,347
4428,147.74775,Balisee_4,1571.58,1685.73,18.23,21.65,394.76,416
4429,147.78111,Balisee_5,1178.79,984.59,22.83,22.92,523.17,596
4429,147.78111,Balisee_3,2736.81,1197.91,26.11,19.93,520.34,558
4429,147.78111,Balisee_1,1193.95,1209.15,14.33,19.8,283.85,353
4429,147.78111,Balisee_4,1571.83,1685.57,18.28,22.06,403.27,424
4430,147.81448,Balisee_5,1178.9,984.62,23.09,22.88,528.29,605
4430,147.81448,Balisee_3,2736.45,1197.96,26.13,20.08,524.6,556
4430,147.81448,Balisee_1,1193.78,1209.36,14.02,19.38,271.74,340
4430,147.81448,Balisee_4,1571.97,1685.24,18.32,21.92,401.53,435
4431,147.84785,Balisee_5,1179.06,984.68,23.29,22.87,532.81,613
4431,147.84785,Balisee_3,2736.23,1197.79,25.97,19.75,512.81,554
4431,147.84785,Balisee_1,1193.9,1209.38,14.23,19.55,278.24,335
4431,147.84785,Balisee_4,1572.13,1685.59,18.39,22.34,410.88,436
4432,147.88121,Balisee_5,1179.3,984.95,23.44,22.91,537.08,616
4432,147.88121,Balisee_3,2736.16,1197.58,26.05,19.49,507.76,553
4432,147.88121,Balisee_4,1572.29,1685.04,18.89,22.77,430.05,437
4432,147.88121,Balisee_1,1194.1,1209.47,14.21,19.28,273.95,339
4433,147.91458,Balisee_3,2736.11,1197.49,26.01,19.68,511.85,552
4433,147.91458,Balisee_5,1179.41,985.43,23.22,22.11,513.4,588
4433,147.91458,Balisee_4,1572.74,1685.4,19.5,23.38,455.85,441
4433,147.91458,Balisee_1,1194.48,1209.72,14.39,19.46,280.17,336
4433,147.91458,Balisee_2,1115.37,1640.9,16.24,18.92,307.16,373
4434,147.94795,Balisee_3,2736.02,1197.44,26.18,19.79,517.96,552
4434,147.94795,Balisee_5,1179.52,985.97,23.23,21.42,497.59,570
4434,147.94795,Balisee_4,1573.18,1685.37,19.69,23.74,467.35,473
4434,147.94795,Balisee_1,1194.81,1210.15,14.15,19.51,275.94,339
4434,147.94795,Balisee_2,1115.63,1640.45,16.48,19.15,315.48,374
4435,147.98131,Balisee_5,1179.66,986.17,22.76,21.12,480.66,548
4435,147.98131,Balisee_3,2736.04,1197.42,26.06,19.93,519.25,552
4435,147.98131,Balisee_4,1573.54,1685.25,19.83,23.86,473.21,476
4435,147.98131,Balisee_1,1195.21,1210.47,14.47,19.56,283.17,456
4436,148.01468,Balisee_5,1179.61,986.43,22.19,20.8,461.61,530
4436,148.01468,Balisee_3,2735.96,1197.23,26.2,20.19,528.81,554
4436,148.01468,Balisee_4,1573.97,1685.15,20.01,23.89,478.19,489
4436,148.01468,Balisee_1,1195.51,1210.7,15.03,20.07,301.56,364
4437,148.04805,Balisee_5,1179.7,986.75,21.59,20.37,439.74,500
4437,148.04805,Balisee_3,2736.05,1197.04,26.36,20.21,532.85,550
4437,148.04805,Balisee_4,1574.52,1684.76,20.51,23.95,491.33,478
4437,148.04805,Balisee_1,1195.81,1211.2,15.63,19.89,310.87,357
4438,148.08141,Balisee_5,1179.86,986.94,21.34,20.22,431.45,483
4438,148.08141,Balisee_3,2735.65,1196.88,26.29,20.04,526.88,551
4438,148.08141,Balisee_4,1575.2,1684.19,20.79,23.38,486.02,461
4438,148.08141,Balisee_1,1195.93,1211.31,15.87,20.02,317.57,362
4439,148.11478,Balisee_5,1180.05,987.26,21.1,19.7,415.65,461
4439,148.11478,Balisee_3,2735.45,1196.85,26.51,20.08,532.34,556
4439,148.11478,Balisee_4,1575.72,1683.9,20.59,23.16,476.91,456
4439,148.11478,Balisee_1,1196.2,1211.59,16.4,19.7,322.92,352
4440,148.14815,Balisee_5,1180.22,987.23,21.1,19.62,413.94,456
4440,148.14815,Balisee_3,2735.14,1196.82,26.91,19.71,530.33,547
4440,148.14815,Balisee_4,1575.94,1683.19,20.43,22.59,461.52,430
4440,148.14815,Balisee_1,1196.37,1211.77,16.74,19.56,327.42,349
4441,148.18151,Balisee_5,1180.45,987.34,21.13,19.47,411.33,457
4441,148.18151,Balisee_3,2735.09,1196.89,26.87,19.69,529.01,554
4441,148.18151,Balisee_4,1576.48,1682.88,20.41,22.34,456.09,443
4441,148.18151,Balisee_1,1196.69,1211.85,17.38,19.69,342.18,362
4441,148.18151,Balisee_2,1118.14,1638.06,16.01,20.19,323.41,374
4442,148.21488,Balisee_3,2734.81,1196.97,26.86,19.84,532.98,543
4442,148.21488,Balisee_5,1180.6,987.44,21.39,19.47,416.45,461
4442,148.21488,Balisee_1,1196.73,1211.93,17.46,19.43,339.36,360
4442,148.21488,Balisee_4,1576.68,1682.67,20.34,22.33,454.22,449
4443,148.24825,Balisee_3,2734.64,1196.98,26.63,19.69,524.47,537
4443,148.24825,Balisee_5,1180.95,987.67,21.81,19.82,432.25,462
4443,148.24825,Balisee_1,1197.03,1212.02,18.05,19.56,353.19,360
4443,148.24825,Balisee_4,1576.72,1682.42,20.5,22.67,464.72,439
4444,148.28161,Balisee_3,2734.65,1196.91,26.5,19.49,516.59,535
4444,148.28161,Balisee_5,1181.11,987.76,21.89,19.94,436.41,477
4444,148.28161,Balisee_1,1197.31,1212.03,18.63,19.7,366.95,370
4444,148.28161,Balisee_4,1577.11,1681.65,19.87,21.42,425.56,420
4445,148.31498,Balisee_3,2734.46,1196.91,26.68,19.45,518.77,528
4445,148.31498,Balisee_5,1181.34,987.68,21.88,20.19,441.7,482
4445,148.31498,Balisee_1,1202.71,1212.05,18.59,19.87,369.32,357
4445,148.31498,Balisee_4,1577.46,1681.2,19.57,21.78,426.22,425
4446,148.34835,Balisee_5,1181.71,987.84,22.18,20.62,457.38,498
4446,148.34835,Balisee_3,2734.36,1196.9,26.44,19.46,514.4,528
4446,148.34835,Balisee_1,1203.05,1212.29,17.89,20.05,358.63,377
4446,148.34835,Balisee_4,1578.09,1680.88,19.93,22.34,445.32,432
4447,148.38172,Balisee_5,1181.96,987.87,22.28,20.65,460.04,509
4447,148.38172,Balisee_3,2734.23,1197.08,26.4,19.55,515.98,529
4447,148.38172,Balisee_4,1578.26,1680.67,20.12,22.77,458.1,460
4447,148.38172,Balisee_1,1203.23,1212.39,17.54,20.11,352.75,507
4448,148.41508,Balisee_5,1182.08,987.99,22.52,20.96,472.05,516
4448,148.41508,Balisee_3,2733.96,1197.1,26.79,19.65,526.4,540
4448,148.41508,Balisee_4,1578.44,1680.45,19.81,23.32,461.86,443
4448,148.41508,Balisee_1,1203.24,1212.78,17.51,20.3,355.43,378
4449,148.44845,Balisee_5,1182.48,988.06,22.7,21.28,482.97,516
4449,148.44845,Balisee_3,2733.77,1197.48,27.25,19.88,541.66,555
4449,148.44845,Balisee_4,1578.83,1679.43,20.01,23.23,464.78,452
4449,148.44845,Balisee_1,1203.46,1213.22,17.09,19.82,338.65,363
4450,148.48182,Balisee_5,1182.6,988.14,22.47,21.76,488.95,513
4450,148.48182,Balisee_3,2733.71,1197.84,27.37,20.17,551.94,565
4450,148.48182,Balisee_4,1579.03,1679.32,19.65,23.31,458.11,565
4450,148.48182,Balisee_1,1203.69,1213.69,16.63,19.16,318.54,353
4451,148.51518,Balisee_5,1182.71,988.23,22.45,21.8,489.38,511
4451,148.51518,Balisee_3,2733.6,1198.06,27.37,20.19,552.6,565
4451,148.51518,Balisee_4,1579.28,1679.12,18.94,23.41,443.54,435
4451,148.51518,Balisee_1,1204.0,1213.58,16.0,18.6,297.59,339
4452,148.54855,Balisee_5,1182.88,988.1,22.45,21.73,487.84,508
4452,148.54855,Balisee_3,2733.45,1198.08,27.33,20.2,552.1,557
4452,148.54855,Balisee_4,1579.84,1678.81,19.0,23.02,437.2,436
4452,148.54855,Balisee_1,1204.23,1213.78,15.54,18.39,285.72,338
4453,148.58192,Balisee_5,1183.11,987.93,22.38,21.74,486.45,529
4453,148.58192,Balisee_3,2733.36,1198.26,27.31,20.53,560.58,558
4453,148.58192,Balisee_4,1580.08,1678.48,18.75,22.56,423.02,429
4453,148.58192,Balisee_1,1204.33,1214.49,15.34,18.22,279.39,353
4454,148.61528,Balisee_5,1183.34,987.75,22.04,21.4,471.83,525
4454,148.61528,Balisee_3,2733.43,1198.24,27.14,20.48,555.92,555
4454,148.61528,Balisee_4,1580.37,1678.02,18.72,21.74,406.83,421
4454,148.61528,Balisee_1,1204.7,1214.78,14.61,18.02,263.33,341
4455,148.64865,Balisee_5,1183.65,987.72,22.44,22.05,494.69,527
4455,148.64865,Balisee_3,2733.36,1198.26,27.24,20.53,559.27,559
4455,148.64865,Balisee_4,1580.45,1677.2,18.79,20.61,387.25,411
4455,148.64865,Balisee_1,1204.97,1215.02,14.09,18.32,258.07,348
4455,148.64865,Balisee_2,1122.92,1633.12,16.7,19.42,324.34,359
4456,148.68202,Balisee_5,1184.06,987.67,22.61,21.94,496.01,538
4456,148.68202,Balisee_3,2733.32,1198.33,27.14,20.66,560.72,562
4456,148.68202,Balisee_4,1580.51,1676.63,18.72,20.51,383.94,407
4456,148.68202,Balisee_1,1205.27,1215.3,13.7,18.77,257.13,347
4456,148.68202,Balisee_2,1123.35,1632.8,16.27,19.85,322.97,356
4457,148.71538,Balisee_5,1184.43,987.62,22.91,22.16,507.65,537
4457,148.71538,Balisee_3,2733.19,1198.3,27.04,20.59,556.9,559
4457,148.71538,Balisee_4,1580.92,1676.14,18.78,20.93,392.92,398
4457,148.71538,Balisee_1,1205.63,1215.44,14.0,19.01,266.03,356
4457,148.71538,Balisee_2,1123.46,1632.29,16.03,19.55,313.26,348
4458,148.74875,Balisee_5,1184.67,987.44,23.17,22.28,516.2,551
4458,148.74875,Balisee_3,2733.13,1198.38,26.68,20.76,553.83,562
4458,148.74875,Balisee_4,1581.12,1676.06,18.72,21.54,403.35,391
4458,148.74875,Balisee_1,1205.84,1215.49,14.14,19.22,271.67,366
4458,148.74875,Balisee_2,1123.8,1632.15,16.24,19.44,315.69,367
4459,148.78212,Balisee_5,1184.9,987.26,23.3,22.52,524.71,563
4459,148.78212,Balisee_3,2733.14,1198.58,26.52,21.17,561.36,561
4459,148.78212,Balisee_4,1581.27,1675.16,18.84,21.3,401.34,412
4459,148.78212,Balisee_1,1206.16,1215.72,14.01,19.66,275.59,359
4459,148.78212,Balisee_2,1124.54,1631.75,16.52,19.46,321.45,349
4460,148.81548,Balisee_5,1184.87,987.13,23.23,22.61,525.13,570
4460,148.81548,Balisee_3,2733.07,1198.84,26.48,21.69,574.28,565
4460,148.81548,Balisee_4,1581.46,1674.95,18.94,21.62,409.44,396
4460,148.81548,Balisee_1,1206.38,1216.05,14.05,19.82,278.42,371
4460,148.81548,Balisee_2,1124.75,1631.39,16.73,19.22,321.7,348
4461,148.84885,Balisee_5,1185.01,987.24,23.42,22.72,532.11,572
4461,148.84885,Balisee_3,2733.05,1198.88,26.18,21.75,569.46,573
4461,148.84885,Balisee_4,1581.83,1674.81,19.66,21.75,427.48,411
4461,148.84885,Balisee_1,1206.94,1216.49,14.61,20.18,294.77,376
4462,148.88222,Balisee_5,1185.06,987.26,23.47,22.88,537.14,565
4462,148.88222,Balisee_4,1582.15,1674.48,20.31,21.85,443.6,423
4462,148.88222,Balisee_3,2733.01,1198.93,26.4,21.87,577.38,579
4462,148.88222,Balisee_1,1207.51,1216.56,14.89,20.16,300.3,356
4463,148.91558,Balisee_5,1185.17,987.45,23.54,22.47,528.77,571
4463,148.91558,Balisee_4,1582.4,1674.5,20.8,22.4,466.04,443
4463,148.91558,Balisee_3,2732.74,1200.99,26.38,22.02,580.95,593
4463,148.91558,Balisee_1,1208.08,1216.59,14.98,20.17,302.04,350
4463,148.91558,Balisee_2,1125.35,1630.45,17.41,19.41,337.86,352
4464,148.94895,Balisee_5,1185.19,987.72,23.47,22.07,518.05,557
4464,148.94895,Balisee_3,2732.78,1200.99,26.58,22.02,585.33,596
4464,148.94895,Balisee_4,1582.57,1674.48,21.13,22.24,470.02,461
4464,148.94895,Balisee_2,1125.53,1630.36,17.47,19.19,335.38,350
4464,148.94895,Balisee_1,1208.25,1216.81,14.78,19.94,294.63,343
4465,148.98232,Balisee_5,1185.25,987.89,23.3,21.7,505.62,546
4465,148.98232,Balisee_3,2732.85,1200.97,26.7,22.06,588.9,595
4465,148.98232,Balisee_4,1582.7,1673.94,21.4,21.78,465.96,453
4465,148.98232,Balisee_1,1208.55,1217.17,14.72,19.71,290.17,344
4466,149.01568,Balisee_5,1185.4,987.93,23.27,21.61,502.71,538
4466,149.01568,Balisee_3,2732.83,1200.98,26.74,22.05,589.69,598
4466,149.01568,Balisee_4,1582.86,1673.75,21.73,22.38,486.21,477
4467,149.04905,Balisee_5,1185.42,988.08,23.17,21.09,488.57,525
4467,149.04905,Balisee_3,2732.68,1201.0,27.02,22.01,594.8,607
4467,149.04905,Balisee_4,1582.87,1673.48,21.74,22.54,489.97,473
4467,149.04905,Balisee_2,1125.91,1629.52,17.06,18.4,314.0,370
4468,149.08242,Balisee_5,1185.34,988.16,22.78,20.84,474.62,516
4468,149.08242,Balisee_3,2732.53,1200.95,26.94,22.11,595.56,607
4468,149.08242,Balisee_4,1585.37,1673.07,21.27,22.59,480.4,452
4468,149.08242,Balisee_2,1125.87,1629.28,16.82,18.44,310.18,363
4469,149.11578,Balisee_5,1185.4,988.22,22.64,20.83,471.39,522
4469,149.11578,Balisee_3,2732.54,1200.97,27.05,22.06,596.5,609
4469,149.11578,Balisee_4,1585.59,1672.63,20.81,22.04,458.7,446
4469,149.11578,Balisee_2,1126.21,1628.76,16.22,17.86,289.75,358
4470,149.14915,Balisee_5,1185.59,988.19,22.79,20.57,468.8,510
4470,149.14915,Balisee_4,1585.7,1672.22,20.6,21.79,448.78,441
4470,149.14915,Balisee_3,2731.99,1200.92,26.54,22.16,588.27,597
4470,149.14915,Balisee_2,1126.37,1628.14,16.18,17.72,286.71,362
4471,149.18252,Balisee_5,1185.88,988.14,22.79,20.35,463.84,504
4471,149.18252,Balisee_4,1585.8,1672.13,20.41,21.99,448.7,447
4471,149.18252,Balisee_3,2731.92,1201.05,26.46,21.89,579.31,596
4472,149.21588,Balisee_5,1185.94,988.1,22.85,20.34,464.71,507
4472,149.21588,Balisee_4,1585.95,1671.9,20.11,22.31,448.7,463
4472,149.21588,Balisee_3,2731.87,1201.07,26.8,21.85,585.59,597
4473,149.24925,Balisee_5,1186.18,988.07,22.49,20.3,456.54,500
4473,149.24925,Balisee_4,1585.97,1671.44,20.07,22.61,453.82,464
4473,149.24925,Balisee_3,2731.68,1201.13,26.54,21.73,576.73,595
4474,149.28262,Balisee_5,1186.4,988.21,22.43,20.15,451.97,506
4474,149.28262,Balisee_4,1586.06,1671.19,19.91,22.55,448.99,464
4474,149.28262,Balisee_3,2731.58,1201.14,26.67,21.72,579.42,588
4475,149.31598,Balisee_5,1186.51,988.54,22.68,20.55,465.94,516
4475,149.31598,Balisee_4,1586.07,1671.02,19.89,22.34,444.44,470
4475,149.31598,Balisee_3,2731.37,1201.1,26.81,21.81,584.68,588
4476,149.34935,Balisee_5,1186.71,988.87,22.94,20.56,471.56,530
4476,149.34935,Balisee_4,1586.16,1670.75,19.82,22.5,445.96,464
4476,149.34935,Balisee_3,2731.12,1201.16,26.69,21.68,578.64,578
4476,149.34935,Balisee_1,1211.89,1219.35,14.27,19.96,284.84,338
4477,149.38272,Balisee_5,1187.0,988.95,23.17,20.69,479.29,537
4477,149.38272,Balisee_4,1586.52,1670.37,19.76,23.28,460.08,477
4477,149.38272,Balisee_3,2731.05,1201.07,26.93,21.86,588.91,584
4477,149.38272,Balisee_1,1212.28,1219.49,14.48,19.82,286.97,347
4478,149.41608,Balisee_5,1187.35,989.13,23.04,20.81,479.44,538
4478,149.41608,Balisee_4,1587.0,1670.1,19.82,23.49,465.63,492
4478,149.41608,Balisee_3,2730.93,1201.04,26.7,21.92,585.25,585
4478,149.41608,Balisee_1,1212.54,1219.75,14.49,19.86,287.64,360
4479,149.44945,Balisee_5,1187.28,989.36,22.82,21.42,488.76,539
4479,149.44945,Balisee_4,1587.09,1669.8,19.68,23.6,464.36,484
4479,149.44945,Balisee_3,2730.63,1201.01,26.72,21.99,587.4,589
4479,149.44945,Balisee_1,1212.82,1219.9,14.17,19.46,275.86,359
4479,149.44945,Balisee_2,1127.79,1623.76,17.39,18.35,319.19,404
4480,149.48282,Balisee_5,1187.44,989.53,22.61,21.83,493.58,535
4480,149.48282,Balisee_4,1587.27,1669.02,19.08,23.47,447.67,486
4480,149.48282,Balisee_3,2730.31,1200.99,26.88,22.03,592.19,598
4480,149.48282,Balisee_2,1127.87,1623.11,17.37,18.42,319.85,395
4480,149.48282,Balisee_1,1213.04,1219.97,14.04,19.47,273.32,359
4481,149.51618,Balisee_5,1187.53,989.64,22.66,22.09,500.63,550
4481,149.51618,Balisee_4,1587.28,1668.77,18.44,23.36,430.62,492
4481,149.51618,Balisee_3,2730.23,1199.03,26.98,22.06,595.14,586
4481,149.51618,Balisee_2,1127.98,1622.87,17.31,18.77,324.95,386
4481,149.51618,Balisee_1,1213.35,1220.14,14.27,19.37,276.34,356
4482,149.54955,Balisee_5,1187.81,989.89,22.97,22.4,514.58,558
4482,149.54955,Balisee_3,2729.92,1199.0,27.06,22.0,595.51,582
4482,149.54955,Balisee_4,1587.29,1668.01,18.45,22.9,422.58,497
4482,149.54955,Balisee_2,1128.22,1622.61,17.72,19.14,339.2,402
4482,149.54955,Balisee_1,1213.73,1219.99,14.6,19.11,279.14,354
4483,149.58292,Balisee_5,1187.95,990.04,22.96,22.62,519.36,570
4483,149.58292,Balisee_3,2729.44,1198.86,26.96,21.73,585.84,573
4483,149.58292,Balisee_4,1587.21,1667.11,18.16,21.75,394.88,487
4483,149.58292,Balisee_2,1128.35,1622.37,17.74,19.48,345.62,408
4483,149.58292,Balisee_1,1213.8,1220.16,14.66,19.15,280.65,350
4484,149.61628,Balisee_5,1188.33,990.5,23.6,23.17,546.79,589
4484,149.61628,Balisee_3,2729.13,1198.9,26.93,21.81,587.24,573
4484,149.61628,Balisee_4,1587.38,1666.66,17.96,21.7,389.68,484
4484,149.61628,Balisee_2,1128.4,1621.98,17.76,20.24,359.46,404
4484,149.61628,Balisee_1,1213.93,1220.48,14.69,19.5,286.46,348
4485,149.64965,Balisee_5,1188.42,990.74,23.91,23.11,552.58,598
4485,149.64965,Balisee_3,2728.76,1198.99,26.68,21.99,586.68,568
4485,149.64965,Balisee_4,1587.37,1666.56,18.29,22.12,404.44,488
4485,149.64965,Balisee_2,1128.31,1621.82,17.86,20.49,365.98,411
4485,149.64965,Balisee_1,1214.14,1220.79,14.29,19.32,276.05,332
4486,149.68302,Balisee_5,1188.33,990.95,23.82,23.14,551.07,609
4486,149.68302,Balisee_3,2728.37,1199.02,26.59,22.04,586.22,572
4486,149.68302,Balisee_4,1587.48,1665.79,18.51,20.94,387.75,470
4486,149.68302,Balisee_2,1128.46,1621.56,17.8,20.93,372.49,415
4486,149.68302,Balisee_1,1214.28,1221.06,14.08,19.51,274.72,338
4487,149.71638,Balisee_5,1188.41,991.0,24.07,22.74,547.35,605
4487,149.71638,Balisee_3,2727.84,1201.0,26.2,22.01,576.61,567
4487,149.71638,Balisee_4,1587.66,1665.67,18.7,21.47,401.51,474
4487,149.71638,Balisee_1,1214.59,1221.64,14.02,19.89,278.86,347
4488,149.74975,Balisee_5,1188.52,990.84,24.11,22.46,541.51,605
4488,149.74975,Balisee_3,2727.7,1201.08,25.79,21.84,563.33,567
4488,149.74975,Balisee_4,1587.82,1665.26,18.67,21.1,393.93,484
4488,149.74975,Balisee_1,1215.12,1222.09,14.02,20.4,286.17,355
4488,149.74975,Balisee_2,1128.78,1621.29,18.13,21.44,388.73,407
4489,149.78312,Balisee_5,1188.59,990.87,24.18,22.43,542.47,590
4489,149.78312,Balisee_3,2727.37,1201.03,25.35,21.94,556.23,576
4489,149.78312,Balisee_4,1587.72,1664.0,18.92,19.92,376.85,479
4489,149.78312,Balisee_1,1215.57,1222.22,13.81,20.48,282.87,337
4490,149.81648,Balisee_5,1188.57,990.97,24.13,22.23,536.34,593
4490,149.81648,Balisee_3,2727.11,1200.96,25.45,22.08,562.0,571
4490,149.81648,Balisee_4,1587.62,1663.33,19.28,20.03,386.32,495
4490,149.81648,Balisee_1,1215.97,1222.17,13.82,20.35,281.33,327
4491,149.84985,Balisee_5,1188.56,991.17,24.19,22.52,544.84,597
4491,149.84985,Balisee_3,2726.93,1201.11,25.47,21.77,554.43,573
4491,149.84985,Balisee_4,1587.63,1663.05,19.5,20.54,400.6,499
4491,149.84985,Balisee_1,1216.32,1222.14,13.42,20.28,272.08,328
4492,149.88322,Balisee_5,1188.38,991.1,24.04,22.45,539.72,591
4492,149.88322,Balisee_3,2726.52,1201.12,25.76,21.77,560.74,578
4492,149.88322,Balisee_4,1587.76,1663.13,19.83,21.21,420.62,503
4492,149.88322,Balisee_1,1216.6,1222.4,13.38,20.8,278.2,333
4493,149.91658,Balisee_5,1188.5,991.2,24.11,22.52,543.03,593
4493,149.91658,Balisee_3,2726.37,1201.26,25.69,21.49,552.05,585
4493,149.91658,Balisee_4,1587.76,1663.51,20.09,22.5,452.08,513
4494,149.94995,Balisee_5,1188.46,991.21,24.17,22.32,539.4,587
4494,149.94995,Balisee_3,2726.04,1201.28,25.65,21.45,550.26,576
4494,149.94995,Balisee_4,1587.83,1663.15,20.46,22.27,455.64,509
4494,149.94995,Balisee_1,1216.92,1225.01,13.68,21.98,300.67,331
4495,149.98332,Balisee_5,1188.52,991.23,24.3,21.95,533.34,597
4495,149.98332,Balisee_3,2725.96,1201.35,25.53,21.32,544.11,582
4495,149.98332,Balisee_4,1588.1,1663.23,20.56,22.49,462.41,504
4495,149.98332,Balisee_1,1217.01,1225.24,13.56,21.55,292.3,337
4496,150.01668,Balisee_5,1188.64,991.33,24.4,21.56,526.06,601
4496,150.01668,Balisee_3,2725.98,1201.3,25.49,21.41,545.66,580
4496,150.01668,Balisee_4,1588.43,1663.41,20.74,23.05,477.96,511
4496,150.01668,Balisee_1,1217.35,1225.54,13.96,20.99,293.0,342
4496,150.01668,Balisee_2,1131.09,1618.44,17.84,17.96,320.36,380
4497,150.05005,Balisee_5,1188.57,991.45,24.25,21.16,513.21,596
4497,150.05005,Balisee_3,2725.83,1201.41,25.59,21.19,542.34,590
4497,150.05005,Balisee_4,1588.6,1663.2,20.71,22.36,463.1,506
4497,150.05005,Balisee_1,1217.55,1225.82,14.38,20.53,295.25,357
4498,150.08342,Balisee_5,1188.45,991.44,24.12,21.01,506.68,587
4498,150.08342,Balisee_3,2725.77,1201.47,25.59,21.06,538.8,590
4498,150.08342,Balisee_4,1588.85,1662.98,20.45,21.81,446.18,497
4498,150.08342,Balisee_1,1217.87,1225.9,14.83,20.69,306.88,372
4499,150.11678,Balisee_5,1188.52,991.52,24.33,20.83,506.79,577
4499,150.11678,Balisee_3,2725.8,1201.46,25.79,21.08,543.82,595
4499,150.11678,Balisee_1,1218.11,1226.33,14.65,20.34,297.99,374
4499,150.11678,Balisee_4,1588.99,1662.15,20.39,20.84,424.89,494
4500,150.15015,Balisee_5,1188.48,991.68,24.61,20.75,510.64,582
4500,150.15015,Balisee_3,2725.72,1201.53,25.92,20.96,543.42,580
4500,150.15015,Balisee_1,1218.64,1226.68,14.92,20.2,301.28,367
4500,150.15015,Balisee_4,1589.29,1662.2,20.13,21.48,432.39,500
4501,150.18352,Balisee_5,1188.4,991.77,24.53,20.83,511.04,590
4501,150.18352,Balisee_3,2725.79,1201.55,26.26,20.92,549.33,591
4501,150.18352,Balisee_1,1218.86,1226.79,15.23,20.21,307.79,364
4501,150.18352,Balisee_4,1589.5,1661.6,19.95,21.13,421.68,502
4502,150.21688,Balisee_5,1188.18,991.57,24.23,21.11,511.68,585
4502,150.21688,Balisee_3,2725.61,1201.73,26.14,20.59,538.17,586
4502,150.21688,Balisee_1,1218.86,1226.94,15.1,19.88,300.3,330
4502,150.21688,Balisee_4,1589.62,1660.83,19.8,20.83,412.44,505
4503,150.25025,Balisee_5,1188.05,991.58,24.04,21.7,521.66,584
4503,150.25025,Balisee_3,2725.54,1201.85,26.07,20.35,530.6,576
4503,150.25025,Balisee_4,1589.6,1660.38,19.99,20.59,411.48,515
4503,150.25025,Balisee_1,1218.86,1227.7,14.47,20.12,291.03,315
4504,150.28362,Balisee_5,1188.0,991.56,24.02,22.41,538.16,597
4504,150.28362,Balisee_3,2725.55,1201.93,26.41,20.28,535.65,576
4504,150.28362,Balisee_4,1589.47,1659.92,19.88,20.14,400.51,515
4504,150.28362,Balisee_1,1218.72,1228.45,13.94,19.33,269.41,292
4505,150.31698,Balisee_5,1188.01,992.05,24.57,23.16,569.19,622
4505,150.31698,Balisee_3,2725.21,1202.15,26.01,20.01,520.4,574
4505,150.31698,Balisee_4,1589.59,1659.92,20.13,20.39,410.47,534
4505,150.31698,Balisee_1,1218.88,1228.68,14.03,19.22,269.59,293
4506,150.35035,Balisee_5,1188.0,991.93,24.3,23.23,564.45,633
4506,150.35035,Balisee_3,2725.11,1202.32,25.62,19.89,509.59,555
4506,150.35035,Balisee_4,1589.71,1660.01,20.2,20.84,420.99,554
4506,150.35035,Balisee_2,1131.18,1616.63,17.93,17.61,315.81,352
4506,150.35035,Balisee_1,1219.02,1229.04,14.13,18.99,268.4,298
4507,150.38372,Balisee_5,1188.42,992.99,25.04,23.61,591.19,648
4507,150.38372,Balisee_3,2724.82,1202.66,25.45,20.05,510.28,563
4507,150.38372,Balisee_4,1589.72,1659.24,20.27,20.37,412.85,542
4507,150.38372,Balisee_1,1219.01,1229.26,14.1,19.36,272.87,304
4507,150.38372,Balisee_2,1131.11,1616.32,17.99,17.38,312.66,350
4508,150.41708,Balisee_5,1188.75,992.58,25.58,23.79,608.59,671
4508,150.41708,Balisee_3,2724.85,1203.07,25.18,20.36,512.58,564
4508,150.41708,Balisee_4,1589.74,1659.0,20.64,20.09,414.68,556
4509,150.45045,Balisee_5,1189.18,992.96,26.32,23.61,621.3,670
4509,150.45045,Balisee_3,2724.81,1203.41,25.29,20.52,518.98,578
4509,150.45045,Balisee_4,1589.9,1659.0,20.71,20.14,417.14,547
4509,150.45045,Balisee_2,1131.18,1615.75,17.77,17.32,307.65,322
4509,150.45045,Balisee_1,1219.54,1229.22,15.09,19.65,296.45,334
4510,150.48382,Balisee_5,1189.36,993.24,26.98,24.41,658.68,694
4510,150.48382,Balisee_3,2724.21,1203.76,25.32,20.38,515.98,586
4510,150.48382,Balisee_2,1131.17,1615.38,17.85,17.66,315.19,323
4510,150.48382,Balisee_4,1589.77,1658.83,21.08,20.34,428.82,549
4510,150.48382,Balisee_1,1219.59,1229.2,15.18,19.85,301.41,331
4511,150.51718,Balisee_5,1189.16,993.56,26.77,25.38,679.4,711
4511,150.51718,Balisee_3,2723.89,1203.88,25.79,20.51,528.92,593
4511,150.51718,Balisee_4,1589.61,1658.57,21.08,20.28,427.53,540
4511,150.51718,Balisee_1,1219.7,1229.08,15.4,19.72,303.8,332
4511,150.51718,Balisee_2,1131.08,1614.85,18.01,17.85,321.54,329
4512,150.55055,Balisee_3,2723.24,1204.23,26.42,20.51,541.86,587
4512,150.55055,Balisee_5,1189.13,993.96,27.11,25.56,693.15,728
4512,150.55055,Balisee_4,1589.57,1658.42,20.86,20.67,431.11,544
4512,150.55055,Balisee_2,1131.01,1614.49,18.11,18.33,332.03,329
4512,150.55055,Balisee_1,1219.73,1229.14,15.46,19.49,301.28,335
4513,150.58392,Balisee_3,2723.02,1204.41,26.32,20.26,533.39,575
4513,150.58392,Balisee_5,1189.11,993.83,27.31,25.48,696.0,739
4513,150.58392,Balisee_4,1589.58,1658.12,20.87,20.83,434.82,523
4513,150.58392,Balisee_1,1219.79,1229.35,15.59,19.29,300.64,339
4514,150.61728,Balisee_3,2723.01,1204.69,26.28,20.21,531.09,570
4514,150.61728,Balisee_5,1189.07,994.04,27.44,25.04,687.23,737
4514,150.61728,Balisee_4,1589.58,1657.94,20.11,21.2,426.27,516
4514,150.61728,Balisee_1,1219.79,1229.66,15.58,19.14,298.32,334
4514,150.61728,Balisee_2,1130.89,1613.86,18.33,18.49,338.91,345
4515,150.65065,Balisee_3,2722.98,1204.79,26.33,20.21,532.14,564
4515,150.65065,Balisee_5,1189.12,994.0,27.49,24.86,683.41,751
4515,150.65065,Balisee_4,1589.72,1657.6,19.85,21.16,419.98,507
4515,150.65065,Balisee_1,1219.87,1230.01,15.75,18.72,294.76,348
4515,150.65065,Balisee_2,1131.05,1613.69,18.16,18.25,331.48,325
4516,150.68402,Balisee_3,2722.86,1204.99,26.24,20.11,527.63,560
4516,150.68402,Balisee_5,1189.33,993.96,27.59,25.07,691.54,758
4516,150.68402,Balisee_4,1589.76,1657.43,19.76,21.33,421.52,480
4516,150.68402,Balisee_1,1219.85,1230.29,15.69,18.81,295.15,352
4516,150.68402,Balisee_2,1130.98,1613.44,18.23,17.89,326.04,327
4517,150.71738,Balisee_5,1189.7,993.95,27.96,25.22,705.12,764
4517,150.71738,Balisee_3,2722.84,1205.06,26.18,20.21,528.97,563
4517,150.71738,Balisee_1,1219.84,1230.57,15.68,19.13,299.94,354
4517,150.71738,Balisee_4,1589.87,1657.37,19.88,21.43,426.0,483
4517,150.71738,Balisee_2,1130.95,1613.18,18.31,18.0,329.7,322
4518,150.75075,Balisee_5,1189.99,994.14,28.15,24.97,702.73,761
4518,150.75075,Balisee_3,2722.75,1204.97,26.06,20.26,527.9,561
4518,150.75075,Balisee_1,1219.98,1230.95,15.96,19.11,304.96,355
4518,150.75075,Balisee_4,1590.07,1657.22,20.07,21.72,435.89,485
4518,150.75075,Balisee_2,1131.0,1612.84,18.28,17.59,321.47,321
4519,150.78412,Balisee_5,1190.28,994.1,28.42,24.99,710.09,765
4519,150.78412,Balisee_3,2722.48,1204.97,25.69,20.27,520.64,545
4519,150.78412,Balisee_1,1219.97,1231.26,15.94,19.35,308.47,363
4519,150.78412,Balisee_2,1131.01,1612.57,18.15,17.34,314.77,315
4519,150.78412,Balisee_4,1590.36,1654.86,19.9,21.73,432.45,478
4520,150.81748,Balisee_5,1190.32,994.12,28.3,25.0,707.5,754
4520,150.81748,Balisee_3,2722.41,1204.93,25.64,20.22,518.33,546
4520,150.81748,Balisee_4,1590.32,1654.53,20.34,21.06,428.49,485
4520,150.81748,Balisee_1,1220.1,1231.71,16.2,19.58,317.13,372
4520,150.81748,Balisee_2,1131.04,1612.36,18.19,17.41,316.84,315
4521,150.85085,Balisee_5,1190.27,994.1,28.39,24.69,700.89,751
4521,150.85085,Balisee_3,2722.24,1204.79,25.53,20.23,516.52,556
4521,150.85085,Balisee_4,1590.14,1654.22,20.8,20.46,425.58,477
4521,150.85085,Balisee_1,1220.25,1231.97,16.5,19.18,316.56,362
4522,150.88422,Balisee_5,1190.35,994.17,28.45,24.41,694.6,889
4522,150.88422,Balisee_3,2721.96,1204.79,25.65,20.51,526.02,555
4522,150.88422,Balisee_4,1590.15,1653.69,21.01,19.51,409.85,508
4522,150.88422,Balisee_1,1220.43,1232.31,16.86,19.07,321.66,379
4523,150.91758,Balisee_5,1190.44,994.28,28.73,24.65,708.2,734
4523,150.91758,Balisee_3,2721.8,1204.64,25.4,20.19,512.74,558
4523,150.91758,Balisee_4,1590.24,1654.1,21.28,20.48,435.99,532
4523,150.91758,Balisee_1,1220.58,1232.54,17.15,18.83,323.04,368
4523,150.91758,Balisee_2,1131.14,1611.11,18.11,17.98,325.55,314
4524,150.95095,Balisee_5,1190.57,994.45,28.87,24.16,697.36,737
4524,150.95095,Balisee_3,2721.63,1204.55,25.3,20.41,516.33,558
4524,150.95095,Balisee_4,1590.07,1654.02,21.31,20.69,441.03,544
4524,150.95095,Balisee_1,1220.68,1232.71,17.36,18.63,323.5,352
4525,150.98432,Balisee_3,2721.56,1204.47,25.29,20.78,525.55,558
4525,150.98432,Balisee_5,1190.73,994.83,29.15,23.83,694.54,727
4525,150.98432,Balisee_4,1589.86,1653.95,21.52,20.53,441.82,538
4525,150.98432,Balisee_1,1220.75,1232.61,17.49,18.76,328.23,346
4526,151.01768,Balisee_3,2721.2,1204.46,25.28,20.66,522.46,560
4526,151.01768,Balisee_5,1190.66,995.07,29.15,23.44,683.34,729
4526,151.01768,Balisee_4,1589.79,1653.81,21.12,20.35,429.94,517
4526,151.01768,Balisee_1,1220.66,1232.91,17.33,18.41,318.99,326
4527,151.05105,Balisee_3,2721.0,1204.46,25.2,20.88,526.21,569
4527,151.05105,Balisee_5,1190.75,995.35,29.43,22.84,672.31,722
4527,151.05105,Balisee_4,1589.82,1653.8,20.96,20.07,420.79,490
4527,151.05105,Balisee_1,1220.8,1233.15,17.61,18.42,324.3,313
4527,151.05105,Balisee_2,1131.2,1610.36,17.97,19.28,346.58,308
4528,151.08442,Balisee_3,2721.07,1204.29,25.62,20.96,536.96,568
4528,151.08442,Balisee_5,1190.83,995.58,29.5,22.8,672.59,719
4528,151.08442,Balisee_4,1590.02,1653.56,20.38,19.47,396.65,476
4528,151.08442,Balisee_2,1131.1,1610.11,18.13,19.79,358.74,314
4528,151.08442,Balisee_1,1223.52,1236.25,13.63,23.5,320.37,310
4529,151.11778,Balisee_3,2720.84,1204.28,25.78,20.89,538.55,572
4529,151.11778,Balisee_5,1191.04,995.69,29.82,22.81,680.17,717
4529,151.11778,Balisee_4,1590.13,1653.7,20.25,19.64,397.69,455
4529,151.11778,Balisee_2,1131.22,1610.0,17.96,20.0,359.17,308
4529,151.11778,Balisee_1,1223.62,1236.22,13.72,23.57,323.43,330
4530,151.15115,Balisee_3,2720.51,1204.41,25.9,20.92,541.72,563
4530,151.15115,Balisee_5,1191.16,995.83,29.91,22.38,669.42,695
4530,151.15115,Balisee_4,1590.57,1653.46,19.91,19.69,392.18,462
4530,151.15115,Balisee_2,1131.21,1609.9,17.85,20.2,360.54,310
4530,151.15115,Balisee_1,1224.34,1236.2,14.51,23.6,342.39,351
4531,151.18452,Balisee_3,2720.33,1204.63,26.06,21.2,552.48,571
4531,151.18452,Balisee_5,1191.06,996.21,30.45,21.98,669.2,694
4531,151.18452,Balisee_4,1590.86,1653.39,19.72,19.83,391.05,460
4531,151.18452,Balisee_2,1131.18,1609.81,17.95,20.38,365.7,345
4531,151.18452,Balisee_1,1224.55,1236.18,14.59,23.66,345.27,365
4532,151.21788,Balisee_3,2720.18,1204.83,26.41,21.14,558.33,559
4532,151.21788,Balisee_5,1191.15,996.34,30.28,21.79,659.93,692
4532,151.21788,Balisee_4,1591.24,1653.15,19.78,19.97,394.87,456
4532,151.21788,Balisee_2,1131.21,1609.73,18.1,20.53,371.6,348
4532,151.21788,Balisee_1,1224.85,1236.35,14.71,23.3,342.7,360
4533,151.25125,Balisee_3,2719.95,1205.06,26.69,21.05,561.78,559
4533,151.25125,Balisee_5,1190.92,996.31,30.74,21.96,675.05,695
4533,151.25125,Balisee_4,1591.39,1652.34,19.98,19.17,382.98,454
4533,151.25125,Balisee_2,1131.18,1606.34,18.03,20.68,372.84,340
4533,151.25125,Balisee_1,1225.05,1236.36,14.69,23.28,341.87,373
4534,151.28462,Balisee_3,2719.81,1205.27,26.61,20.84,554.5,547
4534,151.28462,Balisee_5,1190.9,996.21,31.05,22.26,691.12,693
4534,151.28462,Balisee_4,1591.51,1651.77,20.28,19.39,393.16,464
4534,151.28462,Balisee_2,1131.11,1606.19,18.22,20.37,371.21,334
4534,151.28462,Balisee_1,1225.54,1236.48,14.6,23.06,336.56,362
4535,151.31798,Balisee_3,2719.81,1205.53,26.8,20.57,551.41,537
4535,151.31798,Balisee_5,1190.81,996.37,31.14,22.2,691.18,688
4535,151.31798,Balisee_4,1591.64,1651.33,20.28,19.86,402.93,468
4535,151.31798,Balisee_2,1131.08,1605.94,18.16,19.89,361.27,326
4535,151.31798,Balisee_1,1225.9,1236.6,14.51,22.81,330.82,363
4536,151.35135,Balisee_3,2719.76,1205.61,26.98,20.65,557.25,545
4536,151.35135,Balisee_5,1190.87,996.39,31.3,22.41,701.46,682
4536,151.35135,Balisee_4,1591.8,1651.12,20.47,20.79,425.73,488
4536,151.35135,Balisee_2,1131.15,1609.41,18.11,21.18,383.57,328
4536,151.35135,Balisee_1,1226.01,1236.7,14.4,22.62,325.74,368
4537,151.38472,Balisee_3,2719.54,1205.91,26.67,20.64,550.38,534
4537,151.38472,Balisee_4,1591.96,1650.96,20.99,20.99,440.44,506
4537,151.38472,Balisee_5,1190.79,996.31,31.19,22.22,693.04,685
4537,151.38472,Balisee_2,1131.19,1605.71,18.04,19.42,350.45,325
4537,151.38472,Balisee_1,1225.9,1236.83,14.4,22.35,321.77,366
4538,151.41808,Balisee_3,2719.46,1205.97,27.07,20.61,557.95,541
4538,151.41808,Balisee_4,1592.08,1650.87,21.4,20.97,448.86,513
4538,151.41808,Balisee_5,1190.81,996.39,31.3,22.34,699.25,691
4538,151.41808,Balisee_2,1131.4,1605.51,18.29,19.01,347.66,325
4538,151.41808,Balisee_1,1226.15,1237.2,14.27,21.62,308.55,346
4539,151.45145,Balisee_3,2719.5,1206.18,27.08,20.55,556.48,557
4539,151.45145,Balisee_4,1592.25,1650.67,21.64,21.07,455.93,521
4539,151.45145,Balisee_5,1190.78,996.5,31.09,22.23,690.98,679
4539,151.45145,Balisee_2,1131.45,1605.42,18.39,18.84,346.39,326
4539,151.45145,Balisee_1,1226.21,1237.49,13.82,21.03,290.6,334
4540,151.48482,Balisee_3,2719.44,1206.32,27.23,20.47,557.38,557
4540,151.48482,Balisee_4,1592.25,1650.54,21.69,20.88,452.93,524
4540,151.48482,Balisee_5,1190.99,996.49,31.08,22.32,693.68,683
4540,151.48482,Balisee_2,1131.53,1605.32,18.73,18.63,349.05,334
4540,151.48482,Balisee_1,1226.66,1237.88,13.52,20.25,273.79,313
4541,151.51818,Balisee_3,2719.49,1206.45,27.53,20.6,567.06,559
4541,151.51818,Balisee_4,1591.94,1650.36,21.42,21.22,454.61,529
4541,151.51818,Balisee_1,1226.72,1238.04,13.35,19.98,266.79,304
4541,151.51818,Balisee_5,1191.2,996.58,30.54,22.02,672.27,670
4541,151.51818,Balisee_2,1131.51,1605.02,19.09,18.04,344.37,334
4542,151.55155,Balisee_3,2719.39,1206.63,27.5,20.69,568.94,569
4542,151.55155,Balisee_4,1591.77,1650.2,21.18,20.91,442.93,513
4542,151.55155,Balisee_1,1226.61,1238.06,12.9,19.96,257.43,289
4542,151.55155,Balisee_5,1191.31,996.63,30.45,21.86,665.47,673
4542,151.55155,Balisee_2,1131.69,1605.05,19.14,18.1,346.35,343
4543,151.58492,Balisee_3,2719.4,1207.04,27.49,20.87,573.59,567
4543,151.58492,Balisee_4,1591.64,1650.07,20.81,20.45,425.52,492
4543,151.58492,Balisee_5,1191.42,996.58,30.38,21.81,662.59,667
4543,151.58492,Balisee_1,1226.87,1238.16,12.98,19.87,257.93,289
4543,151.58492,Balisee_2,1131.76,1604.85,19.27,17.71,341.29,343
4544,151.61828,Balisee_3,2719.3,1207.33,27.21,20.61,560.8,570
4544,151.61828,Balisee_4,1591.33,1649.65,20.56,20.26,416.51,479
4544,151.61828,Balisee_5,1191.43,996.76,30.28,21.41,648.28,661
4544,151.61828,Balisee_1,1226.87,1238.28,13.23,19.73,261.11,296
4545,151.65165,Balisee_3,2718.89,1207.28,26.51,20.66,547.49,562
4545,151.65165,Balisee_4,1591.1,1649.23,20.55,19.64,403.54,457
4545,151.65165,Balisee_5,1191.3,996.82,30.17,21.1,636.55,649
4545,151.65165,Balisee_1,1226.85,1238.39,13.28,19.55,259.63,313
4546,151.68502,Balisee_3,2718.68,1207.52,26.15,20.8,543.93,548
4546,151.68502,Balisee_4,1590.99,1648.66,20.55,19.7,404.77,433
4546,151.68502,Balisee_5,1191.22,996.81,29.96,20.97,628.37,652
4546,151.68502,Balisee_1,1226.94,1238.55,13.48,19.49,262.77,335
4546,151.68502,Balisee_2,1131.58,1604.48,18.72,17.02,318.72,336
4547,151.71839,Balisee_3,2718.63,1207.57,26.04,20.94,545.41,557
4547,151.71839,Balisee_4,1591.2,1648.65,20.69,20.17,417.46,438
4547,151.71839,Balisee_5,1191.13,996.43,30.43,21.62,657.86,666
4547,151.71839,Balisee_1,1226.83,1238.78,13.77,19.42,267.49,357
4548,151.75175,Balisee_3,2718.7,1207.74,25.95,20.98,544.43,558
4548,151.75175,Balisee_4,1591.2,1648.14,20.61,20.12,414.6,439
4548,151.75175,Balisee_1,1227.18,1239.03,14.04,19.48,273.56,350
4548,151.75175,Balisee_5,1190.98,996.26,30.54,21.77,664.76,666
4548,151.75175,Balisee_2,1131.44,1604.06,18.6,16.49,306.73,323
4549,151.78512,Balisee_3,2718.62,1208.01,25.83,20.96,541.3,548
4549,151.78512,Balisee_4,1591.12,1647.71,20.29,20.12,408.07,423
4549,151.78512,Balisee_5,1190.97,996.53,30.44,21.66,659.45,667
4549,151.78512,Balisee_1,1227.1,1239.59,14.01,19.35,271.15,352
4550,151.81849,Balisee_3,2718.52,1208.28,25.63,20.92,536.0,547
4550,151.81849,Balisee_4,1591.19,1647.18,20.54,20.36,418.31,410
4550,151.81849,Balisee_5,1191.19,996.45,30.33,21.82,661.7,667
4550,151.81849,Balisee_1,1227.29,1239.88,14.09,19.38,273.1,355
4550,151.81849,Balisee_2,1131.56,1603.7,18.62,16.58,308.67,324
4551,151.85185,Balisee_3,2718.54,1208.48,25.65,21.2,543.73,542
4551,151.85185,Balisee_4,1591.16,1646.75,20.58,19.81,407.74,422
4551,151.85185,Balisee_1,1227.47,1240.12,14.22,19.51,277.42,353
4551,151.85185,Balisee_5,1191.27,996.45,30.5,22.03,671.89,676
4551,151.85185,Balisee_2,1131.55,1603.46,18.75,16.64,312.05,335
4552,151.88522,Balisee_3,2718.73,1208.75,25.86,21.14,546.67,545
4552,151.88522,Balisee_4,1591.39,1646.3,20.74,19.76,409.84,416
4552,151.88522,Balisee_1,1227.67,1240.39,14.42,19.59,282.51,349
4552,151.88522,Balisee_2,1131.58,1603.52,18.86,16.66,314.1,345
4552,151.88522,Balisee_5,1191.23,996.49,30.43,22.0,669.32,672
4553,151.91859,Balisee_3,2718.86,1208.89,25.85,20.96,541.8,545
4553,151.91859,Balisee_4,1591.59,1646.29,21.29,20.0,425.86,427
4553,151.91859,Balisee_2,1131.51,1603.46,18.96,16.38,310.45,344
4553,151.91859,Balisee_1,1227.75,1240.93,14.6,18.93,276.49,335
4553,151.91859,Balisee_5,1191.31,996.55,30.47,21.81,664.49,669
4554,151.95195,Balisee_3,2718.98,1209.0,25.94,20.96,543.7,557
4554,151.95195,Balisee_4,1591.72,1645.93,21.41,20.22,432.85,442
4554,151.95195,Balisee_2,1131.56,1603.31,18.87,16.22,306.03,348
4554,151.95195,Balisee_5,1191.34,996.89,30.35,22.05,669.22,677
4554,151.95195,Balisee_1,1227.82,1241.17,14.87,18.96,281.87,331
4555,151.98532,Balisee_3,2719.03,1208.9,26.02,21.02,546.83,553
4555,151.98532,Balisee_4,1591.76,1645.42,21.0,20.14,423.0,434
4555,151.98532,Balisee_5,1191.22,997.02,30.22,21.72,656.39,676
4555,151.98532,Balisee_2,1131.6,1603.24,19.17,16.38,313.97,351
4555,151.98532,Balisee_1,1227.74,1241.26,15.13,18.9,285.99,336
4556,152.01869,Balisee_3,2719.24,1208.99,26.27,21.2,556.79,553
4556,152.01869,Balisee_4,1591.75,1645.0,21.28,20.47,435.64,447
4556,152.01869,Balisee_2,1131.44,1603.11,19.08,16.25,310.01,341
4556,152.01869,Balisee_5,1191.34,997.07,30.2,21.47,648.45,665
4556,152.01869,Balisee_1,1227.91,1241.36,14.95,19.34,289.17,345
4557,152.05205,Balisee_3,2719.25,1208.9,26.38,21.18,558.72,549
4557,152.05205,Balisee_4,1591.93,1644.92,21.53,20.61,443.77,459
4557,152.05205,Balisee_5,1191.51,997.18,30.25,21.51,650.73,668
4557,152.05205,Balisee_2,1131.41,1602.98,18.88,16.17,305.31,337
4557,152.05205,Balisee_1,1228.3,1241.3,14.62,19.51,285.2,340
4558,152.08542,Balisee_4,1591.98,1645.0,21.8,20.56,448.11,467
4558,152.08542,Balisee_3,2719.4,1209.03,26.56,21.04,558.97,542
4558,152.08542,Balisee_5,1191.57,997.2,30.14,21.3,642.11,669
4558,152.08542,Balisee_2,1131.21,1602.82,18.85,16.22,305.68,341
4558,152.08542,Balisee_1,1228.89,1241.36,14.78,19.64,290.24,347
4559,152.11879,Balisee_4,1592.12,1644.68,21.77,20.48,445.92,463
4559,152.11879,Balisee_3,2719.53,1208.99,26.53,21.16,561.16,533
4559,152.11879,Balisee_5,1191.55,997.29,29.99,21.2,635.69,659
4559,152.11879,Balisee_2,1130.98,1602.57,18.68,16.09,300.57,327
4560,152.15215,Balisee_4,1591.97,1644.4,21.48,20.32,436.48,448
4560,152.15215,Balisee_3,2719.45,1209.0,26.53,21.06,558.66,532
4560,152.15215,Balisee_5,1191.45,997.29,29.99,21.37,640.71,666
4560,152.15215,Balisee_2,1130.92,1602.0,18.62,16.26,302.82,315
4561,152.18552,Balisee_4,1592.01,1644.48,21.76,20.25,440.6,453
4561,152.18552,Balisee_3,2719.34,1208.97,26.4,20.98,553.64,529
4562,152.21889,Balisee_4,1591.83,1644.23,21.66,19.8,428.81,446
4562,152.21889,Balisee_3,2719.31,1209.01,26.31,20.74,545.69,537
4562,152.21889,Balisee_5,1191.58,997.53,30.0,21.33,639.93,661
4562,152.21889,Balisee_1,1229.78,1241.38,13.83,19.54,270.3,338
4563,152.25225,Balisee_4,1591.72,1643.91,21.65,19.33,418.6,435
4563,152.25225,Balisee_3,2719.04,1208.99,25.93,20.8,539.33,541
4563,152.25225,Balisee_2,1130.5,1600.86,19.33,16.35,316.12,309
4563,152.25225,Balisee_1,1229.72,1241.46,13.52,19.23,259.92,336
4563,152.25225,Balisee_5,1191.41,997.65,30.22,21.3,643.89,669
4564,152.28562,Balisee_3,2718.86,1208.92,25.73,20.68,532.15,524
4564,152.28562,Balisee_4,1591.6,1643.76,21.58,19.16,413.43,442
4564,152.28562,Balisee_5,1191.42,997.91,30.28,21.38,647.54,660
4564,152.28562,Balisee_1,1229.66,1241.67,13.22,18.87,249.46,328
4564,152.28562,Balisee_2,1130.18,1600.54,19.93,16.31,324.98,324
4565,152.31899,Balisee_3,2718.59,1209.19,25.59,20.8,532.25,528
4565,152.31899,Balisee_4,1591.74,1643.57,21.42,19.31,413.66,440
4565,152.31899,Balisee_5,1191.55,998.18,30.69,21.88,671.52,665
4565,152.31899,Balisee_1,1229.57,1241.75,13.31,18.75,249.48,324
4566,152.35235,Balisee_3,2718.61,1209.13,25.63,20.89,535.51,540
4566,152.35235,Balisee_4,1591.91,1643.4,21.98,19.47,427.94,455
4566,152.35235,Balisee_5,1191.4,998.18,30.69,22.09,677.82,669
4566,152.35235,Balisee_1,1229.89,1242.14,13.15,18.51,243.39,330
4566,152.35235,Balisee_2,1130.0,1599.92,20.33,16.07,326.81,324
4567,152.38572,Balisee_3,2718.26,1209.08,25.9,20.9,541.22,544
4567,152.38572,Balisee_4,1591.97,1643.2,21.98,19.54,429.61,467
4567,152.38572,Balisee_5,1191.4,998.3,30.96,22.13,685.29,673
4567,152.38572,Balisee_1,1230.06,1242.29,13.5,18.56,250.53,332
4568,152.41909,Balisee_3,2718.14,1209.39,25.98,21.02,546.25,544
4568,152.41909,Balisee_4,1592.0,1643.16,22.25,19.96,444.12,484
4568,152.41909,Balisee_5,1191.46,998.28,31.1,22.11,687.53,680
4568,152.41909,Balisee_1,1230.21,1242.59,13.68,18.62,254.8,321
4568,152.41909,Balisee_2,1129.81,1599.56,20.61,16.79,346.13,339
4569,152.45245,Balisee_3,2717.94,1209.37,26.5,21.13,559.78,542
4569,152.45245,Balisee_4,1591.96,1642.86,22.19,19.51,432.76,482
4569,152.45245,Balisee_5,1191.42,998.32,31.02,22.16,687.4,685
4569,152.45245,Balisee_1,1230.43,1243.12,13.59,19.1,259.44,336
4570,152.48582,Balisee_3,2717.69,1209.47,26.79,21.22,568.5,552
4570,152.48582,Balisee_4,1591.69,1642.77,22.74,19.58,445.27,496
4570,152.48582,Balisee_5,1191.52,998.54,30.81,22.25,685.57,679
4570,152.48582,Balisee_1,1230.62,1243.65,14.01,19.77,276.85,347
4570,152.48582,Balisee_2,1129.68,1599.01,20.72,16.71,346.25,365
4571,152.51919,Balisee_3,2717.4,1209.55,26.97,21.25,573.18,553
4571,152.51919,Balisee_4,1591.62,1642.38,23.24,19.65,456.67,502
4571,152.51919,Balisee_5,1191.18,998.68,30.84,22.32,688.27,663
4571,152.51919,Balisee_2,1129.49,1598.64,21.05,16.45,346.32,361
4571,152.51919,Balisee_1,1230.87,1244.39,14.18,20.01,283.71,351
4572,152.55255,Balisee_3,2716.99,1209.65,26.78,21.36,571.93,556
4572,152.55255,Balisee_4,1591.34,1642.29,23.08,19.67,454.03,500
4572,152.55255,Balisee_5,1190.76,998.73,30.8,22.62,696.65,665
4572,152.55255,Balisee_1,1230.88,1244.52,14.33,19.83,284.11,353
4573,152.58592,Balisee_3,2716.89,1209.63,26.96,21.44,578.01,550
4573,152.58592,Balisee_4,1591.4,1642.26,23.02,19.77,455.23,491
4573,152.58592,Balisee_5,1190.92,998.96,29.83,22.41,668.38,657
4573,152.58592,Balisee_1,1231.06,1244.7,14.5,19.85,287.86,363
4573,152.58592,Balisee_2,1129.28,1597.95,21.46,15.8,339.07,353
4574,152.61929,Balisee_3,2716.72,1209.78,26.78,21.47,575.08,544
4574,152.61929,Balisee_4,1591.34,1641.95,22.74,19.34,439.69,479
4574,152.61929,Balisee_5,1190.43,999.0,29.71,22.31,662.91,653
4574,152.61929,Balisee_1,1231.1,1244.96,14.44,19.68,284.26,373
4574,152.61929,Balisee_2,1129.22,1597.82,21.56,15.71,338.63,349
4575,152.65265,Balisee_3,2716.65,1209.96,26.92,21.72,584.52,559
4575,152.65265,Balisee_4,1591.17,1641.73,22.78,19.04,433.77,465
4575,152.65265,Balisee_5,1190.29,998.71,29.97,22.33,669.32,648
4575,152.65265,Balisee_1,1231.2,1245.26,14.58,19.91,290.22,351
4576,152.68602,Balisee_3,2716.44,1210.11,26.5,21.78,577.12,553
4576,152.68602,Balisee_4,1591.16,1641.2,22.5,18.8,423.02,445
4576,152.68602,Balisee_5,1189.85,998.61,30.25,22.32,675.41,644
4576,152.68602,Balisee_2,1129.16,1597.29,21.68,15.46,335.18,348
4576,152.68602,Balisee_1,1231.18,1245.44,14.56,20.14,293.14,526
4577,152.71939,Balisee_3,2716.26,1210.27,26.37,21.94,578.57,546
4577,152.71939,Balisee_4,1591.16,1640.95,22.64,18.65,422.25,445
4577,152.71939,Balisee_5,1189.81,998.6,30.15,22.2,669.49,636
4577,152.71939,Balisee_2,1126.92,1596.86,21.83,15.48,337.89,346
4577,152.71939,Balisee_1,1231.02,1246.25,14.23,20.14,286.64,354
4578,152.75275,Balisee_4,1590.96,1640.76,22.46,18.58,417.35,444
4578,152.75275,Balisee_3,2716.22,1210.56,26.45,22.23,587.91,547
4578,152.75275,Balisee_5,1189.7,998.79,30.02,21.9,657.37,630
4578,152.75275,Balisee_1,1231.13,1247.0,14.48,20.2,292.42,367
4579,152.78612,Balisee_3,2716.09,1210.96,26.29,22.32,586.88,544
4579,152.78612,Balisee_4,1591.04,1640.65,22.4,18.24,408.55,436
4579,152.78612,Balisee_5,1189.47,998.94,29.72,21.67,644.07,626
4579,152.78612,Balisee_1,1231.23,1247.66,14.63,19.82,289.95,360
4579,152.78612,Balisee_2,1126.77,1596.49,21.54,15.57,335.39,363
4580,152.81949,Balisee_3,2715.91,1211.11,25.89,22.31,577.46,544
4580,152.81949,Balisee_4,1590.71,1640.46,22.64,18.04,408.33,453
4580,152.81949,Balisee_5,1189.17,999.05,29.93,21.12,632.21,620
4580,152.81949,Balisee_1,1231.43,1247.87,15.0,19.43,291.32,342
4580,152.81949,Balisee_2,1126.65,1596.27,21.31,15.58,331.92,373
4581,152.85285,Balisee_3,2715.86,1211.51,25.72,22.33,574.46,535
4581,152.85285,Balisee_4,1590.43,1640.17,22.96,17.83,409.41,454
4581,152.85285,Balisee_5,1188.83,999.15,29.76,20.99,624.65,610
4581,152.85285,Balisee_1,1231.48,1248.12,15.08,19.65,296.29,346
4581,152.85285,Balisee_2,1126.58,1596.15,21.16,15.47,327.42,360
4582,152.88622,Balisee_3,2715.84,1211.94,25.51,22.35,570.31,530
4582,152.88622,Balisee_4,1665.94,1617.83,18.72,15.29,286.22,350
4582,152.88622,Balisee_5,1188.6,999.48,29.64,21.06,624.39,607
4582,152.88622,Balisee_2,1126.52,1596.16,21.05,15.44,324.94,364
4582,152.88622,Balisee_1,1232.11,1249.14,13.81,21.72,300.01,350
4583,152.91959,Balisee_3,2715.95,1212.44,25.2,22.13,557.56,535
4583,152.91959,Balisee_4,1665.86,1617.91,19.05,15.44,294.1,365
4583,152.91959,Balisee_5,1188.52,999.68,29.8,21.15,630.19,601
4583,152.91959,Balisee_2,1126.54,1596.16,21.08,15.58,328.56,368
4583,152.91959,Balisee_1,1232.12,1249.21,13.45,21.59,290.43,345
4584,152.95295,Balisee_3,2715.97,1212.68,25.29,21.96,555.24,545
4584,152.95295,Balisee_5,1188.24,999.99,29.91,21.47,642.2,599
4584,152.95295,Balisee_4,1665.7,1618.15,19.24,15.59,299.9,357
4584,152.95295,Balisee_2,1126.62,1596.2,21.24,15.63,332.02,380
4585,152.98632,Balisee_3,2716.11,1213.02,24.9,21.76,541.96,527
4585,152.98632,Balisee_5,1188.06,1000.07,29.8,21.43,638.73,604
4585,152.98632,Balisee_4,1665.56,1618.46,19.38,15.65,303.29,352
4585,152.98632,Balisee_2,1126.54,1596.3,21.1,15.61,329.3,379
4585,152.98632,Balisee_1,1232.39,1249.61,13.98,21.22,296.66,358
4586,153.01969,Balisee_3,2716.13,1213.35,25.1,21.67,543.98,535
4586,153.01969,Balisee_5,1187.78,1000.41,29.61,21.89,648.14,608
4586,153.01969,Balisee_4,1665.09,1618.66,19.24,15.57,299.44,356
4586,153.01969,Balisee_2,1126.44,1596.28,20.92,15.64,327.23,387
4586,153.01969,Balisee_1,1232.06,1250.07,13.87,20.86,289.28,359
4587,153.05305,Balisee_3,2716.25,1213.53,25.01,21.52,538.16,534
4587,153.05305,Balisee_5,1187.67,1000.56,29.6,21.79,644.9,600
4587,153.05305,Balisee_4,1664.8,1619.09,18.52,15.62,289.29,361
4587,153.05305,Balisee_2,1126.31,1596.47,20.67,15.55,321.33,373
4587,153.05305,Balisee_1,1232.14,1250.66,14.13,20.49,289.58,352
4588,153.08642,Balisee_3,2716.15,1213.61,24.86,21.38,531.51,545
4588,153.08642,Balisee_4,1664.56,1619.52,18.28,15.53,284.03,361
4588,153.08642,Balisee_5,1187.72,1000.62,29.42,21.5,632.45,588
4588,153.08642,Balisee_2,1126.29,1596.36,20.66,15.83,327.09,370
4588,153.08642,Balisee_1,1232.22,1251.01,14.07,19.96,280.81,347
4589,153.11979,Balisee_3,2716.05,1213.95,24.95,21.69,541.02,538
4589,153.11979,Balisee_4,1664.07,1619.97,17.93,15.86,284.38,358
4589,153.11979,Balisee_5,1187.75,1000.64,29.27,21.29,623.04,586
4589,153.11979,Balisee_2,1126.15,1596.43,20.37,15.87,323.27,368
4589,153.11979,Balisee_1,1232.27,1251.25,14.2,19.86,281.93,340
4590,153.15315,Balisee_3,2716.11,1213.91,24.87,21.61,537.49,541
4590,153.15315,Balisee_4,1663.81,1620.24,17.65,15.41,272.1,358
4590,153.15315,Balisee_5,1187.14,1000.65,29.35,21.28,624.56,575
4590,153.15315,Balisee_2,1125.91,1596.41,20.01,15.82,316.61,358
4590,153.15315,Balisee_1,1232.22,1251.38,14.25,19.84,282.72,336
4591,153.18652,Balisee_3,2715.94,1214.25,24.98,21.93,547.86,550
4591,153.18652,Balisee_4,1663.8,1620.45,17.79,15.74,280.01,363
4591,153.18652,Balisee_5,1187.47,1000.6,29.17,20.98,612.04,592
4591,153.18652,Balisee_2,1125.86,1596.36,19.92,15.79,314.53,363
4591,153.18652,Balisee_1,1232.18,1251.73,14.18,19.85,281.41,327
4592,153.21989,Balisee_3,2715.82,1214.5,24.98,21.94,548.14,545
4592,153.21989,Balisee_4,1663.71,1620.84,17.67,15.4,272.09,361
4592,153.21989,Balisee_5,1187.25,1000.83,28.9,20.76,599.75,581
4592,153.21989,Balisee_2,1125.78,1596.13,19.82,15.37,304.51,354
4592,153.21989,Balisee_1,1232.18,1252.02,14.05,19.11,268.51,311
4593,153.25325,Balisee_3,2715.85,1214.71,25.12,21.87,549.32,539
4593,153.25325,Balisee_4,1663.52,1620.97,17.59,15.5,272.63,364
4593,153.25325,Balisee_5,1187.11,1000.89,28.55,20.52,585.97,569
4593,153.25325,Balisee_2,1125.55,1596.08,19.61,15.27,299.51,359
4593,153.25325,Balisee_1,1232.38,1252.17,14.41,19.21,276.68,323
4594,153.28662,Balisee_3,2715.84,1214.94,25.23,21.93,553.38,546
4594,153.28662,Balisee_4,1663.41,1621.19,17.61,15.29,269.26,359
4594,153.28662,Balisee_5,1187.31,1001.2,28.83,20.81,600.1,571
4594,153.28662,Balisee_1,1232.56,1252.71,14.63,19.31,282.58,315
4594,153.28662,Balisee_2,1125.67,1596.16,19.84,15.5,307.51,365
4595,153.31999,Balisee_3,2715.61,1215.15,25.06,22.12,554.56,544
4595,153.31999,Balisee_4,1663.17,1621.23,17.77,15.29,271.62,359
4595,153.31999,Balisee_5,1186.93,1001.37,29.02,21.06,611.27,563
4595,153.31999,Balisee_1,1232.34,1252.97,14.33,19.19,275.07,309
4595,153.31999,Balisee_2,1125.5,1595.96,19.68,15.31,301.28,360
4596,153.35335,Balisee_3,2715.74,1215.38,24.87,22.13,550.33,549
4596,153.35335,Balisee_5,1186.92,1001.54,29.16,21.81,636.06,575
4596,153.35335,Balisee_4,1589.38,1638.08,22.86,18.74,428.31,463
4596,153.35335,Balisee_1,1232.37,1253.13,14.1,19.14,269.73,310
4596,153.35335,Balisee_2,1125.53,1595.93,19.98,15.38,307.37,378
4597,153.38672,Balisee_3,2715.79,1215.6,25.05,22.12,554.14,552
4597,153.38672,Balisee_5,1186.77,1001.91,29.25,22.67,663.23,580
4597,153.38672,Balisee_4,1663.12,1621.61,17.62,15.23,268.27,373
4597,153.38672,Balisee_1,1232.13,1253.42,13.8,19.47,268.66,311
4598,153.42009,Balisee_3,2715.69,1216.08,24.95,21.7,541.44,548
4598,153.42009,Balisee_5,1186.81,1002.05,28.95,22.7,657.06,572
4598,153.42009,Balisee_4,1663.0,1621.88,17.47,15.37,268.61,379
4598,153.42009,Balisee_1,1232.03,1253.68,13.63,19.52,266.08,320
4598,153.42009,Balisee_2,1125.11,1595.71,20.48,15.37,314.86,388
4599,153.45345,Balisee_3,2715.72,1216.63,24.82,21.82,541.47,538
4599,153.45345,Balisee_5,1186.95,1002.08,28.86,22.68,654.49,588
4599,153.45345,Balisee_4,1663.07,1622.19,17.34,15.39,266.75,368
4599,153.45345,Balisee_1,1232.55,1253.74,14.01,19.78,277.01,336
4599,153.45345,Balisee_2,1125.19,1595.81,20.36,15.43,314.1,380
4600,153.48682,Balisee_3,2715.73,1217.12,24.69,22.21,548.33,533
4600,153.48682,Balisee_5,1186.77,1002.17,28.43,22.8,648.06,579
4600,153.48682,Balisee_4,1663.12,1622.47,17.56,15.72,276.02,373
4600,153.48682,Balisee_2,1125.03,1595.84,20.27,15.31,310.27,390
4600,153.48682,Balisee_1,1232.69,1253.91,13.93,19.74,274.95,338
4601,153.52019,Balisee_5,1186.89,1002.18,28.46,23.17,659.49,599
4601,153.52019,Balisee_3,2715.62,1217.62,24.38,22.31,544.03,544
4601,153.52019,Balisee_4,1663.0,1622.89,17.77,15.53,275.97,354
4601,153.52019,Balisee_1,1232.72,1254.35,13.96,19.47,271.71,343
4601,153.52019,Balisee_2,1124.91,1595.64,20.25,15.28,309.33,392
4602,153.55355,Balisee_5,1187.05,1002.34,28.17,22.93,646.15,597
4602,153.55355,Balisee_3,2715.5,1217.81,24.24,22.35,541.89,549
4602,153.55355,Balisee_4,1662.85,1623.3,17.67,15.55,274.73,347
4602,153.55355,Balisee_1,1232.81,1254.66,13.94,19.43,270.92,341
4603,153.58692,Balisee_5,1187.05,1002.35,27.96,23.19,648.17,602
4603,153.58692,Balisee_3,2715.59,1217.97,24.29,22.13,537.64,549
4603,153.58692,Balisee_4,1662.83,1623.47,17.82,15.3,272.63,344
4603,153.58692,Balisee_2,1124.84,1595.31,19.97,15.12,301.92,386
4603,153.58692,Balisee_1,1232.74,1254.95,14.09,19.66,276.95,353
4604,153.62029,Balisee_5,1187.16,1002.8,27.9,23.23,648.18,610
4604,153.62029,Balisee_4,1662.47,1624.09,17.47,15.22,265.99,337
4604,153.62029,Balisee_3,2715.47,1218.12,23.95,22.31,534.27,548
4604,153.62029,Balisee_2,1124.66,1595.22,19.99,15.04,300.57,388
4604,153.62029,Balisee_1,1232.86,1255.13,14.1,19.81,279.37,360
4605,153.65365,Balisee_5,1187.14,1003.14,27.68,23.12,640.01,605
4605,153.65365,Balisee_3,2715.04,1218.2,24.13,22.15,534.41,563
4605,153.65365,Balisee_4,1662.16,1624.37,17.56,15.26,268.06,321
4605,153.65365,Balisee_2,1124.23,1595.04,20.13,14.94,300.72,383
4605,153.65365,Balisee_1,1232.68,1255.52,13.96,19.87,277.26,360
4606,153.68702,Balisee_5,1187.21,1003.51,27.66,22.9,633.4,598
4606,153.68702,Balisee_4,1661.92,1624.72,17.54,15.58,273.24,324
4606,153.68702,Balisee_3,2715.02,1218.28,24.54,22.03,540.58,569
4606,153.68702,Balisee_2,1123.94,1595.02,20.07,14.78,296.68,376
4606,153.68702,Balisee_1,1232.81,1255.94,14.04,19.61,275.17,368
4607,153.72039,Balisee_5,1187.27,1003.78,27.65,22.56,623.73,572
4607,153.72039,Balisee_4,1661.78,1625.11,17.29,15.78,272.86,322
4607,153.72039,Balisee_3,2714.7,1218.24,23.98,21.99,527.23,557
4607,153.72039,Balisee_2,1123.75,1594.77,20.05,14.77,296.1,378
4607,153.72039,Balisee_1,1233.04,1256.4,14.26,19.6,279.48,363
4608,153.75375,Balisee_5,1187.32,1003.36,27.46,21.15,580.96,547
4608,153.75375,Balisee_4,1661.72,1625.43,17.25,16.27,280.76,326
4608,153.75375,Balisee_3,2714.91,1218.21,23.63,22.26,526.07,551
4608,153.75375,Balisee_2,1123.72,1594.69,20.48,15.12,309.58,389
4608,153.75375,Balisee_1,1233.52,1256.43,14.21,19.7,279.93,375
4609,153.78712,Balisee_5,1187.44,1003.93,27.5,22.18,609.94,569
4609,153.78712,Balisee_4,1661.55,1625.77,17.31,16.19,280.38,331
4609,153.78712,Balisee_3,2714.84,1218.06,23.51,22.27,523.59,560
4609,153.78712,Balisee_2,1123.51,1594.51,20.51,15.03,308.25,391
4609,153.78712,Balisee_1,1233.87,1256.63,14.05,19.54,274.59,363
4610,153.82049,Balisee_5,1186.86,1003.66,26.98,21.63,583.52,562
4610,153.82049,Balisee_3,2714.44,1218.01,23.2,22.25,516.19,557
4610,153.82049,Balisee_4,1661.36,1626.14,17.44,16.14,281.53,326
4610,153.82049,Balisee_2,1123.3,1594.54,20.88,15.34,320.18,396
4610,153.82049,Balisee_1,1234.03,1256.69,14.09,19.68,277.24,359
4611,153.85385,Balisee_5,1186.88,1003.46,26.65,21.02,559.97,555
4611,153.85385,Balisee_3,2714.28,1218.03,22.84,22.06,503.91,546
4611,153.85385,Balisee_4,1661.2,1626.4,17.38,16.4,284.99,322
4611,153.85385,Balisee_2,1122.9,1594.45,20.76,14.99,311.3,376
4611,153.85385,Balisee_1,1234.07,1256.95,13.76,19.34,266.1,346
4612,153.88722,Balisee_5,1186.75,1003.64,26.34,21.28,560.54,540
4612,153.88722,Balisee_3,2714.22,1217.99,22.77,22.35,509.06,549
4612,153.88722,Balisee_4,1587.12,1635.63,23.7,18.45,437.28,480
4612,153.88722,Balisee_2,1122.82,1594.45,20.79,15.08,313.48,375
4612,153.88722,Balisee_1,1234.15,1256.96,13.72,19.48,267.31,348
4613,153.92059,Balisee_5,1186.76,1003.76,26.4,21.38,564.45,533
4613,153.92059,Balisee_3,2714.19,1217.98,22.65,22.38,506.79,555
4613,153.92059,Balisee_4,1661.0,1626.7,17.32,16.24,281.39,310
4613,153.92059,Balisee_2,1122.67,1594.42,20.71,15.09,312.44,364
4613,153.92059,Balisee_1,1234.21,1257.58,13.62,19.21,261.63,343
4614,153.95395,Balisee_3,2714.13,1217.98,22.71,22.38,508.22,559
4614,153.95395,Balisee_4,1660.9,1626.76,17.41,16.09,280.15,292
4614,153.95395,Balisee_5,1186.72,1003.68,26.39,21.35,563.48,530
4614,153.95395,Balisee_2,1122.35,1594.24,20.39,14.96,304.95,359
4614,153.95395,Balisee_1,1234.6,1257.96,13.76,18.92,260.22,348
4615,153.98732,Balisee_3,2714.07,1217.89,22.62,22.33,505.22,551
4615,153.98732,Balisee_5,1186.54,1003.56,26.31,21.05,553.74,525
4615,153.98732,Balisee_4,1660.83,1627.06,17.33,16.26,281.82,295
4615,153.98732,Balisee_2,1121.99,1593.79,19.99,14.7,293.8,358
4615,153.98732,Balisee_1,1234.93,1258.2,13.96,18.53,258.69,357
4616,154.02069,Balisee_3,2714.13,1217.96,22.61,22.6,511.02,547
4616,154.02069,Balisee_5,1186.41,1003.6,26.3,20.96,551.24,525
4616,154.02069,Balisee_4,1660.77,1627.14,17.2,16.24,279.39,296
4616,154.02069,Balisee_2,1121.91,1593.23,20.18,14.62,295.03,358
4616,154.02069,Balisee_1,1235.33,1258.45,14.23,18.88,268.69,362
4617,154.05405,Balisee_3,2714.07,1218.04,22.68,22.5,510.38,548
4617,154.05405,Balisee_5,1186.66,1003.42,25.92,20.82,539.6,513
4617,154.05405,Balisee_4,1660.79,1627.28,17.09,16.27,278.08,292
4617,154.05405,Balisee_2,1121.62,1592.71,20.05,14.72,295.22,356
4617,154.05405,Balisee_1,1235.78,1258.74,14.34,18.71,268.32,374
4618,154.08742,Balisee_3,2714.08,1218.11,22.53,22.71,511.69,558
4618,154.08742,Balisee_5,1186.47,1003.25,25.67,20.64,529.92,511
4618,154.08742,Balisee_4,1660.82,1627.17,17.03,16.27,277.16,290
4618,154.08742,Balisee_1,1235.95,1259.03,14.27,18.74,267.38,360
4618,154.08742,Balisee_2,1121.54,1592.38,20.34,15.01,305.21,360
4619,154.12079,Balisee_3,2713.95,1218.22,22.45,22.79,511.52,543
4619,154.12079,Balisee_5,1186.28,1003.31,25.62,20.79,532.79,507
4619,154.12079,Balisee_4,1660.54,1627.16,17.25,16.38,282.57,296
4619,154.12079,Balisee_1,1236.21,1258.93,14.25,18.85,268.59,357
4619,154.12079,Balisee_2,1121.21,1591.83,21.01,15.02,315.7,363
4620,154.15415,Balisee_3,2713.8,1218.4,22.33,22.77,508.29,549
4620,154.15415,Balisee_5,1185.86,1003.1,25.48,21.01,535.32,505
4620,154.15415,Balisee_4,1660.47,1627.13,17.04,16.35,278.52,295
4620,154.15415,Balisee_1,1236.18,1259.18,14.24,18.56,264.42,357
4621,154.18752,Balisee_3,2713.82,1218.55,22.51,22.77,512.61,553
4621,154.18752,Balisee_5,1185.85,1003.09,25.36,20.9,530.14,504
4621,154.18752,Balisee_4,1660.42,1627.13,17.05,16.3,277.85,295
4621,154.18752,Balisee_1,1236.26,1259.38,14.16,18.72,265.23,351
4621,154.18752,Balisee_2,1120.86,1590.81,21.15,14.85,314.09,383
4622,154.22089,Balisee_3,2713.76,1218.74,22.37,22.64,506.44,551
4622,154.22089,Balisee_5,1185.76,1003.05,25.47,21.11,537.62,513
4622,154.22089,Balisee_4,1660.39,1627.11,16.85,16.36,275.78,290
4622,154.22089,Balisee_1,1236.8,1259.58,14.26,18.97,270.47,347
4623,154.25425,Balisee_3,2713.78,1218.85,22.26,22.8,507.6,544
4623,154.25425,Balisee_5,1185.67,1003.02,25.69,20.93,537.87,504
4623,154.25425,Balisee_4,1660.52,1627.0,16.77,16.39,274.8,286
4623,154.25425,Balisee_1,1237.04,1259.87,14.23,18.81,267.56,347
4623,154.25425,Balisee_2,1120.96,1590.12,20.79,13.92,289.49,394
4624,154.28762,Balisee_3,2713.62,1218.97,22.5,22.59,508.28,546
4624,154.28762,Balisee_5,1185.7,1002.89,25.55,20.8,531.32,509
4624,154.28762,Balisee_4,1660.49,1626.95,16.55,16.3,269.76,282
4624,154.28762,Balisee_1,1237.26,1260.14,14.39,18.82,270.97,353
4624,154.28762,Balisee_2,1121.08,1589.83,20.9,14.0,292.51,384
4625,154.32099,Balisee_3,2713.54,1219.24,22.55,22.57,509.03,548
4625,154.32099,Balisee_5,1185.7,1002.65,25.51,21.31,543.78,502
4625,154.32099,Balisee_4,1660.59,1626.92,16.58,16.39,271.67,284
4625,154.32099,Balisee_1,1237.56,1260.39,14.06,18.54,260.68,352
4625,154.32099,Balisee_2,1121.05,1589.76,20.77,14.29,296.89,382
4626,154.35435,Balisee_3,2713.48,1219.52,22.66,22.59,512.05,549
4626,154.35435,Balisee_5,1185.76,1002.22,25.33,22.07,559.23,503
4626,154.35435,Balisee_4,1660.47,1627.01,16.43,16.36,268.68,291
4626,154.35435,Balisee_2,1120.98,1589.26,20.7,14.14,292.65,373
4626,154.35435,Balisee_1,1237.68,1260.81,14.22,18.77,266.87,342
4627,154.38772,Balisee_3,2713.22,1219.85,22.85,22.6,516.5,568
4627,154.38772,Balisee_5,1185.58,1002.21,25.17,22.05,554.89,514
4627,154.38772,Balisee_4,1660.23,1627.09,16.73,16.55,276.93,286
4627,154.38772,Balisee_2,1120.71,1589.07,20.62,14.14,291.6,360
4627,154.38772,Balisee_1,1237.74,1261.05,14.23,19.07,271.29,352
4628,154.42109,Balisee_3,2713.16,1220.01,22.94,22.87,524.58,564
4628,154.42109,Balisee_5,1185.49,1002.02,24.66,22.21,547.72,498
4628,154.42109,Balisee_4,1659.93,1627.32,16.83,16.46,277.07,281
4628,154.42109,Balisee_2,1120.69,1589.03,20.67,14.27,294.92,357
4628,154.42109,Balisee_1,1237.81,1261.62,14.27,18.93,270.08,356
4629,154.45445,Balisee_5,1185.67,1001.83,24.83,22.45,557.42,509
4629,154.45445,Balisee_3,2713.25,1220.24,22.86,23.32,533.04,565
4629,154.45445,Balisee_4,1659.7,1627.43,16.77,16.14,270.61,288
4629,154.45445,Balisee_2,1120.69,1588.89,20.58,14.55,299.41,360
4629,154.45445,Balisee_1,1237.9,1261.89,14.25,19.02,270.98,362
4630,154.48782,Balisee_5,1185.61,1001.61,24.48,23.14,566.34,503
4630,154.48782,Balisee_3,2713.37,1220.45,22.75,23.69,538.79,571
4630,154.48782,Balisee_4,1659.54,1627.44,17.05,16.35,278.65,295
4630,154.48782,Balisee_2,1120.65,1588.47,20.4,14.49,295.64,368
4630,154.48782,Balisee_1,1238.08,1262.2,14.12,18.87,266.35,355
4631,154.52119,Balisee_5,1185.54,1001.48,24.39,23.12,563.81,495
4631,154.52119,Balisee_3,2713.4,1220.59,22.53,23.52,529.93,578
4631,154.52119,Balisee_4,1659.45,1627.61,17.21,16.49,283.8,296
4631,154.52119,Balisee_2,1120.71,1588.31,20.3,14.69,298.1,372
4631,154.52119,Balisee_1,1238.09,1262.47,14.0,18.91,264.85,344
4632,154.55455,Balisee_5,1185.6,1001.58,24.19,22.59,546.39,514
4632,154.55455,Balisee_3,2713.57,1220.55,21.96,23.62,518.69,560
4632,154.55455,Balisee_4,1659.47,1627.78,17.16,16.78,287.97,287
4632,154.55455,Balisee_2,1120.67,1588.19,19.95,14.72,293.57,371
4632,154.55455,Balisee_1,1238.19,1262.81,13.87,18.86,261.53,331
4633,154.58792,Balisee_5,1185.43,1001.57,24.28,22.59,548.6,515
4633,154.58792,Balisee_3,2713.38,1220.87,21.93,23.63,518.31,548
4633,154.58792,Balisee_4,1659.28,1627.85,15.97,16.88,269.66,294
4633,154.58792,Balisee_1,1238.22,1263.22,13.95,18.95,264.49,324
4633,154.58792,Balisee_2,1120.54,1588.3,19.93,14.51,289.03,370
4634,154.62129,Balisee_5,1185.43,1001.74,24.43,22.37,546.55,519
4634,154.62129,Balisee_3,2713.64,1220.98,22.03,23.53,518.32,544
4634,154.62129,Balisee_4,1659.28,1628.14,16.06,17.09,274.54,297
4634,154.62129,Balisee_1,1238.37,1263.56,13.9,18.57,258.19,310
4634,154.62129,Balisee_2,1120.45,1588.35,20.18,14.6,294.74,378
4635,154.65465,Balisee_5,1185.43,1002.09,24.29,22.14,537.91,522
4635,154.65465,Balisee_3,2713.28,1221.23,21.91,23.25,509.48,539
4635,154.65465,Balisee_4,1659.25,1628.33,16.04,17.34,278.07,308
4635,154.65465,Balisee_1,1238.44,1263.9,14.24,18.43,262.43,321
4635,154.65465,Balisee_2,1120.41,1588.37,20.22,14.8,299.22,373
4636,154.68802,Balisee_5,1185.34,1002.42,24.27,22.13,537.19,519
4636,154.68802,Balisee_3,2713.01,1221.96,22.12,22.93,507.26,535
4636,154.68802,Balisee_4,1659.01,1628.55,15.78,17.6,277.82,310
4636,154.68802,Balisee_1,1238.46,1264.34,14.11,18.1,255.47,315
4636,154.68802,Balisee_2,1120.27,1588.33,20.46,14.75,301.7,376
4637,154.72139,Balisee_5,1185.56,1002.86,24.17,22.74,549.66,509
4637,154.72139,Balisee_3,2713.02,1222.36,22.03,23.22,511.54,544
4637,154.72139,Balisee_4,1659.13,1628.88,15.73,17.45,274.39,304
4637,154.72139,Balisee_1,1238.92,1264.67,14.51,18.36,266.32,316
4637,154.72139,Balisee_2,1120.27,1588.35,20.69,14.48,299.61,372
4638,154.75475,Balisee_5,1185.8,1002.35,24.29,21.94,532.99,494
4638,154.75475,Balisee_3,2712.91,1222.62,22.24,23.12,514.24,540
4638,154.75475,Balisee_4,1659.18,1629.08,15.94,17.16,273.53,298
4638,154.75475,Balisee_2,1120.25,1588.27,20.52,14.46,296.58,368
4638,154.75475,Balisee_1,1239.01,1264.81,14.66,18.6,272.69,311
4639,154.78812,Balisee_5,1186.15,1002.44,24.28,21.49,521.72,510
4639,154.78812,Balisee_3,2712.84,1222.84,22.35,23.14,517.34,547
4639,154.78812,Balisee_4,1658.95,1629.51,15.86,16.9,267.97,294
4639,154.78812,Balisee_2,1120.35,1588.37,20.52,14.3,293.44,372
4639,154.78812,Balisee_1,1239.32,1264.92,14.68,18.64,273.7,325
4640,154.82149,Balisee_5,1186.18,1003.01,24.29,21.96,533.35,515
4640,154.82149,Balisee_3,2712.65,1223.12,22.75,23.34,531.01,561
4640,154.82149,Balisee_4,1658.67,1630.15,15.8,17.0,268.6,296
4640,154.82149,Balisee_2,1120.11,1588.21,20.64,14.41,297.39,373
4640,154.82149,Balisee_1,1239.25,1265.08,14.97,18.87,282.33,340
4641,154.85485,Balisee_5,1186.37,1003.24,23.88,21.48,512.97,503
4641,154.85485,Balisee_3,2712.68,1223.23,22.68,23.35,529.52,554
4641,154.85485,Balisee_4,1658.43,1630.48,15.62,16.89,263.79,289
4641,154.85485,Balisee_2,1120.12,1588.26,20.56,14.37,295.58,372
4641,154.85485,Balisee_1,1239.49,1265.36,15.14,19.03,288.22,345
4642,154.88822,Balisee_5,1186.54,1003.27,23.54,21.29,501.22,490
4642,154.88822,Balisee_3,2712.95,1223.36,22.2,23.45,520.49,549
4642,154.88822,Balisee_4,1658.58,1630.95,15.55,17.25,268.33,299
4642,154.88822,Balisee_2,1120.28,1588.2,20.55,14.44,296.88,435
4642,154.88822,Balisee_1,1240.01,1265.66,15.02,19.14,287.45,353
4643,154.92159,Balisee_5,1186.48,1003.21,23.31,21.41,499.08,483
4643,154.92159,Balisee_3,2712.97,1223.37,22.19,23.64,524.52,550
4643,154.92159,Balisee_4,1658.53,1631.24,15.7,17.26,270.98,299
4643,154.92159,Balisee_1,1240.06,1265.65,15.21,19.09,290.28,347
4643,154.92159,Balisee_2,1120.01,1588.02,20.17,14.24,287.25,379
4644,154.95495,Balisee_5,1186.66,1003.21,23.06,21.5,495.75,476
4644,154.95495,Balisee_3,2712.99,1223.31,22.24,23.84,530.2,553
4644,154.95495,Balisee_4,1658.45,1631.43,15.79,17.53,276.9,301
4644,154.95495,Balisee_1,1240.28,1265.59,15.29,19.1,292.12,348
4644,154.95495,Balisee_2,1119.99,1587.76,20.21,14.12,285.43,368
4645,154.98832,Balisee_5,1186.71,1003.21,22.89,21.54,492.89,465
4645,154.98832,Balisee_3,2712.96,1223.54,22.27,23.91,532.32,564
4645,154.98832,Balisee_4,1658.36,1631.8,15.77,17.72,279.42,309
4645,154.98832,Balisee_1,1240.46,1265.81,15.35,19.06,292.47,334
4645,154.98832,Balisee_2,1119.83,1587.93,20.01,14.03,280.8,373
4646,155.02169,Balisee_5,1186.64,1003.06,22.44,21.43,480.74,458
4646,155.02169,Balisee_3,2712.96,1223.56,22.33,23.86,532.74,562
4646,155.02169,Balisee_4,1658.3,1632.1,15.7,17.62,276.66,304
4646,155.02169,Balisee_1,1240.4,1266.17,15.14,18.66,282.56,331
4646,155.02169,Balisee_2,1119.78,1587.92,19.93,14.03,279.69,378
4647,155.05506,Balisee_5,1186.86,1003.04,22.37,21.14,472.99,451
4647,155.05506,Balisee_3,2712.98,1223.5,22.24,23.94,532.26,561
4647,155.05506,Balisee_4,1658.22,1632.14,15.48,17.57,271.93,314
4647,155.05506,Balisee_1,1240.63,1266.42,14.58,18.1,263.95,314
4647,155.05506,Balisee_2,1119.94,1587.76,19.93,14.14,281.83,388
4648,155.08842,Balisee_5,1187.02,1002.9,22.43,21.01,471.27,451
4648,155.08842,Balisee_3,2712.92,1223.62,22.32,24.11,538.25,564
4648,155.08842,Balisee_4,1658.29,1632.27,15.51,17.23,267.22,312
4648,155.08842,Balisee_1,1240.74,1266.71,14.42,17.62,253.99,300
4648,155.08842,Balisee_2,1119.92,1587.77,20.14,14.09,283.66,390
4649,155.12179,Balisee_5,1187.19,1002.99,22.68,21.37,484.65,464
4649,155.12179,Balisee_4,1658.43,1632.34,15.84,17.11,271.1,317
4649,155.12179,Balisee_3,2712.95,1223.71,22.21,23.93,531.41,556
4649,155.12179,Balisee_1,1241.07,1266.8,14.28,17.71,252.94,297
4649,155.12179,Balisee_2,1119.82,1587.62,19.74,14.09,278.18,382
4650,155.15516,Balisee_5,1187.27,1003.04,22.71,21.14,480.07,476
4650,155.15516,Balisee_4,1658.93,1632.48,15.61,16.76,261.6,305
4650,155.15516,Balisee_3,2712.92,1224.38,22.23,23.91,531.47,542
4650,155.15516,Balisee_1,1241.26,1267.1,13.96,17.32,241.81,282
4650,155.15516,Balisee_2,1119.96,1587.33,19.95,14.27,284.75,387
4651,155.18852,Balisee_5,1187.35,1003.13,22.92,21.1,483.76,489
4651,155.18852,Balisee_3,2712.71,1224.63,22.61,23.98,542.14,558
4651,155.18852,Balisee_4,1658.97,1632.59,15.72,16.91,265.69,309
4651,155.18852,Balisee_1,1241.53,1267.25,13.91,17.52,243.57,289
4651,155.18852,Balisee_2,1119.96,1587.26,20.07,14.4,289.02,381
4652,155.22189,Balisee_3,2712.68,1224.88,22.69,24.01,544.95,562
4652,155.22189,Balisee_5,1187.65,1003.29,23.32,21.53,501.94,505
4652,155.22189,Balisee_4,1659.08,1632.5,15.79,16.77,264.7,305
4652,155.22189,Balisee_1,1241.73,1267.36,13.92,17.51,243.71,297
4652,155.22189,Balisee_2,1119.99,1587.16,20.07,14.44,289.73,383
4653,155.25526,Balisee_3,2712.78,1224.96,22.51,24.04,541.15,557
4653,155.25526,Balisee_5,1187.83,1003.21,23.43,21.63,506.76,503
4653,155.25526,Balisee_4,1659.38,1632.63,15.61,16.76,261.66,291
4653,155.25526,Balisee_2,1120.2,1586.79,20.07,14.56,292.31,393
4653,155.25526,Balisee_1,1242.11,1267.48,14.25,17.78,253.24,308
4654,155.28862,Balisee_5,1187.92,1003.36,23.3,21.63,503.93,500
4654,155.28862,Balisee_3,2712.67,1225.16,22.71,24.1,547.26,559
4654,155.28862,Balisee_4,1659.37,1632.71,15.83,16.79,265.79,303
4654,155.28862,Balisee_2,1120.14,1586.68,19.91,14.47,288.2,375
4654,155.28862,Balisee_1,1242.32,1267.7,14.14,17.97,254.17,311
4655,155.32199,Balisee_5,1188.07,1003.95,23.32,22.06,514.35,503
4655,155.32199,Balisee_3,2712.59,1225.44,22.85,23.89,546.02,559
4655,155.32199,Balisee_4,1659.4,1632.96,15.9,16.82,267.46,297
4655,155.32199,Balisee_2,1120.14,1586.61,19.89,14.63,290.86,376
4655,155.32199,Balisee_1,1242.7,1267.85,14.34,18.05,258.85,315
4656,155.35536,Balisee_5,1188.17,1003.89,23.3,22.08,514.54,506
4656,155.35536,Balisee_4,1659.21,1633.14,15.59,16.7,260.29,297
4656,155.35536,Balisee_3,2712.43,1225.68,23.17,23.97,555.43,549
4656,155.35536,Balisee_2,1120.03,1586.44,20.0,14.66,293.11,377
4656,155.35536,Balisee_1,1242.86,1267.88,14.38,18.13,260.78,322
4657,155.38872,Balisee_5,1188.39,1003.96,23.09,21.96,507.0,495
4657,155.38872,Balisee_4,1584.9,1625.66,23.92,17.59,420.8,471
4657,155.38872,Balisee_3,2711.55,1225.89,23.13,24.13,557.94,545
4657,155.38872,Balisee_2,1119.81,1586.18,19.98,14.76,294.89,369
4657,155.38872,Balisee_1,1243.17,1268.04,14.59,18.38,268.23,330
4658,155.42209,Balisee_5,1188.62,1004.1,22.91,22.05,505.18,518
4658,155.42209,Balisee_4,1659.28,1633.5,16.19,16.31,263.9,298
4658,155.42209,Balisee_3,2711.46,1226.04,22.93,24.04,551.34,529
4658,155.42209,Balisee_1,1243.4,1268.33,14.87,18.43,273.9,328
4658,155.42209,Balisee_2,1119.88,1586.02,19.79,14.93,295.39,364
4659,155.45546,Balisee_5,1188.94,1004.11,22.78,22.22,506.26,509
4659,155.45546,Balisee_4,1659.22,1633.8,16.1,16.5,265.64,296
4659,155.45546,Balisee_3,2711.54,1226.41,23.11,24.21,559.45,527
4659,155.45546,Balisee_2,1119.88,1585.98,19.96,14.89,297.18,369
4659,155.45546,Balisee_1,1243.64,1268.51,15.31,18.86,288.74,343
4660,155.48882,Balisee_5,1189.02,1004.24,22.74,22.45,510.49,496
4660,155.48882,Balisee_4,1659.18,1634.19,15.84,16.32,258.51,290
4660,155.48882,Balisee_3,2711.54,1226.7,23.1,24.18,558.58,523
4660,155.48882,Balisee_1,1243.66,1268.92,15.35,18.96,290.9,365
4660,155.48882,Balisee_2,1119.8,1585.7,19.47,14.61,284.43,360
4661,155.52219,Balisee_5,1189.18,1004.42,22.66,22.55,510.98,491
4661,155.52219,Balisee_4,1659.08,1634.54,15.78,16.22,255.92,287
4661,155.52219,Balisee_3,2711.51,1227.02,23.06,24.05,554.44,529
4661,155.52219,Balisee_2,1119.73,1585.77,19.38,14.68,284.52,356
4661,155.52219,Balisee_1,1243.8,1269.35,15.61,19.13,298.62,367
4662,155.55556,Balisee_5,1189.32,1004.35,22.87,22.56,515.94,504
4662,155.55556,Balisee_4,1659.13,1634.76,15.62,16.12,251.89,285
4662,155.55556,Balisee_3,2711.53,1227.21,23.08,24.15,557.49,529
4662,155.55556,Balisee_2,1119.61,1585.62,19.16,14.25,273.05,348
4662,155.55556,Balisee_1,1243.93,1269.76,15.87,19.63,311.4,369
4663,155.58892,Balisee_5,1189.63,1004.4,23.03,22.18,510.79,510
4663,155.58892,Balisee_4,1659.13,1635.09,15.8,16.17,255.46,286
4663,155.58892,Balisee_3,2712.6,1227.24,22.84,23.89,545.65,524
4663,155.58892,Balisee_2,1119.51,1585.49,19.13,14.09,269.6,348
4663,155.58892,Balisee_1,1244.22,1270.02,16.45,20.06,330.03,368
4664,155.62229,Balisee_5,1189.58,1004.28,23.2,22.22,515.36,523
4664,155.62229,Balisee_4,1658.9,1635.36,15.65,16.08,251.58,289
4664,155.62229,Balisee_3,2712.59,1227.34,22.85,23.97,547.7,539
4664,155.62229,Balisee_2,1119.4,1585.28,18.95,14.11,267.27,348
4664,155.62229,Balisee_1,1244.37,1270.36,16.73,20.73,346.82,354
4665,155.65566,Balisee_5,1189.44,1004.12,22.96,22.08,506.88,518
4665,155.65566,Balisee_4,1658.88,1635.67,15.3,16.25,248.58,285
4665,155.65566,Balisee_3,2712.58,1227.47,22.89,23.86,545.95,528
4665,155.65566,Balisee_2,1119.42,1585.26,19.22,14.28,274.53,353
4665,155.65566,Balisee_1,1244.53,1270.65,17.07,21.3,363.45,363
4666,155.68902,Balisee_5,1189.68,1004.22,23.27,22.08,513.91,513
4666,155.68902,Balisee_4,1658.6,1636.19,15.47,16.59,256.62,305
4666,155.68902,Balisee_3,2712.6,1227.82,22.85,24.13,551.32,523
4666,155.68902,Balisee_2,1119.08,1585.11,19.51,14.4,280.88,351
4666,155.68902,Balisee_1,1244.41,1273.08,16.82,21.83,367.22,352
4667,155.72239,Balisee_5,1189.75,1004.31,23.41,22.3,521.88,520
4667,155.72239,Balisee_3,2712.69,1228.12,22.68,24.22,549.27,529
4667,155.72239,Balisee_4,1658.83,1636.71,15.8,17.12,270.43,318
4667,155.72239,Balisee_2,1119.18,1585.01,19.59,14.39,281.93,360
4667,155.72239,Balisee_1,1244.61,1273.18,17.21,21.64,372.53,357
4668,155.75576,Balisee_5,1189.86,1004.42,23.77,22.61,537.39,530
4668,155.75576,Balisee_3,2712.66,1228.33,22.75,24.29,552.67,533
4668,155.75576,Balisee_4,1658.81,1637.04,16.07,17.12,275.07,322
4668,155.75576,Balisee_2,1118.97,1584.82,19.57,14.29,279.64,352
4668,155.75576,Balisee_1,1244.5,1273.23,17.01,21.53,366.22,356
4669,155.78912,Balisee_5,1189.86,1004.75,23.59,23.46,553.52,539
4669,155.78912,Balisee_3,2712.63,1228.52,22.83,24.5,559.45,528
4669,155.78912,Balisee_4,1584.57,1623.49,25.03,17.87,447.22,463
4669,155.78912,Balisee_2,1118.72,1584.61,19.71,14.11,278.03,350
4669,155.78912,Balisee_1,1244.65,1273.35,17.29,21.31,368.44,356
4670,155.82249,Balisee_5,1189.68,1004.49,23.65,22.67,536.06,523
4670,155.82249,Balisee_3,2712.62,1228.71,22.83,24.46,558.3,525
4670,155.82249,Balisee_4,1584.43,1623.11,24.87,17.95,446.38,457
4670,155.82249,Balisee_2,1118.6,1584.24,20.07,13.97,280.47,340
4670,155.82249,Balisee_1,1244.85,1273.62,17.71,20.77,367.73,362
4671,155.85586,Balisee_5,1189.72,1004.45,23.71,22.61,536.04,523
4671,155.85586,Balisee_3,2712.79,1228.94,22.5,24.48,550.74,522
4671,155.85586,Balisee_4,1584.3,1622.74,25.39,17.7,449.45,461
4671,155.85586,Balisee_2,1118.66,1583.88,20.05,13.93,279.37,341
4671,155.85586,Balisee_1,1245.05,1273.79,18.1,20.42,369.76,348
4672,155.88922,Balisee_5,1189.81,1004.25,23.48,22.26,522.68,516
4672,155.88922,Balisee_3,2712.94,1229.19,22.2,24.47,543.05,524
4672,155.88922,Balisee_4,1584.45,1622.7,25.22,18.32,462.0,467
4672,155.88922,Balisee_2,1118.49,1583.51,20.13,13.81,277.94,346
4672,155.88922,Balisee_1,1245.22,1274.03,18.43,19.94,367.47,346
4673,155.92259,Balisee_5,1189.7,1004.25,23.35,22.38,522.66,504
4673,155.92259,Balisee_3,2712.87,1229.39,22.31,24.07,536.84,524
4673,155.92259,Balisee_4,1658.77,1637.8,15.88,17.08,271.28,318
4673,155.92259,Balisee_2,1118.26,1583.5,20.32,13.78,280.02,345
4673,155.92259,Balisee_1,1245.36,1274.12,18.71,19.77,370.04,344
4674,155.95596,Balisee_5,1189.83,1003.92,23.03,21.83,502.65,494
4674,155.95596,Balisee_3,2712.98,1229.83,22.09,23.93,528.58,518
4674,155.95596,Balisee_4,1658.89,1638.0,15.89,16.83,267.34,316
4674,155.95596,Balisee_2,1118.38,1583.28,20.11,13.65,274.58,347
4674,155.95596,Balisee_1,1245.54,1274.34,19.09,19.35,369.36,346
4675,155.98932,Balisee_5,1189.88,1003.94,22.61,21.47,485.4,474
4675,155.98932,Balisee_3,2713.09,1230.14,21.88,23.59,516.11,515
4675,155.98932,Balisee_4,1659.28,1638.19,15.81,17.07,269.85,302
4675,155.98932,Balisee_2,1118.32,1583.36,20.06,13.65,273.95,339
4675,155.98932,Balisee_1,1245.69,1274.29,19.38,19.44,376.73,351
4676,156.02269,Balisee_5,1189.79,1003.68,22.47,20.9,469.63,468
4676,156.02269,Balisee_3,2713.13,1230.63,21.8,23.69,516.59,527
4676,156.02269,Balisee_4,1659.39,1638.44,15.69,17.17,269.54,296
4676,156.02269,Balisee_2,1118.32,1583.48,20.21,14.01,283.1,346
4676,156.02269,Balisee_1,1250.2,1274.59,19.6,18.99,372.11,348
4677,156.05606,Balisee_5,1190.02,1003.58,22.57,20.72,467.76,454
4677,156.05606,Balisee_3,2713.27,1231.09,21.6,23.9,516.14,530
4677,156.05606,Balisee_4,1659.78,1638.54,16.48,17.32,285.44,295
4677,156.05606,Balisee_2,1118.54,1583.69,19.97,14.21,283.67,348
4677,156.05606,Balisee_1,1250.28,1274.65,19.44,19.06,370.68,353
4678,156.08942,Balisee_5,1190.3,1003.62,22.92,20.57,471.4,459
4678,156.08942,Balisee_3,2713.34,1231.7,21.61,23.81,514.48,536
4678,156.08942,Balisee_4,1659.9,1638.85,16.26,17.43,283.55,290
4678,156.08942,Balisee_2,1118.54,1583.91,20.17,14.51,292.77,352
4678,156.08942,Balisee_1,1246.1,1274.7,20.2,19.27,389.22,347
4679,156.12279,Balisee_5,1190.31,1003.71,22.98,20.86,479.34,458
4679,156.12279,Balisee_3,2713.32,1232.14,21.62,24.06,520.33,541
4679,156.12279,Balisee_4,1659.94,1639.05,16.2,17.15,277.8,288
4679,156.12279,Balisee_2,1118.46,1583.84,20.15,14.45,291.24,351
4679,156.12279,Balisee_1,1246.17,1274.95,20.34,19.41,394.9,365
4680,156.15616,Balisee_5,1190.83,1003.91,23.26,20.51,476.92,451
4680,156.15616,Balisee_4,1660.15,1639.24,15.81,17.38,274.79,270
4680,156.15616,Balisee_3,2713.41,1232.5,21.54,23.91,514.92,534
4680,156.15616,Balisee_2,1118.65,1583.85,19.9,14.26,283.71,345
4680,156.15616,Balisee_1,1250.64,1275.29,18.71,19.76,369.84,396
4681,156.18952,Balisee_5,1191.17,1003.9,23.45,20.75,486.59,466
4681,156.18952,Balisee_4,1660.38,1639.75,15.37,17.56,269.92,278
4681,156.18952,Balisee_3,2713.59,1232.85,21.74,24.21,526.35,552
4681,156.18952,Balisee_2,1118.82,1583.87,19.66,14.33,281.71,358
4681,156.18952,Balisee_1,1250.72,1275.63,18.57,20.08,372.78,418
4682,156.22289,Balisee_5,1191.45,1003.94,23.34,21.03,490.82,470
4682,156.22289,Balisee_4,1583.83,1622.47,24.17,18.09,437.29,457
4682,156.22289,Balisee_3,2713.77,1233.3,21.74,24.49,532.46,552
4682,156.22289,Balisee_2,1118.94,1584.03,19.44,14.4,279.88,364
4682,156.22289,Balisee_1,1250.75,1276.06,18.49,20.41,377.36,417
4683,156.25626,Balisee_5,1191.56,1003.71,23.22,21.56,500.53,481
4683,156.25626,Balisee_4,1660.51,1640.18,15.37,17.64,271.15,291
4683,156.25626,Balisee_3,2713.83,1233.54,21.88,24.79,542.38,551
4683,156.25626,Balisee_2,1119.13,1583.98,19.48,14.49,282.27,369
4683,156.25626,Balisee_1,1250.91,1276.47,18.19,20.07,364.99,414
4684,156.28962,Balisee_5,1191.85,1003.69,23.31,21.66,504.94,474
4684,156.28962,Balisee_4,1660.66,1640.17,15.55,17.71,275.52,298
4684,156.28962,Balisee_3,2713.95,1233.66,21.97,25.1,551.49,550
4684,156.28962,Balisee_2,1119.15,1583.98,19.5,14.65,285.72,365
4684,156.28962,Balisee_1,1251.14,1276.7,17.72,19.91,352.83,407
4685,156.32299,Balisee_5,1191.77,1003.77,23.49,22.05,517.89,490
4685,156.32299,Balisee_4,1660.59,1640.5,15.5,17.65,273.57,302
4685,156.32299,Balisee_3,2714.05,1234.18,21.64,25.59,553.79,549
4685,156.32299,Balisee_2,1119.15,1583.97,19.26,14.59,281.11,358
4685,156.32299,Balisee_1,1251.2,1276.99,17.6,19.52,343.6,397
4686,156.35636,Balisee_5,1191.82,1003.78,24.04,22.03,529.52,508
4686,156.35636,Balisee_4,1584.21,1621.71,24.6,17.87,439.55,446
4686,156.35636,Balisee_3,2713.98,1234.41,21.65,25.52,552.6,546
4686,156.35636,Balisee_2,1119.15,1584.07,19.29,14.77,284.87,368
4686,156.35636,Balisee_1,1251.31,1277.33,17.37,19.15,332.6,369
4687,156.38972,Balisee_5,1192.24,1003.81,24.19,22.32,540.06,501
4687,156.38972,Balisee_4,1584.32,1621.58,24.75,17.94,444.05,456
4687,156.38972,Balisee_3,2713.93,1234.69,21.52,25.58,550.44,539
4687,156.38972,Balisee_2,1119.23,1583.75,19.14,15.03,287.61,362
4687,156.38972,Balisee_1,1251.45,1277.43,17.1,19.27,329.57,354
4688,156.42309,Balisee_5,1192.62,1003.81,24.53,22.35,548.26,521
4688,156.42309,Balisee_4,1660.76,1641.28,15.24,17.41,265.41,289
4688,156.42309,Balisee_3,2713.9,1234.75,21.61,25.55,552.07,548
4688,156.42309,Balisee_2,1119.19,1583.67,19.09,15.03,286.96,360
4688,156.42309,Balisee_1,1251.54,1277.49,16.91,19.29,326.37,347
4689,156.45646,Balisee_5,1193.13,1003.84,24.57,22.48,552.41,525
4689,156.45646,Balisee_4,1660.94,1641.68,15.15,17.29,261.93,283
4689,156.45646,Balisee_3,2713.92,1234.91,21.58,25.52,550.71,543
4689,156.45646,Balisee_2,1119.16,1583.61,19.2,15.0,288.14,358
4689,156.45646,Balisee_1,1251.6,1277.71,16.8,19.35,324.98,330
4690,156.48982,Balisee_5,1193.49,1003.83,23.83,22.31,531.57,523
4690,156.48982,Balisee_4,1660.94,1641.86,15.16,17.29,262.14,283
4690,156.48982,Balisee_3,2713.92,1235.03,21.51,25.5,548.53,538
4690,156.48982,Balisee_2,1119.19,1583.59,19.15,14.79,283.18,360
4690,156.48982,Balisee_1,1251.58,1277.91,16.84,19.52,328.74,326
4691,156.52319,Balisee_5,1193.81,1004.33,23.46,22.53,528.51,685
4691,156.52319,Balisee_4,1661.03,1642.34,15.15,17.44,264.18,288
4691,156.52319,Balisee_3,2713.79,1235.41,21.13,25.21,532.65,541
4691,156.52319,Balisee_2,1119.13,1583.69,19.72,14.7,289.89,362
4691,156.52319,Balisee_1,1251.69,1278.15,16.62,19.54,324.63,326
4692,156.55656,Balisee_5,1193.98,1004.88,23.48,22.43,526.83,526
4692,156.55656,Balisee_4,1584.25,1620.94,25.94,19.55,507.22,482
4692,156.55656,Balisee_3,2713.83,1235.52,20.99,25.27,530.22,552
4692,156.55656,Balisee_2,1118.97,1583.9,19.59,14.53,284.75,352
4692,156.55656,Balisee_1,1251.92,1278.68,16.15,19.55,315.86,329
4693,156.58992,Balisee_5,1193.75,1005.5,23.32,22.34,521.0,501
4693,156.58992,Balisee_4,1584.15,1620.84,25.84,19.54,504.98,475
4693,156.58992,Balisee_3,2713.77,1235.6,21.22,25.36,538.15,545
4693,156.58992,Balisee_2,1118.78,1583.94,19.74,14.37,283.51,354
4693,156.58992,Balisee_1,1251.88,1279.05,16.25,19.33,314.16,339
4694,156.62329,Balisee_5,1193.83,1005.6,23.58,21.8,513.9,499
4694,156.62329,Balisee_4,1584.16,1620.86,25.78,19.56,504.17,475
4694,156.62329,Balisee_3,2713.66,1235.8,21.34,25.39,541.78,542
4694,156.62329,Balisee_2,1118.72,1583.91,19.74,14.49,286.12,354
4694,156.62329,Balisee_1,1251.85,1279.1,16.3,19.22,313.21,343
4695,156.65666,Balisee_5,1193.8,1005.45,23.74,21.32,506.14,486
4695,156.65666,Balisee_4,1584.09,1620.98,25.88,19.36,500.93,475
4695,156.65666,Balisee_3,2713.62,1235.85,21.39,25.34,542.02,557
4695,156.65666,Balisee_2,1118.61,1583.75,19.79,13.98,276.59,353
4695,156.65666,Balisee_1,1251.97,1279.32,16.08,19.59,314.98,360
4696,156.69002,Balisee_5,1194.13,1005.61,23.72,21.18,502.2,488
4696,156.69002,Balisee_4,1661.0,1643.92,15.34,17.42,267.22,306
4696,156.69002,Balisee_3,2713.74,1235.92,21.34,25.29,539.69,554
4696,156.69002,Balisee_2,1118.6,1583.8,19.89,14.12,280.95,357
4696,156.69002,Balisee_1,1252.36,1279.73,15.52,19.57,303.78,354
4697,156.72339,Balisee_5,1194.21,1005.89,23.74,21.69,514.74,501
4697,156.72339,Balisee_4,1661.03,1644.1,15.4,17.3,266.51,299
4697,156.72339,Balisee_3,2713.68,1236.15,21.21,25.21,534.53,553
4697,156.72339,Balisee_2,1118.49,1583.8,20.09,13.91,279.49,357
4697,156.72339,Balisee_1,1252.62,1279.76,15.48,19.76,305.9,365
4698,156.75676,Balisee_3,2713.63,1236.51,21.17,25.02,529.82,542
4698,156.75676,Balisee_4,1661.04,1644.68,15.73,17.28,271.74,298
4698,156.75676,Balisee_5,1194.25,1005.99,23.3,21.55,502.12,510
4698,156.75676,Balisee_2,1118.34,1583.97,20.16,14.04,283.03,357
4698,156.75676,Balisee_1,1252.75,1279.86,15.31,19.48,298.33,358
4699,156.79012,Balisee_4,1661.08,1645.18,16.25,17.37,282.34,314
4699,156.79012,Balisee_3,2713.64,1236.76,21.17,25.11,531.49,548
4699,156.79012,Balisee_5,1194.55,1005.75,23.28,21.16,492.64,485
4699,156.79012,Balisee_2,1118.41,1583.75,20.15,13.9,280.05,353
4699,156.79012,Balisee_1,1253.1,1280.03,15.23,19.42,295.64,364
4700,156.82349,Balisee_4,1661.35,1645.76,16.33,17.65,288.24,319
4700,156.82349,Balisee_5,1195.12,1005.87,23.74,21.28,505.14,486
4700,156.82349,Balisee_3,2713.63,1237.22,21.24,25.3,537.4,546
4700,156.82349,Balisee_2,1118.43,1583.96,20.17,14.13,285.07,352
4700,156.82349,Balisee_1,1253.4,1280.35,15.23,19.41,295.61,349
4701,156.85686,Balisee_4,1661.44,1646.33,15.95,18.19,290.21,323
4701,156.85686,Balisee_5,1195.49,1006.05,24.41,20.95,511.39,490
4701,156.85686,Balisee_3,2713.66,1237.63,20.99,25.23,529.7,544
4701,156.85686,Balisee_2,1118.42,1583.9,20.1,14.09,283.12,353
4701,156.85686,Balisee_1,1253.48,1280.72,15.41,19.44,299.5,348
4702,156.89022,Balisee_4,1583.27,1621.43,25.23,18.1,456.84,455
4702,156.89022,Balisee_5,1195.78,1006.18,24.68,20.81,513.59,499
4702,156.89022,Balisee_3,2713.73,1238.08,20.97,25.17,527.86,539
4702,156.89022,Balisee_2,1118.41,1583.96,20.03,14.2,284.57,348
4702,156.89022,Balisee_1,1253.61,1281.23,15.21,19.76,300.65,337
4703,156.92359,Balisee_4,1583.32,1621.28,25.79,18.27,471.26,471
4703,156.92359,Balisee_5,1196.14,1006.22,25.0,20.85,521.35,498
4703,156.92359,Balisee_3,2713.85,1238.35,20.8,25.33,526.91,539
4703,156.92359,Balisee_2,1118.38,1583.84,19.96,14.2,283.34,347
4703,156.92359,Balisee_1,1253.98,1281.5,15.11,19.78,298.94,345
4704,156.95696,Balisee_4,1583.36,1621.2,25.83,18.26,471.57,468
4704,156.95696,Balisee_3,2713.95,1238.61,21.05,25.07,527.62,537
4704,156.95696,Balisee_5,1196.38,1006.19,25.58,20.91,534.86,497
4704,156.95696,Balisee_2,1118.34,1583.79,20.05,14.36,287.93,354
4704,156.95696,Balisee_1,1254.64,1281.74,15.31,19.8,303.17,362
4705,156.99032,Balisee_4,1583.35,1621.06,25.72,18.74,482.09,469
4705,156.99032,Balisee_5,1196.63,1006.35,25.56,21.28,543.94,502
4705,156.99032,Balisee_3,2714.09,1238.57,21.04,25.0,525.88,535
4705,156.99032,Balisee_2,1118.26,1583.82,20.14,14.77,297.46,357
4705,156.99032,Balisee_1,1254.9,1281.99,15.03,19.94,299.75,363
4706,157.02369,Balisee_4,1583.44,1621.07,25.76,18.89,486.51,466
4706,157.02369,Balisee_3,2714.19,1238.84,21.34,24.9,531.38,544
4706,157.02369,Balisee_5,1196.76,1006.55,25.32,21.37,541.14,500
4706,157.02369,Balisee_2,1118.32,1583.68,20.09,14.61,293.44,360
4706,157.02369,Balisee_1,1255.23,1282.44,14.98,19.8,296.66,354
4707,157.05706,Balisee_4,1583.33,1620.88,25.83,18.8,485.73,465
4707,157.05706,Balisee_3,2714.2,1239.28,21.33,24.87,530.56,552
4707,157.05706,Balisee_5,1197.02,1006.49,25.16,21.53,541.71,513
4707,157.05706,Balisee_2,1118.33,1583.64,20.07,14.64,293.96,362
4707,157.05706,Balisee_1,1255.33,1282.86,14.74,19.28,284.1,353
4708,157.09042,Balisee_4,1583.07,1620.74,25.85,18.55,479.53,455
4708,157.09042,Balisee_3,2714.26,1239.69,21.36,24.84,530.62,548
4708,157.09042,Balisee_2,1118.23,1583.48,20.15,14.58,293.69,367
4708,157.09042,Balisee_5,1197.08,1006.48,24.86,21.42,532.54,512
4708,157.09042,Balisee_1,1255.4,1282.97,14.54,19.04,276.9,347
4709,157.12379,Balisee_4,1583.05,1620.7,25.79,18.83,485.64,449
4709,157.12379,Balisee_3,2714.41,1240.19,21.33,25.09,535.16,547
4709,157.12379,Balisee_5,1197.2,1006.61,24.65,21.51,530.33,516
4709,157.12379,Balisee_2,1118.45,1583.49,19.97,14.75,294.7,363
4709,157.12379,Balisee_1,1255.73,1283.32,14.89,18.75,279.15,342
4710,157.15716,Balisee_4,1583.0,1620.63,26.43,18.82,497.32,462
4710,157.15716,Balisee_3,2714.65,1240.73,21.12,25.07,529.52,548
4710,157.15716,Balisee_5,1197.31,1006.64,24.18,21.4,517.32,511
4710,157.15716,Balisee_2,1118.57,1583.34,19.62,14.55,285.44,356
4710,157.15716,Balisee_1,1255.92,1283.77,14.73,18.95,279.18,342
4711,157.19052,Balisee_3,2714.69,1241.34,21.21,25.2,534.55,533
4711,157.19052,Balisee_4,1582.64,1620.58,26.24,19.1,501.37,475
4711,157.19052,Balisee_5,1197.42,1006.67,24.43,21.43,523.59,519
4711,157.19052,Balisee_2,1118.72,1583.37,19.58,14.43,282.51,360
4711,157.19052,Balisee_1,1256.12,1284.5,14.67,19.66,288.24,349
4712,157.22389,Balisee_3,2715.14,1241.57,20.72,25.12,520.55,515
4712,157.22389,Balisee_4,1582.73,1620.7,26.33,19.21,505.91,477
4712,157.22389,Balisee_5,1197.64,1006.81,24.37,21.66,527.95,508
4712,157.22389,Balisee_2,1118.9,1583.24,19.45,14.2,276.16,351
4712,157.22389,Balisee_1,1256.34,1284.78,14.49,19.75,286.1,338
4713,157.25726,Balisee_3,2715.06,1242.08,20.85,24.94,520.09,516
4713,157.25726,Balisee_4,1582.42,1620.47,25.67,18.87,484.3,459
4713,157.25726,Balisee_5,1197.73,1006.85,24.55,21.72,533.07,507
4713,157.25726,Balisee_2,1118.96,1583.39,19.22,14.27,274.18,347
4713,157.25726,Balisee_1,1256.78,1285.29,14.48,20.33,294.46,349
4714,157.29062,Balisee_4,1582.54,1620.37,25.24,18.48,466.49,439
4714,157.29062,Balisee_3,2714.98,1242.51,20.95,25.07,525.18,515
4714,157.29062,Balisee_5,1197.92,1006.88,24.86,21.77,541.05,505
4714,157.29062,Balisee_2,1118.99,1583.17,19.22,14.46,277.92,346
4714,157.29062,Balisee_1,1257.11,1285.63,14.69,20.15,296.08,363
4715,157.32399,Balisee_4,1582.44,1620.33,24.53,18.09,443.69,431
4715,157.32399,Balisee_3,2714.99,1243.08,21.19,25.34,537.08,525
4715,157.32399,Balisee_5,1197.96,1006.87,25.18,21.77,548.05,505
4715,157.32399,Balisee_2,1118.94,1583.09,19.17,14.59,279.7,340
4715,157.32399,Balisee_1,1257.34,1285.94,14.85,20.29,301.18,372
4716,157.35736,Balisee_4,1582.57,1620.2,24.27,18.23,442.44,418
4716,157.35736,Balisee_3,2715.28,1243.35,21.17,25.62,542.4,528
4716,157.35736,Balisee_5,1198.13,1006.84,25.25,21.69,547.71,509
4716,157.35736,Balisee_2,1119.03,1583.08,19.15,14.39,275.66,346
4716,157.35736,Balisee_1,1257.72,1286.0,14.88,20.13,299.64,371
4717,157.39072,Balisee_4,1582.81,1619.98,24.13,18.25,440.43,412
4717,157.39072,Balisee_5,1198.33,1006.77,25.27,21.56,544.64,504
4717,157.39072,Balisee_3,2715.5,1243.75,21.28,25.61,545.16,532
4717,157.39072,Balisee_2,1118.91,1582.9,19.39,14.21,275.55,341
4717,157.39072,Balisee_1,1258.11,1286.23,14.84,20.1,298.34,368
4718,157.42409,Balisee_4,1582.75,1620.01,24.2,18.5,447.69,421
4718,157.42409,Balisee_5,1198.43,1006.64,25.15,21.3,535.75,505
4718,157.42409,Balisee_3,2715.75,1243.98,21.46,25.54,548.22,519
4718,157.42409,Balisee_2,1118.79,1582.73,19.51,14.07,274.47,341
4718,157.42409,Balisee_1,1258.27,1286.55,14.77,20.06,296.21,354
4719,157.45746,Balisee_4,1582.77,1619.8,24.14,18.78,453.29,432
4719,157.45746,Balisee_3,2715.97,1244.15,21.52,25.65,552.16,509
4719,157.45746,Balisee_5,1198.56,1006.69,25.31,21.4,541.63,512
4719,157.45746,Balisee_2,1118.8,1582.56,19.58,13.95,273.11,345
4719,157.45746,Balisee_1,1258.46,1286.94,15.09,20.37,307.41,351
4720,157.49082,Balisee_4,1582.82,1619.58,24.41,18.83,459.5,442
4720,157.49082,Balisee_3,2716.02,1244.49,21.55,25.66,552.95,511
4720,157.49082,Balisee_5,1198.58,1006.66,25.31,21.35,540.32,506
4720,157.49082,Balisee_2,1118.81,1582.26,19.53,13.68,267.23,336
4720,157.49082,Balisee_1,1258.47,1287.22,15.2,20.54,312.29,356
4721,157.52419,Balisee_4,1582.69,1619.58,24.5,19.1,468.06,438
4721,157.52419,Balisee_3,2716.17,1244.8,21.41,25.76,551.4,513
4721,157.52419,Balisee_5,1198.89,1006.61,25.1,21.28,534.22,500
4721,157.52419,Balisee_2,1118.79,1582.43,19.47,13.61,264.98,339
4721,157.52419,Balisee_1,1258.8,1287.64,14.95,21.22,317.21,365
4722,157.55756,Balisee_4,1582.7,1619.42,24.77,19.64,486.34,455
4722,157.55756,Balisee_3,2716.08,1244.89,21.4,25.53,546.35,511
4722,157.55756,Balisee_2,1118.73,1582.29,19.54,13.66,266.88,338
4722,157.55756,Balisee_5,1198.74,1006.69,25.43,21.46,545.72,498
4722,157.55756,Balisee_1,1258.76,1287.86,14.61,21.15,309.0,362
4723,157.59092,Balisee_4,1582.39,1619.37,24.99,19.81,495.21,464
4723,157.59092,Balisee_3,2715.84,1245.2,21.14,25.64,541.93,509
4723,157.59092,Balisee_2,1118.55,1582.19,19.7,13.68,269.41,345
4723,157.59092,Balisee_5,1198.84,1006.3,25.37,21.26,539.24,513
4723,157.59092,Balisee_1,1258.83,1288.02,14.46,21.13,305.5,360
4724,157.62429,Balisee_4,1582.22,1619.41,25.49,19.95,508.55,495
4724,157.62429,Balisee_3,2715.86,1245.56,21.22,25.62,543.66,505
4724,157.62429,Balisee_2,1118.55,1582.13,19.71,13.8,272.05,344
4724,157.62429,Balisee_5,1198.78,1006.39,25.42,21.14,537.22,518
4724,157.62429,Balisee_1,1259.03,1288.27,14.68,20.57,302.02,368
4725,157.65766,Balisee_4,1581.98,1619.26,25.76,20.3,523.05,501
4725,157.65766,Balisee_3,2715.82,1245.85,21.12,25.69,542.56,520
4725,157.65766,Balisee_5,1198.96,1006.45,26.11,21.32,556.59,536
4725,157.65766,Balisee_2,1118.35,1582.11,20.07,13.86,278.26,351
4725,157.65766,Balisee_1,1259.16,1288.71,14.75,20.24,298.49,363
4726,157.69102,Balisee_4,1581.97,1619.2,25.82,20.26,523.1,499
4726,157.69102,Balisee_3,2715.79,1246.07,21.24,25.45,540.45,510
4726,157.69102,Balisee_5,1199.15,1006.33,26.33,21.11,555.81,535
4726,157.69102,Balisee_2,1118.34,1582.12,20.32,13.93,282.94,356
4726,157.69102,Balisee_1,1259.37,1288.91,14.92,19.9,296.85,373
4727,157.72439,Balisee_4,1582.1,1618.85,25.76,19.6,504.82,491
4727,157.72439,Balisee_5,1199.32,1006.37,26.47,21.68,573.74,542
4727,157.72439,Balisee_3,2715.93,1246.31,21.19,25.37,537.44,515
4727,157.72439,Balisee_2,1118.27,1582.11,20.48,14.06,287.96,358
4727,157.72439,Balisee_1,1259.72,1289.04,14.79,19.9,294.29,376
4728,157.75776,Balisee_4,1582.02,1618.82,25.79,19.23,495.95,492
4728,157.75776,Balisee_5,1199.31,1006.16,26.75,21.88,585.38,549
4728,157.75776,Balisee_3,2716.06,1246.47,21.09,25.53,538.55,511
4728,157.75776,Balisee_2,1118.17,1581.78,20.7,14.22,294.26,374
4728,157.75776,Balisee_1,1259.89,1289.29,14.78,19.33,285.62,351
4729,157.79112,Balisee_4,1581.93,1618.7,25.94,18.78,487.23,482
4729,157.79112,Balisee_5,1199.36,1005.98,26.99,22.16,598.09,571
4729,157.79112,Balisee_3,2715.97,1246.84,21.2,25.36,537.53,513
4729,157.79112,Balisee_2,1118.2,1581.77,20.77,14.39,298.83,381
4729,157.79112,Balisee_1,1259.91,1289.41,14.77,19.36,286.02,362
4730,157.82449,Balisee_4,1581.82,1618.4,25.89,18.59,481.12,474
4730,157.82449,Balisee_5,1199.34,1005.71,27.16,22.24,603.93,573
4730,157.82449,Balisee_3,2715.91,1246.81,21.04,25.29,532.18,524
4730,157.82449,Balisee_2,1118.18,1581.49,20.94,14.78,309.38,386
4730,157.82449,Balisee_1,1260.04,1289.51,14.81,19.4,287.29,367
4731,157.85786,Balisee_4,1581.63,1618.2,25.49,18.14,462.43,455
4731,157.85786,Balisee_3,2715.97,1247.0,20.92,25.06,524.31,511
4731,157.85786,Balisee_5,1199.52,1005.69,27.53,22.31,614.03,565
4731,157.85786,Balisee_2,1118.21,1581.51,20.75,14.49,300.65,384
4731,157.85786,Balisee_1,1260.03,1289.55,14.61,19.25,281.34,356
4732,157.89122,Balisee_4,1581.42,1617.83,25.11,17.83,447.73,454
4732,157.89122,Balisee_3,2716.09,1247.02,20.86,25.05,522.57,515
4732,157.89122,Balisee_5,1199.58,1005.61,27.43,22.34,612.83,565
4732,157.89122,Balisee_2,1118.22,1581.41,20.76,14.53,301.81,381
4732,157.89122,Balisee_1,1260.22,1289.62,14.6,19.28,281.57,358
4733,157.92459,Balisee_4,1581.34,1617.91,24.98,18.07,451.33,442
4733,157.92459,Balisee_3,2716.17,1247.15,20.98,24.96,523.69,507
4733,157.92459,Balisee_5,1199.87,1005.42,27.52,22.28,613.09,752
4733,157.92459,Balisee_2,1118.4,1581.39,20.42,14.43,294.78,369
4733,157.92459,Balisee_1,1260.52,1289.76,14.63,19.68,287.85,363
4734,157.95796,Balisee_3,2716.24,1247.31,21.28,25.06,533.42,499
4734,157.95796,Balisee_4,1580.93,1617.83,24.99,17.82,445.41,450
4734,157.95796,Balisee_5,1200.02,1005.36,26.57,22.57,599.56,552
4734,157.95796,Balisee_2,1118.37,1581.43,20.23,14.18,286.97,369
4734,157.95796,Balisee_1,1260.73,1290.02,14.76,19.71,290.79,381
4735,157.99132,Balisee_3,2716.06,1247.4,21.28,24.84,528.61,500
4735,157.99132,Balisee_4,1580.76,1617.58,24.59,17.9,440.16,433
4735,157.99132,Balisee_5,1200.48,1005.19,25.86,22.49,581.55,548
4735,157.99132,Balisee_2,1118.36,1581.17,20.05,14.24,285.65,368
4735,157.99132,Balisee_1,1261.19,1289.74,14.54,19.94,289.9,382
4736,158.02469,Balisee_4,1580.92,1617.31,24.93,17.79,443.6,438
4736,158.02469,Balisee_3,2715.85,1247.53,21.49,25.1,539.43,506
4736,158.02469,Balisee_5,1200.78,1005.37,25.36,22.32,565.91,537
4736,158.02469,Balisee_2,1118.31,1581.25,20.06,14.31,287.18,369
4736,158.02469,Balisee_1,1261.34,1290.11,14.7,19.97,293.51,386
4737,158.05806,Balisee_4,1580.8,1617.27,24.85,18.07,448.93,449
4737,158.05806,Balisee_3,2715.52,1247.75,22.19,25.44,564.38,523
4737,158.05806,Balisee_5,1200.96,1005.61,25.25,22.26,561.96,533
4737,158.05806,Balisee_2,1118.26,1581.03,20.17,14.65,295.56,373
4737,158.05806,Balisee_1,1261.56,1290.59,14.82,20.55,304.55,387
4738,158.09142,Balisee_4,1580.87,1617.3,25.12,18.39,461.97,457
4738,158.09142,Balisee_3,2715.77,1247.82,21.82,25.58,558.15,511
4738,158.09142,Balisee_2,1118.34,1580.99,20.1,14.85,298.4,366
4738,158.09142,Balisee_5,1201.15,1005.74,25.53,22.09,564.14,524
4738,158.09142,Balisee_1,1261.69,1291.07,14.66,20.38,298.75,377
4739,158.12479,Balisee_4,1581.0,1617.32,25.57,18.31,468.18,467
4739,158.12479,Balisee_3,2715.59,1248.03,21.5,25.44,546.89,502
4739,158.12479,Balisee_2,1118.34,1581.0,20.1,14.98,301.08,363
4739,158.12479,Balisee_5,1201.36,1005.64,26.12,22.08,576.75,530
4739,158.12479,Balisee_1,1261.84,1291.41,14.72,20.03,294.76,376
4740,158.15816,Balisee_3,2715.67,1248.48,20.64,24.91,514.23,495
4740,158.15816,Balisee_4,1580.85,1617.15,25.68,18.4,472.49,456
4740,158.15816,Balisee_2,1118.37,1580.7,20.28,14.94,302.95,361
4740,158.15816,Balisee_1,1261.89,1291.96,14.87,19.79,294.26,362
4740,158.15816,Balisee_5,1201.4,1005.61,26.03,22.03,573.49,527
4741,158.19152,Balisee_3,2715.55,1248.57,20.58,24.97,514.03,494
4741,158.19152,Balisee_4,1580.96,1616.96,25.87,18.2,470.75,474
4741,158.19152,Balisee_2,1118.35,1580.59,20.57,15.38,316.48,366
4741,158.19152,Balisee_1,1262.09,1292.16,14.72,19.7,290.05,356
4741,158.19152,Balisee_5,1201.37,1005.8,25.98,22.3,579.4,533
4742,158.22489,Balisee_3,2715.46,1248.81,20.82,25.01,520.85,491
4742,158.22489,Balisee_4,1580.91,1617.1,26.05,18.22,474.46,478
4742,158.22489,Balisee_2,1118.36,1580.5,20.55,15.24,313.11,368
4742,158.22489,Balisee_1,1262.3,1292.28,14.47,19.61,283.69,358
4742,158.22489,Balisee_5,1201.61,1005.58,26.44,22.18,586.66,534
4743,158.25826,Balisee_3,2715.16,1249.29,20.92,25.22,527.68,502
4743,158.25826,Balisee_4,1580.59,1617.06,25.83,18.49,477.63,485
4743,158.25826,Balisee_2,1118.33,1580.57,20.52,15.19,311.72,372
4743,158.25826,Balisee_1,1262.25,1292.52,14.62,19.4,283.65,358
4743,158.25826,Balisee_5,1201.65,1005.29,26.54,22.39,594.27,544
4744,158.29162,Balisee_3,2714.85,1249.67,20.93,25.29,529.49,505
4744,158.29162,Balisee_4,1580.24,1617.13,25.63,18.61,477.05,480
4744,158.29162,Balisee_2,1118.31,1580.52,20.54,15.09,309.91,365
4744,158.29162,Balisee_1,1262.27,1292.74,14.39,19.08,274.58,354
4744,158.29162,Balisee_5,1201.64,1005.29,26.46,22.55,596.7,548
4745,158.32499,Balisee_3,2714.86,1250.04,20.85,25.58,533.47,513
4745,158.32499,Balisee_4,1580.2,1617.2,25.52,19.08,486.97,475
4745,158.32499,Balisee_2,1118.25,1580.46,20.41,14.9,304.27,366
4745,158.32499,Balisee_5,1201.9,1005.24,26.7,22.84,609.78,542
4745,158.32499,Balisee_1,1262.64,1292.95,14.25,19.25,274.33,351
4746,158.35836,Balisee_3,2714.7,1250.43,20.87,25.6,534.22,516
4746,158.35836,Balisee_4,1580.06,1617.25,25.51,18.88,481.74,466
4746,158.35836,Balisee_2,1118.08,1580.76,20.58,14.69,302.47,379
4746,158.35836,Balisee_5,1201.99,1005.23,26.96,22.96,619.01,556
4746,158.35836,Balisee_1,1262.8,1293.21,13.96,19.26,268.87,341
4747,158.39173,Balisee_3,2714.7,1250.68,20.99,25.59,537.12,527
4747,158.39173,Balisee_4,1579.94,1617.2,25.22,18.7,471.66,457
4747,158.39173,Balisee_5,1202.09,1005.31,27.15,23.45,636.8,573
4747,158.39173,Balisee_2,1118.06,1580.55,20.63,14.79,305.16,376
4747,158.39173,Balisee_1,1263.13,1293.42,13.95,19.1,266.42,342
4748,158.42509,Balisee_3,2714.8,1250.77,20.86,25.41,530.05,529
4748,158.42509,Balisee_4,1579.97,1617.16,25.22,18.46,465.54,467
4748,158.42509,Balisee_5,1202.12,1005.2,27.27,23.51,641.21,586
4748,158.42509,Balisee_2,1117.97,1580.41,20.69,14.76,305.36,374
4748,158.42509,Balisee_1,1263.29,1293.55,13.7,19.16,262.46,341
4749,158.45846,Balisee_3,2714.85,1251.04,20.83,25.31,527.24,520
4749,158.45846,Balisee_4,1579.77,1617.25,24.88,18.46,459.3,453
4749,158.45846,Balisee_5,1202.06,1005.27,27.48,23.66,650.08,582
4749,158.45846,Balisee_2,1117.91,1580.52,20.73,14.58,302.33,367
4749,158.45846,Balisee_1,1263.55,1293.78,14.0,19.57,274.02,350
4750,158.49183,Balisee_3,2714.78,1251.24,21.06,25.31,533.15,523
4750,158.49183,Balisee_4,1579.53,1617.39,24.62,18.47,454.84,450
4750,158.49183,Balisee_2,1117.88,1580.43,20.77,14.55,302.29,365
4750,158.49183,Balisee_5,1202.22,1005.38,27.54,23.33,642.53,570
4750,158.49183,Balisee_1,1264.17,1294.51,15.72,18.5,290.84,352
4751,158.52519,Balisee_3,2714.58,1251.67,20.92,25.06,524.44,517
4751,158.52519,Balisee_4,1579.51,1617.27,24.75,18.49,457.51,447
4751,158.52519,Balisee_5,1202.12,1005.49,27.26,23.13,630.48,559
4751,158.52519,Balisee_2,1117.84,1580.41,20.75,14.58,302.53,366
4751,158.52519,Balisee_1,1264.21,1294.76,15.65,18.86,295.09,366
4752,158.55856,Balisee_3,2714.69,1252.28,21.17,25.0,529.15,516
4752,158.55856,Balisee_4,1579.56,1617.15,24.37,18.44,449.31,441
4752,158.55856,Balisee_2,1117.87,1580.37,20.68,14.36,297.12,361
4752,158.55856,Balisee_5,1202.2,1005.55,27.43,22.9,628.03,552
4752,158.55856,Balisee_1,1264.33,1294.81,15.47,19.05,294.81,362
4753,158.59193,Balisee_3,2714.55,1252.9,21.13,25.17,531.87,524
4753,158.59193,Balisee_5,1202.18,1006.01,27.15,22.26,604.33,547
4753,158.59193,Balisee_4,1579.27,1617.2,24.44,18.52,452.58,441
4753,158.59193,Balisee_2,1117.67,1580.36,20.94,14.39,301.26,361
4753,158.59193,Balisee_1,1264.29,1295.05,15.61,19.02,296.85,354
4754,158.62529,Balisee_3,2714.37,1253.21,21.0,24.88,522.46,515
4754,158.62529,Balisee_5,1202.25,1006.08,27.33,22.08,603.63,543
4754,158.62529,Balisee_4,1578.81,1617.17,24.19,18.42,445.56,428
4754,158.62529,Balisee_2,1117.12,1579.7,20.67,15.4,318.29,359
4754,158.62529,Balisee_1,1264.11,1295.26,15.9,19.0,302.16,349
4755,158.65866,Balisee_3,2714.43,1253.7,21.16,24.73,523.27,530
4755,158.65866,Balisee_5,1202.24,1006.06,27.29,22.03,601.03,549
4755,158.65866,Balisee_4,1578.74,1617.15,24.61,18.87,464.54,436
4755,158.65866,Balisee_2,1117.04,1579.72,20.88,15.45,322.47,362
4755,158.65866,Balisee_1,1264.21,1295.58,15.74,19.33,304.29,353
4756,158.69203,Balisee_3,2714.59,1254.05,21.21,24.7,523.84,535
4756,158.69203,Balisee_5,1202.13,1005.9,27.1,21.88,592.95,539
4756,158.69203,Balisee_2,1116.89,1579.7,20.84,15.41,321.16,372
4756,158.69203,Balisee_4,1578.52,1617.14,24.86,18.71,465.07,435
4756,158.69203,Balisee_1,1264.29,1295.82,15.57,19.45,302.71,356
4757,158.72539,Balisee_3,2714.74,1254.31,21.21,24.61,521.93,536
4757,158.72539,Balisee_5,1202.18,1005.81,27.33,21.87,597.66,564
4757,158.72539,Balisee_4,1578.44,1616.91,25.12,18.88,474.24,443
4757,158.72539,Balisee_2,1116.75,1579.56,20.71,15.12,313.19,358
4757,158.72539,Balisee_1,1264.31,1297.15,14.15,21.71,307.25,360
4758,158.75876,Balisee_3,2714.9,1254.59,21.29,24.74,526.73,527
4758,158.75876,Balisee_4,1578.5,1616.94,25.04,18.91,473.39,449
4758,158.75876,Balisee_5,1202.31,1005.73,27.62,21.95,606.11,597
4758,158.75876,Balisee_2,1116.84,1579.52,20.88,15.05,314.39,363
4758,158.75876,Balisee_1,1264.73,1296.59,14.8,19.8,293.12,357
4759,158.79213,Balisee_3,2715.1,1255.1,21.1,24.53,517.55,514
4759,158.79213,Balisee_4,1578.42,1616.9,25.15,19.02,478.28,442
4759,158.79213,Balisee_5,1202.38,1005.63,28.17,22.27,627.33,576
4759,158.79213,Balisee_2,1116.93,1579.34,20.81,14.71,306.15,362
4759,158.79213,Balisee_1,1264.98,1297.04,14.52,19.34,280.86,371
4760,158.82549,Balisee_3,2715.21,1255.64,21.04,24.54,516.41,506
4760,158.82549,Balisee_4,1578.2,1616.75,25.13,18.96,476.56,444
4760,158.82549,Balisee_5,1202.57,1005.57,28.3,22.23,629.01,584
4760,158.82549,Balisee_2,1117.09,1579.3,20.8,14.62,304.11,363
4760,158.82549,Balisee_1,1265.1,1297.5,14.51,19.19,278.45,356
4761,158.85886,Balisee_3,2715.53,1256.05,20.96,24.63,516.27,503
4761,158.85886,Balisee_4,1578.1,1616.74,25.09,19.11,479.44,445
4761,158.85886,Balisee_5,1202.62,1005.49,28.51,22.42,639.19,572
4761,158.85886,Balisee_2,1117.62,1579.87,20.96,14.14,296.4,366
4761,158.85886,Balisee_1,1265.17,1297.85,14.38,19.27,277.1,348
4762,158.89223,Balisee_3,2715.78,1256.3,20.85,24.31,506.92,501
4762,158.89223,Balisee_4,1577.98,1616.77,24.96,19.24,480.38,445
4762,158.89223,Balisee_5,1202.49,1005.32,28.47,22.8,648.99,577
4762,158.89223,Balisee_1,1265.57,1297.97,14.31,19.12,273.52,350
4762,158.89223,Balisee_2,1117.69,1579.87,20.8,14.02,291.71,362
4763,158.92559,Balisee_3,2715.88,1256.6,21.0,24.26,509.38,500
4763,158.92559,Balisee_4,1577.8,1616.84,25.05,19.25,482.17,445
4763,158.92559,Balisee_5,1202.45,1005.22,28.59,23.21,663.41,593
4763,158.92559,Balisee_1,1265.5,1298.17,14.65,18.89,276.78,346
4763,158.92559,Balisee_2,1117.04,1579.27,20.27,14.55,294.95,360
4764,158.95896,Balisee_3,2715.87,1257.03,21.06,24.06,506.69,507
4764,158.95896,Balisee_4,1577.53,1617.01,25.02,18.96,474.38,443
4764,158.95896,Balisee_5,1202.21,1005.25,28.41,23.37,663.74,587
4764,158.95896,Balisee_2,1116.8,1579.43,20.21,14.86,300.27,364
4764,158.95896,Balisee_1,1265.8,1298.59,14.5,18.93,274.43,348
4765,158.99233,Balisee_3,2716.2,1257.38,21.31,24.05,512.71,520
4765,158.99233,Balisee_4,1577.12,1617.09,24.8,18.87,467.93,443
4765,158.99233,Balisee_5,1202.17,1005.19,28.35,23.35,661.81,591
4765,158.99233,Balisee_2,1116.75,1579.41,20.11,14.82,298.02,355
4765,158.99233,Balisee_1,1266.08,1298.92,14.46,18.82,272.16,338
4766,159.02569,Balisee_3,2716.33,1257.69,21.16,23.69,501.4,523
4766,159.02569,Balisee_4,1576.52,1617.05,24.47,18.94,463.62,447
4766,159.02569,Balisee_5,1202.27,1004.91,28.53,23.35,666.37,599
4766,159.02569,Balisee_2,1116.51,1579.35,19.7,14.71,289.78,350
4766,159.02569,Balisee_1,1266.18,1299.28,14.55,19.21,279.57,337
4767,159.05906,Balisee_3,2716.31,1258.13,21.1,23.65,499.0,524
4767,159.05906,Balisee_4,1576.32,1617.08,24.65,18.57,457.72,441
4767,159.05906,Balisee_2,1116.45,1579.32,19.77,14.66,289.85,355
4767,159.05906,Balisee_5,1202.48,1005.02,28.81,23.5,677.06,605
4767,159.05906,Balisee_1,1266.34,1299.68,14.54,19.23,279.66,337
4768,159.09243,Balisee_3,2716.44,1258.44,20.99,23.97,503.25,524
4768,159.09243,Balisee_4,1576.24,1617.06,24.93,18.39,458.43,439
4768,159.09243,Balisee_5,1202.8,1005.01,29.07,23.71,689.11,604
4768,159.09243,Balisee_2,1116.62,1579.28,19.74,14.58,287.83,354
4768,159.09243,Balisee_1,1266.3,1299.99,14.45,19.39,280.17,331
4769,159.12579,Balisee_3,2716.46,1258.9,20.73,24.33,504.47,532
4769,159.12579,Balisee_4,1576.07,1616.88,25.14,18.22,458.06,431
4769,159.12579,Balisee_2,1116.6,1579.32,19.93,14.67,292.31,354
4769,159.12579,Balisee_5,1202.73,1004.9,28.78,23.35,671.87,597
4769,159.12579,Balisee_1,1266.37,1300.36,14.76,19.42,286.7,344
4770,159.15916,Balisee_3,2716.44,1259.2,21.0,24.67,518.01,527
4770,159.15916,Balisee_4,1576.08,1616.77,25.01,18.38,459.7,428
4770,159.15916,Balisee_2,1116.86,1579.37,20.08,14.75,296.2,356
4770,159.15916,Balisee_1,1266.52,1300.75,15.02,19.68,295.51,356
4770,159.15916,Balisee_5,1203.01,1004.92,28.99,22.89,663.59,591
4771,159.19253,Balisee_3,2716.41,1259.5,21.17,25.15,532.3,542
4771,159.19253,Balisee_4,1576.05,1616.38,24.75,18.51,458.27,431
4771,159.19253,Balisee_2,1116.76,1579.38,20.05,14.77,296.11,362
4771,159.19253,Balisee_1,1266.56,1300.64,14.85,19.36,287.58,362
4772,159.22589,Balisee_3,2716.54,1259.74,21.25,25.58,543.42,547
4772,159.22589,Balisee_4,1576.07,1616.15,25.03,17.82,446.08,415
4772,159.22589,Balisee_2,1116.68,1579.31,19.95,14.64,292.09,366
4772,159.22589,Balisee_1,1266.61,1300.77,14.85,19.51,289.6,364
4772,159.22589,Balisee_5,1202.81,1004.75,28.47,22.01,626.69,567
4773,159.25926,Balisee_3,2716.44,1259.92,21.13,25.91,547.5,523
4773,159.25926,Balisee_4,1575.99,1616.06,24.93,17.82,444.26,404
4773,159.25926,Balisee_2,1116.53,1579.38,20.04,14.77,295.91,357
4773,159.25926,Balisee_1,1266.73,1301.07,15.15,19.35,293.1,365
4773,159.25926,Balisee_5,1202.87,1004.62,28.55,21.81,622.52,559
4774,159.29263,Balisee_3,2716.39,1260.11,21.07,25.89,545.46,531
4774,159.29263,Balisee_4,1575.74,1616.04,24.28,17.6,427.38,389
4774,159.29263,Balisee_2,1116.31,1579.39,20.28,14.81,300.35,356
4774,159.29263,Balisee_1,1266.85,1300.97,15.43,19.46,300.23,352
4774,159.29263,Balisee_5,1202.72,1004.25,28.37,21.6,612.78,555
4775,159.32599,Balisee_3,2716.34,1260.31,20.99,25.86,542.69,522
4775,159.32599,Balisee_4,1575.22,1615.93,23.82,17.56,418.15,377
4775,159.32599,Balisee_2,1115.87,1579.39,20.76,14.81,307.39,357
4775,159.32599,Balisee_1,1266.97,1301.14,15.53,19.48,302.59,359
4775,159.32599,Balisee_5,1202.59,1003.85,28.23,21.25,600.02,561
4776,159.35936,Balisee_3,2716.43,1260.46,20.93,25.94,542.98,535
4776,159.35936,Balisee_4,1575.48,1615.98,23.78,17.06,405.69,376
4776,159.35936,Balisee_2,1115.87,1579.33,20.67,14.68,303.46,357
4776,159.35936,Balisee_1,1267.06,1301.33,15.47,19.24,297.71,351
4777,159.39273,Balisee_3,2716.27,1260.69,20.66,25.75,531.97,529
4777,159.39273,Balisee_4,1575.36,1615.73,24.26,17.1,414.92,380
4777,159.39273,Balisee_2,1115.68,1579.27,20.64,14.58,301.05,354
4777,159.39273,Balisee_1,1267.08,1301.49,15.69,19.47,305.37,359
4777,159.39273,Balisee_5,1202.53,1003.09,28.29,21.43,606.15,543
4778,159.42609,Balisee_3,2716.13,1261.08,20.67,25.72,531.55,530
4778,159.42609,Balisee_4,1575.28,1615.5,24.14,17.51,422.72,382
4778,159.42609,Balisee_2,1115.53,1579.3,20.91,14.64,306.16,350
4778,159.42609,Balisee_5,1202.6,1002.82,28.18,21.5,605.88,555
4778,159.42609,Balisee_1,1267.02,1301.56,15.27,19.32,295.07,347
4779,159.45946,Balisee_3,2716.16,1261.57,20.59,25.47,524.43,541
4779,159.45946,Balisee_4,1575.11,1615.53,24.2,18.15,439.28,401
4779,159.45946,Balisee_2,1115.36,1579.35,21.02,14.75,310.04,350
4779,159.45946,Balisee_5,1202.82,1003.05,28.65,22.03,631.18,562
4779,159.45946,Balisee_1,1267.19,1301.81,15.61,19.62,306.32,346
4780,159.49283,Balisee_3,2716.06,1261.86,20.4,25.45,519.28,532
4780,159.49283,Balisee_4,1574.97,1615.59,24.66,18.73,462.05,415
4780,159.49283,Balisee_2,1115.22,1579.36,20.96,14.76,309.27,363
4780,159.49283,Balisee_1,1267.24,1301.9,15.39,19.22,295.77,337
4780,159.49283,Balisee_5,1202.78,1002.92,28.8,22.07,635.69,583
4781,159.52619,Balisee_3,2716.15,1262.22,20.53,25.42,521.71,546
4781,159.52619,Balisee_4,1574.66,1615.65,24.57,19.16,470.73,419
4781,159.52619,Balisee_2,1115.08,1579.36,20.67,14.75,304.8,361
4781,159.52619,Balisee_1,1267.34,1302.51,15.74,19.09,300.49,339
4781,159.52619,Balisee_5,1202.97,1002.71,29.21,22.49,656.78,587
4782,159.55956,Balisee_3,2716.04,1262.31,20.45,25.25,516.28,548
4782,159.55956,Balisee_4,1574.48,1615.72,25.05,19.99,500.8,444
4782,159.55956,Balisee_2,1114.84,1579.31,20.53,14.66,300.84,370
4782,159.55956,Balisee_1,1267.65,1302.52,15.3,18.61,284.81,339
4782,159.55956,Balisee_5,1202.81,1002.47,29.42,22.9,673.69,609
4783,159.59293,Balisee_3,2716.08,1262.53,20.43,25.13,513.45,544
4783,159.59293,Balisee_4,1574.37,1615.93,25.0,20.01,500.29,430
4783,159.59293,Balisee_2,1114.66,1579.33,20.35,14.7,299.1,368
4783,159.59293,Balisee_1,1268.01,1302.86,15.05,18.67,280.9,330
4783,159.59293,Balisee_5,1202.63,1002.5,29.79,23.71,706.52,650
4784,159.62629,Balisee_3,2715.92,1262.73,20.59,25.01,514.99,541
4784,159.62629,Balisee_4,1574.27,1616.05,24.66,20.1,495.75,424
4784,159.62629,Balisee_2,1114.54,1579.24,20.0,14.51,290.27,362
4784,159.62629,Balisee_1,1267.99,1303.27,15.08,18.65,281.13,327
4784,159.62629,Balisee_5,1202.33,1002.59,30.02,23.96,719.44,665
4785,159.65966,Balisee_3,2715.99,1262.86,20.53,24.8,509.25,535
4785,159.65966,Balisee_4,1574.3,1615.97,24.39,19.41,473.22,418
4785,159.65966,Balisee_2,1114.28,1579.29,19.88,14.6,290.25,355
4785,159.65966,Balisee_5,1202.78,1002.44,29.57,23.94,707.69,668
4785,159.65966,Balisee_1,1268.21,1303.8,14.88,18.77,279.41,331
4786,159.69303,Balisee_3,2716.1,1263.1,20.43,24.74,505.51,527
4786,159.69303,Balisee_4,1574.44,1615.82,24.36,18.54,451.54,415
4786,159.69303,Balisee_2,1114.3,1579.26,20.0,14.56,291.16,356
4786,159.69303,Balisee_5,1202.82,1002.69,29.25,24.1,704.93,647
4786,159.69303,Balisee_1,1268.42,1304.19,14.65,18.76,274.78,325
4787,159.72639,Balisee_3,2716.21,1263.2,20.48,24.83,508.58,522
4787,159.72639,Balisee_4,1574.08,1615.99,23.61,18.03,425.66,389
4787,159.72639,Balisee_2,1114.02,1579.17,19.84,14.39,285.53,358
4787,159.72639,Balisee_1,1268.76,1304.25,14.46,18.5,267.48,315
4787,159.72639,Balisee_5,1202.58,1003.09,28.72,24.03,690.19,628
4788,159.75976,Balisee_3,2716.23,1263.35,20.39,24.66,502.78,518
4788,159.75976,Balisee_4,1573.96,1616.17,23.46,17.48,410.12,380
4788,159.75976,Balisee_2,1114.01,1579.12,19.87,14.3,284.21,359
4788,159.75976,Balisee_1,1268.97,1304.69,14.63,18.9,276.6,322
4788,159.75976,Balisee_5,1202.42,1002.97,28.83,23.68,682.84,578
4789,159.79313,Balisee_3,2716.36,1263.74,20.64,24.79,511.64,531
4789,159.79313,Balisee_4,1573.97,1615.97,23.46,16.92,396.97,372
4789,159.79313,Balisee_2,1114.11,1579.12,20.1,14.3,287.44,357
4789,159.79313,Balisee_1,1269.02,1304.93,14.73,18.98,279.67,326
4789,159.79313,Balisee_5,1202.43,1003.11,28.84,22.91,660.76,571
4790,159.82649,Balisee_3,2716.54,1264.21,20.53,24.78,508.74,534
4790,159.82649,Balisee_4,1573.81,1615.89,23.23,17.01,395.05,365
4790,159.82649,Balisee_2,1113.94,1579.06,20.08,14.2,285.1,357
4790,159.82649,Balisee_1,1269.08,1305.2,15.11,19.63,296.59,339
4790,159.82649,Balisee_5,1202.38,1002.84,28.53,21.74,620.29,556
4791,159.85986,Balisee_3,2716.55,1264.28,20.69,24.75,512.04,540
4791,159.85986,Balisee_4,1573.77,1615.76,23.24,17.21,399.89,366
4791,159.85986,Balisee_2,1114.13,1579.06,20.24,14.28,288.99,356
4791,159.85986,Balisee_1,1269.32,1305.41,15.4,20.03,308.44,335
4791,159.85986,Balisee_5,1202.34,1002.73,28.89,21.9,632.74,549
4792,159.89323,Balisee_3,2716.91,1264.85,21.06,24.82,522.58,552
4792,159.89323,Balisee_4,1573.78,1615.85,23.6,17.64,416.18,374
4792,159.89323,Balisee_2,1114.05,1579.02,20.16,14.23,286.84,350
4792,159.89323,Balisee_5,1202.45,1002.8,29.1,21.58,627.88,547
4792,159.89323,Balisee_1,1269.69,1306.08,15.55,21.0,326.55,339
4793,159.92659,Balisee_3,2716.97,1265.37,21.28,24.86,529.0,560
4793,159.92659,Balisee_4,1573.42,1616.06,23.88,17.76,424.29,388
4793,159.92659,Balisee_2,1113.77,1579.08,19.86,14.34,284.87,348
4793,159.92659,Balisee_5,1202.15,1002.93,29.59,21.26,628.96,557
4793,159.92659,Balisee_1,1269.91,1306.31,15.2,21.0,319.13,340
